# Blender 5.2.2 LTS
# www.blender.org
mtllib Cuerpo.mtl
o cuerpo
v -5.422008 3.525409 -1.300000
v -4.814833 3.951172 -1.300000
v -5.752498 4.888837 -1.300000
v -5.422008 3.525409 -0.000000
v -6.309893 4.588183 -1.300000
v -6.309893 4.588183 -0.000000
v -6.005946 4.752131 -0.772000
v -5.958952 4.777477 -1.029163
v -5.825126 4.849662 -1.247175
v -4.880552 3.905088 -1.247175
v -5.001648 3.820173 -1.029163
v -5.044171 3.790355 -0.772000
v -5.001648 3.820173 -0.514837
v -5.958952 4.777477 -0.514837
v -6.011680 4.747824 -0.000000
v -5.825126 4.849662 -0.296824
v -5.624842 4.957694 -0.151153
v -4.880552 3.905088 -0.296824
v -4.699320 4.032172 -0.151153
v -5.388590 5.085126 -0.100000
v -4.485541 4.182078 -0.100000
v -4.301763 4.311983 -0.151153
v -5.182338 5.192558 -0.151153
v -4.301208 4.311409 -0.000000
v -5.213109 5.179536 -0.000000
v -5.213109 5.179536 0.650000
v -4.301208 4.311409 0.650000
v -4.301208 4.311409 1.600000
v -5.066008 3.775409 1.600000
v -5.213109 5.179536 1.600000
v -6.011680 4.747824 0.650000
v -6.011680 4.747824 1.600000
v -6.326749 4.538671 1.600000
v -5.381076 3.566255 1.600000
v -6.326749 4.538671 0.650000
v -5.381076 3.566255 0.650000
v -5.066008 3.775409 0.650000
v -5.066008 3.775409 -0.000000
v 1.541247 5.211379 0.638197
v 1.541247 5.138724 0.861803
v 1.541247 4.903610 0.861803
v 1.541247 4.830956 0.638197
v 1.541247 5.205828 0.760000
v 1.541247 5.021167 0.894164
v 1.541247 5.135294 0.542918
v 1.541247 4.836507 0.760000
v 1.541247 5.021167 0.500000
v 1.541247 4.907042 0.542918
v 1.541232 5.293170 0.611621
v 1.341365 5.293170 0.611621
v 1.541232 5.189274 0.931379
v 1.341365 5.189274 0.931379
v 1.341365 5.021167 0.414000
v 1.541232 5.021167 0.414000
v 1.541232 5.184369 0.475373
v 1.541232 4.853061 0.931379
v 1.541232 4.757103 0.785800
v 1.541232 4.749166 0.611621
v 1.541232 4.857967 0.475373
v 1.541232 5.021167 0.977655
v 1.541232 5.285233 0.785800
v 1.341365 4.853061 0.931379
v 1.341365 4.749166 0.611621
v 1.341365 5.285233 0.785800
v 1.341365 5.021167 0.977655
v 1.341365 5.184369 0.475373
v 1.341365 4.757103 0.785800
v 1.341365 4.857967 0.475373
v 1.576380 5.097705 0.528782
v 1.601497 5.135294 0.542918
v 1.561156 5.021167 0.500000
v 1.561156 5.021168 0.500000
v 1.576380 4.944633 0.873095
v 1.603789 4.903610 0.861803
v 1.561156 5.021167 0.894164
v 1.561156 5.021168 0.894164
v 1.576380 5.097705 0.873095
v 1.603789 5.138724 0.861803
v 1.684448 4.836507 0.760000
v 1.619735 4.879747 0.825600
v 1.711942 5.211379 0.638197
v 1.684619 5.205944 0.631391
v 1.619735 5.162590 0.577099
v 1.684619 5.205944 0.757464
v 1.684446 5.205828 0.760000
v 1.619735 4.879747 0.577098
v 1.601497 4.907042 0.542918
v 1.684619 4.836393 0.631389
v 1.711948 4.830956 0.638197
v 1.619735 5.162590 0.825598
v 1.684619 4.836393 0.757490
v 1.576380 4.944633 0.528782
v -1.207734 4.885489 0.834310
v -1.207734 4.935359 0.870543
v -1.207734 5.106977 0.870543
v -1.207734 5.156847 0.834310
v -1.207734 5.209880 0.671091
v -1.207734 5.190831 0.612465
v -1.207734 5.051990 0.511591
v -1.207734 4.990346 0.511591
v -1.207734 4.851504 0.612465
v -1.207734 4.832455 0.671092
v -1.207734 5.187706 0.787494
v -1.207734 5.207328 0.727105
v -1.207734 4.989419 0.885424
v -1.207734 5.052917 0.885424
v -1.207734 5.155842 0.568650
v -1.207734 5.104472 0.531327
v -1.207734 4.937863 0.531327
v -1.207734 4.886493 0.568650
v -1.207734 4.835008 0.727105
v -1.207734 4.854630 0.787494
v 1.341349 5.156847 0.834310
v 1.341349 5.106977 0.870543
v 1.341349 5.190831 0.612465
v 1.341349 5.209880 0.671091
v 1.341349 4.935359 0.870543
v 1.341349 4.885489 0.834310
v 1.341349 4.832455 0.671092
v 1.341349 4.851504 0.612465
v 1.341349 5.207328 0.727105
v 1.341349 5.187706 0.787494
v 1.341349 5.052917 0.885424
v 1.341349 4.989419 0.885424
v 1.341349 5.104472 0.531327
v 1.341349 5.155842 0.568650
v 1.341349 4.854630 0.787494
v 1.341349 4.835008 0.727105
v 1.341349 4.886493 0.568650
v 1.341349 4.937863 0.531327
v 1.341349 4.990346 0.511591
v 1.341349 5.051991 0.511591
v 1.561156 5.021168 0.442360
v 1.561156 5.021168 0.962360
v 1.576380 5.097705 0.442360
v 1.576380 4.944633 0.962360
v 1.576380 4.944633 0.442360
v 1.619735 4.879747 0.442360
v 1.619735 4.879747 0.962360
v 1.684619 4.836393 0.962360
v 1.684619 4.836393 0.442360
v 1.761156 4.821168 0.962360
v 1.837693 4.836392 0.962360
v 1.761156 4.821168 0.442360
v 1.837693 4.836392 0.442360
v 1.902577 4.879747 0.442360
v 1.902577 4.879747 0.962360
v 1.945932 4.944633 0.962360
v 1.945932 4.944633 0.442360
v 1.961156 5.021168 0.962360
v 1.945932 5.097705 0.962360
v 1.961156 5.021168 0.442360
v 1.945932 5.097705 0.442360
v 1.902577 5.162590 0.442360
v 1.902577 5.162590 0.962360
v 1.837693 5.205944 0.962360
v 1.837693 5.205944 0.442360
v 1.761156 5.221169 0.962360
v 1.684619 5.205944 0.962360
v 1.761156 5.221169 0.442360
v 1.684619 5.205944 0.442360
v 1.619735 5.162590 0.442360
v 1.619735 5.162590 0.962360
v 1.576380 5.097705 0.962360
v -0.592854 5.944338 0.700000
v -0.553090 5.809339 0.768875
v -0.592854 5.809339 0.700000
v -0.553090 5.809339 0.631126
v -0.553090 5.944338 0.631126
v -0.553090 5.944338 0.768875
v -0.433795 5.944338 0.700000
v -0.473560 5.809339 0.768875
v -0.473560 5.944338 0.768875
v -0.433795 5.809339 0.700000
v -0.473560 5.809339 0.631126
v -0.434461 5.800767 0.683543
v -0.473542 5.809303 0.631095
v -0.433759 5.809303 0.700000
v -0.459640 5.800767 0.760070
v -0.434461 5.800767 0.716458
v -0.434461 5.650767 0.716458
v -0.459640 5.650767 0.760070
v -0.427768 5.650767 0.776285
v -0.404482 5.650767 0.735952
v -0.434461 5.650767 0.683543
v -0.459640 5.650767 0.639931
v -0.404482 5.650767 0.664048
v -0.404482 5.191567 0.735952
v -0.427768 5.650767 0.623716
v -0.404482 5.191567 0.664048
v -0.427768 5.191567 0.623716
v -0.490039 5.650767 0.587763
v -0.490039 5.191567 0.587763
v -0.536611 5.650767 0.587763
v -0.536611 5.191567 0.587763
v -0.598882 5.191567 0.623716
v -0.598882 5.650767 0.623716
v -0.622168 5.191567 0.664048
v -0.622168 5.191567 0.735952
v -0.622168 5.650767 0.664048
v -0.622168 5.650767 0.735952
v -0.598882 5.650767 0.776285
v -0.567010 5.650767 0.760070
v -0.592189 5.650767 0.716458
v -0.592189 5.650767 0.683543
v -0.567010 5.650767 0.639931
v -0.567010 5.800767 0.639931
v -0.592189 5.800767 0.683543
v -0.592189 5.800767 0.716458
v -0.592890 5.809303 0.700000
v -0.567010 5.800767 0.760070
v -0.553108 5.809303 0.768906
v -0.538505 5.800767 0.776528
v -0.488145 5.800767 0.776528
v -0.538505 5.650767 0.776528
v -0.473543 5.809303 0.768906
v -0.488145 5.650767 0.776528
v -0.490039 5.650767 0.812237
v -0.536611 5.650767 0.812237
v -0.490039 5.191567 0.812237
v -0.536611 5.191567 0.812237
v -0.598882 5.191567 0.776285
v -0.427768 5.191567 0.776285
v -0.538505 5.650767 0.623473
v -0.538505 5.800767 0.623473
v -0.553108 5.809303 0.631095
v -0.488145 5.800767 0.623473
v -0.488145 5.650767 0.623473
v -0.459640 5.800767 0.639931
v -0.473560 5.944338 0.631126
v -0.601476 4.949627 1.409348
v -0.601476 4.949627 0.850148
v -0.619574 4.980975 0.850148
v -0.531424 4.909183 1.409348
v -0.526182 4.944892 1.409348
v -0.573171 4.972022 1.409348
v -0.586028 4.994290 1.409348
v -0.619574 4.980975 1.409348
v -0.619574 5.061864 1.409348
v -0.619574 5.061864 0.850148
v -0.586028 5.048549 1.409348
v -0.586028 5.048549 1.809348
v -0.586028 4.994290 1.809348
v -0.573171 5.070817 1.409348
v -0.601476 5.093211 1.409348
v -0.531424 5.133657 1.409348
v -0.601476 5.093211 0.850148
v -0.531424 5.133657 0.850148
v -0.495226 5.133657 0.850148
v -0.495226 5.133657 1.409348
v -0.425174 5.093211 0.850148
v -0.425174 5.093211 1.409348
v -0.407076 5.061864 0.850148
v -0.407076 4.980975 0.850148
v -0.407076 5.061864 1.409348
v -0.407076 4.980975 1.409348
v -0.440622 5.048549 1.409348
v -0.453478 5.070817 1.409348
v -0.440622 4.994290 1.409348
v -0.440622 5.048549 1.809348
v -0.440622 4.994290 1.809348
v -0.453479 4.972022 1.809348
v -0.500469 4.944892 1.809348
v -0.526182 4.944892 1.809348
v -0.453479 4.972022 1.409348
v -0.500469 4.944892 1.409348
v -0.495226 4.909183 1.409348
v -0.495226 4.909183 0.850148
v -0.531424 4.909183 0.850148
v -0.425174 4.949627 1.409348
v -0.425174 4.949627 0.850148
v -0.573171 5.070817 1.809348
v -0.573171 4.972022 1.809348
v -0.526182 5.097946 1.809348
v -0.526182 5.097946 1.409348
v -0.500468 5.097946 1.809348
v -0.453478 5.070817 1.809348
v -0.500468 5.097946 1.409348
v -1.113326 4.847329 0.772005
v -1.113326 4.888117 0.833049
v -1.113327 4.814301 0.785686
v -1.113326 4.833007 0.700000
v -1.113327 4.797256 0.700000
v -1.113326 4.847329 0.627994
v -1.113327 4.814301 0.614313
v -1.113326 4.888117 0.566950
v -1.113327 4.862838 0.541671
v -1.113326 4.949162 0.526162
v -1.113327 4.935480 0.493133
v -1.398327 4.862838 0.541671
v -1.398327 4.935480 0.493133
v -1.398327 5.021166 0.420652
v -1.398327 4.823639 0.502471
v -1.398327 4.914265 0.441916
v -1.398327 5.021166 0.476089
v -1.398327 5.106853 0.493133
v -1.398327 5.128068 0.441916
v -1.113327 5.021166 0.476089
v -1.113327 5.106853 0.493133
v -1.113326 5.093172 0.526162
v -1.113327 5.179495 0.541671
v -1.398327 5.179495 0.541671
v -1.113326 5.154215 0.566950
v -1.113326 5.195004 0.627994
v -1.113327 5.228033 0.614313
v -1.113326 5.209326 0.700000
v -1.113327 5.245077 0.700000
v -1.113326 5.195004 0.772005
v -1.113327 5.228033 0.785686
v -1.113326 5.154216 0.833049
v -1.113327 5.179495 0.858328
v -1.398327 5.179495 0.858328
v -1.398327 5.228033 0.785686
v -1.113327 5.106853 0.906866
v -1.398327 5.106853 0.906866
v -1.398327 5.021166 0.923910
v -1.398327 5.128068 0.958081
v -1.398327 5.021166 0.979345
v -1.398327 5.218694 0.897527
v -1.442624 5.126716 0.958081
v -1.446698 5.139257 0.948782
v -1.409444 5.024600 0.978595
v -1.408328 5.021166 0.979345
v -1.408328 5.021166 0.979345
v -1.398327 4.914265 0.958081
v -1.438619 4.927939 0.960801
v -1.442623 4.915617 0.958081
v -1.398327 4.823639 0.897527
v -1.461804 4.856586 0.918247
v -1.474005 4.847721 0.912075
v -1.499314 4.829332 0.897527
v -1.541503 4.798680 0.848092
v -1.572806 4.775938 0.806900
v -1.398327 4.763084 0.806900
v -1.583738 4.767995 0.762922
v -1.597865 4.757731 0.699999
v -1.587315 4.765396 0.657234
v -1.398327 4.741820 0.699999
v -1.398327 4.797256 0.700000
v -1.398327 4.814301 0.614313
v -1.572806 4.775937 0.593098
v -1.398327 4.763084 0.593098
v -1.499314 4.829332 0.502471
v -1.528374 4.808219 0.539886
v -1.461804 4.856586 0.482848
v -1.446698 4.903076 0.451215
v -1.442623 4.915617 0.441916
v -1.409444 5.017734 0.421403
v -1.408328 5.021166 0.420653
v -1.408328 5.021166 0.420652
v -1.438620 5.114393 0.439196
v -1.442624 5.126716 0.441916
v -1.398327 5.218694 0.502471
v -1.461803 5.185745 0.481749
v -1.499317 5.213000 0.502471
v -1.474007 5.194613 0.487922
v -1.398327 5.279249 0.593098
v -1.541505 5.243652 0.551904
v -1.572809 5.266396 0.593098
v -1.398327 5.300513 0.699998
v -1.583741 5.274338 0.637075
v -1.597868 5.284602 0.699998
v -1.587318 5.276937 0.742762
v -1.398327 5.279249 0.806900
v -1.398327 5.245077 0.700000
v -1.572809 5.266396 0.806900
v -1.528378 5.234114 0.860110
v -1.499317 5.213000 0.897527
v -1.461803 5.185745 0.917150
v -1.398327 5.228033 0.614313
v -1.398327 4.814301 0.785686
v -1.398327 4.862838 0.858328
v -1.398327 4.935480 0.906866
v -1.113327 4.862838 0.858328
v -1.113326 4.949162 0.873837
v -1.113327 4.935480 0.906866
v -1.113327 5.021166 0.923910
v -1.113326 5.021166 0.888160
v -1.113326 5.093172 0.873837
v -1.113326 5.021166 0.511840
v -1.852440 5.140400 1.499999
v -1.852440 5.140400 1.699999
v -1.891182 5.021166 1.699999
v -1.751013 5.214091 1.499999
v -1.751013 5.214091 1.599999
v -1.891182 5.021166 1.499999
v -1.852440 4.901931 1.499999
v -1.751013 4.828240 1.500000
v -1.852440 4.901931 1.699999
v -1.625643 4.828240 1.699999
v -1.751013 4.828240 1.699999
v -1.625643 5.214091 1.699999
v -1.751013 5.214091 1.699999
v -1.625643 5.214091 1.599999
v -1.719569 5.214091 1.668555
v -1.657087 5.214091 1.668555
v -1.524216 5.140400 1.699999
v -1.485474 5.021166 1.699999
v -1.524216 5.140400 1.499999
v -1.485474 5.021166 1.499999
v -1.524216 4.901931 1.699999
v -1.524216 4.901931 1.499999
v -1.625643 4.828240 1.499999
v -1.625643 5.214091 1.499999
v -1.657087 5.214091 1.631443
v -1.663335 5.714091 1.664844
v -1.713321 5.714091 1.664844
v -1.713321 5.714091 1.635154
v -1.663335 5.714091 1.635154
v -1.719569 5.214091 1.631443
v -1.968328 5.021166 0.086666
v -1.914853 4.856586 0.086666
v -1.968328 5.021166 1.313333
v -1.914853 5.185745 0.086666
v -1.914853 5.185745 1.313333
v -1.774853 5.287461 0.086666
v -1.774853 5.287461 1.313333
v -1.601803 5.287461 0.086666
v -1.601803 5.287461 1.313333
v -1.461803 5.185745 0.086666
v -1.461803 5.185745 1.313333
v -1.408328 5.021166 0.086666
v -1.408328 5.021166 1.313333
v -1.461804 4.856586 0.086666
v -1.461804 4.856586 1.313333
v -1.601803 4.754870 0.086666
v -1.601803 4.754870 1.313333
v -1.774853 4.754870 0.086666
v -1.774853 4.754870 1.313333
v -1.914853 4.856586 1.313333
v -2.156041 5.319362 1.412318
v -2.756041 5.319361 1.412318
v -2.156041 5.288329 1.515331
v -2.756041 5.319361 -0.012318
v -2.156041 5.319362 -0.012318
v -2.156041 4.833312 1.558000
v -2.156041 5.213411 -0.158000
v -2.156041 4.758394 -0.115331
v -2.756041 5.288329 -0.115331
v -2.156041 5.288329 -0.115331
v -2.756041 5.213411 -0.158000
v -2.756041 4.833312 -0.158000
v -2.756041 4.758394 1.515331
v -2.156041 4.833312 -0.158000
v -2.756041 4.727361 -0.012318
v -2.756041 4.758394 -0.115331
v -2.156041 4.727361 -0.012318
v -2.756041 4.727361 1.412318
v -2.156041 4.727361 1.412318
v -2.156041 4.758394 1.515331
v -2.756041 4.833312 1.558000
v -2.156041 5.213411 1.558000
v -2.756041 5.213411 1.558000
v -2.756041 5.288329 1.515331
v -3.036040 4.993362 0.067091
v -3.036040 5.059816 0.084897
v -3.036040 4.993362 0.018000
v -3.036040 4.926908 0.084897
v -3.036040 4.902362 0.042383
v -2.936041 5.059816 0.084897
v -2.936041 4.993362 0.067091
v -2.936041 4.926908 0.084897
v -2.936041 5.108464 0.133545
v -2.936041 4.878259 0.133545
v -3.036040 4.860452 0.200000
v -3.036040 4.878259 0.133545
v -2.936041 4.993362 0.332909
v -2.936041 4.878259 0.266454
v -2.936041 4.860452 0.200000
v -3.036040 4.878259 0.266454
v -3.036040 4.902362 0.357617
v -3.036040 4.835745 0.291000
v -3.036040 4.926908 0.315103
v -3.036040 4.993362 0.332909
v -2.936041 4.926908 0.315103
v -3.036040 5.059816 0.315103
v -3.036040 5.084362 0.357617
v -3.036040 4.993362 0.382000
v -2.856040 4.993362 0.382000
v -2.856040 5.084362 0.357617
v -2.856040 4.902361 0.357617
v -2.856040 5.102562 0.389140
v -2.856040 4.993362 0.418400
v -2.756040 4.993362 0.418400
v -2.756040 4.884161 0.389140
v -2.856040 4.884161 0.389140
v -2.856040 4.804223 0.309200
v -2.856040 4.774962 0.200000
v -2.856040 4.835745 0.291000
v -2.756040 4.804220 0.309200
v -2.756040 4.774962 0.200000
v -2.756040 4.804220 0.090800
v -2.856040 4.804223 0.090800
v -2.756040 4.884161 0.010860
v -2.756040 4.993362 -0.018400
v -2.856040 4.993362 -0.018400
v -2.856040 4.884161 0.010860
v -2.856040 4.902361 0.042383
v -2.856040 4.993362 0.018000
v -2.856040 4.835745 0.109000
v -3.036040 4.835745 0.109000
v -3.036040 4.811361 0.200000
v -2.856040 4.811361 0.200000
v -2.856040 5.084362 0.042383
v -2.856040 5.102562 0.010860
v -2.756040 5.102562 0.010860
v -2.756040 5.182501 0.090800
v -2.856040 5.182501 0.090800
v -2.756040 5.211762 0.200000
v -2.856040 5.211762 0.200000
v -2.856040 5.150978 0.109000
v -2.856040 5.175362 0.200000
v -3.036040 5.150978 0.109000
v -3.036040 5.175362 0.200000
v -2.856040 5.150978 0.291000
v -2.856040 5.182501 0.309200
v -2.756040 5.102562 0.389140
v -2.756040 5.182501 0.309200
v -3.036040 5.150978 0.291000
v -3.036040 5.126271 0.200000
v -3.036040 5.108464 0.266455
v -2.936041 5.059816 0.315103
v -2.936041 5.108464 0.266455
v -2.936041 5.126271 0.200000
v -3.036040 5.108464 0.133545
v -3.036040 5.084362 0.042383
v -2.336041 4.787362 -0.316000
v -2.336041 4.907362 -0.316000
v -2.576041 4.907362 -0.316000
v -2.576041 4.787362 -0.316000
v -2.336041 4.787362 -0.156000
v -2.336041 4.907362 -0.156000
v -2.576041 4.787362 -0.156000
v -2.576041 4.907362 -0.156000
v -2.576041 5.027362 -0.156000
v -2.336041 5.027362 -0.156000
v -2.756041 5.143362 1.300000
v -2.856041 5.143362 1.300000
v -2.756041 4.903362 1.300000
v -2.856041 5.143362 0.500000
v -2.856041 5.143362 0.900000
v -2.756041 5.143362 0.500000
v -2.756041 4.903362 0.500000
v -2.856041 4.903362 0.900000
v -2.856041 4.903362 1.300000
v -2.856041 4.903362 0.500000
v -2.856041 5.071821 0.571541
v -2.856041 4.974903 0.571541
v -2.856041 4.974903 0.735770
v -2.856041 5.071821 0.735770
v -2.856041 5.071821 0.900000
v -2.786040 4.994287 0.604387
v -2.786040 4.994287 0.702925
v -2.856041 4.974903 0.900000
v -2.856041 5.071821 1.064229
v -2.856041 4.974903 1.064229
v -2.786040 4.994287 1.097075
v -2.856041 4.974903 1.228459
v -2.856041 5.071821 1.228459
v -2.786040 4.994287 1.195613
v -2.786040 5.052438 1.195613
v -2.786040 5.052438 1.097075
v -2.786040 5.052438 0.702925
v -2.786040 5.052438 0.604387
v -1.706041 4.738361 0.086666
v -1.870620 4.791835 0.086666
v -1.706041 4.710361 0.086666
v -1.541461 4.791836 0.086666
v -1.525003 4.769183 0.086666
v -1.413115 4.923183 0.086666
v -1.525003 4.769183 -0.100001
v -1.439745 4.931836 0.086666
v -1.439745 5.104885 0.086666
v -1.541461 5.244885 0.086666
v -1.413115 5.113538 0.086666
v -1.413115 4.923183 -0.100001
v -1.525003 5.267538 0.086666
v -1.413115 5.113538 -0.100001
v -1.706041 5.326361 -0.100001
v -1.998966 5.113538 -0.100001
v -1.525003 5.267538 -0.100001
v -1.706041 5.326361 0.086666
v -1.887078 5.267538 0.086666
v -1.706041 5.298360 0.086666
v -1.870620 5.244885 0.086666
v -1.972336 5.104885 0.086666
v -1.998966 5.113538 0.086666
v -1.998966 4.923183 0.086666
v -2.156111 5.113538 -0.100001
v -2.156111 5.113538 0.086666
v -2.156111 5.267538 0.086666
v -2.156111 5.267538 -0.100001
v -1.887078 5.267538 -0.100001
v -1.998966 4.923183 -0.100001
v -2.156111 4.923183 0.086666
v -2.156111 4.769183 0.086666
v -1.972336 4.931836 0.086666
v -1.887078 4.769183 0.086666
v -1.887078 4.769183 -0.100001
v -2.156111 4.769183 -0.100001
v -2.156111 4.923183 -0.100001
v -1.706041 4.710361 -0.100001
v -1.706041 4.738361 1.313333
v -1.706041 4.710361 1.313333
v -1.525003 4.769183 1.313333
v -1.870620 4.791835 1.313333
v -1.541461 4.791836 1.313333
v -1.439745 4.931836 1.313333
v -1.439745 5.104885 1.313333
v -1.413115 4.923183 1.313333
v -1.413115 5.113538 1.500000
v -1.525003 4.769183 1.499999
v -1.413115 4.923183 1.500000
v -1.413115 5.113538 1.313333
v -1.541461 5.244885 1.313333
v -1.525003 5.267538 1.313333
v -1.525003 5.267538 1.499999
v -1.513115 5.081046 1.499999
v -1.586806 5.182473 1.499999
v -1.706041 5.326361 1.499999
v -1.706041 5.221214 1.499999
v -1.706041 5.326361 1.313333
v -1.887078 5.267538 1.499999
v -1.887078 5.267538 1.313333
v -1.998966 5.113538 1.499999
v -2.156111 5.267538 1.499999
v -1.825275 5.182473 1.499999
v -1.898966 5.081046 1.499999
v -1.898966 4.955675 1.499999
v -1.998966 4.923183 1.499999
v -1.825275 4.854248 1.499999
v -1.706041 4.815507 1.499999
v -1.706041 4.710361 1.499999
v -1.887078 4.769183 1.499999
v -1.887078 4.769183 1.313333
v -2.156111 4.769183 1.499999
v -2.156111 4.769183 1.313333
v -2.156111 4.923183 1.313333
v -1.998966 4.923183 1.313333
v -1.998966 5.113538 1.313333
v -2.156111 4.923183 1.499999
v -1.972336 4.931836 1.313333
v -1.972336 5.104885 1.313333
v -1.870620 5.244885 1.313333
v -1.706041 5.298360 1.313333
v -2.156111 5.113538 1.313333
v -2.156111 5.267538 1.313333
v -2.156111 5.113538 1.499999
v -1.586806 4.854249 1.499999
v -1.513115 4.955675 1.500000
v -3.498844 4.915747 0.869842
v -3.412242 4.865747 0.869842
v -3.498844 4.945747 0.870842
v -3.585446 4.865747 0.869842
v -3.498844 4.915747 1.039842
v -3.585446 4.865747 1.039842
v -3.585446 4.765747 1.039842
v -3.412242 4.765747 1.039842
v -3.498844 4.715747 1.039842
v -3.585446 4.765747 0.869842
v -3.498844 4.715747 0.869842
v -3.611427 4.750747 0.870842
v -3.498844 4.685747 0.870842
v -3.611427 4.880747 0.870842
v -3.611427 4.750747 0.728842
v -3.498844 4.685747 0.728842
v -3.386261 4.750747 0.728842
v -3.611427 4.880747 0.728842
v -3.386261 4.880747 0.728842
v -3.386261 4.880747 0.870842
v -3.386261 4.750747 0.870842
v -3.498844 4.945747 0.728842
v -3.412242 4.765747 0.869842
v -3.412242 4.865747 1.039842
v -3.663844 4.695747 0.899842
v -3.611430 4.862816 0.899842
v -3.611430 4.695747 0.899842
v -3.663844 4.695747 0.699842
v -3.663844 4.862816 0.899842
v -3.663844 4.862816 0.699842
v -3.663844 4.915747 0.752773
v -3.663844 4.908656 0.873376
v -3.663844 4.889281 0.892750
v -3.663844 4.915747 0.846910
v -3.611430 4.915747 0.846910
v -3.611430 4.908656 0.873376
v -3.611430 4.889281 0.892750
v -3.611430 4.915747 0.752773
v -3.663844 4.908656 0.726308
v -3.611430 4.889281 0.706933
v -3.611430 4.908656 0.726308
v -3.663844 4.889281 0.706933
v -3.611430 4.695747 0.699842
v -3.611430 4.862816 0.699842
v -3.333844 4.695747 0.899842
v -3.333844 4.862816 0.899842
v -3.386259 4.695747 0.899842
v -3.333844 4.908656 0.726308
v -3.333844 4.889281 0.892750
v -3.333844 4.862816 0.699842
v -3.333844 4.695747 0.699842
v -3.386259 4.862816 0.699842
v -3.386259 4.695747 0.699842
v -3.386259 4.915747 0.846910
v -3.386259 4.889281 0.706933
v -3.386259 4.908656 0.726308
v -3.386259 4.915747 0.752773
v -3.333844 4.915747 0.752773
v -3.333844 4.889281 0.706933
v -3.333844 4.915747 0.846910
v -3.333844 4.908656 0.873376
v -3.386259 4.908656 0.873376
v -3.386259 4.889281 0.892750
v -3.386259 4.862816 0.899842
v -3.328844 4.695747 0.699842
v -3.328844 4.695747 0.899842
v -3.328844 4.635747 0.699842
v -3.668843 4.695747 0.699842
v -3.668843 4.635747 0.699842
v -3.668843 4.695747 0.899842
v -3.328844 4.635747 0.899842
v -3.668843 4.635747 0.899842
v -3.358844 4.635747 0.869842
v -3.638844 4.635747 0.869842
v -3.638844 4.635747 0.729842
v -3.358844 4.635747 0.729842
v -3.638844 4.485747 0.729842
v -3.358844 4.485747 0.729842
v -3.358844 4.485747 0.869842
v -3.638844 4.485747 0.869842
v -3.612184 4.461168 -0.327262
v -3.720063 5.181170 -0.282577
v -3.720063 4.461168 -0.282577
v -3.612184 5.181170 -0.327262
v -3.465505 4.461168 -0.327262
v -3.465505 5.181170 -0.327262
v -3.357625 4.461168 -0.282577
v -3.357625 5.181170 -0.282577
v -3.253907 4.461168 -0.178859
v -3.253907 5.181170 -0.178859
v -3.209222 4.461168 -0.070979
v -3.209222 5.181170 -0.070979
v -3.209222 4.461168 0.075699
v -3.209222 5.181170 0.075699
v -3.253907 4.461168 0.183579
v -3.253907 5.181170 0.183579
v -3.357625 4.461168 0.287297
v -3.357625 5.181170 0.287297
v -3.465505 4.461168 0.331982
v -3.465505 5.181170 0.331982
v -3.612184 4.461168 0.331982
v -3.612184 5.181170 0.331982
v -3.720063 4.461168 0.287297
v -3.720063 5.181170 0.287297
v -3.823781 4.461168 0.183579
v -3.823781 5.181170 0.183579
v -3.868466 4.461168 0.075699
v -3.868466 5.181170 0.075699
v -3.868466 4.461168 -0.070979
v -3.868466 5.181170 -0.070979
v -3.823781 4.461168 -0.178859
v -3.823781 5.181170 -0.178859
v -3.721726 5.181170 -0.033273
v -3.693357 5.181170 -0.101761
v -3.693357 5.681170 -0.101761
v -3.642965 5.181170 -0.152153
v -3.574477 5.681170 -0.180522
v -3.642965 5.681170 -0.152153
v -3.574477 5.181170 -0.180522
v -3.503212 5.181170 -0.180522
v -3.434724 5.181170 -0.152153
v -3.434724 5.681170 -0.152153
v -3.503212 5.681170 -0.180522
v -3.554372 5.681170 -0.080610
v -3.523317 5.681170 -0.080610
v -3.491155 5.681170 -0.067288
v -3.554372 7.681169 -0.080613
v -3.491155 7.681169 -0.067291
v -3.523317 7.681169 -0.080613
v -3.469195 7.681169 -0.045332
v -3.469195 5.681170 -0.045329
v -3.455874 7.681169 -0.013171
v -3.455874 5.681170 -0.013168
v -3.455874 7.681169 0.017885
v -3.621814 7.681169 0.017885
v -3.523317 7.681169 0.085327
v -3.455874 5.681170 0.017888
v -3.469195 7.681169 0.050046
v -3.469195 5.681170 0.050049
v -3.491155 7.681169 0.072006
v -3.491155 5.681170 0.072009
v -3.523317 5.681170 0.085330
v -3.434724 5.681170 0.156873
v -3.384331 5.681170 0.106481
v -3.503212 5.681170 0.185242
v -3.434724 5.181170 0.156873
v -3.384331 5.181170 0.106481
v -3.503212 5.181170 0.185242
v -3.574477 5.181170 0.185242
v -3.642965 5.181170 0.156873
v -3.642965 5.681170 0.156873
v -3.574477 5.681170 0.185242
v -3.554372 5.681170 0.085330
v -3.586533 5.681170 0.072009
v -3.586533 7.681169 0.072006
v -3.554372 7.681169 0.085327
v -3.608493 7.681169 0.050046
v -3.608493 5.681170 0.050049
v -3.621814 5.681170 0.017888
v -3.693357 5.681170 0.106481
v -3.721726 5.681170 0.037993
v -3.693357 5.181170 0.106481
v -3.721726 5.181170 0.037993
v -3.721726 5.681170 -0.033273
v -3.621814 5.681170 -0.013168
v -3.608493 5.681170 -0.045329
v -3.608493 7.681169 -0.045332
v -3.621814 7.681169 -0.013171
v -3.586533 7.681169 -0.067291
v -3.586533 5.681170 -0.067288
v -3.355962 5.181170 0.037993
v -3.355962 5.181170 -0.033273
v -3.355962 5.681170 0.037993
v -3.355962 5.681170 -0.033273
v -3.384331 5.681170 -0.101761
v -3.384331 5.181170 -0.101761
v -4.284701 4.175652 -2.300000
v -1.884702 4.175652 -2.300000
v -4.284701 3.875651 -2.600000
v -4.284701 3.466354 -2.300000
v -4.284701 4.175652 -1.800000
v -1.884702 4.175652 -1.800000
v -4.284701 3.466354 -1.800000
v -4.113999 3.295651 -1.800000
v -4.113999 3.295651 -2.300000
v -1.884702 3.295651 -1.800000
v -1.884702 3.295651 -2.300000
v -1.178846 3.295651 -1.800000
v -1.178846 3.295651 -2.300000
v 0.281154 3.295651 -1.800000
v 0.281154 3.295651 -2.300000
v 1.731154 3.295651 -1.800000
v 1.731154 3.295651 -2.300000
v 1.731154 2.995651 -1.800000
v 2.131154 2.995651 -1.800000
v 1.731154 2.995651 -2.300000
v 2.131154 2.995651 -2.300000
v 2.381155 3.295651 -1.800000
v 2.381155 3.295651 -2.300000
v 2.381155 3.890651 -1.800000
v 2.381155 3.890651 -2.300000
v 2.381155 3.890651 -3.200000
v 2.381155 3.295651 -3.200000
v 2.322576 3.890651 -3.341421
v 2.181154 3.295651 -3.400000
v 1.789733 3.295651 -3.341421
v 2.322576 3.295651 -3.341421
v 2.181154 3.890651 -3.400000
v 1.931154 3.890651 -3.400000
v 2.181154 4.090651 -3.400000
v 1.931154 3.295651 -3.400000
v 2.322576 4.090651 -3.341421
v 2.381155 4.090652 -2.300000
v 1.731154 4.090651 -3.200000
v 1.931154 4.090651 -3.400000
v 2.381155 4.090651 -3.200000
v 1.789733 3.890651 -3.341421
v 1.789733 4.090651 -3.341421
v 1.731154 3.890651 -3.200000
v 1.731154 3.890651 -2.300000
v 1.731154 3.295651 -3.200000
v 0.281154 3.890651 -2.300000
v 1.731154 4.090652 -2.300000
v 1.731154 3.890651 -1.800000
v 0.281154 3.890651 -1.800000
v -1.178846 3.875651 -2.300000
v -1.178846 3.875651 -1.800000
v -1.884702 3.875651 -2.600000
v -1.884702 3.295651 -2.600000
v -4.284701 3.466354 -2.600000
v -4.113999 3.295651 -2.600000
v -4.284701 4.175652 2.300000
v -4.284701 3.466354 2.300000
v -4.284701 3.875651 2.600000
v -1.884702 4.175652 2.300000
v -4.284701 4.175652 1.800000
v -1.884702 4.175652 1.800000
v -4.284701 3.466354 1.800000
v -4.113999 3.295651 1.800000
v -4.113999 3.295651 2.300000
v -1.884702 3.295651 1.800000
v -1.884702 3.295651 2.300000
v -1.178846 3.295651 1.800000
v -1.178846 3.295651 2.300000
v 0.281154 3.295651 1.800000
v 0.281154 3.295651 2.300000
v 1.731154 3.295651 1.800000
v 1.731154 2.995651 1.800000
v 1.731154 3.295651 2.300000
v 2.181154 3.295651 3.400000
v 1.731154 3.890651 2.300000
v 1.731154 3.890651 3.200000
v 2.131154 2.995651 2.300000
v 2.381155 3.295651 3.200000
v 1.731154 3.295651 3.200000
v 1.731154 2.995651 2.300000
v 2.381155 3.295651 2.300000
v 1.789733 3.295651 3.341421
v 1.931154 3.295651 3.400000
v 1.789733 3.890651 3.341421
v 1.789733 4.090652 3.341421
v 1.931154 4.090652 3.400000
v 1.931154 3.890651 3.400000
v 2.181154 3.890651 3.400000
v 2.181154 4.090652 3.400000
v 2.322576 4.090652 3.341421
v 2.322576 3.890651 3.341421
v 2.381155 4.090652 2.300000
v 2.381155 4.090652 3.200000
v 2.381155 3.890651 3.200000
v 2.381155 3.890651 2.300000
v 2.381155 3.890651 1.800000
v 1.731154 3.890651 1.800000
v 1.731154 4.090652 2.300000
v 1.731154 4.090652 3.200000
v 0.281154 3.890651 1.800000
v -1.178846 3.875651 2.300000
v -1.178846 3.875651 1.800000
v 0.281154 3.890651 2.300000
v 2.381155 3.295651 1.800000
v 2.131154 2.995651 1.800000
v 2.322576 3.295651 3.341421
v -1.884702 3.875651 2.600000
v -1.884702 3.295651 2.600000
v -4.113999 3.295651 2.600000
v -4.284701 3.466354 2.600000
v -3.357924 4.883207 1.589842
v -3.330730 4.918855 1.589842
v -3.496728 4.926917 1.589842
v -3.361201 4.735460 1.589842
v -3.357924 4.883207 1.479842
v -3.496950 4.889959 1.589842
v -3.496950 4.889959 1.479842
v -3.501436 4.742272 1.479842
v -3.637775 4.886437 1.479842
v -3.637775 4.738638 1.479842
v -3.637775 4.886437 1.589842
v -3.637775 4.738638 1.589842
v -3.664166 4.922730 1.589842
v -3.664166 4.700980 1.589842
v -3.752219 4.921912 1.589842
v -3.826078 4.920976 1.637177
v -3.121491 4.919934 1.746201
v -3.089567 4.915597 2.073061
v -3.077010 4.917894 1.907752
v -3.089567 4.918771 1.844626
v -3.171614 4.920976 1.637177
v -3.171475 4.699224 1.637112
v -3.760999 4.912539 2.293242
v -3.121631 4.698187 1.744693
v -3.245473 4.920452 1.589842
v -3.290210 4.912041 2.328999
v -3.447750 4.911324 2.380660
v -3.384623 4.911497 2.368104
v -3.236693 4.912539 2.293242
v -3.236693 4.690788 2.291670
v -3.290210 4.690292 2.327427
v -3.164433 4.913542 2.220984
v -3.613070 4.911497 2.368104
v -3.549942 4.911324 2.380660
v -3.707482 4.912041 2.328999
v -3.613070 4.689748 2.366532
v -3.707482 4.690292 2.327427
v -3.549942 4.689574 2.379088
v -3.908126 4.693848 2.071491
v -3.760999 4.690788 2.291670
v -3.833259 4.691793 2.219413
v -3.384623 4.689748 2.366532
v -3.447750 4.689574 2.379088
v -3.164433 4.691793 2.219414
v -3.089567 4.693848 2.071491
v -3.335645 4.697251 1.589842
v -3.128673 4.914285 2.167470
v -3.128673 4.692536 2.165898
v -3.077010 4.694725 2.008365
v -3.077010 4.696145 1.906180
v -3.077010 4.916474 2.009937
v -3.089567 4.697022 1.843054
v -3.245473 4.698791 1.589842
v -3.501643 4.705312 1.589842
v -3.876062 4.698187 1.744693
v -3.826217 4.699224 1.637112
v -3.876201 4.919934 1.746201
v -3.908126 4.918771 1.844626
v -3.752219 4.700163 1.589842
v -3.908126 4.697022 1.843054
v -3.920683 4.696145 1.906180
v -3.920683 4.694725 2.008365
v -3.920683 4.917894 1.907752
v -3.920683 4.916474 2.009937
v -3.908126 4.915597 2.073061
v -3.869019 4.914285 2.167470
v -3.869019 4.692536 2.165898
v -3.833259 4.913542 2.220984
v -3.501436 4.742272 1.589842
v -3.361201 4.735460 1.479842
v -3.519593 4.760822 1.479842
v -3.544669 4.779040 1.039842
v -3.544669 4.779040 1.479842
v -3.519593 4.760822 1.039842
v -3.478095 4.760822 1.479842
v -3.478095 4.760822 1.039842
v -3.453019 4.779040 1.479842
v -3.453019 4.779040 1.039842
v -3.440195 4.818508 1.479842
v -3.440195 4.818508 1.039842
v -3.449773 4.847986 1.479842
v -3.449773 4.847986 1.039842
v -3.483346 4.872378 1.479842
v -3.483346 4.872378 1.039842
v -3.514341 4.872378 1.479842
v -3.514341 4.872378 1.039842
v -3.547914 4.847986 1.479842
v -3.547914 4.847986 1.039842
v -3.557492 4.818508 1.479842
v -3.557492 4.818508 1.039842
v -0.821497 4.484652 -0.560000
v -0.829549 4.484652 -1.000000
v -0.766898 4.734652 -1.000000
v -0.766898 4.734652 -0.560000
v 0.041154 4.484652 -0.560000
v 0.116154 4.734652 -0.560000
v 0.116154 4.734652 1.800000
v 0.041154 4.484652 1.800000
v 0.041154 4.427869 2.120240
v 0.041154 4.381935 2.104254
v 0.041154 4.286339 2.038580
v 0.041154 4.084651 1.800000
v 0.051839 4.520267 2.091563
v 0.430469 4.520267 2.091563
v 0.366154 4.734652 1.800000
v 0.441154 4.484652 1.800000
v 0.441154 4.427869 2.120240
v 0.441154 4.381935 2.104254
v 0.441154 4.286339 2.038580
v 0.441154 4.084651 1.800000
v 0.366154 4.734652 -0.560000
v 0.441154 4.484652 -0.560000
v 0.371154 4.734652 -1.000000
v 0.441154 4.484652 -1.000000
v 0.121154 4.484652 -1.000000
v 0.121154 4.734652 -1.000000
v -1.374344 4.486169 1.102360
v -1.374344 4.757741 0.700002
v -1.374344 4.777793 0.800810
v -1.143344 4.916168 1.102360
v -1.143344 4.486169 1.102360
v -1.374344 4.916168 0.302360
v -1.374344 4.486169 0.302360
v -1.374344 4.920357 0.943374
v -1.374344 4.916168 1.102360
v -1.374344 4.834896 0.886271
v -1.374344 4.777793 0.599194
v -1.143344 4.777793 0.599194
v -1.374344 4.834896 0.513733
v -1.143344 4.834896 0.513733
v -1.143344 4.920357 0.456630
v -1.143344 4.486169 0.302360
v -1.143344 4.757741 0.700002
v -1.143344 4.916168 0.302360
v -1.143344 4.777793 0.800810
v -1.143344 4.834896 0.886271
v -1.143344 4.920357 0.943374
v -1.374344 4.920357 0.456630
v 2.027669 2.885409 -1.200000
v 2.027669 2.885409 -0.000000
v 3.061155 2.885409 -0.000000
v 0.981154 2.885409 -1.200000
v 2.021154 2.885409 -1.800000
v 3.061155 2.885409 -1.800000
v 2.027669 3.085409 -1.200000
v 0.981154 3.085409 -1.200000
v -0.498846 3.085409 -1.200000
v -0.498846 2.885409 -1.200000
v -1.578846 3.085409 -1.200000
v -1.578846 2.885409 -1.200000
v -1.578846 3.085409 1.200000
v 2.027669 3.085409 1.200000
v -2.518846 3.085409 -1.200000
v -2.518846 2.885409 -1.200000
v -3.458846 3.085409 1.200000
v -2.518846 3.085409 1.200000
v -3.458846 3.085409 -1.200000
v -3.458846 3.085409 -0.000000
v -3.458846 2.885409 -1.200000
v -3.458846 2.885409 -0.000000
v -3.458846 2.885409 1.200000
v -4.058846 2.885409 -0.000000
v -4.058846 2.885409 -1.800000
v -4.638846 2.885409 -0.000000
v -4.058846 2.885409 1.800000
v -2.818846 2.885409 1.800000
v -4.638846 2.885409 1.800000
v -4.058846 4.485409 1.800000
v -4.058846 4.485409 -0.000000
v -2.818846 4.485409 -0.000000
v -2.818846 4.485409 1.800000
v -5.204531 3.072860 1.800000
v -5.438846 3.525409 1.800000
v -5.438846 3.525409 0.900000
v -5.794057 3.341492 1.800000
v -5.559742 2.888944 1.800000
v -5.559742 2.888944 0.900000
v -5.619150 3.003683 1.029207
v -5.619150 3.003683 1.670793
v -5.734648 3.226753 1.670793
v -5.734648 3.226753 1.029207
v -5.530347 3.049662 1.670793
v -5.645846 3.272732 1.670793
v -5.645846 3.272732 1.029207
v -5.530347 3.049662 1.029207
v -5.794057 3.341492 0.900000
v -5.204531 3.072860 0.900000
v -5.204531 3.072860 -0.000000
v -4.638846 2.885409 -1.800000
v -5.438846 3.525409 -1.800000
v -5.438846 3.525409 -0.000000
v -5.204531 3.072860 -1.800000
v -4.058846 4.485409 -1.800000
v -2.818846 4.485409 -1.800000
v -2.818846 2.885409 -1.800000
v -1.578846 2.885409 -1.800000
v -1.578846 4.485409 -1.800000
v -0.498846 2.885409 -1.800000
v -0.498846 4.485409 -1.800000
v 0.981154 2.885409 -1.800000
v 0.981154 4.485409 -1.800000
v 2.021154 4.485409 -1.800000
v 2.021154 4.485409 -0.000000
v 0.981154 4.485409 -0.000000
v -0.498846 4.485409 -0.000000
v 0.981154 4.485409 1.800000
v -0.498846 4.485409 1.800000
v -1.578846 4.485409 1.800000
v 0.981154 2.885409 1.800000
v -0.498846 2.885409 1.800000
v 0.981154 2.885409 1.200000
v -0.498846 2.885409 1.200000
v -1.578846 2.885409 1.800000
v -1.578846 2.885409 1.200000
v -2.518846 2.885409 1.200000
v -1.578846 4.185410 1.800000
v -2.818846 4.185410 1.800000
v -1.578846 4.485409 -0.000000
v -1.578846 4.185410 -0.000000
v -2.818846 4.185410 -0.000000
v -0.498846 3.085409 1.200000
v 0.981154 3.085409 1.200000
v 2.021154 2.885409 1.800000
v 2.027669 2.885409 1.200000
v 2.027669 3.085409 -0.000000
v 3.061155 2.885409 1.800000
v 3.061155 4.485409 1.800000
v 2.021154 4.485409 1.800000
v 3.061155 4.485409 -0.000000
v 3.061155 4.485409 -1.800000
v -4.781232 2.932592 -1.650000
v -4.781232 2.932592 -0.000000
v -4.812687 2.837668 -1.650000
v -5.062145 3.025678 -1.650000
v -5.062145 3.025678 -0.000000
v -5.093600 2.930754 -0.000000
v -5.093600 2.930754 -1.650000
v -5.093600 2.930754 1.650000
v -4.812687 2.837668 -0.000000
v -4.781232 2.932592 1.650000
v -4.812687 2.837668 1.650000
v -5.062145 3.025678 1.650000
v 3.061155 3.502409 0.400000
v 3.561155 3.502409 0.400000
v 3.561155 3.268409 0.400000
v 3.061155 3.268409 0.400000
v 3.061155 3.502409 -1.600000
v 3.561155 3.502409 -1.600000
v 3.061155 3.268409 -1.600000
v 3.561155 3.502409 -0.600000
v 3.561155 3.437791 0.335382
v 3.561155 3.268409 -1.600000
v 3.561155 3.437791 -0.535382
v 3.561155 3.268409 -0.600000
v 3.561155 3.333028 -0.535382
v 3.561155 3.333028 0.335382
v 3.361154 3.333028 -0.535382
v 3.361154 3.437791 -0.535382
v 3.361154 3.437791 0.335382
v 3.361154 3.333028 0.335382
v 3.061157 3.661169 1.502360
v 3.461156 3.355463 1.502360
v 3.061157 3.049757 1.502360
v 3.061157 3.661169 1.102360
v 3.461156 3.661169 1.502360
v 3.461156 3.661169 1.102360
v 3.461156 3.355463 1.102360
v 3.061157 3.049757 1.102360
v 3.461156 3.049757 1.102360
v 3.461156 2.959169 1.192948
v 3.370568 2.959169 1.102360
v 3.461156 2.959169 1.411772
v 3.370568 2.959169 1.502360
v 3.461156 3.049757 1.502360
v 3.370568 2.581169 1.502360
v 3.461156 2.581169 1.411772
v 3.416412 2.581169 1.393239
v 3.352035 2.581169 1.457616
v 3.416412 2.581169 1.211482
v 3.461156 2.581169 1.192948
v 3.352035 2.581169 1.147104
v 3.370568 2.581169 1.102360
v 3.151744 2.581169 1.102360
v 3.170278 2.581169 1.147104
v 3.151744 2.959169 1.102360
v 3.061157 2.959169 1.192948
v 3.061157 2.581169 1.192948
v 3.061157 2.959169 1.411772
v 3.151744 2.959169 1.502360
v 3.061157 2.581169 1.411772
v 3.151744 2.581169 1.502360
v 3.105899 2.581169 1.393239
v 3.170278 2.581169 1.457616
v 3.105899 2.581169 1.211482
v 3.170278 2.641169 1.457616
v 3.105899 2.641169 1.393239
v 3.170278 2.641169 1.147104
v 3.105899 2.641169 1.211482
v 3.416412 2.641169 1.211482
v 3.352035 2.641169 1.457616
v 3.416412 2.641169 1.393239
v 3.352035 2.641169 1.147104
v 3.461156 3.427587 1.430236
v 3.534295 3.427587 1.430236
v 3.461156 3.427587 1.174484
v 3.561156 3.427587 1.201345
v 3.534295 3.427587 1.174484
v 3.561156 3.454448 1.174484
v 3.634294 3.427587 1.174484
v 3.561156 3.589046 1.174484
v 3.588017 3.427587 1.174484
v 3.661155 3.589046 1.174484
v 3.561156 3.589046 1.430236
v 3.661155 3.589046 1.430236
v 3.661155 3.454448 1.174484
v 3.661155 3.427587 1.403375
v 3.661155 3.427587 1.201345
v 3.661155 2.727587 1.201345
v 3.634294 2.727587 1.174484
v 3.588017 2.727587 1.174484
v 3.634294 2.727587 1.430236
v 3.661155 2.727587 1.403375
v 3.634294 3.427587 1.430236
v 3.588017 2.727587 1.430236
v 3.561156 2.727587 1.403375
v 3.588017 3.427587 1.430236
v 3.561156 3.427587 1.403375
v 3.561156 3.454448 1.430236
v 3.561156 2.727587 1.201345
v 3.661155 3.454448 1.430236
v -4.590086 4.467057 -0.489219
v -4.619940 4.437204 -0.404781
v -4.554731 4.502413 -0.507387
v -5.367904 5.244875 -0.489219
v -5.332548 5.280231 -0.507387
v -5.316440 5.296339 -0.354780
v -5.385581 5.227198 -0.357387
v -5.397758 5.215022 -0.404781
v -5.298763 5.314016 -0.486613
v -5.286587 5.326193 -0.439219
v -4.520946 4.536198 -0.486613
v -4.508769 4.548375 -0.439219
v -4.573979 4.483165 -0.336613
v -4.538623 4.518521 -0.354780
v -4.607763 4.449381 -0.357387
v -5.351796 5.260983 -0.336613
v 1.563157 5.021169 1.123561
v 1.578229 4.945398 1.123561
v 1.578229 4.945398 0.962360
v 1.563157 5.021169 0.962360
v 1.578229 5.096940 0.962360
v 1.578229 5.096940 1.123561
v 1.621150 5.161176 1.123561
v 1.621150 4.881162 1.123561
v 1.621150 4.881162 0.962360
v 1.615070 4.483567 1.123561
v 1.761157 4.813217 1.123561
v 1.685385 4.833217 1.123561
v 1.901164 4.881162 1.123561
v 1.836928 4.833217 1.123561
v 1.944085 4.945398 1.123561
v 1.950761 4.483567 1.123561
v 1.901164 5.161176 1.123561
v 1.906145 4.483567 1.123561
v 1.959157 5.021169 1.123561
v 1.959157 5.021169 0.962360
v 1.944085 5.096940 1.123561
v 1.944085 5.096940 0.962360
v 1.901164 5.161176 0.962360
v 1.836928 5.204097 1.123561
v 1.901164 4.881162 0.962360
v 1.836928 5.204097 0.962360
v 1.761157 5.219169 0.962360
v 1.621150 5.161176 0.962360
v 1.685385 5.204097 0.962360
v 1.761157 5.219169 1.123561
v 1.685385 5.204097 1.123561
v 1.761157 4.813217 0.962360
v 1.836928 4.833217 0.962360
v 1.906145 4.483567 0.962360
v 1.950761 4.483567 0.962360
v 1.944085 4.945398 0.962360
v 1.839372 4.483567 0.962360
v 1.760608 4.483567 0.962360
v 1.681843 4.483567 0.962360
v 1.685385 4.833217 0.962360
v 1.615070 4.483567 0.962360
v 1.839372 4.483567 1.123561
v 1.760608 4.483567 1.123561
v 1.681843 4.483567 1.123561
v 1.563157 5.021169 0.181161
v 1.578229 4.945398 0.181161
v 1.563157 5.021169 0.442360
v 0.889907 5.016259 0.081161
v 0.889907 5.016259 0.342360
v 1.578229 5.096940 0.181161
v 0.889907 5.092031 0.081161
v 0.889907 5.092031 0.342360
v 1.578229 5.096940 0.442360
v 1.578229 4.945398 0.442360
v 1.621150 5.161176 0.181161
v 1.621150 5.161176 0.442360
v 1.761157 5.219169 0.442360
v 1.685385 5.204097 0.442360
v 1.685385 5.204097 0.181161
v 1.836928 5.204097 0.181161
v 1.761157 5.219169 0.181161
v 1.836928 5.204097 0.442360
v 1.944085 4.945398 0.181161
v 1.761157 4.833217 0.181161
v 1.944085 5.096940 0.181161
v 1.901164 5.161176 0.181161
v 1.901164 5.161176 0.442360
v 1.959157 5.021169 0.442360
v 1.944085 5.096940 0.442360
v 1.944085 4.945398 0.442360
v 1.959157 5.021169 0.181161
v 1.901164 4.881162 0.442360
v 1.761157 4.833217 0.442360
v 1.836928 4.833217 0.181161
v 1.836928 4.833217 0.442360
v 1.901164 4.881162 0.181161
v 1.836928 4.483217 0.442360
v 2.536928 4.833217 0.442360
v 2.536928 4.833217 0.181161
v 2.536928 4.483217 0.181161
v 1.836928 4.483217 0.181161
v 2.536928 4.483217 0.442360
v 1.761157 4.483217 0.181161
v 1.685385 4.483217 0.181161
v 1.685385 4.833217 0.181161
v 1.185385 4.833217 0.181161
v 1.185385 4.483217 0.181161
v 1.185385 4.483217 0.442360
v 1.685385 4.833217 0.442360
v 1.185385 4.833217 0.442360
v 1.685385 4.483217 0.442360
v 1.761157 4.483217 0.442360
v 1.621150 4.881162 0.442360
v 1.621150 4.881162 0.181161
v 1.461156 4.481168 1.362360
v 1.461156 5.281169 1.362360
v 1.461156 4.481168 1.122360
v 2.261156 5.281169 1.362360
v 2.261156 4.481168 1.362360
v 2.261156 5.281169 1.122360
v 2.261156 4.481168 1.122360
v 1.461156 5.281169 1.122360
v 0.717030 4.487568 0.034638
v 0.666689 5.214768 0.055490
v 0.666689 4.487568 0.055490
v 0.717030 5.214768 0.034638
v 0.805282 4.487568 0.034638
v 0.805282 5.214768 0.034638
v 0.855622 4.487568 0.055490
v 0.855622 5.214768 0.055490
v 0.918026 4.487568 0.117893
v 0.918026 5.214768 0.117893
v 0.938878 4.487568 0.168234
v 0.938878 5.214768 0.168234
v 0.938878 4.487568 0.256486
v 0.938878 5.214768 0.256486
v 0.918026 4.487568 0.306827
v 0.918026 5.214768 0.306827
v 0.855622 4.487568 0.369231
v 0.855622 5.214768 0.369231
v 0.805282 4.487568 0.390083
v 0.805282 5.214768 0.390083
v 0.717030 4.487568 0.390083
v 0.717030 5.214768 0.390083
v 0.666689 4.487568 0.369231
v 0.666689 5.214768 0.369231
v 0.604285 4.487568 0.306827
v 0.604285 5.214768 0.306827
v 0.583433 4.487568 0.256486
v 0.583433 5.214768 0.256486
v 0.583433 4.487568 0.168234
v 0.583433 5.214768 0.168234
v 0.604285 4.487568 0.117893
v 0.604285 5.214768 0.117893
v -5.998529 5.230088 0.840547
v -6.097440 5.173013 0.916851
v -5.881855 5.297413 0.813753
v -6.119480 5.439695 0.840547
v -6.218390 5.382621 0.916851
v -6.103376 5.436288 0.870111
v -6.193294 5.384401 0.939479
v -6.284481 5.344484 1.031048
v -6.163532 5.134877 1.031048
v -6.186739 5.121485 1.165753
v -6.097440 5.173013 1.414654
v -6.163532 5.134877 1.300457
v -6.307689 5.331093 1.165753
v -6.274475 5.337558 1.165753
v -6.284481 5.344484 1.300457
v -6.253376 5.349733 1.288211
v -6.193294 5.384401 1.392027
v -6.218390 5.382621 1.414654
v -6.103376 5.436288 1.461394
v -6.119480 5.439695 1.490958
v -5.998529 5.230088 1.490958
v -5.881855 5.297413 1.517753
v -5.666270 5.421812 1.414654
v -5.765182 5.364738 1.490958
v -6.002806 5.507020 1.517753
v -5.997308 5.497492 1.485753
v -5.891240 5.558696 1.461393
v -5.886131 5.574344 1.490957
v -5.801322 5.610582 1.392027
v -5.787221 5.631419 1.414654
v -5.741240 5.645251 1.288211
v -5.721130 5.669555 1.300457
v -5.720142 5.657426 1.165753
v -5.697923 5.682947 1.165753
v -5.600181 5.459949 1.300457
v -5.576973 5.473339 1.165753
v -5.666270 5.421812 0.916851
v -5.600181 5.459949 1.031048
v -5.787221 5.631419 0.916851
v -5.721130 5.669555 1.031048
v -5.741240 5.645251 1.043293
v -5.801322 5.610582 0.939479
v -6.221104 6.130352 0.870109
v -5.891240 5.558696 0.870111
v -6.131186 6.182239 0.939478
v -5.886131 5.574344 0.840547
v -5.997308 5.497492 0.845753
v -6.002806 5.507020 0.813753
v -5.765182 5.364738 0.840547
v -6.327171 6.069148 0.845752
v -6.523157 5.956059 0.939479
v -6.433238 6.007944 0.870109
v -6.523157 5.956059 1.392027
v -6.253376 5.349733 1.043294
v -6.604337 5.909215 1.165753
v -6.583240 5.921389 1.043293
v -6.583240 5.921389 1.288211
v -6.131186 6.182239 1.392027
v -6.327171 6.069148 1.485753
v -6.433238 6.007944 1.461393
v -6.221104 6.130352 1.461393
v -6.071103 6.216908 1.288211
v -6.050005 6.229081 1.165753
v -6.071103 6.216908 1.043293
v -5.859964 5.308615 0.907585
v -5.859964 5.308615 0.879396
v -5.650230 4.945193 0.907585
v -5.817286 5.333238 0.913858
v -5.607551 4.969816 0.913858
v -5.802686 5.341661 0.887814
v -5.650230 4.945193 0.879396
v -5.592951 4.978239 0.887814
v -5.662718 5.422432 1.200714
v -5.671208 5.417534 1.232248
v -5.461472 5.054112 1.232248
v -5.624565 5.444442 1.200714
v -5.452983 5.059011 1.200714
v -5.414830 5.081021 1.200714
v -5.426224 5.074448 1.243036
v -5.635959 5.437870 1.243036
v -5.902534 5.284046 1.423920
v -5.945213 5.259424 1.417647
v -5.735478 4.896002 1.417647
v -5.902534 5.284046 1.452109
v -5.692800 4.920624 1.423920
v -5.692800 4.920624 1.452109
v -5.750078 4.887579 1.443691
v -5.959813 5.251000 1.443691
v -6.099780 5.170231 1.130791
v -5.890045 4.806808 1.130791
v -5.928198 4.784797 1.130791
v -6.091292 5.175128 1.099257
v -6.137933 5.148219 1.130791
v -6.126540 5.154792 1.088469
v -5.916804 4.791370 1.088469
v -5.881556 4.811707 1.099257
v -4.252521 4.542858 -0.647087
v -4.248275 4.547104 -0.816959
v -4.182351 4.613029 -0.623676
v -4.302410 4.492970 -0.492442
v -4.160989 4.351548 -0.492442
v -4.111099 4.401437 -0.647087
v -4.040930 4.471607 -0.623676
v -4.102495 4.410041 -0.432838
v -4.243917 4.551463 -0.432838
v -4.375947 4.683495 -0.432838
v -4.352436 4.442944 -0.289846
v -4.484467 4.574974 -0.289846
v -4.390348 4.405031 -0.376569
v -4.502948 4.292431 -0.317109
v -4.491388 4.303991 -0.216468
v -4.639619 4.155760 -0.223877
v -4.771650 4.287791 -0.223877
v -4.623419 4.436022 -0.216468
v -4.906593 4.152848 -0.310944
v -5.294620 4.540875 -0.310944
v -5.159677 4.675817 -0.223877
v -4.616895 4.442546 -0.703581
v -4.774562 4.020817 -0.310944
v -4.732415 4.062964 -0.393666
v -4.814350 3.981029 -0.518030
v -4.875673 3.919706 -0.464414
v -4.633141 3.879396 -0.310944
v -4.498198 4.014339 -0.223877
v -4.623065 4.172314 -0.323112
v -4.481644 4.030893 -0.323112
v -4.590994 3.921542 -0.393666
v -4.927558 3.867821 -0.660922
v -5.007704 4.051737 -0.464414
v -5.059590 3.999852 -0.660922
v -5.682646 4.928901 -0.310944
v -5.783757 4.827790 -0.464414
v -5.835642 4.775905 -0.660922
v -5.641629 4.581891 -0.660922
v -5.858981 5.105236 -0.310944
v -5.960093 5.004125 -0.464414
v -6.011978 4.952240 -0.660922
v -6.163152 5.103415 -0.660922
v -5.830403 4.781143 -0.870553
v -6.006739 4.957479 -0.870553
v -6.157914 5.108653 -0.870552
v -5.945174 5.019045 -1.061390
v -6.096348 5.170219 -1.061390
v -5.528846 5.737721 -0.838908
v -5.434916 5.831651 -0.800000
v -5.290043 5.725586 -0.843934
v -5.392161 5.831651 -0.800000
v -5.987829 5.278738 -1.204382
v -5.588030 5.678537 -0.289846
v -5.848876 5.417690 -1.277760
v -5.726982 5.539584 -0.216468
v -5.700645 5.565922 -1.270352
v -5.875213 5.391355 -0.223877
v -5.565703 5.700864 -1.183285
v -6.010156 5.256412 -0.310944
v -6.111267 5.155300 -0.464414
v -5.528846 5.725586 -0.843934
v -5.417945 5.848622 -0.623676
v -5.528846 5.737721 -1.127344
v -5.479510 5.787057 -0.432838
v -5.328336 5.635882 -0.432838
v -5.266770 5.697447 -0.623676
v -5.260520 5.351027 -0.289846
v -5.436855 5.527362 -0.289846
v -5.152000 5.459547 -0.432838
v -5.090435 5.521112 -0.623676
v -5.085196 5.526351 -0.833306
v -5.399472 5.212074 -0.216468
v -5.724039 5.240179 -0.223877
v -5.547703 5.063843 -0.223877
v -5.392948 5.218599 -0.703581
v -5.575808 5.388411 -0.216468
v -5.058531 5.553015 -0.579058
v -5.045198 5.566349 -1.058762
v -5.238193 5.373354 -1.183285
v -5.549471 5.414747 -1.270351
v -5.137081 5.474465 -1.029815
v -5.414528 5.549690 -1.183285
v -4.462139 4.597302 -1.183285
v -5.373135 5.238412 -1.270351
v -4.269145 4.790298 -1.058762
v -5.313417 5.650801 -1.029815
v -4.597082 4.462359 -1.270351
v -4.745314 4.314128 -1.277760
v -4.613282 4.182097 -1.277760
v -4.465051 4.330328 -1.270351
v -4.330109 4.465271 -1.183285
v -4.372255 4.423123 -1.100562
v -4.290321 4.505058 -0.976199
v -4.228998 4.566382 -1.029815
v -4.361029 4.698412 -1.029815
v -4.323630 4.188906 -1.270351
v -4.188687 4.323849 -1.183285
v -4.340184 4.172352 -1.171116
v -4.230834 4.281702 -1.100562
v -4.481605 4.313774 -1.171116
v -4.601724 4.193656 -1.177120
v -4.802261 3.993119 -1.001786
v -4.714322 4.081058 -1.117659
v -4.752235 4.043144 -1.204383
v -4.860754 3.934625 -1.061390
v -4.884266 4.175175 -1.204383
v -4.992785 4.066656 -1.061390
v -5.054351 4.005090 -0.870553
v -5.660319 4.951228 -1.204383
v -5.636390 4.587131 -0.870553
v -5.442377 4.393117 -0.870553
v -5.768838 4.842710 -1.061390
v -5.447616 4.387878 -0.660922
v -5.777723 4.445797 -0.877616
v -5.583710 4.251784 -0.877616
v -5.588949 4.246545 -0.667986
v -5.782962 4.440558 -0.667986
v -5.521366 5.090181 -1.277760
v -5.836654 5.127564 -1.204383
v -5.697702 5.266516 -1.277760
v -4.922320 3.873059 -0.870553
v -4.852150 3.943229 -0.847142
v -4.780898 3.731638 -0.870553
v -4.719333 3.793204 -1.061390
v -4.710729 3.801808 -0.847142
v -4.660839 3.851698 -1.001786
v -4.856395 3.938984 -0.677269
v -4.309143 4.750299 -0.833306
v -4.314382 4.745059 -0.623676
v -4.177112 4.618267 -0.833306
v -5.261531 5.702686 -0.833306
v -5.302119 5.681651 -0.950000
v -5.344267 5.681651 -1.029815
v -5.528846 5.681651 -1.169896
v -5.528846 5.681651 -0.950000
v -5.310088 5.751243 -0.833306
v -4.282478 4.776962 -0.579058
v -5.488632 4.734888 -0.310944
v -5.353690 4.869830 -0.223877
v -5.412391 4.811131 -0.041920
v -5.218377 4.617117 -0.041920
v -5.353320 4.482174 -0.128986
v -5.547333 4.676188 -0.128986
v -5.413538 5.853028 -0.800000
v 1.444253 5.181651 -0.600001
v 1.958055 5.478015 -0.600001
v 1.958055 5.181651 -0.600001
v 1.444253 5.478015 -0.600001
v 1.272356 5.181651 -0.671202
v 2.129952 5.181651 -0.671202
v 1.201154 5.181651 -0.843099
v 1.201154 5.478015 -0.843099
v 1.201154 5.181651 -1.356901
v 1.272356 5.478015 -0.671202
v 1.958055 5.181651 -1.600000
v 1.272356 5.181651 -1.528798
v 1.272356 5.478015 -1.528798
v 1.201154 5.478015 -1.356901
v 1.444253 5.181651 -1.600000
v 1.444253 5.478015 -1.600000
v 2.201154 5.478015 -0.843099
v 2.129952 5.478015 -1.528798
v 1.958055 5.478015 -1.600000
v 2.129952 5.181651 -1.528798
v 2.201154 5.181651 -1.356901
v 2.201154 5.478015 -1.356901
v 2.201154 5.181651 -0.843099
v 2.129952 5.478015 -0.671202
v 1.701154 5.181651 -1.400000
v 1.701154 4.981651 -1.400000
v 1.815959 4.981651 -1.377164
v 1.815959 5.181651 -1.377164
v 1.586349 5.181651 -1.377164
v 1.489022 5.181651 -1.312132
v 1.586349 4.981651 -1.377164
v 1.489022 4.981651 -1.312132
v 1.423990 5.181651 -1.214805
v 1.423990 4.981651 -1.214805
v 1.401154 5.181651 -1.100000
v 1.401154 4.981651 -1.100000
v 1.423990 5.181651 -0.985195
v 1.423990 4.981651 -0.985195
v 1.489022 5.181651 -0.887868
v 1.489022 4.981651 -0.887868
v 1.586349 5.181651 -0.822836
v 1.586349 4.981651 -0.822836
v 1.701154 5.181651 -0.800000
v 1.701154 4.981651 -0.800000
v 1.815959 5.181651 -0.822836
v 1.815959 4.981651 -0.822836
v 1.913286 5.181651 -0.887868
v 1.913286 4.981651 -0.887868
v 1.978318 5.181651 -0.985195
v 1.978318 4.981651 -0.985195
v 2.001154 5.181651 -1.100000
v 2.001154 4.981651 -1.100000
v 1.978318 5.181651 -1.214805
v 1.978318 4.981651 -1.214805
v 1.913286 5.181651 -1.312132
v 1.913286 4.981651 -1.312132
v 1.701154 4.481650 -1.400000
v 1.701154 4.656651 -1.400000
v 1.815959 4.481650 -1.377164
v 1.586349 4.656651 -1.377164
v 1.586349 4.481650 -1.377164
v 1.489022 4.481650 -1.312132
v 1.489022 4.656651 -1.312132
v 1.382956 4.703652 -1.418198
v 1.489022 4.981651 -1.312132
v 1.382956 4.486652 -1.418198
v 1.223857 4.698651 -1.577297
v 1.223857 4.481651 -1.577297
v 1.077535 4.481651 -1.358311
v 1.077535 4.698651 -1.358312
v 1.077535 5.101651 -1.358312
v 1.285408 4.486652 -1.272208
v 1.285408 4.703652 -1.272208
v 1.423990 4.656651 -1.214805
v 1.285408 5.106651 -1.272208
v 1.423990 4.981651 -1.214805
v 1.401154 4.981651 -1.100000
v 1.382956 5.106651 -1.418198
v 1.223857 5.101651 -1.577297
v 1.423990 4.981651 -0.985195
v 1.401154 4.656651 -1.100000
v 1.423990 4.656651 -0.985195
v 1.401154 4.481650 -1.100000
v 1.423990 4.481650 -1.214805
v 1.423990 4.481650 -0.985195
v 1.489022 4.481650 -0.887868
v 1.489022 4.656651 -0.887868
v 1.382956 4.703652 -0.781802
v 1.489022 4.981651 -0.887868
v 1.382956 4.486652 -0.781802
v 1.223857 4.698651 -0.622703
v 1.223857 4.481651 -0.622703
v 1.442843 4.481651 -0.476382
v 1.442843 4.698651 -0.476382
v 1.442843 5.101651 -0.476382
v 1.528946 4.486652 -0.684254
v 1.528946 4.703652 -0.684254
v 1.586349 4.656651 -0.822836
v 1.528946 5.106651 -0.684254
v 1.586349 4.981651 -0.822836
v 1.701154 4.981651 -0.800000
v 1.701154 4.656651 -0.800000
v 1.815959 4.981651 -0.822836
v 1.913286 4.981651 -0.887868
v 1.815959 4.656651 -0.822836
v 1.701154 4.481650 -0.800000
v 1.913286 4.656651 -0.887868
v 1.815959 4.481650 -0.822836
v 1.913286 4.481650 -0.887868
v 2.019352 4.486652 -0.781802
v 2.019352 4.703652 -0.781802
v 2.178451 4.698651 -0.622703
v 2.178451 4.481651 -0.622703
v 2.324772 4.481651 -0.841689
v 2.324772 4.698651 -0.841689
v 2.116900 4.703652 -0.927793
v 2.324772 5.101651 -0.841689
v 2.116900 4.486652 -0.927793
v 1.978318 4.656651 -0.985195
v 1.978318 4.481650 -0.985195
v 2.001154 4.481650 -1.100000
v 2.001154 4.656651 -1.100000
v 1.978318 4.656651 -1.214805
v 1.978318 4.981651 -1.214805
v 2.001154 4.981651 -1.100000
v 1.978318 4.981651 -0.985195
v 2.116900 5.106651 -0.927793
v 2.019352 5.106651 -0.781802
v 2.178451 5.101651 -0.622703
v 1.913286 4.981651 -1.312132
v 1.815959 4.981651 -1.377164
v 1.913286 4.656651 -1.312132
v 2.019352 5.106651 -1.418198
v 2.019352 4.703652 -1.418198
v 2.178451 4.698651 -1.577297
v 2.019352 4.486652 -1.418198
v 2.178451 5.101651 -1.577297
v 1.959465 5.101651 -1.723619
v 1.959465 4.698651 -1.723619
v 1.873361 4.703652 -1.515746
v 1.873361 5.106651 -1.515746
v 1.815959 4.656651 -1.377164
v 1.873361 4.486652 -1.515746
v 1.959465 4.481651 -1.723619
v 2.178451 4.481651 -1.577297
v 1.701154 4.981651 -1.400000
v 1.586349 4.981651 -1.377164
v 1.913286 4.481650 -1.312132
v 1.978318 4.481650 -1.214805
v 1.586349 4.481650 -0.822836
v 1.382956 5.106651 -0.781802
v 1.223857 5.101651 -0.622703
vn -0.0000 -0.0000 -1.0000
vn -0.7674 -0.6411 -0.0000
vn -0.4731 0.8810 0.0014
vn -0.4747 0.8801 -0.0000
vn 0.5131 0.5131 0.6881
vn 0.6572 0.6572 0.3691
vn 0.6511 0.6511 0.3902
vn 0.3929 0.3929 0.8315
vn 0.4924 0.4924 0.7177
vn 0.7071 0.7071 -0.0000
vn 0.6572 0.6572 -0.3691
vn 0.6511 0.6511 -0.3902
vn -0.4748 0.8801 0.0007
vn -0.4745 0.8803 0.0017
vn -0.4766 0.8791 0.0021
vn 0.5131 0.5131 -0.6881
vn -0.4757 0.8796 0.0040
vn 0.2926 0.2926 -0.9104
vn 0.4924 0.4924 -0.7177
vn 0.2576 0.2576 -0.9313
vn 0.0176 0.0176 -0.9997
vn -0.0270 -0.0270 -0.9993
vn -0.1589 -0.1589 -0.9744
vn -0.4716 0.8818 -0.0067
vn -0.4655 0.8849 -0.0185
vn -0.4736 0.8807 -0.0003
vn 0.6790 0.7106 0.1845
vn 0.6976 0.7164 0.0078
vn 0.7071 0.7071 0.0001
vn 0.6863 0.7209 0.0971
vn -0.4756 0.8797 -0.0000
vn 0.6895 0.7243 -0.0000
vn -0.0000 -0.0000 1.0000
vn -0.5019 0.8650 -0.0000
vn -0.5148 0.8573 -0.0000
vn -0.5531 0.8331 -0.0000
vn -0.7169 -0.6972 -0.0000
vn -0.0000 0.7230 0.6908
vn -0.0000 0.9011 0.4336
vn -0.0000 0.4336 0.9011
vn -0.0000 0.1339 0.9910
vn -0.0000 -0.4742 -0.8804
vn -0.0000 -0.1789 -0.9839
vn -0.0000 0.3520 -0.9360
vn -0.0000 0.5878 -0.8090
vn -0.0000 0.3485 -0.9373
vn -0.0000 0.1789 -0.9839
vn -0.0000 0.4742 -0.8804
vn -0.0000 -0.9011 0.4336
vn -0.0000 -0.7230 0.6908
vn -0.0000 0.8804 -0.4742
vn -0.0000 0.6908 -0.7230
vn -0.0000 0.9839 0.1789
vn -0.0000 0.9910 -0.1339
vn -0.0000 -0.6908 -0.7230
vn -0.0000 -0.8804 -0.4742
vn -0.0000 -0.9910 -0.1339
vn -0.0000 -0.9839 0.1789
vn -0.0000 -0.2654 0.9641
vn -0.0000 0.2654 0.9641
vn 0.0256 -0.0240 0.9994
vn 0.6418 -0.0146 0.7667
vn -0.0000 -0.9511 0.3090
vn -0.0000 -0.8349 0.5504
vn -0.0000 0.7814 -0.6240
vn -0.0000 0.9990 0.0455
vn -0.0000 0.9733 0.2296
vn -0.0001 0.9990 0.0454
vn -0.0000 -0.7814 -0.6240
vn -0.0000 0.9511 0.3090
vn -0.0000 0.8349 0.5504
vn -0.0000 -0.9990 0.0455
vn 0.0001 -0.9990 0.0456
vn 0.0001 -0.9733 0.2297
vn -0.0000 -0.5878 -0.8090
vn -0.0000 -0.3520 -0.9360
vn -0.0000 -0.4336 0.9011
vn -0.0000 -0.1339 0.9910
vn -0.0000 0.6566 -0.7543
vn -0.0000 0.3456 -0.9384
vn -0.0000 -0.8349 0.5503
vn -0.0000 -0.9510 0.3092
vn -0.0000 -0.6566 -0.7543
vn 1.0000 0.0001 0.0001
vn 1.0000 0.0002 0.0001
vn 1.0000 -0.0001 0.0001
vn 1.0000 -0.0002 0.0001
vn -1.0000 -0.0001 0.0001
vn -1.0000 -0.0002 0.0001
vn 1.0000 0.0002 -0.0001
vn 1.0000 0.0001 -0.0001
vn 1.0000 -0.0000 -0.0002
vn -1.0000 0.0002 0.0001
vn -1.0000 0.0002 -0.0000
vn 1.0000 -0.0000 0.0002
vn -1.0000 -0.0002 -0.0000
vn 1.0000 -0.0002 -0.0001
vn 1.0000 -0.0001 -0.0001
vn -1.0000 -0.0002 -0.0001
vn -1.0000 -0.0000 -0.0002
vn -1.0000 0.0002 -0.0001
vn -1.0000 0.0001 -0.0002
vn -0.0000 0.8349 0.5503
vn -1.0000 -0.0001 -0.0001
vn -1.0000 -0.0001 -0.0002
vn -1.0000 -0.0000 0.0002
vn -1.0000 0.0001 0.0001
vn -1.0000 0.0001 0.0002
vn -1.0000 0.0001 -0.0001
vn -1.0000 -0.0001 0.0002
vn -0.9239 -0.3827 -0.0000
vn -1.0000 -0.0000 -0.0000
vn -0.9239 0.3827 -0.0000
vn -0.7071 -0.7071 -0.0000
vn -0.3827 -0.9239 -0.0000
vn -0.0000 -1.0000 -0.0000
vn 0.3827 -0.9239 -0.0000
vn 0.7071 -0.7071 -0.0000
vn 0.9239 -0.3827 -0.0000
vn 1.0000 -0.0000 -0.0000
vn 0.9239 0.3827 -0.0000
vn 0.3827 0.9239 -0.0000
vn -0.0000 1.0000 -0.0000
vn -0.3827 0.9239 -0.0000
vn -0.7071 0.7071 -0.0000
vn -0.8660 -0.0000 0.5000
vn -0.8660 -0.0000 -0.5000
vn 0.8660 -0.0000 0.5000
vn 0.6481 0.6662 -0.3689
vn 0.6492 0.6664 -0.3666
vn 0.6454 0.6681 -0.3703
vn 0.8660 -0.0000 -0.5000
vn 0.6474 0.6671 0.3685
vn 0.6482 0.6678 0.3660
vn 0.6473 0.6645 0.3734
vn 0.6450 0.6692 -0.3690
vn 0.6461 0.6659 -0.3730
vn 0.6460 0.6660 0.3730
vn 0.9744 -0.0112 0.2245
vn 0.9744 -0.0112 -0.2245
vn 0.9966 -0.0820 -0.0000
vn 0.9659 -0.0000 0.2588
vn 0.6816 -0.0112 0.7316
vn 0.7071 -0.0000 0.7071
vn 0.9659 -0.0000 -0.2588
vn 0.7071 -0.0000 -0.7071
vn 0.2588 -0.0000 -0.9659
vn -0.2588 -0.0000 -0.9659
vn -0.7071 -0.0000 -0.7071
vn -0.9659 -0.0000 -0.2588
vn -0.9659 -0.0000 0.2588
vn -0.7071 -0.0000 0.7071
vn -0.6816 -0.0112 -0.7316
vn -0.9744 -0.0112 0.2245
vn -0.9744 -0.0112 -0.2245
vn -0.6429 0.6691 0.3729
vn -0.6412 0.6707 0.3730
vn -0.6460 0.6660 0.3730
vn -0.6452 0.6642 0.3776
vn -0.9966 -0.0819 -0.0000
vn -0.6816 -0.0112 0.7316
vn -0.6460 0.6660 0.3729
vn -0.6447 0.6633 0.3799
vn -0.2928 -0.0112 0.9561
vn -0.4984 -0.0818 0.8631
vn -0.0000 0.6663 0.7457
vn -0.0000 0.6665 0.7455
vn -0.0000 0.6660 0.7459
vn 0.2588 -0.0000 0.9659
vn 0.2928 -0.0112 0.9561
vn -0.0000 0.6661 0.7459
vn -0.0000 0.6610 0.7504
vn -0.2588 -0.0000 0.9659
vn 0.4984 -0.0818 0.8631
vn 0.6479 0.6638 0.3736
vn -0.0000 0.6583 0.7528
vn -0.6473 0.6644 -0.3736
vn -0.6480 0.6636 -0.3739
vn -0.6502 0.6711 -0.3561
vn -0.6460 0.6660 -0.3730
vn -0.6460 0.6660 -0.3729
vn -0.6523 0.6736 -0.3474
vn -0.2928 -0.0112 -0.9561
vn -0.4984 -0.0818 -0.8631
vn -0.0000 0.6710 -0.7414
vn -0.0000 0.6738 -0.7389
vn -0.0007 0.6656 -0.7463
vn -0.0000 0.6660 -0.7460
vn -0.0000 0.6661 -0.7459
vn 0.2928 -0.0112 -0.9561
vn -0.0010 0.6653 -0.7466
vn 0.6816 -0.0112 -0.7316
vn 0.4984 -0.0819 -0.8631
vn 0.6460 0.6660 -0.3730
vn -0.2588 -0.9659 -0.0000
vn -0.9659 -0.2588 -0.0000
vn -0.9659 0.2588 -0.0000
vn -0.2588 0.9659 -0.0000
vn 0.2588 0.9659 -0.0000
vn 0.9659 0.2588 -0.0000
vn 0.9659 -0.2588 -0.0000
vn 0.2588 -0.9659 -0.0000
vn -0.0000 -0.9239 -0.3827
vn -0.0000 -0.7071 -0.7071
vn -0.0000 -0.3827 -0.9239
vn -0.0000 0.3827 -0.9239
vn -0.0000 0.7071 -0.7071
vn -0.0000 0.7071 0.7071
vn -0.0000 0.3827 0.9239
vn -0.0000 0.9239 0.3827
vn -0.0024 0.0021 1.0000
vn -0.0118 0.3859 0.9225
vn -0.0267 0.4176 0.9082
vn -0.0459 0.7135 0.6992
vn -0.0716 0.5712 0.8177
vn -0.0041 0.2007 0.9796
vn -0.0000 0.0680 0.9977
vn -0.0000 -0.1706 0.9853
vn -0.0032 -0.2042 0.9789
vn -0.0094 -0.3876 0.9218
vn -0.0024 0.0016 1.0000
vn -0.0128 -0.4200 0.9074
vn -0.0380 -0.7157 0.6974
vn -0.0169 -0.5555 0.8314
vn -0.0277 -0.5792 0.8147
vn -0.0437 -0.7758 0.6295
vn -0.0243 -0.8623 0.5058
vn -0.0623 -0.9453 0.3203
vn -0.0697 -0.9236 0.3771
vn -0.0692 -0.9808 0.1822
vn -0.0760 -0.9971 -0.0048
vn -0.0779 -0.9970 0.0016
vn -0.0798 -0.9791 -0.1870
vn -0.0738 -0.9436 -0.3227
vn -0.0660 -0.9242 -0.3761
vn -0.0562 -0.7755 -0.6289
vn -0.0398 -0.7106 -0.7025
vn -0.0672 -0.8359 -0.5447
vn -0.0313 -0.5553 -0.8311
vn -0.0716 -0.5712 -0.8177
vn -0.0267 -0.4176 -0.9082
vn -0.0026 -0.0015 -1.0000
vn -0.0042 -0.2007 -0.9796
vn -0.0118 -0.3859 -0.9225
vn -0.0000 -0.2165 -0.9763
vn -0.0000 0.0276 -0.9996
vn 0.1863 0.2684 -0.9451
vn -0.0071 0.4150 -0.9098
vn -0.0118 0.3859 -0.9225
vn -0.0354 0.7130 -0.7003
vn -0.0196 0.5707 -0.8210
vn 0.5877 0.8091 -0.0001
vn -0.0404 0.7748 -0.6309
vn -0.0625 0.9250 -0.3748
vn -0.0561 0.8436 -0.5340
vn -0.0697 0.9461 -0.3164
vn -0.0771 0.9970 0.0018
vn -0.0749 0.9796 -0.1867
vn -0.0795 0.9968 0.0073
vn -0.0705 0.9236 0.3769
vn -0.0761 0.9790 0.1890
vn -0.0696 0.9453 0.3186
vn -0.0584 0.8351 0.5470
vn -0.0445 0.7885 0.6134
vn -0.0313 0.5553 0.8311
vn -0.0000 0.9239 -0.3827
vn -0.0000 -0.9239 0.3827
vn -0.0000 -0.7071 0.7071
vn -0.0000 -0.3827 0.9239
vn -0.5878 0.8090 -0.0000
vn -0.9511 0.3090 -0.0000
vn -0.9511 -0.3090 -0.0000
vn -0.5878 -0.8090 -0.0000
vn 0.5878 0.8090 -0.0000
vn 0.9511 0.3090 -0.0000
vn 0.9511 -0.3090 -0.0000
vn 0.5878 -0.8090 -0.0000
vn -0.0000 0.0074 1.0000
vn 0.9999 0.0125 -0.0000
vn -0.9999 0.0125 -0.0000
vn -0.0000 0.0074 -1.0000
vn -0.0000 0.9893 -0.1458
vn -0.0000 0.9893 0.1458
vn -0.0000 0.9575 0.2884
vn -0.0000 0.9575 -0.2884
vn -0.0000 0.4949 -0.8689
vn -0.0000 0.2560 -0.9667
vn -0.0000 -0.2560 -0.9667
vn -0.0000 -0.4949 -0.8690
vn -0.0000 -0.4949 -0.8689
vn -0.0000 -0.9893 -0.1458
vn -0.0000 -0.9575 -0.2884
vn -0.0000 -0.9893 0.1458
vn -0.0000 -0.9575 0.2884
vn -0.0000 -0.4949 0.8690
vn -0.0000 -0.2560 0.9667
vn -0.0000 -0.4949 0.8689
vn -0.0000 0.2560 0.9667
vn -0.0000 0.4949 0.8689
vn -0.0000 -0.5000 0.8660
vn -0.0000 0.5000 0.8660
vn -0.0000 0.8660 0.5000
vn -0.0000 0.8660 -0.5000
vn -0.0000 0.5000 -0.8660
vn -0.0000 -0.5000 -0.8660
vn -0.0000 -0.8660 0.5000
vn -0.0000 -0.8660 -0.5000
vn -0.0000 0.8000 -0.6000
vn -0.2669 0.9637 -0.0000
vn -0.4248 -0.0000 -0.9053
vn -0.4248 -0.0000 0.9053
vn -0.2669 -0.9637 -0.0000
vn 0.8090 -0.5878 -0.0000
vn 0.3090 -0.9511 -0.0000
vn 0.8090 0.5878 -0.0000
vn 0.3090 0.9511 -0.0000
vn -0.1564 0.9877 -0.0000
vn -0.3090 0.9511 -0.0000
vn -0.1562 0.9877 -0.0000
vn -0.3090 -0.9511 -0.0000
vn -0.1564 -0.9877 -0.0000
vn -0.1562 -0.9877 -0.0000
vn 0.5000 0.8660 -0.0000
vn -0.0289 -0.0167 0.9994
vn -0.0000 -0.0333 0.9994
vn 0.0289 -0.0167 0.9994
vn -0.5000 0.8660 -0.0000
vn -0.5000 -0.8660 -0.0000
vn -0.0000 0.0333 0.9994
vn 0.0289 0.0167 0.9994
vn 0.5000 -0.8660 -0.0000
vn -0.0289 0.0167 0.9994
vn -0.0000 0.2588 0.9659
vn -0.0000 0.9659 0.2588
vn -0.0000 0.9659 -0.2588
vn -0.0000 0.2588 -0.9659
vn -0.0000 0.2589 0.9659
vn -0.5556 -0.0000 -0.8315
vn -0.1951 -0.0000 -0.9808
vn 0.1951 -0.0000 -0.9808
vn 0.5556 -0.0000 -0.8315
vn 0.8315 -0.0000 -0.5556
vn 0.9808 -0.0000 -0.1951
vn 0.9808 -0.0000 0.1951
vn 0.8315 -0.0000 0.5556
vn 0.5556 -0.0000 0.8315
vn 0.1951 -0.0000 0.9808
vn -0.1951 -0.0000 0.9808
vn -0.5556 -0.0000 0.8315
vn -0.8315 -0.0000 0.5556
vn -0.9808 -0.0000 0.1951
vn -0.9808 -0.0000 -0.1951
vn -0.8315 -0.0000 -0.5556
vn -0.0000 1.0000 -0.0001
vn -0.0000 1.0000 0.0001
vn 0.7682 -0.6402 -0.0000
vn 0.9239 -0.0000 -0.3827
vn 0.3827 -0.0000 -0.9239
vn -0.3827 -0.0000 -0.9239
vn -0.9239 -0.0000 -0.3827
vn -0.0051 1.0000 -0.0000
vn -0.0103 0.9999 -0.0000
vn 0.3912 0.9203 -0.0000
vn -0.3827 -0.0000 0.9239
vn -0.9239 -0.0000 0.3827
vn 0.3827 -0.0000 0.9239
vn 0.9239 -0.0000 0.3827
vn 0.9998 -0.0222 -0.0000
vn 0.0485 0.9988 -0.0000
vn 0.0118 0.9999 -0.0000
vn -0.0250 0.9997 -0.0000
vn -0.0025 0.9999 0.0105
vn 0.0054 1.0000 -0.0024
vn -0.0021 0.9995 0.0327
vn -0.2793 -0.0000 -0.9602
vn -0.0093 0.9999 0.0053
vn -0.0006 0.9999 0.0147
vn -0.0187 0.9997 0.0182
vn -0.0001 0.9999 0.0136
vn -0.0008 0.9999 0.0134
vn -0.0038 0.9999 0.0137
vn -0.0162 0.9997 0.0172
vn 0.9308 0.0021 -0.3655
vn 0.9313 0.0013 -0.3643
vn 0.9676 0.0015 -0.2526
vn 0.7537 0.0010 -0.6572
vn 0.7543 0.0007 -0.6565
vn 0.0001 0.9999 0.0133
vn -0.0000 0.9999 0.0139
vn -0.0000 0.9999 0.0141
vn 0.4712 -0.0063 0.8820
vn 0.4716 -0.0063 0.8818
vn 0.2904 -0.0068 0.9569
vn -0.0001 0.9999 0.0137
vn 0.6342 -0.0055 0.7732
vn 0.6346 -0.0055 0.7728
vn -0.0000 0.9999 0.0138
vn -0.2902 -0.0068 0.9570
vn -0.0981 -0.0071 0.9952
vn -0.2904 -0.0068 0.9569
vn -0.4716 -0.0063 0.8818
vn -0.4712 -0.0063 0.8820
vn -0.0000 -0.9999 -0.0139
vn -0.0017 -0.9999 -0.0122
vn 0.0001 -0.9999 -0.0139
vn -0.6342 -0.0055 0.7732
vn 0.0981 -0.0071 0.9952
vn 0.0980 -0.0071 0.9952
vn 0.2902 -0.0068 0.9569
vn -0.0000 -0.9999 -0.0138
vn 0.0021 -0.9999 -0.0114
vn 0.0039 -0.9997 -0.0254
vn 0.0147 -0.9998 -0.0152
vn 0.9568 -0.0021 0.2907
vn 0.9571 -0.0021 0.2899
vn 0.8821 -0.0033 0.4711
vn 0.8818 -0.0033 0.4717
vn -0.0001 -0.9999 -0.0139
vn 0.9951 -0.0007 0.0984
vn 0.0038 -0.9999 -0.0137
vn 0.9952 0.0007 -0.0976
vn 0.9951 0.0007 -0.0984
vn 0.9952 -0.0007 0.0976
vn 0.9675 0.0018 -0.2527
vn 0.0161 -0.9997 -0.0171
vn 0.7732 -0.0045 0.6341
vn 0.7728 -0.0045 0.6346
vn -0.0039 -0.9999 -0.0147
vn 0.0171 -0.9997 -0.0176
vn 0.2785 -0.0000 -0.9604
vn -0.0072 -0.9992 -0.0400
vn 0.0093 -0.9999 -0.0053
vn -0.7546 0.0012 -0.6562
vn -0.9308 0.0022 -0.3655
vn -0.9313 0.0013 -0.3643
vn -0.9676 0.0015 -0.2526
vn -0.9675 0.0018 -0.2527
vn -0.0038 -0.9999 -0.0137
vn -0.0161 -0.9997 -0.0171
vn -0.9952 -0.0007 0.0976
vn -0.9952 0.0007 -0.0976
vn -0.9951 -0.0007 0.0984
vn -0.9951 0.0007 -0.0984
vn 0.0024 0.9999 0.0129
vn 0.0099 0.9998 0.0147
vn -0.9571 -0.0021 0.2899
vn -0.8821 -0.0033 0.4711
vn -0.9568 -0.0021 0.2907
vn -0.8817 -0.0033 0.4717
vn -0.7732 -0.0045 0.6341
vn -0.0000 0.9999 0.0140
vn -0.7728 -0.0045 0.6346
vn -0.6346 -0.0055 0.7728
vn -0.7532 0.0004 -0.6578
vn -0.2824 0.0002 -0.9593
vn 0.0167 0.9997 0.0172
vn -0.0109 -0.9999 -0.0000
vn -0.0485 -0.9988 -0.0000
vn 0.0266 -0.9996 -0.0000
vn 0.0171 -0.9997 -0.0175
vn 0.2832 0.0002 -0.9591
vn -0.0980 -0.0071 0.9952
vn -0.9747 0.2234 0.0060
vn -0.9724 0.2331 0.0118
vn -0.9699 0.2430 0.0177
vn -0.9770 0.2134 -0.0000
vn -0.9578 0.2873 -0.0000
vn -0.9811 0.1934 0.0014
vn -0.9985 0.0532 0.0094
vn -0.9848 0.1733 0.0149
vn -0.0000 0.2964 0.9551
vn -0.0000 0.8057 0.5924
vn 0.9578 0.2873 -0.0000
vn 0.9848 0.1733 0.0149
vn 0.9811 0.1934 0.0014
vn 0.9985 0.0532 0.0094
vn -0.0000 -0.3287 0.9444
vn -0.0000 -0.4515 0.8923
vn -0.0000 -0.6709 0.7415
vn -0.0000 -0.7637 0.6456
vn -0.0001 -0.6711 0.7413
vn 0.9578 0.2873 0.0054
vn 0.9587 0.2843 0.0036
vn 0.9612 0.2757 0.0037
vn 0.9630 0.2696 -0.0000
vn -0.0000 0.5556 0.8315
vn -0.0000 0.5556 -0.8315
vn -0.0000 0.9997 0.0263
vn -0.0000 0.9996 -0.0271
vn -0.1593 -0.9872 -0.0000
vn -0.5165 0.8563 -0.0000
vn -0.2992 0.9542 -0.0000
vn -0.5350 0.8449 -0.0000
vn -0.4598 0.8880 -0.0000
vn -0.8880 -0.4598 -0.0000
vn 0.4598 -0.8880 -0.0000
vn -0.3145 -0.9492 -0.0000
vn -0.5711 0.8209 -0.0000
vn -0.0000 -1.0000 -0.0001
vn 0.9492 -0.3146 -0.0000
vn -0.9492 0.3146 -0.0000
vn -0.3146 -0.9492 -0.0000
vn 0.5774 -0.5773 -0.5774
vn 0.5774 -0.5773 0.5774
vn -0.5774 -0.5773 -0.5773
vn -0.5774 -0.5773 0.5773
vn -0.0003 -0.7071 -0.7071
vn 0.5774 -0.5774 -0.5774
vn 0.0002 -0.7071 -0.7071
vn -0.5774 -0.5773 -0.5774
vn -0.5774 -0.5773 0.5774
vn 0.5773 -0.5774 0.5774
vn -0.6325 -0.6325 -0.4472
vn -0.2415 -0.2415 -0.9399
vn 0.6646 0.6646 -0.3415
vn 0.2819 0.2819 -0.9171
vn 0.6325 0.6325 0.4472
vn 0.2415 0.2415 0.9399
vn -0.2819 -0.2819 0.9171
vn -0.2820 -0.2820 0.9171
vn -0.6646 -0.6646 0.3415
vn -0.9591 -0.2830 -0.0000
vn -0.9999 0.0153 -0.0000
vn 0.9959 -0.0908 -0.0000
vn 0.9999 0.0145 -0.0000
vn 0.9959 -0.0906 -0.0000
vn -0.9592 -0.2827 -0.0000
vn 0.0566 -0.0105 -0.9983
vn 0.0480 -0.0095 -0.9988
vn -0.9808 -0.1951 -0.0000
vn 0.0073 -1.0000 -0.0000
vn 0.1469 -0.0000 -0.9891
vn 0.1467 -0.0020 -0.9892
vn -0.0071 1.0000 -0.0000
vn -0.0566 0.0105 0.9983
vn -0.0480 0.0095 0.9988
vn -0.1467 0.0020 0.9892
vn -0.1469 -0.0000 0.9891
vn -0.8315 0.5556 -0.0000
vn 0.5981 -0.8014 -0.0000
vn 0.7253 -0.6884 -0.0000
vn -0.5982 -0.8014 -0.0000
vn -0.7253 -0.6884 -0.0000
vn -0.6125 -0.3534 -0.7071
vn -0.3315 -0.1913 -0.9239
vn 0.4998 -0.8661 -0.0000
vn -0.3649 0.8813 0.3003
vn -0.2735 0.9340 0.2299
vn -0.2125 0.9692 0.1244
vn -0.8002 -0.4617 -0.3827
vn 0.4998 -0.8662 -0.0000
vn -0.8661 -0.4998 -0.0000
vn -0.8002 -0.4617 0.3827
vn -0.1911 0.9816 -0.0000
vn -0.2125 0.9692 -0.1244
vn -0.2735 0.9340 -0.2299
vn -0.6125 -0.3534 0.7071
vn -0.3315 -0.1913 0.9239
vn -0.3649 0.8813 -0.3003
vn 0.3315 0.1913 0.9239
vn -0.4726 0.8191 -0.3251
vn -0.5804 0.7569 -0.3003
vn 0.6125 0.3534 0.7071
vn -0.6718 0.7042 -0.2299
vn -0.7328 0.6690 -0.1244
vn 0.8002 0.4617 0.3827
vn -0.7542 0.6566 -0.0000
vn 0.8661 0.4998 -0.0000
vn 0.4999 -0.8661 -0.0000
vn 0.8002 0.4617 -0.3827
vn 0.6125 0.3534 -0.7071
vn -0.7328 0.6690 0.1244
vn -0.6718 0.7042 0.2299
vn 0.3315 0.1913 -0.9239
vn -0.5804 0.7569 0.3003
vn -0.4726 0.8191 0.3251
vn -0.4998 0.8661 -0.0000
vn -0.4998 0.8662 -0.0000
vn -0.1094 -0.0631 0.9920
vn 0.7271 0.4196 0.5433
vn 0.1094 0.0631 -0.9920
vn 0.4997 -0.8662 -0.0000
vn -0.8271 -0.4773 -0.2968
vn 0.8271 0.4773 0.2968
vn -0.2219 -0.1281 0.9666
vn -0.7271 -0.4196 -0.5433
vn -0.7271 -0.4196 -0.5434
vn 0.8271 0.4773 0.2967
vn 0.2219 0.1281 -0.9666
vn 0.1624 0.1624 -0.9733
vn -0.6433 -0.6433 -0.4151
vn 0.6760 0.6760 0.2935
vn 0.6433 0.6433 0.4151
vn 0.5998 0.5998 0.5296
vn -0.4134 -0.4134 0.8113
vn 0.5737 0.5737 0.5846
vn 0.3718 0.3718 0.8506
vn 0.1134 0.1134 0.9871
vn -0.2075 -0.2075 0.9560
vn -0.3745 -0.3745 0.8482
vn -0.4504 -0.4504 0.7709
vn -0.2935 -0.2935 0.9098
vn -0.5737 -0.5737 -0.5846
vn -0.6014 -0.6014 0.5259
vn 0.6882 0.6882 0.2296
vn 0.2935 0.2935 -0.9098
vn -0.6014 -0.6015 0.5258
vn -0.6980 -0.6980 0.1603
vn -0.6889 -0.6889 0.2253
vn -0.6882 -0.6882 -0.2296
vn -0.0000 0.2900 -0.9570
vn -0.0000 0.2903 -0.9569
vn -0.1624 -0.1624 0.9733
vn -0.1800 -0.1800 0.9670
vn 0.3546 0.3546 -0.8652
vn 0.4134 0.4134 -0.8113
vn 0.6014 0.6014 -0.5259
vn 0.3745 0.3745 -0.8482
vn -0.1134 -0.1134 -0.9871
vn 0.2075 0.2075 -0.9560
vn -0.3718 -0.3718 -0.8506
vn -0.5998 -0.5998 -0.5296
vn -0.6760 -0.6760 -0.2935
vn -0.3117 -0.3117 -0.8976
vn 0.0250 0.0250 -0.9994
vn -0.7067 -0.7067 -0.0353
vn -0.0250 -0.0250 0.9994
vn 0.6980 0.6980 -0.1603
vn 0.5803 0.5803 -0.5715
vn 0.6624 0.6624 -0.3498
vn -0.0000 0.9808 -0.1951
vn -0.0000 0.9716 -0.2366
vn 0.5173 0.5173 -0.6817
vn 0.5173 0.5174 -0.6817
vn 0.7071 0.7071 -0.0054
vn 0.7067 0.7067 0.0353
vn 0.0001 0.3826 -0.9239
vn 0.7066 0.7066 0.0393
vn -0.0999 -0.0999 0.9900
vn -0.1001 -0.1001 0.9899
vn -0.2077 -0.2077 0.9559
vn -0.7066 0.7070 0.0294
vn -0.7069 0.7072 0.0147
vn 0.2226 0.3100 0.9243
vn 0.2227 0.3099 0.9243
vn 0.5384 0.7621 0.3597
vn -0.0188 0.9997 -0.0126
vn 0.3597 0.7621 -0.5384
vn -0.5384 0.7621 -0.3597
vn 0.0188 0.9997 0.0126
vn -0.3597 0.7621 0.5384
vn 0.0126 0.9997 -0.0188
vn -0.0126 0.9997 0.0188
vt 0.391310 0.910403
vt 0.354254 0.987590
vt 0.346175 0.907063
vt 0.392204 0.994918
vt 0.470647 0.909563
vt 0.471541 0.994078
vt 0.837308 0.139058
vt 0.800775 0.057390
vt 0.837308 0.001534
vt 0.795126 0.030185
vt 0.779041 0.007122
vt 0.770311 0.001534
vt 0.596303 0.663456
vt 0.591948 0.644114
vt 0.692773 0.638388
vt 0.598466 0.670437
vt 0.695787 0.657807
vt 0.690995 0.618899
vt 0.589699 0.624651
vt 0.589730 0.605059
vt 0.690555 0.599334
vt 0.795126 0.084595
vt 0.801525 0.139058
vt 0.779041 0.107658
vt 0.591867 0.585348
vt 0.754968 0.123068
vt 0.595616 0.565545
vt 0.691351 0.579698
vt 0.693094 0.560009
vt 0.600238 0.545692
vt 0.695349 0.540291
vt 0.604479 0.528444
vt 0.697223 0.523178
vt 0.705491 0.139058
vt 0.701970 0.123065
vt 0.726571 0.128479
vt 0.478816 0.715652
vt 0.627495 0.697245
vt 0.627445 0.715285
vt 0.477228 0.697245
vt 0.864167 0.926509
vt 0.908246 0.988069
vt 0.864167 0.988069
vt 0.815194 0.595718
vt 0.905016 0.561591
vt 0.900025 0.605386
vt 0.820185 0.551924
vt 0.807900 0.659726
vt 0.892731 0.669393
vt 0.813291 0.722828
vt 0.908246 0.926509
vt 0.972668 0.926509
vt 0.972668 0.988069
vt 0.905016 0.729715
vt 0.972668 0.900864
vt 0.007897 0.785207
vt 0.033102 0.780480
vt 0.033102 0.872462
vt 0.007897 0.877190
vt 0.097524 0.780480
vt 0.097524 0.872462
vt 0.122729 0.785207
vt 0.122729 0.877190
vt 0.166807 0.785207
vt 0.166807 0.877190
vt 0.497078 0.907063
vt 0.491709 0.989673
vt 0.908246 0.900864
vt 0.697223 0.664829
vt 0.004109 0.663742
vt 0.493790 0.674512
vt 0.004109 0.674513
vt 0.004109 0.651898
vt 0.493789 0.641126
vt 0.493789 0.651898
vt 0.004109 0.537759
vt 0.493789 0.526988
vt 0.493789 0.537760
vt 0.301302 0.471804
vt 0.277569 0.472260
vt 0.301228 0.467929
vt 0.493790 0.515146
vt 0.004109 0.504372
vt 0.493790 0.504375
vt 0.004109 0.595542
vt 0.493789 0.606314
vt 0.004109 0.606313
vt 0.004109 0.481403
vt 0.493790 0.492177
vt 0.004109 0.492174
vt 0.004109 0.686711
vt 0.493790 0.697482
vt 0.004109 0.697482
vt 0.004109 0.549958
vt 0.493789 0.560730
vt 0.004109 0.560729
vt 0.004109 0.572572
vt 0.493789 0.583344
vt 0.004109 0.583344
vt 0.420326 0.471597
vt 0.396522 0.471638
vt 0.404816 0.464764
vt 0.444129 0.471970
vt 0.420320 0.467710
vt 0.420388 0.467710
vt 0.372717 0.471679
vt 0.388029 0.456329
vt 0.396500 0.459428
vt 0.253836 0.472716
vt 0.254995 0.444777
vt 0.491733 0.472716
vt 0.468369 0.444389
vt 0.468865 0.444363
vt 0.348912 0.471721
vt 0.333620 0.456424
vt 0.347162 0.443733
vt 0.467931 0.472343
vt 0.444320 0.459761
vt 0.452834 0.456781
vt 0.372177 0.443689
vt 0.372668 0.443722
vt 0.325107 0.471763
vt 0.301295 0.467917
vt 0.317254 0.464917
vt 0.004109 0.709326
vt 0.004109 0.618157
vt 0.004109 0.515144
vt 0.004109 0.526988
vt 0.493789 0.628928
vt 0.004109 0.641127
vt 0.004109 0.628928
vt 0.493790 0.663740
vt 0.493789 0.595542
vt 0.493790 0.481405
vt 0.493790 0.686710
vt 0.493789 0.549958
vt 0.493789 0.572572
vt 0.493790 0.709324
vt 0.493789 0.618156
vt 0.277344 0.460533
vt 0.285254 0.465272
vt 0.435931 0.464981
vt 0.268761 0.457147
vt 0.253197 0.439491
vt 0.492255 0.439395
vt 0.325086 0.460000
vt 0.348854 0.438394
vt 0.356001 0.904757
vt 0.334660 0.881718
vt 0.366213 0.891970
vt 0.367875 0.947889
vt 0.361330 0.978604
vt 0.352588 0.965340
vt 0.160064 0.952397
vt 0.181894 0.953211
vt 0.181940 0.982506
vt 0.311311 0.902721
vt 0.282805 0.915898
vt 0.302306 0.889058
vt 0.295565 0.944594
vt 0.297675 0.921490
vt 0.213954 0.896348
vt 0.221620 0.876991
vt 0.227493 0.896965
vt 0.383191 0.920473
vt 0.383191 0.953649
vt 0.188929 0.962894
vt 0.199520 0.971351
vt 0.238876 0.900664
vt 0.330523 0.972510
vt 0.329778 0.988856
vt 0.299289 0.975777
vt 0.309201 0.963363
vt 0.210519 0.976069
vt 0.279788 0.948937
vt 0.223663 0.976668
vt 0.216143 0.997178
vt 0.276062 0.957682
vt 0.254248 0.956508
vt 0.258880 0.944192
vt 0.367875 0.924689
vt 0.249158 0.908874
vt 0.257015 0.888491
vt 0.311312 0.902721
vt 0.333937 0.897588
vt 0.276062 0.920465
vt 0.157783 0.800077
vt 0.127310 0.826661
vt 0.127310 0.800077
vt 0.157783 0.826661
vt 0.127310 0.853245
vt 0.127310 0.879828
vt 0.157783 0.906412
vt 0.127310 0.906412
vt 0.157783 0.853245
vt 0.127310 0.959579
vt 0.157783 0.932995
vt 0.157783 0.959579
vt 0.127310 0.932995
vt 0.157783 0.720327
vt 0.127310 0.746910
vt 0.127310 0.720327
vt 0.127310 0.986163
vt 0.157783 0.746910
vt 0.127310 0.773494
vt 0.157783 0.773494
vt 0.235046 0.972970
vt 0.251538 0.985677
vt 0.163449 0.915334
vt 0.184261 0.915920
vt 0.179491 0.928606
vt 0.185325 0.885225
vt 0.191296 0.906238
vt 0.258880 0.932224
vt 0.255283 0.919157
vt 0.246362 0.965511
vt 0.202282 0.898996
vt 0.178402 0.940525
vt 0.157783 0.879828
vt 0.157783 0.986163
vt 0.121108 0.909020
vt 0.121108 0.926152
vt 0.006943 0.926152
vt 0.006943 0.943285
vt 0.006943 0.909020
vt 0.121108 0.891887
vt 0.006943 0.891887
vt 0.121108 0.874754
vt 0.121108 0.857621
vt 0.006943 0.874754
vt 0.121108 0.840489
vt 0.006943 0.857621
vt 0.006943 0.840489
vt 0.121108 0.823356
vt 0.006943 0.823356
vt 0.121108 0.806223
vt 0.121108 0.789091
vt 0.006943 0.806223
vt 0.121108 0.771958
vt 0.006943 0.789090
vt 0.006943 0.771958
vt 0.121108 0.754825
vt 0.006943 0.754825
vt 0.121108 0.737693
vt 0.121108 0.720560
vt 0.006943 0.737692
vt 0.121108 0.977550
vt 0.121108 0.994683
vt 0.006943 0.994683
vt 0.006943 0.720560
vt 0.006943 0.977551
vt 0.121108 0.960418
vt 0.006943 0.960418
vt 0.121108 0.943285
vt 0.488860 0.768378
vt 0.447695 0.768378
vt 0.447695 0.744128
vt 0.488860 0.744128
vt 0.488861 0.719877
vt 0.447695 0.719877
vt 0.354757 0.948455
vt 0.333755 0.960581
vt 0.312753 0.948455
vt 0.312753 0.924205
vt 0.333755 0.912079
vt 0.488860 0.792629
vt 0.447695 0.792629
vt 0.488860 0.816880
vt 0.447695 0.816880
vt 0.354042 0.924157
vt 0.353965 0.924203
vt 0.334094 0.911744
vt 0.488860 0.841131
vt 0.334093 0.911652
vt 0.313270 0.922945
vt 0.338830 0.909901
vt 0.314094 0.917876
vt 0.329395 0.910035
vt 0.442660 0.767531
vt 0.442660 0.777568
vt 0.396920 0.777568
vt 0.442660 0.792924
vt 0.396920 0.792924
vt 0.235647 0.916974
vt 0.245366 0.912029
vt 0.243325 0.930273
vt 0.252466 0.924328
vt 0.243325 0.940309
vt 0.396920 0.767531
vt 0.252466 0.946254
vt 0.396920 0.752175
vt 0.235647 0.953608
vt 0.291720 0.784633
vt 0.392537 0.768847
vt 0.392537 0.784633
vt 0.291720 0.768847
vt 0.245366 0.958552
vt 0.392537 0.758622
vt 0.291720 0.758622
vt 0.392537 0.742835
vt 0.291720 0.742835
vt 0.392537 0.732610
vt 0.291720 0.732610
vt 0.291720 0.716824
vt 0.392537 0.716824
vt 0.291720 0.862667
vt 0.392537 0.872892
vt 0.291720 0.872892
vt 0.291720 0.846881
vt 0.392537 0.846881
vt 0.392537 0.862667
vt 0.186087 0.924328
vt 0.195229 0.940309
vt 0.186087 0.946254
vt 0.392537 0.836656
vt 0.193188 0.912029
vt 0.202907 0.916974
vt 0.195229 0.930273
vt 0.202907 0.953608
vt 0.396920 0.853746
vt 0.442660 0.869102
vt 0.396920 0.869102
vt 0.396920 0.843709
vt 0.442660 0.843709
vt 0.442659 0.853746
vt 0.330739 0.959126
vt 0.330732 0.959224
vt 0.325726 0.960657
vt 0.311569 0.945697
vt 0.335686 0.961422
vt 0.396920 0.828353
vt 0.442660 0.828353
vt 0.312213 0.950554
vt 0.311649 0.945655
vt 0.307924 0.942370
vt 0.396920 0.802960
vt 0.442660 0.802960
vt 0.442660 0.818316
vt 0.309403 0.926019
vt 0.313190 0.922899
vt 0.396920 0.818316
vt 0.226377 0.901067
vt 0.226955 0.911955
vt 0.211599 0.911955
vt 0.392537 0.810645
vt 0.392537 0.820869
vt 0.291720 0.820869
vt 0.212176 0.901067
vt 0.291720 0.810645
vt 0.392537 0.794858
vt 0.291720 0.836656
vt 0.291720 0.794858
vt 0.354100 0.948786
vt 0.353705 0.954167
vt 0.354196 0.948810
vt 0.396920 0.726782
vt 0.396920 0.716746
vt 0.442660 0.716746
vt 0.442660 0.726782
vt 0.357783 0.944913
vt 0.354100 0.948784
vt 0.357783 0.927167
vt 0.442660 0.742139
vt 0.396920 0.742138
vt 0.442660 0.752175
vt 0.353117 0.919356
vt 0.226955 0.958626
vt 0.226377 0.969515
vt 0.211599 0.958626
vt 0.212176 0.969515
vt 0.193188 0.958552
vt 0.488860 0.865382
vt 0.447695 0.841131
vt 0.447695 0.865382
vt 0.354757 0.924205
vt 0.288084 0.718002
vt 0.165313 0.735761
vt 0.165313 0.718002
vt 0.165313 0.872239
vt 0.288084 0.864292
vt 0.288084 0.872239
vt 0.165313 0.864292
vt 0.192634 0.914851
vt 0.213994 0.902519
vt 0.215593 0.913407
vt 0.201264 0.921680
vt 0.197344 0.928470
vt 0.187115 0.924410
vt 0.197344 0.945015
vt 0.187115 0.949075
vt 0.288084 0.846533
vt 0.165313 0.846533
vt 0.392349 0.903390
vt 0.392349 0.897117
vt 0.489927 0.897117
vt 0.489927 0.883881
vt 0.392349 0.883881
vt 0.192634 0.958634
vt 0.201264 0.951806
vt 0.165313 0.838586
vt 0.213994 0.970967
vt 0.288084 0.820827
vt 0.165313 0.820827
vt 0.288084 0.838586
vt 0.288084 0.812880
vt 0.288084 0.795121
vt 0.165313 0.812880
vt 0.165313 0.795121
vt 0.288084 0.787174
vt 0.165313 0.787173
vt 0.288084 0.769415
vt 0.251912 0.949076
vt 0.241683 0.945015
vt 0.251912 0.924410
vt 0.165313 0.769414
vt 0.246393 0.958634
vt 0.392349 0.936135
vt 0.489927 0.942407
vt 0.392349 0.942407
vt 0.237762 0.951806
vt 0.489927 0.955643
vt 0.392349 0.955643
vt 0.241682 0.928470
vt 0.489927 0.961916
vt 0.329867 0.911942
vt 0.337707 0.911943
vt 0.352036 0.920215
vt 0.392349 0.961916
vt 0.311618 0.927005
vt 0.489927 0.975152
vt 0.392349 0.975152
vt 0.315538 0.920215
vt 0.223434 0.913407
vt 0.225032 0.902519
vt 0.237762 0.921680
vt 0.489927 0.981424
vt 0.392349 0.981424
vt 0.165313 0.743708
vt 0.288084 0.735761
vt 0.288084 0.743708
vt 0.165313 0.761467
vt 0.246393 0.914851
vt 0.288084 0.761467
vt 0.337707 0.958613
vt 0.315538 0.950341
vt 0.311618 0.943550
vt 0.392349 0.994660
vt 0.489927 0.994660
vt 0.392349 0.877609
vt 0.489927 0.877609
vt 0.329867 0.958613
vt 0.489927 0.903390
vt 0.355956 0.943550
vt 0.352036 0.950341
vt 0.392349 0.916626
vt 0.489927 0.916626
vt 0.489927 0.922899
vt 0.489927 0.936135
vt 0.355956 0.927005
vt 0.392349 0.922898
vt 0.223434 0.960078
vt 0.225032 0.970967
vt 0.215593 0.960078
vt 0.155895 0.173063
vt 0.160594 0.183837
vt 0.155895 0.182902
vt 0.152130 0.191992
vt 0.145172 0.198949
vt 0.156113 0.194654
vt 0.147834 0.202933
vt 0.137017 0.207413
vt 0.136083 0.202714
vt 0.126244 0.202714
vt 0.125309 0.207413
vt 0.065109 0.385938
vt 0.005089 0.367539
vt 0.065109 0.367539
vt 0.005089 0.349140
vt 0.065109 0.349140
vt 0.150423 0.270724
vt 0.144671 0.266880
vt 0.148843 0.256807
vt 0.155629 0.258157
vt 0.005089 0.330742
vt 0.155629 0.244555
vt 0.148843 0.245904
vt 0.140805 0.280342
vt 0.136961 0.274590
vt 0.065109 0.312343
vt 0.005089 0.312343
vt 0.065109 0.330742
vt 0.110196 0.191992
vt 0.114492 0.202933
vt 0.106213 0.194654
vt 0.106431 0.182902
vt 0.005089 0.293944
vt 0.065109 0.293944
vt 0.101732 0.183837
vt 0.106431 0.173063
vt 0.110196 0.163973
vt 0.101732 0.172128
vt 0.117154 0.157016
vt 0.106213 0.161311
vt 0.114492 0.153032
vt 0.125309 0.148552
vt 0.126244 0.153251
vt 0.065109 0.220349
vt 0.005089 0.220349
vt 0.005089 0.201950
vt 0.005089 0.238748
vt 0.065109 0.238748
vt 0.137017 0.148552
vt 0.065109 0.201950
vt 0.005089 0.183551
vt 0.087245 0.244555
vt 0.098203 0.235831
vt 0.094030 0.245904
vt 0.094030 0.256807
vt 0.076216 0.389861
vt 0.074331 0.373234
vt 0.081111 0.372670
vt 0.092451 0.231988
vt 0.072517 0.356599
vt 0.087245 0.258157
vt 0.081476 0.370220
vt 0.077851 0.389132
vt 0.077741 0.389688
vt 0.077744 0.389714
vt 0.083763 0.403796
vt 0.077810 0.406516
vt 0.084560 0.405666
vt 0.079480 0.423165
vt 0.088581 0.416250
vt 0.090610 0.417712
vt 0.094841 0.420899
vt 0.072759 0.156585
vt 0.088173 0.157580
vt 0.093745 0.167033
vt 0.097844 0.174628
vt 0.071168 0.173154
vt 0.099039 0.181551
vt 0.100535 0.191410
vt 0.070012 0.189758
vt 0.098664 0.197976
vt 0.128238 0.217164
vt 0.140805 0.222370
vt 0.136961 0.228122
vt 0.144671 0.235831
vt 0.150423 0.231988
vt 0.096049 0.207804
vt 0.069370 0.206390
vt 0.084596 0.223706
vt 0.069165 0.223033
vt 0.089136 0.217216
vt 0.078882 0.228850
vt 0.076601 0.237444
vt 0.075984 0.239829
vt 0.069343 0.256321
vt 0.071036 0.255772
vt 0.069218 0.239677
vt 0.070870 0.256310
vt 0.070878 0.256337
vt 0.075382 0.270976
vt 0.075977 0.272919
vt 0.069175 0.273054
vt 0.069082 0.289787
vt 0.078861 0.283868
vt 0.080726 0.285536
vt 0.084598 0.289151
vt 0.069244 0.306520
vt 0.091168 0.298013
vt 0.096069 0.305172
vt 0.069844 0.323242
vt 0.097997 0.311967
vt 0.100535 0.321666
vt 0.070961 0.339938
vt 0.099359 0.328428
vt 0.092451 0.270724
vt 0.105912 0.274590
vt 0.102069 0.280342
vt 0.098203 0.266880
vt 0.097784 0.338530
vt 0.091868 0.348671
vt 0.088016 0.355640
vt 0.082846 0.361387
vt 0.065109 0.275545
vt 0.005089 0.275545
vt 0.005089 0.257147
vt 0.065109 0.257147
vt 0.115985 0.278762
vt 0.114636 0.285548
vt 0.126888 0.278762
vt 0.128238 0.285548
vt 0.065109 0.404337
vt 0.005089 0.404337
vt 0.005089 0.385938
vt 0.065109 0.422735
vt 0.005089 0.422736
vt 0.126888 0.223949
vt 0.005089 0.441134
vt 0.114636 0.217164
vt 0.115985 0.223949
vt 0.102069 0.222370
vt 0.105912 0.228122
vt 0.065109 0.146754
vt 0.005089 0.165153
vt 0.005089 0.146754
vt 0.065109 0.441134
vt 0.160594 0.172128
vt 0.152130 0.163973
vt 0.156113 0.161311
vt 0.065109 0.165153
vt 0.145172 0.157016
vt 0.147834 0.153032
vt 0.065109 0.183551
vt 0.136083 0.153251
vt 0.117154 0.198949
vt 0.196143 0.315581
vt 0.164234 0.315581
vt 0.180188 0.295579
vt 0.164234 0.335582
vt 0.196143 0.335582
vt 0.196143 0.295579
vt 0.196143 0.355584
vt 0.196142 0.175568
vt 0.164234 0.155566
vt 0.196143 0.155566
vt 0.164234 0.355584
vt 0.164234 0.175568
vt 0.152477 0.371766
vt 0.133454 0.377947
vt 0.114432 0.319400
vt 0.152477 0.319400
vt 0.169251 0.290562
vt 0.164234 0.295579
vt 0.164234 0.275577
vt 0.133455 0.313220
vt 0.102675 0.355584
vt 0.169251 0.280593
vt 0.180188 0.275577
vt 0.164234 0.255575
vt 0.102675 0.335582
vt 0.196143 0.255575
vt 0.164234 0.235573
vt 0.196143 0.235573
vt 0.164234 0.215571
vt 0.114432 0.371766
vt 0.196143 0.195570
vt 0.164234 0.195570
vt 0.196143 0.215571
vt 0.196143 0.275577
vt 0.199887 0.397553
vt 0.100248 0.390350
vt 0.199393 0.385157
vt 0.200033 0.404920
vt 0.100643 0.400267
vt 0.175172 0.280593
vt 0.099896 0.384466
vt 0.100760 0.416084
vt 0.094866 0.416084
vt 0.094866 0.406160
vt 0.198953 0.377802
vt 0.100760 0.406160
vt 0.200033 0.417325
vt 0.175172 0.290562
vt 0.200912 0.003544
vt 0.181279 0.142712
vt 0.181279 0.003544
vt 0.161646 0.003544
vt 0.161646 0.142712
vt 0.142013 0.003544
vt 0.142013 0.142712
vt 0.122381 0.003544
vt 0.122381 0.142712
vt 0.102748 0.003544
vt 0.102748 0.142712
vt 0.083115 0.003544
vt 0.083115 0.142712
vt 0.063482 0.003544
vt 0.063482 0.142712
vt 0.043849 0.003544
vt 0.043849 0.142712
vt 0.024216 0.003544
vt 0.024216 0.142712
vt 0.004584 0.003544
vt 0.004584 0.142712
vt 0.200912 0.142712
vt 0.897260 0.262047
vt 0.693452 0.262047
vt 0.693452 0.176211
vt 0.678061 0.176211
vt 0.897260 0.176212
vt 0.678715 0.171772
vt 0.672611 0.106677
vt 0.911997 0.095960
vt 0.918102 0.161054
vt 0.911997 0.171772
vt 0.912652 0.262047
vt 0.912652 0.176212
vt 0.991697 0.091520
vt 0.979363 0.005684
vt 0.991697 0.005684
vt 0.979363 0.091520
vt 0.911997 0.266487
vt 0.918102 0.277205
vt 0.918102 0.331582
vt 0.924986 0.005684
vt 0.897260 0.346739
vt 0.678715 0.342299
vt 0.912652 0.005684
vt 0.924986 0.091520
vt 0.911997 0.342299
vt 0.912652 0.091520
vt 0.897260 0.005684
vt 0.897260 0.091520
vt 0.693452 0.005684
vt 0.693452 0.346739
vt 0.693452 0.091520
vt 0.678061 0.091520
vt 0.678061 0.005684
vt 0.665727 0.091520
vt 0.665727 0.005684
vt 0.678715 0.095960
vt 0.672611 0.331581
vt 0.672611 0.277204
vt 0.611350 0.091520
vt 0.611350 0.005684
vt 0.599016 0.005684
vt 0.678715 0.266487
vt 0.599016 0.091520
vt 0.678061 0.262047
vt 0.672611 0.161054
vt 0.918102 0.106677
vt 0.924365 0.143670
vt 0.955999 0.165434
vt 0.924365 0.165434
vt 0.589823 0.263610
vt 0.559994 0.263709
vt 0.570975 0.252729
vt 0.545093 0.237900
vt 0.924365 0.121907
vt 0.955999 0.143670
vt 0.560093 0.233881
vt 0.955999 0.121907
vt 0.564377 0.233069
vt 0.564377 0.213482
vt 0.574170 0.196519
vt 0.591133 0.186725
vt 0.610720 0.186725
vt 0.924365 0.100143
vt 0.955999 0.100143
vt 0.627684 0.250032
vt 0.924365 0.339542
vt 0.955999 0.339542
vt 0.955999 0.361305
vt 0.924365 0.361305
vt 0.637477 0.213481
vt 0.627684 0.196518
vt 0.924365 0.317778
vt 0.955999 0.317778
vt 0.589823 0.182388
vt 0.585803 0.167388
vt 0.615605 0.167388
vt 0.611586 0.182388
vt 0.570975 0.193269
vt 0.924365 0.296015
vt 0.630434 0.193269
vt 0.924365 0.274251
vt 0.955999 0.296015
vt 0.637477 0.233069
vt 0.955999 0.274251
vt 0.924365 0.252488
vt 0.656316 0.208098
vt 0.641316 0.212117
vt 0.641415 0.182288
vt 0.417608 0.408386
vt 0.417608 0.357840
vt 0.444064 0.357840
vt 0.391153 0.357840
vt 0.616499 0.161627
vt 0.653846 0.169062
vt 0.644890 0.178018
vt 0.391153 0.408386
vt 0.583717 0.161626
vt 0.619778 0.149392
vt 0.444064 0.408386
vt 0.964383 0.260771
vt 0.964383 0.228585
vt 0.992853 0.228585
vt 0.580439 0.149392
vt 0.992853 0.196399
vt 0.964383 0.196399
vt 0.546371 0.169061
vt 0.964383 0.164213
vt 0.992853 0.164213
vt 0.964383 0.132027
vt 0.555327 0.178017
vt 0.526701 0.203129
vt 0.992853 0.132027
vt 0.992853 0.099840
vt 0.964382 0.099841
vt 0.964383 0.486074
vt 0.992853 0.453888
vt 0.992853 0.486075
vt 0.964383 0.421702
vt 0.992853 0.421702
vt 0.964383 0.453888
vt 0.555326 0.267580
vt 0.546370 0.276536
vt 0.526701 0.242468
vt 0.580438 0.296206
vt 0.583716 0.283971
vt 0.232420 0.357840
vt 0.258875 0.408386
vt 0.232419 0.408386
vt 0.538935 0.239190
vt 0.205964 0.357839
vt 0.205964 0.408386
vt 0.560093 0.212117
vt 0.545093 0.208098
vt 0.559994 0.182289
vt 0.496975 0.408386
vt 0.496975 0.357839
vt 0.523431 0.357839
vt 0.523431 0.408386
vt 0.538936 0.206407
vt 0.470519 0.357840
vt 0.470519 0.408386
vt 0.258875 0.357840
vt 0.285331 0.408386
vt 0.616498 0.283972
vt 0.619777 0.296206
vt 0.964383 0.389516
vt 0.992853 0.389516
vt 0.992853 0.357330
vt 0.964383 0.357330
vt 0.653845 0.276537
vt 0.992853 0.325144
vt 0.964383 0.325144
vt 0.661280 0.239191
vt 0.673515 0.242469
vt 0.644889 0.267581
vt 0.311786 0.357840
vt 0.338242 0.408386
vt 0.311786 0.408386
vt 0.338242 0.357840
vt 0.364697 0.408386
vt 0.661280 0.206408
vt 0.673515 0.203130
vt 0.964383 0.292957
vt 0.992853 0.260771
vt 0.992853 0.292957
vt 0.364697 0.357840
vt 0.630434 0.252728
vt 0.641316 0.233880
vt 0.656316 0.237900
vt 0.641415 0.263709
vt 0.924365 0.208961
vt 0.955998 0.230724
vt 0.924365 0.230724
vt 0.955999 0.252488
vt 0.591134 0.259825
vt 0.574170 0.250032
vt 0.955998 0.208961
vt 0.610721 0.259825
vt 0.924365 0.187197
vt 0.955999 0.187197
vt 0.611586 0.263610
vt 0.615606 0.278610
vt 0.585804 0.278610
vt 0.285331 0.357840
vt 0.883271 0.619389
vt 0.883271 0.568775
vt 0.921231 0.568775
vt 0.921231 0.492855
vt 0.883271 0.492855
vt 0.832657 0.568775
vt 0.832657 0.492855
vt 0.921231 0.619389
vt 0.883271 0.442241
vt 0.921231 0.442241
vt 0.959192 0.442241
vt 0.984498 0.492855
vt 0.984499 0.568775
vt 0.959192 0.619389
vt 0.351630 0.321423
vt 0.454123 0.321423
vt 0.454123 0.347046
vt 0.479746 0.259927
vt 0.479746 0.321423
vt 0.249137 0.347046
vt 0.249137 0.321423
vt 0.223514 0.259927
vt 0.223514 0.321423
vt 0.249137 0.234304
vt 0.454123 0.234304
vt 0.454123 0.259927
vt 0.249137 0.259927
vt 0.351630 0.259927
vt 0.267468 0.303092
vt 0.267468 0.278258
vt 0.309549 0.278258
vt 0.797502 0.424548
vt 0.725589 0.464304
vt 0.707610 0.424548
vt 0.821847 0.506743
vt 0.779524 0.464304
vt 0.821847 0.453695
vt 0.351630 0.303092
vt 0.309549 0.303092
vt 0.351630 0.278258
vt 0.393711 0.303092
vt 0.393711 0.278258
vt 0.435792 0.278258
vt 0.823696 0.453320
vt 0.823696 0.506368
vt 0.781373 0.495759
vt 0.709459 0.535515
vt 0.799351 0.535515
vt 0.685114 0.453320
vt 0.727437 0.495759
vt 0.685114 0.506368
vt 0.435792 0.303092
vt 0.727437 0.463930
vt 0.781373 0.463930
vt 0.799351 0.424173
vt 0.709459 0.424173
vt 0.779524 0.496134
vt 0.707610 0.535890
vt 0.725589 0.496134
vt 0.797502 0.535890
vt 0.683265 0.506743
vt 0.683265 0.453695
vt 0.517226 0.091427
vt 0.537844 0.133077
vt 0.530758 0.133077
vt 0.522958 0.178892
vt 0.517225 0.174727
vt 0.481796 0.200468
vt 0.765195 0.372591
vt 0.808881 0.372591
vt 0.808881 0.415431
vt 0.483985 0.207207
vt 0.852567 0.372591
vt 0.438002 0.200468
vt 0.402573 0.174727
vt 0.435813 0.207207
vt 0.721509 0.372591
vt 0.765195 0.415431
vt 0.721509 0.415431
vt 0.396840 0.178892
vt 0.677823 0.372591
vt 0.320680 0.058756
vt 0.374539 0.132886
vt 0.320680 0.207016
vt 0.359652 0.178701
vt 0.233535 0.178701
vt 0.677823 0.415431
vt 0.272507 0.207016
vt 0.634137 0.372591
vt 0.634137 0.415431
vt 0.590451 0.372591
vt 0.389040 0.133077
vt 0.381954 0.133077
vt 0.396840 0.087262
vt 0.402573 0.091427
vt 0.435813 0.058946
vt 0.438003 0.065686
vt 0.483986 0.058946
vt 0.541572 0.087669
vt 0.541572 0.039497
vt 0.588812 0.039497
vt 0.588812 -0.000272
vt 0.541572 -0.000272
vt 0.396840 0.019178
vt 0.435813 0.019178
vt 0.590451 0.415431
vt 0.528708 0.372591
vt 0.528708 0.415431
vt 0.359652 0.087071
vt 0.359652 0.018988
vt 0.320680 0.018988
vt 0.588812 0.087669
vt 0.541572 0.127438
vt 0.483986 0.019178
vt 0.522958 0.019178
vt 0.522958 0.087262
vt 0.481796 0.065686
vt 0.896253 0.372591
vt 0.896253 0.415431
vt 0.957996 0.415431
vt 0.957996 0.372591
vt 0.272507 0.058756
vt 0.233535 0.087071
vt 0.233535 0.018988
vt 0.272507 0.018988
vt 0.588812 0.127438
vt 0.218648 0.132886
vt 0.852567 0.415431
vt 0.403193 0.091236
vt 0.389660 0.132886
vt 0.382574 0.132886
vt 0.397460 0.178701
vt 0.403193 0.174536
vt 0.438622 0.200277
vt 0.482416 0.200277
vt 0.436433 0.207016
vt 0.767934 0.415854
vt 0.724578 0.415854
vt 0.724578 0.373339
vt 0.767934 0.373339
vt 0.681223 0.415854
vt 0.681223 0.373338
vt 0.484605 0.207016
vt 0.517845 0.174536
vt 0.523578 0.178701
vt 0.811289 0.415854
vt 0.811289 0.373338
vt 0.280730 0.181631
vt 0.272507 0.206938
vt 0.233535 0.178623
vt 0.255062 0.162982
vt 0.218648 0.132808
vt 0.854645 0.415854
vt 0.245258 0.132808
vt 0.233535 0.086993
vt 0.898000 0.415854
vt 0.854645 0.373338
vt 0.255062 0.102633
vt 0.898000 0.373338
vt 0.959276 0.415854
vt 0.272507 0.058678
vt 0.233535 0.018909
vt 0.280730 0.083985
vt 0.312457 0.083985
vt 0.338125 0.102633
vt 0.320680 0.058678
vt 0.374538 0.132808
vt 0.347929 0.132808
vt 0.359652 0.086993
vt 0.594512 0.415854
vt 0.533237 0.373338
vt 0.594512 0.373338
vt 0.637868 0.373338
vt 0.359652 0.018909
vt 0.533237 0.415854
vt 0.637868 0.415854
vt 0.436433 0.058756
vt 0.397460 0.018988
vt 0.436433 0.018988
vt 0.397460 0.087071
vt 0.438622 0.065495
vt 0.588977 0.087194
vt 0.541738 0.126962
vt 0.541738 0.087194
vt 0.588977 0.039021
vt 0.482416 0.065495
vt 0.484606 0.058756
vt 0.588977 0.126962
vt 0.517846 0.091236
vt 0.531378 0.132886
vt 0.523578 0.087071
vt 0.538464 0.132886
vt 0.320680 0.018909
vt 0.541738 0.039021
vt 0.588977 -0.000747
vt 0.484606 0.018988
vt 0.523578 0.018988
vt 0.959276 0.373338
vt 0.541738 -0.000747
vt 0.272507 0.018909
vt 0.359652 0.178623
vt 0.338125 0.162982
vt 0.312457 0.181631
vt 0.320680 0.206938
vt 0.315299 0.269840
vt 0.402449 0.218575
vt 0.402449 0.269840
vt 0.421944 0.097306
vt 0.408617 0.038349
vt 0.421947 0.046045
vt 0.466342 0.020415
vt 0.315299 0.321104
vt 0.402449 0.321104
vt 0.466641 0.019616
vt 0.511038 0.045248
vt 0.511038 0.096513
vt 0.315299 0.064781
vt 0.315299 0.013516
vt 0.402448 0.013516
vt 0.466641 0.122145
vt 0.422245 0.096513
vt 0.315299 0.116046
vt 0.402448 0.064781
vt 0.402448 0.116046
vt 0.510736 0.097309
vt 0.510737 0.046047
vt 0.524066 0.038350
vt 0.524066 0.105004
vt 0.315163 0.346737
vt 0.242367 0.280093
vt 0.315163 0.280093
vt 0.466342 0.005023
vt 0.315163 0.413381
vt 0.242367 0.346737
vt 0.468574 0.380887
vt 0.468574 0.464859
vt 0.395853 0.506845
vt 0.242367 0.213449
vt 0.323131 0.464859
vt 0.323131 0.380887
vt 0.315163 0.146804
vt 0.242367 0.146804
vt 0.242367 0.080160
vt 0.315163 0.213449
vt 0.395853 0.338902
vt 0.315163 0.013516
vt 0.315163 0.080160
vt 0.242367 0.013516
vt 0.466339 0.122937
vt 0.466340 0.138329
vt 0.408615 0.105003
vt 0.315299 0.167310
vt 0.402449 0.167310
vt 0.315299 0.218575
vt 0.422245 0.045248
vt 0.242367 0.413381
vt 0.273802 0.776811
vt 0.247663 0.776811
vt 0.247663 0.693496
vt 0.273802 0.693496
vt 0.247664 0.989052
vt 0.147927 0.989052
vt 0.147927 0.905738
vt 0.247664 0.905738
vt 0.221267 0.879342
vt 0.174323 0.879342
vt 0.161125 0.882878
vt 0.151463 0.892540
vt 0.247663 0.790475
vt 0.247664 0.864747
vt 0.247664 0.817802
vt 0.273802 0.817802
vt 0.273802 0.804138
vt 0.247664 0.804138
vt 0.300198 0.879342
vt 0.347143 0.879342
vt 0.360341 0.882878
vt 0.373539 0.905738
vt 0.370002 0.892540
vt 0.273802 0.790475
vt 0.273802 0.864747
vt 0.247664 0.878410
vt 0.273802 0.878410
vt 0.277338 0.892540
vt 0.287000 0.882878
vt 0.247664 0.892074
vt 0.273802 0.892074
vt 0.244127 0.892540
vt 0.234465 0.882878
vt 0.273802 0.905738
vt 0.273802 0.989052
vt 0.373539 0.989052
vt 0.368697 0.892082
vt 0.372234 0.905280
vt 0.372234 0.988595
vt 0.272497 0.776353
vt 0.246358 0.693038
vt 0.272497 0.693038
vt 0.272497 0.905280
vt 0.285695 0.882420
vt 0.272497 0.988595
vt 0.246358 0.905280
vt 0.246358 0.988595
vt 0.146621 0.988595
vt 0.246358 0.891616
vt 0.173017 0.878884
vt 0.233160 0.882420
vt 0.242822 0.892082
vt 0.219962 0.878884
vt 0.272497 0.864289
vt 0.246358 0.877953
vt 0.246358 0.864289
vt 0.272497 0.877953
vt 0.272497 0.891616
vt 0.276033 0.892082
vt 0.272497 0.817344
vt 0.298893 0.878884
vt 0.345838 0.878884
vt 0.246358 0.817344
vt 0.272497 0.803680
vt 0.359036 0.882420
vt 0.246358 0.803680
vt 0.272497 0.790017
vt 0.150158 0.892082
vt 0.159819 0.882420
vt 0.246358 0.790017
vt 0.146621 0.905280
vt 0.246358 0.776353
vt 0.369697 0.539023
vt 0.288910 0.676361
vt 0.288910 0.539023
vt 0.369697 0.514787
vt 0.393933 0.539023
vt 0.393933 0.676361
vt 0.369697 0.676361
vt 0.264674 0.539023
vt 0.288910 0.700597
vt 0.264674 0.676361
vt 0.252556 0.551141
vt 0.252556 0.664243
vt 0.196005 0.664243
vt 0.183886 0.676361
vt 0.369697 0.700597
vt 0.199014 0.776605
vt 0.231329 0.716285
vt 0.231329 0.776605
vt 0.196005 0.551141
vt 0.199014 0.716285
vt 0.231329 0.686124
vt 0.199014 0.806766
vt 0.138693 0.776605
vt 0.231329 0.806766
vt 0.138693 0.806766
vt 0.199014 0.867087
vt 0.231329 0.867087
vt 0.199014 0.686124
vt 0.183886 0.539023
vt 0.288910 0.514787
vt 0.520802 0.837074
vt 0.520802 0.825568
vt 0.591752 0.825568
vt 0.591752 0.837074
vt 0.591752 0.811114
vt 0.520802 0.811114
vt 0.591752 0.799607
vt 0.520802 0.799607
vt 0.591752 0.785153
vt 0.520802 0.785153
vt 0.520802 0.992837
vt 0.591752 0.981331
vt 0.591752 0.992837
vt 0.520802 0.981331
vt 0.591752 0.966877
vt 0.520802 0.966877
vt 0.591752 0.955370
vt 0.520802 0.955370
vt 0.591752 0.940916
vt 0.520802 0.940916
vt 0.591752 0.929410
vt 0.520802 0.929410
vt 0.591752 0.914956
vt 0.520802 0.914956
vt 0.591752 0.903449
vt 0.520802 0.903449
vt 0.591752 0.888995
vt 0.520802 0.888995
vt 0.591752 0.877489
vt 0.520802 0.877489
vt 0.591752 0.863035
vt 0.520802 0.863035
vt 0.591752 0.851528
vt 0.520802 0.851528
vt 0.611820 0.681751
vt 0.591571 0.690139
vt 0.584494 0.662596
vt 0.597349 0.657271
vt 0.631288 0.662284
vt 0.582248 0.703998
vt 0.571812 0.774385
vt 0.571812 0.703998
vt 0.561780 0.703998
vt 0.606807 0.647812
vt 0.612132 0.634957
vt 0.561780 0.774385
vt 0.551344 0.774385
vt 0.551344 0.703998
vt 0.639675 0.642035
vt 0.541312 0.703998
vt 0.612132 0.621581
vt 0.606807 0.608726
vt 0.631288 0.594254
vt 0.530876 0.774385
vt 0.530876 0.703998
vt 0.541312 0.774385
vt 0.639675 0.614503
vt 0.324808 0.792661
vt 0.296653 0.807997
vt 0.296653 0.787126
vt 0.328154 0.784583
vt 0.304332 0.768588
vt 0.324808 0.802462
vt 0.422853 0.626124
vt 0.416489 0.990741
vt 0.416489 0.626124
vt 0.429218 0.990730
vt 0.429218 0.626113
vt 0.422853 0.990741
vt 0.615209 0.541022
vt 0.607124 0.549107
vt 0.597699 0.553011
vt 0.619113 0.520163
vt 0.619113 0.531597
vt 0.410125 0.626136
vt 0.410125 0.990752
vt 0.505589 0.990662
vt 0.499225 0.626057
vt 0.505589 0.626045
vt 0.511954 0.626046
vt 0.499225 0.990674
vt 0.607123 0.502653
vt 0.615209 0.510738
vt 0.564851 0.531597
vt 0.586265 0.498749
vt 0.511954 0.990662
vt 0.492861 0.990673
vt 0.492861 0.626056
vt 0.486496 0.626068
vt 0.597699 0.498749
vt 0.486496 0.990685
vt 0.361042 0.817470
vt 0.377036 0.841293
vt 0.352964 0.820816
vt 0.367972 0.810540
vt 0.480132 0.990685
vt 0.480132 0.626068
vt 0.358499 0.848971
vt 0.653684 0.774385
vt 0.643652 0.774385
vt 0.643652 0.703998
vt 0.633216 0.774385
vt 0.391794 0.826534
vt 0.548804 0.608726
vt 0.524323 0.594254
vt 0.558262 0.599267
vt 0.653684 0.703998
vt 0.543479 0.621581
vt 0.633216 0.703998
vt 0.515936 0.614503
vt 0.623184 0.703998
vt 0.543479 0.634957
vt 0.515936 0.642035
vt 0.524323 0.662284
vt 0.548804 0.647812
vt 0.612748 0.774385
vt 0.612748 0.703998
vt 0.623184 0.774385
vt 0.399473 0.807997
vt 0.371318 0.802462
vt 0.399473 0.787126
vt 0.473768 0.626079
vt 0.371318 0.792661
vt 0.467403 0.990696
vt 0.467403 0.626079
vt 0.473768 0.990696
vt 0.568755 0.510739
vt 0.576840 0.502653
vt 0.461039 0.626091
vt 0.461039 0.990707
vt 0.564851 0.520163
vt 0.367972 0.784583
vt 0.391794 0.768588
vt 0.361042 0.777652
vt 0.454675 0.990707
vt 0.454675 0.626090
vt 0.377036 0.753830
vt 0.602716 0.703998
vt 0.602716 0.774385
vt 0.592280 0.774385
vt 0.558262 0.657271
vt 0.543791 0.681751
vt 0.571117 0.662596
vt 0.592280 0.703998
vt 0.564040 0.690139
vt 0.352964 0.774306
vt 0.358499 0.746152
vt 0.582248 0.774385
vt 0.448311 0.626102
vt 0.343163 0.774306
vt 0.337627 0.746152
vt 0.441946 0.990718
vt 0.441946 0.626102
vt 0.448311 0.990719
vt 0.576840 0.549107
vt 0.568755 0.541022
vt 0.435582 0.626113
vt 0.435582 0.990730
vt 0.586265 0.553011
vt 0.335085 0.777652
vt 0.319090 0.753830
vt 0.543791 0.574787
vt 0.571117 0.593942
vt 0.664120 0.703998
vt 0.564040 0.566399
vt 0.584494 0.593942
vt 0.674152 0.703998
vt 0.674152 0.774385
vt 0.664120 0.774385
vt 0.684588 0.703998
vt 0.335084 0.817470
vt 0.337627 0.848971
vt 0.319090 0.841293
vt 0.304332 0.826534
vt 0.684588 0.774385
vt 0.597349 0.599267
vt 0.611820 0.574787
vt 0.520844 0.703998
vt 0.520844 0.774385
vt 0.328154 0.810540
vt 0.343163 0.820816
vt 0.591571 0.566399
vt 0.627008 0.812597
vt 0.627008 0.944825
vt 0.599461 0.944825
vt 0.650383 0.944825
vt 0.627008 0.983904
vt 0.643537 0.961354
vt 0.599461 0.812597
vt 0.599461 0.983904
vt 0.599461 0.997205
vt 0.853659 0.756442
vt 0.853659 0.610523
vt 0.886387 0.610523
vt 0.627008 0.997205
vt 0.853659 0.802644
vt 0.886387 0.756442
vt 0.853659 0.898209
vt 0.886387 0.802644
vt 0.886387 0.898209
vt 0.853659 0.993119
vt 0.886387 0.993119
vt 0.800838 0.742986
vt 0.827353 0.727077
vt 0.827353 0.742986
vt 0.800838 0.705866
vt 0.827353 0.705866
vt 0.800838 0.727077
vt 0.827353 0.685157
vt 0.800838 0.685157
vt 0.784929 0.727077
vt 0.784929 0.692608
vt 0.800838 0.653605
vt 0.827352 0.653605
vt 0.753112 0.653605
vt 0.753112 0.685157
vt 0.800838 0.719626
vt 0.744994 0.653605
vt 0.744994 0.685157
vt 0.742506 0.695763
vt 0.745612 0.688263
vt 0.745612 0.716520
vt 0.736877 0.685157
vt 0.736877 0.653605
vt 0.723619 0.685157
vt 0.723619 0.653605
vt 0.736877 0.642999
vt 0.744994 0.642999
vt 0.753112 0.642999
vt 0.765516 0.368814
vt 0.720438 0.336258
vt 0.772599 0.339192
vt 0.765516 0.336258
vt 0.775533 0.358797
vt 0.775533 0.346275
vt 0.800838 0.642999
vt 0.772599 0.365880
vt 0.723619 0.642999
vt 0.715502 0.653605
vt 0.715502 0.642999
vt 0.707385 0.653605
vt 0.707385 0.642999
vt 0.715502 0.685157
vt 0.659658 0.653605
vt 0.659658 0.685157
vt 0.707385 0.685157
vt 0.753112 0.719626
vt 0.993561 0.754224
vt 0.936037 0.754224
vt 0.936037 0.614039
vt 0.892992 0.833419
vt 0.915487 0.768185
vt 0.915487 0.833419
vt 0.993561 0.614039
vt 0.659658 0.642999
vt 0.710421 0.336258
vt 0.720438 0.368814
vt 0.710421 0.368814
vt 0.685377 0.368814
vt 0.892992 0.768185
vt 0.915487 0.899106
vt 0.892992 0.899106
vt 0.892992 0.933611
vt 0.915487 0.933611
vt 0.937487 0.895376
vt 0.993561 0.963618
vt 0.908483 0.963618
vt 0.993561 0.895376
vt 0.685377 0.336258
vt 0.742506 0.709020
vt 0.906023 0.756442
vt 0.937487 0.992622
vt 0.993561 0.992622
vt 0.650383 0.812597
vt 0.682339 0.812597
vt 0.672934 0.944825
vt 0.906023 0.610523
vt 0.682339 0.935421
vt 0.643537 0.983904
vt 0.643537 0.997205
vt 0.654861 0.984488
vt 0.654861 0.945409
vt 0.682409 0.945409
vt 0.638333 0.961938
vt 0.631486 0.945409
vt 0.654861 0.813180
vt 0.682409 0.813180
vt 0.682409 0.984488
vt 0.682409 0.997789
vt 0.654861 0.997789
vt 0.852935 0.610850
vt 0.885662 0.610850
vt 0.885662 0.756769
vt 0.852935 0.756769
vt 0.885662 0.802971
vt 0.852935 0.802971
vt 0.885662 0.898535
vt 0.852935 0.898535
vt 0.885662 0.993445
vt 0.852935 0.993445
vt 0.758897 0.810393
vt 0.742988 0.836908
vt 0.742988 0.810393
vt 0.993343 0.852294
vt 0.993343 0.992479
vt 0.935819 0.992479
vt 0.766349 0.836908
vt 0.800818 0.884634
vt 0.790212 0.895240
vt 0.769455 0.892134
vt 0.800817 0.978088
vt 0.832370 0.930361
vt 0.832370 0.978088
vt 0.800817 0.930361
vt 0.758897 0.852817
vt 0.758897 0.836908
vt 0.780109 0.836908
vt 0.793366 0.852817
vt 0.800818 0.836908
vt 0.766348 0.884634
vt 0.776954 0.895240
vt 0.832370 0.922244
vt 0.800817 0.922244
vt 0.800818 0.914127
vt 0.842976 0.922244
vt 0.842976 0.914127
vt 0.832370 0.914127
vt 0.832370 0.900869
vt 0.842976 0.900869
vt 0.842976 0.892752
vt 0.775648 0.345944
vt 0.775648 0.358466
vt 0.772714 0.365549
vt 0.832370 0.892752
vt 0.842976 0.884634
vt 0.765631 0.368483
vt 0.720553 0.368483
vt 0.832370 0.884634
vt 0.842976 0.836908
vt 0.832370 0.836908
vt 0.710536 0.368483
vt 0.685492 0.368483
vt 0.685492 0.335927
vt 0.832370 0.810393
vt 0.720553 0.335927
vt 0.710536 0.335927
vt 0.842976 0.930361
vt 0.842976 0.978088
vt 0.765631 0.335927
vt 0.772714 0.338861
vt 0.914528 0.933611
vt 0.892034 0.933611
vt 0.892034 0.868377
vt 0.892034 0.802690
vt 0.914528 0.802690
vt 0.914528 0.868377
vt 0.937269 0.711142
vt 0.935819 0.852294
vt 0.892034 0.768185
vt 0.908266 0.642900
vt 0.993343 0.642900
vt 0.914528 0.768185
vt 0.993343 0.711142
vt 0.800818 0.810393
vt 0.780109 0.810393
vt 0.800818 0.892752
vt 0.800818 0.900869
vt 0.797711 0.892134
vt 0.833298 0.756769
vt 0.937269 0.613896
vt 0.993343 0.613896
vt 0.599531 0.813180
vt 0.631486 0.813180
vt 0.599531 0.936004
vt 0.833298 0.610850
vt 0.608936 0.945409
vt 0.638333 0.984488
vt 0.638333 0.997789
vt 0.425837 0.203103
vt 0.426026 0.259339
vt 0.416027 0.273165
vt 0.467257 0.301399
vt 0.520982 0.316425
vt 0.457280 0.315395
vt 0.520799 0.302255
vt 0.467885 0.259199
vt 0.520622 0.260287
vt 0.521605 0.203915
vt 0.573798 0.259021
vt 0.573798 0.202863
vt 0.615594 0.259021
vt 0.574808 0.300607
vt 0.584985 0.314418
vt 0.615594 0.202863
vt 0.625621 0.272811
vt 0.772731 0.043641
vt 0.814772 0.012162
vt 0.881865 0.012163
vt 0.848188 0.012165
vt 0.625621 0.188555
vt 0.948805 0.408606
vt 0.986292 0.393944
vt 0.986334 0.408848
vt 0.899570 0.012162
vt 0.914422 0.021679
vt 0.797627 0.012177
vt 0.806708 0.160828
vt 0.766349 0.109375
vt 0.763813 0.076134
vt 0.766334 0.063440
vt 0.948753 0.059150
vt 0.986284 0.059159
vt 0.986200 0.076672
vt 0.782785 0.021708
vt 0.948804 0.039082
vt 0.986334 0.038849
vt 0.901367 0.153609
vt 0.871627 0.168672
vt 0.838388 0.171206
vt 0.825694 0.168685
vt 0.948081 0.172124
vt 0.985613 0.172135
vt 0.985562 0.189431
vt 0.795946 0.153641
vt 0.781412 0.139115
vt 0.948126 0.161230
vt 0.985657 0.161242
vt 0.890608 0.160803
vt 0.858935 0.171200
vt 0.948019 0.228502
vt 0.985539 0.217620
vt 0.985550 0.228514
vt 0.985590 0.245810
vt 0.948058 0.245798
vt 0.874240 0.169307
vt 0.840999 0.171821
vt 0.809326 0.161424
vt 0.828307 0.169293
vt 0.768998 0.109947
vt 0.784043 0.139696
vt 0.798568 0.154230
vt 0.948096 0.256692
vt 0.985544 0.200325
vt 0.948013 0.200313
vt 0.948031 0.189419
vt 0.903989 0.154262
vt 0.893226 0.161449
vt 0.918522 0.139737
vt 0.861547 0.171828
vt 0.933585 0.109997
vt 0.884175 0.013099
vt 0.927176 0.044276
vt 0.948393 0.115745
vt 0.985925 0.115756
vt 0.985811 0.133052
vt 0.948279 0.133040
vt 0.925716 0.128978
vt 0.948469 0.104850
vt 0.936122 0.076756
vt 0.936114 0.097304
vt 0.948592 0.087555
vt 0.986124 0.087566
vt 0.986001 0.104862
vt 0.948669 0.076660
vt 0.933601 0.064061
vt 0.763820 0.096682
vt 0.985746 0.143946
vt 0.948214 0.143934
vt 0.774219 0.128357
vt 0.775460 0.044234
vt 0.902308 0.013114
vt 0.948644 0.024222
vt 0.948294 0.008962
vt 0.985805 0.009575
vt 0.415744 0.188816
vt 0.818069 0.013100
vt 0.850759 0.013102
vt 0.468519 0.160713
vt 0.458500 0.146404
vt 0.521631 0.148121
vt 0.785484 0.022603
vt 0.800364 0.013099
vt 0.948699 0.378840
vt 0.948661 0.358772
vt 0.986192 0.358787
vt 0.986119 0.341273
vt 0.948587 0.341262
vt 0.766482 0.076704
vt 0.769010 0.064011
vt 0.766477 0.097252
vt 0.985937 0.313083
vt 0.948518 0.330367
vt 0.948405 0.313072
vt 0.986049 0.330379
vt 0.933458 0.096632
vt 0.930925 0.063390
vt 0.933453 0.076084
vt 0.985867 0.302189
vt 0.930936 0.109326
vt 0.923079 0.128312
vt 0.985764 0.284893
vt 0.948336 0.302177
vt 0.948232 0.284882
vt 0.985706 0.273999
vt 0.915892 0.139075
vt 0.948174 0.273988
vt 0.985628 0.256703
vt 0.776856 0.128933
vt 0.986230 0.379096
vt 0.948762 0.393702
vt 0.924503 0.043600
vt 0.573143 0.161190
vt 0.583270 0.146995
vt 0.521647 0.162115
vt 0.467696 0.202963
vt 0.917178 0.022633
vt 0.986159 0.024003
vt 0.948008 0.217609
vt 0.688532 0.034593
vt 0.688532 0.045084
vt 0.539593 0.045084
vt 0.539593 0.034593
vt 0.539593 0.059131
vt 0.688532 0.059131
vt 0.539593 0.069623
vt 0.688532 0.069623
vt 0.539593 0.083670
vt 0.688531 0.083670
vt 0.539593 0.094162
vt 0.539593 0.108209
vt 0.688532 0.094162
vt 0.688532 0.108209
vt 0.539593 0.118701
vt 0.688532 0.118701
vt 0.539593 0.132748
vt 0.688532 0.132748
vt 0.688532 0.010054
vt 0.539593 0.020546
vt 0.539593 0.010054
vt 0.688532 0.020546
vt 0.717778 0.061312
vt 0.710069 0.050702
vt 0.710069 0.033143
vt 0.734477 0.017107
vt 0.717778 0.022533
vt 0.746950 0.021160
vt 0.757271 0.035365
vt 0.746950 0.062685
vt 0.757271 0.048480
vt 0.734477 0.066738
vt 0.986393 0.104705
vt 0.987189 0.032699
vt 0.987174 0.006611
vt 0.987217 0.078616
vt 0.902909 0.104757
vt 0.922331 0.078559
vt 0.896096 0.325202
vt 0.895066 0.078673
vt 0.923361 0.325089
vt 0.904131 0.373080
vt 0.902972 0.362979
vt 0.932409 0.354249
vt 0.937697 0.378333
vt 0.904152 0.378161
vt 0.936463 0.387179
vt 0.904203 0.390277
vt 0.904339 0.422911
vt 0.936136 0.395802
vt 0.920347 0.337664
vt 0.863420 0.363144
vt 0.869980 0.325312
vt 0.845834 0.337975
vt 0.862346 0.373255
vt 0.833911 0.354661
vt 0.862367 0.378336
vt 0.828825 0.378788
vt 0.862418 0.390451
vt 0.830133 0.387623
vt 0.862554 0.423086
vt 0.830531 0.396243
vt 0.868945 0.078731
vt 0.842747 0.325428
vt 0.841675 0.078905
vt 0.868433 0.032759
vt 0.841327 0.032964
vt 0.894504 0.006665
vt 0.861118 0.006680
vt 0.894515 0.032750
vt 0.966857 0.337654
vt 0.964763 0.327127
vt 0.995218 0.379673
vt 0.964763 0.348182
vt 0.958800 0.357107
vt 0.824878 0.196739
vt 0.796681 0.196739
vt 0.796681 0.144252
vt 0.824878 0.144252
vt 0.950313 0.296128
vt 0.995218 0.296128
vt 0.949875 0.363070
vt 0.950313 0.379673
vt 0.796681 0.253790
vt 0.824878 0.266336
vt 0.796681 0.266336
vt 0.824878 0.278882
vt 0.958800 0.318202
vt 0.796681 0.278882
vt 0.994173 0.378343
vt 0.948830 0.362233
vt 0.957755 0.356269
vt 0.824878 0.291428
vt 0.963718 0.347345
vt 0.796681 0.310266
vt 0.824878 0.362752
vt 0.796681 0.362752
vt 0.949267 0.294798
vt 0.994173 0.294798
vt 0.824878 0.310265
vt 0.965812 0.336817
vt 0.963718 0.326290
vt 0.949267 0.378343
vt 0.796681 0.241244
vt 0.824878 0.241244
vt 0.824878 0.253790
vt 0.796681 0.228698
vt 0.824878 0.228698
vt 0.957755 0.317365
vt 0.824878 0.216152
vt 0.948830 0.311401
vt 0.796681 0.216152
vt 0.796681 0.291428
vt 0.949875 0.312239
vt 0.980486 0.902303
vt 0.994048 0.983678
vt 0.980486 0.983678
vt 0.416699 0.148686
vt 0.482150 0.092318
vt 0.482150 0.148686
vt 0.383974 0.092318
vt 0.538814 0.436372
vt 0.530676 0.393792
vt 0.538814 0.393792
vt 0.416699 0.205766
vt 0.383974 0.149042
vt 0.530676 0.436372
vt 0.530676 0.333574
vt 0.538814 0.333574
vt 0.530677 0.289632
vt 0.530677 0.436372
vt 0.433026 0.436372
vt 0.538814 0.289632
vt 0.530677 0.251385
vt 0.433026 0.289632
vt 0.538814 0.251385
vt 0.530677 0.213139
vt 0.433026 0.251385
vt 0.433026 0.213139
vt 0.481851 0.213139
vt 0.530677 0.205002
vt 0.481851 0.205002
vt 0.416699 0.447932
vt 0.482150 0.447932
vt 0.482150 0.480657
vt 0.433026 0.205002
vt 0.547600 0.447932
vt 0.383974 0.480657
vt 0.482150 0.512292
vt 0.580325 0.480657
vt 0.013088 0.413025
vt 0.100355 0.480657
vt 0.013088 0.480657
vt 0.580325 0.413025
vt 0.580325 0.512292
vt 0.013088 0.512292
vt 0.100355 0.572346
vt 0.198531 0.480657
vt 0.198531 0.413025
vt 0.100355 0.413025
vt 0.023312 0.543145
vt 0.047995 0.555925
vt 0.149443 0.572346
vt 0.837625 0.500712
vt 0.799650 0.415268
vt 0.837625 0.415268
vt 0.790157 0.367800
vt 0.790157 0.405775
vt 0.741775 0.405775
vt 0.741775 0.367800
vt 0.744548 0.488445
vt 0.732282 0.500712
vt 0.732282 0.415268
vt 0.694306 0.415268
vt 0.777890 0.418041
vt 0.744548 0.427535
vt 0.754042 0.418041
vt 0.754042 0.427535
vt 0.787384 0.488445
vt 0.787384 0.427535
vt 0.777890 0.427535
vt 0.777890 0.488445
vt 0.754042 0.488445
vt 0.777890 0.497939
vt 0.754042 0.497939
vt 0.741775 0.510206
vt 0.790157 0.510206
vt 0.799650 0.500712
vt 0.741775 0.548181
vt 0.790157 0.548181
vt 0.198531 0.600142
vt 0.149443 0.600142
vt 0.100355 0.632645
vt 0.100355 0.600142
vt 0.694306 0.500712
vt 0.296707 0.632645
vt 0.198531 0.632645
vt 0.296707 0.600142
vt 0.198531 0.572346
vt 0.296707 0.572346
vt 0.383974 0.512292
vt 0.373750 0.543145
vt 0.349067 0.555925
vt 0.296707 0.480657
vt 0.296707 0.413025
vt 0.383974 0.413025
vt 0.416699 0.396663
vt 0.383974 0.345393
vt 0.296707 0.345393
vt 0.416699 0.345393
vt 0.383974 0.286488
vt 0.296707 0.286488
vt 0.383974 0.205766
vt 0.416699 0.286488
vt 0.296707 0.205765
vt 0.198531 0.205765
vt 0.296707 0.149042
vt 0.198531 0.149042
vt 0.198531 0.286488
vt 0.100356 0.286488
vt 0.100356 0.205765
vt 0.100356 0.345393
vt 0.013088 0.286488
vt 0.013088 0.205765
vt 0.547600 0.205766
vt 0.580325 0.205766
vt 0.580325 0.286488
vt 0.547600 0.286488
vt 0.580325 0.345393
vt 0.013088 0.345393
vt 0.547600 0.345393
vt 0.547600 0.396663
vt 0.012362 0.371406
vt 0.055995 0.370644
vt 0.056721 0.412263
vt 0.133057 0.903186
vt 0.010995 0.987274
vt 0.010995 0.903186
vt 0.198531 0.345393
vt 0.198531 0.361756
vt 0.100356 0.361756
vt 0.153401 0.903186
vt 0.153401 0.987274
vt 0.133057 0.987274
vt 0.100355 0.396662
vt 0.198531 0.396663
vt 0.424889 0.251385
vt 0.424889 0.213139
vt 0.424889 0.289632
vt 0.433026 0.333574
vt 0.424889 0.333574
vt 0.433026 0.393792
vt 0.424889 0.393792
vt 0.433027 0.436372
vt 0.580325 0.149042
vt 0.547600 0.148686
vt 0.424889 0.436372
vt 0.980486 0.820928
vt 0.994048 0.902303
vt 0.994048 0.820928
vt 0.580325 0.092318
vt 0.013088 0.092318
vt 0.100356 0.092318
vt 0.100356 0.149042
vt 0.198531 0.005051
vt 0.100356 0.005051
vt 0.013088 0.149042
vt 0.198531 0.092318
vt 0.296707 0.092318
vt 0.296707 0.005051
vt 0.538814 0.213139
vt 0.447304 0.080841
vt 0.581573 0.072704
vt 0.581573 0.080841
vt 0.589710 0.048622
vt 0.589710 0.072704
vt 0.581573 0.040485
vt 0.447303 0.048622
vt 0.447303 0.040485
vt 0.581573 0.048622
vt 0.313035 0.048622
vt 0.447304 0.072704
vt 0.313035 0.080841
vt 0.313035 0.072704
vt 0.304897 0.048622
vt 0.304897 0.072704
vt 0.313035 0.040485
vt 0.802028 0.900096
vt 0.802028 0.764471
vt 0.835935 0.764471
vt 0.835935 0.730565
vt 0.851803 0.764471
vt 0.851803 0.730565
vt 0.835935 0.832284
vt 0.835935 0.900096
vt 0.851803 0.934003
vt 0.835935 0.934003
vt 0.840316 0.768853
vt 0.840316 0.827902
vt 0.851803 0.900096
vt 0.851803 0.832284
vt 0.885709 0.764471
vt 0.847421 0.827902
vt 0.955278 0.153185
vt 0.932222 0.253568
vt 0.932222 0.153185
vt 0.847421 0.768853
vt 0.967356 0.153185
vt 0.955278 0.130129
vt 0.967356 0.130129
vt 0.967356 0.253568
vt 0.990412 0.153185
vt 0.955278 0.253568
vt 0.967356 0.276625
vt 0.990412 0.253568
vt 0.955278 0.276625
vt 0.885709 0.900096
vt 0.345851 0.856240
vt 0.345851 0.826071
vt 0.385326 0.826071
vt 0.385326 0.886410
vt 0.424802 0.826071
vt 0.464277 0.786596
vt 0.503752 0.786596
vt 0.503752 0.826071
vt 0.503752 0.856240
vt 0.464277 0.826071
vt 0.464277 0.856240
vt 0.424802 0.886410
vt 0.464277 0.886410
vt 0.455337 0.895350
vt 0.494812 0.895350
vt 0.473217 0.895350
vt 0.563858 0.966832
vt 0.582015 0.966833
vt 0.572937 0.982557
vt 0.532845 0.966832
vt 0.532845 0.913259
vt 0.514688 0.913259
vt 0.514688 0.966833
vt 0.523766 0.982557
vt 0.503752 0.886410
vt 0.012868 0.740588
vt 0.023084 0.750803
vt 0.020143 0.757903
vt 0.051925 0.750803
vt 0.005768 0.743529
vt 0.563858 0.913259
vt 0.054866 0.757903
vt 0.062141 0.740588
vt 0.069241 0.743529
vt 0.582015 0.913259
vt 0.062141 0.711747
vt 0.613029 0.966832
vt 0.613029 0.913259
vt 0.069241 0.708806
vt 0.433742 0.895350
vt 0.631186 0.966832
vt 0.622107 0.982557
vt 0.415862 0.895350
vt 0.631186 0.913259
vt 0.662199 0.966832
vt 0.394266 0.895350
vt 0.680356 0.966832
vt 0.671278 0.982557
vt 0.662199 0.913259
vt 0.680356 0.913259
vt 0.023084 0.701531
vt 0.005768 0.708805
vt 0.020143 0.694431
vt 0.054866 0.694431
vt 0.661415 0.506454
vt 0.664898 0.489506
vt 0.671630 0.496238
vt 0.012868 0.711746
vt 0.625841 0.509242
vt 0.654682 0.499721
vt 0.654682 0.509242
vt 0.051925 0.701531
vt 0.664898 0.460664
vt 0.615625 0.489506
vt 0.625841 0.450449
vt 0.625841 0.499721
vt 0.671630 0.453932
vt 0.654682 0.450449
vt 0.674419 0.489506
vt 0.674419 0.460664
vt 0.654682 0.440928
vt 0.661415 0.443717
vt 0.625841 0.440928
vt 0.615625 0.460664
vt 0.619109 0.443717
vt 0.606104 0.460664
vt 0.608893 0.453932
vt 0.608893 0.496238
vt 0.619108 0.506454
vt 0.606104 0.489506
vt 0.711370 0.966832
vt 0.711370 0.913259
vt 0.376386 0.895350
vt 0.354791 0.895350
vt 0.345851 0.886410
vt 0.750715 0.158314
vt 0.768317 0.158314
vt 0.768317 0.219865
vt 0.744250 0.213401
vt 0.750715 0.219865
vt 0.201541 0.989027
vt 0.205894 0.996567
vt 0.197188 0.996567
vt 0.757553 0.994344
vt 0.748013 0.994344
vt 0.742476 0.988807
vt 0.763091 0.961059
vt 0.742476 0.961059
vt 0.192835 0.989027
vt 0.815814 0.940444
vt 0.815814 0.961059
vt 0.763091 0.940444
vt 0.763091 0.988807
vt 0.173523 0.989027
vt 0.182229 0.989027
vt 0.177877 0.996567
vt 0.810277 0.994344
vt 0.768628 0.994344
vt 0.275861 0.989027
vt 0.322162 0.828601
vt 0.322162 0.989027
vt 0.173523 0.828601
vt 0.182229 0.828601
vt 0.328318 0.811839
vt 0.328318 0.822445
vt 0.269704 0.822445
vt 0.275861 0.828601
vt 0.267154 0.828601
vt 0.267155 0.989027
vt 0.256549 0.989027
vt 0.275861 0.805683
vt 0.269704 0.811839
vt 0.256549 0.828601
vt 0.836429 0.988806
vt 0.830891 0.994344
vt 0.821351 0.994344
vt 0.247843 0.989027
vt 0.252196 0.996567
vt 0.247842 0.828601
vt 0.243490 0.996567
vt 0.836429 0.961059
vt 0.744250 0.164779
vt 0.201541 0.828601
vt 0.322162 0.805683
vt 0.192835 0.828601
vt 0.271508 0.996567
vt 0.815814 0.988806
vt 0.771602 0.765619
vt 0.789014 0.562724
vt 0.789014 0.765620
vt 0.054516 0.039971
vt 0.054516 0.016412
vt 0.063649 0.006777
vt 0.798827 0.765619
vt 0.798827 0.562724
vt 0.038033 0.070473
vt 0.025050 0.069778
vt 0.015916 0.060143
vt 0.771601 0.562724
vt 0.047165 0.038258
vt 0.025049 0.027927
vt 0.015916 0.036584
vt 0.047165 0.061817
vt 0.725465 0.562724
vt 0.716164 0.765619
vt 0.716164 0.562724
vt 0.706554 0.562724
vt 0.706554 0.765620
vt 0.076632 0.006081
vt 0.085764 0.014738
vt 0.725465 0.765620
vt 0.076632 0.047932
vt 0.085764 0.038297
vt 0.742878 0.765620
vt 0.742878 0.562724
vt 0.752691 0.765620
vt 0.063649 0.048628
vt 0.752691 0.562724
vt 0.762300 0.765620
vt 0.762300 0.562724
vt 0.038032 0.028623
vt 0.216037 0.759314
vt 0.199833 0.756532
vt 0.185928 0.747762
vt 0.345735 0.676943
vt 0.361767 0.642446
vt 0.362175 0.676748
vt 0.345327 0.642641
vt 0.328888 0.642837
vt 0.329296 0.677139
vt 0.245496 0.746192
vt 0.232071 0.755683
vt 0.378614 0.676552
vt 0.378206 0.642250
vt 0.463229 0.675546
vt 0.175368 0.734366
vt 0.101380 0.751284
vt 0.170689 0.718359
vt 0.184358 0.688194
vt 0.174518 0.702128
vt 0.099748 0.689363
vt 0.197782 0.678703
vt 0.213816 0.675072
vt 0.099498 0.679872
vt 0.243926 0.686624
vt 0.213813 0.644205
vt 0.214221 0.678507
vt 0.230253 0.644010
vt 0.230020 0.677853
vt 0.230661 0.678312
vt 0.317020 0.584303
vt 0.330436 0.574801
vt 0.346468 0.571157
vt 0.246692 0.643814
vt 0.263539 0.677921
vt 0.247100 0.678117
vt 0.263131 0.643619
vt 0.376586 0.582683
vt 0.318639 0.643870
vt 0.305493 0.614422
vt 0.308261 0.598216
vt 0.312857 0.677334
vt 0.312449 0.643032
vt 0.348758 0.655397
vt 0.332552 0.652629
vt 0.309137 0.630453
vt 0.296010 0.643228
vt 0.279978 0.677725
vt 0.279571 0.643423
vt 0.296418 0.677530
vt 0.257048 0.716083
vt 0.254266 0.732286
vt 0.253416 0.700048
vt 0.391850 0.612074
vt 0.387157 0.596071
vt 0.461137 0.579324
vt 0.460879 0.569833
vt 0.362673 0.573925
vt 0.197374 0.644401
vt 0.099090 0.645569
vt 0.461523 0.593529
vt 0.461979 0.610284
vt 0.462434 0.627039
vt 0.388034 0.628308
vt 0.462820 0.641244
vt 0.100123 0.703568
vt 0.100564 0.720324
vt 0.101006 0.737080
vt 0.364790 0.651752
vt 0.005768 0.654834
vt 0.010460 0.643508
vt 0.019128 0.634840
vt 0.888628 0.532791
vt 0.905351 0.476252
vt 0.905351 0.532791
vt 0.595360 0.341931
vt 0.623393 0.337771
vt 0.623385 0.411622
vt 0.595352 0.415782
vt 0.587131 0.415722
vt 0.587148 0.340253
vt 0.659652 0.340169
vt 0.659652 0.415638
vt 0.631606 0.411563
vt 0.631606 0.336094
vt 0.445715 0.193759
vt 0.436034 0.193759
vt 0.436034 0.161026
vt 0.031117 0.628159
vt 0.019791 0.623468
vt 0.011122 0.614799
vt 0.043376 0.628159
vt 0.445715 0.161026
vt 0.063370 0.614799
vt 0.054702 0.623468
vt 0.455397 0.161026
vt 0.465078 0.161026
vt 0.455397 0.193759
vt 0.042713 0.630148
vt 0.062707 0.643508
vt 0.054039 0.634840
vt 0.465078 0.193759
vt 0.030454 0.630148
vt 0.474760 0.193759
vt 0.484441 0.193759
vt 0.474760 0.161026
vt 0.020014 0.685762
vt 0.054039 0.687088
vt 0.067399 0.667093
vt 0.067399 0.654834
vt 0.494123 0.193759
vt 0.484441 0.161026
vt 0.054702 0.571220
vt 0.068061 0.591214
vt 0.063370 0.579889
vt 0.494123 0.161026
vt 0.068061 0.603473
vt 0.503804 0.161026
vt 0.513485 0.161026
vt 0.513486 0.193759
vt 0.031117 0.566529
vt 0.043376 0.566529
vt 0.503804 0.193759
vt 0.012448 0.580774
vt 0.019128 0.570777
vt 0.533212 0.193759
vt 0.523167 0.193759
vt 0.523167 0.161026
vt 0.533212 0.161026
vt 0.042713 0.691779
vt 0.030011 0.692442
vt 0.660721 0.094807
vt 0.696322 0.102514
vt 0.660721 0.102514
vt 0.634152 0.173718
vt 0.634152 0.102515
vt 0.660721 0.173718
vt 0.598550 0.173718
vt 0.634152 0.200287
vt 0.598550 0.102514
vt 0.598550 0.200286
vt 0.696322 0.173718
vt 0.598550 0.094807
vt 0.634152 0.094807
vt 0.598550 0.087100
vt 0.634152 0.036240
vt 0.634152 0.087100
vt 0.598550 0.036240
vt 0.598550 0.009672
vt 0.660721 0.087100
vt 0.660721 0.036240
vt 0.696322 0.036240
vt 0.696322 0.087100
vt 0.634152 0.009672
vt 0.696322 0.094807
vt 0.854555 0.532791
vt 0.854555 0.476252
vt 0.871906 0.476252
vt 0.005768 0.590771
vt 0.006431 0.603473
vt 0.871906 0.532791
vt 0.888628 0.476252
vt 0.005768 0.667093
vt 0.010017 0.679082
vt 0.062707 0.678419
vt 0.931302 0.619313
vt 0.931302 0.555304
vt 0.995310 0.555304
vt 0.995310 0.536102
vt 0.995310 0.619313
vt 0.931302 0.472094
vt 0.931302 0.452891
vt 0.995310 0.452891
vt 0.995310 0.472094
vt 0.931302 0.536102
vt 0.912100 0.555304
vt 0.912100 0.619313
vt 0.472590 0.536835
vt 0.472590 0.530184
vt 0.561354 0.530184
vt 0.561354 0.536835
vt 0.472590 0.669570
vt 0.561354 0.658798
vt 0.561354 0.669570
vt 0.472590 0.658798
vt 0.561354 0.652147
vt 0.472590 0.652147
vt 0.561354 0.641374
vt 0.472590 0.641374
vt 0.561354 0.634724
vt 0.561354 0.623951
vt 0.472590 0.634724
vt 0.472590 0.623951
vt 0.561354 0.617300
vt 0.472590 0.617300
vt 0.561354 0.606528
vt 0.472590 0.606528
vt 0.561354 0.599877
vt 0.561354 0.589105
vt 0.472590 0.599877
vt 0.472590 0.589105
vt 0.561354 0.582454
vt 0.472590 0.582454
vt 0.561354 0.571681
vt 0.472590 0.571681
vt 0.561354 0.565030
vt 0.561354 0.554258
vt 0.472590 0.565030
vt 0.472590 0.554258
vt 0.561354 0.547607
vt 0.472590 0.547607
vt 0.910111 0.657950
vt 0.914857 0.646491
vt 0.929062 0.632286
vt 0.914857 0.689499
vt 0.910111 0.678039
vt 0.972070 0.703704
vt 0.986275 0.646491
vt 0.960611 0.627539
vt 0.940521 0.627539
vt 0.972070 0.632286
vt 0.991022 0.678039
vt 0.991022 0.657950
vt 0.986275 0.689499
vt 0.940521 0.708450
vt 0.960611 0.708450
vt 0.929062 0.703704
vt 0.155963 0.284424
vt 0.208798 0.254439
vt 0.208798 0.284424
vt 0.018555 0.650097
vt 0.009649 0.641192
vt 0.004830 0.629557
vt 0.155963 0.254439
vt 0.208798 0.224453
vt 0.017987 0.533314
vt 0.011920 0.534526
vt 0.011948 0.509416
vt 0.018021 0.510607
vt 0.021458 0.486175
vt 0.208798 0.314409
vt 0.155963 0.314409
vt 0.042783 0.654917
vt 0.030190 0.654917
vt 0.208798 0.344395
vt 0.063324 0.641192
vt 0.054419 0.650097
vt 0.208798 0.374380
vt 0.155963 0.344395
vt 0.042641 0.473479
vt 0.039176 0.468320
vt 0.062408 0.458662
vt 0.155963 0.374380
vt 0.063615 0.464739
vt 0.086313 0.464721
vt 0.087528 0.458652
vt 0.155963 0.404366
vt 0.208798 0.404365
vt 0.208797 0.434351
vt 0.107281 0.473405
vt 0.110729 0.468265
vt 0.155963 0.434351
vt 0.068143 0.616963
vt 0.068143 0.629557
vt 0.208798 0.464336
vt 0.054419 0.596423
vt 0.063324 0.605328
vt 0.208798 0.494321
vt 0.155963 0.464336
vt 0.155963 0.494321
vt 0.123330 0.489462
vt 0.128484 0.486032
vt 0.132017 0.510445
vt 0.138090 0.509247
vt 0.208798 0.044542
vt 0.155964 0.014556
vt 0.208798 0.014557
vt 0.132023 0.533156
vt 0.138090 0.534367
vt 0.155964 0.044542
vt 0.123374 0.554135
vt 0.128508 0.557555
vt 0.155964 0.074527
vt 0.208798 0.074527
vt 0.107348 0.570198
vt 0.110801 0.575329
vt 0.208798 0.104512
vt 0.155963 0.104512
vt 0.009649 0.605328
vt 0.030190 0.591603
vt 0.042783 0.591603
vt 0.018554 0.596423
vt 0.208798 0.134498
vt 0.155963 0.164483
vt 0.208798 0.164483
vt 0.155963 0.134498
vt 0.086391 0.578927
vt 0.087620 0.584992
vt 0.063692 0.578969
vt 0.062504 0.585043
vt 0.155728 0.314410
vt 0.011635 0.341669
vt 0.011635 0.314410
vt 0.155728 0.287150
vt 0.011634 0.287151
vt 0.039290 0.575467
vt 0.042714 0.570314
vt 0.155963 0.194468
vt 0.208798 0.194468
vt 0.026661 0.554280
vt 0.021523 0.557726
vt 0.155963 0.224454
vt 0.004830 0.616963
vt 0.011634 0.232632
vt 0.155728 0.259891
vt 0.011635 0.259891
vt 0.155728 0.232632
vt 0.006583 0.730138
vt 0.006583 0.707421
vt 0.015276 0.686435
vt 0.052325 0.661679
vt 0.031339 0.670372
vt 0.155728 0.205372
vt 0.011635 0.205372
vt 0.120784 0.707421
vt 0.096028 0.670372
vt 0.011634 0.178113
vt 0.155728 0.178113
vt 0.075042 0.661679
vt 0.155728 0.150854
vt 0.112091 0.686434
vt 0.155728 0.123594
vt 0.011635 0.150854
vt 0.155728 0.096335
vt 0.011635 0.123594
vt 0.026626 0.489589
vt 0.112091 0.751125
vt 0.075041 0.775880
vt 0.011635 0.096335
vt 0.011635 0.069076
vt 0.120784 0.730138
vt 0.155728 0.069076
vt 0.155728 0.041816
vt 0.096028 0.767187
vt 0.155728 0.014557
vt 0.011635 0.041816
vt 0.011635 0.014556
vt 0.011635 0.423447
vt 0.155728 0.450707
vt 0.011635 0.450707
vt 0.155728 0.423447
vt 0.011635 0.396188
vt 0.052325 0.775880
vt 0.031338 0.767187
vt 0.155728 0.396188
vt 0.155728 0.368929
vt 0.011635 0.368929
vt 0.155728 0.341669
vt 0.015276 0.751124
vt 0.120349 0.784210
vt 0.096308 0.955975
vt 0.096308 0.784210
vt 0.068888 0.784209
vt 0.044847 0.784209
vt 0.068888 0.955975
vt 0.008047 0.955975
vt 0.008047 0.784209
vt 0.044848 0.955975
vt 0.090959 0.982868
vt 0.120349 0.955975
vt 0.113170 0.992068
vt 0.095074 0.784054
vt 0.067654 0.955821
vt 0.067654 0.784055
vt 0.095074 0.955820
vt 0.119115 0.784054
vt 0.111936 0.991913
vt 0.089725 0.982714
vt 0.119115 0.955820
vt 0.006813 0.784055
vt 0.043613 0.784055
vt 0.043613 0.955821
vt 0.006813 0.955820
vt 0.095874 0.788539
vt 0.068454 0.960305
vt 0.068454 0.788540
vt 0.095874 0.960305
vt 0.119914 0.788540
vt 0.119915 0.960305
vt 0.090525 0.987198
vt 0.112735 0.996398
vt 0.007613 0.788539
vt 0.044413 0.960305
vt 0.007613 0.960305
vt 0.044413 0.788540
vt 0.069332 0.787158
vt 0.096752 0.787158
vt 0.096752 0.958924
vt 0.120793 0.958924
vt 0.120793 0.787158
vt 0.045291 0.787158
vt 0.008491 0.958924
vt 0.008491 0.787158
vt 0.045291 0.958924
vt 0.069332 0.958924
vt 0.113614 0.995017
vt 0.091403 0.985817
vt 0.492718 0.575642
vt 0.474543 0.575642
vt 0.457751 0.568687
vt 0.472416 0.586335
vt 0.938265 0.242192
vt 0.938265 0.268149
vt 0.887347 0.268149
vt 0.887347 0.198917
vt 0.938265 0.198917
vt 0.887347 0.242192
vt 0.861888 0.316488
vt 0.861888 0.273214
vt 0.887347 0.321553
vt 0.938265 0.321553
vt 0.938265 0.172959
vt 0.887347 0.172959
vt 0.841181 0.273478
vt 0.817412 0.273478
vt 0.817412 0.246777
vt 0.841181 0.300180
vt 0.444899 0.555835
vt 0.451694 0.577752
vt 0.841181 0.246777
vt 0.435834 0.561892
vt 0.437943 0.539043
vt 0.427251 0.541170
vt 0.817412 0.220075
vt 0.841181 0.220075
vt 0.427251 0.518741
vt 0.817412 0.193374
vt 0.841181 0.193374
vt 0.804666 0.318135
vt 0.774170 0.327965
vt 0.742233 0.325376
vt 0.752503 0.256767
vt 0.817412 0.620598
vt 0.817412 0.593896
vt 0.841181 0.593896
vt 0.747559 0.593896
vt 0.747559 0.620598
vt 0.901023 0.438538
vt 0.951318 0.438538
vt 0.951318 0.486863
vt 0.841181 0.620598
vt 0.938724 0.201870
vt 0.887806 0.175912
vt 0.938724 0.175913
vt 0.457751 0.491224
vt 0.444899 0.504076
vt 0.435834 0.498019
vt 0.451694 0.482159
vt 0.938724 0.324506
vt 0.887806 0.271103
vt 0.938724 0.271103
vt 0.841181 0.567195
vt 0.887806 0.324506
vt 0.938724 0.245145
vt 0.887806 0.245145
vt 0.862347 0.276167
vt 0.887806 0.201870
vt 0.862347 0.319442
vt 0.437943 0.520868
vt 0.817412 0.567195
vt 0.472416 0.473576
vt 0.841181 0.540493
vt 0.817412 0.540493
vt 0.677706 0.567195
vt 0.677706 0.593896
vt 0.677706 0.540493
vt 0.712632 0.540493
vt 0.645962 0.540493
vt 0.645962 0.593896
vt 0.645962 0.567195
vt 0.645962 0.513792
vt 0.677706 0.513792
vt 0.645962 0.487090
vt 0.551152 0.478531
vt 0.524510 0.467496
vt 0.597961 0.365454
vt 0.579990 0.478531
vt 0.532267 0.045764
vt 0.529173 0.048623
vt 0.529173 0.049924
vt 0.579990 0.333555
vt 0.600674 0.346618
vt 0.532666 0.053031
vt 0.532666 0.045764
vt 0.606632 0.467496
vt 0.627024 0.447104
vt 0.524510 0.344590
vt 0.551152 0.333555
vt 0.504119 0.364982
vt 0.638059 0.420462
vt 0.493083 0.391624
vt 0.638059 0.391624
vt 0.493083 0.420462
vt 0.634037 0.381913
vt 0.504119 0.447104
vt 0.541557 0.044058
vt 0.532779 0.044058
vt 0.532932 0.044427
vt 0.645962 0.273478
vt 0.645962 0.246777
vt 0.645962 0.300180
vt 0.677706 0.273478
vt 0.677706 0.246777
vt 0.682785 0.240865
vt 0.690391 0.209740
vt 0.709331 0.183894
vt 0.677706 0.300180
vt 0.736719 0.167264
vt 0.768386 0.162380
vt 0.677706 0.220075
vt 0.645962 0.220075
vt 0.645961 0.193374
vt 0.677706 0.193374
vt 0.799512 0.169987
vt 0.751905 0.234954
vt 0.850729 0.486863
vt 0.850729 0.438538
vt 0.850729 0.531686
vt 0.803794 0.288698
vt 0.741263 0.327008
vt 0.704299 0.299921
vt 0.677706 0.380284
vt 0.677706 0.406986
vt 0.645962 0.406986
vt 0.645962 0.380284
vt 0.687668 0.272533
vt 0.645962 0.353583
vt 0.677706 0.353583
vt 0.850729 0.603182
vt 0.951317 0.575686
vt 0.951318 0.603182
vt 0.817413 0.406986
vt 0.817412 0.380284
vt 0.850729 0.575686
vt 0.841181 0.380284
vt 0.841181 0.433687
vt 0.817412 0.433687
vt 0.841181 0.406986
vt 0.938621 0.201793
vt 0.887703 0.175835
vt 0.938621 0.175835
vt 0.509510 0.568687
vt 0.522362 0.555835
vt 0.531427 0.561892
vt 0.515567 0.577752
vt 0.938621 0.324429
vt 0.887703 0.271026
vt 0.938621 0.271026
vt 0.817412 0.353583
vt 0.841181 0.353583
vt 0.887703 0.324429
vt 0.862244 0.276090
vt 0.862244 0.319364
vt 0.887703 0.201793
vt 0.887703 0.245068
vt 0.938621 0.245068
vt 0.529317 0.539043
vt 0.540010 0.518741
vt 0.540010 0.541170
vt 0.529317 0.520868
vt 0.509510 0.491224
vt 0.522362 0.504076
vt 0.531427 0.498019
vt 0.515567 0.482159
vt 0.841181 0.460389
vt 0.841181 0.487090
vt 0.817412 0.487090
vt 0.817412 0.460389
vt 0.817412 0.513792
vt 0.677706 0.460389
vt 0.747559 0.513792
vt 0.677706 0.487090
vt 0.712632 0.513792
vt 0.747559 0.540493
vt 0.878363 0.431201
vt 0.910406 0.400653
vt 0.910405 0.431203
vt 0.940957 0.400654
vt 0.910408 0.358741
vt 0.940959 0.358742
vt 0.878364 0.400651
vt 0.847814 0.400649
vt 0.878367 0.358739
vt 0.847816 0.358737
vt 0.878368 0.328188
vt 0.910410 0.328190
vt 0.645962 0.460389
vt 0.677706 0.433687
vt 0.645962 0.433687
vt 0.841181 0.513792
vt 0.937785 0.269082
vt 0.886868 0.243124
vt 0.937785 0.243124
vt 0.492718 0.484268
vt 0.494845 0.473576
vt 0.937785 0.322485
vt 0.886867 0.322485
vt 0.886868 0.269082
vt 0.937785 0.199849
vt 0.886867 0.199849
vt 0.861408 0.274146
vt 0.861408 0.317421
vt 0.886867 0.173891
vt 0.937785 0.173891
vt 0.474543 0.484268
vt 0.817412 0.326881
vt 0.692966 0.286348
vt 0.683136 0.255851
vt 0.685726 0.223914
vt 0.700339 0.195399
vt 0.713717 0.310762
vt 0.817412 0.300180
vt 0.841181 0.326881
vt 0.494845 0.586335
vt 0.645962 0.326881
vt 0.645962 0.342738
vt 0.536160 0.045764
vt 0.536160 0.052664
vt 0.538589 0.051381
vt 0.645962 0.377955
vt 0.542852 0.045764
vt 0.645962 0.370551
vt 0.645962 0.328325
vt 0.677706 0.326881
vt 0.645962 0.322639
vt 0.531821 0.052421
vt 0.735256 0.165719
vt 0.800384 0.199424
vt 0.951318 0.531686
vt 0.645961 0.620598
vt 0.677706 0.620598
vt 0.712632 0.593896
vt 0.712632 0.620598
vt 0.875876 0.438538
vt 0.847111 0.360101
vt 0.877659 0.402015
vt 0.847109 0.402013
vt 0.909705 0.329554
vt 0.877662 0.360103
vt 0.877664 0.329552
vt 0.877658 0.432566
vt 0.909701 0.402017
vt 0.940252 0.402019
vt 0.909704 0.360105
vt 0.909699 0.432568
vt 0.940254 0.360107
vt 0.602400 0.342837
vt 0.528086 0.040549
vt 0.527436 0.041199
vt 0.528737 0.041199
vt 0.137046 0.774263
vt 0.136424 0.707685
vt 0.174826 0.707327
vt 0.175448 0.773904
vt 0.294936 0.680259
vt 0.272748 0.689693
vt 0.206171 0.690315
vt 0.174601 0.683218
vt 0.183811 0.681296
vt 0.174376 0.659108
vt 0.136199 0.683576
vt 0.135974 0.659467
vt 0.173755 0.592530
vt 0.182773 0.570170
vt 0.271539 0.560115
vt 0.173305 0.544312
vt 0.173530 0.568421
vt 0.135127 0.568780
vt 0.135353 0.592889
vt 0.204961 0.560736
vt 0.134902 0.544670
vt 0.172683 0.477734
vt 0.006396 0.660676
vt 0.014792 0.571738
vt 0.103558 0.561683
vt 0.126956 0.681827
vt 0.134281 0.478093
vt 0.125918 0.570701
vt 0.036981 0.562304
vt 0.172458 0.453625
vt 0.134056 0.453983
vt 0.293899 0.569133
vt 0.303333 0.591321
vt 0.172233 0.429515
vt 0.133831 0.429874
vt 0.171612 0.362938
vt 0.303955 0.657898
vt 0.133209 0.363296
vt 0.175673 0.798014
vt 0.175898 0.822123
vt 0.137496 0.822482
vt 0.005774 0.594099
vt 0.038190 0.691882
vt 0.015830 0.682864
vt 0.137271 0.798372
vt 0.104768 0.691261
vt 0.206120 0.536590
vt 0.206120 0.554642
vt 0.190699 0.554642
vt 0.206120 0.265816
vt 0.190699 0.283868
vt 0.190699 0.265816
vt 0.206120 0.283868
vt 0.206120 0.518538
vt 0.190699 0.536590
vt 0.190699 0.518538
vt 0.206120 0.500487
vt 0.190699 0.500487
vt 0.206120 0.482435
vt 0.190699 0.482435
vt 0.206120 0.464384
vt 0.190699 0.464384
vt 0.206120 0.446332
vt 0.190699 0.446332
vt 0.206120 0.428280
vt 0.190699 0.428280
vt 0.206120 0.410229
vt 0.190699 0.410229
vt 0.206120 0.392177
vt 0.190699 0.392177
vt 0.206120 0.374126
vt 0.190699 0.374126
vt 0.206120 0.356074
vt 0.190699 0.356074
vt 0.206120 0.338023
vt 0.190699 0.338023
vt 0.206120 0.319971
vt 0.190699 0.319971
vt 0.206120 0.301919
vt 0.190699 0.301919
vt 0.300277 0.140260
vt 0.270920 0.140260
vt 0.270920 0.096370
vt 0.241563 0.096370
vt 0.300277 0.096370
vt 0.329634 0.140260
vt 0.329634 0.096370
vt 0.329634 0.221770
vt 0.008941 0.127545
vt 0.041848 0.090229
vt 0.041862 0.137850
vt 0.008962 0.198866
vt 0.008930 0.089141
vt 0.091238 0.136738
vt 0.091224 0.089118
vt 0.149034 0.136722
vt 0.149021 0.089101
vt 0.149060 0.225160
vt 0.198411 0.137805
vt 0.198397 0.090184
vt 0.198436 0.226243
vt 0.231325 0.127481
vt 0.231346 0.198802
vt 0.178839 0.028623
vt 0.178839 -0.000735
vt 0.260349 -0.000735
vt 0.133031 0.315969
vt 0.100910 0.273613
vt 0.139441 0.273602
vt 0.107344 0.315976
vt 0.041887 0.226288
vt 0.091263 0.225176
vt 0.178839 0.057980
vt 0.260349 0.028623
vt 0.260349 0.057980
vt 0.304239 0.028623
vt 0.304239 -0.000735
vt 0.231314 0.089077
vt 0.304239 0.057980
vt 0.260349 0.087337
vt 0.304239 0.087337
vt 0.178839 0.087337
vt 0.011133 0.129384
vt 0.044040 0.092068
vt 0.044054 0.139689
vt 0.011154 0.200705
vt 0.011122 0.090980
vt 0.093429 0.138577
vt 0.093416 0.090957
vt 0.151226 0.138561
vt 0.151213 0.090940
vt 0.200603 0.139644
vt 0.151251 0.226999
vt 0.200589 0.092023
vt 0.233517 0.129320
vt 0.233537 0.200641
vt 0.200628 0.228082
vt 0.301090 0.057980
vt 0.301090 0.087337
vt 0.219580 0.087337
vt 0.109535 0.317816
vt 0.141632 0.275441
vt 0.135223 0.317808
vt 0.301090 0.028623
vt 0.219580 0.057980
vt 0.301090 -0.000735
vt 0.219580 0.028623
vt 0.175690 0.057980
vt 0.175690 0.028623
vt 0.219580 -0.000735
vt 0.175690 -0.000735
vt 0.009691 0.126652
vt 0.009680 0.088248
vt 0.042598 0.089336
vt 0.042611 0.136956
vt 0.091987 0.135845
vt 0.091973 0.088225
vt 0.149784 0.135829
vt 0.149770 0.088208
vt 0.149809 0.224267
vt 0.199147 0.089291
vt 0.199160 0.136912
vt 0.232075 0.126588
vt 0.232064 0.088184
vt 0.270138 0.139893
vt 0.240781 0.096004
vt 0.270138 0.096004
vt 0.240781 0.139894
vt 0.299496 0.139893
vt 0.299496 0.221403
vt 0.270138 0.221403
vt 0.240781 0.221403
vt 0.232095 0.197909
vt 0.199186 0.225350
vt 0.108093 0.315083
vt 0.140190 0.272709
vt 0.133780 0.315076
vt 0.101659 0.272720
vt 0.009711 0.197973
vt 0.042636 0.225395
vt 0.092012 0.224283
vt 0.328853 0.221403
vt 0.135972 0.316915
vt 0.110285 0.316922
vt 0.103851 0.274559
vt 0.011903 0.199812
vt 0.011883 0.128491
vt 0.044803 0.138796
vt 0.328853 0.139893
vt 0.044828 0.227234
vt 0.044789 0.091175
vt 0.094179 0.137684
vt 0.094204 0.226122
vt 0.152001 0.226106
vt 0.201352 0.138751
vt 0.151975 0.137668
vt 0.201377 0.227189
vt 0.142382 0.274548
vt 0.234287 0.199748
vt 0.234266 0.128427
vt 0.201338 0.091130
vt 0.234255 0.090023
vt 0.151962 0.090047
vt 0.094165 0.090064
vt 0.270920 0.221770
vt 0.241563 0.221770
vt 0.241563 0.140260
vt 0.300277 0.221770
vt 0.011872 0.090087
vt 0.299496 0.096004
vt 0.328853 0.096004
vt 0.175690 0.087337
vt 0.233506 0.090917
vt 0.103101 0.275452
vt 0.044079 0.228127
vt 0.093455 0.227015
s 1
usemtl SpacialRoverExploreralumWhite
f 1/1/1 3/2/1 2/3/1
f 1/1/1 5/4/1 3/2/1
f 4/5/2 5/4/2 1/1/2
f 4/5/2 6/6/2 5/4/2
f 6/7/3 7/8/4 5/9/4
f 7/8/4 8/10/4 5/9/4
f 8/10/4 9/11/4 5/9/4
f 9/11/4 3/12/4 5/9/4
f 9/13/5 8/14/6 11/15/7
f 3/16/8 9/13/5 10/17/9
f 9/13/5 11/15/7 10/17/9
f 8/14/6 12/18/10 11/15/7
f 8/14/6 7/19/10 12/18/10
f 14/20/11 13/21/12 12/18/10
f 14/20/11 12/18/10 7/19/10
f 14/22/13 7/8/4 6/7/3
f 15/23/14 14/22/13 6/7/3
f 16/24/15 14/22/13 15/23/14
f 13/21/12 14/20/11 16/25/16
f 17/26/17 16/24/15 15/23/14
f 17/27/18 18/28/19 16/25/16
f 13/21/12 16/25/16 18/28/19
f 17/27/18 19/29/20 18/28/19
f 20/30/21 19/29/20 17/27/18
f 20/30/21 21/31/22 19/29/20
f 23/32/23 21/31/22 20/30/21
f 23/32/23 22/33/23 21/31/22
f 25/34/24 23/35/25 20/36/26
f 23/37/27 24/38/28 22/39/29
f 23/37/27 25/40/30 24/38/28
f 25/34/24 20/36/26 15/23/14
f 15/41/14 26/42/31 25/43/24
f 27/44/32 25/45/30 26/46/32
f 27/44/32 24/47/28 25/45/30
f 26/46/32 28/48/32 27/44/32
f 26/46/32 30/49/32 28/48/32
f 30/49/33 29/50/33 28/48/33
f 31/51/34 32/52/35 30/53/31
f 31/51/34 30/53/31 26/42/31
f 30/49/33 32/54/33 29/50/33
f 31/51/34 33/55/36 32/52/35
f 32/56/33 33/57/33 34/58/33
f 32/56/33 34/58/33 29/59/33
f 34/58/37 33/57/37 35/60/37
f 34/58/37 35/60/37 36/61/37
f 31/62/1 37/63/1 36/61/1
f 31/62/1 36/61/1 35/60/1
f 37/63/37 31/62/37 15/64/37
f 37/63/37 15/64/37 38/65/37
f 4/5/33 38/66/33 15/67/33
f 31/51/34 35/68/36 33/55/36
f 15/41/14 31/51/34 26/42/31
f 20/36/26 17/26/17 15/23/14
f 4/5/33 15/67/33 6/6/33
f 3/16/8 10/17/9 2/69/8
f 96/70/38 122/71/39 103/72/39
f 95/73/40 123/74/41 114/75/40
f 109/76/42 131/77/43 130/78/42
f 47/79/44 45/80/45 72/81/46
f 132/82/47 108/83/48 125/84/48
f 112/85/49 118/86/50 93/87/50
f 98/88/51 126/89/52 107/90/52
f 104/91/53 116/92/54 97/93/54
f 110/94/55 120/95/56 101/96/56
f 102/97/57 128/98/58 111/99/58
f 44/100/33 41/101/59 73/102/59
f 40/103/60 75/104/61 76/105/62
f 46/106/63 80/107/64 74/108/64
f 45/80/45 39/109/65 82/110/65
f 39/111/66 85/112/67 84/113/68
f 42/114/69 86/115/69 88/116/69
f 43/117/70 78/118/71 90/119/71
f 42/114/72 91/120/73 79/121/74
f 48/122/75 71/123/76 92/124/76
f 116/92/54 98/125/51 97/93/54
f 118/86/50 94/126/77 93/87/50
f 120/95/56 102/97/57 101/96/56
f 130/78/42 110/94/55 109/76/42
f 126/89/52 108/83/48 107/90/52
f 128/98/58 112/85/49 111/99/58
f 114/75/40 96/70/38 95/73/40
f 122/71/39 104/91/53 103/72/39
f 99/127/47 131/77/43 100/128/43
f 124/129/78 106/130/41 105/131/78
f 94/126/77 124/129/78 105/131/78
f 96/70/38 113/132/38 122/71/39
f 95/73/40 106/130/41 123/74/41
f 109/76/42 100/128/43 131/77/43
f 132/82/47 99/127/47 108/83/48
f 112/85/49 127/133/49 118/86/50
f 98/88/51 115/134/51 126/89/52
f 104/91/53 121/135/53 116/92/54
f 110/94/55 129/136/55 120/95/56
f 102/97/57 119/137/57 128/98/58
f 116/92/54 115/138/51 98/125/51
f 118/86/50 117/139/77 94/126/77
f 120/95/56 119/137/57 102/97/57
f 130/78/42 129/136/55 110/94/55
f 126/89/52 125/84/48 108/83/48
f 128/98/58 127/133/49 112/85/49
f 114/75/40 113/132/38 96/70/38
f 122/71/39 121/135/53 104/91/53
f 99/127/47 132/82/47 131/77/43
f 124/129/78 123/74/41 106/130/41
f 94/126/77 117/139/77 124/129/78
f 45/80/45 70/140/79 69/141/44
f 72/81/46 71/123/80 47/79/44
f 45/80/45 69/141/44 72/81/46
f 73/102/59 75/104/61 44/100/33
f 41/101/59 74/108/59 73/102/59
f 77/142/60 78/118/60 40/103/60
f 40/103/60 44/100/33 75/104/61
f 76/105/62 77/142/60 40/103/60
f 74/108/81 41/101/81 46/106/82
f 46/106/63 79/121/74 80/107/64
f 83/143/65 70/140/79 45/80/45
f 39/109/65 81/144/65 82/110/65
f 82/110/65 83/143/65 45/80/45
f 84/113/68 81/145/66 39/111/66
f 39/111/66 43/117/70 85/112/67
f 42/114/69 48/122/75 87/146/83
f 42/114/69 87/146/83 86/115/69
f 88/116/69 89/147/69 42/114/69
f 90/119/71 85/112/67 43/117/70
f 43/117/70 40/103/71 78/118/71
f 79/121/74 46/106/63 42/114/72
f 42/114/72 89/147/72 91/120/73
f 92/124/76 87/146/83 48/122/75
f 48/122/75 47/79/76 71/123/76
f 182/284/123 183/285/123 181/286/123
f 183/285/123 184/287/123 181/286/123
f 184/287/123 185/288/123 181/286/123
f 187/290/123 185/288/123 184/287/123
f 185/288/123 187/290/123 186/292/123
f 188/293/142 187/294/145 184/295/142
f 188/293/142 190/296/145 187/294/145
f 187/290/123 189/297/123 186/292/123
f 189/298/146 187/294/145 190/296/145
f 189/298/146 190/296/145 191/299/146
f 191/299/146 192/300/147 189/298/146
f 191/299/146 193/301/147 192/300/147
f 194/302/148 192/300/147 193/301/147
f 194/302/148 193/301/147 195/303/148
f 194/302/148 195/303/148 196/304/149
f 194/302/148 196/304/149 197/305/149
f 198/306/150 197/307/149 196/308/149
f 198/306/150 199/309/151 201/310/151
f 198/306/150 200/311/150 197/307/149
f 198/306/150 201/310/151 200/311/150
f 201/312/123 205/313/123 200/314/123
f 202/315/152 201/310/151 199/309/151
f 201/312/123 202/316/123 203/317/123
f 204/318/123 201/312/123 203/317/123
f 205/313/123 201/312/123 204/318/123
f 200/314/123 205/313/123 206/319/123
f 218/342/123 217/343/123 215/344/123
f 218/342/123 182/284/123 217/343/123
f 218/345/169 219/346/173 221/347/173
f 219/348/123 218/342/123 215/344/123
f 220/349/169 183/350/144 218/345/169
f 218/345/169 221/347/173 220/349/169
f 218/342/123 183/285/123 182/284/123
f 222/351/152 221/347/173 219/346/173
f 222/351/152 219/346/173 202/315/152
f 202/315/152 199/309/151 222/351/152
f 220/349/169 223/352/144 183/350/144
f 184/295/142 223/352/144 188/293/142
f 184/295/142 183/350/144 223/352/144
f 202/316/123 219/348/123 215/344/123
f 202/316/123 215/344/123 203/317/123
f 228/367/123 186/292/123 189/297/123
f 192/368/123 228/367/123 189/297/123
f 224/369/123 228/367/123 192/368/123
f 224/369/123 192/368/123 194/370/123
f 206/319/123 224/369/123 197/371/123
f 224/369/123 194/370/123 197/371/123
f 197/371/123 200/314/123 206/319/123
f 232/376/114 234/377/195 231/378/114
f 231/379/114 233/380/196 232/381/114
f 231/379/114 238/382/196 233/380/196
f 231/383/33 234/384/33 235/385/33
f 236/386/33 231/383/33 235/385/33
f 231/383/33 236/386/33 237/387/33
f 238/388/33 231/383/33 237/387/33
f 238/388/33 241/389/33 239/390/33
f 240/391/197 238/382/196 239/392/197
f 240/391/197 233/380/196 238/382/196
f 241/389/33 238/388/33 237/387/33
f 241/389/33 245/398/33 239/390/33
f 241/389/33 244/399/33 245/398/33
f 240/391/197 239/392/197 245/400/125
f 244/399/33 246/401/33 245/398/33
f 248/402/198 245/400/125 246/403/198
f 240/391/197 245/400/125 247/404/125
f 248/402/198 247/404/125 245/400/125
f 246/403/198 249/405/199 248/402/198
f 251/406/10 249/405/199 250/407/199
f 246/403/198 250/407/199 249/405/199
f 251/406/10 250/407/199 252/408/10
f 252/408/10 253/409/200 251/406/10
f 252/408/10 255/410/200 253/409/200
f 254/411/201 253/409/200 255/410/200
f 255/412/33 257/413/33 256/414/33
f 254/411/201 255/410/200 256/415/201
f 252/416/33 257/413/33 255/412/33
f 257/413/33 252/416/33 258/420/33
f 256/414/33 257/413/33 259/423/33
f 234/384/33 266/433/33 235/385/33
f 234/384/33 267/434/33 266/433/33
f 267/434/33 265/435/33 266/433/33
f 267/438/202 234/377/195 269/439/195
f 268/440/202 270/441/118 267/438/202
f 267/438/202 269/439/195 268/440/202
f 267/434/33 270/442/33 265/435/33
f 268/440/202 271/443/118 270/441/118
f 265/435/33 270/442/33 259/423/33
f 270/442/33 256/414/33 259/423/33
f 256/415/201 270/441/118 271/443/118
f 256/415/201 271/443/118 254/411/201
f 232/376/114 269/439/195 234/377/195
f 278/461/33 250/462/33 246/401/33
f 278/461/33 258/420/33 250/462/33
f 275/463/33 278/461/33 246/401/33
f 244/399/33 275/463/33 246/401/33
f 258/420/33 252/416/33 250/462/33
f 280/464/120 281/465/120 279/466/120
f 282/467/120 279/466/120 281/465/120
f 284/468/120 282/467/120 283/469/120
f 282/467/120 281/465/120 283/469/120
f 284/468/120 285/470/120 287/471/120
f 284/468/120 283/469/120 285/470/120
f 284/468/120 287/471/120 286/472/120
f 288/473/120 286/472/120 287/471/120
f 288/473/120 287/471/120 289/474/120
f 285/475/203 290/476/204 287/477/204
f 287/477/204 291/478/205 289/479/205
f 287/477/204 290/476/204 291/478/205
f 292/480/120 295/481/120 291/482/120
f 292/480/120 291/482/120 294/483/120
f 289/479/205 291/478/205 295/484/1
f 293/485/120 294/483/120 291/482/120
f 293/485/120 291/482/120 290/486/120
f 297/487/120 296/488/120 295/481/120
f 299/489/206 295/484/1 296/490/206
f 297/487/120 295/481/120 292/480/120
f 289/479/205 295/484/1 298/491/1
f 299/489/206 298/491/1 295/484/1
f 300/492/120 298/493/120 299/494/120
f 303/495/120 300/492/120 299/494/120
f 299/489/206 302/496/207 301/497/207
f 303/495/120 299/494/120 301/498/120
f 299/489/206 296/490/206 302/496/207
f 304/499/120 303/495/120 301/498/120
f 306/500/120 304/499/120 305/501/120
f 304/499/120 301/498/120 305/501/120
f 308/502/120 306/500/120 307/503/120
f 306/500/120 305/501/120 307/503/120
f 308/502/120 309/504/120 311/505/120
f 308/502/120 307/503/120 309/504/120
f 308/502/120 311/505/120 310/506/120
f 311/507/208 312/508/208 315/509/209
f 311/507/208 313/510/210 312/508/208
f 311/507/208 309/511/210 313/510/210
f 310/506/120 311/505/120 314/512/120
f 311/507/208 315/509/209 314/513/209
f 314/513/209 315/509/209 316/514/33
f 317/515/120 316/516/120 315/517/120
f 317/515/120 315/517/120 312/518/120
f 318/519/211 317/520/212 320/521/213
f 317/515/120 318/522/120 316/516/120
f 320/521/213 317/520/212 319/523/214
f 317/515/120 312/518/120 319/524/120
f 321/525/215 320/521/213 319/523/214
f 318/519/211 320/521/213 322/526/216
f 322/526/216 323/527/217 318/519/211
s 0
f 318/519/112 323/527/33 324/528/120
s 1
f 324/528/218 326/529/219 325/530/220
f 325/530/220 318/519/221 324/528/218
f 326/529/219 327/531/222 325/530/220
f 328/532/223 325/530/220 327/531/222
f 328/532/223 327/531/222 329/533/224
f 329/533/224 330/534/225 328/532/223
f 330/534/225 331/535/226 328/532/223
f 328/536/223 331/537/226 332/538/227
f 328/536/223 332/538/227 333/539/228
f 333/539/228 334/540/229 328/536/223
f 334/540/229 333/539/228 335/541/230
f 334/540/229 335/541/230 336/542/231
f 338/543/232 336/542/231 337/544/233
f 336/542/231 338/543/232 334/540/229
f 334/545/120 338/546/120 339/547/120
f 338/546/120 340/548/120 339/547/120
f 338/546/120 342/549/120 340/548/120
f 341/550/234 342/551/235 338/543/232
f 338/543/232 337/544/233 341/550/234
f 342/549/120 290/486/120 340/548/120
f 342/549/120 293/485/120 290/486/120
f 343/552/236 293/553/237 342/551/235
f 342/551/235 344/554/238 343/552/236
f 342/551/235 341/550/234 344/554/238
f 293/553/237 343/552/236 345/555/239
f 293/553/237 345/555/239 346/556/240
f 346/556/240 347/557/241 293/553/237
f 292/558/242 347/557/241 348/559/243
f 292/558/242 294/560/244 347/557/241
f 347/557/241 294/560/244 293/553/237
f 292/558/242 348/559/243 349/561/245
f 349/561/245 350/562/246 292/558/242
f 292/558/242 350/562/246 351/563/247
f 292/558/242 351/563/247 352/564/248
f 352/564/248 297/565/249 292/558/242
f 353/566/250 297/565/249 352/564/248
f 353/566/250 352/564/248 354/567/251
f 354/567/251 356/568/252 355/569/253
f 353/566/250 354/567/251 355/569/253
f 357/570/254 353/566/250 355/569/253
f 357/570/254 355/569/253 358/571/255
f 358/571/255 359/572/256 357/570/254
f 360/573/257 357/570/254 359/572/256
f 360/573/257 359/572/256 361/574/258
f 361/574/258 362/575/259 360/573/257
f 364/576/260 362/575/259 363/577/261
f 364/576/260 360/573/257 362/575/259
f 364/578/120 365/579/120 360/580/120
f 364/578/120 313/581/120 365/579/120
f 319/523/214 364/576/260 366/582/262
f 319/524/120 313/581/120 364/578/120
f 363/577/261 366/582/262 364/576/260
f 319/523/214 366/582/262 367/583/263
f 367/583/263 368/584/264 319/523/214
f 319/523/214 368/584/264 369/585/265
f 319/523/214 369/585/265 321/525/215
f 305/586/266 370/587/266 365/588/123
f 305/586/266 365/588/123 307/589/123
f 360/580/120 365/579/120 370/590/120
f 307/589/123 365/588/123 313/510/210
f 301/497/207 370/587/266 305/586/266
f 357/591/120 370/590/120 302/592/120
f 301/497/207 302/496/207 370/587/266
f 360/580/120 370/590/120 357/591/120
f 357/591/120 302/592/120 353/593/120
f 353/593/120 296/488/120 297/487/120
f 353/593/120 302/592/120 296/488/120
f 283/594/116 339/595/116 340/596/203
f 283/594/116 340/596/203 285/475/203
f 285/475/203 340/596/203 290/476/204
f 281/597/267 371/598/267 339/595/116
f 281/597/267 339/595/116 283/594/116
f 334/545/120 339/547/120 371/599/120
f 281/597/267 372/600/268 371/598/267
f 328/601/120 371/599/120 372/602/120
f 328/601/120 334/545/120 371/599/120
f 325/603/120 372/602/120 373/604/120
f 374/605/268 373/606/269 372/607/268
f 281/597/267 374/608/268 372/600/268
f 325/603/120 328/601/120 372/602/120
f 280/464/120 374/609/120 281/465/120
f 375/610/120 376/611/120 374/609/120
f 375/610/120 374/609/120 280/464/120
f 374/605/268 376/612/269 373/606/269
f 378/613/120 377/614/120 376/611/120
f 377/615/33 373/606/269 376/612/269
f 378/613/120 376/611/120 375/610/120
f 379/616/120 377/614/120 378/613/120
f 379/616/120 314/512/120 377/614/120
f 310/506/120 314/512/120 379/616/120
f 377/615/33 316/514/33 373/606/269
f 314/513/209 316/514/33 377/615/33
f 318/522/120 373/604/120 316/516/120
f 318/522/120 325/603/120 373/604/120
f 319/524/120 312/518/120 313/581/120
f 307/589/123 313/510/210 309/511/210
f 300/492/120 380/617/120 298/493/120
f 380/617/120 288/473/120 289/474/120
f 380/617/120 289/474/120 298/493/120
f 381/618/270 382/619/270 385/620/270
f 381/618/271 383/621/271 382/619/271
f 381/618/271 386/622/271 383/621/271
f 381/618/270 385/620/270 384/623/270
f 387/624/272 383/621/272 386/622/272
f 388/625/273 389/626/273 387/627/273
f 387/624/272 389/628/272 383/621/272
f 388/625/273 391/629/273 389/626/273
f 389/628/33 391/630/33 390/631/33
f 392/632/33 389/628/33 390/631/33
f 392/632/33 382/633/33 389/628/33
f 382/633/33 383/621/33 389/628/33
f 395/634/123 393/635/123 392/636/123
f 392/632/33 393/637/33 382/633/33
f 390/631/33 398/638/33 392/632/33
f 396/639/123 392/636/123 394/640/123
f 397/641/274 394/640/274 392/636/274
f 395/634/123 392/636/123 396/639/123
f 398/638/33 397/642/33 392/632/33
f 399/643/275 397/641/275 398/644/275
f 399/643/275 398/644/275 400/645/275
f 400/645/276 398/644/276 401/646/276
f 390/631/33 401/647/33 398/638/33
f 403/648/277 401/646/277 390/649/277
f 400/645/276 401/646/276 402/650/276
f 403/648/277 402/650/277 401/646/277
f 388/625/116 403/648/116 390/649/116
f 399/643/274 404/651/274 394/640/274
f 399/643/274 394/640/274 397/641/274
f 384/623/123 394/640/123 404/651/123
f 396/639/123 394/640/123 405/657/123
f 410/665/123 393/635/123 395/634/123
f 410/665/123 385/620/123 393/635/123
f 405/657/123 385/620/123 410/665/123
f 405/657/123 394/640/123 385/620/123
f 384/623/123 385/620/123 394/640/123
f 385/620/270 382/619/270 393/635/270
f 388/625/116 390/649/116 391/629/116
f 412/666/272 413/667/272 411/668/272
f 413/667/271 414/669/271 411/668/271
f 413/667/271 415/670/271 414/669/271
f 415/670/270 416/671/270 414/669/270
f 415/670/270 417/672/270 416/671/270
f 417/672/123 418/673/123 416/671/123
f 417/672/123 419/674/123 418/673/123
f 419/674/274 420/675/274 418/673/274
f 419/674/274 421/676/274 420/675/274
f 421/676/275 422/677/275 420/675/275
f 421/676/275 423/678/275 422/677/275
f 423/678/276 424/679/276 422/677/276
f 423/678/276 425/680/276 424/679/276
f 425/680/277 426/681/277 424/679/277
f 425/680/277 427/682/277 426/681/277
f 427/682/116 428/683/116 426/681/116
f 427/682/116 429/684/116 428/683/116
f 429/684/273 412/685/273 428/683/273
f 429/684/273 430/686/273 412/685/273
f 412/666/272 430/687/272 413/667/272
f 434/688/282 432/689/283 431/690/283
f 432/689/283 433/691/284 431/690/283
f 435/692/120 431/690/120 433/693/120
f 434/688/282 431/690/283 435/692/282
f 435/692/120 433/693/120 436/694/120
f 436/694/120 438/695/120 435/692/120
f 438/695/120 437/696/120 435/692/120
f 437/696/120 440/697/120 435/692/120
f 435/692/282 439/698/285 434/688/282
f 435/692/282 440/699/285 439/698/285
f 440/700/286 441/701/287 439/702/286
f 440/700/286 437/703/287 441/701/287
f 439/704/112 441/705/112 442/706/112
f 437/703/287 442/707/288 441/701/287
f 442/706/112 445/708/112 443/709/112
f 442/706/112 443/709/112 432/689/112
f 446/710/289 442/707/288 444/711/288
f 437/703/287 444/711/288 442/707/288
f 432/689/112 439/704/112 442/706/112
f 442/706/112 446/712/112 445/708/112
f 446/710/289 444/711/288 438/713/290
f 445/714/291 446/710/292 438/713/292
f 445/714/291 438/713/292 447/715/291
f 447/715/291 448/716/293 445/714/291
f 445/708/112 448/717/112 443/709/112
f 447/715/291 449/718/293 448/716/293
f 448/716/293 449/718/293 450/719/294
f 448/716/293 450/719/294 443/720/294
f 450/719/295 436/721/296 451/722/296
f 436/694/120 450/723/120 449/718/120
f 450/719/295 451/722/296 443/720/297
f 443/709/112 451/724/112 453/725/112
f 451/722/296 436/721/296 452/726/298
f 451/722/296 452/726/298 453/727/298
f 454/728/299 453/727/298 452/726/298
f 443/709/112 453/725/112 432/689/112
f 453/725/112 454/729/112 432/689/112
f 454/728/299 452/726/298 433/730/299
f 432/689/283 454/731/284 433/691/284
f 433/693/120 452/732/120 436/694/120
f 436/694/120 449/718/120 438/695/120
f 449/718/120 447/715/120 438/695/120
f 438/695/120 444/733/120 437/696/120
f 432/689/112 434/688/112 439/704/112
f 455/734/33 460/735/300 456/736/300
f 456/737/112 457/738/112 455/739/112
f 455/739/112 457/738/112 459/740/112
f 458/741/301 461/742/33 455/734/33
f 455/739/112 459/740/112 458/743/112
f 455/734/33 461/742/33 460/735/300
f 458/741/301 462/744/301 461/742/33
f 466/750/302 464/751/302 462/744/301
f 465/753/123 469/754/123 464/755/302
f 465/753/123 464/755/302 466/756/302
f 470/759/303 468/760/303 469/754/123
f 470/759/303 469/754/123 465/753/123
f 470/761/112 472/762/112 471/763/112
f 470/761/112 471/763/112 473/764/112
f 465/765/112 472/762/112 470/761/112
f 473/766/304 468/760/303 470/759/303
f 474/767/112 473/764/112 471/763/112
f 474/768/1 475/769/304 473/766/304
f 473/766/304 475/769/304 468/760/303
f 474/768/1 467/771/1 475/769/304
f 476/772/305 467/771/1 474/768/1
f 474/767/112 477/773/112 476/774/112
f 474/767/112 478/775/112 477/773/112
f 474/767/112 471/763/112 478/775/112
f 479/776/33 478/777/33 471/778/300
f 477/779/301 478/777/33 479/776/33
f 477/779/301 479/776/33 480/783/301
f 479/776/33 471/778/300 481/786/300
f 459/813/305 499/814/1 498/815/305
f 501/817/307 498/815/305 500/818/307
f 501/817/307 459/813/305 498/815/305
f 465/765/112 466/819/112 501/820/112
f 465/765/112 501/820/112 502/821/112
f 466/819/112 459/740/112 501/820/112
f 503/822/116 502/823/116 501/824/307
f 503/822/116 501/824/307 500/825/307
f 472/827/306 503/822/116 489/828/306
f 472/827/306 502/823/116 503/822/116
f 465/765/112 502/821/112 472/762/112
f 459/813/305 457/829/1 499/814/1
f 457/829/1 504/830/304 499/814/1
f 513/843/303 512/844/123 511/845/303
f 513/843/303 514/846/123 512/844/123
f 514/846/123 515/847/302 512/844/123
f 514/846/123 519/853/302 515/847/302
f 519/853/302 480/783/301 515/847/302
f 519/853/302 477/779/301 480/783/301
f 520/854/112 521/855/112 519/856/112
f 520/854/112 519/856/112 514/857/112
f 476/774/112 519/856/112 521/855/112
f 476/774/112 477/773/112 519/856/112
f 520/858/116 523/859/307 521/860/307
f 521/860/307 522/861/305 476/772/305
f 521/860/307 523/859/307 522/861/305
f 520/858/116 524/864/116 523/859/307
f 525/866/306 463/867/306 524/864/116
f 525/866/306 524/864/116 520/858/116
f 456/737/112 525/868/112 513/869/112
f 456/736/300 463/867/306 525/866/306
f 520/854/112 513/869/112 525/868/112
f 476/772/305 522/861/305 467/771/1
f 520/854/112 514/857/112 513/869/112
f 456/737/112 513/869/112 526/870/112
f 526/871/304 513/843/303 511/845/303
f 456/737/112 526/870/112 457/738/112
f 457/829/1 526/871/304 504/830/304
f 526/871/304 511/845/303 504/830/304
f 481/786/300 472/827/306 489/828/306
f 481/786/300 471/778/300 472/827/306
f 466/819/112 458/743/112 459/740/112
f 466/750/302 462/744/301 458/741/301
f 456/736/300 460/735/300 463/867/306
f 531/872/120 527/873/120 528/874/120
f 527/873/1 529/875/1 528/874/1
f 527/873/1 530/876/1 529/875/1
f 530/876/116 527/873/116 531/877/116
f 530/876/116 531/877/116 533/878/116
f 531/872/120 528/874/120 532/879/120
f 530/876/112 533/880/112 534/881/112
f 530/876/112 534/881/112 529/875/112
f 535/882/112 529/875/112 534/881/112
f 535/883/308 536/884/308 528/874/308
f 535/883/308 528/874/308 529/875/308
f 528/874/120 536/885/120 532/879/120
f 588/970/112 587/971/112 580/972/112
f 587/971/116 589/973/116 580/972/116
f 587/971/116 590/974/116 589/973/116
f 594/983/123 595/984/123 588/970/123
f 588/970/112 580/972/112 594/983/112
f 594/983/123 601/997/123 595/984/123
f 639/1053/123 641/1054/123 630/1055/123
f 630/1055/112 640/1056/112 639/1053/112
f 639/1053/123 638/1059/123 641/1054/123
f 630/1055/112 625/1065/112 640/1056/112
f 625/1065/116 646/1066/116 640/1056/116
f 625/1065/116 648/1070/116 646/1066/116
f 652/1079/324 653/1080/325 651/1081/325
f 654/1082/326 651/1081/325 653/1080/325
f 661/1096/329 660/1097/330 662/1098/330
f 654/1082/326 662/1098/330 660/1097/330
f 661/1096/329 662/1098/330 663/1099/329
f 662/1100/328 666/1101/328 663/1102/328
f 654/1082/326 664/1103/326 662/1098/330
f 664/1104/112 665/1105/112 662/1100/112
f 662/1100/328 665/1105/328 666/1101/328
f 669/1106/1 667/1107/1 666/1108/1
f 663/1102/331 666/1101/331 667/1109/331
f 666/1108/1 665/1110/1 668/1111/1
f 669/1106/1 666/1108/1 668/1111/1
f 670/1112/323 669/1113/323 672/1114/323
f 671/1115/120 669/1113/120 670/1112/120
f 671/1115/120 667/1109/120 669/1113/120
f 668/1111/1 672/1116/1 669/1106/1
f 664/1117/327 653/1118/327 672/1114/327
f 670/1112/323 672/1114/323 653/1118/323
f 664/1117/327 672/1114/327 668/1119/327
f 673/1120/332 671/1121/332 670/1122/324
f 673/1120/332 663/1099/329 671/1121/332
f 663/1102/331 667/1109/331 671/1115/331
f 673/1120/332 670/1122/324 652/1079/324
f 673/1120/332 661/1096/329 663/1099/329
f 652/1079/324 670/1122/324 653/1080/325
f 664/1104/112 668/1127/112 665/1105/112
f 654/1082/326 653/1080/325 664/1103/326
f 775/1293/340 778/1294/341 776/1295/341
f 777/1296/339 775/1293/340 774/1297/339
f 777/1296/339 779/1298/340 775/1293/340
f 775/1293/340 779/1298/340 778/1294/341
f 778/1299/123 779/1300/354 777/1301/123
f 782/1302/123 780/1303/354 778/1299/123
f 781/1304/342 778/1294/341 780/1305/342
f 781/1304/342 776/1295/341 778/1294/341
f 782/1302/123 778/1299/123 777/1301/123
f 782/1306/343 787/1307/344 783/1308/343
f 781/1309/342 782/1306/343 783/1308/343
f 782/1306/343 784/1310/344 787/1307/344
f 788/1311/123 784/1312/123 782/1302/123
f 782/1302/123 777/1301/123 785/1313/123
f 785/1313/123 786/1314/123 782/1302/123
f 786/1314/123 788/1311/123 782/1302/123
f 781/1309/342 780/1315/342 782/1306/343
f 787/1307/344 784/1310/344 788/1316/345
f 787/1307/344 788/1316/345 789/1317/345
f 791/1318/346 789/1317/345 788/1316/345
f 786/1314/123 790/1319/123 788/1311/123
f 791/1318/346 788/1316/345 790/1320/346
f 791/1318/346 786/1325/347 792/1326/347
f 791/1318/346 790/1320/346 786/1325/347
f 803/1351/348 792/1326/347 786/1325/347
f 803/1351/348 805/1353/349 804/1354/349
f 803/1351/348 806/1355/348 805/1353/349
f 803/1351/348 786/1325/347 806/1355/348
f 805/1356/123 806/1357/354 786/1314/123
f 785/1313/123 805/1356/123 786/1314/123
f 805/1353/349 808/1358/350 804/1354/349
f 805/1353/349 807/1359/350 808/1358/350
f 785/1313/123 807/1360/355 805/1356/123
f 808/1358/350 785/1364/351 809/1365/351
f 808/1358/350 807/1359/350 785/1364/351
f 815/1378/352 809/1365/351 785/1364/351
f 815/1378/352 817/1381/353 816/1382/353
f 815/1378/352 818/1383/352 817/1381/353
f 815/1378/352 785/1364/351 818/1383/352
f 817/1384/123 818/1385/123 785/1313/123
f 777/1301/123 817/1384/123 785/1313/123
f 817/1381/353 820/1386/338 816/1382/353
f 817/1381/353 819/1387/338 820/1386/338
f 777/1301/123 819/1388/123 817/1384/123
f 820/1386/338 819/1387/338 777/1296/339
f 820/1386/338 777/1296/339 774/1297/339
f 828/1412/123 827/1413/123 831/1414/123
f 828/1412/207 829/1415/207 827/1413/207
f 830/1416/112 827/1413/112 829/1417/112
f 831/1414/112 827/1413/112 830/1416/112
f 828/1412/123 831/1414/123 832/1418/123
f 831/1414/112 830/1416/112 833/1419/112
f 834/1420/114 833/1419/114 830/1416/114
f 836/1421/116 834/1422/116 835/1423/116
f 834/1420/114 830/1416/114 835/1424/114
f 838/1425/116 836/1421/116 837/1426/116
f 836/1421/116 835/1423/116 837/1426/116
f 840/1427/116 838/1425/116 839/1428/116
f 838/1425/116 837/1426/116 839/1428/116
f 840/1427/116 839/1428/116 841/1429/116
f 841/1429/116 842/1430/116 840/1427/116
f 841/1429/116 843/1431/116 842/1430/116
f 843/1432/112 844/1433/112 842/1434/112
f 844/1433/116 847/1435/116 845/1436/116
f 843/1432/112 846/1437/112 844/1433/112
f 844/1433/116 846/1437/116 847/1435/116
f 848/1438/356 845/1436/356 847/1435/356
f 848/1438/356 847/1435/356 849/1439/356
f 843/1440/1 849/1441/1 847/1435/1
f 843/1440/1 847/1435/1 846/1437/1
f 849/1439/120 851/1442/120 850/1443/120
f 849/1439/120 850/1443/120 848/1438/120
f 849/1439/120 852/1444/120 851/1442/120
f 849/1439/120 853/1445/120 852/1444/120
f 853/1445/116 849/1439/116 843/1446/116
f 853/1445/357 854/1447/357 852/1444/357
f 853/1445/357 857/1448/357 854/1447/357
f 855/1449/116 857/1450/116 853/1445/116
f 856/1451/116 855/1449/116 853/1445/116
f 853/1445/116 843/1446/116 856/1451/116
f 857/1448/358 855/1452/358 858/1453/358
f 857/1448/358 858/1453/358 854/1447/358
f 861/1454/1 859/1455/1 858/1453/1
f 859/1455/1 860/1456/1 858/1453/1
f 858/1453/358 860/1456/358 862/1457/358
f 861/1454/1 858/1453/1 855/1452/1
f 858/1453/358 862/1457/358 854/1447/358
f 854/1447/357 862/1457/357 866/1458/357
f 864/1459/123 863/1460/123 862/1461/123
f 863/1460/123 866/1462/123 862/1461/123
f 862/1461/123 865/1463/123 864/1459/123
f 862/1461/123 860/1464/123 865/1463/123
f 852/1444/120 866/1458/120 863/1465/120
f 854/1447/357 866/1458/357 852/1444/357
f 865/1463/123 868/1466/123 864/1459/123
f 859/1455/1 865/1467/1 860/1456/1
f 867/1468/359 865/1467/359 859/1455/359
f 867/1468/359 868/1469/359 865/1467/359
f 869/1470/360 868/1469/360 867/1468/360
f 869/1470/360 864/1471/360 868/1469/360
f 856/1472/360 869/1470/360 867/1468/360
f 870/1473/112 864/1471/112 869/1470/112
f 869/1470/112 843/1474/112 870/1473/112
f 869/1470/112 871/1475/112 843/1474/112
f 856/1472/360 871/1475/360 869/1470/360
f 843/1446/116 871/1476/116 856/1451/116
f 841/1477/1 872/1478/1 870/1479/1
f 875/1480/361 870/1481/123 872/1482/361
f 841/1477/1 870/1479/1 843/1483/1
f 870/1473/112 873/1484/112 864/1471/112
f 851/1485/33 873/1486/33 870/1487/33
f 874/1488/123 851/1485/123 870/1487/123
f 875/1480/361 874/1489/123 870/1481/123
f 876/1490/362 877/1491/362 875/1480/361
f 876/1490/362 875/1480/361 872/1482/361
f 876/1490/363 832/1492/363 877/1491/363
f 876/1490/363 828/1493/363 832/1492/363
f 876/1494/1 837/1495/1 828/1496/1
f 841/1477/1 876/1494/1 872/1478/1
f 841/1477/1 839/1497/1 876/1494/1
f 876/1494/1 839/1497/1 837/1495/1
f 874/1488/123 850/1498/123 851/1485/123
f 864/1459/123 873/1486/123 863/1460/123
f 851/1485/33 863/1460/33 873/1486/33
f 861/1454/359 867/1468/359 859/1455/359
f 861/1454/359 856/1472/359 867/1468/359
f 852/1444/120 863/1465/120 851/1442/120
f 856/1451/116 861/1499/116 855/1449/116
f 835/1423/116 879/1500/116 837/1426/116
f 837/1495/120 878/1501/120 828/1496/120
f 837/1495/120 879/1502/120 878/1501/120
f 829/1415/1 878/1503/1 879/1504/1
f 879/1504/1 880/1505/1 829/1415/1
f 835/1423/116 881/1506/116 879/1500/116
f 879/1504/1 881/1507/1 880/1505/1
f 835/1424/114 880/1508/114 881/1509/114
f 835/1424/114 830/1416/114 880/1508/114
f 830/1416/112 829/1417/112 880/1508/112
f 828/1412/207 878/1503/207 829/1415/207
f 883/1510/112 882/1511/112 886/1512/112
f 883/1510/112 884/1513/112 882/1511/112
f 884/1514/208 885/1515/208 882/1511/208
f 886/1512/123 882/1511/123 885/1515/123
f 886/1512/123 885/1515/123 887/1516/123
f 883/1510/112 886/1512/112 888/1517/112
f 883/1510/114 888/1517/114 889/1518/114
f 883/1510/114 889/1518/114 890/1519/114
f 890/1520/116 889/1521/116 891/1522/116
f 892/1523/116 891/1522/116 893/1524/116
f 890/1520/116 891/1522/116 892/1523/116
f 894/1525/116 893/1524/116 895/1526/116
f 892/1523/116 893/1524/116 894/1525/116
f 894/1525/116 895/1526/116 896/1527/116
f 897/1528/116 896/1527/116 895/1526/116
f 897/1528/116 899/1529/116 896/1527/116
f 898/1530/112 899/1531/112 897/1532/112
f 896/1533/33 899/1534/33 901/1535/33
f 899/1536/116 904/1537/116 900/1538/116
f 900/1538/116 908/1539/116 899/1536/116
f 899/1540/112 902/1541/112 901/1542/112
f 899/1540/112 905/1543/112 902/1541/112
f 899/1544/33 906/1545/33 903/1546/33
f 899/1544/33 903/1546/33 907/1547/33
f 898/1530/112 906/1545/112 899/1531/112
f 899/1536/116 907/1548/116 904/1537/116
f 908/1539/116 905/1549/116 899/1536/116
f 900/1538/116 909/1550/116 908/1539/116
f 910/1551/364 908/1552/364 909/1553/364
f 902/1541/365 905/1543/365 908/1552/365
f 902/1541/365 908/1552/365 910/1551/365
f 911/1554/365 902/1541/365 910/1551/365
f 912/1555/364 911/1554/364 910/1551/364
f 912/1555/364 910/1551/364 913/1556/364
f 910/1551/364 909/1553/364 913/1556/364
f 909/1553/33 914/1557/33 913/1556/33
f 915/1558/33 913/1556/33 914/1557/33
f 915/1558/33 912/1555/33 913/1556/33
f 916/1559/366 915/1558/366 914/1557/366
f 912/1560/123 915/1561/123 916/1562/123
f 916/1559/366 914/1557/366 917/1563/366
f 919/1564/367 916/1559/367 917/1563/367
f 916/1562/123 919/1565/123 918/1566/123
f 912/1560/123 916/1562/123 918/1566/123
f 919/1564/367 917/1563/367 920/1567/367
f 918/1568/120 919/1564/120 920/1567/120
f 918/1568/120 920/1567/120 921/1569/120
f 920/1567/120 907/1548/120 921/1569/120
f 920/1567/120 904/1537/120 907/1548/120
f 917/1563/367 904/1537/367 920/1567/367
f 921/1570/123 922/1571/123 923/1572/123
f 922/1573/120 921/1569/120 907/1548/120
f 924/1574/1 921/1570/1 901/1575/1
f 921/1570/123 923/1572/123 901/1575/123
f 924/1574/1 918/1566/1 921/1570/1
f 925/1576/112 924/1577/112 901/1542/112
f 918/1566/123 924/1574/123 925/1578/123
f 911/1554/365 925/1576/365 902/1541/365
f 925/1576/112 901/1542/112 902/1541/112
f 918/1566/123 925/1578/123 912/1560/123
f 925/1578/123 911/1579/123 912/1560/123
f 901/1580/123 923/1581/123 926/1582/361
f 926/1582/361 928/1583/362 927/1584/362
f 926/1582/361 927/1584/362 929/1585/361
f 901/1580/123 926/1582/361 929/1585/361
f 927/1586/33 896/1533/33 929/1587/33
f 896/1533/33 901/1535/33 929/1587/33
f 887/1588/363 927/1584/363 928/1583/363
f 927/1586/33 885/1589/33 892/1590/33
f 887/1588/363 885/1591/363 927/1584/363
f 927/1586/33 894/1592/33 896/1533/33
f 927/1586/33 892/1590/33 894/1592/33
f 922/1573/120 907/1548/120 930/1593/120
f 903/1546/356 931/1594/356 930/1593/356
f 903/1546/356 930/1593/356 907/1548/356
f 898/1530/116 931/1594/116 903/1546/116
f 914/1557/366 932/1595/366 917/1563/366
f 917/1563/367 932/1595/367 904/1537/367
f 914/1557/366 900/1596/366 932/1595/366
f 904/1537/116 932/1597/116 900/1538/116
f 909/1553/33 900/1596/33 914/1557/33
f 898/1530/116 903/1546/116 906/1545/116
f 934/1598/116 890/1520/116 892/1523/116
f 933/1599/120 934/1600/120 892/1590/120
f 933/1599/120 892/1590/120 885/1589/120
f 934/1601/33 933/1602/33 884/1514/33
f 884/1514/33 935/1603/33 934/1601/33
f 934/1598/116 935/1604/116 890/1520/116
f 884/1514/33 936/1605/33 935/1603/33
f 936/1606/114 890/1519/114 935/1607/114
f 883/1510/112 936/1606/112 884/1513/112
f 936/1606/114 883/1510/114 890/1519/114
f 884/1514/208 933/1602/208 885/1515/208
f 1076/1862/112 1081/1863/112 1075/1864/112
f 1075/1865/116 1077/1866/116 1076/1867/116
f 1075/1865/116 1080/1868/116 1077/1866/116
f 1075/1869/33 1082/1870/33 1078/1871/33
f 1078/1872/116 1079/1873/116 1075/1865/116
f 1075/1865/116 1079/1873/116 1080/1868/116
f 1075/1869/33 1081/1874/33 1082/1870/33
f 1078/1871/33 1082/1870/33 1083/1875/33
f 1078/1871/33 1083/1875/33 1084/1876/33
f 1084/1876/33 1083/1875/33 1085/1877/33
f 1085/1877/116 1081/1878/116 1088/1879/116
f 1084/1876/33 1085/1877/33 1086/1880/33
f 1086/1880/33 1085/1877/33 1089/1881/33
f 1087/1882/116 1089/1881/116 1085/1877/116
f 1087/1882/116 1085/1877/116 1088/1879/116
f 1090/1883/33 1089/1881/33 1093/1884/33
f 1086/1880/33 1089/1881/33 1090/1883/33
f 1087/1882/116 1092/1885/116 1089/1881/116
f 1089/1881/116 1092/1885/116 1091/1886/116
f 1091/1886/116 1094/1887/116 1089/1881/116
f 1094/1887/116 1093/1884/116 1089/1881/116
f 1095/1888/120 1093/1884/120 1094/1887/120
f 1095/1888/120 1094/1887/120 1096/1889/120
f 1096/1889/120 1094/1887/120 1091/1886/120
f 1095/1890/116 1096/1891/116 1098/1892/116
f 1096/1889/120 1091/1886/120 1097/1893/120
f 1097/1894/116 1098/1892/116 1096/1891/116
f 1099/1895/116 1098/1892/116 1100/1896/490
f 1095/1890/116 1098/1892/116 1099/1895/116
f 1100/1896/490 1098/1892/116 1101/1897/116
f 1097/1894/116 1101/1897/116 1098/1892/116
f 1102/1898/33 1104/1899/33 1101/1900/33
f 1097/1894/116 1102/1901/116 1101/1897/116
f 1100/1896/490 1101/1897/116 1103/1902/490
f 1103/1903/33 1101/1900/33 1104/1899/33
f 1109/1904/491 1104/1899/492 1105/1905/492
f 1106/1906/123 1105/1905/492 1104/1899/492
f 1106/1906/123 1104/1899/492 1107/1907/123
f 1102/1898/33 1107/1907/33 1104/1899/33
f 1104/1899/33 1108/1908/33 1103/1903/33
f 1104/1899/33 1109/1909/33 1108/1908/33
f 1105/1905/492 1110/1910/493 1109/1904/491
f 1110/1911/493 1111/1912/494 1109/1913/491
f 1109/1914/33 1111/1915/33 1112/1916/33
f 1109/1914/33 1112/1916/33 1108/1917/33
f 1114/1918/495 1113/1919/495 1112/1920/495
f 1108/1921/496 1112/1920/496 1113/1919/496
f 1116/1922/495 1112/1916/495 1111/1915/495
f 1114/1918/495 1112/1920/495 1115/1923/495
f 1116/1922/495 1115/1924/495 1112/1916/495
f 1116/1922/1 1118/1925/1 1115/1924/1
f 1117/1926/495 1116/1927/495 1111/1912/495
f 1117/1926/496 1119/1928/496 1116/1927/496
f 1116/1922/1 1119/1928/1 1118/1925/1
f 1117/1926/496 1120/1929/496 1119/1928/496
f 1117/1931/33 1114/1932/33 1121/1930/33
f 1115/1923/494 1121/1930/494 1114/1918/494
f 1115/1923/494 1118/1925/494 1121/1930/494
f 1117/1931/33 1121/1930/33 1120/1929/33
f 1117/1931/495 1113/1933/495 1114/1932/495
f 1117/1931/495 1122/1934/495 1113/1933/495
f 1117/1926/495 1111/1912/495 1122/1935/495
f 1110/1911/493 1122/1935/494 1111/1912/494
f 1123/1936/1 1122/1934/1 1110/1937/1
f 1123/1936/1 1113/1933/1 1122/1934/1
f 1110/1910/495 1124/1938/495 1123/1939/495
f 1103/1940/490 1123/1939/497 1124/1938/497
f 1103/1940/490 1108/1941/497 1123/1939/497
f 1108/1921/496 1113/1919/496 1123/1942/496
f 1124/1938/497 1125/1943/490 1100/1944/490
f 1124/1938/497 1128/1945/497 1125/1943/490
f 1124/1938/497 1100/1944/490 1103/1940/490
f 1124/1938/495 1127/1946/495 1126/1947/495
f 1124/1938/495 1126/1947/495 1128/1945/495
f 1110/1910/495 1127/1946/495 1124/1938/495
f 1125/1948/1 1128/1949/1 1126/1950/1
f 1126/1947/498 1127/1946/498 1105/1905/492
f 1105/1905/492 1127/1946/498 1110/1910/493
f 1125/1948/1 1126/1950/1 1129/1951/1
f 1126/1947/498 1105/1905/492 1129/1951/492
f 1129/1951/1 1130/1952/1 1131/1953/1
f 1129/1951/492 1106/1906/123 1130/1952/123
f 1129/1951/492 1105/1905/492 1106/1906/123
f 1129/1951/1 1099/1895/1 1125/1948/1
f 1129/1951/1 1131/1953/1 1099/1895/1
f 1090/1954/116 1131/1953/116 1132/1955/116
f 1130/1952/1 1132/1955/1 1131/1953/1
f 1095/1890/116 1099/1895/116 1131/1953/116
f 1095/1890/116 1131/1953/116 1090/1954/116
f 1130/1952/1 1133/1956/1 1132/1955/1
f 1090/1954/116 1132/1955/116 1086/1957/116
f 1086/1957/116 1132/1955/116 1134/1958/116
f 1133/1956/1 1134/1958/1 1132/1955/1
f 1133/1956/1 1135/1959/1 1134/1958/1
f 1135/1959/1 1136/1960/1 1134/1958/1
f 1084/1961/116 1134/1958/116 1136/1960/116
f 1086/1957/116 1134/1958/116 1084/1961/116
f 1135/1959/1 1137/1962/1 1136/1960/1
f 1137/1962/1 1079/1873/1 1136/1960/1
f 1078/1872/116 1136/1960/116 1079/1873/116
f 1084/1961/116 1136/1960/116 1078/1872/116
f 1135/1959/123 1140/1963/123 1137/1962/123
f 1137/1962/1 1138/1964/1 1079/1873/1
f 1137/1962/123 1139/1965/123 1138/1964/123
f 1137/1962/123 1140/1963/123 1139/1965/123
f 1135/1959/123 1141/1966/123 1140/1963/123
f 1140/1963/123 1141/1966/123 1143/1967/123
f 1139/1965/123 1140/1963/123 1142/1968/123
f 1140/1963/123 1143/1967/123 1142/1968/123
f 1141/1966/123 1144/1969/123 1143/1967/123
f 1146/1970/33 1143/1967/33 1144/1969/33
f 1145/1971/33 1142/1968/33 1143/1967/33
f 1145/1971/33 1143/1967/33 1146/1970/33
f 1147/1972/116 1145/1973/116 1146/1974/116
f 1147/1972/116 1146/1974/116 1148/1975/116
f 1148/1975/116 1146/1974/116 1149/1976/116
f 1146/1970/33 1144/1969/33 1149/1977/33
f 1148/1975/116 1149/1976/116 1150/1978/116
f 1151/1979/116 1150/1978/116 1149/1976/116
f 1151/1979/116 1149/1976/116 1102/1901/116
f 1102/1898/33 1149/1980/33 1152/1981/33
f 1102/1898/33 1152/1981/33 1153/1982/1
f 1155/1983/123 1153/1984/123 1152/1985/123
f 1154/1986/112 1155/1987/112 1152/1988/112
f 1154/1986/112 1152/1988/112 1144/1969/112
f 1155/1983/33 1154/1989/33 1106/1990/33
f 1155/1983/123 1156/1991/123 1153/1984/123
f 1155/1983/33 1106/1990/33 1156/1991/33
f 1107/1907/120 1153/1992/120 1156/1993/120
f 1107/1907/120 1156/1993/120 1106/1906/120
f 1141/1966/123 1154/1986/123 1144/1969/123
f 1133/1956/123 1106/1906/123 1154/1986/123
f 1133/1956/123 1154/1986/123 1141/1966/123
s 0
f 1102/1898/499 1153/1982/116 1107/1907/355
s 1
f 1097/1894/116 1151/1979/116 1102/1901/116
f 1151/1994/1 1092/1885/1 1087/1882/1
f 1097/1995/1 1092/1885/1 1151/1994/1
f 1151/1994/1 1087/1882/1 1150/1996/1
f 1150/1996/1 1157/1997/1 1148/1998/1
f 1150/1996/1 1087/1882/1 1157/1997/1
f 1148/1998/1 1157/1997/1 1158/1999/1
f 1147/2000/1 1158/1999/1 1088/2001/1
f 1148/1998/1 1158/1999/1 1147/2000/1
f 1147/1972/116 1159/2002/116 1145/1973/116
f 1147/1972/116 1160/2003/116 1159/2002/116
f 1147/2000/1 1088/2001/1 1160/2004/1
f 1160/2003/116 1076/1867/116 1077/1866/116
f 1160/2005/112 1161/2006/112 1076/1862/112
f 1160/2005/112 1088/2007/112 1161/2006/112
f 1160/2003/116 1162/2008/116 1159/2002/116
f 1160/2003/116 1077/1866/116 1162/2008/116
f 1162/2009/33 1163/2010/33 1164/2011/33
f 1077/2012/120 1163/2010/120 1162/2013/120
f 1162/2009/33 1164/2011/33 1159/2014/33
f 1165/2015/123 1139/1965/123 1164/2011/123
f 1139/1965/123 1142/1968/123 1164/2011/123
f 1159/2014/33 1164/2011/33 1142/1968/33
f 1165/2015/123 1164/2011/123 1163/2010/123
f 1138/1964/123 1139/1965/123 1165/2015/123
f 1138/1964/123 1165/2015/123 1166/2016/123
f 1077/2012/120 1165/2015/120 1163/2010/120
f 1166/2016/120 1165/2015/120 1077/2012/120
f 1138/1964/1 1166/2016/1 1080/1868/1
f 1166/2016/120 1077/2012/120 1080/2017/120
f 1076/1862/112 1161/2006/112 1081/1863/112
f 1159/2014/33 1142/1968/33 1145/1971/33
f 1133/1956/123 1141/1966/123 1135/1959/123
f 1138/1964/1 1080/1868/1 1079/1873/1
f 1133/1956/123 1130/1952/123 1106/1906/123
f 1099/1895/116 1100/1896/490 1125/1948/490
f 1097/1995/1 1091/1886/1 1092/1885/1
f 1090/1883/33 1093/1884/33 1095/2018/33
f 1198/2065/33 1201/2066/33 1197/2067/33
f 1198/2065/33 1197/2067/33 1199/2068/33
f 1199/2068/112 1197/2067/112 1200/2069/112
f 1200/2070/123 1197/2071/123 1201/2072/123
f 1198/2073/120 1202/2074/120 1201/2072/120
f 1200/2070/123 1201/2072/123 1202/2074/123
f 1198/2073/120 1203/2075/120 1202/2074/120
f 1203/2075/1 1200/2069/1 1202/2074/1
f 1203/2075/1 1204/2076/1 1200/2069/1
f 1204/2076/1 1203/2075/1 1205/2077/1
f 1205/2077/120 1203/2075/120 1198/2073/120
f 1204/2076/1 1205/2077/1 1207/2078/1
f 1208/2079/120 1206/2080/120 1205/2077/120
f 1206/2081/503 1207/2082/503 1205/2083/503
f 1205/2077/120 1198/2073/120 1208/2079/120
f 1209/2087/504 1208/2084/504 1210/2088/504
f 1198/2073/120 1210/2089/120 1208/2079/120
f 1214/2090/116 1213/2091/116 1212/2092/116
f 1215/2093/116 1212/2092/116 1213/2091/116
f 1214/2090/116 1212/2092/116 1211/2094/116
f 1215/2093/116 1216/2096/116 1212/2092/116
f 1217/2097/116 1218/2098/116 1216/2096/116
f 1217/2097/116 1216/2096/116 1215/2093/116
f 1220/2100/116 1218/2098/116 1217/2097/116
f 1220/2100/116 1219/2103/116 1218/2098/116
f 1207/2078/1 1221/2104/1 1204/2076/1
f 1221/2101/505 1222/2105/505 1204/2106/505
f 1200/2069/112 1204/2076/112 1222/2107/112
f 1199/2068/112 1200/2069/112 1222/2107/112
f 1222/2107/112 1224/2110/112 1199/2068/112
f 1224/2109/506 1225/2111/506 1199/2112/506
f 1228/2115/116 1227/2116/116 1226/2117/116
f 1228/2115/116 1226/2117/116 1223/2118/116
f 1228/2115/116 1229/2122/116 1227/2116/116
f 1228/2115/116 1223/2118/116 1230/2126/116
f 1230/2126/116 1219/2103/116 1220/2100/116
f 1230/2126/116 1223/2118/116 1219/2103/116
f 1229/2122/116 1211/2094/116 1227/2116/116
f 1229/2122/116 1214/2090/116 1211/2094/116
f 1225/2147/33 1209/2148/33 1210/2149/33
f 1210/2149/33 1199/2068/33 1225/2147/33
f 1210/2149/33 1198/2065/33 1199/2068/33
f 1240/2150/116 1239/2151/116 1241/2152/116
f 1241/2152/116 1242/2153/116 1240/2150/116
f 1241/2152/116 1243/2154/116 1242/2153/116
f 1245/2158/1 1247/2159/1 1244/2160/1
f 1244/2160/1 1248/2161/1 1245/2158/1
f 1244/2160/1 1246/2162/1 1248/2161/1
f 1249/2164/123 1250/2165/123 1248/2161/123
f 1249/2164/123 1248/2161/123 1246/2166/123
f 1248/2161/1 1251/2167/1 1245/2158/1
f 1251/2167/120 1248/2161/120 1250/2165/120
f 1252/2171/120 1253/2172/120 1251/2167/120
f 1252/2171/120 1251/2167/120 1250/2165/120
f 1264/2188/33 1262/2189/33 1259/2190/33
f 1250/2165/33 1249/2195/33 1264/2188/33
f 1264/2188/33 1259/2190/33 1250/2165/33
f 1242/2153/116 1263/2196/116 1240/2150/116
f 1259/2190/33 1266/2201/33 1250/2165/33
f 1250/2165/120 1266/2201/120 1252/2171/120
f 1268/2205/118 1267/2206/118 1269/2207/118
f 1269/2207/118 1277/2223/118 1278/2224/118
f 1268/2205/118 1269/2207/118 1278/2224/118
f 1278/2224/118 1279/2226/118 1268/2205/118
f 1278/2224/118 1280/2227/118 1279/2226/118
f 1279/2226/118 1281/2231/118 1268/2205/118
f 1283/2236/33 1284/2237/33 1290/2238/33
f 1283/2239/112 1285/2240/111 1284/2241/111
f 1283/2239/112 1286/2242/112 1285/2240/111
f 1283/2239/112 1287/2243/113 1286/2242/112
f 1283/2239/112 1288/2244/113 1287/2243/113
f 1289/2245/33 1288/2246/33 1283/2236/33
f 1289/2245/33 1283/2236/33 1290/2238/33
f 1290/2247/522 1284/2241/111 1285/2240/111
f 1291/2248/522 1292/2249/523 1290/2247/522
f 1290/2247/522 1285/2240/111 1291/2248/522
f 1294/2250/33 1290/2238/33 1292/2251/33
f 1290/2238/33 1293/2252/33 1295/2253/33
f 1290/2238/33 1294/2250/33 1293/2252/33
f 1289/2245/33 1290/2238/33 1295/2253/33
f 1293/2252/33 1296/2254/33 1295/2253/33
f 1296/2254/33 1300/2255/33 1295/2253/33
f 1295/2253/33 1297/2256/33 1301/2257/33
f 1295/2253/33 1298/2258/33 1297/2256/33
f 1295/2253/33 1300/2255/33 1298/2258/33
f 1295/2253/33 1299/2259/33 1289/2245/33
f 1295/2253/33 1301/2257/33 1299/2259/33
f 1297/2256/524 1302/2260/120 1301/2261/120
f 1301/2261/120 1302/2260/120 1304/2262/121
f 1301/2257/33 1303/2263/33 1299/2259/33
f 1301/2261/120 1304/2262/121 1303/2264/121
f 1305/2265/1 1304/2266/1 1302/2267/1
f 1303/2264/121 1304/2262/121 1305/2268/10
f 1306/2269/122 1299/2270/10 1305/2268/10
f 1306/2269/122 1305/2268/10 1308/2271/122
f 1305/2265/1 1302/2267/1 1307/2272/1
f 1303/2264/121 1305/2268/10 1299/2270/10
f 1291/2248/1 1310/2273/1 1305/2265/1
f 1305/2265/1 1307/2272/1 1291/2248/1
f 1309/2274/1 1308/2275/1 1305/2265/1
f 1310/2273/1 1309/2274/1 1305/2265/1
f 1288/2244/113 1289/2276/125 1310/2277/125
f 1288/2244/113 1310/2277/125 1287/2243/113
f 1291/2248/1 1286/2278/1 1310/2273/1
f 1286/2278/1 1287/2279/1 1310/2273/1
f 1310/2273/1 1311/2280/1 1309/2274/1
f 1289/2276/125 1311/2281/124 1310/2277/125
f 1312/2282/123 1309/2283/123 1311/2281/124
f 1312/2282/123 1311/2281/124 1313/2284/124
f 1289/2276/125 1313/2284/124 1311/2281/124
f 1312/2285/33 1313/2286/33 1289/2245/33
f 1299/2259/33 1306/2287/33 1312/2285/33
f 1306/2269/122 1309/2283/123 1312/2282/123
f 1299/2259/33 1312/2285/33 1289/2245/33
f 1306/2269/122 1308/2271/122 1309/2283/123
f 1307/2272/1 1314/2288/1 1291/2248/1
f 1307/2272/1 1315/2289/1 1314/2288/1
f 1315/2289/1 1307/2272/1 1316/2290/1
f 1307/2272/1 1317/2291/1 1316/2290/1
f 1307/2272/1 1318/2292/1 1317/2291/1
f 1302/2267/1 1318/2292/1 1307/2272/1
f 1297/2256/524 1318/2293/524 1302/2260/120
f 1297/2256/524 1317/2294/525 1318/2293/524
f 1297/2256/526 1298/2258/525 1317/2294/525
f 1315/2289/1 1316/2290/1 1319/2295/1
f 1314/2288/1 1315/2289/1 1319/2295/1
f 1314/2288/1 1319/2295/1 1320/2296/1
f 1314/2288/1 1320/2296/1 1321/2297/1
f 1322/2298/1 1321/2297/1 1323/2299/1
f 1314/2288/1 1321/2297/1 1322/2298/1
f 1322/2298/1 1323/2299/1 1291/2248/1
f 1291/2248/527 1323/2299/523 1292/2249/523
f 1314/2288/1 1322/2298/1 1291/2248/1
f 1296/2254/33 1324/2300/33 1300/2255/33
f 1293/2252/33 1325/2301/33 1324/2300/33
f 1293/2252/33 1324/2300/33 1296/2254/33
f 1293/2252/33 1326/2302/33 1325/2301/33
f 1293/2252/33 1294/2250/33 1326/2302/33
f 1294/2250/33 1292/2251/33 1326/2302/33
f 1291/2248/1 1285/2303/1 1286/2278/1
f 1328/2304/1 1327/2305/528 1332/2306/529
f 1328/2307/111 1329/2308/530 1327/2309/530
f 1327/2310/531 1329/2311/531 1331/2312/531
f 1327/2310/528 1330/2313/532 1333/2314/533
f 1327/2310/531 1331/2312/531 1330/2313/531
f 1327/2310/528 1333/2314/533 1332/2315/529
f 1332/2316/534 1333/2317/534 1334/2318/534
f 1332/2316/534 1334/2318/534 1335/2319/534
f 1329/2311/535 1335/2319/536 1334/2318/537
f 1329/2311/535 1334/2318/537 1331/2312/538
f 1337/2320/125 1332/2321/539 1335/2322/539
f 1335/2323/536 1329/2324/535 1336/2325/33
f 1338/2326/33 1335/2323/536 1336/2325/33
f 1337/2320/125 1335/2322/539 1338/2327/125
f 1339/2328/33 1338/2326/33 1336/2325/33
f 1339/2328/33 1340/2329/33 1338/2326/33
f 1337/2320/125 1338/2327/125 1340/2330/124
f 1339/2331/123 1341/2332/124 1340/2330/124
f 1337/2320/125 1340/2330/124 1341/2332/124
f 1332/2306/529 1341/2333/1 1342/2334/1
f 1341/2333/1 1343/2335/1 1342/2334/1
f 1339/2331/123 1343/2336/123 1341/2332/124
f 1332/2306/529 1337/2337/1 1341/2333/1
f 1342/2338/122 1343/2336/123 1339/2331/123
f 1348/2339/10 1342/2338/122 1344/2340/122
f 1342/2338/122 1339/2331/123 1344/2340/122
f 1346/2341/1 1332/2306/529 1342/2334/1
f 1342/2334/1 1345/2342/1 1346/2341/1
f 1342/2334/1 1347/2343/1 1345/2342/1
f 1342/2334/1 1348/2344/1 1347/2343/1
f 1347/2345/121 1348/2339/10 1349/2346/10
f 1348/2339/10 1344/2340/122 1349/2346/10
f 1350/2347/33 1349/2348/33 1339/2328/33
f 1350/2347/33 1351/2349/33 1349/2348/33
f 1347/2345/121 1349/2346/10 1351/2350/121
f 1349/2348/33 1344/2351/33 1339/2328/33
f 1350/2352/120 1347/2345/121 1351/2350/121
f 1350/2352/120 1352/2353/119 1345/2354/119
f 1354/2355/33 1352/2356/33 1350/2347/33
f 1350/2352/120 1345/2354/119 1353/2357/120
f 1336/2325/33 1350/2347/33 1339/2328/33
f 1350/2352/120 1353/2357/120 1347/2345/121
f 1336/2325/33 1354/2355/33 1350/2347/33
f 1336/2325/33 1355/2358/33 1354/2355/33
f 1355/2358/33 1357/2359/33 1354/2355/33
f 1356/2360/540 1358/2361/541 1354/2362/541
f 1356/2360/540 1354/2362/541 1357/2363/540
f 1358/2361/541 1352/2353/119 1354/2362/541
f 1345/2342/1 1358/2364/1 1356/2365/1
f 1358/2361/541 1345/2354/119 1352/2353/119
f 1367/2390/542 1371/2391/542 1375/2392/543
f 1336/2325/33 1371/2393/33 1355/2358/33
f 1336/2325/33 1375/2394/33 1371/2393/33
f 1367/2390/542 1375/2392/543 1376/2395/543
f 1328/2307/111 1375/2392/543 1336/2396/111
f 1328/2307/111 1376/2395/543 1375/2392/543
f 1346/2341/1 1376/2397/1 1328/2304/1
f 1346/2341/1 1367/2398/1 1376/2397/1
f 1345/2342/1 1356/2365/1 1346/2341/1
f 1347/2343/1 1353/2399/1 1345/2342/1
f 1346/2341/1 1328/2304/1 1332/2306/529
f 1328/2307/111 1336/2396/111 1329/2308/530
f 1418/2465/546 1417/2466/546 1419/2467/546
f 1426/2477/546 1425/2478/551 1418/2465/546
f 1427/2480/546 1426/2477/546 1418/2465/546
f 1427/2480/546 1428/2481/551 1426/2477/546
f 1438/2497/546 1437/2498/546 1427/2480/546
f 1439/2500/546 1438/2497/546 1427/2480/546
f 1439/2500/546 1440/2501/546 1438/2497/546
f 1453/2523/546 1452/2524/546 1439/2500/546
f 1452/2524/546 1451/2525/569 1439/2500/546
f 1453/2523/546 1454/2526/546 1452/2524/546
f 1461/2535/571 1457/2536/570 1458/2537/571
f 1459/2538/574 1461/2535/571 1458/2537/571
f 1459/2538/574 1458/2537/571 1460/2539/574
f 1419/2467/546 1465/2547/546 1453/2523/546
f 1422/2548/545 1466/2549/1 1463/2550/1
f 1466/2549/1 1460/2539/574 1463/2550/1
f 1422/2548/545 1468/2551/545 1466/2549/1
f 1461/2552/577 1459/2553/577 1466/2554/577
f 1466/2549/1 1459/2538/574 1460/2539/574
f 1461/2552/577 1466/2554/577 1467/2555/577
f 1466/2554/577 1468/2556/577 1467/2555/577
f 1467/2557/544 1468/2551/545 1422/2548/545
f 1467/2557/544 1422/2548/545 1423/2558/544
f 1461/2552/577 1467/2555/577 1469/2559/577
f 1467/2555/577 1471/2560/577 1469/2559/577
f 1470/2561/550 1467/2557/544 1423/2558/544
f 1470/2561/550 1472/2562/550 1467/2557/544
f 1467/2555/577 1472/2563/577 1471/2560/577
f 1471/2564/552 1472/2562/550 1470/2561/550
f 1471/2560/577 1473/2565/577 1469/2559/577
f 1473/2566/553 1471/2564/552 1430/2567/552
f 1471/2564/552 1470/2561/550 1430/2567/552
f 1469/2568/557 1473/2566/553 1432/2569/553
f 1473/2566/553 1430/2567/552 1432/2569/553
f 1469/2559/577 1475/2571/577 1474/2572/577
f 1469/2559/577 1474/2572/577 1461/2552/577
f 1469/2568/557 1432/2569/553 1433/2573/557
f 1435/2574/558 1469/2568/557 1433/2573/557
f 1469/2559/577 1476/2575/577 1475/2571/577
f 1435/2574/558 1476/2576/558 1469/2568/557
f 1475/2577/33 1476/2576/558 1435/2574/558
f 1475/2571/577 1477/2578/577 1474/2572/577
f 1477/2579/560 1475/2577/33 1442/2580/33
f 1475/2577/33 1435/2574/558 1442/2580/33
f 1477/2579/560 1442/2580/33 1443/2581/560
f 1445/2582/563 1477/2583/560 1443/2584/560
f 1445/2582/563 1474/2585/563 1477/2583/560
f 1447/2586/566 1474/2585/563 1445/2582/563
f 1474/2572/577 1478/2587/577 1479/2588/578
f 1447/2586/566 1478/2589/566 1474/2585/563
f 1474/2572/577 1479/2588/578 1461/2552/577
f 1479/2590/568 1478/2589/566 1447/2586/566
f 1479/2590/568 1447/2586/566 1449/2591/568
f 1457/2536/570 1479/2590/568 1449/2591/568
f 1457/2536/570 1480/2592/570 1479/2590/568
f 1479/2588/578 1480/2593/577 1461/2552/577
f 1461/2535/571 1480/2592/570 1457/2536/570
f 1418/2465/546 1453/2523/546 1439/2500/546
f 1418/2465/546 1419/2467/546 1453/2523/546
f 1439/2500/546 1427/2480/546 1418/2465/546
f 1514/2642/118 1513/2643/118 1516/2644/118
f 1514/2642/118 1515/2645/118 1513/2643/118
f 1521/2658/594 1522/2659/596 1524/2660/597
f 1515/2661/592 1522/2659/596 1521/2658/594
f 1525/2662/118 1516/2644/118 1521/2663/118
f 1521/2658/594 1524/2660/597 1523/2664/597
f 1525/2662/118 1521/2663/118 1523/2665/118
f 1516/2644/118 1525/2662/118 1526/2666/118
f 1525/2662/118 1523/2665/118 1527/2667/118
f 1525/2662/118 1527/2667/118 1526/2666/118
f 1523/2664/597 1530/2668/598 1527/2669/598
f 1526/2666/118 1527/2667/118 1528/2670/118
f 1527/2669/598 1529/2671/599 1528/2672/599
f 1527/2669/598 1530/2668/598 1529/2671/599
f 1523/2664/597 1524/2660/597 1530/2668/598
f 1529/2677/599 1531/2678/595 1535/2679/600
f 1529/2677/599 1532/2680/601 1531/2678/595
f 1529/2677/599 1533/2681/602 1532/2680/601
f 1529/2677/599 1535/2679/600 1528/2685/599
f 1537/2689/118 1536/2690/118 1535/2691/118
f 1537/2689/118 1535/2691/118 1538/2692/118
f 1531/2678/595 1538/2696/604 1535/2679/600
f 1526/2666/118 1528/2670/118 1541/2703/118
f 1526/2666/118 1541/2703/118 1536/2690/118
f 1531/2678/595 1545/2704/607 1538/2696/604
f 1537/2689/118 1538/2692/118 1544/2705/118
f 1544/2706/608 1538/2696/604 1545/2704/607
f 1546/2707/608 1545/2704/607 1548/2708/604
f 1544/2706/608 1545/2704/607 1546/2707/608
f 1547/2709/595 1548/2708/604 1545/2704/607
f 1547/2709/595 1545/2704/607 1532/2680/601
f 1545/2704/607 1531/2678/595 1532/2680/601
f 1548/2708/604 1549/2710/608 1550/2711/609
f 1548/2708/604 1553/2712/608 1549/2710/608
f 1546/2707/608 1548/2708/604 1550/2711/609
f 1551/2713/595 1552/2714/604 1548/2708/604
f 1551/2713/595 1548/2708/604 1547/2709/595
f 1548/2708/604 1552/2714/604 1553/2712/608
f 1552/2714/604 1554/2712/608 1553/2712/608
f 1553/2712/608 1554/2712/608 1557/2715/610
f 1555/2716/610 1549/2710/608 1553/2712/608
f 1555/2716/610 1553/2712/608 1556/2715/610
f 1553/2712/608 1557/2715/610 1556/2715/610
f 1558/2717/603 1556/2715/610 1557/2715/610
f 1558/2717/603 1557/2715/610 1559/2717/603
f 1557/2718/125 1554/2719/125 1560/2720/125
f 1559/2721/125 1557/2718/125 1560/2720/125
f 1560/2722/206 1561/2723/611 1563/2724/612
f 1574/2725/125 1561/2726/125 1560/2720/125
f 1562/2727/206 1573/2728/206 1560/2722/206
f 1562/2727/206 1560/2722/206 1563/2724/612
f 1564/2729/125 1559/2721/125 1560/2720/125
f 1566/2730/125 1564/2729/125 1560/2720/125
f 1565/2731/125 1576/2732/125 1560/2720/125
f 1567/2733/125 1565/2731/125 1560/2720/125
f 1568/2734/125 1566/2730/125 1560/2720/125
f 1569/2735/125 1567/2733/125 1560/2720/125
f 1570/2736/125 1568/2734/125 1560/2720/125
f 1571/2737/125 1569/2735/125 1560/2720/125
f 1560/2720/125 1575/2738/125 1570/2736/125
f 1572/2739/125 1571/2737/125 1560/2720/125
f 1554/2719/125 1572/2739/125 1560/2720/125
f 1575/2740/120 1560/2741/120 1573/2742/120
f 1576/2732/125 1574/2725/125 1560/2720/125
f 1577/2743/596 1576/2743/596 1565/2744/597
f 1577/2743/596 1574/2745/605 1576/2743/596
f 1577/2743/596 1578/2745/605 1574/2745/605
f 1578/2745/605 1577/2743/596 1581/2746/596
f 1579/2747/597 1581/2746/596 1577/2743/596
f 1579/2747/597 1577/2743/596 1580/2744/597
f 1577/2743/596 1565/2744/597 1580/2744/597
f 1578/2745/605 1581/2746/596 1582/2751/605
f 1584/2754/598 1588/2755/598 1585/2756/613
f 1584/2754/598 1585/2756/613 1586/2757/599
f 1579/2747/597 1588/2755/598 1584/2754/598
f 1579/2747/597 1580/2744/597 1588/2755/598
f 1580/2744/597 1567/2755/598 1588/2755/598
f 1585/2756/613 1588/2755/598 1567/2755/598
f 1591/2766/615 1596/2767/590 1592/2768/590
f 1591/2766/615 1592/2768/590 1594/2769/616
f 1591/2766/615 1598/2771/617 1593/2772/617
f 1591/2766/615 1594/2769/616 1598/2771/617
f 1599/2776/590 1591/2766/615 1595/2777/615
f 1599/2776/590 1596/2767/590 1591/2766/615
f 1603/2779/618 1599/2776/590 1595/2777/615
f 1601/2780/619 1600/2781/619 1599/2776/590
f 1600/2781/619 1596/2767/590 1599/2776/590
f 1601/2780/619 1599/2776/590 1602/2782/620
f 1603/2779/618 1602/2782/620 1599/2776/590
f 1605/2786/118 1604/2787/118 1603/2788/118
f 1605/2786/118 1603/2788/118 1606/2789/118
f 1603/2779/618 1607/2793/617 1606/2794/617
f 1603/2779/618 1595/2777/615 1607/2793/617
f 1612/2801/118 1601/2802/118 1602/2803/118
f 1612/2801/118 1613/2804/118 1601/2802/118
f 1613/2804/118 1612/2801/118 1604/2787/118
f 1614/2805/118 1613/2804/118 1604/2787/118
f 1614/2805/118 1615/2806/118 1613/2804/118
f 1613/2804/118 1615/2806/118 1616/2807/118
f 1613/2804/118 1616/2807/118 1601/2802/118
f 1614/2805/118 1617/2808/118 1616/2807/118
f 1614/2805/118 1616/2807/118 1615/2806/118
f 1616/2809/621 1617/2810/622 1619/2811/603
f 1616/2809/621 1600/2781/619 1601/2780/619
f 1616/2809/621 1618/2812/621 1600/2781/619
f 1616/2809/621 1619/2811/603 1618/2812/621
f 1617/2810/622 1620/2813/610 1619/2811/603
f 1619/2811/603 1621/2814/621 1618/2812/621
f 1619/2811/603 1620/2813/610 1623/2815/623
f 1619/2811/603 1624/2816/603 1621/2814/621
f 1622/2817/623 1555/2716/610 1619/2811/603
f 1619/2811/603 1623/2815/623 1622/2817/623
f 1555/2716/610 1624/2816/603 1619/2811/603
f 1624/2816/603 1555/2716/610 1556/2715/610
f 1624/2816/603 1556/2715/610 1558/2717/603
f 1621/2814/621 1624/2816/603 1558/2717/603
f 1546/2707/608 1623/2815/623 1620/2813/610
f 1546/2707/608 1625/2818/624 1623/2815/623
f 1625/2819/118 1627/2820/118 1623/2821/118
f 1623/2822/625 1626/2823/625 1622/2824/625
f 1623/2822/625 1627/2820/625 1626/2823/625
f 1625/2819/118 1628/2825/118 1627/2820/118
f 1628/2825/626 1626/2823/626 1627/2820/626
f 1625/2826/627 1629/2827/627 1628/2825/627
f 1628/2825/626 1629/2827/626 1626/2823/626
f 1625/2826/627 1550/2828/627 1629/2827/627
f 1550/2829/125 1626/2823/125 1629/2827/125
f 1550/2829/125 1622/2830/125 1626/2823/125
f 1550/2711/609 1625/2818/624 1546/2707/608
f 1550/2711/609 1555/2716/610 1622/2817/623
f 1621/2814/621 1558/2717/603 1631/2831/621
f 1618/2812/621 1621/2814/621 1630/2832/619
f 1621/2814/621 1632/2833/619 1630/2832/619
f 1621/2814/621 1631/2831/621 1632/2833/619
f 1631/2831/621 1566/2833/619 1632/2833/619
f 1630/2832/619 1632/2833/619 1592/2768/590
f 1592/2768/590 1632/2833/619 1566/2833/619
f 1558/2717/603 1564/2831/621 1631/2831/621
f 1631/2831/621 1564/2831/621 1566/2833/619
f 1630/2832/619 1592/2768/590 1596/2767/590
f 1600/2781/619 1630/2832/619 1596/2767/590
f 1618/2812/621 1630/2832/619 1600/2781/619
f 1617/2810/622 1633/2834/623 1620/2813/610
f 1633/2834/623 1546/2707/608 1620/2813/610
f 1634/2838/118 1544/2705/118 1633/2839/118
f 1633/2834/623 1544/2706/608 1546/2707/608
f 1634/2838/118 1639/2849/118 1544/2705/118
f 1639/2849/118 1634/2838/118 1614/2805/118
f 1536/2690/118 1639/2849/118 1614/2805/118
f 1536/2690/118 1537/2689/118 1639/2849/118
f 1537/2689/118 1544/2705/118 1639/2849/118
f 1536/2690/118 1614/2805/118 1604/2787/118
f 1606/2794/617 1607/2793/617 1640/2850/628
f 1515/2661/592 1641/2856/605 1522/2659/596
f 1642/2857/628 1640/2850/628 1641/2856/605
f 1642/2857/628 1641/2856/605 1515/2661/592
f 1606/2794/617 1640/2850/628 1642/2857/628
f 1514/2642/118 1606/2789/118 1642/2858/118
f 1514/2642/118 1642/2858/118 1515/2645/118
f 1514/2642/118 1605/2786/118 1606/2789/118
f 1604/2787/118 1605/2786/118 1514/2642/118
f 1604/2787/118 1516/2644/118 1536/2690/118
f 1604/2787/118 1514/2642/118 1516/2644/118
f 1645/2771/629 1598/2771/617 1594/2769/616
f 1593/2772/617 1598/2771/617 1643/2859/628
f 1643/2859/628 1598/2771/617 1644/2860/630
f 1598/2771/617 1645/2771/629 1644/2860/630
f 1647/2861/631 1644/2862/632 1645/2863/123
f 1646/2864/633 1645/2771/629 1594/2769/616
f 1647/2861/631 1645/2863/123 1646/2865/123
f 1573/2742/120 1647/2861/120 1646/2865/120
f 1644/2862/632 1647/2861/631 1573/2728/266
f 1594/2769/616 1570/2769/616 1646/2864/633
f 1570/2769/616 1575/2866/634 1646/2864/633
f 1573/2742/120 1646/2865/120 1575/2740/120
f 1644/2862/632 1573/2728/266 1562/2727/266
f 1643/2859/628 1644/2860/630 1562/2867/630
f 1578/2745/605 1643/2859/628 1648/2859/635
f 1643/2859/628 1578/2745/605 1582/2751/605
f 1593/2772/617 1643/2859/628 1583/2868/628
f 1643/2859/628 1582/2751/605 1583/2868/628
f 1562/2867/630 1648/2859/635 1643/2859/628
f 1578/2745/605 1648/2859/635 1563/2869/636
f 1563/2724/612 1648/2870/637 1562/2727/206
f 1594/2769/616 1592/2768/590 1568/2768/590
f 1594/2769/616 1568/2768/590 1570/2769/616
f 1592/2768/590 1566/2833/619 1568/2768/590
f 1585/2874/613 1547/2709/595 1586/2875/599
f 1650/2876/639 1586/2875/599 1547/2709/595
f 1650/2876/640 1651/2877/602 1586/2875/641
f 1651/2879/644 1653/2880/593 1533/2881/593
f 1650/2882/125 1652/2883/125 1651/2884/125
f 1651/2879/645 1652/2883/593 1653/2880/593
f 1533/2885/118 1653/2880/118 1654/2886/118
f 1654/2886/602 1653/2880/602 1652/2883/602
f 1532/2887/591 1654/2886/591 1655/2888/591
f 1654/2886/602 1652/2883/602 1655/2888/602
f 1533/2885/118 1654/2886/118 1532/2889/118
f 1532/2887/591 1655/2888/591 1650/2890/591
f 1650/2882/125 1655/2888/125 1652/2883/125
f 1532/2680/601 1650/2876/639 1547/2709/595
f 1585/2874/613 1551/2713/595 1547/2709/595
f 1585/2874/613 1569/2874/613 1571/2713/595
f 1585/2756/613 1567/2755/598 1569/2756/613
f 1585/2874/613 1571/2713/595 1551/2713/595
f 1580/2744/597 1565/2744/597 1567/2755/598
f 1563/2869/636 1656/2869/636 1578/2745/605
f 1656/2869/636 1574/2745/605 1578/2745/605
f 1574/2725/125 1656/2891/125 1561/2726/125
f 1656/2892/1 1563/2893/612 1561/2894/611
f 1552/2714/604 1571/2713/595 1572/2714/604
f 1552/2714/604 1572/2714/604 1554/2712/608
f 1552/2714/604 1551/2713/595 1571/2713/595
f 1558/2717/603 1559/2717/603 1564/2831/621
f 1550/2711/609 1549/2710/608 1555/2716/610
f 1516/2644/118 1526/2666/118 1536/2690/118
f 1658/2895/347 1660/2896/348 1657/2897/348
f 1658/2895/347 1657/2897/348 1659/2898/347
f 1662/2899/116 1659/2900/116 1657/2901/116
f 1660/2896/348 1661/2902/364 1657/2897/348
f 1657/2901/116 1661/2903/116 1663/2904/116
f 1662/2899/116 1657/2901/116 1663/2904/116
f 1666/2905/365 1664/2906/351 1663/2904/351
f 1664/2906/351 1665/2907/352 1663/2904/351
f 1663/2904/116 1665/2907/116 1668/2908/116
f 1666/2905/365 1663/2904/351 1661/2902/365
f 1663/2904/116 1668/2908/116 1667/2909/116
f 1667/2909/116 1662/2899/116 1663/2904/116
f 1671/2910/339 1668/2911/359 1669/2912/359
f 1668/2911/360 1670/2913/352 1669/2912/360
f 1668/2911/360 1665/2907/352 1670/2913/352
f 1668/2908/116 1671/2914/116 1667/2909/116
f 1671/2910/339 1669/2912/359 1672/2915/339
f 1672/2915/339 1667/2916/340 1671/2910/339
f 1673/2917/123 1674/2918/123 1672/2919/123
f 1672/2919/123 1666/2920/123 1673/2917/123
f 1672/2915/339 1675/2921/340 1667/2916/340
f 1672/2919/123 1669/2922/123 1670/2913/123
f 1674/2918/123 1675/2923/123 1672/2919/123
f 1672/2919/123 1670/2913/123 1666/2920/123
f 1676/2924/358 1667/2916/340 1675/2921/340
f 1676/2924/358 1675/2921/340 1674/2925/358
f 1667/2909/116 1676/2926/116 1677/2927/116
f 1677/2928/343 1676/2924/357 1674/2925/357
f 1667/2909/116 1677/2927/116 1662/2899/116
f 1677/2928/343 1674/2925/357 1678/2929/343
f 1678/2929/343 1679/2930/344 1677/2928/343
f 1677/2927/116 1679/2931/116 1662/2899/116
f 1678/2929/343 1673/2932/344 1679/2930/344
f 1662/2933/367 1679/2934/344 1673/2935/344
f 1673/2917/123 1678/2936/123 1674/2918/123
f 1658/2937/123 1680/2938/123 1673/2917/123
f 1662/2933/367 1673/2935/344 1680/2939/367
f 1666/2920/123 1658/2937/123 1673/2917/123
f 1659/2898/347 1662/2933/366 1680/2939/366
f 1659/2898/347 1680/2939/366 1658/2895/347
f 1664/2906/351 1670/2913/352 1665/2907/352
f 1670/2913/123 1664/2906/123 1666/2920/123
f 1660/2896/348 1666/2905/364 1661/2902/364
f 1666/2920/123 1660/2940/123 1658/2937/123
f 1685/2941/359 1681/2942/1 1682/2943/1
f 1681/2944/1 1683/2945/358 1682/2946/1
f 1681/2944/1 1684/2947/358 1683/2945/358
f 1686/2948/149 1685/2941/359 1687/2949/359
f 1685/2941/359 1682/2943/1 1687/2949/359
f 1686/2948/149 1687/2949/359 1688/2950/149
f 1689/2951/360 1686/2948/149 1688/2950/149
f 1689/2951/360 1688/2950/149 1690/2952/360
f 1691/2953/112 1689/2951/360 1690/2952/360
f 1691/2953/112 1690/2952/360 1692/2954/112
f 1693/2955/365 1691/2953/112 1692/2954/112
f 1693/2955/365 1692/2954/112 1694/2956/365
f 1695/2957/152 1693/2955/365 1694/2956/365
f 1695/2957/152 1694/2956/365 1696/2958/152
f 1697/2959/364 1695/2957/152 1696/2958/152
f 1697/2959/364 1696/2958/152 1698/2960/364
f 1699/2961/33 1697/2959/364 1698/2960/364
f 1699/2961/33 1698/2960/364 1700/2962/33
f 1701/2963/366 1699/2961/33 1700/2962/33
f 1701/2963/366 1700/2962/33 1702/2964/366
f 1703/2965/144 1701/2963/366 1702/2964/366
f 1703/2965/144 1702/2964/366 1704/2966/144
f 1705/2967/367 1703/2965/144 1704/2966/144
f 1705/2967/367 1704/2966/144 1706/2968/367
f 1707/2969/120 1705/2967/367 1706/2968/367
f 1707/2969/120 1706/2968/367 1708/2970/120
f 1709/2971/357 1707/2969/120 1708/2970/120
f 1709/2971/357 1708/2970/120 1710/2972/357
f 1711/2973/146 1709/2971/357 1710/2972/357
f 1711/2973/146 1710/2972/357 1712/2974/146
f 1684/2947/358 1711/2973/146 1712/2974/146
f 1684/2947/358 1712/2974/146 1683/2945/358
f 1721/2982/338 1716/2975/359 1719/2980/338
f 1721/2986/146 1719/2983/146 1720/2985/146
f 1727/2992/353 1723/2988/353 1726/2990/353
f 1729/2993/364 1727/2992/364 1726/2990/364
f 1729/2993/364 1731/2995/364 1727/2992/364
f 1732/2997/364 1729/2993/364 1730/2996/364
f 1732/2997/364 1731/2995/364 1729/2993/364
f 1733/2998/112 1732/2999/352 1730/3000/352
f 1732/3001/646 1734/3002/646 1731/3003/646
f 1732/3001/646 1721/3004/646 1734/3002/646
f 1734/3002/647 1727/2992/647 1731/3003/647
f 1721/2986/146 1720/2985/146 1734/3005/146
f 1734/3002/647 1735/3006/647 1727/2992/647
f 1720/2985/146 1735/3006/146 1734/3005/146
f 1727/2992/353 1735/3006/353 1723/2988/353
f 1720/2985/146 1723/2988/146 1735/3006/146
f 1736/3007/365 1733/2998/112 1737/3008/112
f 1733/2998/112 1730/3000/352 1737/3008/112
f 1736/3007/365 1737/3008/112 1738/3009/365
f 1745/3016/350 1738/3009/365 1743/3014/350
f 1745/3020/149 1743/3017/149 1744/3019/149
f 1753/3026/367 1751/3027/367 1750/3024/367
f 1751/3027/349 1747/3022/349 1750/3024/349
f 1756/3030/367 1753/3026/367 1754/3029/367
f 1753/3026/367 1755/3031/367 1751/3027/367
f 1756/3030/367 1755/3031/367 1753/3026/367
f 1757/3032/33 1756/3033/348 1754/3034/348
f 1745/3035/648 1755/3036/648 1756/3037/648
f 1759/3038/366 1757/3032/33 1758/3039/33
f 1757/3032/33 1754/3034/348 1758/3039/33
f 1760/3040/346 1759/3038/366 1761/3041/366
f 1759/3038/366 1758/3039/33 1761/3041/366
f 1760/3040/346 1761/3041/366 1763/3044/346
f 1773/3054/345 1768/3050/345 1771/3052/345
f 1772/3056/358 1773/3054/358 1771/3052/358
f 1780/3064/357 1778/3059/120 1779/3063/357
f 1781/3065/120 1775/3062/344 1778/3059/120
f 1780/3064/357 1781/3065/120 1778/3059/120
f 1781/3065/120 1782/3066/344 1775/3062/344
f 1782/3067/358 1772/3056/358 1775/3057/358
f 1782/3067/358 1783/3068/358 1772/3056/358
f 1760/3069/649 1783/3070/649 1782/3071/649
f 1760/3069/649 1784/3072/649 1783/3070/649
f 1784/3072/650 1773/3054/650 1783/3070/650
f 1772/3056/358 1783/3068/358 1773/3054/358
f 1760/3073/152 1767/3049/152 1784/3074/152
f 1784/3072/650 1785/3075/650 1773/3054/650
f 1767/3049/152 1785/3075/152 1784/3074/152
f 1773/3054/345 1785/3075/345 1768/3050/345
f 1767/3049/152 1768/3050/152 1785/3075/152
f 1786/3076/342 1780/3064/357 1779/3063/357
f 1787/3077/651 1786/3078/651 1789/3079/651
f 1786/3080/144 1788/3081/144 1790/3082/144
f 1786/3076/342 1779/3063/357 1788/3083/342
f 1786/3080/144 1790/3082/144 1789/3084/144
f 1790/3082/144 1791/3086/144 1793/3087/144
f 1790/3082/144 1793/3087/144 1789/3084/144
f 1789/3079/652 1793/3087/652 1794/3088/652
f 1794/3088/341 1793/3087/341 1791/3086/341
f 1796/3089/360 1794/3088/360 1795/3090/360
f 1794/3088/341 1791/3086/341 1795/3090/341
f 1796/3089/360 1797/3091/360 1794/3088/360
f 1789/3079/652 1794/3088/652 1797/3092/652
f 1787/3077/651 1789/3079/651 1797/3092/651
f 1787/3093/360 1797/3091/360 1796/3089/360
f 1798/3094/360 1796/3089/360 1799/3095/360
f 1787/3093/360 1796/3089/360 1798/3094/360
f 1798/3094/360 1799/3095/360 1715/3096/360
f 1802/3099/1 1787/3100/340 1798/3101/340
f 1802/3099/1 1798/3101/340 1714/2976/1
f 1803/3102/359 1802/3099/1 1714/2976/1
f 1721/2982/338 1803/3102/359 1716/2975/359
f 1803/3102/359 1714/2976/1 1716/2975/359
f 1760/3073/152 1763/3046/152 1767/3049/152
f 1745/3035/648 1807/3108/648 1755/3036/648
f 1807/3108/653 1751/3027/653 1755/3036/653
f 1745/3020/149 1744/3019/149 1807/3109/149
f 1807/3108/653 1808/3110/653 1751/3027/653
f 1744/3019/149 1808/3110/149 1807/3109/149
f 1751/3027/349 1808/3110/349 1747/3022/349
f 1744/3019/149 1747/3022/149 1808/3110/149
f 1745/3016/350 1736/3007/365 1738/3009/365
usemtl SpacialRoverExploreralumGray
f 136/221/111 134/222/112 133/223/112
f 134/222/112 135/224/113 133/223/112
f 136/221/111 133/223/112 137/225/111
f 139/226/114 137/225/111 138/227/114
f 139/226/114 136/221/111 137/225/111
f 140/228/115 139/226/114 138/227/114
f 142/229/116 140/228/115 141/230/115
f 140/228/115 138/227/114 141/230/115
f 143/231/117 142/229/116 144/232/116
f 142/229/116 141/230/115 144/232/116
f 143/231/117 144/232/116 145/233/117
f 147/234/118 145/233/117 146/235/118
f 147/234/118 143/231/117 145/233/117
f 148/236/119 147/234/118 146/235/118
f 150/237/120 148/236/119 149/238/119
f 148/236/119 146/235/118 149/238/119
f 151/239/121 150/237/120 152/240/120
f 150/237/120 149/238/119 152/240/120
f 151/239/121 152/240/120 153/241/121
f 155/242/10 153/241/121 154/243/10
f 155/242/10 151/239/121 153/241/121
f 156/244/122 155/242/10 154/243/10
f 158/245/123 156/244/122 157/246/122
f 156/244/122 154/243/10 157/246/122
f 159/247/124 158/248/123 160/249/123
f 158/245/123 157/246/122 160/250/123
f 159/247/124 160/249/123 161/251/124
f 163/252/125 161/251/124 162/253/125
f 163/252/125 159/247/124 161/251/124
f 135/224/113 164/254/113 163/252/125
f 135/224/113 163/252/125 162/253/125
f 134/222/112 164/254/113 135/224/113
f 479/780/112 482/781/112 480/782/112
f 481/784/112 483/785/112 479/780/112
f 479/780/112 483/785/112 482/781/112
f 482/787/301 483/788/33 484/789/33
f 481/784/112 486/790/112 483/785/112
f 483/788/33 485/791/300 484/789/33
f 483/788/33 486/792/300 485/791/300
f 481/784/112 487/793/112 486/790/112
f 485/791/300 486/792/300 487/794/306
f 490/795/306 487/794/306 488/796/116
f 489/797/112 488/798/112 487/793/112
f 481/784/112 489/797/112 487/793/112
f 485/791/300 487/794/306 490/795/306
f 490/795/306 488/796/116 491/799/116
f 488/796/116 492/800/307 491/799/116
f 488/796/116 493/801/307 492/800/307
f 493/802/307 494/803/305 492/804/307
f 494/803/305 496/805/1 495/806/1
f 493/802/307 497/807/305 494/803/305
f 494/803/305 497/807/305 496/805/1
f 498/808/112 497/809/112 493/810/112
f 498/808/112 496/811/112 497/809/112
f 498/808/112 499/812/112 496/811/112
f 498/808/112 493/810/112 500/816/112
f 489/797/112 503/826/112 488/798/112
f 500/816/112 488/798/112 503/826/112
f 500/816/112 493/810/112 488/798/112
f 499/812/112 504/831/112 505/832/112
f 499/812/112 505/832/112 496/811/112
f 495/806/1 496/805/1 505/833/304
f 495/806/1 505/833/304 506/834/304
f 505/833/304 507/835/303 506/834/304
f 505/833/304 508/836/303 507/835/303
f 504/831/112 508/837/112 505/832/112
f 508/836/303 509/838/123 507/835/303
f 508/836/303 510/839/123 509/838/123
f 512/840/112 510/841/112 508/837/112
f 504/831/112 511/842/112 508/837/112
f 512/840/112 508/837/112 511/842/112
f 512/840/112 515/848/112 516/849/112
f 512/840/112 516/849/112 510/841/112
f 480/782/112 516/849/112 515/848/112
f 516/850/302 482/787/301 517/851/301
f 516/850/302 517/851/301 518/852/302
f 480/782/112 482/781/112 516/849/112
f 510/839/123 516/850/302 518/852/302
f 510/839/123 518/852/302 509/838/123
f 482/787/301 484/789/33 517/851/301
f 566/934/33 567/935/33 565/936/33
f 565/936/33 567/935/33 569/937/33
f 565/936/33 569/937/33 568/938/33
f 572/939/33 568/938/33 569/937/33
f 570/940/313 569/941/313 571/942/313
f 572/939/33 569/937/33 570/943/33
f 571/942/314 569/941/314 567/944/314
f 573/945/33 572/939/33 570/943/33
f 574/946/33 573/945/33 575/947/33
f 573/945/33 570/943/33 575/947/33
f 575/948/120 570/940/120 576/949/120
f 575/948/120 576/949/120 578/950/120
f 574/946/33 575/947/33 577/951/33
f 577/952/315 575/948/315 578/950/315
f 580/953/1 579/954/1 578/955/1
f 579/954/1 581/956/1 578/955/1
f 580/953/1 578/955/1 571/957/1
f 577/952/315 578/950/315 581/958/315
f 578/955/1 576/959/1 571/957/1
f 582/960/316 581/958/316 579/961/316
f 582/960/316 577/952/316 581/958/316
f 583/962/317 582/960/318 579/961/318
f 584/963/33 582/964/33 583/965/33
f 584/963/33 577/951/33 582/964/33
f 584/963/33 583/965/33 585/966/33
f 584/963/33 574/946/33 577/951/33
f 585/966/33 587/967/33 586/968/33
f 585/966/33 583/965/33 587/967/33
f 586/968/33 587/967/33 588/969/33
f 587/967/33 591/975/33 590/976/33
f 587/967/33 583/965/33 591/975/33
f 593/977/317 591/978/123 583/962/317
f 593/977/319 592/979/123 591/978/123
f 580/953/1 593/980/1 579/954/1
f 580/953/1 592/981/1 593/980/1
f 583/962/317 579/961/318 593/977/317
f 580/953/1 589/982/1 592/981/1
f 588/969/33 595/985/33 596/986/33
f 588/969/33 596/986/33 598/987/33
f 597/988/33 588/969/33 598/987/33
f 586/968/33 588/969/33 597/988/33
f 566/934/33 598/987/33 567/935/33
f 597/988/33 598/987/33 566/934/33
f 567/944/320 598/989/321 599/990/321
f 598/989/321 600/991/116 599/990/321
f 598/989/322 596/992/116 600/991/116
f 594/993/1 599/994/1 600/995/1
f 594/993/1 600/995/1 601/996/1
f 571/957/1 602/998/1 599/994/1
f 567/944/320 599/990/321 602/999/320
f 599/994/1 594/993/1 580/953/1
f 571/957/1 599/994/1 580/953/1
f 571/942/314 567/944/314 602/999/314
f 570/940/313 571/942/313 576/949/313
f 606/1000/1 603/1001/1 604/1002/1
f 603/1001/1 605/1003/1 604/1002/1
f 603/1001/1 607/1004/1 605/1003/1
f 608/1005/1 605/1003/1 607/1004/1
f 609/1006/1 610/1007/1 608/1005/1
f 608/1005/1 610/1007/1 605/1003/1
f 611/1008/120 613/1009/120 610/1010/120
f 611/1008/120 610/1010/120 614/1011/120
f 610/1010/313 612/1012/313 605/1013/313
f 610/1010/313 613/1009/313 612/1012/313
f 609/1006/1 614/1014/1 610/1007/1
f 615/1015/1 616/1016/1 614/1014/1
f 615/1015/1 614/1014/1 609/1006/1
f 617/1017/315 614/1011/315 616/1018/315
f 617/1017/315 611/1008/315 614/1011/315
f 618/1019/33 611/1020/33 617/1021/33
f 618/1019/33 617/1021/33 619/1022/33
f 619/1022/33 617/1021/33 620/1023/33
f 620/1024/316 617/1017/316 616/1018/316
f 621/1025/33 620/1023/33 623/1026/33
f 619/1022/33 620/1023/33 621/1025/33
f 623/1027/317 620/1024/318 622/1028/318
f 620/1024/316 616/1018/316 622/1028/316
f 621/1025/33 623/1026/33 627/1029/33
f 624/1030/317 626/1031/123 623/1027/317
f 623/1027/317 622/1028/318 624/1030/317
f 627/1029/33 623/1026/33 625/1032/33
f 625/1032/33 623/1026/33 626/1033/33
f 627/1029/33 625/1032/33 628/1034/33
f 629/1035/33 628/1034/33 625/1032/33
f 631/1036/33 629/1035/33 630/1037/33
f 629/1035/33 625/1032/33 630/1037/33
f 631/1036/33 633/1038/33 632/1039/33
f 631/1036/33 634/1040/33 633/1038/33
f 631/1036/33 630/1037/33 634/1040/33
f 634/1041/321 637/1042/116 635/1043/321
f 604/1044/320 634/1041/321 635/1043/321
f 630/1037/33 636/1045/33 634/1040/33
f 634/1041/322 636/1046/116 637/1042/116
f 604/1044/320 633/1047/320 634/1041/321
f 639/1048/1 637/1049/1 638/1050/1
f 639/1048/1 635/1051/1 637/1049/1
f 642/1052/1 635/1051/1 639/1048/1
f 643/1057/1 639/1048/1 640/1058/1
f 643/1057/1 642/1052/1 639/1048/1
f 644/1060/1 643/1057/1 640/1058/1
f 645/1061/1 644/1060/1 624/1062/1
f 644/1060/1 640/1058/1 624/1062/1
f 645/1061/1 622/1063/1 616/1016/1
f 645/1061/1 624/1062/1 622/1063/1
f 645/1061/1 616/1016/1 615/1015/1
f 642/1052/1 606/1000/1 635/1051/1
f 630/1037/33 641/1064/33 636/1045/33
f 640/1058/1 646/1067/1 647/1068/1
f 640/1058/1 647/1068/1 624/1062/1
f 624/1030/319 647/1069/123 626/1031/123
f 625/1032/33 626/1033/33 648/1071/33
f 606/1000/1 604/1002/1 635/1051/1
f 605/1013/314 612/1012/314 633/1047/314
f 605/1013/314 633/1047/314 604/1044/314
f 632/1039/33 633/1038/33 612/1072/33
f 632/1039/33 612/1072/33 649/1073/33
f 650/1074/33 649/1073/33 612/1072/33
f 618/1019/33 650/1074/33 613/1075/33
f 650/1074/33 612/1072/33 613/1075/33
f 618/1019/33 613/1075/33 611/1020/33
f 763/1269/352 765/1270/353 764/1271/353
f 765/1270/353 766/1272/338 764/1271/353
f 766/1272/338 768/1275/338 767/1276/339
f 766/1272/338 767/1276/339 769/1277/339
f 765/1270/353 768/1275/338 766/1272/338
f 770/1279/340 769/1277/339 767/1276/339
f 770/1279/340 772/1283/341 771/1284/341
f 770/1279/340 773/1285/340 772/1283/341
f 770/1279/340 767/1276/339 773/1285/340
f 775/1287/123 772/1288/123 773/1289/123
f 774/1290/123 773/1289/123 767/1291/123
f 774/1290/123 775/1287/123 773/1289/123
f 772/1288/123 775/1287/123 776/1292/123
f 791/1321/123 793/1322/123 789/1323/123
f 792/1324/123 793/1322/123 791/1321/123
f 793/1322/123 794/1327/123 789/1323/123
f 794/1328/345 793/1329/346 796/1330/346
f 796/1330/346 793/1329/346 795/1331/347
f 793/1322/123 792/1324/123 795/1332/123
f 794/1328/345 796/1330/346 797/1336/345
f 796/1330/346 795/1331/347 798/1338/347
f 799/1340/348 798/1338/347 795/1331/347
f 799/1340/348 801/1345/349 800/1346/349
f 799/1340/348 802/1347/348 801/1345/349
f 799/1340/348 795/1331/347 802/1347/348
f 792/1324/123 802/1348/123 795/1332/123
f 792/1324/123 803/1349/123 802/1348/123
f 803/1349/123 801/1350/123 802/1348/123
f 801/1350/123 803/1349/123 804/1352/123
f 801/1350/123 804/1352/123 808/1361/123
f 810/1362/123 808/1361/123 809/1363/123
f 810/1362/123 801/1350/123 808/1361/123
f 811/1366/123 810/1362/123 809/1363/123
f 812/1367/350 810/1368/350 811/1369/351
f 801/1345/349 810/1368/350 812/1367/350
f 801/1345/349 812/1367/350 800/1346/349
f 812/1367/350 811/1369/351 813/1373/351
f 763/1269/352 813/1373/351 811/1369/351
f 811/1366/123 815/1375/123 814/1376/123
f 763/1269/352 811/1369/351 814/1377/352
f 811/1366/123 809/1363/123 815/1375/123
f 816/1379/123 765/1380/123 815/1375/123
f 765/1380/123 814/1376/123 815/1375/123
f 816/1379/123 820/1389/123 768/1390/123
f 820/1389/123 774/1290/123 768/1390/123
f 765/1380/123 816/1379/123 768/1390/123
f 763/1269/352 814/1377/352 765/1270/353
f 821/1393/344 794/1328/345 797/1336/345
f 821/1393/344 822/1396/343 824/1397/343
f 821/1393/344 823/1398/344 794/1328/345
f 821/1393/344 824/1397/343 823/1398/344
f 826/1399/342 824/1397/343 822/1396/343
f 783/1400/123 823/1401/123 824/1402/123
f 824/1402/123 825/1403/123 783/1400/123
f 826/1399/342 825/1404/342 824/1397/343
f 772/1283/341 826/1407/342 771/1284/341
f 772/1283/341 825/1408/342 826/1407/342
f 825/1403/123 781/1409/123 783/1400/123
f 781/1409/123 825/1403/123 772/1288/123
f 787/1410/123 823/1401/123 783/1400/123
f 794/1327/123 823/1401/123 787/1410/123
f 789/1323/123 794/1327/123 787/1410/123
f 776/1292/123 781/1409/123 772/1288/123
f 768/1390/123 774/1290/123 767/1291/123
f 953/1625/372 938/1626/373 949/1627/374
f 938/1626/373 939/1628/33 949/1627/374
f 950/1630/1 951/1631/375 949/1632/1
f 949/1627/374 951/1633/376 952/1634/377
f 953/1625/372 949/1627/374 952/1634/377
f 953/1625/372 961/1635/378 938/1626/373
f 962/1636/379 954/1637/380 953/1625/372
f 954/1637/380 955/1638/381 953/1625/372
f 955/1638/381 956/1639/382 953/1625/372
f 960/1640/383 953/1641/384 956/1642/385
f 953/1625/372 957/1643/378 961/1635/378
f 953/1641/384 958/1644/386 957/1645/387
f 953/1641/384 960/1640/383 958/1644/386
f 959/1646/388 962/1636/379 953/1625/372
f 953/1625/372 952/1634/377 959/1646/388
f 969/1647/389 963/1648/389 962/1636/379
f 963/1648/389 964/1649/390 962/1636/379
f 967/1650/391 962/1651/392 964/1652/393
f 962/1636/379 965/1653/394 968/1654/389
f 962/1651/392 966/1655/395 965/1656/396
f 962/1651/392 967/1650/391 966/1655/395
f 962/1636/379 968/1654/389 954/1637/380
f 959/1646/388 969/1647/389 962/1636/379
f 959/1646/388 971/1657/389 969/1647/389
f 969/1647/389 970/1658/397 963/1648/389
f 972/1659/398 970/1660/399 969/1661/400
f 969/1661/400 971/1662/401 973/1663/402
f 969/1661/400 973/1663/402 972/1659/398
f 978/1664/403 974/1665/403 973/1666/403
f 974/1665/403 972/1667/403 973/1666/403
f 978/1664/403 973/1666/403 975/1668/404
f 973/1666/403 977/1669/403 975/1668/404
f 973/1666/403 976/1670/405 977/1669/403
f 976/1671/406 973/1663/402 971/1662/401
f 963/1672/407 979/1673/408 978/1674/409
f 963/1672/407 978/1674/409 964/1652/393
f 967/1650/391 964/1652/393 978/1674/409
f 966/1675/403 967/1676/410 978/1664/403
f 980/1677/403 966/1675/403 978/1664/403
f 978/1664/403 979/1678/403 974/1665/403
f 981/1679/411 980/1677/403 978/1664/403
f 981/1679/411 978/1664/403 975/1668/404
f 982/1680/412 960/1681/413 981/1679/411
f 975/1668/404 982/1680/412 981/1679/411
f 981/1682/414 954/1683/415 983/1684/416
f 981/1682/414 983/1684/416 984/1685/417
f 981/1679/411 984/1686/418 980/1677/403
f 954/1683/415 981/1682/414 985/1687/419
f 986/1688/420 985/1689/403 981/1679/411
f 960/1681/413 986/1688/420 981/1679/411
f 986/1690/421 955/1691/422 987/1692/423
f 986/1690/421 987/1692/423 985/1687/419
f 955/1691/422 986/1690/421 988/1693/424
f 960/1681/413 988/1694/425 986/1688/420
f 960/1640/383 956/1642/385 988/1693/424
f 955/1691/422 988/1693/424 956/1642/385
f 954/1637/380 987/1695/389 955/1638/381
f 954/1683/415 985/1687/419 987/1692/423
f 968/1696/426 980/1697/427 984/1685/417
f 968/1696/426 984/1685/417 983/1684/416
f 968/1654/389 983/1698/389 954/1637/380
f 975/1668/404 991/1699/428 982/1680/412
f 982/1680/412 989/1700/429 960/1681/413
f 989/1701/430 982/1702/1 938/1703/1
f 991/1699/428 950/1705/431 982/1680/412
f 950/1705/431 990/1706/1 982/1680/412
f 991/1699/428 992/1710/432 995/1711/432
f 992/1712/433 991/1713/434 993/1714/435
f 994/1715/436 993/1714/435 991/1713/434
f 994/1715/436 991/1713/434 996/1716/437
f 991/1699/428 995/1711/432 950/1705/431
f 997/1717/438 996/1718/439 991/1699/428
f 975/1668/404 997/1717/438 991/1699/428
f 975/1668/404 998/1719/403 997/1717/438
f 1000/1720/440 997/1721/441 998/1722/442
f 996/1716/437 997/1721/441 999/1723/443
f 1000/1720/440 999/1723/443 997/1721/441
f 952/1634/377 1000/1724/444 959/1646/388
f 952/1634/377 994/1725/445 1000/1724/444
f 994/1725/445 999/1726/389 1000/1724/444
f 998/1722/442 1001/1727/446 1000/1720/440
f 1000/1724/444 1001/1728/389 1002/1729/389
f 1000/1724/444 1002/1729/389 959/1646/388
f 1002/1730/447 1001/1727/446 975/1731/448
f 1002/1730/447 975/1731/448 1003/1732/449
f 1003/1732/449 1004/1733/450 1002/1730/447
f 1002/1729/389 1004/1734/451 959/1646/388
f 1003/1732/449 977/1735/452 1004/1733/450
f 959/1736/453 1004/1733/450 977/1735/452
f 977/1669/403 1003/1737/405 975/1668/404
f 998/1722/442 975/1731/448 1001/1727/446
f 996/1716/437 999/1723/443 994/1715/436
f 952/1738/454 951/1631/375 995/1739/455
f 950/1630/1 995/1739/455 951/1631/375
f 952/1738/454 995/1739/455 992/1712/433
f 952/1634/377 993/1740/456 994/1725/445
f 992/1712/433 993/1714/435 952/1738/454
f 989/1700/429 958/1745/460 960/1681/413
f 961/1746/461 958/1644/386 989/1701/430
f 989/1701/430 938/1703/1 961/1746/461
f 980/1697/427 968/1696/426 965/1656/396
f 980/1697/427 965/1656/396 966/1655/395
f 974/1747/462 979/1673/408 963/1672/407
f 959/1736/453 977/1735/452 976/1671/406
f 976/1671/406 971/1662/401 959/1736/453
f 972/1659/398 974/1747/462 970/1660/399
f 974/1747/462 963/1672/407 970/1660/399
f 961/1746/461 957/1645/387 958/1644/386
f 1010/1770/1 1008/1771/1 1026/1772/1
f 1010/1770/1 1026/1772/1 1022/1773/1
f 1026/1772/1 1024/1774/1 1022/1773/1
f 1022/1773/1 1020/1775/1 1018/1776/1
f 1010/1770/1 1022/1773/1 1018/1776/1
f 1018/1776/1 1014/1777/1 1010/1770/1
f 1018/1776/1 1016/1778/1 1014/1777/1
f 1014/1777/1 1012/1779/1 1010/1770/1
f 1168/2019/500 1169/2020/500 1167/2021/500
f 1170/2022/1 1167/2023/1 1169/2020/1
f 1170/2024/501 1172/2025/501 1171/2026/501
f 1170/2024/501 1173/2027/501 1172/2025/501
f 1170/2022/1 1169/2020/1 1173/2027/1
f 1172/2025/497 1173/2027/497 1169/2020/497
f 1171/2026/501 1172/2025/501 1174/2028/501
f 1172/2025/497 1175/2029/497 1174/2028/502
f 1172/2025/497 1169/2020/497 1175/2029/497
f 1176/2030/500 1177/2031/500 1175/2029/500
f 1176/2030/500 1175/2029/500 1168/2019/500
f 1168/2019/500 1175/2029/500 1169/2020/500
f 1175/2029/497 1177/2031/502 1174/2028/502
f 1178/2032/33 1174/2028/33 1177/2031/33
f 1178/2032/33 1177/2031/33 1176/2033/33
f 1171/2026/501 1174/2028/501 1178/2034/501
f 1355/2366/33 1359/2367/33 1357/2368/33
f 1357/2368/123 1361/2369/123 1356/2370/123
f 1359/2367/33 1360/2371/33 1357/2368/33
f 1357/2368/123 1360/2371/123 1361/2369/123
f 1356/2370/1 1361/2369/1 1362/2372/1
f 1360/2373/120 1362/2372/120 1361/2369/120
f 1356/2370/1 1362/2372/1 1363/2374/1
f 1360/2373/120 1364/2375/120 1362/2372/120
f 1359/2367/33 1364/2376/33 1360/2371/33
f 1356/2370/1 1363/2374/1 1365/2377/1
f 1346/2378/1 1365/2377/1 1366/2379/1
f 1356/2370/1 1365/2377/1 1346/2378/1
f 1366/2379/1 1368/2380/1 1367/2381/1
f 1346/2378/1 1366/2379/1 1367/2381/1
f 1366/2379/1 1369/2382/1 1368/2380/1
f 1368/2380/112 1369/2382/112 1370/2383/112
f 1371/2384/33 1372/2385/33 1370/2386/33
f 1371/2384/33 1370/2386/33 1373/2387/33
f 1368/2380/112 1370/2383/112 1372/2388/112
f 1371/2384/33 1373/2387/33 1374/2389/33
f 1371/2384/33 1374/2389/33 1355/2366/33
f 1355/2366/33 1374/2389/33 1359/2367/33
f 1367/2381/123 1368/2380/123 1372/2385/123
f 1367/2381/123 1372/2385/123 1371/2384/123
f 1380/2400/33 1378/2401/33 1377/2402/33
f 1378/2401/112 1379/2403/112 1377/2402/112
f 1380/2400/33 1377/2402/33 1381/2404/33
f 1382/2405/120 1380/2406/120 1381/2407/120
f 1382/2405/120 1381/2407/120 1383/2408/120
f 1384/2409/1 1383/2408/1 1379/2403/1
f 1384/2409/1 1382/2405/1 1383/2408/1
f 1384/2410/123 1378/2401/123 1380/2400/123
f 1378/2401/112 1384/2409/112 1379/2403/112
f 1384/2410/123 1380/2400/123 1382/2411/123
usemtl SpacialRoverExploreralumBlack
f 40/148/84 61/149/85 51/150/84
f 41/151/86 57/152/87 46/153/87
f 62/154/88 118/155/88 67/156/89
f 39/157/90 55/158/91 49/159/90
f 47/160/92 55/158/91 45/161/91
f 122/162/93 64/163/93 121/164/94
f 41/151/86 60/165/95 56/166/86
f 67/156/89 127/167/89 128/168/96
f 121/164/94 64/163/93 116/169/94
f 42/170/97 57/152/87 58/171/97
f 42/170/97 59/172/98 48/173/98
f 67/156/89 128/168/96 119/174/96
f 47/160/92 59/172/98 54/175/92
f 119/174/96 120/176/99 63/177/99
f 53/178/100 131/179/100 132/180/100
f 40/148/84 60/165/95 44/181/95
f 115/182/101 116/169/94 50/183/101
f 67/156/89 119/174/96 63/177/99
f 39/184/90 61/149/85 43/185/85
f 50/183/101 66/186/102 115/182/101
f 65/187/33 56/188/59 60/189/33
f 62/190/81 57/191/63 56/188/81
f 58/192/69 68/193/75 59/194/75
f 67/195/63 58/192/72 57/191/63
f 55/196/45 53/197/44 66/198/45
f 59/194/75 53/197/76 54/199/76
f 50/200/66 61/201/70 49/202/66
f 66/198/45 49/203/65 55/196/45
f 64/204/70 51/205/103 61/201/70
f 52/206/60 60/189/33 51/205/60
f 129/207/104 68/208/105 120/176/99
f 65/209/106 123/210/106 124/211/106
f 65/209/106 52/212/107 114/213/108
f 125/214/102 126/215/109 66/186/102
f 132/180/100 125/214/102 66/186/102
f 66/186/102 53/178/100 132/180/100
f 129/207/104 130/216/105 68/208/105
f 130/216/105 131/179/100 68/208/105
f 66/186/102 126/215/109 115/182/101
f 68/208/105 131/179/100 53/178/100
f 122/162/93 113/217/107 64/163/93
f 65/209/106 124/211/106 117/218/110
f 118/155/88 127/167/89 67/156/89
f 62/154/88 117/218/110 118/155/88
f 114/213/108 52/212/107 113/217/107
f 62/154/88 65/209/106 117/218/110
f 123/210/106 65/209/106 114/213/108
f 68/208/105 63/177/99 120/176/99
f 116/169/94 64/163/93 50/183/101
f 113/217/107 52/212/107 64/163/93
f 40/148/84 43/185/85 61/149/85
f 41/151/86 56/166/86 57/152/87
f 39/157/90 45/161/91 55/158/91
f 47/160/92 54/175/92 55/158/91
f 41/151/86 44/181/95 60/165/95
f 42/170/97 46/153/87 57/152/87
f 42/170/97 58/171/97 59/172/98
f 47/160/92 48/173/98 59/172/98
f 40/148/84 51/150/84 60/165/95
f 39/184/90 49/159/90 61/149/85
f 65/187/33 62/190/59 56/188/59
f 62/190/81 67/195/63 57/191/63
f 58/192/69 63/219/69 68/193/75
f 67/195/63 63/219/72 58/192/72
f 55/196/45 54/199/44 53/197/44
f 59/194/75 68/193/75 53/197/76
f 50/200/66 64/204/70 61/201/70
f 66/198/45 50/220/65 49/203/65
f 64/204/70 52/206/103 51/205/103
f 52/206/60 65/187/33 60/189/33
f 166/255/126 170/256/126 165/257/126
f 166/255/126 165/257/126 167/258/126
f 168/259/127 167/258/127 165/257/127
f 168/259/127 165/257/127 169/260/127
f 169/261/123 165/262/123 170/263/123
f 170/263/123 173/264/123 171/265/123
f 171/265/123 169/261/123 170/263/123
f 172/266/33 173/267/33 170/256/33
f 172/266/33 170/256/33 166/255/33
f 174/268/128 171/269/128 173/267/128
f 174/268/128 173/267/128 172/266/128
f 177/270/129 175/271/130 174/272/131
f 175/273/132 171/269/132 174/268/132
f 178/274/133 174/272/134 172/275/135
f 174/272/131 178/274/136 176/276/137
f 176/276/137 177/270/129 174/272/131
f 179/277/138 180/278/138 178/274/133
f 179/277/138 178/274/133 172/275/135
f 180/278/139 176/276/140 178/274/141
f 176/279/140 180/280/139 181/281/142
f 181/281/142 180/280/139 179/282/143
f 181/281/142 179/282/143 182/283/144
f 176/279/140 181/281/142 185/289/145
f 186/291/146 176/279/140 185/289/145
f 205/320/150 207/321/153 206/322/149
f 205/320/150 204/323/151 209/324/154
f 205/320/150 208/325/155 207/321/153
f 205/320/150 209/324/154 208/325/155
f 167/326/156 210/327/157 209/328/158
f 209/328/158 212/329/159 167/326/156
f 208/330/155 209/328/154 210/327/160
f 203/331/152 211/332/161 209/324/154
f 203/331/152 209/324/154 204/323/151
f 209/328/158 211/333/162 212/329/159
f 212/329/159 166/334/163 167/326/156
f 211/333/161 213/335/164 212/329/165
f 166/334/166 212/329/167 213/335/168
f 217/336/169 214/337/170 213/338/164
f 213/335/168 214/339/171 216/340/172
f 213/338/164 203/331/152 215/341/173
f 217/336/169 213/338/164 215/341/173
f 213/335/168 216/340/172 166/334/166
f 213/338/164 211/332/161 203/331/152
f 179/282/143 217/336/169 182/283/144
f 179/282/143 214/337/170 217/336/169
f 214/339/170 179/277/143 216/340/174
f 172/275/135 216/340/175 179/277/138
f 216/340/172 172/275/176 166/334/166
f 210/327/177 167/326/178 168/353/179
f 207/354/180 208/330/181 210/327/177
f 207/354/180 210/327/177 168/353/179
f 168/353/179 226/355/182 207/354/180
f 224/356/148 206/357/149 207/358/153
f 224/356/148 207/358/153 225/359/183
f 225/360/183 207/354/153 226/355/184
f 226/355/185 168/361/186 175/271/187
f 227/362/188 226/355/185 175/271/187
f 227/362/188 225/360/189 226/355/185
f 227/363/190 186/291/146 228/364/147
f 224/356/148 227/363/190 228/364/147
f 175/271/187 177/270/191 227/362/188
f 227/363/190 229/365/192 186/291/146
f 224/356/148 225/359/183 227/363/190
f 229/366/192 227/362/190 177/270/193
f 186/291/146 229/365/192 176/279/140
f 176/276/137 229/366/194 177/270/129
f 168/372/1 230/373/1 175/273/1
f 175/273/132 230/373/132 171/269/132
f 168/372/1 169/374/1 230/373/1
f 171/265/123 230/375/123 169/261/123
f 244/393/125 241/394/197 242/395/197
f 241/394/197 243/396/196 242/395/197
f 241/394/197 237/397/196 243/396/196
f 258/417/10 260/418/200 257/419/200
f 257/419/200 261/421/201 259/422/201
f 257/419/200 260/418/200 261/421/201
f 259/422/201 261/421/201 262/424/118
f 262/425/33 261/426/33 260/427/33
f 259/422/201 262/424/118 265/428/118
f 264/429/33 262/425/33 260/427/33
f 262/424/118 263/430/202 266/431/202
f 264/429/33 263/432/33 262/425/33
f 262/424/118 266/431/202 265/428/118
f 266/431/202 264/436/195 235/437/195
f 266/431/202 263/430/202 264/436/195
f 272/444/33 243/445/33 264/429/33
f 243/445/33 273/446/33 264/429/33
f 260/427/33 272/444/33 264/429/33
f 264/436/195 236/447/114 235/437/195
f 264/436/195 273/448/114 236/447/114
f 236/449/114 273/450/114 243/396/196
f 272/444/33 242/451/33 243/445/33
f 244/393/125 242/395/197 272/452/125
f 276/453/33 274/454/33 272/444/33
f 275/455/198 272/452/125 274/456/198
f 260/427/33 276/453/33 272/444/33
f 275/455/198 244/393/125 272/452/125
f 276/457/199 277/458/10 258/417/10
f 260/427/33 277/459/33 276/453/33
f 276/457/199 258/417/10 278/460/199
f 275/455/198 276/457/199 278/460/199
f 275/455/198 274/456/198 276/457/199
f 258/417/10 277/458/10 260/418/200
f 236/449/114 243/396/196 237/397/196
f 396/652/278 407/653/278 395/654/278
f 405/655/279 406/656/279 396/652/279
f 396/652/278 406/656/278 407/653/278
f 395/654/280 407/653/280 408/658/280
f 408/659/123 407/660/123 406/661/123
f 395/654/280 408/658/280 410/662/280
f 408/659/123 406/661/123 409/663/123
f 410/664/281 408/659/281 409/663/281
f 410/664/281 409/663/281 405/655/281
f 405/655/279 409/663/279 406/656/279
f 463/745/112 460/746/112 461/747/112
f 461/747/112 462/748/112 464/749/112
f 463/745/112 461/747/112 464/749/112
f 464/749/112 467/752/112 463/745/112
f 464/749/112 468/757/112 467/752/112
f 464/749/112 469/758/112 468/757/112
f 468/757/112 475/770/112 467/752/112
f 467/752/112 523/862/112 463/745/112
f 523/862/112 524/863/112 463/745/112
f 467/752/112 522/865/112 523/862/112
f 940/1608/1 937/1609/1 938/1610/1
f 937/1611/1 939/1612/1 938/1613/1
f 937/1611/1 942/1614/1 939/1612/1
f 940/1608/368 941/1615/368 937/1609/368
f 937/1611/369 941/1615/369 943/1616/370
f 937/1611/369 943/1616/370 942/1614/370
f 943/1616/1 941/1615/1 944/1617/1
f 944/1617/1 945/1618/1 943/1616/1
f 942/1614/370 943/1616/370 945/1618/371
f 944/1617/1 946/1619/1 945/1618/1
f 947/1620/112 945/1618/112 946/1619/112
f 942/1614/370 945/1618/371 947/1621/371
f 947/1621/1 939/1612/1 942/1614/1
f 947/1621/1 949/1622/1 939/1612/1
f 947/1620/112 946/1619/112 948/1623/112
f 948/1623/1 949/1624/1 947/1620/1
f 948/1623/1 950/1629/1 949/1624/1
f 940/1608/1 938/1610/1 982/1704/1
f 940/1707/1 982/1708/1 990/1709/1
f 948/1741/1 990/1709/1 950/1742/1
f 940/1707/1 990/1709/1 1005/1743/1
f 948/1741/1 1005/1743/1 990/1709/1
f 1005/1743/457 1006/1744/458 940/1707/458
f 948/1741/459 944/1617/457 1005/1743/457
f 1005/1743/457 944/1617/457 1006/1744/458
f 940/1608/368 1006/1744/368 941/1615/368
f 941/1615/1 1006/1744/1 944/1617/1
f 948/1741/459 946/1619/459 944/1617/457
f 1008/1748/273 1010/1749/273 1007/1750/273
f 1008/1748/273 1007/1750/273 1009/1751/273
f 1010/1749/116 1011/1752/116 1007/1750/116
f 1010/1749/116 1012/1753/116 1011/1752/116
f 1012/1753/277 1013/1754/277 1011/1752/277
f 1012/1753/277 1014/1755/277 1013/1754/277
f 1015/1756/276 1013/1754/276 1014/1755/276
f 1015/1756/276 1014/1755/276 1016/1757/276
f 1016/1757/275 1017/1758/275 1015/1756/275
f 1019/1759/274 1017/1758/274 1018/1760/274
f 1016/1757/275 1018/1760/275 1017/1758/275
f 1019/1759/274 1018/1760/274 1020/1761/274
f 1020/1761/123 1021/1762/123 1019/1759/123
f 1020/1761/123 1022/1763/123 1021/1762/123
f 1023/1764/270 1021/1762/270 1022/1763/270
f 1023/1764/270 1022/1763/270 1024/1765/270
f 1024/1766/271 1025/1767/271 1023/1768/271
f 1009/1751/272 1025/1767/272 1026/1769/272
f 1024/1766/271 1026/1769/271 1025/1767/271
f 1009/1751/272 1026/1769/272 1008/1748/272
f 1027/1780/463 1029/1781/464 1028/1782/465
f 1027/1780/463 1030/1783/466 1029/1781/464
f 1030/1783/33 1027/1780/33 1031/1784/33
f 1031/1785/467 1033/1786/467 1032/1787/467
f 1030/1783/33 1031/1784/33 1032/1787/33
f 1031/1785/467 1034/1788/468 1033/1786/467
f 1035/1789/469 1039/1790/470 1034/1791/468
f 1034/1792/468 1036/1793/112 1035/1789/469
f 1034/1794/468 1037/1795/112 1036/1793/112
f 1038/1796/112 1037/1795/112 1034/1797/468
f 1033/1786/467 1034/1798/468 1039/1790/470
f 1040/1799/471 1039/1790/471 1035/1789/471
f 1040/1799/472 1033/1786/472 1039/1790/472
f 1040/1799/472 1041/1800/472 1033/1786/472
f 1041/1800/473 1040/1799/474 1042/1801/475
f 1043/1802/476 1042/1803/475 1040/1799/474
f 1040/1799/471 1035/1789/471 1043/1802/471
f 1043/1802/476 1044/1804/120 1042/1805/475
f 1035/1789/477 1044/1804/478 1043/1802/477
f 1035/1789/477 1036/1793/478 1044/1804/478
f 1036/1793/478 1045/1806/479 1044/1804/478
f 1045/1806/120 1042/1807/475 1044/1804/120
f 1046/1808/120 1042/1809/475 1045/1806/120
f 1036/1793/478 1037/1795/479 1045/1806/479
f 1046/1808/480 1045/1806/479 1037/1795/479
f 1046/1808/480 1037/1795/481 1038/1796/480
f 1047/1810/482 1041/1800/473 1042/1811/475
f 1047/1810/482 1042/1811/475 1048/1812/483
f 1049/1813/484 1047/1810/482 1048/1812/483
f 1049/1813/484 1048/1812/483 1050/1814/485
f 1051/1815/1 1049/1813/1 1050/1816/1
f 1051/1815/1 1052/1817/1 1049/1813/1
f 1029/1781/1 1052/1817/1 1051/1815/1
f 1029/1781/1 1051/1815/1 1028/1782/1
f 1052/1817/123 1032/1787/123 1047/1810/123
f 1052/1817/123 1047/1810/123 1049/1813/123
f 1029/1781/123 1032/1787/123 1052/1817/123
f 1032/1787/123 1041/1800/123 1047/1810/123
f 1032/1787/123 1033/1786/123 1041/1800/123
f 1029/1781/123 1030/1783/123 1032/1787/123
f 1119/1928/495 1120/1929/495 1121/1930/495
f 1119/1928/495 1121/1930/495 1118/1925/495
f 1183/2035/123 1179/2036/123 1180/2037/123
f 1179/2038/33 1181/2039/33 1180/2037/33
f 1179/2038/33 1182/2040/33 1181/2039/33
f 1186/2041/123 1184/2042/123 1183/2035/123
f 1184/2042/1 1185/2043/1 1183/2044/1
f 1183/2035/123 1180/2037/123 1186/2041/123
f 1186/2041/120 1180/2037/120 1187/2045/120
f 1186/2041/120 1187/2045/120 1189/2046/120
f 1186/2041/120 1188/2047/120 1184/2042/120
f 1186/2041/120 1190/2048/120 1188/2047/120
f 1190/2048/120 1186/2041/120 1189/2046/120
f 1190/2048/116 1182/2049/116 1188/2047/116
f 1181/2039/120 1190/2048/120 1191/2050/120
f 1190/2048/120 1189/2046/120 1191/2050/120
f 1190/2048/116 1181/2039/116 1182/2049/116
f 1193/2051/123 1192/2052/123 1191/2053/123
f 1181/2039/120 1191/2050/120 1192/2054/120
f 1194/2055/33 1191/2056/33 1189/2057/33
f 1194/2055/33 1193/2051/33 1191/2056/33
f 1195/2058/116 1194/2055/116 1189/2059/116
f 1196/2060/1 1195/2058/1 1187/2061/1
f 1195/2058/116 1189/2059/116 1187/2062/116
f 1196/2060/1 1187/2061/1 1192/2063/1
f 1193/2051/123 1196/2060/123 1192/2052/123
f 1180/2037/120 1192/2054/120 1187/2045/120
f 1180/2037/120 1181/2039/120 1192/2054/120
f 1182/2049/116 1185/2064/116 1188/2047/116
f 1184/2042/1 1188/2047/1 1185/2043/1
f 1206/2081/120 1208/2084/120 1212/2085/120
f 1211/2086/144 1208/2084/144 1209/2087/144
f 1211/2086/144 1212/2085/144 1208/2084/144
f 1206/2081/120 1212/2085/120 1216/2095/120
f 1216/2095/146 1207/2082/146 1206/2081/146
f 1216/2095/146 1218/2099/146 1207/2082/146
f 1221/2101/1 1218/2099/1 1219/2102/1
f 1221/2101/1 1207/2082/1 1218/2099/1
f 1219/2102/149 1222/2105/149 1221/2101/149
f 1219/2102/149 1223/2108/149 1222/2105/149
f 1224/2109/112 1222/2105/112 1223/2108/112
f 1225/2111/152 1224/2109/152 1226/2113/152
f 1224/2109/112 1223/2108/112 1226/2113/112
f 1225/2111/152 1226/2113/152 1227/2114/152
f 1228/2119/146 1231/2120/146 1229/2121/146
f 1230/2123/120 1232/2124/120 1228/2125/120
f 1228/2119/146 1232/2124/146 1231/2120/146
f 1236/2127/116 1231/2120/116 1232/2124/116
f 1232/2124/116 1233/2128/116 1235/2129/116
f 1232/2124/116 1234/2130/116 1233/2128/116
f 1230/2123/120 1234/2130/120 1232/2124/120
f 1235/2129/116 1236/2127/116 1232/2124/116
f 1214/2131/149 1236/2127/149 1237/2132/149
f 1229/2133/1 1236/2127/1 1214/2134/1
f 1235/2129/116 1237/2132/116 1236/2127/116
f 1229/2133/1 1231/2120/1 1236/2127/1
f 1213/2135/112 1237/2132/112 1235/2129/112
f 1214/2131/149 1237/2132/149 1213/2136/149
f 1213/2135/112 1235/2129/112 1215/2137/112
f 1233/2128/116 1238/2138/116 1235/2129/116
f 1215/2139/152 1235/2129/152 1238/2138/152
f 1217/2140/33 1238/2138/33 1233/2128/33
f 1215/2139/152 1238/2138/152 1217/2141/152
f 1220/2142/144 1233/2128/144 1234/2130/144
f 1220/2142/144 1234/2130/144 1230/2143/144
f 1217/2140/33 1233/2128/33 1220/2144/33
f 1209/2145/33 1225/2111/33 1227/2114/33
f 1209/2145/33 1227/2114/33 1211/2146/33
f 1421/2462/544 1417/2463/545 1418/2464/544
f 1420/2468/545 1419/2469/1 1417/2463/545
f 1421/2462/544 1420/2468/545 1417/2463/545
f 1422/2470/547 1420/2471/547 1421/2472/548
f 1422/2470/547 1421/2472/548 1423/2473/548
f 1423/2473/548 1421/2472/548 1424/2474/549
f 1425/2475/550 1421/2462/544 1418/2464/544
f 1425/2475/550 1424/2476/550 1421/2462/544
f 1426/2479/552 1424/2476/550 1425/2475/550
f 1428/2482/553 1429/2483/552 1426/2479/552
f 1426/2479/552 1429/2483/552 1424/2476/550
f 1430/2484/554 1424/2474/549 1429/2485/554
f 1430/2484/554 1429/2485/554 1431/2486/555
f 1428/2482/553 1431/2487/553 1429/2483/552
f 1430/2484/554 1431/2486/555 1432/2488/555
f 1433/2489/556 1432/2488/555 1431/2486/555
f 1433/2489/556 1431/2486/555 1434/2490/556
f 1434/2491/557 1431/2487/553 1428/2482/553
f 1434/2491/557 1428/2482/553 1427/2492/557
f 1437/2493/558 1434/2491/557 1427/2492/557
f 1435/2494/559 1433/2489/556 1434/2490/556
f 1435/2494/559 1434/2490/556 1436/2495/559
f 1437/2493/558 1436/2496/558 1434/2491/557
f 1438/2499/33 1436/2496/558 1437/2493/558
f 1440/2502/560 1441/2503/33 1438/2499/33
f 1438/2499/33 1441/2503/33 1436/2496/558
f 1440/2502/560 1444/2504/560 1441/2503/33
f 1442/2505/561 1436/2495/559 1441/2506/561
f 1443/2507/562 1442/2505/561 1441/2506/561
f 1443/2507/562 1441/2506/561 1444/2508/562
f 1439/2509/563 1444/2510/560 1440/2511/560
f 1445/2512/564 1443/2507/562 1444/2508/562
f 1445/2512/564 1444/2508/562 1446/2513/564
f 1439/2509/563 1446/2514/563 1444/2510/560
f 1447/2515/565 1445/2512/564 1446/2513/564
f 1447/2515/565 1446/2513/564 1448/2516/565
f 1448/2517/566 1446/2514/563 1439/2509/563
f 1448/2517/566 1439/2509/563 1451/2518/566
f 1449/2519/567 1447/2515/565 1448/2516/565
f 1449/2519/567 1448/2516/565 1450/2520/567
f 1452/2521/568 1450/2522/568 1448/2517/566
f 1452/2521/568 1448/2517/566 1451/2518/566
f 1454/2527/570 1450/2522/568 1452/2521/568
f 1455/2528/571 1454/2527/570 1453/2529/571
f 1454/2527/570 1456/2530/570 1450/2522/568
f 1455/2528/571 1456/2530/570 1454/2527/570
f 1457/2531/572 1450/2520/567 1456/2532/572
f 1458/2533/573 1457/2531/572 1456/2532/572
f 1458/2533/573 1456/2532/572 1455/2534/573
f 1458/2533/573 1462/2540/575 1460/2541/575
f 1458/2533/573 1455/2534/573 1462/2540/575
f 1462/2542/574 1455/2528/571 1453/2529/571
f 1462/2542/574 1453/2529/571 1465/2543/574
f 1463/2544/576 1460/2541/575 1462/2540/575
f 1463/2544/576 1462/2540/575 1464/2545/576
f 1464/2546/1 1462/2542/574 1465/2543/574
f 1464/2546/1 1465/2543/574 1419/2469/1
f 1420/2468/545 1464/2546/1 1419/2469/1
f 1463/2544/576 1464/2545/576 1420/2471/547
f 1463/2544/576 1420/2471/547 1422/2470/547
f 1423/2473/548 1424/2474/549 1470/2570/549
f 1430/2484/554 1470/2570/549 1424/2474/549
f 1457/2531/572 1449/2519/567 1450/2520/567
f 1442/2505/561 1435/2494/559 1436/2495/559
f 1482/2594/552 1483/2595/552 1481/2596/552
f 1484/2597/579 1481/2596/579 1483/2595/579
f 1486/2598/580 1484/2597/580 1485/2599/580
f 1484/2597/579 1483/2595/579 1485/2599/579
f 1486/2598/581 1487/2600/581 1482/2601/581
f 1486/2598/581 1488/2602/581 1487/2600/581
f 1486/2598/580 1485/2599/580 1488/2602/580
f 1485/2603/582 1487/2604/582 1488/2605/582
f 1482/2594/552 1487/2604/552 1483/2595/552
f 1485/2603/582 1483/2595/582 1487/2604/582
f 1489/2606/583 1491/2607/583 1490/2608/583
f 1489/2606/583 1493/2609/583 1491/2607/583
f 1492/2610/1 1493/2609/1 1489/2606/1
f 1493/2609/582 1495/2611/582 1491/2612/551
f 1492/2610/1 1494/2613/1 1493/2609/1
f 1493/2609/582 1494/2613/582 1495/2611/582
f 1492/2614/584 1496/2615/584 1495/2616/584
f 1492/2614/584 1495/2616/584 1494/2617/584
f 1496/2615/585 1491/2607/585 1495/2616/585
f 1496/2615/585 1490/2608/585 1491/2607/585
f 1497/2618/581 1499/2619/581 1498/2620/581
f 1497/2618/581 1501/2621/581 1499/2619/581
f 1500/2622/568 1501/2621/568 1497/2618/568
f 1500/2622/568 1502/2623/568 1501/2621/568
f 1499/2624/582 1501/2621/582 1502/2623/582
f 1499/2624/582 1502/2623/582 1503/2625/582
f 1500/2626/579 1503/2627/579 1502/2628/579
f 1500/2626/579 1504/2629/579 1503/2627/579
f 1498/2620/586 1499/2619/586 1503/2627/586
f 1498/2620/587 1503/2627/587 1504/2629/587
f 1508/2630/588 1505/2631/588 1506/2632/584
f 1505/2631/33 1507/2633/33 1506/2632/33
f 1505/2631/33 1509/2634/33 1507/2633/33
f 1510/2635/583 1507/2636/583 1509/2637/583
f 1508/2630/589 1511/2638/589 1510/2635/589
f 1510/2635/583 1511/2638/583 1507/2636/583
f 1508/2630/589 1512/2639/589 1511/2638/589
f 1506/2632/582 1507/2633/582 1511/2640/582
f 1506/2632/582 1511/2640/582 1512/2641/551
f 1508/2630/588 1506/2632/584 1512/2639/584
f 1716/2975/359 1714/2976/1 1713/2977/1
f 1714/2976/1 1715/2978/340 1713/2977/1
f 1716/2975/359 1713/2977/1 1717/2979/359
f 1719/2980/338 1717/2979/359 1718/2981/338
f 1719/2980/338 1716/2975/359 1717/2979/359
f 1719/2983/146 1722/2984/146 1720/2985/146
f 1719/2983/146 1718/2987/146 1722/2984/146
f 1722/2984/146 1723/2988/146 1720/2985/146
f 1722/2984/146 1724/2989/146 1723/2988/146
f 1726/2990/353 1724/2989/353 1725/2991/353
f 1726/2990/353 1723/2988/353 1724/2989/353
f 1728/2994/364 1726/2990/364 1725/2991/364
f 1728/2994/364 1729/2993/364 1726/2990/364
f 1730/2996/364 1729/2993/364 1728/2994/364
f 1738/3009/365 1737/3008/112 1739/3010/112
f 1737/3008/112 1730/3000/352 1740/3011/352
f 1737/3008/112 1740/3011/352 1739/3010/112
f 1730/2996/364 1728/2994/364 1740/3012/364
f 1738/3009/365 1739/3010/112 1741/3013/365
f 1743/3014/350 1741/3013/365 1742/3015/350
f 1743/3014/350 1738/3009/365 1741/3013/365
f 1743/3017/149 1746/3018/149 1744/3019/149
f 1743/3017/149 1742/3021/149 1746/3018/149
f 1746/3018/149 1747/3022/149 1744/3019/149
f 1746/3018/149 1748/3023/149 1747/3022/149
f 1750/3024/349 1748/3023/349 1749/3025/349
f 1750/3024/349 1747/3022/349 1748/3023/349
f 1752/3028/367 1753/3026/367 1750/3024/367
f 1752/3028/367 1750/3024/367 1749/3025/367
f 1754/3029/367 1753/3026/367 1752/3028/367
f 1761/3041/366 1758/3039/33 1762/3042/33
f 1761/3041/366 1762/3042/33 1764/3043/366
f 1763/3044/346 1761/3041/366 1764/3043/366
f 1763/3044/346 1764/3043/366 1765/3045/346
f 1763/3046/152 1765/3047/152 1766/3048/152
f 1763/3046/152 1766/3048/152 1767/3049/152
f 1766/3048/152 1768/3050/152 1767/3049/152
f 1766/3048/152 1769/3051/152 1768/3050/152
f 1771/3052/345 1769/3051/345 1770/3053/345
f 1771/3052/345 1768/3050/345 1769/3051/345
f 1774/3055/358 1772/3056/358 1771/3052/358
f 1774/3055/358 1771/3052/358 1770/3053/358
f 1775/3057/358 1772/3056/358 1774/3055/358
f 1775/3057/358 1774/3055/358 1776/3058/358
f 1778/3059/120 1776/3060/344 1777/3061/120
f 1778/3059/120 1775/3062/344 1776/3060/344
f 1779/3063/357 1778/3059/120 1777/3061/120
f 1788/3081/144 1792/3085/144 1790/3082/144
f 1792/3085/144 1791/3086/144 1790/3082/144
f 1799/3095/360 1796/3089/360 1795/3090/360
f 1799/3095/360 1795/3090/360 1800/3097/360
f 1795/3090/341 1801/3098/341 1800/3097/341
f 1795/3090/341 1791/3086/341 1801/3098/341
f 1792/3085/144 1801/3098/144 1791/3086/144
f 1714/2976/1 1798/3101/340 1715/2978/340
f 1788/3081/144 1804/3103/144 1792/3085/144
f 1788/3083/342 1805/3104/357 1804/3105/342
f 1788/3083/342 1779/3063/357 1805/3104/357
f 1779/3063/357 1777/3061/120 1805/3104/357
f 1758/3039/33 1806/3106/348 1762/3042/33
f 1758/3039/33 1754/3034/348 1806/3106/348
f 1754/3029/367 1752/3028/367 1806/3107/367
usemtl SpacialRoverExploreralumOrange
f 541/886/123 538/887/123 537/888/123
f 538/887/33 539/889/33 537/890/33
f 537/888/123 542/891/123 540/892/123
f 540/892/123 541/886/123 537/888/123
f 543/893/1 540/892/1 542/894/1
f 543/895/116 539/896/116 545/897/116
f 543/893/1 546/898/1 540/892/1
f 544/899/116 546/898/116 543/895/116
f 543/895/116 545/897/116 544/899/116
f 547/900/112 540/892/112 546/898/112
f 547/900/112 546/898/112 548/901/112
f 549/902/112 548/901/112 546/898/112
f 549/902/112 546/898/112 544/899/112
f 549/903/309 552/904/309 548/905/309
f 550/906/310 553/907/310 549/908/310
f 549/902/112 551/909/112 550/910/112
f 549/902/112 554/911/112 551/909/112
f 549/903/309 553/907/309 552/904/309
f 544/899/112 554/911/112 549/902/112
f 554/911/112 555/912/112 551/909/112
f 554/911/112 556/913/112 555/912/112
f 556/913/112 554/911/112 544/899/112
f 545/897/112 558/914/112 556/913/112
f 556/913/112 544/899/112 545/897/112
f 555/915/311 556/916/311 557/917/311
f 558/918/309 557/917/309 556/919/309
f 559/920/310 560/921/310 558/922/310
f 558/914/112 538/887/112 559/923/112
f 558/914/112 545/897/112 538/887/112
f 558/918/309 560/921/309 557/917/309
f 557/917/112 560/921/112 561/924/112
f 559/920/310 561/924/310 560/921/310
f 557/917/112 561/924/112 562/925/112
f 555/926/312 562/925/312 561/924/312
f 555/926/312 561/924/312 559/927/312
f 555/915/311 557/917/311 562/925/311
f 555/912/112 559/923/112 538/887/112
f 555/912/112 538/887/112 541/886/112
f 541/886/112 551/909/112 555/912/112
f 550/906/310 563/928/310 553/907/310
f 552/904/112 553/907/112 563/928/112
f 547/929/312 564/930/312 563/928/312
f 547/929/312 563/928/312 550/931/312
f 552/904/112 563/928/112 564/930/112
f 547/932/311 552/904/311 564/930/311
f 547/932/311 548/933/311 552/904/311
f 550/910/112 551/909/112 541/886/112
f 540/892/112 547/900/112 550/910/112
f 550/910/112 541/886/112 540/892/112
f 538/887/33 545/897/33 539/889/33
f 655/1076/323 652/1077/323 651/1078/323
f 656/1083/327 651/1078/327 654/1084/327
f 656/1083/327 655/1076/327 651/1078/327
f 655/1085/33 656/1086/33 657/1087/33
f 657/1088/112 656/1089/112 654/1090/112
f 657/1087/33 659/1091/33 658/1092/33
f 655/1085/33 657/1087/33 658/1092/33
f 659/1093/328 657/1088/328 660/1094/328
f 657/1088/112 654/1090/112 660/1094/112
f 659/1093/328 660/1094/328 661/1095/328
f 658/1123/331 661/1095/331 673/1124/331
f 674/1125/120 658/1123/120 673/1124/120
f 674/1125/120 673/1124/120 652/1077/120
f 658/1092/33 674/1126/33 655/1085/33
f 655/1076/323 674/1125/323 652/1077/323
f 658/1123/331 659/1093/331 661/1095/331
f 1242/2155/507 1243/2156/508 1244/2157/507
f 1242/2155/509 1244/2157/509 1247/2163/510
f 1253/2168/508 1245/2169/508 1251/2170/508
f 1252/2173/120 1254/2174/120 1253/2175/120
f 1254/2176/146 1245/2169/146 1253/2168/146
f 1254/2176/146 1255/2177/146 1245/2169/146
f 1256/2178/116 1255/2179/116 1254/2174/116
f 1256/2178/116 1254/2174/116 1257/2180/116
f 1254/2174/116 1258/2181/116 1257/2180/116
f 1252/2173/120 1258/2181/120 1254/2174/120
f 1252/2173/144 1257/2182/144 1258/2181/144
f 1252/2173/144 1259/2183/144 1257/2182/144
f 1262/2184/33 1257/2182/33 1259/2183/33
f 1257/2180/116 1261/2185/116 1256/2178/116
f 1257/2180/116 1260/2186/116 1261/2185/116
f 1262/2184/33 1260/2187/33 1257/2182/33
f 1263/2191/268 1262/2184/511 1264/2192/268
f 1261/2193/152 1262/2184/152 1263/2191/152
f 1261/2193/152 1260/2187/152 1262/2184/152
f 1263/2191/268 1264/2192/268 1240/2194/512
f 1242/2155/112 1261/2193/112 1263/2191/112
f 1242/2155/112 1265/2197/112 1261/2193/112
f 1261/2185/116 1265/2198/116 1256/2178/116
f 1242/2155/149 1256/2199/149 1265/2197/149
f 1259/2183/512 1252/2173/512 1266/2200/512
f 1245/2169/1 1255/2177/1 1256/2199/1
f 1245/2169/1 1256/2199/1 1247/2163/1
f 1242/2155/149 1247/2163/149 1256/2199/149
f 1268/2202/513 1270/2203/513 1267/2204/513
f 1270/2203/514 1269/2208/514 1267/2204/514
f 1270/2203/514 1271/2209/514 1269/2208/514
f 1275/2210/125 1271/2211/125 1270/2212/125
f 1268/2202/513 1274/2213/513 1270/2203/513
f 1272/2214/125 1275/2210/125 1270/2212/125
f 1270/2212/125 1273/2215/125 1272/2214/125
f 1270/2212/125 1274/2216/125 1273/2215/125
f 1272/2214/125 1276/2217/125 1275/2210/125
f 1276/2218/515 1277/2219/515 1275/2220/515
f 1271/2221/516 1275/2220/516 1277/2219/516
f 1271/2221/516 1277/2219/516 1269/2222/516
f 1276/2218/515 1278/2225/515 1277/2219/515
f 1276/2218/517 1280/2228/517 1278/2225/517
f 1276/2218/517 1272/2229/517 1280/2228/517
f 1279/2230/518 1280/2228/518 1272/2229/518
f 1282/2232/519 1281/2233/520 1279/2230/520
f 1279/2230/518 1272/2229/518 1282/2232/518
f 1282/2232/519 1273/2234/519 1281/2233/520
f 1273/2215/125 1282/2235/125 1272/2214/125
f 1268/2202/521 1281/2233/521 1273/2234/521
f 1268/2202/521 1273/2234/521 1274/2213/521
f 1386/2412/338 1388/2413/339 1385/2414/339
f 1386/2412/338 1385/2414/339 1387/2415/338
f 1388/2416/339 1389/2417/340 1385/2418/339
f 1388/2416/339 1390/2419/340 1389/2417/340
f 1390/2419/340 1391/2420/341 1389/2417/340
f 1390/2419/340 1392/2421/341 1391/2420/341
f 1393/2422/342 1391/2420/341 1392/2421/341
f 1393/2422/342 1392/2421/341 1394/2423/342
f 1394/2423/342 1395/2424/343 1393/2422/342
f 1397/2425/344 1395/2424/343 1396/2426/343
f 1394/2423/342 1396/2426/343 1395/2424/343
f 1397/2425/344 1396/2426/343 1398/2427/344
f 1398/2427/344 1399/2428/345 1397/2425/344
f 1398/2427/344 1400/2429/345 1399/2428/345
f 1401/2430/346 1399/2428/345 1400/2429/345
f 1401/2430/346 1400/2429/345 1402/2431/346
f 1402/2431/346 1403/2432/347 1401/2430/346
f 1405/2433/348 1403/2432/347 1404/2434/347
f 1402/2431/346 1404/2434/347 1403/2432/347
f 1405/2433/348 1404/2434/347 1406/2435/348
f 1406/2435/348 1407/2436/349 1405/2433/348
f 1406/2435/348 1408/2437/349 1407/2436/349
f 1409/2438/350 1407/2436/349 1408/2437/349
f 1409/2438/350 1408/2437/349 1410/2439/350
f 1410/2439/350 1411/2440/351 1409/2438/350
f 1413/2441/352 1411/2440/351 1412/2442/351
f 1410/2439/350 1412/2442/351 1411/2440/351
f 1413/2441/352 1412/2442/351 1414/2443/352
f 1414/2443/352 1415/2444/353 1413/2441/352
f 1414/2443/352 1416/2445/353 1415/2444/353
f 1387/2415/338 1415/2444/353 1416/2445/353
f 1416/2446/123 1414/2447/123 1412/2448/123
f 1388/2449/123 1416/2446/123 1412/2448/123
f 1388/2449/123 1386/2450/123 1416/2446/123
f 1387/2415/338 1416/2445/353 1386/2412/338
f 1396/2451/123 1388/2449/123 1412/2448/123
f 1412/2448/123 1404/2452/123 1396/2451/123
f 1412/2448/123 1408/2453/123 1404/2452/123
f 1412/2448/123 1410/2454/123 1408/2453/123
f 1408/2453/123 1406/2455/123 1404/2452/123
f 1404/2452/123 1400/2456/123 1396/2451/123
f 1404/2452/123 1402/2457/123 1400/2456/123
f 1400/2456/123 1398/2458/123 1396/2451/123
f 1396/2451/123 1392/2459/123 1388/2449/123
f 1396/2451/123 1394/2460/123 1392/2459/123
f 1392/2459/123 1390/2461/123 1388/2449/123
usemtl SpacialRoverExploreralumGrayDeep
f 676/1128/33 679/1129/33 675/1130/33
f 676/1128/33 675/1130/33 677/1131/33
f 678/1132/112 675/1133/112 679/1134/112
f 680/1135/112 678/1132/112 679/1134/112
f 680/1135/112 679/1134/112 681/1136/112
f 684/1137/112 681/1136/112 679/1134/112
f 682/1138/112 684/1137/112 679/1134/112
f 679/1134/112 683/1139/112 682/1138/112
f 683/1140/333 679/1129/333 676/1128/333
f 681/1141/123 684/1142/123 685/1143/123
f 684/1142/334 686/1144/334 685/1143/334
f 684/1142/334 682/1145/334 686/1144/334
f 688/1146/120 685/1147/120 686/1148/120
f 688/1146/120 686/1148/120 676/1149/120
f 686/1148/120 687/1150/120 676/1149/120
f 682/1145/208 687/1151/208 686/1144/208
f 688/1152/335 689/1153/335 681/1141/335
f 681/1141/123 685/1143/123 688/1152/123
f 688/1152/335 691/1154/335 689/1153/335
f 676/1149/120 690/1155/120 688/1146/120
f 690/1155/120 691/1156/120 688/1146/120
f 691/1154/207 692/1157/207 689/1153/207
f 691/1154/207 690/1158/207 692/1157/207
f 692/1159/112 680/1135/112 681/1136/112
f 681/1136/112 689/1160/112 692/1159/112
f 690/1158/336 680/1135/336 692/1157/336
f 690/1158/336 694/1161/336 680/1135/336
f 676/1149/120 693/1162/120 690/1155/120
f 693/1162/120 694/1161/120 690/1155/120
f 680/1135/1 694/1161/1 693/1162/1
f 680/1135/1 693/1162/1 678/1132/1
f 676/1149/120 677/1163/120 693/1162/120
f 683/1140/333 676/1128/333 687/1151/333
f 682/1145/208 683/1140/208 687/1151/208
f 699/1164/120 696/1165/120 695/1166/120
f 696/1167/33 697/1168/33 695/1169/33
f 695/1166/120 700/1170/120 698/1171/120
f 698/1171/120 699/1164/120 695/1166/120
f 695/1166/120 701/1172/120 700/1170/120
f 702/1173/1 700/1170/1 701/1172/1
f 702/1173/1 701/1172/1 703/1174/1
f 702/1173/112 703/1174/112 697/1175/112
f 705/1176/336 700/1170/336 702/1173/336
f 704/1177/112 706/1178/112 702/1173/112
f 704/1177/112 702/1173/112 697/1175/112
f 706/1178/112 705/1179/112 702/1173/112
f 704/1177/112 707/1180/112 706/1178/112
f 708/1181/335 706/1182/335 707/1183/335
f 708/1181/335 698/1184/335 706/1182/335
f 706/1182/207 709/1185/207 705/1176/207
f 706/1182/207 698/1184/207 709/1185/207
f 705/1176/336 709/1185/336 700/1170/336
f 700/1170/120 709/1186/120 698/1171/120
f 707/1183/123 710/1187/123 708/1181/123
f 698/1171/120 708/1188/120 710/1189/120
f 707/1183/123 704/1190/123 710/1187/123
f 704/1190/334 711/1191/334 710/1187/334
f 710/1189/120 711/1192/120 699/1164/120
f 698/1171/120 710/1189/120 699/1164/120
f 704/1190/334 712/1193/334 711/1191/334
f 712/1193/208 699/1194/208 711/1191/208
f 713/1195/112 712/1196/112 704/1177/112
f 712/1193/208 713/1197/208 699/1194/208
f 697/1175/112 713/1195/112 704/1177/112
f 697/1175/112 714/1198/112 713/1195/112
f 713/1197/333 714/1199/337 696/1167/333
f 713/1197/333 696/1167/333 699/1194/333
f 696/1167/33 714/1199/33 697/1168/33
f 715/1200/123 720/1201/123 716/1202/123
f 716/1202/120 717/1203/120 715/1200/120
f 715/1200/1 717/1204/1 719/1205/1
f 715/1200/123 718/1206/123 720/1201/123
f 715/1200/1 719/1205/1 718/1206/1
f 720/1201/33 721/1207/33 716/1202/33
f 718/1206/112 722/1208/112 720/1201/112
f 720/1201/33 722/1209/33 721/1207/33
f 723/1210/116 721/1207/116 722/1209/116
f 723/1210/116 722/1209/116 724/1211/116
f 722/1209/116 725/1212/116 724/1211/116
f 722/1209/116 719/1213/116 725/1212/116
f 718/1206/112 719/1214/112 722/1208/112
f 728/1215/1 725/1216/1 726/1217/1
f 719/1213/116 726/1218/116 725/1212/116
f 727/1219/112 724/1220/112 725/1216/112
f 728/1215/1 727/1219/1 725/1216/1
f 729/1221/120 728/1215/120 726/1217/120
f 729/1221/116 727/1222/116 728/1215/116
f 729/1221/120 726/1217/120 723/1223/120
f 729/1221/116 730/1224/116 727/1222/116
f 730/1225/33 729/1221/33 723/1223/33
f 730/1225/33 723/1223/33 724/1226/33
f 727/1219/112 730/1227/112 724/1220/112
f 719/1213/116 717/1228/116 726/1218/116
f 717/1228/116 723/1210/116 726/1218/116
f 717/1228/116 721/1207/116 723/1210/116
f 716/1202/120 721/1229/120 717/1203/120
f 732/1230/338 734/1231/339 731/1232/339
f 732/1230/338 731/1232/339 733/1233/338
f 734/1231/339 735/1234/340 731/1232/339
f 734/1231/339 736/1235/340 735/1234/340
f 736/1235/340 737/1236/341 735/1234/340
f 736/1235/340 738/1237/341 737/1236/341
f 739/1238/342 737/1236/341 738/1237/341
f 739/1238/342 738/1237/341 740/1239/342
f 740/1240/342 741/1241/343 739/1242/342
f 740/1240/342 742/1243/343 741/1241/343
f 743/1244/344 741/1241/343 742/1243/343
f 743/1244/344 742/1243/343 744/1245/344
f 744/1245/344 745/1246/345 743/1244/344
f 744/1245/344 746/1247/345 745/1246/345
f 747/1248/346 745/1246/345 746/1247/345
f 747/1248/346 746/1247/345 748/1249/346
f 748/1249/346 749/1250/347 747/1248/346
f 748/1249/346 750/1251/347 749/1250/347
f 751/1252/348 749/1250/347 750/1251/347
f 751/1252/348 750/1251/347 752/1253/348
f 752/1253/348 753/1254/349 751/1252/348
f 752/1253/348 754/1255/349 753/1254/349
f 755/1256/350 753/1254/349 754/1255/349
f 755/1256/350 754/1255/349 756/1257/350
f 756/1257/350 757/1258/351 755/1256/350
f 756/1257/350 758/1259/351 757/1258/351
f 759/1260/352 757/1258/351 758/1259/351
f 759/1260/352 758/1259/351 760/1261/352
f 760/1261/352 761/1262/353 759/1260/352
f 760/1261/352 762/1263/353 761/1262/353
f 733/1233/338 761/1262/353 762/1263/353
f 762/1264/123 760/1265/123 763/1266/123
f 762/1264/123 764/1267/123 732/1268/123
f 733/1233/338 762/1263/353 732/1230/338
f 764/1267/123 762/1264/123 763/1266/123
f 764/1267/123 766/1273/123 732/1268/123
f 769/1274/123 732/1268/123 766/1273/123
f 732/1268/123 769/1274/123 734/1278/123
f 769/1274/123 770/1280/123 734/1278/123
f 770/1280/123 771/1281/123 738/1282/123
f 738/1282/123 736/1286/123 770/1280/123
f 770/1280/123 736/1286/123 734/1278/123
f 796/1333/123 748/1334/123 797/1335/123
f 798/1337/123 748/1334/123 796/1333/123
f 748/1334/123 798/1337/123 750/1339/123
f 798/1337/123 799/1341/123 750/1339/123
f 799/1341/123 752/1342/123 750/1339/123
f 754/1343/123 752/1342/123 799/1341/123
f 754/1343/123 799/1341/123 800/1344/123
f 754/1343/123 800/1344/123 812/1370/123
f 756/1371/123 754/1343/123 812/1370/123
f 756/1371/123 812/1370/123 813/1372/123
f 758/1374/123 813/1372/123 763/1266/123
f 758/1374/123 756/1371/123 813/1372/123
f 797/1335/123 746/1391/123 821/1392/123
f 748/1334/123 746/1391/123 797/1335/123
f 821/1392/123 744/1394/123 822/1395/123
f 746/1391/123 744/1394/123 821/1392/123
f 826/1405/123 740/1406/123 738/1282/123
f 740/1406/123 826/1405/123 822/1395/123
f 771/1281/123 826/1405/123 738/1282/123
f 822/1395/123 744/1394/123 742/1411/123
f 742/1411/123 740/1406/123 822/1395/123
f 758/1374/123 763/1266/123 760/1265/123
f 1054/1818/112 1063/1819/112 1053/1820/112
f 1053/1820/112 1055/1821/112 1054/1818/112
f 1053/1820/112 1062/1822/112 1055/1821/112
f 1056/1823/33 1061/1824/33 1053/1825/33
f 1056/1823/33 1053/1825/33 1057/1826/33
f 1063/1819/112 1058/1827/112 1053/1820/112
f 1058/1827/112 1059/1828/112 1053/1820/112
f 1053/1820/112 1060/1829/112 1062/1822/112
f 1053/1820/112 1061/1830/112 1060/1829/112
f 1054/1831/123 1064/1832/210 1063/1833/210
f 1063/1833/210 1064/1832/210 1066/1834/208
f 1063/1819/112 1065/1835/112 1058/1827/112
f 1063/1833/210 1066/1834/208 1065/1836/208
f 1068/1837/120 1067/1838/120 1066/1839/120
f 1065/1836/208 1066/1834/208 1067/1840/486
f 1068/1837/120 1066/1839/120 1064/1841/120
f 1058/1842/1 1068/1843/1 1059/1844/1
f 1056/1845/120 1057/1846/120 1068/1837/120
f 1058/1842/1 1070/1847/1 1068/1843/1
f 1069/1848/120 1071/1849/120 1068/1837/120
f 1068/1837/120 1064/1841/120 1069/1848/120
f 1068/1837/120 1070/1850/120 1067/1838/120
f 1071/1849/120 1056/1845/120 1068/1837/120
f 1055/1851/266 1071/1852/266 1069/1853/123
f 1062/1854/207 1071/1852/266 1055/1851/266
f 1062/1854/207 1072/1855/207 1071/1852/266
f 1071/1849/120 1072/1856/120 1056/1845/120
f 1062/1854/207 1073/1857/487 1072/1855/207
f 1072/1856/120 1073/1858/120 1056/1845/120
f 1062/1854/207 1060/1859/487 1073/1857/487
f 1061/1824/488 1073/1857/488 1060/1859/488
f 1061/1824/488 1056/1823/488 1073/1857/488
f 1070/1847/489 1058/1842/489 1074/1860/489
f 1070/1847/489 1074/1860/489 1067/1840/489
f 1065/1835/112 1074/1861/112 1058/1827/112
f 1065/1836/208 1067/1840/486 1074/1860/486
f 1055/1851/266 1069/1853/123 1054/1831/123
f 1054/1831/123 1069/1853/123 1064/1832/210
f 1195/2058/120 1193/2051/120 1194/2055/120
f 1195/2058/120 1196/2060/120 1193/2051/120
f 1513/2646/590 1515/2647/590 1519/2648/590
f 1513/2646/591 1517/2649/591 1516/2650/591
f 1513/2646/591 1518/2651/591 1517/2649/591
f 1513/2646/590 1519/2648/590 1518/2651/590
f 1517/2652/118 1518/2653/118 1519/2648/118
f 1517/2652/118 1519/2648/118 1520/2654/118
f 1515/2647/592 1520/2654/593 1519/2648/593
f 1515/2647/592 1521/2655/594 1520/2654/593
f 1521/2656/595 1517/2649/595 1520/2657/595
f 1521/2656/595 1516/2650/595 1517/2649/595
f 1529/2673/125 1530/2674/125 1524/2675/125
f 1534/2676/125 1529/2673/125 1524/2675/125
f 1533/2682/593 1529/2683/593 1534/2684/593
f 1536/2686/603 1539/2687/603 1535/2688/603
f 1535/2693/600 1540/2694/602 1528/2695/599
f 1535/2693/600 1539/2697/602 1540/2694/602
f 1541/2698/605 1528/2695/605 1540/2694/605
f 1541/2698/605 1540/2694/605 1542/2699/605
f 1542/2700/118 1540/2694/118 1539/2697/118
f 1536/2686/606 1541/2698/606 1542/2699/606
f 1536/2686/606 1542/2699/606 1543/2701/606
f 1542/2700/118 1539/2697/118 1543/2702/118
f 1536/2686/603 1543/2701/603 1539/2687/603
f 1583/2748/118 1582/2749/118 1581/2750/118
f 1581/2750/118 1579/2752/118 1584/2753/118
f 1583/2748/118 1581/2750/118 1584/2753/118
f 1584/2753/118 1586/2758/118 1587/2759/118
f 1583/2748/118 1584/2753/118 1587/2759/118
f 1534/2684/593 1587/2760/593 1586/2761/593
f 1534/2684/614 1589/2762/614 1587/2760/614
f 1587/2759/125 1589/2763/125 1590/2764/125
f 1587/2759/125 1590/2764/125 1591/2765/125
f 1587/2759/118 1591/2765/118 1583/2748/118
f 1591/2765/118 1593/2770/118 1583/2748/118
f 1591/2773/615 1597/2774/606 1595/2775/615
f 1591/2773/615 1590/2778/606 1597/2774/606
f 1604/2783/596 1609/2784/596 1603/2785/596
f 1603/2790/618 1608/2791/606 1602/2792/620
f 1603/2790/618 1609/2795/606 1608/2791/606
f 1610/2796/118 1608/2791/118 1609/2795/118
f 1610/2796/118 1609/2795/118 1611/2797/118
f 1604/2783/596 1611/2798/596 1609/2784/596
f 1604/2783/602 1610/2799/602 1611/2798/602
f 1604/2783/602 1612/2800/602 1610/2799/602
f 1602/2792/610 1610/2799/610 1612/2800/610
f 1602/2792/610 1608/2791/610 1610/2799/610
f 1633/2835/613 1637/2836/613 1634/2837/613
f 1633/2835/623 1617/2840/622 1636/2841/591
f 1633/2835/613 1635/2842/613 1637/2836/613
f 1633/2835/623 1636/2841/591 1635/2842/591
f 1614/2843/593 1634/2837/593 1637/2836/593
f 1614/2843/593 1637/2836/593 1638/2844/593
f 1637/2845/118 1636/2841/118 1638/2846/118
f 1637/2845/118 1635/2842/118 1636/2841/118
f 1614/2843/616 1638/2844/616 1636/2847/616
f 1614/2843/616 1636/2847/616 1617/2848/616
f 1641/2851/125 1640/2852/125 1607/2853/125
f 1524/2675/125 1641/2851/125 1607/2853/125
f 1607/2853/125 1595/2854/125 1534/2676/125
f 1524/2675/125 1607/2853/125 1534/2676/125
f 1524/2675/125 1522/2855/125 1641/2851/125
f 1534/2676/118 1595/2854/118 1597/2871/118
f 1534/2676/118 1597/2871/118 1649/2872/118
f 1649/2873/638 1597/2774/638 1590/2778/638
f 1534/2684/614 1649/2873/614 1589/2762/614
f 1649/2873/638 1590/2778/638 1589/2762/638
s 0
f 1586/2761/642 1651/2878/643 1533/2682/125
s 1
f 1533/2682/593 1534/2684/593 1586/2761/593
