# Blender 5.2.2 LTS
# www.blender.org
mtllib Holocron_Esquina_6.mtl
o Holocron.007
v -44.096893 2.497241 -4.386529
v -45.326859 1.347436 -4.413566
v -44.473228 2.055300 -4.396920
v -44.894997 1.665662 -4.406083
v -45.836323 1.063814 -4.420224
v -43.741600 3.054651 -4.373423
v -44.100910 2.503566 -4.498105
v -45.330875 1.353759 -4.525140
v -44.477242 2.061625 -4.508496
v -44.899014 1.671986 -4.517657
v -45.840340 1.070138 -4.531798
v -43.745617 3.060976 -4.484997
v -43.869846 3.269644 -4.424230
v -44.254097 2.643275 -4.438958
v -44.630184 2.201103 -4.449354
v -43.943703 2.357533 -4.445676
v -43.617374 2.845984 -4.434190
v -45.630798 0.948717 -4.478804
v -45.173595 1.207661 -4.472714
v -44.320286 1.915821 -4.456062
v -43.311584 3.407305 -4.420991
v -45.484138 1.493536 -4.465991
v -46.045868 1.185236 -4.473217
v -45.052193 1.811687 -4.458511
v -46.132671 0.723817 -4.484091
v -44.741814 1.525959 -4.465229
v -47.473656 0.520342 -4.575951
v -43.070736 0.512453 -4.576136
v -43.065689 4.929361 -4.479568
v -42.828648 0.505393 -4.335850
v -42.813835 0.425995 0.047362
v -42.823593 4.930974 -4.239086
v -43.068226 0.267364 -4.342001
v -47.472435 0.277668 -4.343866
v -43.045765 0.207341 0.068864
v -45.134350 0.388644 -3.342463
v -43.956730 0.345841 -2.139557
v -44.683907 0.374508 -2.976477
v -44.284729 0.359882 -2.563881
v -43.661579 0.330348 -1.636878
v -45.699783 0.403610 -3.684766
v -45.139305 0.276937 -3.341015
v -43.961685 0.234135 -2.138109
v -44.688858 0.262801 -2.975029
v -44.289684 0.248177 -2.562434
v -43.662266 0.225676 -1.628329
v -45.704739 0.291903 -3.683319
v -45.911221 0.347170 -3.553012
v -45.276176 0.330715 -3.183347
v -44.825504 0.316580 -2.817616
v -44.997482 0.334868 -3.500130
v -45.493301 0.348341 -3.815073
v -43.546234 0.281618 -1.843747
v -43.819798 0.292068 -2.297299
v -44.547260 0.320728 -3.133891
v -46.061523 0.362163 -4.107808
v -44.098621 0.287909 -1.980367
v -43.777607 0.274407 -1.421461
v -44.426544 0.301954 -2.404774
v -44.147865 0.306108 -2.721541
v -42.926556 1.440705 -2.224662
v -42.943947 2.660453 -3.385488
v -42.923927 1.813570 -2.669647
v -42.930302 2.231852 -3.063082
v -42.968147 3.166418 -3.674372
v -42.941391 1.089225 -1.664884
v -42.816536 1.455584 -2.211270
v -42.833927 2.675330 -3.372096
v -42.813908 1.828446 -2.656255
v -42.820282 2.246729 -3.049690
v -42.858128 3.181295 -3.660981
v -42.831371 1.104102 -1.651492
v -42.917248 1.223108 -1.448684
v -42.899128 1.603150 -2.077528
v -42.896458 1.975763 -2.522740
v -42.843960 1.293141 -2.358403
v -42.855515 0.970220 -1.867693
v -42.882660 2.966859 -3.782944
v -42.861340 2.512816 -3.519292
v -42.841381 1.666254 -2.803162
v -42.875477 0.668023 -1.304630
v -42.916534 2.822969 -3.238288
v -42.943619 3.380854 -3.552408
v -42.902874 2.394287 -2.915957
v -42.911293 3.465492 -4.013225
v -42.847713 2.084296 -3.196815
v -44.680962 1.852353 -4.401692
v -44.278042 2.271114 -4.391847
v -45.109718 1.497829 -4.410029
v -45.556686 1.208872 -4.416823
v -46.194508 0.896672 -4.424127
v -43.925537 2.741795 -4.380779
v -43.525967 3.475366 -4.363531
v -44.684978 1.858676 -4.513267
v -44.282059 2.277436 -4.503421
v -45.113739 1.504153 -4.521603
v -45.560703 1.215196 -4.528397
v -46.198524 0.902996 -4.535701
v -43.929550 2.748117 -4.492352
v -43.529984 3.481689 -4.475104
v -44.079182 2.896506 -4.433002
v -44.435093 2.417004 -4.444277
v -43.775902 2.593406 -4.440129
v -45.396893 1.072182 -4.475900
v -44.125008 2.131546 -4.450991
v -43.292603 3.963553 -4.407911
v -45.720497 1.351887 -4.469320
v -44.838005 1.998237 -4.454124
v -43.592495 3.836736 -4.410893
v -46.601524 0.718693 -4.484138
v -43.463455 3.120318 -4.427740
v -45.877922 0.834013 -4.481500
v -45.266987 1.643919 -4.462456
v -46.515106 0.965655 -4.478328
v -44.527931 1.712790 -4.460836
v -44.956470 1.358064 -4.469177
v -45.147278 0.314441 -4.102453
v -42.871067 2.538098 -2.223168
v -43.311409 2.585719 -4.482972
v -44.534100 1.973624 -2.832583
v -45.272198 0.516397 -4.576042
v -43.068214 2.720906 -4.527852
v -45.269672 2.724853 -4.527759
v -42.821243 0.465694 -2.144244
v -42.826118 2.718184 -4.287468
v -42.818714 2.678485 -2.095862
v -45.270329 0.272514 -4.342934
v -43.056995 0.237351 -2.136569
v -45.259102 0.242505 -2.137502
v -44.536789 0.330063 -2.875867
v -44.534630 1.976254 -4.448549
v -42.923157 1.939428 -2.838698
v -45.145607 2.590387 -4.482862
v -42.872334 0.694839 -2.263556
v -43.299850 0.275106 -2.261079
v -45.146870 0.755796 -4.523050
v -42.874981 2.581351 -4.049949
v -45.139542 0.279804 -2.262022
v -44.476257 0.367177 -2.773514
v -44.904129 0.381684 -3.166601
v -44.112038 0.352791 -2.353126
v -43.812965 0.338725 -1.913037
v -43.486328 0.319844 -1.282727
v -45.382774 0.395582 -3.508113
v -46.125359 0.413642 -3.890627
v -44.481216 0.255472 -2.772066
v -44.909084 0.269979 -3.165153
v -44.116993 0.241085 -2.351678
v -43.817390 0.227900 -1.910701
v -43.477943 0.230122 -1.259087
v -45.387730 0.283875 -3.506666
v -46.130318 0.301938 -3.889179
v -45.533356 0.337837 -3.352356
v -45.045815 0.323757 -3.007643
v -45.237148 0.341619 -3.662425
v -43.678734 0.285581 -2.076919
v -44.767399 0.327907 -3.324111
v -46.618172 0.369039 -4.114015
v -43.951622 0.281043 -1.746818
v -44.617939 0.309248 -2.614561
v -46.484566 0.360373 -3.817200
v -43.285686 0.273316 -0.860068
v -45.771111 0.355204 -3.962607
v -43.416866 0.281832 -1.593990
v -44.253918 0.294859 -2.193946
v -43.547405 0.268133 -0.947825
v -44.339535 0.313399 -2.931019
v -43.975113 0.299016 -2.510858
v -42.926094 2.019545 -2.874425
v -42.924110 1.620134 -2.452207
v -42.936237 2.444917 -3.232956
v -42.953926 2.888660 -3.526386
v -42.988026 3.522261 -3.845332
v -42.931568 1.271093 -1.978878
v -42.957661 0.876216 -1.243034
v -42.816074 2.034421 -2.861033
v -42.814091 1.635013 -2.438815
v -42.826221 2.459796 -3.219565
v -42.843906 2.903537 -3.512994
v -42.878006 3.537137 -3.831939
v -42.821548 1.285971 -1.965487
v -42.847641 0.891093 -1.229642
v -42.904564 1.430029 -1.823056
v -42.896656 1.782423 -2.305214
v -42.848553 1.127037 -2.121310
v -42.870960 2.734532 -3.657037
v -42.841545 1.472724 -2.585808
v -42.922688 0.651249 -0.750163
v -42.926872 3.057665 -3.382343
v -42.898640 2.181828 -2.727437
v -42.940464 0.949229 -0.880224
v -42.956188 3.932090 -4.024127
v -42.864841 0.818079 -1.592451
v -42.896408 3.212370 -3.900281
v -42.908825 2.607424 -3.085767
v -42.969624 3.847026 -3.776989
v -42.843533 1.872140 -3.008021
v -42.853638 2.297289 -3.366755
v -46.980465 0.277628 -4.107269
v -43.924740 2.338854 -4.394106
v -43.926544 2.340421 -4.390216
v -43.924446 2.338548 -4.392639
v -43.924686 2.338741 -4.391384
v -43.925423 2.339397 -4.390534
v -44.724674 1.508869 -4.409769
v -44.722855 1.507285 -4.413660
v -44.723549 1.507837 -4.410088
v -44.722805 1.507174 -4.410939
v -44.722561 1.506980 -4.412192
v -44.267227 2.654048 -4.382843
v -44.269287 2.656035 -4.386766
v -44.268372 2.655108 -4.383121
v -44.269165 2.655859 -4.383965
v -44.269485 2.656184 -4.385244
v -45.067379 1.824447 -4.406322
v -45.065315 1.822454 -4.402397
v -45.067577 1.824594 -4.404798
v -45.067257 1.824267 -4.403517
v -45.066463 1.823516 -4.402674
v -44.301323 1.897142 -4.404489
v -44.303127 1.898710 -4.400603
v -44.301033 1.896839 -4.403022
v -44.301270 1.897030 -4.401769
v -44.302006 1.897687 -4.400919
v -44.645370 2.213865 -4.397163
v -44.643322 2.211884 -4.393239
v -44.645569 2.214014 -4.395640
v -44.645252 2.213690 -4.394360
v -44.644463 2.212943 -4.393517
v -45.499321 1.506294 -4.413810
v -45.497227 1.504269 -4.409878
v -45.499519 1.506440 -4.412283
v -45.499191 1.506106 -4.411000
v -45.498383 1.505343 -4.410155
v -45.156494 1.190603 -4.417253
v -45.154640 1.188989 -4.421158
v -45.155354 1.189559 -4.417572
v -45.154598 1.188886 -4.418426
v -45.154350 1.188684 -4.419685
v -46.061050 1.197995 -4.421041
v -46.057961 1.196425 -4.417094
v -46.061172 1.198174 -4.419511
v -46.060627 1.197941 -4.418225
v -46.059502 1.197328 -4.417375
v -45.614685 0.931201 -4.423354
v -45.611851 0.930051 -4.427270
v -45.613167 0.930332 -4.423669
v -45.612095 0.929809 -4.424526
v -45.611633 0.929710 -4.425789
v -47.081116 0.726212 -4.432034
v -47.068447 0.731123 -4.427913
v -47.081638 0.728105 -4.431968
v -47.078266 0.726830 -4.430487
v -47.074860 0.727983 -4.429160
v -47.082439 0.726325 -4.432291
v -47.080482 0.727094 -4.430650
v -47.078262 0.728033 -4.429355
v -47.079742 0.728199 -4.429753
v -47.071712 0.731239 -4.428213
v -47.075367 0.730709 -4.429089
v -47.071411 0.729489 -4.428256
v -47.075298 0.729445 -4.428698
v -47.078480 0.729187 -4.429325
v -47.082722 0.727351 -4.432255
v -47.078854 0.729608 -4.430408
v -47.080761 0.728397 -4.430613
v -47.081795 0.727477 -4.430735
v -46.113735 0.705166 -4.432589
v -46.112514 0.708024 -4.428600
v -46.113205 0.704952 -4.431095
v -46.112785 0.705420 -4.429811
v -46.112545 0.706500 -4.428936
v -43.598415 2.827310 -4.382634
v -43.599556 2.829953 -4.378706
v -43.598072 2.827085 -4.381159
v -43.598167 2.827511 -4.379896
v -43.598690 2.828517 -4.379035
v -43.883595 3.279269 -4.368139
v -43.885033 3.282406 -4.372039
v -43.884502 3.280769 -4.368406
v -43.885094 3.281892 -4.369244
v -43.885281 3.282465 -4.370517
v -43.295479 3.387959 -4.365585
v -43.292641 3.388641 -4.369460
v -43.293957 3.387790 -4.365884
v -43.292885 3.387862 -4.366725
v -43.292419 3.388160 -4.367980
v -43.288807 4.528160 -4.342764
v -43.290619 4.528677 -4.342739
v -43.294250 4.514732 -4.339089
v -43.288879 4.529491 -4.342956
v -43.289581 4.525103 -4.341310
v -43.289780 4.527359 -4.341408
v -43.290112 4.528700 -4.341465
v -43.290939 4.526526 -4.340569
v -43.292290 4.525702 -4.341287
v -43.293564 4.522005 -4.340085
v -43.289860 4.529774 -4.342939
v -43.291046 4.527646 -4.341396
v -43.291969 4.525206 -4.340202
v -43.292530 4.517838 -4.339323
v -43.290890 4.521480 -4.340099
v -43.294254 4.518155 -4.339313
v -43.292351 4.521881 -4.339665
v -43.290836 4.524981 -4.340209
v -43.967278 2.380551 -4.500997
v -43.962666 2.376211 -4.497251
v -43.965942 2.379313 -4.500733
v -43.964600 2.378056 -4.499928
v -43.963448 2.376966 -4.498705
v -44.760777 1.544640 -4.516802
v -44.765408 1.548994 -4.520550
v -44.761559 1.545393 -4.518257
v -44.762714 1.546486 -4.519481
v -44.764069 1.547752 -4.520286
v -44.238911 2.630513 -4.491148
v -44.234524 2.626570 -4.495213
v -44.238220 2.629915 -4.492682
v -44.237144 2.628953 -4.493993
v -44.235847 2.627779 -4.494881
v -45.032616 1.794976 -4.514765
v -45.037006 1.798925 -4.510699
v -45.033939 1.796188 -4.514435
v -45.035240 1.797364 -4.513546
v -45.036316 1.798326 -4.512234
v -44.343861 1.938837 -4.511383
v -44.339252 1.934502 -4.507641
v -44.342525 1.937602 -4.511119
v -44.341183 1.936344 -4.510315
v -44.340031 1.935255 -4.509093
v -44.610619 2.184407 -4.505609
v -44.614998 2.188343 -4.501546
v -44.611938 2.185615 -4.505278
v -44.613232 2.186785 -4.504389
v -44.614307 2.187743 -4.503079
v -45.464523 1.476791 -4.522246
v -45.468952 1.480777 -4.518175
v -45.465862 1.478014 -4.521916
v -45.467175 1.479203 -4.521026
v -45.468258 1.480172 -4.519711
v -45.192554 1.226334 -4.524274
v -45.197231 1.230731 -4.528033
v -45.193340 1.227094 -4.525734
v -45.194508 1.228197 -4.526961
v -45.195873 1.229472 -4.527769
v -46.025002 1.169078 -4.529459
v -46.030682 1.172480 -4.525395
v -46.026817 1.170081 -4.529132
v -46.028538 1.171077 -4.528245
v -46.029896 1.171918 -4.526933
v -45.649750 0.967381 -4.530343
v -45.655678 0.971195 -4.534136
v -45.650635 0.968101 -4.531811
v -45.652069 0.969076 -4.533049
v -45.653843 0.970163 -4.533865
v -47.050793 0.701029 -4.536338
v -47.051273 0.702590 -4.536319
v -47.032486 0.705145 -4.540248
v -47.052105 0.701021 -4.536593
v -47.046642 0.701159 -4.537868
v -47.048904 0.701253 -4.537927
v -47.050278 0.701505 -4.537942
v -47.047371 0.701982 -4.538693
v -47.047047 0.703588 -4.537821
v -47.041992 0.704428 -4.539096
v -47.049103 0.702393 -4.537906
v -47.045643 0.702843 -4.538990
v -47.036736 0.703387 -4.539984
v -47.041706 0.701987 -4.539148
v -47.036880 0.704973 -4.539948
v -47.041538 0.703149 -4.539547
v -47.045521 0.701810 -4.539012
v -46.153198 0.748137 -4.539380
v -46.151611 0.742476 -4.535605
v -46.153027 0.746399 -4.539124
v -46.152664 0.744714 -4.538316
v -46.152168 0.743334 -4.537081
v -43.640121 2.870352 -4.489480
v -43.636330 2.864659 -4.485754
v -43.639103 2.868598 -4.489227
v -43.638023 2.866899 -4.488431
v -43.637051 2.865515 -4.487210
v -43.854660 3.256886 -4.476418
v -43.851055 3.251493 -4.480516
v -43.854031 3.256176 -4.477954
v -43.853123 3.254901 -4.479272
v -43.852077 3.253258 -4.480175
v -43.330536 3.425972 -4.472536
v -43.336174 3.428101 -4.476367
v -43.331398 3.426561 -4.474007
v -43.332775 3.427172 -4.475250
v -43.334450 3.427712 -4.476079
v -43.258739 4.502677 -4.447111
v -43.263062 4.484086 -4.451533
v -43.260246 4.503160 -4.447112
v -43.258884 4.498453 -4.448734
v -43.259758 4.493434 -4.450145
v -43.258930 4.500767 -4.448724
v -43.259502 4.497335 -4.449913
v -43.259651 4.499218 -4.449545
v -43.262814 4.488551 -4.451127
v -43.262192 4.493742 -4.450141
v -43.261227 4.488389 -4.451128
v -43.260902 4.493289 -4.450573
v -43.260532 4.497468 -4.449911
v -43.259514 4.504261 -4.447293
v -43.261292 4.498873 -4.448731
v -43.260056 4.500968 -4.448722
v -43.259148 4.502169 -4.448702
v -43.316929 0.752091 -4.566647
v -43.312668 0.756341 -4.566555
v -43.308105 0.747653 -4.571005
v -43.315300 0.752411 -4.566639
v -43.313919 0.753334 -4.566620
v -43.314983 0.751781 -4.568285
v -43.313957 0.752097 -4.568220
v -43.312321 0.754457 -4.568226
v -43.311333 0.752144 -4.569658
v -43.312992 0.754713 -4.566589
v -43.312641 0.753419 -4.568192
v -43.310207 0.749379 -4.570642
v -43.311256 0.750775 -4.570141
v -43.312622 0.751532 -4.569492
v -42.817101 0.648076 -0.460313
v -42.816910 0.651110 -0.458822
v -42.812859 0.643573 -0.448039
v -42.816715 0.648247 -0.458946
v -42.816544 0.648884 -0.458183
v -42.815468 0.647579 -0.457311
v -42.815350 0.648688 -0.456806
v -42.816612 0.649888 -0.458139
v -42.813171 0.645142 -0.450669
v -42.814087 0.646547 -0.453925
v -42.813622 0.646019 -0.453190
v -42.814198 0.647042 -0.455212
v -46.976810 0.761405 -4.566429
v -46.990479 0.756903 -4.570787
v -46.978054 0.764423 -4.566362
v -46.978210 0.761640 -4.566423
v -46.980240 0.761300 -4.568005
v -46.981873 0.760930 -4.568892
v -46.987167 0.758659 -4.570427
v -46.984859 0.759501 -4.569935
v -46.978882 0.763274 -4.566387
v -43.310150 4.417003 -4.486360
v -43.313164 4.418254 -4.486331
v -43.305599 4.430808 -4.490319
v -43.310379 4.418405 -4.486328
v -43.309803 4.420051 -4.487924
v -43.309631 4.422130 -4.488698
v -43.308460 4.424451 -4.489212
v -43.312012 4.419082 -4.486311
v -43.310516 4.420991 -4.487845
v -43.306652 4.427871 -4.490059
v -46.975109 0.280392 -4.106205
v -46.976410 0.280295 -4.103193
v -46.988201 0.276186 -4.111122
v -46.976501 0.280193 -4.105993
v -46.977978 0.278779 -4.106678
v -46.978996 0.278732 -4.105825
v -46.977203 0.280140 -4.104362
v -46.985062 0.276502 -4.109337
v -46.981468 0.277411 -4.107777
v -46.982727 0.276959 -4.108471
v -42.832733 0.737954 -4.086077
v -42.828495 0.733913 -4.094709
v -42.832748 0.742319 -4.090242
v -42.831108 0.737679 -4.088047
v -42.829735 0.736815 -4.090378
v -42.832737 0.738319 -4.087700
v -42.831169 0.738029 -4.089039
v -42.830296 0.738062 -4.090342
v -42.829739 0.738105 -4.091587
v -42.828815 0.735493 -4.092718
v -42.829285 0.736796 -4.091679
v -42.832745 0.740682 -4.089954
v -42.832741 0.739276 -4.089062
v -42.831120 0.740384 -4.090611
v -42.831173 0.739367 -4.090309
v -42.830215 4.420321 -4.009655
v -42.825909 4.434412 -4.014021
v -42.830204 4.421474 -4.006644
v -42.830212 4.421713 -4.009398
v -42.827755 4.425449 -4.010095
v -42.826252 4.431388 -4.013012
v -42.827190 4.427867 -4.011254
v -42.830204 4.422338 -4.007770
v -42.828674 4.423994 -4.009428
v -43.311905 0.266275 -4.102543
v -43.303154 0.262101 -4.107132
v -43.307606 0.266200 -4.098278
v -43.309971 0.264647 -4.102922
v -43.307632 0.263280 -4.103928
v -43.310268 0.266273 -4.102215
v -43.308941 0.264701 -4.102600
v -43.307610 0.263821 -4.102619
v -43.306316 0.263258 -4.102596
v -43.305237 0.262386 -4.105404
v -43.306263 0.262829 -4.103991
v -43.307945 0.266232 -4.099909
v -43.308880 0.266258 -4.101292
v -43.307281 0.264599 -4.100229
v -43.307610 0.264678 -4.101269
v -43.278683 0.214219 -0.419492
v -43.272095 0.210292 -0.404713
v -43.282238 0.214606 -0.418609
v -43.277569 0.212729 -0.416202
v -43.279182 0.214699 -0.418190
v -43.277214 0.212172 -0.414031
v -43.273529 0.210628 -0.407975
v -43.276657 0.211762 -0.413084
v -43.281105 0.214911 -0.417712
v -43.280033 0.214942 -0.417565
v -43.278706 0.213139 -0.415447
v -42.825802 5.427861 -4.468812
v -42.824696 5.430338 -4.465280
v -42.821274 5.427516 -4.464142
v -42.826324 5.428954 -4.468525
v -42.826294 5.429809 -4.467752
v -42.824059 5.427799 -4.468462
v -42.824287 5.429760 -4.468010
v -42.824329 5.431035 -4.467371
v -42.823372 5.430211 -4.464229
v -42.822254 5.429628 -4.463644
v -42.825722 5.430294 -4.466610
v -42.823944 5.430914 -4.466006
v -42.822598 5.430956 -4.465610
v -42.821609 5.427611 -4.465931
v -42.822586 5.427711 -4.467449
v -42.821518 5.428684 -4.463614
v -42.821999 5.429628 -4.465669
v -42.822750 5.430130 -4.467230
v -47.956680 0.279149 -4.576618
v -47.959267 0.282619 -4.577656
v -47.956844 0.283779 -4.581112
v -47.957787 0.279392 -4.576092
v -47.958668 0.280138 -4.576105
v -47.956718 0.279506 -4.578369
v -47.958675 0.279902 -4.578129
v -47.959949 0.280509 -4.578074
v -47.959900 0.281091 -4.579239
v -47.959209 0.283665 -4.578966
v -47.958733 0.284253 -4.580082
v -47.959187 0.281271 -4.576653
v -47.959869 0.281871 -4.578428
v -47.959980 0.282274 -4.579779
v -47.956806 0.282011 -4.580803
v -47.956764 0.280511 -4.579840
v -47.957901 0.284293 -4.580835
v -47.958733 0.282238 -4.580391
v -42.833363 0.277246 -4.581266
v -42.828800 0.276975 -4.576883
v -42.833321 0.272624 -4.576849
v -42.831615 0.277195 -4.580933
v -42.830135 0.277128 -4.579983
v -42.833355 0.275508 -4.580959
v -42.831673 0.275530 -4.580471
v -42.830326 0.275530 -4.579819
v -42.830730 0.274570 -4.579432
v -42.829144 0.275322 -4.576885
v -42.830120 0.273914 -4.576881
v -42.829147 0.277050 -4.578560
v -42.829647 0.275438 -4.578514
v -42.830318 0.274145 -4.578480
v -42.833332 0.273009 -4.578569
v -42.833344 0.274023 -4.580013
v -42.831589 0.272969 -4.576866
v -42.831657 0.273497 -4.578516
v -42.831711 0.274191 -4.579830
v -42.814816 0.208492 0.542596
v -42.818314 0.207921 0.545214
v -42.819397 0.204387 0.542529
v -42.815090 0.209085 0.543867
v -42.815849 0.209185 0.544811
v -42.815178 0.206943 0.542571
v -42.815582 0.207212 0.544614
v -42.816193 0.207313 0.545941
v -42.816757 0.206207 0.545796
v -42.819324 0.206582 0.545126
v -42.819885 0.205439 0.544585
v -42.816986 0.208776 0.545284
v -42.817547 0.207033 0.545838
v -42.817924 0.205711 0.545847
v -42.817657 0.204721 0.542535
v -42.816174 0.205619 0.542549
v -42.819908 0.204669 0.543674
v -42.817883 0.205108 0.544525
v -42.816341 0.205791 0.544971
v -46.976810 0.759501 -4.479458
v -46.978054 0.762518 -4.479393
v -46.970791 0.763650 -4.475103
v -46.978668 0.759543 -4.479458
v -46.979561 0.760132 -4.479445
v -46.975891 0.759976 -4.477818
v -46.977722 0.760078 -4.477774
v -46.977360 0.760983 -4.476963
v -46.977039 0.762766 -4.477757
v -46.975304 0.763069 -4.476366
v -46.979343 0.761178 -4.479422
v -46.978268 0.761405 -4.477745
v -46.972633 0.762225 -4.475460
v -46.974422 0.760934 -4.476414
v -46.973110 0.763381 -4.475435
v -46.975075 0.761903 -4.475859
v -46.976418 0.760866 -4.476631
v -43.316929 0.750188 -4.479675
v -43.316925 0.754354 -4.475323
v -43.312668 0.754436 -4.479582
v -43.316929 0.750476 -4.478039
v -43.316929 0.751371 -4.476635
v -43.315300 0.750509 -4.479670
v -43.315258 0.750865 -4.477989
v -43.315342 0.751588 -4.476849
v -43.315296 0.754356 -4.475647
v -43.313915 0.754375 -4.476570
v -43.316929 0.752733 -4.475681
v -43.315258 0.752697 -4.476074
v -43.314133 0.752795 -4.476822
v -43.312992 0.752809 -4.479618
v -43.313915 0.751430 -4.479649
v -43.312992 0.754403 -4.477953
v -43.313385 0.752734 -4.477949
v -43.314133 0.751612 -4.478058
v -43.310150 4.415099 -4.399388
v -43.314415 4.408995 -4.395260
v -43.313164 4.416349 -4.399362
v -43.310665 4.414145 -4.397779
v -43.311657 4.412650 -4.396429
v -43.310188 4.416961 -4.399346
v -43.310760 4.415977 -4.397696
v -43.311687 4.415596 -4.396916
v -43.314125 4.411321 -4.395534
v -43.313789 4.413536 -4.396410
v -43.312973 4.410841 -4.395545
v -43.312634 4.413291 -4.395883
v -43.312431 4.415001 -4.396593
v -43.311817 4.417636 -4.399333
v -43.310772 4.417850 -4.399327
v -43.313450 4.415300 -4.397751
v -43.312084 4.416525 -4.397686
v -42.919746 0.738027 -4.086075
v -42.919743 0.742380 -4.090240
v -42.924004 0.742287 -4.085981
v -42.919746 0.738387 -4.087698
v -42.919743 0.739341 -4.089058
v -42.921375 0.738350 -4.086067
v -42.921417 0.738780 -4.087730
v -42.921329 0.739552 -4.088839
v -42.921371 0.742373 -4.089916
v -42.922756 0.742354 -4.088993
v -42.919743 0.740743 -4.089952
v -42.921413 0.740694 -4.089561
v -42.922539 0.740765 -4.088810
v -42.923679 0.740657 -4.086018
v -42.922756 0.739274 -4.086048
v -42.923679 0.742322 -4.087612
v -42.923286 0.740654 -4.087688
v -42.922539 0.739526 -4.087627
v -42.919754 0.655315 -0.422306
v -42.923996 0.660003 -0.426363
v -42.919937 0.658370 -0.420695
v -42.921379 0.655790 -0.423250
v -42.922756 0.656847 -0.424352
v -42.919453 0.655495 -0.420909
v -42.921196 0.656094 -0.421405
v -42.922554 0.656902 -0.422045
v -42.922138 0.657190 -0.421046
v -42.923687 0.660216 -0.424447
v -42.922810 0.659981 -0.422697
v -42.923676 0.658327 -0.425445
v -42.923222 0.658351 -0.423111
v -42.922577 0.658238 -0.421338
v -42.919552 0.657149 -0.420037
v -42.919380 0.656140 -0.420112
v -42.921490 0.659332 -0.421380
v -42.921253 0.657776 -0.420517
v -42.921108 0.656588 -0.420219
v -42.917210 4.420380 -4.009655
v -42.917210 4.421556 -4.006623
v -42.921474 4.414237 -4.005528
v -42.917210 4.421774 -4.009397
v -42.918842 4.418984 -4.009360
v -42.918785 4.420673 -4.008969
v -42.918743 4.421741 -4.008440
v -42.919659 4.420553 -4.007977
v -42.918839 4.420329 -4.005898
v -42.920223 4.418507 -4.005436
v -42.917210 4.422411 -4.007754
v -42.918781 4.421310 -4.007326
v -42.920044 4.420019 -4.007023
v -42.921150 4.415659 -4.007126
v -42.920227 4.417326 -4.008473
v -42.921150 4.416368 -4.005305
v -42.920677 4.418067 -4.007012
v -42.920044 4.419516 -4.008320
v -46.990143 0.357861 -4.100582
v -46.984993 0.362001 -4.096014
v -46.991459 0.357848 -4.097557
v -46.988960 0.359478 -4.100140
v -46.987564 0.360832 -4.099115
v -46.990723 0.359335 -4.099794
v -46.989811 0.360638 -4.099018
v -46.990826 0.360223 -4.098719
v -46.987015 0.361681 -4.095810
v -46.988953 0.360777 -4.096035
v -46.986176 0.361719 -4.097668
v -46.988544 0.361256 -4.097614
v -46.990402 0.360613 -4.097702
v -46.992275 0.357615 -4.099714
v -46.990513 0.359432 -4.096647
v -46.991459 0.359316 -4.098135
v -46.991840 0.359251 -4.099283
v -43.311794 0.353231 -4.100483
v -43.307533 0.353127 -4.096222
v -43.311787 0.357390 -4.096123
v -43.310162 0.353222 -4.100159
v -43.308781 0.353199 -4.099236
v -43.311790 0.354856 -4.100121
v -43.310120 0.354885 -4.099728
v -43.308998 0.354782 -4.098980
v -43.307858 0.354755 -4.096184
v -43.308777 0.356141 -4.096151
v -43.307858 0.353166 -4.097853
v -43.308247 0.354838 -4.097855
v -43.308994 0.355961 -4.097744
v -43.311790 0.357107 -4.097759
v -43.311790 0.356215 -4.099163
v -43.310158 0.357066 -4.096130
v -43.310120 0.356712 -4.097809
v -43.310204 0.355990 -4.098953
v -43.305580 0.266884 -0.430499
v -43.308777 0.266469 -0.429455
v -43.311790 0.270835 -0.437202
v -43.306004 0.267175 -0.429161
v -43.306763 0.267200 -0.428492
v -43.306648 0.268370 -0.432023
v -43.307076 0.268405 -0.430427
v -43.307613 0.268376 -0.429400
v -43.308407 0.269100 -0.430643
v -43.310020 0.268098 -0.430665
v -43.311028 0.269499 -0.432561
v -43.307735 0.266950 -0.428596
v -43.308685 0.268270 -0.429787
v -43.309452 0.269376 -0.431165
v -43.310009 0.270509 -0.435650
v -43.308205 0.269644 -0.433831
v -43.311649 0.270463 -0.434857
v -43.309792 0.269994 -0.433180
v -43.308243 0.269439 -0.431706
v -44.979828 0.387102 -3.518249
v -44.981400 0.390924 -3.516317
v -44.979546 0.388578 -3.518513
v -44.979748 0.389822 -3.518239
v -44.980396 0.390647 -3.517467
v -44.131802 0.362164 -2.737710
v -44.130211 0.358346 -2.739661
v -44.130791 0.361887 -2.738867
v -44.130135 0.361063 -2.739645
v -44.129932 0.359820 -2.739923
v -45.287289 0.386364 -3.168622
v -45.289185 0.382368 -3.166616
v -45.288319 0.386047 -3.167462
v -45.289040 0.385177 -3.166674
v -45.289345 0.383885 -3.166376
v -44.439552 0.353607 -2.388044
v -44.437653 0.357604 -2.390056
v -44.439713 0.355123 -2.387804
v -44.439407 0.356414 -2.388102
v -44.438683 0.357286 -2.388893
v -44.529602 0.372968 -3.152012
v -44.531178 0.376783 -3.150079
v -44.529324 0.374442 -3.152275
v -44.529526 0.375683 -3.152000
v -44.530174 0.376509 -3.151229
v -44.838512 0.368235 -2.800885
v -44.836624 0.372231 -2.802882
v -44.838676 0.369751 -2.800644
v -44.838371 0.371044 -2.800940
v -44.837654 0.371914 -2.801725
v -44.111629 0.339558 -1.963638
v -44.109695 0.343562 -1.965684
v -44.111786 0.341076 -1.963401
v -44.111473 0.342371 -1.963706
v -44.110741 0.343244 -1.964509
v -43.803768 0.348121 -2.313427
v -43.802143 0.344298 -2.315417
v -43.802746 0.347844 -2.314600
v -43.802078 0.347022 -2.315390
v -43.801868 0.345776 -2.315676
v -43.790539 0.322505 -1.409039
v -43.789162 0.326570 -1.412320
v -43.790764 0.324038 -1.408973
v -43.790581 0.325346 -1.409573
v -43.790020 0.326237 -1.410748
v -43.533993 0.334127 -1.861439
v -43.532639 0.330291 -1.864115
v -43.533142 0.333856 -1.862964
v -43.532585 0.333031 -1.864008
v -43.532406 0.331781 -1.864412
v -43.295132 0.292711 -0.398221
v -43.300983 0.297056 -0.413058
v -43.297077 0.292531 -0.397940
v -43.296070 0.294304 -0.401609
v -43.297508 0.295690 -0.405618
v -43.295441 0.293051 -0.396951
v -43.296379 0.294360 -0.399575
v -43.297466 0.295472 -0.402330
v -43.297562 0.295132 -0.400749
v -43.300842 0.296652 -0.409346
v -43.300049 0.295652 -0.405173
v -43.299236 0.296657 -0.409638
v -43.298973 0.296105 -0.405573
v -43.298546 0.295454 -0.402141
v -43.296494 0.292955 -0.396798
v -43.298729 0.294205 -0.401166
v -43.297626 0.294311 -0.399368
v -43.296764 0.294362 -0.398352
v -43.294483 0.315127 -1.358982
v -43.297009 0.315505 -1.370621
v -43.299549 0.319599 -1.369003
v -43.294670 0.315204 -1.361736
v -43.295219 0.315304 -1.364916
v -43.295116 0.316785 -1.361265
v -43.295414 0.316805 -1.363954
v -43.295700 0.316835 -1.366322
v -43.296154 0.317752 -1.367033
v -43.296883 0.317070 -1.370553
v -43.297325 0.318399 -1.370222
v -43.296040 0.315408 -1.368036
v -43.296280 0.316946 -1.368462
v -43.296631 0.318173 -1.368637
v -43.297859 0.319205 -1.366688
v -43.296303 0.318217 -1.363971
v -43.298256 0.319286 -1.369678
v -43.297169 0.318769 -1.367810
v -43.296177 0.318091 -1.365911
v -45.475655 0.400561 -3.833185
v -45.478313 0.404427 -3.831892
v -45.475452 0.402045 -3.833499
v -45.475887 0.403299 -3.833364
v -45.476894 0.404138 -3.832799
v -45.921169 0.402792 -3.537697
v -45.924229 0.398822 -3.536283
v -45.922646 0.402485 -3.536763
v -45.923744 0.401622 -3.536166
v -45.924301 0.400338 -3.535997
v -46.043182 0.418169 -4.122994
v -46.043880 0.414359 -4.125913
v -46.043045 0.417910 -4.124525
v -46.043129 0.417092 -4.125618
v -46.043423 0.415845 -4.126106
v -47.183426 0.427502 -4.103593
v -47.183903 0.427477 -4.101770
v -47.169926 0.431202 -4.098364
v -47.185314 0.427215 -4.103116
v -47.180370 0.428973 -4.102851
v -47.182625 0.428843 -4.102608
v -47.183952 0.428763 -4.102244
v -47.181774 0.429664 -4.101448
v -47.180908 0.428926 -4.100135
v -47.177197 0.430140 -4.098912
v -47.182877 0.428821 -4.101334
v -47.180431 0.430022 -4.100439
v -47.173065 0.430975 -4.100022
v -47.176735 0.430194 -4.101598
v -47.173340 0.430943 -4.098291
v -47.177105 0.430589 -4.100118
v -47.180233 0.430044 -4.101577
v -45.019321 0.278728 -3.477398
v -45.015137 0.282629 -3.482010
v -45.018120 0.279038 -3.478753
v -45.016903 0.279889 -3.480105
v -45.015858 0.281150 -3.481248
v -44.165527 0.253858 -2.703417
v -44.169712 0.249966 -2.698801
v -44.166245 0.252380 -2.702657
v -44.167294 0.251122 -2.701512
v -44.168510 0.250275 -2.700158
v -45.263165 0.279059 -3.200078
v -45.259274 0.275151 -3.204652
v -45.262566 0.277548 -3.200819
v -45.261612 0.276278 -3.201948
v -45.260460 0.275433 -3.203294
v -44.409637 0.246388 -2.426085
v -44.413536 0.250303 -2.421504
v -44.410824 0.246673 -2.424725
v -44.411980 0.247516 -2.423377
v -44.412933 0.248789 -2.422246
v -44.569096 0.264587 -3.111165
v -44.564919 0.268482 -3.115768
v -44.567894 0.264895 -3.112517
v -44.566681 0.265746 -3.113866
v -44.565636 0.267003 -3.115008
v -44.808609 0.261014 -2.838911
v -44.812496 0.264925 -2.834347
v -44.809792 0.261300 -2.837557
v -44.810947 0.262143 -2.836214
v -44.811893 0.263415 -2.835087
v -44.081680 0.232346 -2.001718
v -44.085613 0.236268 -1.997095
v -44.082878 0.232631 -2.000342
v -44.084049 0.233477 -1.998981
v -44.085011 0.234754 -1.997840
v -43.837456 0.239818 -2.279176
v -43.841671 0.235925 -2.274528
v -43.838177 0.238343 -2.278412
v -43.839230 0.237083 -2.277261
v -43.840458 0.236235 -2.275897
v -43.761234 0.222395 -1.439436
v -43.764679 0.226311 -1.433881
v -43.762222 0.222671 -1.437627
v -43.763226 0.223512 -1.435936
v -43.764084 0.224790 -1.434621
v -43.559845 0.232907 -1.823366
v -43.563240 0.228957 -1.817325
v -43.560432 0.231421 -1.822410
v -43.561287 0.230148 -1.820926
v -43.562275 0.229283 -1.819140
v -43.270420 0.231655 -0.381695
v -43.272320 0.231643 -0.381468
v -43.273270 0.227742 -0.395690
v -43.270714 0.232037 -0.380434
v -43.270180 0.230198 -0.384931
v -43.270493 0.230378 -0.382640
v -43.270905 0.230465 -0.381315
v -43.271076 0.229461 -0.383562
v -43.272987 0.230074 -0.384611
v -43.273399 0.228781 -0.388418
v -43.271740 0.232031 -0.380311
v -43.271812 0.230320 -0.382490
v -43.271862 0.229011 -0.384990
v -43.271721 0.228082 -0.392505
v -43.270634 0.228944 -0.388726
v -43.273499 0.227964 -0.392307
v -43.271828 0.228433 -0.388379
v -43.270691 0.229080 -0.385121
v -43.282700 0.253710 -1.298042
v -43.286179 0.248949 -1.299131
v -43.285332 0.253279 -1.308759
v -43.282734 0.252067 -1.298316
v -43.283409 0.250584 -1.298619
v -43.282902 0.253591 -1.300597
v -43.283066 0.252036 -1.300267
v -43.283424 0.250759 -1.300106
v -43.283646 0.251101 -1.301566
v -43.285561 0.249398 -1.301497
v -43.285183 0.250380 -1.304157
v -43.284618 0.249490 -1.298905
v -43.284363 0.250016 -1.300703
v -43.284195 0.250668 -1.302525
v -43.284325 0.253356 -1.306398
v -43.283470 0.253467 -1.303532
v -43.285103 0.251740 -1.306708
v -43.284206 0.251878 -1.304346
v -43.283443 0.252006 -1.302253
v -45.516510 0.292236 -3.793134
v -45.510952 0.296114 -3.796957
v -45.514786 0.292533 -3.794185
v -45.513123 0.293375 -3.795280
v -45.511776 0.294633 -3.796254
v -45.898212 0.295517 -3.569743
v -45.892857 0.291572 -3.573568
v -45.897499 0.294003 -3.570427
v -45.896229 0.292724 -3.571394
v -45.894600 0.291870 -3.572497
v -46.079166 0.309958 -4.089701
v -46.081112 0.305971 -4.084116
v -46.079720 0.308464 -4.088861
v -46.080280 0.307178 -4.087505
v -46.080772 0.306304 -4.085838
v -47.157440 0.324216 -4.136745
v -47.138702 0.319915 -4.132947
v -47.157890 0.324176 -4.135227
v -47.153198 0.322640 -4.136734
v -47.148144 0.321270 -4.136008
v -47.155510 0.322624 -4.136638
v -47.152050 0.321464 -4.136169
v -47.153934 0.321804 -4.135970
v -47.143173 0.320272 -4.133087
v -47.148392 0.321210 -4.133569
v -47.143055 0.320312 -4.134678
v -47.147964 0.320816 -4.134877
v -47.152161 0.321440 -4.135138
v -47.159004 0.323997 -4.135939
v -47.153557 0.322579 -4.134321
v -47.155685 0.322595 -4.135509
v -47.156906 0.322624 -4.136389
v -42.892139 1.269145 -2.380103
v -42.896278 1.270572 -2.378808
v -42.893547 1.268709 -2.380497
v -42.894829 1.268827 -2.380389
v -42.895790 1.269481 -2.379796
v -42.900032 2.061743 -3.217205
v -42.895889 2.060299 -3.218515
v -42.899540 2.060646 -3.218199
v -42.898579 2.059987 -3.218797
v -42.897297 2.059865 -3.218908
v -42.956825 1.610830 -2.070527
v -42.953259 1.613271 -2.068318
v -42.956730 1.612002 -2.069466
v -42.956020 1.612877 -2.068673
v -42.954800 1.613322 -2.068270
v -42.957001 2.404408 -2.906747
v -42.960571 2.401960 -2.908961
v -42.958546 2.404459 -2.906698
v -42.959766 2.404012 -2.907103
v -42.960476 2.403135 -2.907897
v -42.889565 1.642255 -2.824864
v -42.893696 1.643682 -2.823570
v -42.890972 1.641819 -2.825258
v -42.892250 1.641937 -2.825150
v -42.893208 1.642591 -2.824557
v -42.950588 1.985884 -2.513530
v -42.954159 1.983452 -2.515731
v -42.952129 1.985937 -2.513481
v -42.953350 1.985494 -2.513882
v -42.954063 1.984622 -2.514672
v -42.970654 2.833088 -3.229079
v -42.974228 2.830607 -3.231324
v -42.972198 2.833137 -3.229034
v -42.973419 2.832683 -3.229445
v -42.974133 2.831794 -3.230249
v -42.913670 2.490300 -3.539648
v -42.909508 2.488826 -3.540987
v -42.913174 2.489190 -3.540655
v -42.912209 2.488520 -3.541262
v -42.910919 2.488392 -3.541379
v -42.997734 3.390972 -3.543200
v -43.001255 3.387504 -3.544977
v -42.999275 3.390945 -3.543118
v -43.000484 3.390278 -3.543427
v -43.001183 3.389070 -3.544079
v -42.935043 2.945329 -3.803769
v -42.930805 2.942881 -3.804628
v -42.934525 2.943842 -3.804595
v -42.933537 2.942854 -3.805049
v -42.932228 2.942517 -3.805062
v -43.054741 4.404387 -4.025877
v -43.057926 4.391408 -4.021080
v -43.054977 4.404912 -4.023997
v -43.056042 4.401402 -4.025319
v -43.057106 4.397889 -4.024211
v -43.054619 4.405731 -4.025764
v -43.056110 4.403626 -4.025074
v -43.057243 4.401298 -4.024192
v -43.056999 4.402812 -4.024018
v -43.057953 4.394687 -4.020986
v -43.057400 4.398404 -4.021504
v -43.057766 4.394380 -4.022725
v -43.057701 4.398292 -4.022789
v -43.057369 4.401516 -4.023046
v -43.054749 4.406013 -4.024745
v -43.056355 4.401995 -4.022563
v -43.056259 4.403909 -4.023779
v -43.056175 4.404943 -4.024704
v -42.959412 3.441525 -4.034895
v -42.963440 3.439945 -4.032284
v -42.960831 3.440852 -4.035200
v -42.962093 3.440313 -4.034810
v -42.963009 3.439996 -4.033784
v -42.903679 0.946231 -1.889387
v -42.907864 0.946998 -1.887015
v -42.905098 0.945742 -1.889702
v -42.906391 0.945717 -1.889361
v -42.907360 0.946157 -1.888418
v -42.974907 1.231400 -1.442837
v -42.971375 1.233230 -1.439474
v -42.974823 1.232337 -1.441334
v -42.974125 1.233013 -1.440167
v -42.972916 1.233325 -1.439513
v -42.927700 0.646492 -1.327279
v -42.923622 0.644045 -1.326315
v -42.927242 0.645007 -1.327407
v -42.926308 0.644018 -1.327269
v -42.925034 0.643681 -1.326885
v -43.023621 0.644580 -0.190871
v -43.023857 0.646384 -0.190378
v -43.026924 0.649558 -0.204570
v -43.023525 0.644679 -0.189530
v -43.024944 0.645192 -0.194024
v -43.025009 0.645408 -0.191766
v -43.025074 0.645755 -0.190430
v -43.025902 0.646475 -0.192666
v -43.025265 0.647883 -0.193461
v -43.026344 0.649014 -0.197242
v -43.023651 0.645655 -0.189263
v -43.025162 0.646672 -0.191499
v -43.026279 0.647459 -0.194022
v -43.026730 0.647886 -0.201438
v -43.026035 0.646352 -0.197734
v -43.026928 0.649601 -0.201143
v -43.026634 0.647765 -0.197379
v -43.026146 0.646329 -0.194232
v -42.792786 1.322121 -2.332189
v -42.795776 1.317139 -2.336701
v -42.792835 1.320757 -2.333424
v -42.793423 1.319332 -2.334715
v -42.794456 1.318060 -2.335866
v -42.799530 2.108291 -3.175115
v -42.796539 2.113292 -3.170587
v -42.798210 2.109217 -3.174278
v -42.797176 2.110490 -3.173124
v -42.796589 2.111921 -3.171828
v -42.844997 1.593026 -2.086739
v -42.840282 1.589030 -2.090362
v -42.843369 1.592486 -2.087230
v -42.841900 1.591535 -2.088092
v -42.840816 1.590322 -2.089192
v -42.844028 2.380166 -2.928795
v -42.848747 2.384166 -2.925167
v -42.844563 2.381458 -2.927623
v -42.845646 2.382673 -2.926522
v -42.847115 2.383623 -2.925659
v -42.790203 1.695231 -2.776952
v -42.793194 1.690253 -2.781459
v -42.790257 1.693870 -2.778185
v -42.790844 1.692446 -2.779475
v -42.791874 1.691176 -2.780624
v -42.837616 1.961656 -2.535564
v -42.842327 1.965641 -2.531950
v -42.838150 1.962945 -2.534398
v -42.839230 1.964154 -2.533301
v -42.840698 1.965101 -2.532442
v -42.857681 2.808812 -3.251158
v -42.862411 2.812849 -3.247498
v -42.858219 2.810119 -3.249974
v -42.859306 2.811345 -3.248862
v -42.860779 2.812303 -3.247993
v -42.813171 2.536805 -3.497598
v -42.810173 2.541851 -3.493028
v -42.811848 2.537735 -3.496757
v -42.810814 2.539021 -3.495593
v -42.810226 2.540465 -3.494283
v -42.884697 3.365456 -3.564678
v -42.889503 3.370735 -3.561616
v -42.885262 3.367237 -3.563724
v -42.886372 3.368867 -3.562806
v -42.887863 3.370094 -3.562067
v -42.834511 2.990841 -3.761258
v -42.831562 2.997132 -3.757285
v -42.833183 2.991869 -3.760458
v -42.832157 2.993425 -3.759424
v -42.831585 2.995273 -3.758308
v -42.946583 4.384189 -4.043962
v -42.946751 4.384676 -4.042411
v -42.941196 4.366374 -4.039380
v -42.944672 4.380208 -4.043684
v -42.944836 4.382468 -4.043613
v -42.944969 4.383837 -4.043380
v -42.943974 4.381017 -4.042819
v -42.944916 4.380620 -4.041265
v -42.943214 4.375720 -4.040287
v -42.946545 4.385784 -4.043133
v -42.944950 4.382668 -4.042480
v -42.943569 4.379333 -4.041917
v -42.941757 4.370565 -4.041203
v -42.942978 4.375424 -4.042717
v -42.941910 4.370717 -4.039623
v -42.942638 4.375304 -4.041526
v -42.943466 4.379207 -4.042946
v -42.859940 3.491441 -3.985677
v -42.863167 3.489460 -3.991548
v -42.860065 3.491235 -3.987423
v -42.860722 3.490788 -3.989152
v -42.861813 3.490165 -3.990601
v -42.804379 0.998384 -1.840123
v -42.807343 0.994213 -1.845996
v -42.804417 0.997333 -1.841877
v -42.804993 0.996171 -1.843609
v -42.806023 0.995077 -1.845056
v -42.863121 1.212987 -1.457894
v -42.858349 1.209764 -1.462966
v -42.861488 1.212503 -1.458495
v -42.860008 1.211720 -1.459671
v -42.858906 1.210760 -1.461241
v -42.827324 0.692005 -1.282942
v -42.824203 0.697997 -1.280641
v -42.825989 0.693010 -1.282270
v -42.824924 0.694502 -1.281597
v -42.824295 0.696252 -1.281025
v -42.915428 0.624638 -0.209258
v -42.910248 0.629258 -0.227581
v -42.915604 0.626141 -0.208797
v -42.913555 0.624914 -0.213367
v -42.911911 0.625889 -0.218294
v -42.915329 0.624625 -0.207926
v -42.913719 0.624971 -0.211062
v -42.912373 0.625637 -0.214417
v -42.912872 0.625761 -0.212566
v -42.910919 0.628998 -0.223152
v -42.912170 0.628313 -0.218028
v -42.910751 0.627412 -0.223283
v -42.911591 0.627070 -0.218432
v -42.912483 0.626662 -0.214302
v -42.913818 0.627309 -0.212986
v -42.913841 0.626093 -0.210878
v -42.913853 0.625195 -0.209670
v -44.510777 1.695688 -4.405377
v -44.508968 1.694110 -4.409264
v -44.509655 1.694659 -4.405694
v -44.508919 1.694000 -4.406544
v -44.508678 1.693807 -4.407798
v -44.448231 2.427783 -4.388164
v -44.450279 2.429763 -4.392087
v -44.449371 2.428841 -4.388442
v -44.450161 2.429588 -4.389285
v -44.450481 2.429912 -4.390564
v -44.107845 2.114434 -4.395532
v -44.106045 2.112868 -4.399416
v -44.106728 2.113411 -4.395849
v -44.105991 2.112756 -4.396699
v -44.105751 2.112564 -4.397952
v -44.851139 2.009015 -4.398009
v -44.853195 2.010998 -4.401934
v -44.852283 2.010073 -4.398286
v -44.853073 2.010823 -4.399128
v -44.853394 2.011147 -4.400409
v -45.280094 1.654675 -4.406342
v -45.282173 1.656682 -4.410270
v -45.281246 1.655740 -4.406619
v -45.282047 1.656498 -4.407463
v -45.282372 1.656826 -4.408745
v -44.939342 1.340988 -4.413717
v -44.937511 1.339389 -4.417614
v -44.938210 1.339950 -4.414036
v -44.937462 1.339282 -4.414887
v -44.937218 1.339086 -4.416144
v -45.379925 1.055080 -4.420440
v -45.377937 1.053514 -4.424354
v -45.378731 1.054055 -4.420759
v -45.377934 1.053393 -4.421615
v -45.377655 1.053206 -4.422878
v -45.733448 1.362669 -4.413205
v -45.735680 1.364645 -4.417141
v -45.734661 1.363726 -4.413485
v -45.735508 1.364474 -4.414330
v -45.735867 1.364796 -4.415614
v -46.590477 0.719573 -4.428257
v -46.599663 0.715765 -4.432481
v -46.593948 0.718042 -4.428607
v -46.596912 0.716784 -4.429533
v -46.598919 0.715983 -4.430893
v -45.863964 0.815526 -4.426072
v -45.858978 0.815357 -4.429981
v -45.861618 0.815031 -4.426382
v -45.859848 0.814824 -4.427233
v -45.858921 0.814938 -4.428496
v -46.525066 0.977824 -4.422182
v -46.530293 0.978414 -4.426153
v -46.527424 0.978352 -4.422472
v -46.529243 0.978648 -4.423329
v -46.530251 0.978669 -4.424622
v -44.092392 2.907133 -4.376892
v -44.094368 2.909266 -4.380814
v -44.093506 2.908247 -4.377166
v -44.094273 2.909045 -4.378008
v -44.094574 2.909401 -4.379290
v -43.758659 2.576437 -4.384667
v -43.756943 2.574732 -4.388566
v -43.757572 2.575360 -4.384985
v -43.756863 2.574656 -4.385839
v -43.756641 2.574436 -4.387094
v -43.294865 3.951591 -4.352333
v -43.290745 3.960627 -4.356269
v -43.293243 3.954978 -4.352570
v -43.291889 3.957882 -4.353399
v -43.291012 3.959867 -4.354701
v -43.607399 3.843945 -4.354865
v -43.607681 3.849495 -4.358706
v -43.607864 3.846369 -4.355107
v -43.608078 3.848275 -4.355926
v -43.608017 3.849373 -4.357187
v -43.444454 3.106431 -4.372204
v -43.444504 3.101650 -4.376194
v -43.444042 3.104175 -4.372553
v -43.443905 3.102473 -4.373433
v -43.444069 3.101586 -4.374712
v -44.546898 1.731470 -4.512412
v -44.551514 1.735811 -4.516156
v -44.547676 1.732224 -4.513867
v -44.548828 1.733314 -4.515089
v -44.550179 1.734575 -4.515893
v -44.419907 2.404241 -4.496470
v -44.415527 2.400304 -4.500533
v -44.419220 2.403641 -4.498003
v -44.418144 2.402683 -4.499313
v -44.416847 2.401510 -4.500202
v -44.143970 2.150227 -4.502567
v -44.148582 2.154562 -4.506311
v -44.144753 2.150980 -4.504021
v -44.145905 2.152069 -4.505243
v -44.147247 2.153325 -4.506047
v -44.822823 1.985476 -4.506315
v -44.818439 1.981536 -4.510379
v -44.822132 1.984877 -4.507848
v -44.821056 1.983920 -4.509160
v -44.819759 1.982745 -4.510048
v -45.251801 1.631158 -4.514642
v -45.247395 1.627194 -4.518711
v -45.251110 1.630558 -4.516177
v -45.250031 1.629595 -4.517489
v -45.248726 1.628412 -4.518379
v -44.975430 1.376740 -4.520743
v -44.980080 1.381114 -4.524497
v -44.976212 1.377496 -4.522201
v -44.977371 1.378593 -4.523427
v -44.978729 1.379863 -4.524232
v -45.415844 1.090850 -4.527451
v -45.420692 1.095189 -4.531220
v -45.416645 1.091608 -4.528914
v -45.417850 1.092698 -4.530146
v -45.419270 1.093956 -4.530956
v -45.705315 1.339129 -4.521500
v -45.700714 1.335207 -4.525573
v -45.704605 1.338532 -4.523037
v -45.703484 1.337574 -4.524352
v -45.702118 1.336410 -4.525241
v -46.603382 0.721619 -4.535774
v -46.592827 0.726642 -4.539814
v -46.602623 0.722074 -4.537354
v -46.600353 0.723187 -4.538676
v -46.596912 0.724790 -4.539540
v -45.896866 0.852674 -4.533028
v -45.905529 0.855254 -4.536862
v -45.897961 0.853300 -4.534504
v -45.899994 0.854011 -4.535751
v -45.902649 0.854697 -4.536579
v -46.499928 0.952897 -4.530504
v -46.491543 0.950740 -4.534542
v -46.498932 0.952433 -4.532041
v -46.496990 0.951859 -4.533349
v -46.494392 0.951265 -4.534226
v -44.063995 2.883744 -4.485193
v -44.059711 2.879615 -4.489263
v -44.063313 2.883131 -4.486729
v -44.062260 2.882131 -4.488040
v -44.060997 2.880894 -4.488931
v -43.794865 2.612086 -4.491700
v -43.799370 2.616601 -4.495447
v -43.795639 2.612852 -4.493155
v -43.796764 2.613981 -4.494379
v -43.798077 2.615299 -4.495183
v -43.294464 3.966479 -4.459537
v -43.299591 3.956450 -4.463941
v -43.294899 3.965789 -4.461147
v -43.296028 3.963640 -4.462552
v -43.297676 3.960361 -4.463531
v -43.577309 3.823976 -4.463080
v -43.575142 3.815592 -4.467252
v -43.576786 3.823037 -4.464624
v -43.576191 3.821115 -4.465960
v -43.575615 3.818500 -4.466880
v -43.482410 3.138988 -4.479294
v -43.484760 3.147300 -4.482967
v -43.483025 3.140048 -4.480750
v -43.483685 3.141999 -4.481957
v -43.484291 3.144547 -4.482738
v -43.275433 4.515919 -4.394922
v -43.273769 4.515416 -4.394936
v -43.274750 4.517069 -4.394897
v -47.066456 0.715345 -4.484143
v -47.065952 0.713614 -4.484185
v -47.067619 0.714669 -4.484159
v -45.395153 0.280499 -4.581188
v -45.395100 0.275886 -4.576744
v -45.395874 0.278754 -4.580883
v -45.396118 0.277265 -4.579927
v -45.395844 0.276258 -4.578476
v -42.821808 0.242735 -2.017044
v -42.826347 0.238503 -2.016993
v -42.822159 0.241124 -2.016305
v -42.823143 0.239753 -2.016034
v -42.824615 0.238834 -2.016275
v -45.388798 0.245270 -2.016229
v -45.387947 0.241767 -2.016993
v -45.389267 0.243925 -2.015778
v -45.389271 0.242787 -2.015765
v -42.825035 2.852474 -4.520517
v -42.829571 2.852535 -4.525041
v -42.825375 2.853270 -4.522233
v -42.826355 2.853559 -4.523694
v -42.827831 2.853301 -4.524680
v -45.391987 2.856472 -4.521470
v -45.391369 2.855729 -4.524965
v -45.392475 2.856969 -4.522789
v -45.392529 2.857000 -4.523919
v -42.821507 2.819134 -1.960037
v -42.818043 2.818117 -1.960907
v -42.820179 2.819582 -1.959561
v -42.819054 2.819547 -1.959557
v -42.818306 2.819033 -1.960030
v -45.146870 0.756749 -4.566538
v -45.149242 0.752291 -4.570896
v -45.147049 0.756440 -4.568174
v -45.147564 0.755484 -4.569580
v -45.148335 0.754025 -4.570536
v -43.306862 2.589272 -4.530663
v -43.311409 2.586673 -4.526455
v -43.308605 2.588305 -4.530357
v -43.310078 2.587472 -4.529451
v -43.311062 2.586900 -4.528080
v -45.147968 2.593970 -4.530552
v -45.145607 2.591341 -4.526349
v -45.147064 2.592992 -4.530250
v -45.146301 2.592149 -4.529344
v -45.145790 2.591568 -4.527974
v -42.824921 0.693024 -2.272998
v -42.820675 0.688738 -2.271493
v -42.823292 0.692649 -2.273144
v -42.821915 0.691702 -2.272909
v -42.820995 0.690331 -2.272330
v -42.831482 2.581320 -4.049949
v -42.827202 2.583862 -4.054363
v -42.829849 2.581513 -4.050283
v -42.828465 2.582064 -4.051241
v -42.827534 2.582888 -4.052673
v -42.819386 2.538826 -2.230845
v -42.823593 2.536281 -2.232622
v -42.819710 2.537802 -2.231780
v -42.820621 2.536959 -2.232447
v -42.821987 2.536427 -2.232744
v -45.145557 0.269145 -4.109116
v -45.143524 0.273335 -4.104380
v -45.144661 0.269444 -4.107365
v -45.143959 0.270346 -4.105848
v -45.143562 0.271711 -4.104801
v -43.287636 0.236199 -2.256142
v -43.292999 0.240362 -2.258772
v -43.289436 0.236509 -2.257063
v -43.291084 0.237409 -2.257887
v -43.292339 0.238762 -2.258487
v -45.130268 0.243240 -2.257998
v -45.129025 0.247448 -2.260617
v -45.129375 0.243566 -2.258944
v -45.128826 0.244479 -2.259774
v -45.128700 0.245842 -2.260361
v -45.144737 0.759007 -4.475212
v -45.146870 0.754845 -4.479567
v -45.145554 0.757385 -4.475574
v -45.146244 0.756024 -4.476528
v -45.146709 0.755134 -4.477930
v -43.311409 2.584769 -4.439487
v -43.315670 2.582556 -4.435270
v -43.311733 2.584570 -4.437860
v -43.312656 2.584081 -4.436485
v -43.314041 2.583374 -4.435577
v -45.145607 2.589433 -4.439375
v -45.142601 2.586323 -4.435182
v -45.145378 2.589169 -4.437752
v -45.144726 2.588485 -4.436382
v -45.143749 2.587485 -4.435483
v -42.924000 0.701126 -2.255294
v -42.919746 0.696656 -2.254113
v -42.923679 0.699467 -2.254583
v -42.922756 0.698034 -2.254108
v -42.921375 0.697046 -2.253942
v -42.922737 2.579150 -4.045734
v -42.918476 2.581381 -4.049946
v -42.922413 2.580004 -4.047348
v -42.921490 2.580728 -4.048715
v -42.920105 2.581211 -4.049625
v -42.918533 2.539917 -2.213715
v -42.922737 2.537129 -2.215952
v -42.920143 2.539755 -2.213628
v -42.921505 2.539167 -2.214024
v -42.922417 2.538245 -2.214839
v -45.151028 0.355546 -4.100525
v -45.149281 0.359699 -4.096067
v -45.151012 0.357168 -4.100124
v -45.150677 0.358526 -4.099136
v -45.150066 0.359415 -4.097712
v -43.306702 0.309850 -2.263386
v -43.311790 0.314093 -2.265786
v -43.307343 0.311457 -2.263654
v -43.308537 0.312829 -2.264204
v -43.310097 0.313754 -2.264952
v -45.150055 0.312155 -2.263427
v -45.148399 0.316419 -2.266616
v -45.150345 0.313766 -2.263726
v -45.150135 0.315141 -2.264436
v -45.149452 0.316074 -2.265451
v -43.316929 0.751143 -4.523159
v -43.312668 0.755391 -4.523067
v -43.315300 0.751462 -4.523153
v -43.313915 0.752381 -4.523132
v -43.312992 0.753760 -4.523104
v -43.313164 4.417303 -4.442845
v -43.310150 4.416050 -4.442873
v -43.312008 4.418128 -4.442826
v -43.310379 4.417450 -4.442842
v -42.868431 0.651697 -0.441309
v -42.868423 0.654739 -0.439758
v -42.868427 0.651896 -0.439801
v -42.868423 0.652543 -0.438977
v -42.873714 4.420351 -4.009655
v -42.873707 4.421515 -4.006632
v -42.873711 4.422457 -4.008732
v -43.307571 0.309662 -4.097252
v -43.311848 0.309752 -4.101513
v -43.307899 0.309695 -4.098881
v -43.308830 0.309722 -4.100264
v -43.310219 0.309742 -4.101189
v -46.983936 0.319073 -4.100376
v -46.982624 0.319125 -4.103395
v -46.984806 0.319116 -4.102510
v -46.976810 0.760451 -4.522943
v -46.978054 0.763471 -4.522877
v -46.978210 0.760685 -4.522938
v -46.978882 0.762321 -4.522902
v -42.876244 0.742350 -4.090240
v -42.876240 0.737989 -4.086075
v -42.876247 0.740714 -4.089952
v -42.876244 0.739311 -4.089058
v -42.876244 0.738355 -4.087696
v -43.295509 0.240543 -0.424034
v -43.292133 0.240552 -0.424996
v -43.294212 0.240520 -0.423069
v -43.292385 0.240526 -0.423590
v -44.323456 0.369453 -2.947200
v -44.321877 0.365640 -2.949140
v -44.322453 0.369178 -2.948353
v -44.321800 0.368355 -2.949126
v -44.321598 0.367114 -2.949403
v -45.056931 0.379408 -2.992912
v -45.058823 0.375412 -2.990913
v -45.057961 0.379090 -2.991755
v -45.058681 0.378219 -2.990968
v -45.058983 0.376927 -2.990673
v -44.751316 0.383963 -3.340302
v -44.749744 0.380146 -3.342231
v -44.750313 0.383686 -3.341451
v -44.749664 0.382862 -3.342221
v -44.749466 0.381618 -3.342494
v -44.629055 0.364900 -2.599832
v -44.630947 0.360902 -2.597830
v -44.630085 0.364583 -2.598674
v -44.630806 0.363711 -2.597886
v -44.631107 0.362421 -2.597590
v -44.265011 0.350510 -2.179244
v -44.266926 0.346510 -2.177217
v -44.266048 0.350192 -2.178075
v -44.266777 0.349319 -2.177280
v -44.267086 0.348026 -2.176978
v -43.959064 0.355072 -2.527009
v -43.957458 0.351254 -2.528977
v -43.958050 0.354795 -2.528173
v -43.957390 0.353971 -2.528956
v -43.957180 0.352726 -2.529238
v -43.663189 0.341193 -2.093230
v -43.661591 0.337366 -2.095320
v -43.662182 0.340916 -2.094451
v -43.661526 0.340091 -2.095278
v -43.661316 0.338845 -2.095583
v -43.962749 0.336258 -1.732839
v -43.964622 0.332244 -1.730630
v -43.963776 0.335938 -1.731610
v -43.964489 0.335062 -1.730758
v -43.964787 0.333766 -1.730414
v -43.300266 0.308328 -0.891036
v -43.294788 0.303923 -0.879472
v -43.298546 0.307911 -0.887415
v -43.296902 0.306931 -0.883946
v -43.295582 0.305530 -0.881157
v -43.412678 0.326807 -1.614954
v -43.411747 0.322931 -1.618959
v -43.412170 0.326552 -1.617233
v -43.411816 0.325729 -1.618795
v -43.411667 0.324456 -1.619401
v -43.559986 0.312883 -0.950484
v -43.560135 0.308692 -0.944402
v -43.560432 0.312524 -0.948051
v -43.560619 0.311602 -0.946041
v -43.560516 0.310255 -0.944760
v -45.544319 0.393484 -3.337554
v -45.546364 0.389491 -3.335625
v -45.545406 0.393167 -3.336423
v -45.546177 0.392296 -3.335660
v -45.546513 0.391006 -3.335380
v -45.221210 0.397679 -3.678695
v -45.219498 0.393848 -3.680541
v -45.220154 0.397399 -3.679813
v -45.219456 0.396574 -3.680557
v -45.219223 0.395327 -3.680812
v -46.606800 0.424687 -4.110673
v -46.615879 0.420743 -4.114685
v -46.610218 0.424449 -4.112224
v -46.613144 0.423615 -4.113533
v -46.615131 0.422315 -4.114396
v -46.492073 0.415942 -3.800780
v -46.497574 0.412027 -3.800470
v -46.494484 0.415657 -3.800269
v -46.496376 0.414811 -3.800030
v -46.497459 0.413536 -3.800101
v -45.758293 0.411343 -3.980561
v -45.753464 0.407413 -3.980716
v -45.756042 0.411029 -3.981033
v -45.754333 0.410172 -3.981230
v -45.753429 0.408905 -3.981118
v -44.357193 0.261151 -2.912895
v -44.361374 0.257257 -2.908288
v -44.357910 0.259676 -2.912135
v -44.358955 0.258416 -2.910993
v -44.360172 0.257567 -2.909642
v -45.032803 0.272103 -3.024375
v -45.028919 0.268193 -3.028940
v -45.032204 0.270595 -3.025115
v -45.031254 0.269320 -3.026242
v -45.030102 0.268477 -3.027586
v -44.785057 0.275664 -3.305989
v -44.789234 0.271766 -3.301385
v -44.785774 0.274187 -3.305228
v -44.786819 0.272926 -3.304086
v -44.788033 0.272075 -3.302737
v -44.604931 0.257596 -2.631292
v -44.601044 0.253685 -2.635861
v -44.604332 0.256086 -2.632032
v -44.603378 0.254814 -2.633160
v -44.602226 0.253971 -2.634505
v -44.240910 0.243212 -2.210675
v -44.236996 0.239295 -2.215275
v -44.240307 0.241698 -2.211419
v -44.239349 0.240425 -2.212554
v -44.238190 0.239581 -2.213908
v -43.992775 0.246769 -2.492735
v -43.996975 0.242873 -2.488104
v -43.993492 0.245291 -2.491972
v -43.994545 0.244033 -2.490825
v -43.995766 0.243183 -2.489466
v -43.695885 0.233776 -2.058512
v -43.700005 0.229872 -2.053678
v -43.696587 0.232297 -2.057724
v -43.697617 0.231036 -2.056529
v -43.698818 0.230184 -2.055108
v -43.938629 0.229846 -1.763004
v -43.934746 0.225924 -1.767760
v -43.938023 0.228331 -1.763751
v -43.937073 0.227053 -1.764917
v -43.935921 0.226207 -1.766325
v -43.276588 0.242720 -0.840672
v -43.279728 0.238384 -0.847126
v -43.276451 0.241116 -0.840355
v -43.276997 0.239729 -0.841471
v -43.278149 0.238770 -0.843848
v -43.421997 0.240641 -1.568963
v -43.423660 0.236584 -1.560049
v -43.422272 0.239130 -1.567556
v -43.422688 0.237829 -1.565367
v -43.423172 0.236934 -1.562731
v -43.534668 0.227554 -0.951249
v -43.532150 0.223667 -0.958515
v -43.534088 0.226022 -0.951906
v -43.533405 0.224744 -0.953518
v -43.532726 0.223918 -0.955839
v -45.520348 0.286181 -3.369086
v -45.516266 0.282268 -3.373560
v -45.519730 0.284673 -3.369819
v -45.518738 0.283399 -3.370927
v -45.517525 0.282556 -3.372241
v -45.254803 0.289388 -3.644307
v -45.259167 0.285483 -3.639799
v -45.255535 0.287906 -3.643553
v -45.256622 0.286644 -3.642431
v -45.257896 0.285792 -3.641113
v -46.620464 0.317350 -4.113345
v -46.610271 0.312946 -4.108548
v -46.619747 0.315740 -4.112963
v -46.617558 0.314336 -4.111917
v -46.614231 0.313355 -4.110367
v -46.471558 0.308724 -3.833929
v -46.463177 0.304707 -3.836381
v -46.470615 0.307206 -3.834508
v -46.468689 0.305909 -3.835177
v -46.466076 0.305030 -3.835836
v -45.788757 0.302989 -3.944495
v -45.796967 0.299162 -3.942055
v -45.789783 0.301507 -3.943897
v -45.791706 0.300260 -3.943223
v -45.794228 0.299438 -3.942576
v -47.170895 0.375827 -4.118498
v -47.170433 0.375861 -4.120173
v -47.172066 0.375856 -4.119155
v -43.284710 0.262120 -0.389713
v -43.282772 0.262182 -0.389957
v -43.283962 0.262112 -0.388452
v -43.282913 0.262145 -0.388584
v -43.291199 0.284502 -1.339795
v -43.288589 0.284411 -1.328504
v -43.290211 0.284510 -1.337342
v -43.289368 0.284498 -1.334335
v -43.288799 0.284462 -1.331232
v -42.895847 1.849574 -3.028423
v -42.891712 1.848143 -3.029723
v -42.895359 1.848481 -3.029413
v -42.894402 1.847828 -3.030007
v -42.893120 1.847708 -3.030116
v -42.954357 1.790110 -2.298207
v -42.950787 1.792544 -2.296004
v -42.954258 1.791280 -2.297148
v -42.953545 1.792154 -2.296358
v -42.952324 1.792597 -2.295956
v -42.893860 1.450150 -2.606217
v -42.889725 1.448727 -2.607510
v -42.893372 1.449061 -2.607204
v -42.892414 1.448408 -2.607796
v -42.891132 1.448292 -2.607903
v -42.956341 2.189512 -2.720432
v -42.952770 2.191949 -2.718227
v -42.956245 2.190683 -2.719372
v -42.955532 2.191557 -2.718580
v -42.954311 2.192002 -2.718178
v -42.966518 2.615081 -3.078786
v -42.962948 2.617543 -3.076558
v -42.966423 2.616262 -3.077717
v -42.965714 2.617143 -3.076918
v -42.964493 2.617594 -3.076511
v -42.905960 2.274755 -3.387128
v -42.901810 2.273298 -3.388452
v -42.905464 2.273653 -3.388128
v -42.904503 2.272988 -3.388731
v -42.903221 2.272864 -3.388844
v -42.923294 2.712154 -3.677439
v -42.919113 2.710548 -3.678729
v -42.922794 2.710991 -3.678428
v -42.921825 2.710278 -3.679020
v -42.920532 2.710122 -3.679125
v -42.984554 3.065170 -3.375329
v -42.980991 3.067785 -3.373132
v -42.984463 3.066409 -3.374271
v -42.983757 3.067341 -3.373483
v -42.982533 3.067824 -3.373084
v -43.010681 3.915672 -4.026681
v -43.007126 3.925201 -4.030325
v -43.010571 3.919150 -4.028227
v -43.009853 3.922182 -4.029462
v -43.008644 3.924307 -4.030200
v -42.948914 3.192982 -3.922101
v -42.944542 3.188397 -3.921961
v -42.948349 3.190676 -3.922545
v -42.947319 3.188995 -3.922677
v -42.945984 3.188194 -3.922470
v -43.027138 3.851556 -3.768559
v -43.023735 3.857144 -3.767782
v -43.027111 3.853931 -3.768044
v -43.026455 3.855829 -3.767716
v -43.025269 3.856956 -3.767623
v -42.962257 1.437788 -1.816202
v -42.958694 1.440150 -1.813846
v -42.962166 1.438928 -1.815085
v -42.961452 1.439779 -1.814245
v -42.960236 1.440207 -1.813810
v -42.900875 1.104381 -2.141574
v -42.896729 1.103044 -2.143008
v -42.900383 1.103323 -2.142616
v -42.899422 1.102697 -2.143254
v -42.898140 1.102600 -2.143391
v -42.977333 0.648025 -0.765679
v -42.973610 0.644363 -0.756361
v -42.977161 0.646454 -0.762267
v -42.976395 0.645206 -0.759296
v -42.975147 0.644472 -0.757224
v -42.998024 0.958666 -0.876795
v -42.994591 0.959351 -0.871014
v -42.997982 0.959165 -0.874367
v -42.997314 0.959471 -0.872416
v -42.996124 0.959538 -0.871238
v -42.917263 0.793688 -1.609625
v -42.912994 0.794096 -1.614141
v -42.916733 0.793296 -1.611849
v -42.915733 0.793235 -1.613488
v -42.914421 0.793514 -1.614294
v -42.795345 1.896137 -2.986319
v -42.792355 1.901124 -2.981805
v -42.794025 1.897061 -2.985483
v -42.792995 1.898333 -2.984332
v -42.792408 1.899758 -2.983040
v -42.842525 1.772301 -2.314425
v -42.837811 1.768312 -2.318041
v -42.840897 1.771760 -2.314917
v -42.839428 1.770812 -2.315777
v -42.838345 1.769601 -2.316874
v -42.793358 1.496723 -2.564105
v -42.790367 1.501701 -2.559598
v -42.792038 1.497645 -2.563271
v -42.791008 1.498914 -2.562121
v -42.790417 1.500340 -2.560832
v -42.844509 2.171706 -2.736648
v -42.839794 2.167718 -2.740266
v -42.842880 2.171165 -2.737139
v -42.841412 2.170217 -2.738000
v -42.840328 2.169006 -2.739098
v -42.854698 2.597302 -3.094977
v -42.849976 2.593285 -3.098619
v -42.853065 2.596758 -3.095471
v -42.851597 2.595803 -3.096336
v -42.850510 2.594585 -3.097442
v -42.805458 2.321282 -3.345056
v -42.802464 2.326304 -3.340509
v -42.804138 2.322210 -3.344217
v -42.803104 2.323491 -3.343058
v -42.802517 2.324928 -3.341756
v -42.822800 2.758517 -3.635346
v -42.819801 2.763736 -3.630837
v -42.821472 2.759462 -3.634509
v -42.820435 2.760787 -3.633357
v -42.819847 2.762287 -3.632068
v -42.872753 3.047546 -3.391551
v -42.868008 3.043343 -3.395145
v -42.871117 3.046988 -3.392043
v -42.869644 3.045992 -3.392896
v -42.868549 3.044714 -3.393986
v -42.905273 3.938975 -4.017929
v -42.900566 3.928893 -4.012527
v -42.903660 3.938379 -4.017365
v -42.902199 3.936252 -4.016140
v -42.901112 3.932921 -4.014441
v -42.848270 3.236346 -3.878601
v -42.845467 3.245356 -3.875888
v -42.846951 3.237583 -3.877896
v -42.845955 3.239731 -3.877131
v -42.845432 3.242460 -3.876427
v -42.915508 3.836905 -3.786197
v -42.910549 3.828941 -3.787988
v -42.913857 3.836061 -3.786551
v -42.912334 3.834250 -3.787015
v -42.911171 3.831749 -3.787519
v -42.850433 1.419907 -1.832267
v -42.845711 1.416014 -1.836075
v -42.848804 1.419373 -1.832772
v -42.847336 1.418446 -1.833674
v -42.846249 1.417266 -1.834833
v -42.800377 1.151030 -2.099610
v -42.797382 1.155908 -2.094919
v -42.799053 1.151946 -2.098760
v -42.798019 1.153196 -2.097570
v -42.797432 1.154586 -2.096222
v -42.871784 0.658130 -0.743966
v -42.867256 0.663604 -0.753756
v -42.870182 0.658716 -0.744557
v -42.868755 0.659964 -0.746625
v -42.867729 0.661678 -0.749854
v -42.886337 0.939110 -0.889434
v -42.881443 0.937309 -0.897506
v -42.884697 0.938735 -0.890264
v -42.883186 0.938262 -0.892091
v -42.882046 0.937760 -0.894633
v -42.816677 0.842067 -1.570759
v -42.813793 0.844810 -1.562258
v -42.815361 0.842825 -1.569617
v -42.814346 0.843610 -1.567600
v -42.813797 0.844309 -1.565017
v -42.969730 0.636262 -0.199588
v -42.969524 0.634604 -0.200067
v -42.969742 0.635035 -0.198116
v -43.000862 4.394794 -4.033206
v -43.000664 4.394286 -4.034925
v -43.000916 4.395947 -4.033895
v -43.275223 0.211111 -0.410770
v -43.276001 0.211453 -0.412195
v -46.982800 0.760476 -4.569321
v -43.309181 4.423038 -4.489104
v -42.827335 4.426395 -4.010531
vn 0.0811 -0.0773 0.9937
vn -0.0000 -0.0235 0.9997
vn 0.0778 -0.0819 0.9936
vn 0.7119 -0.5982 -0.3679
vn 0.6457 -0.6106 -0.4586
vn 0.6820 -0.5706 -0.4574
vn -0.0679 0.0419 0.9968
vn -0.6124 0.7485 -0.2544
vn -0.5521 0.7585 -0.3462
vn -0.5707 0.7820 -0.2507
vn 0.0576 -0.1023 0.9931
vn 0.0619 -0.0986 0.9932
vn 0.7466 -0.5558 -0.3656
vn 0.7155 -0.5301 -0.4551
vn -0.7719 0.5802 -0.2598
vn -0.7902 0.5013 -0.3525
vn -0.7461 0.5634 -0.3549
vn -0.6928 0.6729 -0.2593
vn -0.6303 0.6917 -0.3525
vn -0.6520 0.7133 -0.2571
vn 0.0655 -0.0944 0.9934
vn 0.0696 -0.0903 0.9935
vn -0.0642 0.0458 0.9969
vn -0.5058 0.7924 -0.3409
vn -0.5222 0.8164 -0.2464
vn 0.4645 -0.8105 -0.3568
vn 0.4907 -0.7458 -0.4505
vn 0.5117 -0.7793 -0.3617
vn 0.5564 -0.7462 -0.3654
vn 0.5720 -0.6811 -0.4570
vn 0.5968 -0.7131 -0.3678
vn -0.4540 0.8260 -0.3341
vn -0.4680 0.8504 -0.2404
vn -0.4126 0.8499 -0.3279
vn -0.4248 0.8744 -0.2346
vn 0.3871 -0.8530 -0.3500
vn 0.4030 -0.8030 -0.4390
vn 0.4197 -0.8367 -0.3518
vn 0.0532 -0.1063 0.9929
vn -0.3931 0.8603 -0.3247
vn -0.4047 0.8843 -0.2328
vn -0.4297 0.8403 -0.3304
vn -0.5218 0.8502 -0.0694
vn 0.1775 -0.9393 -0.2938
vn 0.3723 -0.8204 -0.4340
vn 0.0442 -0.1148 0.9924
vn 0.0486 -0.1104 0.9927
vn 0.7785 -0.5125 -0.3624
vn 0.7466 -0.4886 -0.4515
vn 0.8060 -0.4709 -0.3586
vn 0.7737 -0.4489 -0.4471
vn -0.8540 0.4529 -0.2559
vn -0.8434 0.4112 -0.3459
vn -0.8267 0.4418 -0.3486
vn -0.0720 0.0378 0.9967
vn 0.8230 -0.4411 -0.3580
vn 0.7914 -0.4209 -0.4434
vn 0.9270 -0.2174 -0.3056
vn 0.8909 -0.2149 -0.4002
vn -0.8704 0.4211 -0.2552
vn -0.8254 0.4440 -0.3487
vn -0.0794 0.0267 0.9965
vn 0.6176 -0.5818 -0.5293
vn 0.6522 -0.5435 -0.5285
vn -0.0000 0.0235 -0.9997
vn 0.0486 -0.0431 -0.9979
vn -0.5921 0.7260 -0.3498
vn -0.5312 0.7322 -0.4263
vn -0.0452 0.0927 -0.9947
vn -0.0414 0.0968 -0.9944
vn 0.6843 -0.5049 -0.5261
vn 0.7144 -0.4656 -0.5224
vn -0.6696 0.6527 -0.3544
vn -0.6807 0.5891 -0.4355
vn -0.6436 0.6295 -0.4353
vn -0.6058 0.6673 -0.4332
vn -0.7079 0.6104 -0.3552
vn -0.7175 0.5438 -0.4353
vn 0.6086 -0.6477 -0.4584
vn 0.5333 -0.7135 -0.4545
vn 0.5473 -0.6495 -0.5278
vn 0.5107 -0.6809 -0.5249
vn -0.4371 0.7984 -0.4141
vn -0.0493 0.0900 -0.9947
vn 0.4459 -0.7765 -0.4452
vn 0.4701 -0.7120 -0.5215
vn 0.4276 -0.7420 -0.5164
vn -0.3794 0.8332 -0.4022
vn -0.0001 0.0235 -0.9997
vn -0.0387 0.1008 -0.9942
vn 0.3871 -0.7681 -0.5100
vn 0.1809 -0.9036 -0.3882
vn 0.3584 -0.7861 -0.5035
vn -0.5714 0.6371 -0.5172
vn 0.0651 -0.0256 -0.9975
vn -0.7604 0.4841 -0.4329
vn -0.7970 0.4271 -0.4270
vn 0.7407 -0.4284 -0.5175
vn 0.7582 -0.4019 -0.5134
vn 0.0727 -0.0189 -0.9972
vn 0.0689 -0.0221 -0.9974
vn -0.8143 0.3984 -0.4222
vn -0.7826 0.4158 -0.4633
vn 0.8544 -0.2154 -0.4728
vn -0.7326 0.6290 -0.2601
vn 0.9978 -0.0191 0.0639
vn 0.9981 -0.0484 -0.0387
vn 0.9883 -0.0629 -0.1391
vn -0.0624 0.0765 -0.9951
vn -0.0657 0.0726 -0.9952
vn -0.5694 0.7005 -0.4301
vn -0.0590 0.0801 -0.9950
vn -0.0855 0.0225 0.9961
vn 0.0737 -0.0862 0.9936
vn -0.0738 0.0631 -0.9953
vn -0.0067 -0.9990 0.0452
vn -0.2794 -0.9490 0.1464
vn 0.0272 -0.9980 -0.0576
vn 0.0056 -0.9974 0.0721
vn 0.0459 -0.9864 -0.1578
vn 0.0447 -0.0462 -0.9979
vn 0.6354 -0.6786 -0.3684
vn 0.0622 -0.0294 -0.9976
vn 0.5822 -0.6175 -0.5288
vn 0.0961 -0.0235 0.9951
vn -0.0896 0.0200 0.9958
vn 0.1067 -0.0528 0.9929
vn 0.0903 -0.0718 0.9933
vn 0.0901 -0.0032 -0.9959
vn 0.0754 -0.0171 -0.9970
vn -0.0791 0.0617 -0.9950
vn 0.0953 0.0168 -0.9953
vn 0.0001 -0.0235 0.9997
vn 0.0424 -0.1199 0.9919
vn -0.0568 0.0530 0.9970
vn -0.4866 0.7650 -0.4219
vn 0.0356 -0.0578 -0.9977
vn -0.0001 0.0236 -0.9997
vn -0.0606 0.0495 0.9969
vn -0.0523 0.0566 0.9970
vn -0.0558 0.0837 -0.9949
vn -0.8173 0.5153 -0.2580
vn -0.0683 0.9919 -0.1075
vn 0.0025 0.9998 0.0219
vn -0.0956 0.9952 0.0218
vn -0.0690 0.0670 -0.9954
vn 0.0001 -0.0236 0.9997
vn 0.0256 -0.1336 0.9907
vn -0.0425 0.0683 0.9968
vn -0.0022 -0.1190 0.9929
vn -0.0375 0.1038 -0.9939
vn 0.0044 -0.0714 -0.9974
vn -0.0328 0.0082 -0.9994
vn 0.0231 -0.0686 -0.9974
vn 0.9457 0.2507 0.2070
vn 0.8931 0.0774 0.4431
vn 0.0863 -0.0736 0.9936
vn 0.9781 0.1514 -0.1425
vn 0.0375 -0.0541 -0.9978
vn 0.6743 -0.6403 -0.3679
vn -0.0525 0.0867 -0.9949
vn 0.0407 -0.0497 -0.9979
vn -0.0478 0.0613 0.9970
vn -0.3977 0.8225 -0.4067
vn 0.1859 -0.8671 -0.4622
vn 0.0521 -0.0397 -0.9979
vn 0.0552 -0.0364 -0.9978
vn 0.0587 -0.0331 -0.9977
vn -0.0753 0.0329 0.9966
vn -0.0440 0.0651 0.9969
vn 0.0103 -0.9999 -0.0079
vn -0.0049 -0.9999 -0.0114
vn 0.0002 -0.9999 -0.0126
vn -0.9550 -0.2965 0.0022
vn -0.9135 -0.3982 -0.0833
vn -0.9793 -0.2026 0.0003
vn -0.8477 -0.5236 -0.0857
vn -0.9584 -0.2855 -0.0051
vn -0.0971 -0.9926 0.0730
vn -0.0013 -0.9997 -0.0236
vn -0.0012 -0.9973 0.0739
vn 0.9998 -0.0180 0.0012
vn 1.0000 -0.0010 -0.0040
vn 0.9931 -0.0782 -0.0869
vn 0.0547 0.9973 -0.0497
vn 0.0025 0.9966 -0.0824
vn -0.0000 -0.0219 0.9998
vn 0.1592 -0.1246 0.9794
vn 0.0982 -0.0218 0.9949
vn 0.0691 -0.9932 -0.0941
vn 0.0768 -0.9970 0.0066
vn -0.0049 0.0095 -0.9999
vn 0.0003 0.0216 -0.9998
vn -0.0000 0.0216 -0.9998
vn 0.1413 0.9899 -0.0147
vn 0.0429 0.9988 0.0236
vn 0.0501 0.9973 -0.0541
vn -0.0983 0.0219 -0.9949
vn 0.0697 -0.0481 -0.9964
vn -0.0307 -0.0519 -0.9982
vn 0.0976 0.9880 0.1194
vn 0.1401 0.9899 0.0226
vn -0.0000 0.0218 -0.9998
vn -0.1857 0.2062 -0.9607
vn 1.0000 -0.0023 0.0006
vn 0.9951 0.0696 0.0708
vn 0.9861 -0.0864 0.1419
vn 1.0000 -0.0057 -0.0025
vn 0.7297 -0.6630 0.1675
vn 0.7061 -0.7079 -0.0155
vn 0.7612 -0.6483 -0.0142
vn -0.9945 0.0029 -0.1046
vn -0.9952 0.0983 0.0022
vn -1.0000 0.0007 -0.0000
vn 0.0042 -0.9999 -0.0164
vn 0.1029 -0.9946 -0.0137
vn 0.0122 -0.9998 -0.0139
vn -0.1487 -0.9797 0.1346
vn -0.1844 -0.9824 -0.0291
vn -0.0215 0.0423 -0.9989
vn 0.0002 0.1129 -0.9936
vn 0.7038 -0.7038 -0.0961
vn 0.6462 -0.7630 -0.0167
vn -0.6066 0.5934 0.5290
vn -0.5117 0.5946 0.6202
vn -0.4569 0.7518 0.4755
vn 1.0000 0.0004 -0.0010
vn 0.9938 -0.1115 -0.0045
vn 0.9866 -0.1130 -0.1175
vn -0.0030 -0.9999 -0.0128
vn -0.0036 -0.9970 0.0775
vn -0.0003 0.0219 -0.9998
vn -0.0927 0.0219 -0.9955
vn -0.0001 -0.0755 -0.9971
vn -0.1575 -0.0388 -0.9868
vn -0.0018 -0.9937 -0.1122
vn 0.1023 -0.0219 0.9945
vn 0.0001 0.0761 0.9971
vn 0.1248 0.0492 0.9910
vn -0.2314 -0.6348 -0.7372
vn -0.1685 -0.6778 -0.7157
vn -0.0807 -0.6834 -0.7255
vn 0.0012 -1.0000 -0.0087
vn 0.0136 -0.9829 0.1836
vn -0.0013 -0.8138 -0.5812
vn -0.0727 -0.7192 -0.6910
vn -0.0235 -0.0723 0.9971
vn 0.0975 0.0216 -0.9950
vn 0.0919 -0.0747 -0.9930
vn 0.9999 0.0030 -0.0112
vn 1.0000 -0.0048 -0.0039
vn 0.9954 0.0961 -0.0019
vn -0.0196 -0.9998 0.0041
vn 0.0648 0.1744 -0.9825
vn 0.0840 0.9962 0.0218
vn 0.0026 0.9971 -0.0765
vn -0.9854 -0.1521 0.0763
vn -0.9938 -0.0458 0.1014
vn 0.7326 0.1181 -0.6703
vn 0.6944 0.1956 -0.6925
vn 0.7016 0.1271 -0.7011
vn -0.6072 0.5010 0.6167
vn -0.7535 0.4531 0.4763
vn 0.6448 0.1715 -0.7449
vn 0.6670 0.1116 -0.7367
vn -0.0014 -0.1469 0.9892
vn -0.0982 -0.0291 0.9947
vn -0.0006 -0.0469 0.9989
vn 0.9955 0.0008 -0.0950
vn 1.0000 -0.0010 0.0041
vn 0.1351 0.9905 0.0237
vn 0.0010 0.9925 0.1225
vn 0.9902 0.1290 -0.0530
vn -0.4674 0.4489 0.7616
vn -0.5786 0.5643 0.5889
vn 0.0967 -0.9886 -0.1152
vn -0.9881 -0.1207 0.0953
vn 0.6613 0.0459 -0.7487
vn 0.8177 0.1958 -0.5414
vn 0.7036 0.0957 -0.7041
vn -0.9904 0.1001 -0.0952
vn -0.9952 0.0029 -0.0979
vn 0.7084 -0.6837 -0.1752
vn 0.7027 -0.7024 -0.1135
vn -0.3314 -0.4968 -0.8021
vn -0.0698 -0.6875 -0.7228
vn 0.0971 0.0749 0.9924
vn 0.1578 -0.7517 -0.6404
vn 0.0098 0.0263 -0.9996
vn 0.0848 -0.0631 -0.9944
vn -0.9904 -0.0496 -0.1290
vn -0.9968 -0.0803 -0.0017
vn -0.9870 -0.0116 -0.1605
vn -0.0947 0.9927 -0.0752
vn 0.9995 0.0225 0.0219
vn 0.9905 0.0954 0.0990
vn 1.0000 -0.0007 -0.0000
vn 0.9954 0.0960 0.0022
vn 0.9950 -0.0693 -0.0723
vn 0.9961 0.0335 -0.0819
vn -0.0753 -0.9971 -0.0132
vn -0.0039 -0.9998 -0.0186
vn -0.0931 -0.9954 -0.0235
vn -0.0159 -0.9954 -0.0945
vn -0.0973 -0.1257 0.9873
vn -0.0003 -0.1417 0.9899
vn 0.0002 0.1203 -0.9927
vn 0.0743 0.0526 -0.9958
vn -0.0967 0.1181 -0.9883
vn -0.0000 0.0219 -0.9998
vn 0.9952 -0.0028 0.0976
vn 0.9952 -0.0028 0.0977
vn 0.9967 -0.0753 0.0291
vn 0.2030 0.9742 -0.0989
vn 0.0795 -0.9921 -0.0974
vn 0.0392 -0.1530 0.9874
vn 0.1900 -0.0299 0.9813
vn 0.2150 -0.1801 0.9599
vn 0.0644 0.9962 -0.0593
vn 0.0121 0.9996 0.0237
vn 0.0684 0.9961 -0.0549
vn 0.5863 -0.3431 -0.7339
vn 0.6010 -0.4356 -0.6702
vn 0.5602 -0.4341 -0.7055
vn -0.0515 0.9944 0.0928
vn -0.7314 -0.2783 0.6225
vn -0.7418 -0.3684 0.5604
vn -0.7657 -0.2748 0.5816
vn 0.0894 0.9954 -0.0357
vn 0.0847 0.9956 -0.0390
vn 0.5431 -0.3402 -0.7677
vn 0.5189 -0.4314 -0.7380
vn -0.5594 -0.2855 0.7782
vn -0.4792 -0.3773 0.7925
vn -0.5422 -0.3794 0.7497
vn -0.6540 -0.2836 0.7013
vn -0.6732 -0.3759 0.6368
vn -0.6953 -0.2813 0.6614
vn 0.0810 0.9958 -0.0429
vn 0.0768 0.9959 -0.0468
vn -0.0558 0.9944 0.0892
vn -0.7770 -0.3623 0.5148
vn -0.8015 -0.2691 0.5341
vn 0.8042 -0.3342 -0.4915
vn 0.7396 -0.4296 -0.5182
vn 0.7720 -0.3390 -0.5377
vn 0.7377 -0.3430 -0.5815
vn 0.6732 -0.4350 -0.5981
vn 0.7036 -0.3443 -0.6216
vn -0.8135 -0.3507 0.4639
vn -0.8377 -0.2588 0.4810
vn -0.8425 -0.3321 0.4241
vn -0.8652 -0.2407 0.4398
vn 0.8653 -0.2667 -0.4244
vn 0.8023 -0.4063 -0.4373
vn 0.8350 -0.3176 -0.4494
vn 0.0929 0.9952 -0.0310
vn -0.8600 -0.3061 0.4082
vn -0.8800 -0.2167 0.4227
vn -0.8854 -0.1001 0.4540
vn -0.8589 -0.2376 0.4536
vn 0.9104 -0.1418 -0.3888
vn 0.8346 -0.3578 -0.4189
vn 0.1029 0.9944 -0.0230
vn 0.0978 0.9948 -0.0268
vn 0.4988 -0.3373 -0.7984
vn 0.4767 -0.4275 -0.7681
vn 0.4566 -0.3341 -0.8246
vn 0.4364 -0.4229 -0.7942
vn -0.4305 -0.2812 0.8577
vn -0.3880 -0.3710 0.8437
vn -0.4189 -0.3736 0.8276
vn -0.0476 0.9941 0.0971
vn 0.4264 -0.3323 -0.8412
vn 0.4079 -0.4192 -0.8111
vn 0.1998 -0.2796 -0.9391
vn 0.1992 -0.3761 -0.9049
vn -0.3983 -0.2814 0.8730
vn -0.4218 -0.3727 0.8265
vn -0.0366 0.9939 0.1044
vn 0.5735 -0.5076 -0.6429
vn 0.5347 -0.5060 -0.6768
vn -0.0121 -0.9996 -0.0237
vn 0.0534 -0.9958 -0.0739
vn -0.7083 -0.3725 0.5996
vn -0.7147 -0.4486 0.5366
vn -0.0793 -0.9966 0.0244
vn -0.0015 -0.9999 -0.0157
vn -0.0752 -0.9968 0.0261
vn 0.4952 -0.5037 -0.7079
vn 0.4553 -0.4993 -0.7372
vn -0.6332 -0.3782 0.6753
vn -0.5684 -0.4589 0.6829
vn -0.6099 -0.4578 0.6469
vn -0.6484 -0.4555 0.6100
vn -0.5901 -0.3795 0.7126
vn -0.5222 -0.4594 0.7185
vn 0.6389 -0.4358 -0.6339
vn 0.7063 -0.4330 -0.5600
vn 0.6429 -0.5067 -0.5744
vn 0.6748 -0.5049 -0.5382
vn -0.7851 -0.4311 0.4446
vn -0.0774 -0.9966 0.0272
vn -0.0107 -0.9997 -0.0226
vn 0.7714 -0.4237 -0.4748
vn 0.7067 -0.5023 -0.4983
vn 0.7381 -0.4960 -0.4574
vn -0.8351 -0.3842 0.3936
vn 0.0245 -0.9997 -0.0089
vn -0.0611 -0.9977 0.0295
vn 0.7687 -0.4799 -0.4229
vn 0.8865 -0.2332 -0.3996
vn 0.8037 -0.4323 -0.4088
vn -0.7611 -0.4374 0.4789
vn 0.0357 -0.9953 -0.0902
vn -0.4618 -0.4566 0.7604
vn -0.4040 -0.4515 0.7956
vn 0.4171 -0.4951 -0.7622
vn 0.3907 -0.4892 -0.7797
vn 0.0285 -0.9949 -0.0969
vn 0.0319 -0.9951 -0.0933
vn -0.3750 -0.4465 0.8124
vn -0.3924 -0.4867 0.7805
vn 0.2013 -0.4504 -0.8699
vn -0.6092 -0.2852 0.7399
vn -0.0042 0.0883 -0.9961
vn 0.0262 -0.0142 -0.9996
vn 0.0421 -0.1146 -0.9925
vn -0.0638 -0.9972 0.0400
vn -0.0591 -0.9974 0.0423
vn -0.6825 -0.4519 0.5744
vn -0.0673 -0.9971 0.0365
vn -0.0319 0.9934 0.1102
vn 0.0729 0.9960 -0.0513
vn -0.0503 -0.9974 0.0516
vn 0.8714 0.4882 0.0478
vn 0.9584 0.2854 0.0007
vn 0.9289 0.3703 0.0072
vn 0.9213 0.3854 0.0521
vn 0.9825 0.1862 -0.0066
vn 0.0581 -0.9959 -0.0691
vn 0.6683 -0.3447 -0.6592
vn 0.0392 -0.9955 -0.0867
vn 0.6099 -0.5077 -0.6084
vn 0.0099 0.9973 -0.0726
vn -0.0297 0.9929 0.1151
vn 0.0389 0.9958 -0.0834
vn 0.0585 0.9960 -0.0680
vn 0.0127 -0.9933 -0.1146
vn 0.0270 -0.9946 -0.1006
vn -0.0484 -0.9973 0.0559
vn -0.0076 -0.9929 -0.1189
vn 0.1073 0.9940 -0.0209
vn -0.0631 0.9946 0.0820
vn -0.7492 -0.4422 0.4931
vn 0.1568 -0.9863 -0.0505
vn 0.0631 -0.9979 -0.0131
vn -0.0596 0.9945 0.0858
vn -0.0671 0.9947 0.0779
vn -0.0714 -0.9969 0.0338
vn -0.4936 -0.2839 0.8220
vn -0.9740 -0.1782 -0.1399
vn -0.9914 -0.0973 -0.0874
vn -0.9741 -0.1740 -0.1441
vn -0.0544 -0.9974 0.0468
vn 0.0121 0.9996 0.0236
vn 0.1473 0.9891 0.0018
vn -0.0796 0.9945 0.0687
vn 0.1004 0.9947 0.0235
vn -0.0349 -0.9991 0.0242
vn 0.1809 -0.9832 -0.0233
vn 0.0795 -0.9967 0.0173
vn 0.2422 -0.9685 -0.0571
vn -0.2736 0.2266 -0.9348
vn -0.1882 0.4607 -0.8674
vn 0.0601 0.9962 -0.0633
vn -0.1721 -0.1208 -0.9776
vn 0.1007 -0.9939 -0.0448
vn 0.6289 -0.3439 -0.6973
vn -0.0745 -0.9968 0.0305
vn 0.0703 -0.9959 -0.0577
vn 0.9873 0.1549 -0.0354
vn 0.9686 0.2474 -0.0256
vn -0.0710 0.9948 0.0730
vn -0.8135 -0.4156 0.4068
vn 0.9963 0.0794 -0.0327
vn 0.0497 -0.9958 -0.0768
vn 0.0467 -0.9957 -0.0804
vn 0.0427 -0.9956 -0.0832
vn -0.0423 0.9941 0.0998
vn -0.0763 0.9946 0.0701
vn 0.4725 -0.6766 -0.5647
vn 0.5574 -0.6018 -0.5720
vn 0.5572 -0.6378 -0.5318
vn -0.9993 -0.0289 -0.0230
vn 0.1455 0.6382 0.7560
vn 0.2413 0.5878 0.7722
vn 0.1440 0.5973 0.7890
vn -0.9741 -0.1549 -0.1650
vn -0.9741 -0.1585 -0.1610
vn 0.4712 -0.7109 -0.5221
vn 0.5554 -0.6711 -0.4911
vn 0.1459 0.7972 0.5859
vn 0.2413 0.8238 0.5130
vn 0.2439 0.7805 0.5757
vn 0.1473 0.7188 0.6795
vn 0.2444 0.6657 0.7050
vn 0.1468 0.6785 0.7198
vn -0.9744 -0.1615 -0.1566
vn -0.9741 -0.1671 -0.1526
vn -0.9993 -0.0332 -0.0189
vn 0.2384 0.5414 0.8063
vn 0.1413 0.5485 0.8241
vn 0.4516 -0.4327 -0.7803
vn 0.5432 -0.4492 -0.7094
vn 0.4587 -0.4790 -0.7485
vn 0.4645 -0.5229 -0.7147
vn 0.5533 -0.5291 -0.6434
vn 0.4686 -0.5632 -0.6806
vn 0.2344 0.4893 0.8400
vn 0.1384 0.4946 0.8581
vn 0.2307 0.4477 0.8639
vn 0.1357 0.4507 0.8823
vn 0.4392 -0.3564 -0.8247
vn 0.5270 -0.3634 -0.7683
vn 0.4447 -0.3885 -0.8070
vn -0.9741 -0.1500 -0.1691
vn 0.2288 0.4280 0.8744
vn 0.1354 0.4296 0.8928
vn 0.2323 0.4659 0.8538
vn -0.0366 0.5317 0.8461
vn 0.3700 -0.1537 -0.9162
vn 0.5202 -0.3333 -0.7863
vn -0.9737 -0.1417 -0.1784
vn -0.9739 -0.1463 -0.1734
vn 0.4678 -0.7432 -0.4784
vn 0.5522 -0.7022 -0.4495
vn 0.4654 -0.7694 -0.4374
vn 0.5478 -0.7293 -0.4098
vn 0.1415 0.8777 0.4579
vn 0.2355 0.8755 0.4220
vn 0.2378 0.8593 0.4529
vn -0.9993 -0.0260 -0.0265
vn 0.4639 -0.7869 -0.4069
vn 0.5441 -0.7471 -0.3819
vn 0.4065 -0.8945 -0.1860
vn 0.4974 -0.8491 -0.1779
vn 0.1425 0.8935 0.4258
vn 0.2427 0.8179 0.5217
vn -0.9991 -0.0184 -0.0382
vn 0.6233 -0.5665 -0.5391
vn 0.6224 -0.6018 -0.5005
vn 0.9914 0.0973 0.0874
vn 0.9987 0.0472 0.0210
vn 0.2432 0.6277 0.7395
vn 0.3250 0.5744 0.7513
vn 0.9775 0.1422 0.1558
vn 0.9774 0.1385 0.1597
vn 0.6208 -0.6334 -0.4619
vn 0.6176 -0.6634 -0.4224
vn 0.2451 0.7049 0.6657
vn 0.3291 0.7232 0.6072
vn 0.3288 0.6872 0.6478
vn 0.3284 0.6488 0.6865
vn 0.2449 0.7428 0.6231
vn 0.3275 0.7598 0.5616
vn 0.5560 -0.5651 -0.6095
vn 0.5491 -0.4910 -0.6763
vn 0.6193 -0.4973 -0.6075
vn 0.6158 -0.4612 -0.6388
vn 0.3172 0.4801 0.8179
vn 0.9774 0.1460 0.1526
vn 0.5356 -0.4052 -0.7409
vn 0.6097 -0.4218 -0.6711
vn 0.6020 -0.3798 -0.7024
vn 0.3092 0.4216 0.8525
vn 0.9772 0.1355 0.1637
vn 0.5932 -0.3410 -0.7292
vn 0.4616 -0.1478 -0.8747
vn 0.5855 -0.3131 -0.7477
vn 0.3501 0.4439 0.8249
vn 0.9987 0.0318 0.0391
vn 0.3251 0.8019 0.5014
vn 0.3198 0.8372 0.4436
vn 0.6133 -0.6896 -0.3851
vn 0.6089 -0.7073 -0.3590
vn 0.9986 0.0255 0.0460
vn 0.9987 0.0285 0.0429
vn 0.3156 0.8536 0.4145
vn 0.4254 0.6667 0.6120
vn 0.5663 -0.8056 -0.1740
vn 0.1470 0.7578 0.6357
vn 0.0342 -0.9994 -0.0108
vn 0.1380 -0.9899 -0.0335
vn 0.2371 -0.9706 -0.0417
vn 0.9774 0.1593 0.1391
vn 0.9776 0.1617 0.1349
vn 0.3271 0.6128 0.7194
vn 0.9773 0.1563 0.1427
vn -0.9991 -0.0111 -0.0421
vn -0.9741 -0.1704 -0.1487
vn 0.9771 0.1714 0.1262
vn 0.0195 -0.0038 -0.9998
vn -0.1071 0.2606 -0.9595
vn 0.1245 -0.0275 -0.9918
vn 0.2186 0.1719 -0.9606
vn 0.2245 -0.0363 -0.9738
vn 0.9985 0.0519 0.0177
vn 0.4711 -0.6015 -0.6452
vn 0.9987 0.0357 0.0359
vn 0.6215 -0.5327 -0.5745
vn -0.9776 -0.1922 -0.0859
vn -0.9990 -0.0064 -0.0443
vn -0.9721 -0.2046 -0.1151
vn -0.9733 -0.1866 -0.1338
vn 0.9981 0.0066 0.0614
vn 0.9986 0.0218 0.0477
vn 0.9766 0.1757 0.1241
vn 0.9967 0.0023 0.0817
vn -0.9733 -0.1396 -0.1822
vn -0.9992 -0.0393 -0.0115
vn 0.3220 0.5301 0.7844
vn 0.9981 0.0616 0.0068
vn 0.9914 0.0974 0.0875
vn -0.9992 -0.0362 -0.0149
vn -0.9990 -0.0443 -0.0082
vn 0.9774 0.1528 0.1464
vn 0.1439 0.8418 0.5202
vn 0.9774 0.1667 0.1299
vn -0.9914 -0.0974 -0.0874
vn -0.9729 -0.1224 -0.1963
vn -0.9985 -0.0540 0.0042
vn -0.9787 -0.0950 -0.1821
vn 0.9767 0.1355 0.1662
vn 0.9957 0.0921 -0.0072
vn 0.9890 0.1293 0.0714
vn 0.9973 0.0735 -0.0047
vn -0.1634 -0.9829 0.0843
vn -0.3617 -0.9304 0.0589
vn -0.9739 -0.1817 -0.1360
vn -0.0173 -0.9996 -0.0221
vn 0.9982 0.0596 0.0105
vn 0.4731 -0.6389 -0.6067
vn 0.9775 0.1489 0.1495
vn 0.9983 0.0560 0.0145
vn -0.9988 -0.0493 -0.0034
vn 0.3125 0.4403 0.8417
vn 0.5340 -0.1452 -0.8329
vn 0.9987 0.0453 0.0251
vn 0.9988 0.0414 0.0279
vn 0.9988 0.0385 0.0315
vn -0.9993 -0.0216 -0.0319
vn -0.9986 -0.0519 0.0010
vn -0.1178 -0.9106 0.3962
vn -0.1913 -0.6828 0.7051
vn -0.5506 -0.5593 0.6197
vn -0.0640 -0.8087 0.5847
vn -0.1668 -0.3988 0.9017
vn -0.3623 -0.6218 0.6943
vn -0.8194 -0.2431 0.5192
vn -0.2676 -0.4108 0.8716
vn -0.1942 0.2804 0.9400
vn -0.0571 -0.2736 0.9601
vn -0.0464 -0.0182 0.9988
vn -0.2433 0.3115 0.9186
vn -0.1626 -0.0251 0.9864
vn -0.0473 -0.5514 0.8329
vn -0.2213 -0.0214 0.9750
vn -0.5690 0.6812 0.4607
vn -0.4665 0.8660 0.1804
vn -0.6241 0.7294 0.2800
vn -0.6319 0.6527 0.4179
vn -0.4706 0.7308 0.4945
vn -0.3970 0.8539 0.3366
vn -0.5444 0.4013 0.7366
vn 0.6566 0.1432 0.7405
vn 0.7832 0.0262 0.6212
vn 0.5309 0.5025 0.6824
vn 0.6011 0.3025 0.7397
vn 0.3712 0.1257 0.9200
vn 0.5223 0.0119 0.8527
vn 0.3863 0.2219 0.8953
vn -0.8470 0.5237 -0.0909
vn -0.6974 0.5541 0.4546
vn -0.7442 0.6109 0.2702
vn -0.8684 0.4694 0.1600
vn -0.7496 0.4587 0.4772
vn -0.6684 0.6171 0.4152
vn -0.4181 0.5147 0.7485
vn 0.2474 0.0258 0.9686
vn -0.3031 0.1741 0.9369
vn -0.0048 0.0215 0.9998
vn -0.0010 0.1327 0.9911
vn -0.3324 0.2207 0.9170
vn 0.0007 0.1877 0.9822
vn -0.0782 -0.8525 -0.5168
vn 0.0149 -0.9688 -0.2474
vn -0.0422 -0.9968 0.0674
vn -0.1434 -0.8202 -0.5538
vn -0.0036 -0.8521 -0.5234
vn 0.0043 -0.6735 -0.7391
vn -0.1825 -0.5031 -0.8448
vn -0.3706 0.5612 -0.7401
vn -0.6911 0.5001 -0.5219
vn -0.3377 0.7052 -0.6234
vn -0.2353 0.3226 -0.9168
vn -0.5270 0.7166 -0.4569
vn -0.2964 0.2976 -0.9075
vn -0.2912 0.4207 -0.8592
vn -0.0264 -0.2976 -0.9543
vn -0.1377 0.2343 -0.9624
vn -0.1150 -0.0211 -0.9931
vn -0.2327 0.4784 -0.8468
vn -0.1403 -0.0293 -0.9897
vn 0.8735 0.0964 -0.4771
vn 0.8819 0.2978 -0.3654
vn 0.9783 -0.0288 -0.2053
vn 0.8728 -0.0033 -0.4880
vn 0.9878 0.1523 0.0330
vn 0.5265 0.1924 -0.8281
vn 0.6348 0.1098 -0.7648
vn -0.2096 0.1610 -0.9644
vn 0.3236 0.0409 -0.9453
vn 0.0161 0.0547 -0.9984
vn -0.4531 0.2558 -0.8540
vn 0.0467 0.1347 -0.9898
vn 0.6980 -0.0028 -0.7161
vn -0.2958 0.2585 -0.9196
vn 0.0514 0.1629 -0.9853
vn -0.5431 0.3668 -0.7553
vn -0.6825 0.3583 -0.6371
vn -0.7543 0.4481 -0.4798
vn -0.5009 0.3925 -0.7714
vn -0.2746 0.3189 -0.9071
vn -0.3435 0.9121 -0.2237
vn -0.1045 0.9453 -0.3090
vn -0.5967 0.6087 -0.5229
vn -0.3847 0.7287 -0.5666
vn -0.3307 0.5524 -0.7652
vn -0.8784 0.1061 -0.4660
vn -0.9058 0.3519 -0.2358
vn -0.9888 0.0746 -0.1295
vn -0.3244 0.3905 -0.8616
vn -0.6579 0.4010 -0.6375
vn -0.6530 0.1772 -0.7364
vn -0.2017 0.1938 -0.9601
vn -0.2380 0.1910 -0.9523
vn 0.7120 0.6431 -0.2819
vn 0.7508 0.5643 -0.3432
vn 0.7886 0.2715 -0.5517
vn 0.7473 0.1910 -0.6364
vn 0.2261 -0.9022 -0.3672
vn 0.7786 0.1355 -0.6127
vn 0.6071 -0.1939 -0.7706
vn 0.5386 -0.3067 -0.7847
vn 0.8835 0.2160 -0.4156
vn 0.7677 0.6332 0.0988
vn 0.8632 0.1324 -0.4872
vn -0.5153 -0.8164 -0.2606
vn -0.6137 -0.7722 -0.1648
vn -0.6238 -0.7663 -0.1540
vn 0.0139 0.8832 -0.4688
vn 0.1600 0.9594 -0.2323
vn 0.5057 -0.2517 -0.8252
vn 0.8107 -0.5853 0.0165
vn 0.7081 -0.6462 0.2846
vn 0.5679 0.2515 -0.7837
vn 0.5679 0.2516 -0.7837
vn -0.4874 0.7146 0.5018
vn -0.8537 -0.1763 -0.4900
vn -0.7919 -0.1804 -0.5834
vn -0.2159 -0.5025 -0.8372
vn -0.2160 -0.5024 -0.8372
vn -0.2171 -0.3251 -0.9204
vn -0.1678 -0.3322 -0.9282
vn 0.6684 -0.7418 -0.0545
vn 0.6071 -0.6107 -0.5084
vn 0.5654 -0.7836 -0.2576
vn -0.8895 0.4434 -0.1102
vn -0.8484 0.3380 -0.4073
vn -0.8393 0.3274 -0.4340
vn 0.3371 -0.7159 0.6114
vn 0.4287 -0.7138 0.5538
vn 0.2029 -0.5892 0.7821
vn 0.5052 -0.8417 0.1905
vn 0.4875 -0.7902 0.3714
vn 0.3495 -0.8967 0.2717
vn 0.4580 -0.7379 -0.4957
vn 0.4472 -0.6584 -0.6054
vn 0.7488 -0.4922 -0.4439
vn 0.7487 -0.4923 -0.4439
vn -0.2266 -0.6500 0.7254
vn -0.2266 -0.6499 0.7254
vn -0.1016 -0.7402 0.6646
vn 0.4935 0.8599 0.1303
vn 0.2396 0.8985 0.3677
vn 0.1243 0.9877 0.0952
vn 0.8442 0.5026 0.1865
vn 0.6361 0.6533 0.4105
vn 0.5261 0.5874 0.6149
vn 0.8128 0.1564 0.5611
vn 0.9475 0.2423 0.2086
vn 0.9800 0.1492 0.1320
vn 0.2390 0.3262 0.9146
vn 0.4944 0.0910 0.8645
vn 0.6356 0.3803 0.6718
vn 0.7955 0.4170 0.4396
vn 0.0330 -0.0760 0.9966
vn 0.1717 -0.1823 0.9681
vn 0.0200 -0.4254 -0.9048
vn 0.0200 -0.4253 -0.9048
vn 0.8126 -0.5455 0.2052
vn 0.8128 -0.5452 0.2053
vn 0.1192 -0.7892 -0.6025
vn -0.0654 -0.7224 -0.6884
vn -0.0617 0.4465 0.8927
vn -0.0582 0.4463 0.8930
vn 0.0281 0.4374 0.8988
vn -0.1057 -0.5255 0.8442
vn -0.3447 -0.2621 0.9014
vn -0.0726 -0.1602 0.9844
vn -0.1887 -0.8674 0.4605
vn -0.3883 -0.6546 0.6486
vn -0.5973 -0.5425 0.5907
vn -0.4337 -0.7986 0.4173
vn -0.6602 -0.6481 0.3795
vn -0.1911 -0.9678 0.1640
vn -0.4942 -0.8530 0.1680
vn -0.1831 -0.9599 0.2121
vn -0.9044 -0.2476 0.3475
vn -0.8549 -0.5085 0.1034
vn -0.5890 -0.7942 -0.1494
vn -0.7228 -0.6318 -0.2799
vn -0.8478 -0.5288 -0.0405
vn -0.1265 -0.9573 -0.2599
vn -0.4763 -0.8372 -0.2687
vn -0.5743 -0.6113 -0.5445
vn 0.4766 0.8739 0.0957
vn 0.4767 0.8739 0.0957
vn 0.6252 -0.0271 -0.7800
vn 0.6865 -0.1980 -0.6996
vn 0.1156 -0.7193 -0.6850
vn 0.1157 -0.7192 -0.6851
vn -0.7875 -0.4436 0.4280
vn -0.7875 -0.4435 0.4280
vn -0.7874 -0.4436 0.4280
vn -0.2171 0.4695 -0.8558
vn 0.3853 0.1413 -0.9119
vn -0.2433 0.6116 -0.7528
vn 0.2075 0.3552 -0.9115
vn 0.7167 0.0984 -0.6904
vn 0.1211 0.4489 -0.8853
vn 0.3948 0.2334 -0.8886
vn -0.2983 0.8968 0.3268
vn -0.5775 0.7925 0.1960
vn -0.1645 0.7839 0.5987
vn -0.0554 0.8908 0.4509
vn -0.4267 0.8995 0.0941
vn -0.6587 0.7524 0.0098
vn 0.3160 0.9085 -0.2735
vn 0.3176 0.9085 -0.2716
vn 0.4997 0.8638 -0.0646
vn 0.9265 0.1183 -0.3572
vn 0.8817 0.4181 0.2186
vn 0.9289 0.3218 -0.1831
vn 0.7920 0.5594 0.2446
vn 0.9050 0.2178 -0.3655
vn 0.9050 0.4133 -0.1007
vn -0.4776 -0.8550 0.2020
vn -0.1195 -0.9164 -0.3820
vn -0.5876 -0.7718 0.2429
vn -0.3519 -0.8993 -0.2596
vn -0.1228 -0.6924 -0.7110
vn -0.4054 -0.8110 -0.4219
vn -0.3327 -0.6580 -0.6756
vn -0.9503 0.2097 0.2300
vn -0.7908 0.1662 0.5891
vn -0.7917 0.5759 0.2038
vn -0.9501 0.2970 0.0956
vn -0.9484 0.0658 0.3101
vn -0.7491 -0.0262 0.6620
vn -0.9995 0.0107 0.0282
vn -0.1245 -0.3568 -0.9259
vn -0.4606 0.2444 -0.8533
vn -0.3601 -0.2354 -0.9027
vn -0.6087 0.2752 -0.7441
vn -0.4125 -0.4007 -0.8181
vn 0.3729 -0.1059 -0.9218
vn 0.1176 -0.3666 -0.9229
vn 0.6885 -0.0971 -0.7187
vn 0.3465 -0.3469 -0.8715
vn 0.1019 -0.6875 -0.7190
vn 0.5589 -0.5739 -0.5985
vn 0.3121 -0.6570 -0.6862
vn 0.8568 -0.3562 -0.3728
vn 0.9095 -0.1369 -0.3925
vn 0.6883 -0.7142 -0.1270
vn 0.9098 -0.3862 -0.1523
vn 0.6535 -0.3202 -0.6858
vn 0.1187 -0.9057 -0.4070
vn 0.3754 -0.9159 -0.1424
vn 0.3484 -0.8550 -0.3843
vn 0.6542 -0.6711 -0.3487
vn 0.8933 0.1663 0.4177
vn 0.9012 -0.4172 0.1172
vn 0.8048 0.2142 0.5535
vn 0.9147 -0.2331 0.3301
vn 0.6687 -0.7392 0.0805
vn 0.8654 -0.1969 0.4607
vn 0.8502 -0.4252 0.3105
vn -0.2132 0.1678 0.9625
vn -0.1416 0.5583 0.8175
vn -0.5828 0.1596 0.7968
vn -0.2942 0.0221 0.9555
vn -0.0423 0.2402 0.9698
vn 0.0932 0.6319 0.7694
vn -0.0045 -0.0553 0.9985
vn 0.3491 -0.9307 0.1089
vn -0.2511 -0.8497 0.4636
vn 0.1659 -0.9316 0.3235
vn -0.2629 -0.7708 0.5803
vn 0.3483 -0.8855 0.3076
vn 0.1346 -0.8827 0.4503
vn 0.0185 0.9902 -0.1387
vn 0.0812 0.8829 -0.4626
vn 0.0214 0.8981 -0.4393
vn 0.4735 0.7268 -0.4975
vn 0.4736 0.7270 -0.4972
vn 0.0959 0.7270 -0.6800
vn 0.0341 0.6919 -0.7212
vn 0.3389 0.5487 -0.7643
vn 0.6892 -0.6390 -0.3417
vn 0.7137 -0.6839 -0.1510
vn 0.6366 -0.5376 -0.5529
vn 0.5187 -0.3370 -0.7858
vn 0.6372 -0.0013 -0.7707
vn 0.7912 0.0131 -0.6114
vn 0.8405 -0.1634 -0.5166
vn 0.3443 -0.5986 -0.7232
vn 0.6713 0.2914 -0.6815
vn 0.0682 0.3464 -0.9356
vn 0.2779 -0.1624 -0.9468
vn 0.0854 0.4648 -0.8813
vn 0.5289 -0.2492 -0.8113
vn 0.5429 -0.3914 -0.7430
vn -0.0952 0.9288 -0.3580
vn -0.3768 0.9231 -0.0771
vn -0.0904 0.7196 -0.6885
vn -0.3711 0.8583 -0.3544
vn -0.7034 0.7067 -0.0767
vn -0.3539 0.6759 -0.6464
vn -0.6605 0.6692 -0.3405
vn -0.3777 0.1176 -0.9184
vn -0.0964 0.3983 -0.9122
vn -0.7044 0.1081 -0.7015
vn -0.3729 0.3923 -0.8409
vn -0.6607 0.3702 -0.6530
vn -0.9201 0.3813 -0.0892
vn -0.9205 0.1062 -0.3760
vn -0.8489 0.3820 -0.3653
vn -0.9443 -0.0229 -0.3282
vn -0.9905 -0.0158 -0.1365
vn -0.8389 -0.0499 -0.5420
vn -0.5962 -0.1616 -0.7864
vn -0.5539 0.0088 -0.8325
vn -0.7172 -0.4599 -0.5236
vn -0.6591 0.5445 -0.5188
vn 0.1809 -0.2567 -0.9494
vn -0.3255 -0.0461 -0.9444
vn 0.4537 -0.4854 -0.7474
vn 0.2537 -0.3553 -0.8997
vn -0.5615 -0.1682 -0.8102
vn -0.6716 -0.0791 -0.7367
vn 0.6848 -0.7072 -0.1757
vn 0.6199 -0.6560 -0.4306
vn 0.6136 -0.6324 -0.4728
vn -0.0022 -0.7776 -0.6287
vn -0.1553 -0.6856 -0.7112
vn 0.1714 -0.8294 -0.5317
vn 0.4949 -0.5394 -0.6812
vn -0.0272 -0.6446 -0.7641
vn 0.1324 -0.5980 -0.7905
vn 0.0978 0.9116 0.3993
vn 0.3784 0.9182 0.1176
vn 0.0920 0.6886 0.7193
vn 0.3738 0.8404 0.3924
vn 0.7046 0.7014 0.1078
vn 0.3548 0.6460 0.6759
vn 0.6616 0.6521 0.3704
vn 0.3778 0.0768 0.9227
vn 0.0974 0.3585 0.9284
vn 0.7039 0.0765 0.7061
vn 0.3736 0.3544 0.8572
vn 0.6618 0.3390 0.6687
vn 0.9208 0.3755 0.1057
vn 0.9205 0.0887 0.3806
vn 0.8490 0.3648 0.3822
vn 0.4983 0.8173 -0.2894
vn 0.1108 0.9008 -0.4198
vn 0.4645 0.8832 -0.0639
vn 0.8002 0.5333 -0.2744
vn 0.4852 0.7706 -0.4133
vn 0.0517 0.7739 -0.6312
vn 0.6268 0.6684 -0.4005
vn 0.9295 -0.1703 -0.3270
vn 0.9427 0.3230 -0.0839
vn 0.6769 -0.4347 -0.5940
vn 0.9535 0.1362 -0.2688
vn 0.7735 0.6316 -0.0529
vn 0.9236 0.1055 -0.3685
vn -0.1258 -0.5668 -0.8142
vn 0.3170 -0.2972 -0.9006
vn 0.1931 -0.5893 -0.7845
vn -0.1244 -0.2344 -0.9641
vn 0.2962 -0.1306 -0.9461
vn 0.4591 -0.3423 -0.8198
vn 0.5419 -0.0626 -0.8381
vn 0.5487 -0.2992 0.7807
vn 0.4239 -0.1003 0.9001
vn 0.1892 -0.8657 0.4634
vn 0.5171 -0.5708 0.6378
vn 0.8291 -0.2659 0.4918
vn 0.7661 -0.0824 0.6375
vn 0.8058 -0.5523 0.2134
vn 0.5475 -0.7479 -0.3753
vn 0.2186 -0.8101 -0.5440
vn 0.4227 -0.6815 -0.5974
vn 0.8289 -0.5282 -0.1840
vn 0.5954 -0.7567 -0.2699
vn 0.9442 -0.0952 0.3154
vn 0.9436 -0.2842 -0.1695
vn 0.9615 -0.2563 0.0987
vn 0.7657 -0.4905 -0.4161
vn 0.3281 -0.5114 0.7942
vn 0.3920 -0.1510 0.9075
vn 0.0829 -0.4729 0.8772
vn 0.2722 -0.8297 0.4874
vn 0.3938 -0.4856 0.7805
vn 0.4079 -0.6847 0.6040
vn 0.3065 -0.9314 -0.1963
vn 0.0887 -0.9513 0.2952
vn 0.5455 -0.7066 -0.4508
vn 0.2644 -0.9602 0.0901
vn 0.0668 -0.7877 0.6124
vn 0.3546 -0.9337 0.0492
vn 0.8480 0.0315 -0.5290
vn 0.8572 -0.3837 -0.3436
vn 0.7381 -0.2852 -0.6114
vn 0.9332 0.0608 -0.3543
vn 0.8999 -0.3340 -0.2803
vn 0.7453 -0.5398 -0.3914
vn 0.7698 -0.6239 -0.1350
vn -0.3783 -0.1186 0.9180
vn -0.0979 -0.4044 0.9093
vn -0.7043 -0.1078 0.7016
vn -0.3742 -0.3931 0.8399
vn -0.0929 -0.7226 0.6850
vn -0.6613 -0.3701 0.6525
vn -0.3558 -0.6763 0.6450
vn -0.9211 -0.3792 0.0881
vn -0.9208 -0.1054 0.3754
vn -0.7002 -0.7094 0.0803
vn -0.8498 -0.3808 0.3644
vn -0.6614 -0.6688 0.3393
vn -0.0984 -0.9293 0.3560
vn -0.3704 -0.9258 0.0753
vn -0.3738 -0.8577 0.3530
vn -0.5680 -0.7947 -0.2139
vn -0.6939 -0.7160 -0.0761
vn -0.6909 -0.6133 -0.3829
vn -0.4852 -0.8141 -0.3191
vn -0.3385 -0.9172 -0.2104
vn -0.4627 -0.8836 -0.0720
vn -0.1042 -0.8726 -0.4771
vn 0.4452 -0.4823 -0.7544
vn 0.4235 -0.1886 -0.8861
vn 0.6334 -0.2574 -0.7298
vn 0.2505 -0.8053 -0.5374
vn 0.3055 -0.5614 -0.7691
vn 0.1656 -0.2856 -0.9439
vn -0.2327 -0.9674 -0.1001
vn 0.1874 -0.9294 -0.3180
vn -0.0491 -0.9649 -0.2580
vn 0.4506 -0.7026 -0.5507
vn 0.6097 0.7831 0.1224
vn 0.8707 0.4849 0.0818
vn 0.7441 0.6667 0.0426
vn 0.3396 0.9312 0.1325
vn 0.1818 0.7981 0.5745
vn 0.4885 0.8340 0.2563
vn 0.0286 0.7439 0.6676
vn 0.3173 0.9254 0.2071
vn -0.2819 0.9352 0.2142
vn 0.2356 0.9692 0.0719
vn 0.0022 0.9976 0.0689
vn -0.6197 0.6998 0.3554
vn -0.0099 0.9846 0.1746
vn 0.4903 0.8702 0.0490
vn -0.0212 0.9798 0.1990
vn -0.7306 0.4708 0.4946
vn -0.8658 0.2110 0.4537
vn -0.8613 -0.0440 0.5062
vn -0.6567 0.5333 0.5331
vn -0.7532 0.4924 0.4362
vn -0.4068 0.7936 0.4525
vn 0.9794 0.1625 -0.1201
vn 0.8773 0.4787 -0.0334
vn 0.9774 0.0637 -0.2013
vn 0.9225 0.3732 -0.0984
vn 0.6861 0.7275 -0.0008
vn 0.9561 0.2301 -0.1813
vn 0.7719 0.6327 -0.0616
vn 0.9521 0.1418 -0.2709
vn 0.9489 -0.0439 -0.3127
vn 0.9238 0.1471 -0.3535
vn 0.8269 0.5285 -0.1920
vn 0.8762 0.4512 -0.1693
vn 0.5670 0.8208 -0.0694
vn 0.4285 0.8990 -0.0901
vn 0.3774 0.9260 -0.0123
vn 0.6070 0.7671 -0.2077
vn -0.1779 0.7490 -0.6382
vn -0.0508 0.6388 -0.7677
vn -0.2620 0.6537 -0.7100
vn -0.2285 0.6917 -0.6850
vn -0.1446 0.9267 -0.3467
vn -0.0335 0.8647 -0.5011
vn -0.2414 0.9015 -0.3593
vn -0.5999 -0.0645 0.7975
vn -0.5536 0.4268 0.7151
vn -0.6714 0.2395 0.7014
vn -0.4516 0.1341 0.8821
vn -0.4469 0.4538 0.7710
vn -0.6436 0.1419 0.7521
vn -0.5136 0.7330 0.4460
vn -0.4816 0.7015 0.5253
vn -0.0422 0.9739 -0.2232
vn -0.1779 0.9272 0.3295
vn -0.0324 0.9990 0.0294
vn -0.1444 0.9891 0.0275
vn -0.2243 0.9060 0.3590
vn -0.1994 0.9795 0.0273
vn 0.9849 0.0680 0.1593
vn 0.8681 -0.4394 0.2307
vn 0.9875 -0.1482 0.0546
vn 0.3207 -0.4923 0.8092
vn 0.8027 -0.4187 0.4246
vn 0.8770 -0.4683 0.1076
vn 0.7569 -0.6532 0.0224
vn 0.6248 -0.7143 0.3154
vn -0.5348 -0.7182 0.4451
vn -0.7564 -0.4002 0.5173
vn -0.7060 -0.5986 0.3785
vn -0.2653 -0.9165 0.2993
vn -0.5264 -0.6942 0.4910
vn -0.2571 -0.8776 0.4047
vn 0.3961 -0.9178 0.0257
vn -0.1743 -0.9747 0.1399
vn 0.0993 -0.9868 0.1277
vn -0.4575 -0.8517 0.2555
vn 0.1228 -0.9740 0.1904
vn 0.9731 -0.2185 -0.0726
vn 0.9907 -0.0176 -0.1353
vn 0.8173 -0.5726 -0.0646
vn 0.9596 -0.2306 -0.1614
vn 0.9282 -0.2845 -0.2399
vn 0.9620 -0.1315 -0.2394
vn 0.8525 -0.4748 -0.2189
vn 0.5987 -0.7827 -0.1700
vn 0.5028 -0.8588 -0.0982
vn 0.4418 -0.8873 -0.1325
vn 0.7384 -0.6224 -0.2596
vn 0.8446 -0.5157 -0.1438
vn 0.9195 -0.2347 -0.3152
vn 0.7929 -0.5069 -0.3382
vn 0.8625 -0.3144 -0.3965
vn 0.8604 -0.4120 -0.2998
vn 0.6470 -0.7104 -0.2770
vn -0.1113 -0.4570 -0.8825
vn -0.3137 -0.3495 -0.8829
vn 0.0088 -0.1817 -0.9833
vn -0.0106 -0.4674 -0.8840
vn -0.1754 0.0526 -0.9831
vn -0.1957 -0.8173 -0.5419
vn -0.1153 -0.7516 -0.6495
vn -0.1450 -0.9712 0.1893
vn -0.0372 -0.9376 -0.3458
vn -0.0436 -0.9983 -0.0392
vn -0.2355 -0.8678 0.4375
vn -0.1244 -0.9899 -0.0677
vn -0.0051 -0.6982 -0.7158
vn -0.2409 -0.9294 0.2795
vn -0.1515 -0.9859 -0.0710
vn -0.3455 -0.7730 0.5321
vn -0.3351 -0.6579 0.6744
vn -0.4247 -0.5032 0.7526
vn -0.3723 -0.7881 0.4903
vn -0.3022 -0.9171 0.2599
vn -0.3467 0.0730 -0.9351
vn -0.6748 0.1170 -0.7286
vn -0.6329 0.4841 -0.6042
vn -0.5352 0.0018 -0.8447
vn -0.8858 0.0767 -0.4578
vn -0.6843 0.2890 -0.6695
vn -0.5798 0.7628 -0.2861
vn -0.8645 0.1792 -0.4697
vn -0.9706 0.1035 0.2173
vn -0.9415 -0.0382 -0.3347
vn -0.9952 -0.0512 -0.0831
vn -0.9560 0.1548 0.2490
vn -0.9938 0.0656 -0.0899
vn -0.7963 -0.0372 -0.6037
vn -0.9883 0.1258 -0.0864
vn -0.5558 0.5257 0.6441
vn -0.2806 0.4516 0.8469
vn -0.3857 0.5988 0.7019
vn -0.5179 0.5923 0.6172
vn -0.5836 0.4249 0.6920
vn -0.4271 0.3680 0.8260
vn -0.8098 0.4724 0.3480
vn -0.6811 -0.7248 0.1034
vn -0.5426 -0.8400 -0.0039
vn -0.4823 -0.8129 0.3264
vn -0.6961 -0.6686 0.2616
vn -0.8857 -0.4589 0.0709
vn -0.7971 -0.6028 -0.0362
vn -0.8660 -0.4708 0.1682
vn -0.0263 0.8549 0.5181
vn -0.5550 0.6531 0.5152
vn -0.3804 0.7178 0.5831
vn -0.2733 0.8516 0.4473
vn -0.5758 0.7027 0.4179
vn -0.5185 0.6278 0.5806
vn -0.8174 0.3453 0.4611
vn -0.9398 -0.3400 -0.0331
vn -0.9711 0.2119 0.1096
vn -0.9948 -0.0924 -0.0427
vn -0.9930 -0.0953 0.0694
vn -0.9574 0.2417 0.1578
vn -0.9877 -0.0941 0.1248
vn 0.5515 0.1479 -0.8209
vn 0.3099 0.0036 -0.9508
vn 0.4188 0.3381 -0.8428
vn 0.0598 0.1727 -0.9832
vn 0.5748 0.0493 -0.8168
vn 0.7781 0.0635 -0.6250
vn 0.8549 0.2613 -0.4482
vn 0.6714 0.4194 0.6110
vn 0.3720 0.4779 0.7958
vn 0.5405 0.4010 0.7396
vn 0.8670 0.3252 0.3775
vn 0.6937 0.4466 0.5651
vn 0.8535 0.3849 0.3513
vn 0.9646 0.1170 -0.2363
vn 0.9275 0.2313 0.2938
vn 0.9766 0.2110 0.0409
vn 0.7874 0.3169 0.5287
vn 0.9713 0.2354 0.0335
vn 0.5599 -0.8205 0.1154
vn -0.0263 -0.9994 0.0208
vn 0.3011 -0.9536 -0.0034
vn 0.5684 -0.8218 0.0386
vn 0.5813 -0.7930 0.1825
vn 0.8605 -0.4429 0.2518
vn 0.9271 0.3037 0.2198
vn 0.9674 -0.2303 0.1055
vn 0.9895 0.0824 0.1190
vn 0.7876 0.5358 0.3042
vn 0.9788 0.0518 0.1984
vn 0.7787 -0.6252 0.0521
vn 0.8678 0.3863 0.3124
vn 0.9733 0.0458 0.2251
vn 0.6651 0.6114 0.4288
vn 0.5439 0.7434 0.3893
vn 0.4210 0.5389 0.7296
vn 0.3699 0.7441 0.5564
vn 0.8533 0.3645 0.3729
vn 0.2934 -0.3388 0.8939
vn 0.3115 -0.3208 0.8945
vn 0.4357 -0.4884 0.7561
vn 0.4619 -0.4621 0.7570
vn 0.6974 -0.6765 0.2366
vn 0.6791 -0.7337 -0.0202
vn 0.7207 -0.6929 -0.0205
vn 0.2756 -0.3549 0.8933
vn 0.4093 -0.5111 0.7558
vn 0.6565 -0.7164 0.2363
vn 0.6376 -0.7701 -0.0208
vn -0.3003 0.2675 0.9156
vn -0.3179 0.2489 0.9149
vn -0.4506 0.4154 0.7902
vn -0.7218 0.6064 0.3334
vn -0.7186 0.6896 0.0902
vn -0.6830 0.6492 0.3346
vn -0.3341 0.2275 0.9147
vn -0.4766 0.3863 0.7897
vn -0.7601 0.5584 0.3325
vn -0.7599 0.6439 0.0891
vn 0.3464 -0.2822 0.8947
vn 0.3292 -0.3017 0.8948
vn 0.5120 -0.4055 0.7572
vn 0.7365 -0.6331 0.2383
vn 0.7976 -0.6029 -0.0185
vn 0.7724 -0.5888 0.2381
vn 0.4876 -0.4340 0.7575
vn 0.7611 -0.6484 -0.0195
vn -0.2829 0.2851 0.9158
vn -0.2666 0.3009 0.9156
vn -0.4233 0.4421 0.7908
vn -0.3982 0.4658 0.7902
vn -0.6036 0.7227 0.3366
vn -0.6759 0.7313 0.0915
vn -0.6343 0.7674 0.0932
vn -0.6431 0.6887 0.3348
vn -0.2487 0.3155 0.9157
vn -0.2287 0.3316 0.9153
vn -0.3704 0.4879 0.7904
vn -0.3398 0.5133 0.7880
vn -0.5153 0.7882 0.3364
vn -0.5903 0.8016 0.0952
vn -0.5393 0.8365 0.0972
vn -0.5628 0.7553 0.3357
vn 0.2567 -0.3709 0.8925
vn 0.3820 -0.5337 0.7545
vn 0.6159 -0.7517 0.2359
vn 0.5940 -0.8042 -0.0208
vn 0.2370 -0.3878 0.8908
vn 0.3531 -0.5574 0.7514
vn 0.5732 -0.7853 0.2338
vn 0.5455 -0.8379 -0.0184
vn 0.2158 -0.4042 0.8888
vn 0.3223 -0.5801 0.7481
vn 0.5256 -0.8177 0.2349
vn 0.4945 -0.8690 -0.0181
vn 0.1969 -0.4231 0.8844
vn 0.2967 -0.6041 0.7396
vn 0.4757 -0.8488 0.2306
vn 0.4463 -0.8947 -0.0185
vn -0.2074 0.3499 0.9135
vn -0.1911 0.3662 0.9107
vn -0.3056 0.5400 0.7842
vn -0.2800 0.5626 0.7778
vn -0.4209 0.8446 0.3311
vn -0.4824 0.8704 0.0986
vn -0.4371 0.8940 0.0982
vn -0.4630 0.8207 0.3349
vn 0.1048 -0.4688 0.8771
vn -0.0089 -0.4006 0.9162
vn 0.1771 -0.8356 0.5200
vn -0.0165 -0.7256 0.6879
vn 0.1891 -0.9811 0.0404
vn -0.0210 -0.9386 0.3444
vn 0.0848 -0.2082 0.9744
vn 0.2778 -0.6249 0.7296
vn 0.4269 -0.8761 0.2240
vn 0.4112 -0.9112 -0.0250
vn 0.2723 -0.6369 0.7213
vn 0.3938 -0.8953 0.2083
vn -0.1841 0.3766 0.9079
vn -0.2703 0.5740 0.7729
vn -0.4168 0.9040 0.0950
vn -0.4005 0.8564 0.3258
vn -0.3540 0.2003 0.9135
vn -0.5031 0.3543 0.7882
vn -0.8038 0.4969 0.3271
vn -0.8005 0.5927 0.0889
vn -0.3782 0.1790 0.9083
vn -0.5366 0.3119 0.7840
vn -0.8398 0.4383 0.3205
vn -0.8469 0.5246 0.0867
vn 0.3809 -0.2449 0.8916
vn 0.3623 -0.2625 0.8943
vn 0.5572 -0.3535 0.7514
vn 0.8058 -0.5427 0.2370
vn 0.8588 -0.5119 -0.0180
vn 0.8361 -0.4976 0.2307
vn 0.5350 -0.3776 0.7558
vn 0.8308 -0.5562 -0.0176
vn 0.3801 -0.0223 0.9247
vn 0.7113 -0.0177 0.7027
vn 0.9322 -0.0107 0.3617
vn 0.4406 -0.1454 0.8859
vn 0.8168 -0.2315 0.5285
vn 0.9698 -0.2414 0.0360
vn -0.3944 0.1685 0.9033
vn -0.5711 0.2751 0.7734
vn -0.8590 0.4071 0.3105
vn -0.8845 0.4594 0.0814
vn -0.9011 0.4272 0.0746
vn -0.5906 0.2605 0.7638
vn -0.8610 0.3993 0.3151
vn 0.3965 -0.2352 0.8874
vn 0.8574 -0.4673 0.2157
vn 0.5781 -0.3375 0.7429
vn 0.8771 -0.4796 -0.0251
vn 0.5225 -0.4865 -0.7002
vn 0.4929 -0.5167 -0.7000
vn 0.3779 -0.3438 -0.8596
vn 0.3564 -0.3655 -0.8599
vn 0.2104 -0.1801 -0.9609
vn 0.1979 -0.1919 -0.9613
vn 0.4636 -0.5445 -0.6990
vn 0.3354 -0.3858 -0.8594
vn 0.1866 -0.2033 -0.9612
vn -0.5818 0.5098 -0.6338
vn -0.5499 0.5441 -0.6337
vn -0.4217 0.3782 -0.8241
vn -0.3990 0.4033 -0.8235
vn -0.2310 0.2189 -0.9480
vn -0.2190 0.2329 -0.9475
vn -0.6136 0.4711 -0.6336
vn -0.4449 0.3503 -0.8242
vn -0.2437 0.2039 -0.9482
vn 0.5521 -0.4539 -0.6994
vn 0.5796 -0.4217 -0.6973
vn 0.3999 -0.3203 -0.8587
vn 0.4202 -0.2974 -0.8573
vn 0.2228 -0.1670 -0.9604
vn 0.2340 -0.1541 -0.9599
vn -0.4874 0.6059 -0.6287
vn -0.5183 0.5770 -0.6312
vn -0.3541 0.4485 -0.8207
vn -0.3761 0.4271 -0.8223
vn -0.1943 0.2574 -0.9466
vn -0.2062 0.2456 -0.9472
vn -0.4178 0.6629 -0.6213
vn -0.4554 0.6337 -0.6253
vn -0.3048 0.4915 -0.8158
vn -0.3313 0.4691 -0.8186
vn -0.1674 0.2808 -0.9450
vn -0.1822 0.2691 -0.9457
vn 0.4332 -0.5719 -0.6966
vn 0.3136 -0.4062 -0.8583
vn 0.1744 -0.2151 -0.9609
vn 0.3993 -0.5990 -0.6940
vn 0.2899 -0.4274 -0.8564
vn 0.1613 -0.2273 -0.9604
vn 0.3641 -0.6263 -0.6894
vn 0.2652 -0.4487 -0.8534
vn 0.1475 -0.2395 -0.9596
vn 0.3311 -0.6516 -0.6825
vn 0.2424 -0.4701 -0.8486
vn 0.1352 -0.2528 -0.9580
vn -0.3440 0.7173 -0.6059
vn -0.3764 0.6933 -0.6145
vn -0.2534 0.5359 -0.8054
vn -0.2756 0.5152 -0.8115
vn -0.1410 0.3081 -0.9408
vn -0.1523 0.2950 -0.9433
vn 0.0427 -0.8977 -0.4386
vn 0.1661 -0.7395 -0.6523
vn 0.0326 -0.6681 -0.7434
vn 0.1243 -0.5368 -0.8345
vn 0.0176 -0.3474 -0.9376
vn 0.0731 -0.2948 -0.9527
vn 0.3079 -0.6700 -0.6755
vn 0.2272 -0.4878 -0.8429
vn 0.1279 -0.2653 -0.9556
vn -0.3294 0.7291 -0.5999
vn -0.2437 0.5473 -0.8006
vn -0.1361 0.3163 -0.9388
vn -0.6515 0.4208 -0.6313
vn -0.4735 0.3148 -0.8226
vn -0.2588 0.1844 -0.9482
vn -0.6863 0.3738 -0.6239
vn -0.5024 0.2830 -0.8170
vn -0.2764 0.1685 -0.9462
vn 0.6061 -0.3890 -0.6937
vn 0.6302 -0.3586 -0.6887
vn 0.4401 -0.2738 -0.8552
vn 0.4598 -0.2526 -0.8513
vn 0.2456 -0.1411 -0.9590
vn 0.2580 -0.1296 -0.9574
vn 0.9061 -0.0514 -0.4199
vn 0.6845 -0.0295 -0.7285
vn 0.3687 -0.0034 -0.9295
vn 0.7304 -0.1839 -0.6578
vn 0.5362 -0.1282 -0.8343
vn 0.3069 -0.0638 -0.9496
vn -0.7050 0.3509 -0.6163
vn -0.5203 0.2680 -0.8109
vn -0.2896 0.1612 -0.9435
vn 0.6473 -0.3375 -0.6834
vn 0.4762 -0.2395 -0.8461
vn 0.2687 -0.1232 -0.9553
vn -0.8018 0.4834 -0.3513
vn 0.8814 0.4498 0.1442
vn 0.8818 0.4489 0.1446
vn -0.7989 0.4878 -0.3519
vn 0.2699 0.9505 -0.1539
vn 0.2703 0.9504 -0.1538
vn 0.2698 0.9505 -0.1540
vn 0.8559 0.5017 0.1250
vn -0.4741 0.8134 -0.3369
vn -0.4762 0.8122 -0.3370
vn -0.9440 -0.2519 -0.2131
vn -0.5297 -0.8464 0.0549
vn -0.1196 -0.9753 0.1857
vn -0.0005 -0.3633 -0.9317
vn -0.0009 -0.6945 -0.7195
vn -0.0012 -0.9176 -0.3975
vn 0.9132 -0.4075 -0.0080
vn 0.3692 -0.9293 -0.0134
vn 0.6841 -0.7293 -0.0105
vn -0.6854 0.2291 0.6911
vn -0.6578 -0.0339 0.7524
vn -0.2868 -0.9178 0.2745
vn -0.7057 0.0125 0.7084
vn 0.9242 0.0070 -0.3818
vn 0.7060 0.0144 -0.7080
vn 0.3811 0.0196 -0.9243
vn -0.6855 0.6779 0.2657
vn -0.7531 0.6575 0.0231
vn -0.3589 0.3766 -0.8540
vn -0.7076 0.7047 0.0526
vn -0.2173 0.6757 0.7044
vn 0.0276 0.7353 0.6772
vn 0.6815 0.5071 0.5277
vn 0.9797 0.1397 0.1439
vn 0.0192 0.6922 0.7215
vn 0.6815 0.5070 0.5277
vn 0.0023 0.9240 -0.3823
vn 0.0017 0.7008 -0.7134
vn 0.0014 0.5820 -0.8132
vn 0.0009 0.3821 -0.9241
vn 0.1146 0.0203 -0.9932
vn 0.0011 0.4722 -0.8815
vn -0.1117 0.1611 -0.9806
vn -0.0666 -0.0799 -0.9946
vn -0.3642 0.0207 -0.9311
vn -0.3876 0.0206 -0.9216
vn -0.6864 0.0164 -0.7270
vn -0.8949 0.0102 -0.4461
vn -0.9155 0.0094 -0.4021
vn -0.6717 0.0167 -0.7406
vn 0.3164 -0.2975 -0.9007
vn 0.3314 -0.3124 -0.8903
vn 0.5449 -0.5322 -0.6479
vn 0.4907 -0.4760 -0.7298
vn 0.6683 -0.6627 -0.3379
vn 0.4665 -0.4517 -0.7605
vn 0.4023 0.9153 0.0210
vn 0.7093 0.7048 0.0144
vn 0.9227 0.3855 0.0056
vn 0.5240 0.8515 0.0189
vn 0.7964 0.6046 0.0117
vn 0.9891 -0.0115 -0.1466
vn 0.3967 -0.0204 0.9177
vn 0.6540 -0.0170 0.7563
vn 0.7213 -0.0157 0.6924
vn 0.8849 -0.0107 0.4656
vn 0.9283 -0.0089 0.3718
vn 0.9924 -0.1076 0.0597
vn 0.8913 -0.3098 -0.3311
vn 0.7532 -0.4494 -0.4803
vn 0.5906 -0.5525 -0.5882
vn 0.6626 -0.5120 -0.5466
vn 0.2032 -0.6706 -0.7134
vn 0.8064 -0.4039 -0.4320
vn 0.3758 -0.6344 -0.6755
vn 0.1389 -0.9897 -0.0331
vn -0.0040 -0.9383 0.3457
vn -0.0038 -0.8310 0.5563
vn -0.0036 -0.7482 0.6634
vn -0.0030 -0.5642 0.8256
vn -0.0035 -0.4382 0.8989
vn -0.1098 -0.9864 0.1223
vn -0.3019 -0.9533 -0.0108
vn -0.6078 -0.7940 0.0096
vn -0.8338 -0.5521 -0.0011
vn -0.0393 -0.9944 -0.0986
vn 0.3295 -0.8784 -0.3461
vn 0.3634 -0.8509 -0.3794
vn 0.6593 -0.3464 -0.6673
vn 0.6844 -0.2339 -0.6905
vn 0.6977 -0.1420 -0.7021
vn 0.3844 -0.8319 -0.4003
vn 0.4753 -0.7309 -0.4897
vn 0.6867 -0.2213 -0.6924
vn 0.0010 0.4034 -0.9150
vn 0.0018 0.7226 -0.6912
vn 0.0024 0.9320 -0.3625
vn -0.9241 0.0090 -0.3819
vn -0.7072 0.0159 -0.7068
vn -0.3825 0.0205 -0.9237
vn 0.6525 -0.6457 -0.3966
vn 0.4993 -0.4848 -0.7181
vn 0.2702 -0.2506 -0.9296
vn 0.9271 0.3748 0.0084
vn 0.7230 0.6907 0.0156
vn 0.4148 0.9097 0.0205
vn 0.9239 -0.0090 0.3826
vn 0.7065 -0.0160 0.7075
vn 0.3825 -0.0205 0.9237
vn 0.2477 -0.6686 -0.7011
vn 0.6454 -0.5268 -0.5532
vn 0.9134 -0.2804 -0.2950
vn -0.0005 -0.4177 0.9086
vn -0.0009 -0.7297 0.6838
vn -0.0012 -0.9341 0.3570
vn -0.8523 -0.5229 -0.0121
vn -0.6400 -0.7682 -0.0180
vn -0.3547 -0.9347 -0.0221
vn 0.6853 -0.2224 -0.6935
vn 0.5416 -0.6274 -0.5594
vn 0.2876 -0.9058 -0.3113
vn -0.3802 0.9247 0.0202
vn -0.7058 0.7082 0.0155
vn -0.7057 0.7083 0.0155
vn -0.9235 0.3836 0.0084
vn 0.5810 -0.8137 -0.0178
vn 0.5224 -0.8464 -0.1032
vn 0.2005 -0.9796 -0.0120
vn -0.8274 -0.5616 -0.0023
vn -0.3880 -0.9216 -0.0076
vn -0.8355 -0.5495 -0.0025
vn -0.9873 -0.1587 -0.0034
vn -0.3836 -0.9233 -0.0202
vn -0.3840 -0.9233 -0.0076
vn -0.9870 -0.1605 -0.0035
vn 0.0218 0.9912 -0.1303
vn -0.1705 0.7753 -0.6081
vn -0.1707 0.7747 -0.6088
vn -0.3461 0.0173 -0.9380
vn -0.3494 -0.3103 -0.8841
vn -0.3517 -0.2420 -0.9043
vn 0.0214 0.9912 -0.1308
vn -0.1705 0.7750 -0.6085
vn -0.1832 0.0414 -0.9822
vn -0.0001 -0.2135 0.9770
vn 0.1468 -0.1847 0.9718
vn 0.0091 -0.9323 0.3617
vn 0.1035 -0.9271 0.3601
vn -0.0003 -0.4014 0.9159
vn -0.0105 -0.9336 0.3582
vn -0.0105 -0.9336 0.3581
vn -0.0009 -0.9125 -0.4092
vn -0.9228 -0.0082 0.3852
vn -0.7056 -0.0159 0.7085
vn -0.7039 -0.0160 0.7101
vn -0.3822 -0.0214 0.9239
vn 0.3758 0.0019 0.9267
vn 0.8035 0.1964 -0.5620
vn 0.9087 0.1990 -0.3670
vn 0.9047 0.1576 0.3958
vn 0.9048 0.1576 0.3957
vn 0.1644 -0.0396 0.9856
vn 0.1660 0.9859 0.0217
vn 0.2312 0.9708 -0.0635
vn 0.5526 0.8330 0.0278
vn 0.9819 -0.1893 0.0058
vn 0.9262 0.3763 0.0207
vn 0.9791 -0.2035 0.0050
vn 0.8098 -0.5866 -0.0128
vn 0.9246 0.3805 0.0208
vn 0.9247 0.3807 0.0084
vn 0.0003 0.3624 0.9320
vn 0.0005 0.6911 0.7227
vn 0.0006 0.6906 0.7233
vn 0.0007 0.9144 0.4047
vn 0.5924 0.1372 -0.7939
vn 0.1269 -0.1682 -0.9775
vn -0.2550 -0.3158 -0.9139
vn 0.1386 -0.1630 -0.9768
vn -0.6086 -0.4485 -0.6546
vn -0.2555 -0.3122 -0.9150
vn -0.6006 -0.4458 -0.6637
vn -0.5348 -0.6108 -0.5840
vn -0.8644 -0.4754 -0.1637
vn 0.3205 0.9056 -0.2778
vn 0.3036 0.9054 -0.2968
vn 0.4687 0.7731 -0.4272
vn 0.4426 0.7735 -0.4537
vn 0.6577 0.2625 -0.7060
vn 0.7183 0.0056 -0.6957
vn 0.6766 0.0059 -0.7363
vn 0.3370 0.9047 -0.2605
vn 0.4923 0.7722 -0.4016
vn 0.6982 0.2625 -0.6660
vn 0.7555 0.0050 -0.6551
vn -0.2710 0.9048 0.3285
vn -0.2525 0.9036 0.3460
vn -0.4145 0.7736 0.4794
vn -0.5937 0.3086 0.7432
vn -0.6740 0.0649 0.7359
vn -0.6372 0.3106 0.7053
vn -0.2303 0.9036 0.3612
vn -0.3848 0.7728 0.5047
vn -0.5446 0.3085 0.7799
vn -0.6275 0.0631 0.7761
vn 0.2639 0.9062 -0.3303
vn 0.2839 0.9059 -0.3143
vn 0.3854 0.7739 -0.5024
vn 0.6138 0.2619 -0.7448
vn 0.5849 0.0083 -0.8111
vn 0.5684 0.2635 -0.7794
vn 0.4145 0.7736 -0.4792
vn 0.6312 0.0060 -0.7756
vn -0.2889 0.9053 0.3115
vn -0.3053 0.9053 0.2953
vn -0.4416 0.7745 0.4529
vn -0.4653 0.7752 0.4273
vn -0.7125 0.3138 0.6276
vn -0.7167 0.0671 0.6941
vn -0.7539 0.0688 0.6534
vn -0.6775 0.3121 0.6660
vn -0.3210 0.9052 0.2784
vn -0.3372 0.9052 0.2585
vn -0.4897 0.7740 0.4015
vn -0.5146 0.7733 0.3703
vn -0.7800 0.3148 0.5409
vn -0.7889 0.0717 0.6103
vn -0.8250 0.0750 0.5601
vn -0.7456 0.3147 0.5873
vn 0.3547 0.9028 -0.2433
vn 0.5156 0.7704 -0.3750
vn 0.7344 0.2609 -0.6265
vn 0.7909 0.0063 -0.6119
vn 0.3701 0.9019 -0.2225
vn 0.5382 0.7689 -0.3452
vn 0.7687 0.2606 -0.5841
vn 0.8255 0.0068 -0.5643
vn 0.3879 0.8992 -0.2024
vn 0.5622 0.7643 -0.3158
vn 0.8025 0.2590 -0.5375
vn 0.8577 0.0099 -0.5140
vn 0.4043 0.8961 -0.1832
vn 0.5836 0.7590 -0.2887
vn 0.8332 0.2607 -0.4877
vn 0.8844 0.0194 -0.4663
vn -0.3556 0.9040 0.2372
vn -0.3722 0.9014 0.2214
vn -0.5421 0.7700 0.3365
vn -0.5638 0.7651 0.3108
vn -0.8348 0.3218 0.4467
vn -0.8602 0.0791 0.5038
vn -0.8839 0.0887 0.4592
vn -0.8131 0.3163 0.4888
vn 0.3373 0.9411 0.0226
vn 0.6005 0.7994 0.0195
vn 0.8111 0.5848 0.0145
vn 0.4142 0.8943 -0.1693
vn 0.5947 0.7590 -0.2652
vn 0.8587 0.2638 -0.4394
vn 0.9005 0.0626 -0.4303
vn 0.8675 0.2929 -0.4021
vn -0.3789 0.9006 0.2128
vn -0.7299 0.5722 0.3739
vn -0.8918 0.1120 0.4384
vn -0.2030 0.9022 0.3806
vn -0.3518 0.7715 0.5300
vn -0.4817 0.3042 0.8219
vn -0.5753 0.0631 0.8155
vn -0.1804 0.8971 0.4034
vn -0.3093 0.7665 0.5629
vn -0.4227 0.2959 0.8566
vn -0.5061 0.0611 0.8603
vn 0.2262 0.9034 -0.3644
vn 0.2442 0.9057 -0.3466
vn 0.3327 0.7682 -0.5470
vn 0.5218 0.2620 -0.8118
vn 0.4924 0.0072 -0.8703
vn 0.4758 0.2560 -0.8415
vn 0.3570 0.7727 -0.5249
vn 0.5375 0.0085 -0.8432
vn 0.0031 0.9335 -0.3585
vn -0.0063 0.7194 -0.6945
vn -0.0144 0.3845 -0.9230
vn 0.1252 0.8979 -0.4221
vn 0.2071 0.5504 -0.8088
vn 0.2189 0.0621 -0.9738
vn -0.1701 0.8913 0.4203
vn -0.2708 0.7562 0.5957
vn -0.3911 0.2841 0.8754
vn -0.4401 0.0552 0.8963
vn -0.4076 0.0467 0.9120
vn -0.2558 0.7463 0.6145
vn -0.3836 0.2879 0.8775
vn 0.2162 0.8991 -0.3806
vn 0.4450 0.2424 -0.8621
vn 0.3160 0.7602 -0.5677
vn 0.4598 0.0025 -0.8880
vn 0.4823 -0.6818 -0.5501
vn 0.5136 -0.6815 -0.5213
vn 0.3447 -0.8462 -0.4064
vn 0.3674 -0.8464 -0.3855
vn 0.1859 -0.9534 -0.2375
vn 0.1985 -0.9538 -0.2257
vn 0.5417 -0.6811 -0.4926
vn 0.3877 -0.8466 -0.3646
vn 0.2100 -0.9539 -0.2142
vn -0.4889 -0.6539 0.5774
vn -0.5244 -0.6528 0.5467
vn -0.3587 -0.8388 0.4096
vn -0.3845 -0.8378 0.3876
vn -0.2028 -0.9558 0.2128
vn -0.2162 -0.9556 0.2001
vn -0.4499 -0.6539 0.6083
vn -0.3309 -0.8387 0.4326
vn -0.1875 -0.9561 0.2251
vn 0.4494 -0.6804 -0.5789
vn 0.4165 -0.6779 -0.6058
vn 0.3214 -0.8447 -0.4279
vn 0.2975 -0.8434 -0.4475
vn 0.1732 -0.9527 -0.2499
vn 0.1596 -0.9522 -0.2606
vn -0.5872 -0.6477 0.4854
vn -0.5576 -0.6507 0.5154
vn -0.4308 -0.8343 0.3440
vn -0.4087 -0.8364 0.3652
vn -0.2423 -0.9539 0.1772
vn -0.2308 -0.9544 0.1893
vn -0.6454 -0.6398 0.4172
vn -0.6151 -0.6452 0.4533
vn -0.4735 -0.8297 0.2957
vn -0.4513 -0.8326 0.3210
vn -0.2654 -0.9521 0.1517
vn -0.2540 -0.9530 0.1651
vn 0.5694 -0.6798 -0.4623
vn 0.4085 -0.8458 -0.3432
vn 0.2223 -0.9537 -0.2028
vn 0.5978 -0.6772 -0.4289
vn 0.4312 -0.8438 -0.3196
vn 0.2353 -0.9534 -0.1887
vn 0.6273 -0.6722 -0.3931
vn 0.4561 -0.8410 -0.2909
vn 0.2546 -0.9521 -0.1693
vn 0.6602 -0.6581 -0.3620
vn 0.4921 -0.8292 -0.2651
vn 0.2893 -0.9455 -0.1495
vn -0.7034 -0.6184 0.3504
vn -0.6759 -0.6328 0.3779
vn -0.5144 -0.8185 0.2556
vn -0.4960 -0.8249 0.2712
vn -0.2781 -0.9507 0.1371
vn -0.2742 -0.9512 0.1415
vn 0.8273 -0.5612 -0.0249
vn 0.4941 -0.8689 -0.0276
vn 0.9904 -0.1370 -0.0170
vn 0.7035 -0.6174 -0.3521
vn 0.5445 -0.7974 -0.2601
vn 0.3479 -0.9255 -0.1500
vn -0.7256 -0.5969 0.3424
vn -0.5263 -0.8125 0.2507
vn -0.2720 -0.9531 0.1327
vn -0.3988 -0.6518 0.6451
vn -0.2944 -0.8379 0.4597
vn -0.1678 -0.9562 0.2399
vn -0.3507 -0.6454 0.6786
vn -0.2617 -0.8328 0.4878
vn -0.1513 -0.9544 0.2573
vn 0.3830 -0.6745 -0.6312
vn 0.3518 -0.6693 -0.6544
vn 0.2735 -0.8411 -0.4666
vn 0.2519 -0.8369 -0.4859
vn 0.1466 -0.9511 -0.2720
vn 0.1344 -0.9495 -0.2834
vn 0.0352 -0.4078 -0.9124
vn 0.0207 -0.7428 -0.6692
vn 0.0057 -0.9202 -0.3915
vn 0.1753 -0.6207 -0.7642
vn 0.1546 -0.8134 -0.5607
vn 0.0677 -0.9411 -0.3314
vn -0.3279 -0.6367 0.6979
vn -0.2468 -0.8262 0.5064
vn -0.1439 -0.9520 0.2701
vn 0.3307 -0.6626 -0.6720
vn 0.2378 -0.8319 -0.5013
vn 0.1277 -0.9472 -0.2942
vn -0.4608 -0.3739 0.8049
vn -0.4709 0.1593 -0.8677
vn -0.4699 0.1596 -0.8682
vn -0.5991 -0.3794 0.7051
vn -0.5217 0.1394 -0.8417
vn 0.1097 0.3012 0.9472
vn 0.1099 0.3011 0.9473
vn 0.1102 0.3020 0.9469
vn -0.8419 -0.2072 0.4983
vn 0.1115 0.3015 0.9469
vn 0.1097 0.3007 0.9474
vn 0.9120 0.3968 0.1043
vn 0.9376 -0.1392 -0.3186
vn 0.9735 -0.0387 -0.2252
vn 0.9899 0.0624 -0.1276
vn -0.8376 -0.3808 -0.3916
vn -0.8376 -0.3988 -0.3733
vn -0.6768 -0.5104 -0.5305
vn -0.6779 -0.5356 -0.5036
vn -0.1240 -0.7210 -0.6818
vn 0.1331 -0.6787 -0.7222
vn 0.1355 -0.7195 -0.6812
vn -0.8374 -0.3635 -0.4081
vn -0.6776 -0.4843 -0.5534
vn -0.1253 -0.6809 -0.7216
vn 0.1313 -0.6375 -0.7592
vn -0.9557 0.2117 0.2045
vn -0.9556 0.2285 0.1859
vn -0.8552 0.3745 0.3584
vn -0.4403 0.6898 0.5747
vn -0.2028 0.7105 0.6738
vn -0.4392 0.6519 0.6182
vn -0.9555 0.2450 0.1644
vn -0.8555 0.4000 0.3290
vn -0.4396 0.7273 0.5270
vn -0.2034 0.7513 0.6279
vn -0.8369 -0.4333 -0.3344
vn -0.8378 -0.4157 -0.3540
vn -0.6759 -0.5860 -0.4471
vn -0.1222 -0.7598 -0.6386
vn 0.1345 -0.7956 -0.5908
vn -0.1232 -0.7953 -0.5936
vn -0.6774 -0.5612 -0.4756
vn 0.1350 -0.7598 -0.6359
vn -0.9554 0.1944 0.2223
vn -0.9546 0.1784 0.2385
vn -0.8549 0.3476 0.3851
vn -0.8532 0.3224 0.4100
vn -0.4397 0.5725 0.6920
vn -0.2030 0.6687 0.7153
vn -0.2038 0.6269 0.7520
vn -0.4394 0.6118 0.6577
vn -0.9539 0.1613 0.2532
vn -0.9524 0.1412 0.2701
vn -0.8519 0.2952 0.4326
vn -0.8482 0.2655 0.4584
vn -0.4358 0.4845 0.7585
vn -0.2035 0.5835 0.7862
vn -0.2032 0.5324 0.8217
vn -0.4383 0.5317 0.7247
vn -0.8373 -0.3448 -0.4244
vn -0.6772 -0.4578 -0.5761
vn -0.1264 -0.6407 -0.7573
vn 0.1284 -0.5941 -0.7941
vn -0.8364 -0.3250 -0.4415
vn -0.6754 -0.4278 -0.6006
vn -0.1283 -0.5979 -0.7913
vn 0.1250 -0.5461 -0.8283
vn -0.8351 -0.3043 -0.4583
vn -0.6734 -0.3973 -0.6234
vn -0.1294 -0.5501 -0.8250
vn 0.1206 -0.4958 -0.8600
vn -0.8316 -0.2848 -0.4768
vn -0.6678 -0.3706 -0.6456
vn -0.1300 -0.5010 -0.8556
vn 0.1203 -0.4480 -0.8859
vn -0.9503 0.1196 0.2874
vn -0.9464 0.1042 0.3056
vn -0.8433 0.2312 0.4852
vn -0.8358 0.2067 0.5086
vn -0.4244 0.3925 0.8160
vn -0.2007 0.4758 0.8563
vn -0.1975 0.4313 0.8803
vn -0.4309 0.4329 0.7918
vn -0.8307 -0.1920 -0.5226
vn -0.8848 -0.0826 -0.4586
vn -0.4458 -0.2311 -0.8648
vn -0.6379 -0.0549 -0.7681
vn 0.0415 -0.1975 -0.9794
vn -0.2835 -0.0183 -0.9588
vn -0.9460 -0.1808 -0.2690
vn -0.6572 -0.3510 -0.6670
vn -0.1248 -0.4520 -0.8833
vn 0.1226 -0.4129 -0.9025
vn -0.6486 -0.3457 -0.6781
vn -0.1107 -0.4178 -0.9018
vn -0.9438 0.0978 0.3156
vn -0.8311 0.1976 0.5198
vn -0.1933 0.4110 0.8909
vn -0.4188 0.3712 0.8288
vn -0.9544 0.2649 0.1374
vn -0.8545 0.4263 0.2968
vn -0.4366 0.7705 0.4645
vn -0.2041 0.7914 0.5762
vn -0.9504 0.2886 0.1157
vn -0.8508 0.4597 0.2546
vn -0.4277 0.8073 0.4066
vn -0.2033 0.8376 0.5070
vn -0.8327 -0.4672 -0.2970
vn -0.8358 -0.4498 -0.3149
vn -0.6688 -0.6302 -0.3944
vn -0.1207 -0.8284 -0.5470
vn 0.1356 -0.8560 -0.4988
vn -0.1155 -0.8578 -0.5009
vn -0.6738 -0.6089 -0.4186
vn 0.1335 -0.8290 -0.5431
vn -0.8805 -0.4678 -0.0767
vn -0.6278 -0.7765 -0.0539
vn -0.2682 -0.9631 -0.0224
vn -0.8272 -0.5266 -0.1960
vn -0.4306 -0.8660 -0.2543
vn 0.0744 -0.9701 -0.2309
vn -0.9459 0.3066 0.1057
vn -0.8416 0.4942 0.2177
vn -0.4179 0.8274 0.3753
vn -0.1972 0.8749 0.4424
vn -0.1882 0.8922 0.4106
vn -0.8323 0.5154 0.2038
vn -0.4213 0.8289 0.3681
vn -0.8277 -0.4825 -0.2866
vn -0.1018 -0.8770 -0.4696
vn -0.6594 -0.6502 -0.3774
vn 0.1406 -0.8736 -0.4659
vn 0.7776 -0.4546 -0.4343
vn 0.7765 -0.4257 -0.4646
vn 0.9125 -0.2950 -0.2835
vn 0.9120 -0.2734 -0.3057
vn 0.9864 -0.1170 -0.1155
vn 0.9861 -0.1059 -0.1281
vn 0.7743 -0.3969 -0.4929
vn 0.9107 -0.2530 -0.3265
vn 0.9859 -0.0932 -0.1390
vn 0.5405 0.6434 0.5421
vn 0.5405 0.6125 0.5769
vn 0.7530 0.5025 0.4248
vn 0.7532 0.4796 0.4501
vn 0.9050 0.3237 0.2761
vn 0.9055 0.3102 0.2896
vn 0.5396 0.6750 0.5032
vn 0.7534 0.5244 0.3968
vn 0.9056 0.3344 0.2609
vn 0.7769 -0.4847 -0.4019
vn 0.7753 -0.5123 -0.3694
vn 0.9120 -0.3171 -0.2600
vn 0.9115 -0.3364 -0.2365
vn 0.9863 -0.1296 -0.1024
vn 0.9860 -0.1406 -0.0893
vn 0.5384 0.5499 0.6385
vn 0.5398 0.5805 0.6097
vn 0.7519 0.4351 0.4953
vn 0.7531 0.4561 0.4742
vn 0.9048 0.2870 0.3147
vn 0.9048 0.2990 0.3032
vn 0.5335 0.4804 0.6961
vn 0.5370 0.5172 0.6664
vn 0.7490 0.3857 0.5386
vn 0.7508 0.4120 0.5163
vn 0.9041 0.2605 0.3388
vn 0.9047 0.2740 0.3263
vn 0.7716 -0.3667 -0.5198
vn 0.9090 -0.2313 -0.3467
vn 0.9851 -0.0819 -0.1513
vn 0.7667 -0.3336 -0.5486
vn 0.9062 -0.2080 -0.3682
vn 0.9842 -0.0685 -0.1634
vn 0.7602 -0.2991 -0.5767
vn 0.9023 -0.1828 -0.3905
vn 0.9828 -0.0549 -0.1762
vn 0.7519 -0.2678 -0.6024
vn 0.8968 -0.1616 -0.4119
vn 0.9809 -0.0433 -0.1898
vn 0.5219 0.4051 0.7506
vn 0.5289 0.4390 0.7263
vn 0.7406 0.3336 0.5834
vn 0.7456 0.3565 0.5630
vn 0.9009 0.2334 0.3660
vn 0.9026 0.2456 0.3535
vn 0.4978 -0.0054 -0.8673
vn 0.7121 -0.1063 -0.6940
vn 0.7851 0.0359 -0.6183
vn 0.8756 -0.0460 -0.4809
vn 0.9555 0.0715 -0.2861
vn 0.9726 0.0179 -0.2319
vn 0.7440 -0.2450 -0.6216
vn 0.8906 -0.1474 -0.4302
vn 0.9787 -0.0361 -0.2020
vn 0.5172 0.3906 0.7615
vn 0.7357 0.3242 0.5947
vn 0.8984 0.2295 0.3743
vn 0.5371 0.7122 0.4520
vn 0.7513 0.5526 0.3608
vn 0.9048 0.3508 0.2415
vn 0.5294 0.7458 0.4044
vn 0.7445 0.5813 0.3284
vn 0.9016 0.3691 0.2255
vn 0.7729 -0.5381 -0.3363
vn 0.7682 -0.5625 -0.3059
vn 0.9098 -0.3561 -0.2133
vn 0.9062 -0.3766 -0.1922
vn 0.9854 -0.1520 -0.0765
vn 0.9843 -0.1642 -0.0646
vn 0.5080 -0.8613 -0.0132
vn 0.7922 -0.6097 0.0256
vn 0.9590 -0.2768 0.0605
vn 0.7354 -0.6646 -0.1326
vn 0.8883 -0.4542 -0.0681
vn 0.9771 -0.2128 0.0006
vn 0.5211 0.7637 0.3811
vn 0.7377 0.5981 0.3131
vn 0.8988 0.3806 0.2176
vn 0.7627 -0.5802 -0.2857
vn 0.9019 -0.3929 -0.1793
vn 0.9831 -0.1737 -0.0582
vn 0.2469 0.7413 0.6241
vn 0.2408 0.8305 0.5023
vn 0.1090 -0.2493 0.9623
vn -0.1471 -0.9693 0.1968
vn 0.2357 0.5069 0.8292
vn 0.2360 0.5116 0.8262
vn 0.1370 0.9589 -0.2486
vn 0.1368 0.9588 -0.2491
vn -0.0467 0.5182 -0.8540
vn -0.1322 0.0950 -0.9867
vn -0.0614 0.4630 -0.8842
vn 0.0354 0.4365 0.8990
vn 0.0629 -0.6194 0.7825
vn 0.0629 -0.6195 0.7825
vn -0.8889 0.4471 -0.1001
vn -0.8891 0.4566 0.0314
vn -0.6501 0.5787 0.4925
vn -0.3994 -0.9163 -0.0297
vn 0.2295 0.7687 0.5971
vn 0.6988 0.6860 0.2029
vn -0.5021 -0.8209 -0.2721
vn -0.5170 -0.3247 -0.7920
vn 0.3251 -0.8811 0.3435
vn 0.1079 0.8817 -0.4592
vn -0.4236 -0.8995 0.1068
vn -0.4331 0.1367 -0.8909
vn 0.7005 -0.4303 0.5693
vn 0.3457 -0.7563 0.5555
vn -0.2774 -0.6535 -0.7043
vn 0.8670 0.2446 -0.4341
vn 0.4143 -0.8940 0.1709
vn 0.8585 0.3715 -0.3535
vn 0.9158 -0.2717 0.2957
vn 0.1046 -0.4955 0.8623
vn -0.6209 -0.2808 0.7319
vn 0.8097 0.1747 -0.5603
vn 0.7972 0.4819 0.3636
vn 0.9664 0.0865 0.2422
vn 0.7892 -0.4194 -0.4486
vn 0.6799 -0.2584 -0.6862
vn -0.3841 -0.9231 -0.0203
vn -0.2709 0.2227 -0.9365
vn 0.1115 0.3016 0.9469
vn 0.9137 0.3957 0.0929
vn -0.0617 0.4619 -0.8848
vt 0.507393 0.739371
vt 0.507024 0.736558
vt 0.508710 0.737416
vt 0.459957 0.825867
vt 0.461631 0.816678
vt 0.461788 0.825843
vt 0.508252 0.734523
vt 0.507698 0.731528
vt 0.509381 0.732418
vt 0.479681 0.797548
vt 0.478409 0.788645
vt 0.480235 0.788654
vt 0.511270 0.728096
vt 0.513674 0.726891
vt 0.512942 0.729001
vt 0.460358 0.834997
vt 0.462193 0.834973
vt 0.479924 0.835309
vt 0.478998 0.845432
vt 0.478097 0.835365
vt 0.479256 0.816319
vt 0.477522 0.806835
vt 0.479346 0.806822
vt 0.512066 0.731157
vt 0.511052 0.733305
vt 0.508715 0.729357
vt 0.510393 0.730258
vt 0.479180 0.780015
vt 0.481011 0.780035
vt 0.462551 0.773604
vt 0.463417 0.781787
vt 0.461587 0.781799
vt 0.460844 0.790077
vt 0.462120 0.798609
vt 0.460295 0.798622
vt 0.480254 0.771041
vt 0.482083 0.771070
vt 0.481968 0.759262
vt 0.483770 0.759284
vt 0.465325 0.756662
vt 0.465629 0.765285
vt 0.463776 0.765279
vt 0.512006 0.725982
vt 0.514269 0.724811
vt 0.484367 0.742850
vt 0.486141 0.742837
vt 0.486747 0.723848
vt 0.488544 0.723938
vt 0.467191 0.747792
vt 0.467191 0.756696
vt 0.513085 0.721749
vt 0.515094 0.720582
vt 0.514739 0.722724
vt 0.460980 0.844136
vt 0.462824 0.844113
vt 0.461863 0.853601
vt 0.463721 0.853570
vt 0.482640 0.859216
vt 0.483729 0.879442
vt 0.480830 0.859297
vt 0.506562 0.733647
vt 0.463096 0.863661
vt 0.464969 0.863602
vt 0.464726 0.874111
vt 0.466580 0.873887
vt 0.485519 0.879395
vt 0.486799 0.903201
vt 0.503807 0.740911
vt 0.503882 0.737787
vt 0.505645 0.738580
vt 0.463458 0.816656
vt 0.463618 0.825819
vt 0.469932 0.798088
vt 0.464736 0.790030
vt 0.470474 0.789359
vt 0.477859 0.797551
vt 0.476581 0.788638
vt 0.477100 0.780019
vt 0.472266 0.772326
vt 0.478178 0.771045
vt 0.464028 0.834948
vt 0.464668 0.844087
vt 0.477429 0.816342
vt 0.475785 0.825909
vt 0.475602 0.816365
vt 0.475697 0.806848
vt 0.477613 0.825874
vt 0.476267 0.835421
vt 0.461752 0.807533
vt 0.462669 0.790063
vt 0.463944 0.798595
vt 0.464494 0.790049
vt 0.478424 0.771010
vt 0.476334 0.788657
vt 0.471229 0.780904
vt 0.464390 0.773597
vt 0.465247 0.781776
vt 0.466228 0.773594
vt 0.482598 0.742859
vt 0.473808 0.762299
vt 0.479918 0.759315
vt 0.467479 0.765296
vt 0.469049 0.747980
vt 0.469050 0.756733
vt 0.484892 0.723966
vt 0.464270 0.834954
vt 0.469643 0.825865
vt 0.470084 0.835184
vt 0.477161 0.845510
vt 0.479019 0.859380
vt 0.465577 0.853535
vt 0.466833 0.863541
vt 0.470847 0.844791
vt 0.465827 0.853600
vt 0.464912 0.844104
vt 0.481940 0.879492
vt 0.484925 0.903093
vt 0.468394 0.873660
vt 0.479437 0.825837
vt 0.473480 0.889997
vt 0.474943 0.889261
vt 0.476418 0.888523
vt 0.475539 0.825910
vt 0.476020 0.835417
vt 0.476034 0.797554
vt 0.475357 0.816370
vt 0.501334 0.743813
vt 0.501656 0.740524
vt 0.509930 0.735395
vt 0.478769 0.859311
vt 0.474577 0.871433
vt 0.472284 0.856425
vt 0.514365 0.712400
vt 0.513592 0.708627
vt 0.514766 0.712254
vt 0.514044 0.708597
vt 0.515167 0.712111
vt 0.465490 0.781752
vt 0.459922 0.807549
vt 0.463860 0.825819
vt 0.469471 0.816515
vt 0.463580 0.807517
vt 0.498660 0.747175
vt 0.498339 0.744473
vt 0.502679 0.745182
vt 0.504314 0.743303
vt 0.468619 0.873598
vt 0.467096 0.863701
vt 0.481683 0.879310
vt 0.476443 0.888135
vt 0.513495 0.719201
vt 0.515352 0.718355
vt 0.510334 0.725070
vt 0.512605 0.723898
vt 0.477347 0.779995
vt 0.469322 0.756563
vt 0.475954 0.749848
vt 0.509596 0.727189
vt 0.510937 0.722981
vt 0.469583 0.807193
vt 0.475451 0.806859
vt 0.480832 0.845354
vt 0.578278 0.806671
vt 0.569734 0.772199
vt 0.578951 0.805973
vt 0.476914 0.845495
vt 0.513894 0.716004
vt 0.515545 0.716179
vt 0.512466 0.713616
vt 0.514338 0.712487
vt 0.482344 0.743037
vt 0.477703 0.736286
vt 0.484603 0.724530
vt 0.471081 0.748244
vt 0.498618 0.747254
vt 0.494771 0.749647
vt 0.494499 0.749296
vt 0.505938 0.741320
vt 0.498794 0.747638
vt 0.495058 0.749995
vt 0.467732 0.765220
vt 0.459801 0.816699
vt 0.475788 0.797569
vt 0.466474 0.773560
vt 0.474769 0.734396
vt 0.511428 0.720769
vt 0.480166 0.759236
vt 0.476224 0.735142
vt 0.470863 0.748171
vt 0.464185 0.798581
vt 0.463822 0.807508
vt 0.463699 0.816651
vt 0.505325 0.735695
vt 0.511898 0.717808
vt 0.534247 0.738723
vt 0.499179 0.795322
vt 0.536685 0.723097
vt 0.537321 0.836964
vt 0.505328 0.863593
vt 0.536870 0.836387
vt 0.505801 0.862439
vt 0.536419 0.835809
vt 0.559513 0.810351
vt 0.531735 0.803726
vt 0.543572 0.784531
vt 0.650266 0.848754
vt 0.592187 0.889049
vt 0.590661 0.884509
vt 0.562378 0.730692
vt 0.568875 0.772381
vt 0.608954 0.833105
vt 0.645642 0.848906
vt 0.608661 0.833950
vt 0.517866 0.800419
vt 0.527647 0.758736
vt 0.656787 0.819410
vt 0.624673 0.758176
vt 0.669733 0.830006
vt 0.524835 0.883343
vt 0.550519 0.849159
vt 0.527151 0.882240
vt 0.611292 0.802516
vt 0.609781 0.771956
vt 0.641849 0.800962
vt 0.574749 0.824506
vt 0.551151 0.849905
vt 0.551293 0.718585
vt 0.628196 0.754670
vt 0.509815 0.890108
vt 0.593890 0.894168
vt 0.494685 0.896428
vt 0.666326 0.845467
vt 0.562560 0.730585
vt 0.620532 0.762357
vt 0.563641 0.732204
vt 0.613462 0.814785
vt 0.579055 0.806072
vt 0.613603 0.813901
vt 0.567542 0.812476
vt 0.540195 0.846555
vt 0.538679 0.841642
vt 0.494517 0.794088
vt 0.539464 0.706741
vt 0.578185 0.806878
vt 0.564223 0.771240
vt 0.568715 0.772362
vt 0.621313 0.761528
vt 0.654534 0.817964
vt 0.643717 0.704549
vt 0.631832 0.753845
vt 0.595056 0.719144
vt 0.573010 0.817850
vt 0.540354 0.846696
vt 0.571882 0.813663
vt 0.555409 0.773955
vt 0.552370 0.777338
vt 0.615022 0.819544
vt 0.613493 0.814946
vt 0.559146 0.770075
vt 0.539762 0.706641
vt 0.558945 0.770137
vt 0.609247 0.832256
vt 0.574635 0.823562
vt 0.574377 0.822623
vt 0.524964 0.883526
vt 0.590102 0.883068
vt 0.590561 0.884249
vt 0.499465 0.880288
vt 0.494458 0.896212
vt 0.647483 0.848988
vt 0.649553 0.848899
vt 0.649556 0.848679
vt 0.574914 0.810335
vt 0.616658 0.824782
vt 0.571928 0.813486
vt 0.524301 0.883757
vt 0.545373 0.847612
vt 0.549745 0.848342
vt 0.562939 0.811305
vt 0.683298 0.841444
vt 0.563484 0.732312
vt 0.570597 0.772019
vt 0.562714 0.811327
vt 0.561776 0.811093
vt 0.534132 0.739425
vt 0.504575 0.796406
vt 0.503696 0.796420
vt 0.680493 0.739250
vt 0.692377 0.689955
vt 0.505160 0.863455
vt 0.504589 0.864703
vt 0.552244 0.777434
vt 0.561810 0.810952
vt 0.551447 0.777664
vt 0.616607 0.824991
vt 0.612801 0.828805
vt 0.549889 0.848408
vt 0.574495 0.823601
vt 0.683209 0.841757
vt 0.668608 0.788546
vt 0.652014 0.732548
vt 0.571752 0.813538
vt 0.560873 0.810868
vt 0.505651 0.862352
vt 0.534105 0.741259
vt 0.505450 0.796393
vt 0.579697 0.805398
vt 0.613742 0.813019
vt 0.564585 0.733535
vt 0.619756 0.763179
vt 0.527265 0.882412
vt 0.589646 0.881894
vt 0.574884 0.824468
vt 0.645652 0.849085
vt 0.562087 0.730073
vt 0.621505 0.761331
vt 0.656136 0.819148
vt 0.654432 0.818132
vt 0.653008 0.817235
vt 0.579597 0.805302
vt 0.574247 0.822437
vt 0.574982 0.825702
vt 0.582814 0.853665
vt 0.559851 0.852481
vt 0.586724 0.867627
vt 0.544736 0.879235
vt 0.537384 0.837118
vt 0.504353 0.865538
vt 0.533787 0.826234
vt 0.508085 0.842102
vt 0.560905 0.810733
vt 0.550651 0.777897
vt 0.579208 0.773495
vt 0.577712 0.742949
vt 0.580706 0.804071
vt 0.600099 0.782650
vt 0.609351 0.832126
vt 0.601860 0.840868
vt 0.628712 0.856019
vt 0.529143 0.881341
vt 0.503420 0.796399
vt 0.534349 0.739395
vt 0.534311 0.741248
vt 0.534231 0.742853
vt 0.500159 0.718515
vt 0.500566 0.721330
vt 0.498864 0.720493
vt 0.429492 0.827735
vt 0.431115 0.818447
vt 0.431340 0.827693
vt 0.499365 0.723385
vt 0.499966 0.726377
vt 0.498266 0.725510
vt 0.449246 0.799216
vt 0.448030 0.790304
vt 0.449855 0.790328
vt 0.496432 0.729861
vt 0.494041 0.731081
vt 0.494755 0.728973
vt 0.430006 0.836951
vt 0.431858 0.836900
vt 0.449661 0.836980
vt 0.448907 0.847093
vt 0.447837 0.837062
vt 0.448820 0.817998
vt 0.447064 0.808507
vt 0.448890 0.808494
vt 0.495603 0.726812
vt 0.496578 0.724648
vt 0.498978 0.728568
vt 0.497286 0.727687
vt 0.448887 0.781688
vt 0.450715 0.781730
vt 0.432392 0.774929
vt 0.433065 0.783210
vt 0.431215 0.783187
vt 0.430340 0.791558
vt 0.431574 0.800202
vt 0.429726 0.800210
vt 0.450093 0.772730
vt 0.451899 0.772796
vt 0.452118 0.760866
vt 0.453780 0.761015
vt 0.435880 0.758022
vt 0.435681 0.766523
vt 0.433938 0.766588
vt 0.495711 0.731981
vt 0.493454 0.733156
vt 0.455220 0.744047
vt 0.456563 0.744384
vt 0.459656 0.725000
vt 0.458765 0.724400
vt 0.438032 0.749520
vt 0.437392 0.757680
vt 0.494630 0.736214
vt 0.492615 0.737367
vt 0.492982 0.735234
vt 0.430792 0.846169
vt 0.432653 0.846108
vt 0.431904 0.855703
vt 0.433777 0.855621
vt 0.452869 0.860677
vt 0.454479 0.880520
vt 0.451082 0.860808
vt 0.501071 0.724238
vt 0.433445 0.865802
vt 0.435337 0.865670
vt 0.435583 0.876068
vt 0.437367 0.875783
vt 0.456250 0.880437
vt 0.457797 0.903818
vt 0.503732 0.716943
vt 0.503694 0.720060
vt 0.501920 0.719288
vt 0.432958 0.818415
vt 0.433186 0.827651
vt 0.439459 0.799711
vt 0.434276 0.791552
vt 0.440067 0.790939
vt 0.447422 0.799211
vt 0.446200 0.790280
vt 0.446809 0.781668
vt 0.442132 0.773853
vt 0.448038 0.772694
vt 0.433708 0.836848
vt 0.434511 0.846044
vt 0.446992 0.818030
vt 0.445413 0.827626
vt 0.445162 0.818061
vt 0.445234 0.808520
vt 0.447243 0.827573
vt 0.446007 0.837144
vt 0.431206 0.809219
vt 0.432188 0.791563
vt 0.433419 0.800195
vt 0.434033 0.791569
vt 0.448286 0.772663
vt 0.445953 0.790297
vt 0.440932 0.782460
vt 0.434231 0.774960
vt 0.434911 0.783235
vt 0.436064 0.774993
vt 0.453879 0.743711
vt 0.443921 0.763619
vt 0.450205 0.760781
vt 0.437420 0.766461
vt 0.439235 0.748828
vt 0.438904 0.757340
vt 0.457831 0.723843
vt 0.433952 0.836849
vt 0.439250 0.827639
vt 0.439805 0.836996
vt 0.447080 0.847210
vt 0.449294 0.860943
vt 0.435646 0.855536
vt 0.437203 0.865542
vt 0.440740 0.846622
vt 0.435899 0.855594
vt 0.434757 0.846057
vt 0.452721 0.880606
vt 0.455981 0.903071
vt 0.439117 0.875505
vt 0.449068 0.827520
vt 0.444572 0.891196
vt 0.445979 0.890428
vt 0.447351 0.889656
vt 0.445166 0.827629
vt 0.445760 0.837144
vt 0.445594 0.799206
vt 0.444915 0.818068
vt 0.506190 0.714045
vt 0.505870 0.717317
vt 0.497669 0.722536
vt 0.449046 0.860881
vt 0.445212 0.873029
vt 0.442465 0.858221
vt 0.494464 0.749303
vt 0.493076 0.745800
vt 0.493271 0.745566
vt 0.494240 0.749448
vt 0.492881 0.746034
vt 0.435154 0.783215
vt 0.429359 0.809239
vt 0.433429 0.827648
vt 0.439009 0.818242
vt 0.433050 0.809200
vt 0.508879 0.710713
vt 0.509166 0.713409
vt 0.504848 0.712671
vt 0.503217 0.714553
vt 0.439336 0.875437
vt 0.437470 0.865693
vt 0.452467 0.880436
vt 0.447360 0.889284
vt 0.494203 0.738759
vt 0.492339 0.739589
vt 0.497390 0.732888
vt 0.495116 0.734066
vt 0.447057 0.781646
vt 0.439173 0.757161
vt 0.446423 0.750590
vt 0.498118 0.730755
vt 0.496786 0.734987
vt 0.439094 0.808868
vt 0.444988 0.808531
vt 0.450729 0.846978
vt 0.515648 0.743192
vt 0.515271 0.740373
vt 0.516967 0.741223
vt 0.446834 0.847200
vt 0.493778 0.741949
vt 0.492131 0.741762
vt 0.495182 0.744344
vt 0.493299 0.745457
vt 0.453621 0.743842
vt 0.449046 0.736027
vt 0.457528 0.724232
vt 0.440724 0.747940
vt 0.508922 0.710633
vt 0.512846 0.708270
vt 0.513134 0.708628
vt 0.501600 0.716547
vt 0.455863 0.903112
vt 0.454716 0.904306
vt 0.437672 0.766387
vt 0.429268 0.818478
vt 0.445347 0.799219
vt 0.436309 0.774964
vt 0.491940 0.742171
vt 0.492101 0.741857
vt 0.496284 0.737205
vt 0.450455 0.760716
vt 0.491779 0.742486
vt 0.433662 0.800181
vt 0.433293 0.809190
vt 0.433200 0.818409
vt 0.502280 0.722169
vt 0.495788 0.740164
vt 0.508499 0.935863
vt 0.501284 0.934270
vt 0.508531 0.934416
vt 0.516481 0.738329
vt 0.515883 0.735351
vt 0.517577 0.736209
vt 0.486792 0.919422
vt 0.479751 0.920104
vt 0.479826 0.918671
vt 0.519370 0.731855
vt 0.521741 0.730597
vt 0.521058 0.732720
vt 0.515724 0.935794
vt 0.515752 0.934344
vt 0.516482 0.920397
vt 0.524393 0.921382
vt 0.516477 0.921833
vt 0.501539 0.920370
vt 0.494023 0.921432
vt 0.494072 0.919997
vt 0.520231 0.734893
vt 0.519266 0.737065
vt 0.516851 0.733169
vt 0.518542 0.734032
vt 0.473009 0.919169
vt 0.473098 0.917736
vt 0.467257 0.931975
vt 0.473758 0.931646
vt 0.473692 0.933093
vt 0.480215 0.934012
vt 0.487015 0.933311
vt 0.486964 0.934757
vt 0.466029 0.917955
vt 0.466130 0.916529
vt 0.456913 0.916085
vt 0.457012 0.914683
vt 0.454074 0.928957
vt 0.460850 0.929156
vt 0.460753 0.930614
vt 0.520056 0.729729
vt 0.522287 0.728508
vt 0.444238 0.913460
vt 0.444306 0.912078
vt 0.429507 0.910732
vt 0.429579 0.909324
vt 0.447308 0.926960
vt 0.454202 0.927487
vt 0.521032 0.725482
vt 0.523007 0.724267
vt 0.522706 0.726413
vt 0.522955 0.935526
vt 0.522979 0.934070
vt 0.530436 0.935036
vt 0.530448 0.933570
vt 0.535218 0.918819
vt 0.550849 0.918343
vt 0.535247 0.920225
vt 0.514785 0.737475
vt 0.538372 0.934260
vt 0.538359 0.932777
vt 0.546567 0.933102
vt 0.546428 0.931675
vt 0.550848 0.916962
vt 0.569196 0.916602
vt 0.512044 0.744717
vt 0.512141 0.741604
vt 0.513897 0.742397
vt 0.501323 0.932826
vt 0.508564 0.932970
vt 0.486876 0.927119
vt 0.480325 0.930931
vt 0.480014 0.926375
vt 0.486731 0.920855
vt 0.479678 0.921541
vt 0.472929 0.920800
vt 0.466688 0.924269
vt 0.465943 0.919579
vt 0.515780 0.932895
vt 0.523001 0.932616
vt 0.501501 0.921808
vt 0.508981 0.923386
vt 0.501463 0.923246
vt 0.493974 0.922870
vt 0.509005 0.921947
vt 0.516472 0.923272
vt 0.494062 0.933890
vt 0.480273 0.932567
vt 0.487067 0.931867
vt 0.480331 0.931123
vt 0.465926 0.919384
vt 0.479683 0.921735
vt 0.473385 0.925449
vt 0.467335 0.930523
vt 0.473826 0.930201
vt 0.467416 0.929074
vt 0.444166 0.914837
vt 0.458907 0.922597
vt 0.456861 0.917685
vt 0.460949 0.927702
vt 0.447545 0.925552
vt 0.454331 0.926034
vt 0.429506 0.912218
vt 0.515790 0.932704
vt 0.508770 0.928219
vt 0.516123 0.928128
vt 0.524412 0.922820
vt 0.535279 0.921632
vt 0.530458 0.932106
vt 0.538345 0.931311
vt 0.523698 0.927765
vt 0.530515 0.931911
vt 0.523020 0.932424
vt 0.550855 0.919716
vt 0.568900 0.918207
vt 0.546291 0.930275
vt 0.509029 0.920511
vt 0.558995 0.926712
vt 0.558454 0.925559
vt 0.557911 0.924397
vt 0.508974 0.923579
vt 0.516463 0.923466
vt 0.486670 0.922291
vt 0.501460 0.923440
vt 0.509489 0.747585
vt 0.509914 0.744295
vt 0.518174 0.739182
vt 0.535221 0.921824
vt 0.544591 0.925335
vt 0.532849 0.926880
vt 0.437244 0.920577
vt 0.428371 0.913234
vt 0.437892 0.919479
vt 0.429469 0.912327
vt 0.438541 0.918380
vt 0.473817 0.930008
vt 0.494016 0.935336
vt 0.508570 0.932779
vt 0.501394 0.928079
vt 0.494107 0.932445
vt 0.506604 0.750779
vt 0.506462 0.748081
vt 0.510822 0.749053
vt 0.512517 0.747131
vt 0.546248 0.930098
vt 0.538475 0.931109
vt 0.550710 0.919909
vt 0.557617 0.924372
vt 0.521377 0.722932
vt 0.523206 0.722038
vt 0.518367 0.728858
vt 0.520605 0.727636
vt 0.472920 0.920606
vt 0.454212 0.925813
vt 0.449314 0.920314
vt 0.517680 0.730988
vt 0.518920 0.726761
vt 0.494046 0.927698
vt 0.493974 0.923063
vt 0.524375 0.919947
vt 0.524394 0.923013
vt 0.521687 0.719739
vt 0.523339 0.719864
vt 0.520193 0.717407
vt 0.522024 0.716226
vt 0.444294 0.915043
vt 0.438849 0.918387
vt 0.429939 0.912469
vt 0.447844 0.924006
vt 0.506557 0.750855
vt 0.502523 0.752968
vt 0.502279 0.752596
vt 0.514175 0.745146
vt 0.506705 0.751253
vt 0.502782 0.753341
vt 0.460902 0.927500
vt 0.501246 0.935716
vt 0.486673 0.922485
vt 0.467400 0.928880
vt 0.519357 0.724545
vt 0.456811 0.917488
vt 0.447778 0.924171
vt 0.487064 0.931676
vt 0.494108 0.932254
vt 0.501326 0.932635
vt 0.513572 0.739523
vt 0.519751 0.721589
vt 0.513150 0.708666
vt 0.513138 0.708674
vt 0.513148 0.708655
vt 0.513143 0.708692
vt 0.513130 0.708695
vt 0.513134 0.708664
vt 0.513146 0.708650
vt 0.513128 0.708683
vt 0.488637 0.724274
vt 0.488692 0.724265
vt 0.488672 0.724371
vt 0.488609 0.724158
vt 0.488651 0.724146
vt 0.513125 0.708722
vt 0.513138 0.708722
vt 0.513132 0.708754
vt 0.488617 0.724051
vt 0.488651 0.724038
vt 0.488584 0.723971
vt 0.488581 0.724042
vt 0.488542 0.723874
vt 0.488589 0.723926
vt 0.488618 0.723999
vt 0.494499 0.749282
vt 0.494515 0.749273
vt 0.494491 0.749302
vt 0.494488 0.749286
vt 0.494510 0.749261
vt 0.494534 0.749247
vt 0.494499 0.749268
vt 0.488568 0.903070
vt 0.488608 0.903034
vt 0.488566 0.903111
vt 0.488604 0.902961
vt 0.488642 0.902949
vt 0.488611 0.903079
vt 0.488640 0.903004
vt 0.494554 0.749221
vt 0.494545 0.749210
vt 0.494570 0.749197
vt 0.494525 0.749238
vt 0.488672 0.902843
vt 0.488632 0.902833
vt 0.488658 0.902709
vt 0.494503 0.749255
vt 0.484754 0.723913
vt 0.484766 0.724012
vt 0.484714 0.724079
vt 0.514041 0.708582
vt 0.514061 0.708591
vt 0.514067 0.708601
vt 0.484728 0.724133
vt 0.484669 0.724237
vt 0.484763 0.724081
vt 0.484814 0.724032
vt 0.484883 0.723919
vt 0.484817 0.724118
vt 0.484758 0.724146
vt 0.484807 0.723975
vt 0.484627 0.724393
vt 0.484669 0.724414
vt 0.484699 0.724262
vt 0.484742 0.724270
vt 0.495078 0.749999
vt 0.495049 0.750001
vt 0.484745 0.902993
vt 0.484757 0.902933
vt 0.484811 0.903056
vt 0.484883 0.903156
vt 0.484852 0.903082
vt 0.484799 0.902985
vt 0.484694 0.902634
vt 0.484651 0.902656
vt 0.484626 0.902513
vt 0.484771 0.902785
vt 0.484725 0.902795
vt 0.484695 0.902821
vt 0.484788 0.902918
vt 0.484855 0.903030
vt 0.484852 0.902946
vt 0.484906 0.903160
vt 0.578297 0.806704
vt 0.578259 0.806728
vt 0.578322 0.806733
vt 0.578273 0.806751
vt 0.578238 0.806794
vt 0.578331 0.806797
vt 0.578353 0.806757
vt 0.578387 0.806775
vt 0.578267 0.806821
vt 0.578308 0.806784
vt 0.578269 0.806789
vt 0.578290 0.806768
vt 0.578212 0.806844
vt 0.578254 0.806792
vt 0.578237 0.806823
vt 0.578219 0.806849
vt 0.524801 0.883425
vt 0.524666 0.883510
vt 0.524814 0.883477
vt 0.524669 0.883529
vt 0.524569 0.883610
vt 0.524514 0.883629
vt 0.524709 0.883579
vt 0.524861 0.883513
vt 0.524692 0.883567
vt 0.524683 0.883546
vt 0.524487 0.883656
vt 0.524407 0.883687
vt 0.562324 0.730466
vt 0.562403 0.730624
vt 0.562259 0.730345
vt 0.562279 0.730368
vt 0.562484 0.730573
vt 0.562362 0.730419
vt 0.562436 0.730588
vt 0.562351 0.730429
vt 0.562244 0.730318
vt 0.562214 0.730256
vt 0.656205 0.819119
vt 0.656343 0.819211
vt 0.656239 0.819084
vt 0.656371 0.819195
vt 0.656513 0.819253
vt 0.656565 0.819283
vt 0.656235 0.818959
vt 0.656407 0.819161
vt 0.656251 0.819035
vt 0.656596 0.819292
vt 0.656416 0.819148
vt 0.534291 0.739342
vt 0.534295 0.739186
vt 0.534240 0.739331
vt 0.534271 0.739172
vt 0.534252 0.739033
vt 0.534256 0.738983
vt 0.534228 0.739160
vt 0.534190 0.739352
vt 0.534213 0.739158
vt 0.534253 0.739018
vt 0.534240 0.738839
vt 0.534251 0.738932
vt 0.534240 0.738957
vt 0.574242 0.822603
vt 0.574263 0.822644
vt 0.574231 0.822664
vt 0.574254 0.822536
vt 0.574265 0.822591
vt 0.574288 0.822583
vt 0.574300 0.822629
vt 0.574293 0.822526
vt 0.574267 0.822509
vt 0.574263 0.822478
vt 0.574255 0.822480
vt 0.574339 0.822623
vt 0.574337 0.822577
vt 0.574311 0.822578
vt 0.574285 0.822540
vt 0.649790 0.848753
vt 0.649603 0.848737
vt 0.649772 0.848722
vt 0.649964 0.848762
vt 0.649933 0.848761
vt 0.649793 0.848777
vt 0.649618 0.848786
vt 0.649605 0.848837
vt 0.649810 0.848811
vt 0.649807 0.848796
vt 0.650034 0.848769
vt 0.562797 0.811219
vt 0.562751 0.811218
vt 0.562750 0.811181
vt 0.562835 0.811270
vt 0.562797 0.811245
vt 0.562746 0.811257
vt 0.562820 0.811276
vt 0.562792 0.811269
vt 0.562895 0.811299
vt 0.562831 0.811288
vt 0.562866 0.811287
vt 0.562898 0.811290
vt 0.562849 0.811262
vt 0.562732 0.811294
vt 0.562772 0.811315
vt 0.562785 0.811292
vt 0.562839 0.811302
vt 0.504624 0.865044
vt 0.504688 0.864860
vt 0.504749 0.864880
vt 0.504511 0.865183
vt 0.504590 0.865026
vt 0.504569 0.865002
vt 0.504651 0.864824
vt 0.504526 0.865128
vt 0.504622 0.864773
vt 0.504531 0.864981
vt 0.504548 0.864995
vt 0.504500 0.865185
vt 0.504462 0.865252
vt 0.683369 0.841420
vt 0.683286 0.841526
vt 0.683450 0.841424
vt 0.683397 0.841543
vt 0.683269 0.841604
vt 0.683475 0.841578
vt 0.683389 0.841633
vt 0.595042 0.719140
vt 0.595061 0.719121
vt 0.595051 0.719167
vt 0.595032 0.719156
vt 0.595039 0.719122
vt 0.595067 0.719105
vt 0.683502 0.841663
vt 0.683439 0.841646
vt 0.683243 0.841680
vt 0.683265 0.841814
vt 0.683350 0.841716
vt 0.683341 0.841845
vt 0.683437 0.841722
vt 0.539408 0.706694
vt 0.539536 0.706707
vt 0.539372 0.706625
vt 0.539496 0.706607
vt 0.539609 0.706678
vt 0.539485 0.706525
vt 0.539574 0.706566
vt 0.692388 0.689943
vt 0.692395 0.689970
vt 0.692361 0.689938
vt 0.692380 0.689927
vt 0.692405 0.689950
vt 0.692405 0.689983
vt 0.539539 0.706457
vt 0.539559 0.706518
vt 0.539683 0.706657
vt 0.539783 0.706572
vt 0.539660 0.706553
vt 0.539774 0.706495
vt 0.539623 0.706480
vt 0.571925 0.813534
vt 0.571881 0.813491
vt 0.571916 0.813578
vt 0.571882 0.813535
vt 0.571837 0.813502
vt 0.571855 0.813564
vt 0.571848 0.813539
vt 0.571865 0.813601
vt 0.571903 0.813620
vt 0.571810 0.813609
vt 0.571843 0.813638
vt 0.571879 0.813570
vt 0.571794 0.813517
vt 0.571780 0.813576
vt 0.571816 0.813554
vt 0.571837 0.813582
vt 0.494667 0.896511
vt 0.494624 0.896380
vt 0.494622 0.896586
vt 0.494553 0.896473
vt 0.494565 0.896330
vt 0.494481 0.896530
vt 0.494480 0.896425
vt 0.668614 0.788561
vt 0.668589 0.788555
vt 0.668631 0.788540
vt 0.668632 0.788562
vt 0.668601 0.788573
vt 0.668574 0.788558
vt 0.494392 0.896514
vt 0.494442 0.896465
vt 0.494510 0.896274
vt 0.494383 0.896231
vt 0.494425 0.896351
vt 0.494313 0.896280
vt 0.494375 0.896426
vt 0.564437 0.733637
vt 0.564503 0.733622
vt 0.564491 0.733677
vt 0.564466 0.733580
vt 0.564487 0.733557
vt 0.564539 0.733664
vt 0.564544 0.733723
vt 0.564515 0.733600
vt 0.564537 0.733635
vt 0.564541 0.733598
vt 0.564516 0.733545
vt 0.564597 0.733613
vt 0.564562 0.733650
vt 0.564596 0.733774
vt 0.564629 0.733754
vt 0.564995 0.732758
vt 0.564577 0.733702
vt 0.564611 0.733684
vt 0.579629 0.805286
vt 0.579618 0.805331
vt 0.579661 0.805275
vt 0.579647 0.805315
vt 0.579641 0.805357
vt 0.579674 0.805321
vt 0.579662 0.805334
vt 0.579727 0.805300
vt 0.579694 0.805267
vt 0.578625 0.806478
vt 0.579722 0.805333
vt 0.579694 0.805301
vt 0.579692 0.805326
vt 0.579669 0.805304
vt 0.579667 0.805379
vt 0.579712 0.805366
vt 0.579682 0.805349
vt 0.653019 0.817167
vt 0.653065 0.817202
vt 0.652963 0.817182
vt 0.652974 0.817133
vt 0.653041 0.817153
vt 0.653086 0.817179
vt 0.653004 0.817133
vt 0.652877 0.817046
vt 0.652859 0.817080
vt 0.653793 0.816607
vt 0.652950 0.817060
vt 0.652933 0.817096
vt 0.652914 0.817131
vt 0.653103 0.817078
vt 0.653041 0.817127
vt 0.653023 0.817070
vt 0.653097 0.817149
vt 0.652987 0.817108
vt 0.574782 0.824490
vt 0.574770 0.824535
vt 0.574814 0.824478
vt 0.574799 0.824519
vt 0.574793 0.824561
vt 0.574822 0.824508
vt 0.574815 0.824538
vt 0.574881 0.824504
vt 0.574848 0.824471
vt 0.574875 0.824538
vt 0.574848 0.824505
vt 0.574845 0.824530
vt 0.574819 0.824583
vt 0.574864 0.824570
vt 0.574383 0.823149
vt 0.574835 0.824553
vt 0.574827 0.824526
vt 0.529206 0.881375
vt 0.529149 0.881398
vt 0.529215 0.881316
vt 0.529253 0.881364
vt 0.529211 0.881411
vt 0.529164 0.881429
vt 0.529244 0.881393
vt 0.529369 0.881346
vt 0.529337 0.881296
vt 0.528995 0.882068
vt 0.529336 0.881392
vt 0.529304 0.881355
vt 0.529278 0.881303
vt 0.529275 0.881397
vt 0.529237 0.881490
vt 0.529241 0.881429
vt 0.529296 0.881437
vt 0.529187 0.881455
vt 0.645602 0.848961
vt 0.645559 0.848922
vt 0.645668 0.848957
vt 0.645622 0.848994
vt 0.645546 0.848974
vt 0.645489 0.848943
vt 0.645574 0.848994
vt 0.645603 0.849027
vt 0.645672 0.849027
vt 0.645561 0.849068
vt 0.645546 0.849015
vt 0.645422 0.848964
vt 0.645421 0.849021
vt 0.645955 0.849741
vt 0.645489 0.848994
vt 0.645488 0.849045
vt 0.534176 0.742892
vt 0.534179 0.742830
vt 0.534219 0.742931
vt 0.534164 0.742943
vt 0.534143 0.742877
vt 0.534143 0.742919
vt 0.534124 0.743060
vt 0.534181 0.743057
vt 0.533615 0.742513
vt 0.534099 0.743003
vt 0.534147 0.742996
vt 0.534201 0.742996
vt 0.534124 0.742946
vt 0.534057 0.742858
vt 0.534112 0.742896
vt 0.534077 0.742940
vt 0.534145 0.742826
vt 0.560904 0.810769
vt 0.560870 0.810737
vt 0.560898 0.810803
vt 0.560870 0.810771
vt 0.560837 0.810745
vt 0.560868 0.810796
vt 0.560845 0.810774
vt 0.560843 0.810848
vt 0.560888 0.810835
vt 0.560817 0.810826
vt 0.560858 0.810819
vt 0.560838 0.810804
vt 0.560805 0.810756
vt 0.560794 0.810801
vt 0.562452 0.811175
vt 0.560823 0.810785
vt 0.560850 0.810791
vt 0.505772 0.862366
vt 0.505826 0.862354
vt 0.505748 0.862429
vt 0.505736 0.862365
vt 0.505788 0.862305
vt 0.505844 0.862270
vt 0.505757 0.862320
vt 0.505720 0.862333
vt 0.505690 0.862392
vt 0.505709 0.862282
vt 0.505755 0.862284
vt 0.505716 0.862414
vt 0.505858 0.862190
vt 0.505811 0.862165
vt 0.504889 0.861958
vt 0.505800 0.862240
vt 0.505760 0.862221
vt 0.494476 0.749288
vt 0.494470 0.749312
vt 0.494469 0.749273
vt 0.494481 0.749263
vt 0.494482 0.749297
vt 0.494474 0.749315
vt 0.494485 0.749276
vt 0.494493 0.749199
vt 0.494479 0.749201
vt 0.494485 0.749169
vt 0.459713 0.725264
vt 0.459753 0.725267
vt 0.459737 0.725404
vt 0.494487 0.749234
vt 0.494474 0.749237
vt 0.494490 0.749262
vt 0.459704 0.725057
vt 0.459688 0.725122
vt 0.459687 0.724944
vt 0.459716 0.725015
vt 0.459728 0.725155
vt 0.459733 0.725099
vt 0.492095 0.741835
vt 0.492109 0.741835
vt 0.492089 0.741809
vt 0.492103 0.741813
vt 0.492116 0.741809
vt 0.492099 0.741794
vt 0.492110 0.741795
vt 0.438005 0.749439
vt 0.438056 0.749436
vt 0.492097 0.741758
vt 0.492107 0.741773
vt 0.492097 0.741776
vt 0.438027 0.749372
vt 0.438086 0.749339
vt 0.492105 0.741786
vt 0.492115 0.741777
vt 0.492120 0.741760
vt 0.492124 0.741784
vt 0.492108 0.741759
vt 0.513134 0.708643
vt 0.513118 0.708651
vt 0.513149 0.708621
vt 0.513145 0.708639
vt 0.513123 0.708663
vt 0.513098 0.708677
vt 0.513134 0.708657
vt 0.459651 0.903956
vt 0.459691 0.903921
vt 0.459647 0.903997
vt 0.459687 0.903848
vt 0.459725 0.903836
vt 0.459694 0.903967
vt 0.459724 0.903892
vt 0.513077 0.708704
vt 0.513086 0.708715
vt 0.513060 0.708728
vt 0.513107 0.708687
vt 0.459753 0.903729
vt 0.459712 0.903720
vt 0.459737 0.903595
vt 0.513129 0.708670
vt 0.494004 0.749576
vt 0.493992 0.749573
vt 0.493984 0.749556
vt 0.494010 0.749584
vt 0.493996 0.749584
vt 0.493974 0.749559
vt 0.493960 0.749532
vt 0.493981 0.749571
vt 0.457775 0.723854
vt 0.457849 0.723804
vt 0.457756 0.723933
vt 0.457705 0.723918
vt 0.457783 0.723804
vt 0.457723 0.723864
vt 0.457548 0.724120
vt 0.457598 0.724149
vt 0.457587 0.723988
vt 0.457631 0.724008
vt 0.457676 0.724041
vt 0.457673 0.723894
vt 0.440605 0.747832
vt 0.440526 0.747880
vt 0.440558 0.747800
vt 0.440646 0.747867
vt 0.440578 0.747892
vt 0.440555 0.747953
vt 0.440497 0.747975
vt 0.440591 0.747945
vt 0.440640 0.747942
vt 0.440685 0.747903
vt 0.440661 0.747987
vt 0.440594 0.747982
vt 0.440619 0.747906
vt 0.440473 0.748067
vt 0.440520 0.748099
vt 0.440455 0.748146
vt 0.440538 0.748022
vt 0.440591 0.748042
vt 0.455856 0.903008
vt 0.455920 0.903147
vt 0.455807 0.902948
vt 0.455819 0.902894
vt 0.455893 0.903041
vt 0.455853 0.902943
vt 0.455752 0.902624
vt 0.455713 0.902645
vt 0.455684 0.902513
vt 0.455827 0.902761
vt 0.455786 0.902770
vt 0.455759 0.902795
vt 0.455846 0.902881
vt 0.455902 0.902990
vt 0.455904 0.902907
vt 0.455948 0.903140
vt 0.520708 0.712454
vt 0.520698 0.712464
vt 0.520705 0.712443
vt 0.520705 0.712481
vt 0.520693 0.712486
vt 0.520692 0.712454
vt 0.520701 0.712438
vt 0.520689 0.712474
vt 0.520682 0.712545
vt 0.520696 0.712543
vt 0.520691 0.712571
vt 0.429756 0.909284
vt 0.429749 0.909252
vt 0.429848 0.909268
vt 0.520688 0.712512
vt 0.520701 0.712512
vt 0.520683 0.712486
vt 0.429607 0.909295
vt 0.429662 0.909301
vt 0.429528 0.909320
vt 0.429573 0.909290
vt 0.429670 0.909272
vt 0.429629 0.909271
vt 0.502279 0.752582
vt 0.502296 0.752574
vt 0.502269 0.752602
vt 0.502268 0.752585
vt 0.502291 0.752562
vt 0.502317 0.752550
vt 0.502280 0.752568
vt 0.569177 0.915163
vt 0.569149 0.915132
vt 0.569210 0.915166
vt 0.569093 0.915133
vt 0.569084 0.915103
vt 0.569185 0.915130
vt 0.569127 0.915105
vt 0.502339 0.752524
vt 0.502331 0.752512
vt 0.502357 0.752502
vt 0.502309 0.752539
vt 0.569002 0.915077
vt 0.568994 0.915108
vt 0.568898 0.915085
vt 0.502285 0.752555
vt 0.429542 0.912321
vt 0.429591 0.912363
vt 0.521536 0.712031
vt 0.521558 0.712032
vt 0.521568 0.712039
vt 0.429634 0.912354
vt 0.429713 0.912404
vt 0.429595 0.912325
vt 0.429558 0.912284
vt 0.429467 0.912223
vt 0.429626 0.912284
vt 0.429646 0.912331
vt 0.429514 0.912288
vt 0.429833 0.912444
vt 0.429851 0.912412
vt 0.429734 0.912382
vt 0.429742 0.912348
vt 0.568922 0.918300
vt 0.568844 0.918298
vt 0.568951 0.918262
vt 0.568795 0.918333
vt 0.568755 0.918322
vt 0.568872 0.918272
vt 0.568794 0.918298
vt 0.568540 0.918361
vt 0.568556 0.918393
vt 0.568450 0.918409
vt 0.568651 0.918309
vt 0.568657 0.918342
vt 0.568675 0.918364
vt 0.568746 0.918300
vt 0.568833 0.918262
vt 0.568769 0.918257
vt 0.568960 0.918239
vt 0.512077 0.731163
vt 0.511063 0.733311
vt 0.512087 0.731168
vt 0.511073 0.733315
vt 0.512096 0.731172
vt 0.511082 0.733320
vt 0.459874 0.807548
vt 0.459753 0.816700
vt 0.512953 0.729007
vt 0.512963 0.729012
vt 0.459833 0.807545
vt 0.460247 0.798621
vt 0.479628 0.825827
vt 0.479396 0.816319
vt 0.479447 0.816320
vt 0.479576 0.825831
vt 0.479351 0.816318
vt 0.479531 0.825834
vt 0.479306 0.816318
vt 0.480114 0.835286
vt 0.480063 0.835295
vt 0.480019 0.835302
vt 0.479487 0.825836
vt 0.508721 0.737421
vt 0.509942 0.735401
vt 0.508731 0.737426
vt 0.509951 0.735406
vt 0.508740 0.737432
vt 0.460310 0.834999
vt 0.509960 0.735411
vt 0.459909 0.825868
vt 0.479871 0.797570
vt 0.479485 0.806828
vt 0.479820 0.797560
vt 0.479440 0.806825
vt 0.479776 0.797554
vt 0.479396 0.806823
vt 0.479732 0.797549
vt 0.479536 0.806834
vt 0.481198 0.780078
vt 0.480373 0.788672
vt 0.481149 0.780060
vt 0.480329 0.788662
vt 0.481106 0.780047
vt 0.480285 0.788656
vt 0.481062 0.780038
vt 0.480424 0.788686
vt 0.513685 0.726897
vt 0.513695 0.726902
vt 0.460207 0.798618
vt 0.460795 0.790076
vt 0.514281 0.724817
vt 0.514291 0.724821
vt 0.460755 0.790071
vt 0.461539 0.781797
vt 0.514750 0.722730
vt 0.514760 0.722735
vt 0.461498 0.781790
vt 0.462502 0.773601
vt 0.515105 0.720592
vt 0.515114 0.720599
vt 0.462462 0.773591
vt 0.463727 0.765273
vt 0.483944 0.759379
vt 0.482218 0.771104
vt 0.483900 0.759340
vt 0.482176 0.771086
vt 0.483860 0.759310
vt 0.482133 0.771074
vt 0.483819 0.759291
vt 0.482265 0.771128
vt 0.515557 0.716175
vt 0.514342 0.712456
vt 0.515568 0.716170
vt 0.514347 0.712429
vt 0.515577 0.716163
vt 0.514355 0.712410
vt 0.515588 0.716155
vt 0.513126 0.708781
vt 0.515362 0.718372
vt 0.515371 0.718385
vt 0.463688 0.765255
vt 0.465276 0.756649
vt 0.465240 0.756613
vt 0.467139 0.747795
vt 0.486263 0.742938
vt 0.486228 0.742884
vt 0.486189 0.742849
vt 0.486302 0.743005
vt 0.481018 0.845311
vt 0.480969 0.845328
vt 0.480926 0.845341
vt 0.479975 0.835306
vt 0.482816 0.859126
vt 0.482771 0.859162
vt 0.482731 0.859190
vt 0.480882 0.845350
vt 0.505952 0.741323
vt 0.507405 0.739377
vt 0.505963 0.741325
vt 0.507415 0.739381
vt 0.505973 0.741330
vt 0.461814 0.853606
vt 0.507424 0.739387
vt 0.460931 0.844138
vt 0.498641 0.747199
vt 0.498626 0.747221
vt 0.498618 0.747240
vt 0.502685 0.745193
vt 0.502689 0.745203
vt 0.502694 0.745213
vt 0.502696 0.745225
vt 0.485680 0.879217
vt 0.485641 0.879287
vt 0.485606 0.879344
vt 0.482690 0.859209
vt 0.485567 0.879381
vt 0.488692 0.902605
vt 0.504332 0.743299
vt 0.504348 0.743297
vt 0.464675 0.874110
vt 0.504360 0.743298
vt 0.463048 0.863673
vt 0.463515 0.816655
vt 0.463638 0.807516
vt 0.463578 0.816654
vt 0.463701 0.807514
vt 0.463641 0.816653
vt 0.463764 0.807511
vt 0.464001 0.798593
vt 0.464064 0.798590
vt 0.464127 0.798585
vt 0.475727 0.825910
vt 0.475544 0.816366
vt 0.475663 0.825911
vt 0.475480 0.816367
vt 0.475599 0.825911
vt 0.475416 0.816368
vt 0.476208 0.835422
vt 0.476144 0.835421
vt 0.476080 0.835419
vt 0.463675 0.825818
vt 0.464085 0.834948
vt 0.463738 0.825818
vt 0.464149 0.834949
vt 0.463802 0.825818
vt 0.464212 0.834951
vt 0.475976 0.797556
vt 0.475638 0.806849
vt 0.475912 0.797559
vt 0.475575 0.806852
vt 0.475848 0.797564
vt 0.475510 0.806855
vt 0.477288 0.779997
vt 0.476522 0.788640
vt 0.477224 0.780002
vt 0.476458 0.788644
vt 0.477160 0.780010
vt 0.476394 0.788650
vt 0.464551 0.790047
vt 0.464615 0.790043
vt 0.464678 0.790036
vt 0.465304 0.781774
vt 0.465368 0.781768
vt 0.465431 0.781760
vt 0.466286 0.773591
vt 0.466350 0.773583
vt 0.466415 0.773572
vt 0.467538 0.765290
vt 0.467604 0.765273
vt 0.467671 0.765248
vt 0.480108 0.759242
vt 0.478366 0.771013
vt 0.480044 0.759259
vt 0.478302 0.771021
vt 0.479979 0.759285
vt 0.478237 0.771032
vt 0.477722 0.735938
vt 0.470919 0.748181
vt 0.477731 0.736027
vt 0.470977 0.748197
vt 0.477722 0.736148
vt 0.471032 0.748218
vt 0.477690 0.735891
vt 0.469111 0.756721
vt 0.469181 0.756683
vt 0.469254 0.756628
vt 0.482540 0.742873
vt 0.482475 0.742912
vt 0.482407 0.742970
vt 0.477103 0.845511
vt 0.477039 0.845508
vt 0.476974 0.845502
vt 0.478960 0.859377
vt 0.478896 0.859362
vt 0.478830 0.859339
vt 0.464726 0.844088
vt 0.465636 0.853539
vt 0.464789 0.844092
vt 0.465701 0.853554
vt 0.464853 0.844097
vt 0.465767 0.853575
vt 0.498973 0.748021
vt 0.495094 0.749990
vt 0.476452 0.888478
vt 0.476464 0.888390
vt 0.476458 0.888271
vt 0.468450 0.873651
vt 0.468510 0.873637
vt 0.468568 0.873619
vt 0.481882 0.879479
vt 0.481816 0.879439
vt 0.481747 0.879380
vt 0.466893 0.863552
vt 0.466961 0.863587
vt 0.467031 0.863639
vt 0.486803 0.903246
vt 0.484917 0.903139
vt 0.494755 0.749653
vt 0.494485 0.749304
vt 0.494761 0.749651
vt 0.486752 0.723803
vt 0.488542 0.723897
vt 0.513588 0.708616
vt 0.514043 0.708587
vt 0.559090 0.770070
vt 0.559037 0.770078
vt 0.558989 0.770101
vt 0.540298 0.846678
vt 0.540219 0.846607
vt 0.540253 0.846648
vt 0.680513 0.739255
vt 0.668647 0.788533
vt 0.494416 0.794060
vt 0.680526 0.739258
vt 0.494313 0.794032
vt 0.616642 0.824944
vt 0.616663 0.824894
vt 0.616668 0.824840
vt 0.643711 0.704529
vt 0.692347 0.689928
vt 0.628272 0.754595
vt 0.643708 0.704516
vt 0.628350 0.754519
vt 0.631818 0.753860
vt 0.595050 0.719184
vt 0.593958 0.894372
vt 0.593924 0.894269
vt 0.631810 0.753869
vt 0.568837 0.772385
vt 0.562307 0.730497
vt 0.568797 0.772381
vt 0.562225 0.730290
vt 0.568757 0.772373
vt 0.562153 0.730189
vt 0.656666 0.819349
vt 0.613478 0.814903
vt 0.613467 0.814863
vt 0.613460 0.814824
vt 0.562154 0.730164
vt 0.621454 0.761382
vt 0.621406 0.761431
vt 0.621360 0.761478
vt 0.656688 0.819345
vt 0.549861 0.848382
vt 0.549828 0.848363
vt 0.549790 0.848350
vt 0.609264 0.832220
vt 0.609288 0.832188
vt 0.650002 0.848760
vt 0.609317 0.832157
vt 0.650129 0.848751
vt 0.650149 0.848765
vt 0.590637 0.884440
vt 0.590612 0.884376
vt 0.590587 0.884314
vt 0.524417 0.883703
vt 0.524524 0.883643
vt 0.534257 0.738857
vt 0.552341 0.777370
vt 0.552311 0.777398
vt 0.552279 0.777420
vt 0.537372 0.837075
vt 0.537359 0.837034
vt 0.537342 0.836997
vt 0.504415 0.865416
vt 0.504400 0.865424
vt 0.503490 0.796414
vt 0.503558 0.796420
vt 0.503626 0.796420
vt 0.570711 0.772025
vt 0.570672 0.772018
vt 0.570633 0.772015
vt 0.573245 0.772244
vt 0.613744 0.812981
vt 0.613740 0.812943
vt 0.613731 0.812903
vt 0.613334 0.810421
vt 0.619711 0.763226
vt 0.619667 0.763274
vt 0.619621 0.763321
vt 0.617614 0.765484
vt 0.553609 0.851244
vt 0.551244 0.849965
vt 0.551209 0.849950
vt 0.551178 0.849931
vt 0.608595 0.834047
vt 0.608622 0.834017
vt 0.608645 0.833984
vt 0.607035 0.836155
vt 0.589622 0.881832
vt 0.589598 0.881771
vt 0.589577 0.881709
vt 0.589221 0.878271
vt 0.550617 0.777910
vt 0.550585 0.777931
vt 0.550556 0.777956
vt 0.548411 0.779499
vt 0.536398 0.835777
vt 0.536382 0.835741
vt 0.536367 0.835703
vt 0.535720 0.833532
vt 0.505519 0.796392
vt 0.505586 0.796392
vt 0.505653 0.796398
vt 0.508018 0.797513
vt 0.578977 0.805997
vt 0.579003 0.806022
vt 0.579029 0.806047
vt 0.654504 0.818013
vt 0.654483 0.818048
vt 0.654462 0.818083
vt 0.527196 0.882285
vt 0.527247 0.882354
vt 0.527226 0.882317
vt 0.647471 0.848775
vt 0.647478 0.848884
vt 0.645675 0.848991
vt 0.647475 0.848840
vt 0.647480 0.848926
vt 0.561784 0.811057
vt 0.561793 0.811022
vt 0.561802 0.810987
vt 0.534111 0.742833
vt 0.534250 0.741258
vt 0.534166 0.741265
vt 0.534208 0.741264
vt 0.563531 0.732280
vt 0.563563 0.732258
vt 0.563595 0.732236
vt 0.574600 0.823572
vt 0.574565 0.823582
vt 0.574530 0.823591
vt 0.505203 0.863512
vt 0.505233 0.863551
vt 0.505268 0.863575
vt 0.495591 0.726807
vt 0.496566 0.724643
vt 0.495582 0.726802
vt 0.496557 0.724638
vt 0.495572 0.726798
vt 0.496547 0.724633
vt 0.429310 0.809239
vt 0.429220 0.818478
vt 0.494743 0.728967
vt 0.494734 0.728962
vt 0.494724 0.728958
vt 0.429678 0.800209
vt 0.499978 0.726383
vt 0.449208 0.827512
vt 0.448915 0.817997
vt 0.448960 0.817998
vt 0.449163 0.827515
vt 0.448871 0.817997
vt 0.501083 0.724244
vt 0.449799 0.836964
vt 0.449755 0.836971
vt 0.449119 0.827518
vt 0.498852 0.720487
vt 0.497658 0.722530
vt 0.498843 0.720482
vt 0.497648 0.722525
vt 0.498834 0.720477
vt 0.429958 0.836953
vt 0.497639 0.722520
vt 0.429444 0.827736
vt 0.498990 0.728574
vt 0.498130 0.730761
vt 0.449385 0.799229
vt 0.448984 0.808496
vt 0.449341 0.799222
vt 0.448940 0.808494
vt 0.449296 0.799217
vt 0.449029 0.808501
vt 0.497401 0.732895
vt 0.496798 0.734993
vt 0.450852 0.781757
vt 0.449949 0.790337
vt 0.450808 0.781742
vt 0.449906 0.790330
vt 0.450765 0.781734
vt 0.449993 0.790347
vt 0.494029 0.731075
vt 0.494020 0.731071
vt 0.494010 0.731067
vt 0.430291 0.791556
vt 0.493442 0.733150
vt 0.493433 0.733145
vt 0.493423 0.733142
vt 0.431166 0.783184
vt 0.492971 0.735228
vt 0.492961 0.735223
vt 0.492951 0.735220
vt 0.432344 0.774925
vt 0.492604 0.737358
vt 0.492595 0.737351
vt 0.492584 0.737348
vt 0.433888 0.766584
vt 0.496296 0.737212
vt 0.495799 0.740174
vt 0.453910 0.761081
vt 0.451992 0.772814
vt 0.453871 0.761048
vt 0.451949 0.772802
vt 0.453830 0.761026
vt 0.452033 0.772833
vt 0.493294 0.745490
vt 0.493288 0.745522
vt 0.493281 0.745548
vt 0.492329 0.739573
vt 0.492319 0.739562
vt 0.492309 0.739557
vt 0.435829 0.758023
vt 0.437984 0.749505
vt 0.495191 0.744362
vt 0.456648 0.744456
vt 0.456610 0.744409
vt 0.456683 0.744519
vt 0.502292 0.722175
vt 0.450864 0.846949
vt 0.450821 0.846963
vt 0.449711 0.836977
vt 0.503706 0.720065
vt 0.452997 0.860620
vt 0.452958 0.860649
vt 0.450778 0.846973
vt 0.501586 0.716544
vt 0.500147 0.718510
vt 0.501575 0.716542
vt 0.500138 0.718505
vt 0.501565 0.716537
vt 0.431855 0.855710
vt 0.500129 0.718500
vt 0.430743 0.846172
vt 0.508898 0.710689
vt 0.508914 0.710666
vt 0.508922 0.710648
vt 0.504842 0.712660
vt 0.504838 0.712650
vt 0.504834 0.712640
vt 0.444517 0.891203
vt 0.505884 0.717319
vt 0.456368 0.880328
vt 0.456334 0.880385
vt 0.452917 0.860668
vt 0.456297 0.880422
vt 0.509186 0.713404
vt 0.503198 0.714556
vt 0.503183 0.714558
vt 0.435533 0.876075
vt 0.503171 0.714557
vt 0.433397 0.865817
vt 0.433015 0.818414
vt 0.433108 0.809199
vt 0.433078 0.818413
vt 0.433171 0.809196
vt 0.433142 0.818411
vt 0.433235 0.809193
vt 0.433476 0.800193
vt 0.433540 0.800190
vt 0.433603 0.800186
vt 0.445354 0.827627
vt 0.445103 0.818062
vt 0.445291 0.827628
vt 0.445039 0.818064
vt 0.445226 0.827629
vt 0.444975 0.818066
vt 0.445948 0.837146
vt 0.445884 0.837146
vt 0.445820 0.837146
vt 0.433243 0.827650
vt 0.433766 0.836847
vt 0.433307 0.827649
vt 0.433830 0.836847
vt 0.433371 0.827648
vt 0.433894 0.836848
vt 0.445535 0.799207
vt 0.445176 0.808522
vt 0.445471 0.799210
vt 0.445112 0.808524
vt 0.445407 0.799214
vt 0.445048 0.808527
vt 0.446998 0.781647
vt 0.446142 0.790281
vt 0.446934 0.781652
vt 0.446078 0.790285
vt 0.446869 0.781660
vt 0.446013 0.790291
vt 0.434090 0.791567
vt 0.434154 0.791564
vt 0.434218 0.791558
vt 0.434968 0.783234
vt 0.435032 0.783229
vt 0.435096 0.783222
vt 0.436122 0.774991
vt 0.436186 0.774985
vt 0.436250 0.774975
vt 0.437479 0.766454
vt 0.437545 0.766436
vt 0.437611 0.766413
vt 0.450397 0.760718
vt 0.448227 0.772665
vt 0.450332 0.760732
vt 0.448163 0.772672
vt 0.450267 0.760754
vt 0.448099 0.772682
vt 0.491766 0.742488
vt 0.449070 0.735819
vt 0.449066 0.735910
vt 0.492870 0.746040
vt 0.449051 0.735762
vt 0.438966 0.757316
vt 0.439036 0.757273
vt 0.439107 0.757218
vt 0.453822 0.743711
vt 0.453757 0.743737
vt 0.453688 0.743783
vt 0.447022 0.847212
vt 0.446958 0.847210
vt 0.446894 0.847205
vt 0.449236 0.860940
vt 0.449172 0.860927
vt 0.449107 0.860906
vt 0.434569 0.846044
vt 0.435705 0.855539
vt 0.434633 0.846047
vt 0.435771 0.855551
vt 0.434698 0.846051
vt 0.435837 0.855571
vt 0.447381 0.889611
vt 0.447389 0.889527
vt 0.447380 0.889413
vt 0.439172 0.875494
vt 0.439230 0.875479
vt 0.439286 0.875459
vt 0.452664 0.880594
vt 0.452599 0.880558
vt 0.452531 0.880502
vt 0.437263 0.865551
vt 0.437332 0.865584
vt 0.437404 0.865634
vt 0.457789 0.903865
vt 0.455964 0.903120
vt 0.512565 0.707904
vt 0.512555 0.707910
vt 0.512856 0.708265
vt 0.459676 0.724963
vt 0.494246 0.749464
vt 0.458772 0.724352
vt 0.494013 0.749589
vt 0.494243 0.749459
vt 0.439255 0.748747
vt 0.439282 0.748652
vt 0.439311 0.748557
vt 0.491772 0.742467
vt 0.438116 0.749242
vt 0.491933 0.742150
vt 0.520243 0.734898
vt 0.519278 0.737071
vt 0.520252 0.734903
vt 0.519287 0.737076
vt 0.501243 0.935787
vt 0.494014 0.935374
vt 0.501244 0.935754
vt 0.521069 0.732726
vt 0.521079 0.732730
vt 0.494011 0.935406
vt 0.486961 0.934795
vt 0.515872 0.735345
vt 0.509028 0.920402
vt 0.501542 0.920296
vt 0.501543 0.920261
vt 0.509029 0.920437
vt 0.501540 0.920331
vt 0.514774 0.737469
vt 0.516475 0.920288
vt 0.516479 0.920323
vt 0.509030 0.920472
vt 0.516978 0.741229
vt 0.518185 0.739188
vt 0.516987 0.741234
vt 0.508499 0.935933
vt 0.515724 0.935832
vt 0.515726 0.935864
vt 0.518194 0.739192
vt 0.508499 0.935901
vt 0.516839 0.733164
vt 0.517668 0.730982
vt 0.486807 0.919313
vt 0.494078 0.919923
vt 0.486800 0.919348
vt 0.494074 0.919958
vt 0.486795 0.919382
vt 0.494082 0.919888
vt 0.518356 0.728852
vt 0.518908 0.726755
vt 0.473123 0.917629
vt 0.479836 0.918597
vt 0.473110 0.917662
vt 0.479829 0.918632
vt 0.473102 0.917696
vt 0.479845 0.918563
vt 0.521753 0.730603
vt 0.521762 0.730608
vt 0.486957 0.934827
vt 0.480212 0.934050
vt 0.522299 0.728513
vt 0.522309 0.728518
vt 0.480206 0.934082
vt 0.473688 0.933132
vt 0.522717 0.726420
vt 0.522727 0.726424
vt 0.473681 0.933163
vt 0.467252 0.932013
vt 0.523018 0.724277
vt 0.523028 0.724284
vt 0.467243 0.932045
vt 0.460745 0.930652
vt 0.519345 0.724538
vt 0.519740 0.721580
vt 0.457061 0.914583
vt 0.466146 0.916457
vt 0.457036 0.914612
vt 0.466135 0.916490
vt 0.457019 0.914644
vt 0.466162 0.916424
vt 0.523351 0.719860
vt 0.522027 0.716195
vt 0.523361 0.719855
vt 0.522032 0.716168
vt 0.523371 0.719848
vt 0.437238 0.920621
vt 0.447303 0.927000
vt 0.522039 0.716148
vt 0.427344 0.914203
vt 0.523216 0.722055
vt 0.523225 0.722068
vt 0.460729 0.930682
vt 0.454061 0.928994
vt 0.454031 0.929020
vt 0.520183 0.717391
vt 0.444346 0.912013
vt 0.444318 0.912041
vt 0.444390 0.911987
vt 0.513560 0.739517
vt 0.524357 0.919840
vt 0.524367 0.919874
vt 0.516481 0.920357
vt 0.512129 0.741598
vt 0.535178 0.918716
vt 0.535199 0.918748
vt 0.524373 0.919908
vt 0.514188 0.745149
vt 0.515660 0.743198
vt 0.514200 0.745151
vt 0.522960 0.935596
vt 0.530440 0.935075
vt 0.530451 0.935106
vt 0.515670 0.743202
vt 0.522956 0.935564
vt 0.506584 0.750802
vt 0.506567 0.750823
vt 0.506557 0.750841
vt 0.510828 0.749064
vt 0.510832 0.749074
vt 0.510834 0.749085
vt 0.558997 0.926756
vt 0.509900 0.744293
vt 0.550768 0.916865
vt 0.550811 0.916894
vt 0.535213 0.918780
vt 0.550839 0.916925
vt 0.506442 0.748085
vt 0.512536 0.747128
vt 0.538407 0.934329
vt 0.546570 0.933141
vt 0.546563 0.933176
vt 0.512551 0.747125
vt 0.538381 0.934298
vt 0.501324 0.932781
vt 0.494108 0.932400
vt 0.501325 0.932731
vt 0.494108 0.932350
vt 0.501326 0.932681
vt 0.494108 0.932300
vt 0.487068 0.931821
vt 0.487067 0.931771
vt 0.487066 0.931721
vt 0.508980 0.923432
vt 0.501462 0.923292
vt 0.508978 0.923482
vt 0.501461 0.923342
vt 0.508976 0.923532
vt 0.501460 0.923392
vt 0.516471 0.923318
vt 0.516469 0.923368
vt 0.516466 0.923419
vt 0.508565 0.932924
vt 0.515781 0.932850
vt 0.508566 0.932875
vt 0.515784 0.932800
vt 0.508569 0.932825
vt 0.515787 0.932750
vt 0.486669 0.922337
vt 0.493973 0.922916
vt 0.486670 0.922387
vt 0.493973 0.922966
vt 0.486671 0.922438
vt 0.493973 0.923017
vt 0.472919 0.920652
vt 0.479677 0.921587
vt 0.472921 0.920702
vt 0.479678 0.921637
vt 0.472924 0.920753
vt 0.479680 0.921688
vt 0.480332 0.931078
vt 0.480331 0.931028
vt 0.480328 0.930977
vt 0.473826 0.930155
vt 0.473824 0.930105
vt 0.473821 0.930054
vt 0.467416 0.929029
vt 0.467413 0.928978
vt 0.467406 0.928927
vt 0.460947 0.927655
vt 0.460937 0.927603
vt 0.460921 0.927549
vt 0.456813 0.917534
vt 0.465925 0.919430
vt 0.456824 0.917585
vt 0.465929 0.919480
vt 0.456841 0.917637
vt 0.465935 0.919531
vt 0.438579 0.918357
vt 0.447787 0.924128
vt 0.438648 0.918354
vt 0.447802 0.924084
vt 0.438743 0.918366
vt 0.447822 0.924042
vt 0.454324 0.925986
vt 0.454298 0.925929
vt 0.454259 0.925870
vt 0.444175 0.914883
vt 0.444203 0.914936
vt 0.444245 0.914991
vt 0.524411 0.922866
vt 0.524407 0.922916
vt 0.524401 0.922966
vt 0.535275 0.921677
vt 0.535262 0.921727
vt 0.535243 0.921777
vt 0.523003 0.932570
vt 0.530463 0.932060
vt 0.523007 0.932520
vt 0.530476 0.932009
vt 0.523013 0.932470
vt 0.530494 0.931958
vt 0.557876 0.924370
vt 0.557810 0.924360
vt 0.557720 0.924362
vt 0.546285 0.930231
vt 0.546276 0.930184
vt 0.546263 0.930139
vt 0.550843 0.919760
vt 0.550811 0.919810
vt 0.550764 0.919861
vt 0.538355 0.931265
vt 0.538383 0.931212
vt 0.538426 0.931158
vt 0.569234 0.916602
vt 0.568942 0.918224
vt 0.502773 0.753346
vt 0.502508 0.752973
vt 0.502264 0.752603
vt 0.502513 0.752972
vt 0.429473 0.910727
vt 0.429545 0.909325
vt 0.521120 0.712240
vt 0.428342 0.913215
vt 0.427308 0.914130
vt 0.427284 0.914107
vt 0.429445 0.912301
vt 0.650058 0.848759
vt 0.562195 0.730243
vt 0.656613 0.819310
vt 0.504481 0.865241
vt 0.504448 0.865319
vt 0.508750 0.710244
vt 0.506856 0.751650
vt 0.484792 0.723874
vt 0.578267 0.806805
vt 0.656524 0.819261
vt 0.574268 0.822545
vt 0.513144 0.708622
vt 0.467093 0.747804
vt 0.498985 0.748031
vt 0.457621 0.723864
vt 0.447308 0.927036
s 1
usemtl Holocron_Corners.001
f 1258/1/1 1/2/2 201/3/3
f 1209/4/4 20/5/5 105/6/6
f 88/7/2 226/8/7 3/9/2
f 215/10/8 113/11/9 1219/12/10
f 4/13/2 1223/14/11 205/15/12
f 200/16/13 105/6/6 16/17/14
f 211/18/15 101/19/16 14/20/17
f 225/21/18 108/22/19 1214/23/20
f 3/9/2 1198/24/21 221/25/22
f 1213/26/23 4/13/2 87/27/2
f 1219/12/10 22/28/24 230/29/25
f 1229/30/26 19/31/27 236/32/28
f 1224/33/29 26/34/30 206/35/31
f 230/29/25 107/36/32 1234/37/33
f 1234/37/33 23/38/34 240/39/35
f 1244/40/36 18/41/37 246/42/38
f 89/43/2 235/44/39 1223/14/11
f 240/39/35 114/45/40 1249/46/41
f 1249/46/41 1361/47/42 252/48/43
f 268/49/44 112/50/45 1244/40/36
f 90/51/2 245/52/46 1228/53/47
f 1259/54/48 16/17/14 103/55/49
f 273/56/50 103/55/49 17/57/51
f 279/58/52 109/59/53 13/60/54
f 1/2/2 1203/61/55 88/7/2
f 1274/62/56 17/57/51 111/63/57
f 284/64/58 111/63/57 21/65/59
f 1269/66/60 1358/67/61 109/59/53
f 6/68/2 1253/69/62 92/70/2
f 105/6/6 327/71/63 1288/72/64
f 10/73/65 1304/74/66 96/75/65
f 24/76/67 1298/77/68 113/11/9
f 336/78/69 97/79/65 1314/80/70
f 103/55/49 307/81/71 1338/82/72
f 15/83/73 1283/84/74 332/85/75
f 15/83/73 1293/86/76 108/22/19
f 102/87/77 316/88/78 1283/84/74
f 115/89/79 327/71/63 20/5/5
f 116/90/80 311/91/81 26/34/30
f 19/31/27 1303/92/82 116/90/80
f 22/28/24 1313/93/83 107/36/32
f 1299/94/84 8/95/65 336/78/69
f 104/96/85 341/97/86 19/31/27
f 18/41/37 1308/98/87 104/96/85
f 23/38/34 1328/99/88 114/45/40
f 1314/80/70 11/100/89 346/101/90
f 112/50/45 351/102/91 18/41/37
f 25/103/92 1323/104/93 112/50/45
f 114/45/40 357/105/94 1361/47/42
f 306/106/95 95/107/65 7/108/65
f 14/20/17 1333/109/96 316/88/78
f 101/19/16 383/110/97 1333/109/96
f 111/63/57 379/111/98 1353/112/99
f 99/113/65 378/114/100 1339/115/101
f 13/60/54 1348/116/102 383/110/97
f 109/59/53 395/117/103 1348/116/102
f 21/65/59 1353/112/99 388/118/104
f 1204/119/105 14/20/17 102/87/77
f 1264/120/106 21/65/59 106/121/107
f 106/121/107 388/118/104 1343/122/108
f 7/108/65 1284/123/109 317/124/110
f 226/8/7 87/27/2 3/9/2
f 1214/23/20 24/76/67 215/10/8
f 108/22/19 322/125/111 24/76/67
f 95/107/65 331/126/112 1284/123/109
f 93/127/2 278/128/113 6/68/2
f 201/3/3 88/7/2 1208/129/114
f 16/17/14 1288/72/64 307/81/71
f 384/130/115 100/131/65 12/132/65
f 236/32/28 116/90/80 1224/33/29
f 1239/133/116 1362/134/117 110/135/118
f 110/135/118 356/136/119 1318/137/120
f 96/75/65 342/138/121 8/95/65
f 206/35/31 115/89/79 1199/139/122
f 225/21/18 102/87/77 15/83/73
f 1289/140/123 9/141/65 95/107/65
f 26/34/30 1278/142/124 115/89/79
f 1263/143/125 1268/144/126 93/127/2
f 283/145/127 93/127/2 1273/146/128
f 100/131/65 389/147/129 1354/148/130
f 1349/149/131 1344/150/132 100/131/65
f 5/151/133 1243/152/134 245/52/46
f 1218/153/135 2/154/2 89/43/2
f 113/11/9 337/155/136 22/28/24
f 11/100/89 1324/156/137 98/157/138
f 216/158/139 89/43/2 4/13/2
f 231/159/140 90/51/2 2/154/2
f 94/160/65 331/126/112 9/141/65
f 10/73/65 1294/161/141 94/160/65
f 1254/162/142 13/60/54 101/19/16
f 7/108/65 1339/115/101 306/106/95
f 410/163/143 136/164/144 1482/165/145
f 1334/166/146 12/132/65 99/113/65
f 91/167/147 269/168/148 1243/152/134
f 1248/169/149 1238/170/150 91/167/147
f 1329/171/151 1319/172/152 358/173/153
f 98/157/138 373/174/154 1319/172/152
f 1264/175/106 1359/176/155 288/177/156
f 274/178/157 92/70/2 1258/1/1
f 17/57/51 1338/82/72 379/111/98
f 106/179/107 393/180/158 1359/176/155
f 246/42/38 104/96/85 1229/30/26
f 1273/146/128 6/68/2 274/178/157
f 12/132/65 1354/148/130 378/114/100
f 97/79/65 352/181/159 11/100/89
f 2/154/2 1228/53/47 235/44/39
f 1199/139/122 20/5/5 220/182/160
f 321/183/161 96/75/65 1299/94/84
f 8/95/65 1309/184/162 97/79/65
f 1239/185/116 25/103/92 268/49/44
f 1233/186/163 5/151/133 90/51/2
f 107/36/32 347/187/164 23/38/34
f 110/188/118 374/189/165 25/103/92
f 1208/129/114 3/9/2 221/25/22
f 87/27/2 205/15/12 1198/24/21
f 312/190/166 94/160/65 1279/191/167
f 1279/191/167 9/141/65 326/192/168
f 92/70/2 210/193/169 1/2/2
f 241/194/170 91/167/147 5/151/133
f 346/101/90 98/157/138 1329/171/151
f 317/124/110 99/113/65 7/108/65
f 457/195/171 129/196/172 34/197/173
f 1428/198/174 1516/199/175 135/200/176
f 135/200/176 731/201/177 1472/202/178
f 715/203/179 130/204/180 1468/205/181
f 481/206/182 126/207/183 1417/208/184
f 436/209/185 136/164/144 1392/210/186
f 137/211/187 678/212/188 1458/213/189
f 1468/205/181 1478/214/190 697/215/191
f 447/216/192 123/217/193 29/218/194
f 424/219/195 134/220/196 1491/221/197
f 1443/222/198 1448/223/199 625/224/200
f 134/220/196 641/225/201 1453/226/202
f 27/227/203 1384/228/204 123/217/193
f 31/229/205 1388/230/206 570/231/207
f 32/232/208 1388/230/206 126/207/183
f 438/233/209 133/234/210 1507/235/211
f 1398/236/212 1483/237/213 119/238/214
f 33/239/215 1370/240/216 128/241/217
f 34/197/173 1375/242/218 533/243/219
f 412/244/220 121/245/203 1393/246/221
f 1403/247/222 1487/248/223 133/234/210
f 1383/249/224 1387/250/225 516/251/226
f 30/252/227 1369/253/228 552/254/229
f 457/195/171 127/255/230 1422/256/231
f 447/216/192 122/257/232 1397/258/233
f 27/227/203 1364/259/234 535/260/235
f 34/197/173 1365/261/236 127/255/230
f 1412/262/237 1510/263/238 467/264/239
f 425/265/240 118/266/241 1418/267/242
f 35/268/243 1375/242/218 129/196/172
f 35/268/243 1370/240/216 572/269/244
f 1418/267/242 1496/270/245 482/271/246
f 480/272/247 137/211/187 1412/262/237
f 28/273/203 1379/274/248 551/275/249
f 29/218/194 1379/274/248 122/257/232
f 426/276/250 124/277/251 1408/278/252
f 490/279/253 127/255/230 33/239/215
f 29/218/194 1384/228/204 515/280/254
f 1506/281/255 1438/282/256 136/164/144
f 491/283/257 135/200/176 1498/284/258
f 456/285/259 138/286/260 1433/287/261
f 1374/288/262 1383/249/224 534/289/263
f 28/273/203 1364/259/234 121/245/203
f 1433/287/261 1515/290/264 506/291/265
f 1423/292/266 1499/293/267 117/294/268
f 30/252/227 1378/295/269 125/296/270
f 31/229/205 1369/253/228 124/277/251
f 1407/297/271 1511/298/272 134/220/196
f 32/232/208 1378/295/269 517/299/273
f 571/300/274 120/301/275 1374/288/262
f 33/239/215 1365/261/236 553/302/276
f 1498/284/258 1472/202/178 714/303/277
f 138/286/260 732/304/278 1515/290/264
f 1503/305/279 1477/306/280 138/286/260
f 119/238/214 608/307/281 1442/308/282
f 133/234/210 590/309/283 1507/235/211
f 1487/248/223 1447/310/284 133/234/210
f 1492/311/285 1462/312/286 118/266/241
f 137/211/187 642/313/287 1510/263/238
f 118/266/241 679/314/288 1496/270/245
f 437/315/289 123/217/193 1402/316/290
f 445/317/291 119/238/214 1488/318/292
f 1488/318/292 1442/308/282 624/319/293
f 136/164/144 606/320/294 1482/165/145
f 426/276/250 126/207/183 31/229/205
f 466/321/295 124/277/251 30/252/227
f 643/322/296 132/323/297 1452/324/298
f 1452/324/298 1463/325/299 660/326/300
f 490/279/253 128/241/217 1427/327/301
f 505/328/302 128/241/217 35/268/243
f 1478/214/190 1473/329/303 733/330/304
f 117/294/268 713/331/305 1467/332/306
f 412/244/220 122/257/232 28/273/203
f 437/315/289 121/245/203 27/227/203
f 1448/223/199 1437/333/307 591/334/308
f 607/335/309 131/336/310 1443/222/198
f 466/321/295 125/296/270 1413/337/311
f 481/206/182 125/296/270 32/232/208
f 1463/325/299 1457/338/312 680/339/313
f 1491/221/197 1453/226/202 659/340/314
f 505/328/302 129/196/172 1432/341/315
f 455/342/316 117/294/268 1504/343/317
f 1504/343/317 1467/332/306 696/344/318
f 1579/345/319 36/346/320 751/347/321
f 1530/348/322 55/349/323 157/350/324
f 140/351/320 776/352/325 38/353/320
f 765/354/326 165/355/327 1540/356/328
f 39/357/320 1544/358/329 755/359/330
f 750/360/331 157/350/324 51/361/332
f 761/362/333 153/363/334 49/364/335
f 775/365/336 160/366/337 1535/367/338
f 38/353/320 1519/368/339 771/369/340
f 1534/370/341 39/357/320 139/371/320
f 1540/356/328 57/372/342 780/373/343
f 1550/374/344 54/375/345 786/376/346
f 1545/377/347 60/378/348 756/379/349
f 780/373/343 159/380/350 1555/381/351
f 1555/381/351 58/382/352 790/383/353
f 1565/384/354 53/385/355 796/386/356
f 141/387/320 785/388/357 1544/358/329
f 790/383/353 166/389/358 1570/390/359
f 802/391/360 166/389/358 1682/392/361
f 819/393/362 164/394/363 1565/384/354
f 142/395/320 795/396/364 1549/397/365
f 1580/398/366 51/361/332 155/399/367
f 837/400/368 155/399/367 52/401/369
f 843/402/370 161/403/371 48/404/372
f 36/346/320 1524/405/373 140/351/320
f 1595/406/374 52/401/369 163/407/375
f 848/408/376 163/407/375 56/409/377
f 1590/410/378 1679/411/379 161/403/371
f 41/412/320 1574/413/380 144/414/320
f 157/350/324 890/415/381 1609/416/382
f 45/417/383 1625/418/384 148/419/383
f 59/420/385 1619/421/386 165/355/327
f 899/422/387 149/423/388 1635/424/389
f 155/399/367 870/425/390 1659/426/391
f 50/427/392 1604/428/393 895/429/394
f 50/427/392 1614/430/395 160/366/337
f 154/431/396 879/432/397 1604/428/393
f 167/433/398 890/415/381 55/349/323
f 168/434/399 874/435/400 60/378/348
f 54/375/345 1624/436/401 168/434/399
f 57/372/342 1634/437/402 159/380/350
f 1620/438/403 43/439/404 899/422/387
f 156/440/405 904/441/406 54/375/345
f 53/385/355 1629/442/407 156/440/405
f 58/382/352 1649/443/408 166/389/358
f 1635/424/389 46/444/409 909/445/410
f 164/394/363 914/446/411 53/385/355
f 1686/447/412 1644/448/413 164/394/363
f 1682/392/361 1649/443/408 920/449/414
f 869/450/415 147/451/383 42/452/383
f 49/364/335 1654/453/416 879/432/397
f 153/363/334 961/454/417 1654/453/416
f 163/407/375 957/455/418 1674/456/419
f 151/457/383 956/458/420 1660/459/421
f 48/404/372 1669/460/422 961/454/417
f 161/403/371 973/461/423 1669/460/422
f 56/409/377 1674/456/419 966/462/424
f 1525/463/425 49/364/335 154/431/396
f 1585/464/426 56/409/377 158/465/427
f 158/465/427 966/462/424 1664/466/428
f 42/452/383 1605/467/429 880/468/430
f 776/352/325 139/371/320 38/353/320
f 1535/367/338 59/420/385 765/354/326
f 160/366/337 885/469/431 59/420/385
f 147/451/383 894/470/432 1605/467/429
f 145/471/320 842/472/433 41/412/320
f 751/347/321 140/351/320 1529/473/434
f 51/361/332 1609/416/382 870/425/390
f 962/474/435 152/475/383 47/476/383
f 786/376/346 168/434/399 1545/377/347
f 800/477/436 162/478/437 1560/479/438
f 1683/480/439 1639/481/440 162/478/437
f 148/419/383 905/482/441 43/439/404
f 756/379/349 167/433/398 1520/483/442
f 775/365/336 154/431/396 50/427/392
f 1610/484/443 44/485/383 147/451/383
f 60/378/348 1599/486/444 167/433/398
f 1584/487/445 1589/488/446 145/471/320
f 847/489/447 145/471/320 1594/490/448
f 152/475/383 967/491/449 1675/492/450
f 1670/493/451 1665/494/452 152/475/383
f 40/495/320 1564/496/453 795/396/364
f 1539/497/454 37/498/320 141/387/320
f 165/355/327 900/499/455 57/372/342
f 46/444/409 1645/500/456 150/501/457
f 766/502/458 141/387/320 39/357/320
f 781/503/459 142/395/320 37/498/320
f 146/504/383 894/470/432 44/485/383
f 45/417/383 1615/505/460 146/504/383
f 1575/506/461 48/404/372 153/363/334
f 42/452/383 1660/459/421 869/450/415
f 1751/507/462 61/508/463 989/509/464
f 1655/510/465 47/476/383 151/457/383
f 143/511/466 820/512/467 1564/496/453
f 1569/513/468 1559/514/469 143/511/466
f 1650/515/470 1640/516/471 921/517/472
f 150/501/457 938/518/473 1640/516/471
f 1585/519/426 1680/520/474 852/521/475
f 838/522/476 144/414/320 1579/345/319
f 52/401/369 1659/426/391 957/455/418
f 158/465/427 971/523/477 1680/524/474
f 796/386/356 156/440/405 1550/374/344
f 1594/490/448 41/412/320 838/522/476
f 47/476/383 1675/492/450 956/458/420
f 149/423/388 915/525/478 46/444/409
f 37/498/320 1549/397/365 785/388/357
f 1520/483/442 55/349/323 770/526/479
f 884/527/480 148/419/383 1620/438/403
f 43/439/404 1630/528/481 149/423/388
f 1560/479/438 1687/529/482 818/530/483
f 1554/531/484 40/495/320 142/395/320
f 159/380/350 910/532/485 58/382/352
f 162/478/437 937/533/486 1687/529/482
f 1529/473/434 38/353/320 771/369/340
f 139/371/320 755/359/330 1519/368/339
f 875/534/487 146/504/383 1600/535/488
f 1600/535/488 44/485/383 889/536/489
f 144/414/320 760/537/490 36/346/320
f 791/538/491 143/511/466 40/495/320
f 909/445/410 150/501/457 1650/515/470
f 880/468/430 151/457/383 42/452/383
f 1702/539/492 80/540/493 187/541/494
f 170/542/463 1014/543/495 63/544/463
f 1003/545/496 195/546/497 1712/547/498
f 64/548/463 1716/549/499 993/550/500
f 988/551/501 187/541/494 76/552/502
f 999/553/503 183/554/504 74/555/505
f 1013/556/506 190/557/507 1707/558/508
f 63/544/463 1691/559/509 1009/560/510
f 1706/561/511 64/548/463 169/562/463
f 1712/547/498 82/563/512 1018/564/513
f 1722/565/514 79/566/515 1024/567/516
f 1717/568/517 86/569/518 994/570/519
f 1018/564/513 189/571/520 1727/572/521
f 1727/572/521 83/573/522 1028/574/523
f 1737/575/524 78/576/525 1034/577/526
f 171/578/463 1023/579/527 1716/549/499
f 1028/574/523 196/580/528 1742/581/529
f 1742/581/529 1854/582/530 1040/583/531
f 1056/584/532 194/585/533 1737/575/524
f 172/586/463 1033/587/534 1721/588/535
f 1752/589/536 76/552/502 185/590/537
f 1061/591/538 185/590/537 77/592/539
f 1067/593/540 191/594/541 73/595/542
f 61/508/463 1696/596/543 170/542/463
f 1767/597/544 77/592/539 193/598/545
f 1072/599/546 193/598/545 81/600/547
f 1762/601/548 1851/602/549 191/594/541
f 66/603/463 1746/604/550 174/605/463
f 187/541/494 1115/606/551 1781/607/552
f 70/608/553 1797/609/554 178/610/553
f 84/611/555 1791/612/556 195/546/497
f 1124/613/557 179/614/553 1807/615/558
f 185/590/537 1095/616/559 1831/617/560
f 75/618/561 1776/619/562 1120/620/563
f 75/618/561 1786/621/564 190/557/507
f 184/622/565 1104/623/566 1776/619/562
f 197/624/567 1115/606/551 80/540/493
f 198/625/568 1099/626/569 86/569/518
f 79/566/515 1796/627/570 198/625/568
f 82/563/512 1806/628/571 189/571/520
f 1792/629/572 68/630/553 1124/613/557
f 186/631/573 1129/632/574 79/566/515
f 78/576/525 1801/633/575 186/631/573
f 83/573/522 1821/634/576 196/580/528
f 1807/615/558 71/635/553 1134/636/577
f 194/585/533 1139/637/578 78/576/525
f 85/638/579 1816/639/580 194/585/533
f 196/580/528 1145/640/581 1854/582/530
f 1094/641/582 177/642/553 67/643/553
f 74/555/505 1826/644/583 1104/623/566
f 183/554/504 1171/645/584 1826/644/583
f 193/598/545 1167/646/585 1846/647/586
f 181/648/553 1166/649/587 1832/650/588
f 73/595/542 1841/651/589 1171/645/584
f 191/594/541 1183/652/590 1841/651/589
f 81/600/547 1846/647/586 1176/653/591
f 1697/654/592 74/555/505 184/622/565
f 1757/655/593 81/600/547 188/656/594
f 188/656/594 1176/653/591 1836/657/595
f 67/643/553 1777/658/596 1105/659/597
f 1014/543/495 169/562/463 63/544/463
f 1707/558/508 84/611/555 1003/545/496
f 190/557/507 1110/660/598 84/611/555
f 177/642/553 1119/661/599 1777/658/596
f 175/662/463 1066/663/600 66/603/463
f 989/509/464 170/542/463 1701/664/601
f 76/552/502 1781/607/552 1095/616/559
f 1172/665/602 182/666/553 72/667/553
f 1024/567/516 198/625/568 1717/568/517
f 1732/668/603 1855/669/604 192/670/605
f 192/670/605 1144/671/606 1811/672/607
f 178/610/553 1130/673/608 68/630/553
f 994/570/519 197/624/567 1692/674/609
f 1013/556/506 184/622/565 75/618/561
f 1782/675/610 69/676/553 177/642/553
f 86/569/518 1771/677/611 197/624/567
f 1756/678/612 1761/679/613 175/662/463
f 1071/680/614 175/662/463 1766/681/615
f 182/666/553 1177/682/616 1847/683/617
f 1842/684/618 1837/685/619 182/666/553
f 65/686/463 1736/687/620 1033/587/534
f 1711/688/621 62/689/463 171/578/463
f 195/546/497 1125/690/622 82/563/512
f 71/635/553 1817/691/623 180/692/624
f 1004/693/625 171/578/463 64/548/463
f 1019/694/626 172/586/463 62/689/463
f 176/695/553 1119/661/599 69/676/553
f 70/608/553 1787/696/627 176/695/553
f 1747/697/628 73/595/542 183/554/504
f 67/643/553 1832/650/588 1094/641/582
f 1827/698/629 72/667/553 181/648/553
f 173/699/630 1057/700/631 1736/687/620
f 1741/701/632 1731/702/633 173/699/630
f 1822/703/634 1812/704/635 1146/705/636
f 180/692/624 1161/706/637 1812/704/635
f 1757/707/593 1852/708/638 1076/709/639
f 1062/710/640 174/605/463 1751/507/462
f 77/592/539 1831/617/560 1167/646/585
f 188/711/594 1181/712/641 1852/708/638
f 1034/577/526 186/631/573 1722/565/514
f 1766/681/615 66/603/463 1062/710/640
f 72/667/553 1847/683/617 1166/649/587
f 179/614/553 1140/713/642 71/635/553
f 62/689/463 1721/588/535 1023/579/527
f 1692/674/609 80/540/493 1008/714/643
f 1109/715/644 178/610/553 1792/629/572
f 68/630/553 1802/716/645 179/614/553
f 1732/668/603 85/638/579 1056/584/532
f 1726/717/646 65/686/463 172/586/463
f 189/571/520 1135/718/647 83/573/522
f 192/670/605 1162/719/648 85/638/579
f 1701/664/601 63/544/463 1009/560/510
f 169/562/463 993/550/500 1691/559/509
f 1100/720/649 176/695/553 1772/721/650
f 1772/721/650 69/676/553 1114/722/651
f 174/605/463 998/723/652 61/508/463
f 1029/724/653 173/699/630 65/686/463
f 1134/636/577 180/692/624 1822/703/634
f 1105/659/597 181/648/553 67/643/553
f 250/725/654 256/726/655 255/727/656
f 253/728/657 257/729/658 256/726/655
f 255/727/656 267/730/659 264/731/660
f 256/726/655 258/732/661 267/730/659
f 259/733/662 261/734/663 251/735/664
f 260/736/665 262/737/666 259/733/662
f 262/738/666 254/739/667 261/740/663
f 263/741/668 257/742/658 262/737/666
f 252/48/43 266/743/669 265/744/670
f 264/745/671 267/746/672 266/743/669
f 265/744/670 263/741/673 260/736/674
f 266/743/669 258/747/675 263/741/673
f 288/177/156 293/748/676 292/749/677
f 291/750/678 294/751/679 293/748/676
f 292/749/677 305/752/680 302/753/681
f 293/748/676 295/754/682 305/752/680
f 289/755/683 299/756/684 298/757/685
f 296/758/686 300/759/687 299/756/684
f 298/757/685 299/756/684 294/760/688
f 299/756/684 295/761/689 294/760/688
f 301/762/690 303/763/691 290/764/692
f 302/753/681 304/765/693 301/762/690
f 304/766/693 297/767/694 303/768/691
f 305/752/680 300/769/695 304/765/693
f 356/770/119 361/771/696 360/772/697
f 359/773/698 362/774/699 361/775/696
f 360/772/697 372/776/700 369/777/701
f 361/771/696 363/778/702 372/776/700
f 357/105/94 366/779/703 359/780/704
f 364/781/705 367/782/706 366/779/703
f 359/780/704 366/779/703 362/783/707
f 366/779/703 363/778/708 362/783/709
f 368/784/710 370/785/711 358/173/153
f 369/777/701 371/786/712 368/784/710
f 371/786/712 365/787/713 370/785/711
f 372/776/714 367/782/706 371/786/712
f 393/180/158 398/788/715 406/789/716
f 396/790/717 399/791/718 398/792/715
f 406/793/716 398/792/715 409/794/719
f 398/792/715 400/795/720 409/794/721
f 401/796/722 403/797/723 394/798/724
f 402/799/725 404/800/726 401/796/722
f 404/800/726 397/801/727 403/797/723
f 405/802/728 399/791/729 404/800/726
f 395/117/103 408/803/730 407/804/731
f 406/805/732 409/794/733 408/803/730
f 407/804/731 405/802/728 402/799/725
f 408/803/730 400/795/734 405/802/728
f 413/806/735 415/807/736 410/163/143
f 413/806/735 414/808/737 416/809/738
f 415/807/736 416/809/738 423/810/739
f 417/811/740 419/812/741 411/813/742
f 418/814/743 420/815/744 417/811/745
f 420/815/744 414/808/737 419/812/741
f 420/815/744 423/816/739 416/817/738
f 421/818/746 423/819/739 422/820/747
f 422/820/747 418/814/743 421/821/746
f 424/219/748 427/822/749 429/823/750
f 427/822/749 428/824/751 429/825/750
f 429/825/752 435/826/752 433/827/752
f 430/828/753 431/829/754 425/265/755
f 430/828/756 435/826/757 429/830/758
f 431/829/754 429/831/750 428/824/751
f 433/827/759 434/832/760 432/833/761
f 436/209/185 440/834/762 439/835/763
f 440/834/764 1859/836/764 441/837/764
f 438/233/209 444/838/765 440/839/766
f 444/838/767 439/840/768 440/841/768
f 440/841/769 1859/842/769 443/843/769
f 448/844/770 449/845/771 445/317/291
f 448/844/772 452/846/773 453/847/773
f 449/845/771 450/848/774 1860/849/775
f 446/850/776 453/851/777 452/852/778
f 451/853/779 450/848/780 453/854/781
f 458/855/782 459/856/783 455/342/784
f 458/855/782 461/857/785 460/858/786
f 459/856/787 199/859/788 463/860/789
f 456/285/790 460/861/791 461/862/790
f 460/863/792 463/864/793 199/859/793
f 462/865/794 464/866/794 463/867/794
f 468/868/795 470/869/796 465/870/797
f 469/871/798 471/872/799 468/868/795
f 470/869/796 471/873/799 477/874/800
f 473/875/801 475/876/802 474/877/803
f 475/876/802 469/871/798 474/878/803
f 476/879/804 478/880/805 467/264/239
f 477/874/800 479/881/806 476/879/804
f 479/881/806 473/875/801 478/880/805
f 479/881/806 471/873/799 472/882/807
f 480/272/247 488/883/808 483/884/809
f 488/885/810 1861/886/811 484/887/810
f 483/884/812 488/888/812 487/889/813
f 482/271/246 487/890/814 488/891/815
f 488/892/816 1861/886/817 486/893/818
f 492/894/819 494/895/820 489/896/821
f 492/894/819 493/897/822 495/898/823
f 495/898/823 501/899/824 494/895/820
f 495/898/823 496/900/825 503/901/826
f 498/902/827 497/903/828 499/904/829
f 498/905/827 499/904/829 493/906/822
f 497/903/828 493/897/822 499/904/829
f 500/907/830 502/908/831 491/283/257
f 500/907/830 501/899/824 503/909/826
f 502/908/831 503/909/826 497/910/828
f 503/901/826 496/900/825 497/903/828
f 507/911/832 508/912/833 504/913/834
f 507/911/832 511/914/835 514/915/836
f 508/912/833 514/916/836 513/917/837
f 514/915/838 511/914/839 509/918/838
f 506/291/265 512/919/840 514/920/841
f 512/919/842 513/917/843 514/921/843
f 514/921/844 511/922/845 1858/923/846
f 518/924/847 520/925/848 515/280/254
f 519/926/849 521/927/850 518/924/847
f 521/927/850 529/928/851 520/925/848
f 521/927/850 522/929/852 532/930/853
f 516/251/226 526/931/854 525/932/855
f 523/933/856 527/934/857 526/931/854
f 525/932/855 522/935/858 519/936/859
f 526/937/860 532/938/861 522/929/862
f 528/939/863 530/940/864 517/299/273
f 529/928/851 531/941/865 528/939/863
f 531/941/865 524/942/866 530/940/864
f 531/941/865 532/938/867 527/943/868
f 536/944/869 538/945/870 533/243/219
f 537/946/871 539/947/872 536/944/869
f 539/947/872 548/948/873 538/945/870
f 539/947/872 540/949/874 541/950/875
f 534/289/263 545/951/876 544/952/877
f 542/953/878 546/954/879 545/951/876
f 544/952/877 540/955/880 537/956/881
f 545/957/876 541/958/882 540/949/880
f 547/959/883 549/960/884 535/260/235
f 548/948/873 550/961/885 547/959/883
f 550/961/885 543/962/886 549/960/884
f 550/961/885 541/958/875 546/963/887
f 554/964/888 556/965/889 551/275/249
f 555/966/890 557/967/891 554/964/888
f 557/967/891 566/968/892 556/965/889
f 557/967/891 559/969/893 569/970/894
f 552/254/229 563/971/895 562/972/896
f 561/973/897 563/971/895 560/974/898
f 563/971/895 555/966/890 562/972/896
f 563/971/895 559/969/893 558/975/899
f 565/976/900 567/977/901 553/302/276
f 566/968/892 568/978/902 565/976/900
f 568/978/902 561/973/897 567/977/901
f 568/978/902 559/969/893 564/979/903
f 573/980/904 575/981/905 570/231/207
f 574/982/906 576/983/907 573/980/904
f 576/983/907 585/984/908 575/981/905
f 577/985/909 588/986/910 576/983/907
f 571/300/274 582/987/911 581/988/912
f 579/989/913 583/990/914 582/987/911
f 581/988/912 577/991/915 574/992/916
f 582/993/911 578/994/917 577/985/915
f 584/995/918 586/996/919 572/269/244
f 585/984/908 587/997/920 584/995/918
f 587/997/920 580/998/921 586/996/919
f 588/986/922 583/999/923 587/997/920
f 589/1000/924 595/1001/925 594/1002/926
f 592/1003/927 593/1004/928 595/1001/927
f 594/1002/926 605/1005/929 602/1006/930
f 595/1007/925 596/1008/931 605/1005/929
f 590/309/283 600/1009/932 599/1010/933
f 597/1011/934 605/1012/935 600/1009/936
f 600/1009/936 593/1004/937 599/1010/938
f 600/1009/936 596/1008/939 595/1007/940
f 601/1013/941 603/1014/942 591/1015/308
f 602/1006/930 604/1016/943 601/1013/941
f 604/1016/944 598/1017/945 603/1014/942
f 609/1018/946 611/1019/947 606/320/294
f 610/1020/948 612/1021/949 609/1018/946
f 612/1021/949 620/1022/950 611/1019/947
f 612/1021/949 613/1023/951 623/1024/952
f 614/1025/953 616/1026/954 607/1027/309
f 615/1028/955 617/1029/956 614/1025/953
f 617/1029/956 610/1020/948 616/1026/954
f 617/1029/956 618/1030/957 613/1031/951
f 619/1032/958 621/1033/959 608/307/281
f 620/1022/950 622/1034/960 619/1032/958
f 622/1034/960 615/1028/955 621/1033/959
f 623/1024/952 618/1030/957 622/1034/960
f 624/319/293 630/1035/961 629/1036/962
f 627/1037/963 636/1038/964 630/1035/965
f 629/1036/966 630/1039/966 638/1040/966
f 630/1035/967 636/1038/967 631/1041/967
f 632/1042/968 634/1043/969 625/1044/200
f 633/1045/970 635/1046/971 632/1042/968
f 635/1046/972 628/1047/973 634/1043/969
f 626/1048/974 640/1049/975 639/1050/976
f 638/1040/977 640/1049/978 637/1051/979
f 639/1050/976 636/1052/980 633/1045/970
f 640/1049/978 631/1041/981 636/1052/982
f 644/1053/983 646/1054/984 641/225/201
f 645/1055/985 647/1056/986 644/1053/983
f 647/1056/986 655/1057/987 646/1054/984
f 647/1056/986 648/1058/988 658/1059/989
f 649/1060/990 651/1061/991 642/313/287
f 650/1062/992 652/1063/993 649/1060/990
f 652/1063/993 645/1055/985 651/1061/991
f 653/1064/994 648/1058/988 652/1063/993
f 654/1065/995 656/1066/996 643/1067/296
f 655/1057/987 657/1068/997 654/1065/995
f 657/1068/997 650/1062/992 656/1066/996
f 657/1068/997 658/1069/989 653/1064/994
f 659/340/314 665/1070/998 664/1071/999
f 662/1072/1000 666/1073/1001 665/1070/998
f 664/1071/999 677/1074/1002 674/1075/1003
f 665/1070/998 667/1076/1004 677/1074/1002
f 668/1077/1005 670/1078/1006 660/1079/300
f 669/1080/1007 671/1081/1008 668/1077/1005
f 671/1081/1008 663/1082/1009 670/1078/1006
f 672/1083/1010 666/1073/1001 671/1081/1008
f 661/1084/1011 676/1085/1012 675/1086/1013
f 673/1087/1014 677/1074/1015 676/1085/1012
f 675/1086/1013 672/1083/1016 669/1080/1007
f 676/1085/1012 667/1076/1017 672/1083/1016
f 678/212/188 683/1088/1018 682/1089/1019
f 681/1090/1020 684/1091/1021 683/1088/1018
f 682/1089/1019 695/1092/1022 692/1093/1023
f 683/1088/1018 685/1094/1024 695/1092/1022
f 679/314/288 689/1095/1025 688/1096/1026
f 686/1097/1027 690/1098/1028 689/1095/1025
f 688/1096/1026 689/1095/1025 684/1091/1029
f 689/1095/1025 685/1094/1024 684/1091/1029
f 691/1099/1030 693/1100/1031 680/1101/313
f 692/1093/1023 694/1102/1032 691/1099/1030
f 694/1102/1032 687/1103/1033 693/1100/1031
f 695/1092/1022 690/1098/1028 694/1102/1032
f 696/344/318 701/1104/1034 709/1105/1035
f 699/1106/1036 702/1107/1037 701/1104/1034
f 709/1105/1035 701/1104/1034 712/1108/1038
f 701/1104/1034 703/1109/1039 712/1108/1038
f 704/1110/1040 706/1111/1041 697/1112/191
f 705/1113/1042 707/1114/1043 704/1110/1040
f 707/1114/1043 700/1115/1044 706/1111/1041
f 708/1116/1045 702/1107/1037 707/1114/1043
f 698/1117/1046 711/1118/1047 710/1119/1048
f 709/1120/1049 712/1108/1050 711/1118/1047
f 710/1119/1048 708/1116/1051 705/1113/1042
f 711/1118/1047 703/1109/1052 708/1116/1051
f 716/1121/1053 718/1122/1054 713/331/305
f 717/1123/1055 719/1124/1056 716/1121/1053
f 719/1124/1056 727/1125/1057 718/1122/1054
f 719/1124/1056 720/1126/1058 730/1127/1059
f 721/1128/1060 723/1129/1061 714/303/277
f 722/1130/1062 724/1131/1063 721/1128/1060
f 724/1131/1063 717/1123/1055 723/1129/1061
f 725/1132/1064 720/1126/1058 724/1131/1063
f 726/1133/1065 728/1134/1066 715/1135/179
f 727/1125/1057 729/1136/1067 726/1133/1065
f 729/1136/1067 722/1130/1062 728/1134/1066
f 729/1136/1067 730/1137/1059 725/1132/1064
f 731/201/177 737/1138/1068 736/1139/1069
f 734/1140/1070 738/1141/1071 737/1138/1068
f 736/1139/1069 749/1142/1072 746/1143/1073
f 737/1138/1068 739/1144/1074 749/1142/1072
f 732/304/278 743/1145/1075 742/1146/1076
f 740/1147/1077 744/1148/1078 743/1145/1075
f 742/1146/1076 738/1141/1079 735/1149/1080
f 743/1145/1075 739/1144/1074 738/1141/1079
f 745/1150/1081 747/1151/1082 733/1152/304
f 746/1143/1073 748/1153/1083 745/1150/1081
f 748/1153/1083 741/1154/1084 747/1151/1082
f 749/1142/1072 744/1148/1078 748/1153/1083
f 800/477/436 806/1155/1085 805/1156/1086
f 803/1157/1087 807/1158/1088 806/1155/1085
f 805/1156/1089 817/1159/1090 814/1160/1091
f 806/1155/1085 808/1161/1092 817/1159/1090
f 809/1162/1093 811/1163/1094 801/1164/1095
f 810/1165/1096 812/1166/1097 809/1167/1093
f 812/1168/1097 804/1169/1098 811/1163/1094
f 813/1170/1099 807/1158/1088 812/1168/1097
f 802/391/360 816/1171/1100 815/1172/1101
f 814/1173/1102 817/1174/1103 816/1171/1100
f 815/1172/1101 813/1175/1104 810/1165/1096
f 816/1171/1100 808/1176/1105 813/1175/1104
f 821/1177/1106 823/1178/1107 818/530/483
f 822/1179/1108 824/1180/1109 821/1177/1106
f 824/1180/1109 833/1181/1110 823/1178/1107
f 825/1182/1111 836/1183/1112 824/1180/1109
f 819/393/362 830/1184/1113 829/1185/1114
f 827/1186/1115 831/1187/1116 830/1188/1113
f 829/1185/1114 825/1189/1111 822/1190/1108
f 830/1188/1113 826/1191/1117 825/1182/1111
f 820/512/467 835/1192/1118 834/1193/1119
f 832/1194/1120 836/1183/1112 835/1192/1118
f 834/1193/1119 831/1187/1116 828/1195/1121
f 835/1192/1118 826/1191/1117 831/1187/1116
f 852/521/475 857/1196/1122 856/1197/1123
f 855/1198/1124 858/1199/1125 857/1196/1122
f 856/1197/1123 868/1200/1126 865/1201/1127
f 857/1196/1122 859/1202/1128 868/1200/1126
f 853/1203/1129 862/1204/1130 855/1205/1131
f 860/1206/1132 863/1207/1133 862/1204/1130
f 855/1205/1131 862/1204/1130 858/1208/1134
f 862/1204/1130 859/1209/1135 858/1208/1136
f 864/1210/1137 866/1211/1138 854/1212/1139
f 865/1201/1127 867/1213/1140 864/1210/1137
f 867/1214/1140 861/1215/1141 866/1216/1138
f 868/1200/1126 863/1217/1142 867/1213/1140
f 919/1218/1143 924/1219/1144 923/1220/1145
f 922/1221/1146 925/1222/1147 924/1219/1144
f 923/1220/1145 936/1223/1148 933/1224/1149
f 924/1219/1144 926/1225/1150 936/1223/1148
f 920/449/414 930/1226/1151 929/1227/1152
f 927/1228/1153 931/1229/1154 930/1226/1151
f 929/1227/1152 930/1226/1151 925/1230/1155
f 930/1226/1151 926/1231/1156 925/1230/1155
f 932/1232/1157 934/1233/1158 921/517/472
f 933/1234/1149 935/1235/1159 932/1232/1157
f 935/1235/1159 928/1236/1160 934/1233/1158
f 936/1237/1161 931/1229/1154 935/1235/1159
f 940/1238/1162 942/1239/1163 937/1240/486
f 941/1241/1164 943/1242/1165 940/1238/1162
f 942/1239/1163 955/1243/1166 952/1244/1167
f 943/1242/1165 945/1245/1168 955/1243/1166
f 938/518/473 949/1246/1169 948/1247/1170
f 946/1248/1171 950/1249/1172 949/1246/1169
f 948/1247/1170 944/1250/1173 941/1241/1164
f 949/1246/1169 945/1245/1168 944/1250/1173
f 951/1251/1174 953/1252/1175 939/1253/1176
f 952/1244/1167 954/1254/1177 951/1251/1174
f 954/1254/1177 947/1255/1178 953/1252/1175
f 955/1243/1166 950/1249/1172 954/1254/1177
f 971/523/477 976/1256/1179 984/1257/1180
f 974/1258/1181 977/1259/1182 976/1256/1179
f 984/1257/1180 976/1256/1179 987/1260/1183
f 976/1256/1179 978/1261/1184 987/1260/1185
f 979/1262/1186 981/1263/1187 972/1264/1188
f 980/1265/1189 982/1266/1190 979/1262/1186
f 982/1266/1190 975/1267/1191 981/1263/1187
f 983/1268/1192 977/1259/1193 982/1266/1190
f 973/461/423 986/1269/1194 985/1270/1195
f 984/1271/1196 987/1260/1197 986/1269/1194
f 985/1270/1195 983/1268/1192 980/1265/1189
f 986/1269/1194 978/1261/1198 983/1268/1192
f 1038/1272/1199 1044/1273/1200 1043/1274/1201
f 1041/1275/1202 1045/1276/1203 1044/1273/1200
f 1043/1274/1201 1055/1277/1204 1052/1278/1205
f 1044/1273/1200 1046/1279/1206 1055/1277/1204
f 1047/1280/1207 1049/1281/1208 1039/1282/1209
f 1048/1283/1210 1050/1284/1211 1047/1285/1207
f 1050/1286/1211 1042/1287/1212 1049/1281/1208
f 1051/1288/1213 1045/1276/1203 1050/1286/1211
f 1040/583/531 1054/1289/1214 1053/1290/1215
f 1052/1291/1216 1055/1292/1217 1054/1289/1214
f 1053/1290/1215 1051/1293/1218 1048/1283/1219
f 1054/1289/1214 1046/1294/1220 1051/1293/1218
f 1076/709/639 1081/1295/1221 1080/1296/1222
f 1079/1297/1223 1082/1298/1224 1081/1295/1221
f 1080/1296/1222 1093/1299/1225 1090/1300/1226
f 1081/1295/1221 1083/1301/1227 1093/1299/1225
f 1077/1302/1228 1087/1303/1229 1086/1304/1230
f 1084/1305/1231 1088/1306/1232 1087/1303/1229
f 1086/1304/1230 1087/1303/1229 1082/1307/1233
f 1087/1303/1229 1083/1308/1234 1082/1307/1233
f 1089/1309/1235 1091/1310/1236 1078/1311/1237
f 1090/1300/1226 1092/1312/1238 1089/1309/1235
f 1092/1313/1238 1085/1314/1239 1091/1315/1236
f 1093/1299/1225 1088/1316/1240 1092/1312/1238
f 1144/671/606 1148/1317/1241 1147/1318/1242
f 1153/1319/1243 1149/1320/1244 1148/1321/1241
f 1147/1318/1242 1160/1322/1245 1157/1323/1246
f 1148/1317/1241 1150/1324/1247 1160/1322/1245
f 1145/640/581 1154/1325/1248 1153/1326/1249
f 1151/1327/1250 1155/1328/1251 1154/1325/1248
f 1153/1326/1249 1154/1325/1248 1149/1329/1252
f 1154/1325/1248 1150/1324/1253 1149/1329/1252
f 1156/1330/1254 1158/1331/1255 1146/705/636
f 1157/1323/1246 1159/1332/1256 1156/1330/1254
f 1159/1332/1256 1152/1333/1257 1158/1331/1255
f 1160/1322/1258 1155/1328/1251 1159/1332/1256
f 1181/1334/641 1187/1335/1259 1186/1336/1260
f 1184/1337/1261 1188/1338/1262 1187/1335/1259
f 1186/1336/1260 1187/1335/1259 1197/1339/1263
f 1187/1335/1259 1189/1340/1264 1197/1339/1263
f 1190/1341/1265 1192/1342/1266 1182/1343/1267
f 1191/1344/1268 1193/1345/1269 1190/1341/1265
f 1193/1345/1269 1185/1346/1270 1192/1342/1266
f 1194/1347/1271 1188/1338/1272 1193/1345/1269
f 1183/652/590 1196/1348/1273 1195/1349/1274
f 1186/1350/1275 1197/1339/1276 1196/1348/1273
f 1195/1349/1274 1194/1347/1271 1191/1344/1268
f 1196/1348/1273 1189/1340/1277 1194/1347/1271
f 221/25/22 1200/1351/1278 224/1352/1279
f 224/1352/1279 1201/1353/1280 223/1354/1281
f 223/1354/1282 1202/1355/1283 222/1356/1284
f 1202/1357/1283 220/182/160 222/1358/1284
f 1198/24/21 207/1359/1285 1200/1351/1278
f 1200/1351/1278 208/1360/1286 1201/1353/1280
f 1201/1361/1287 209/1362/1288 1202/1357/1283
f 209/1362/1288 1199/139/122 1202/1357/1283
f 1203/1363/55 229/1364/1289 226/1365/7
f 1205/1366/1290 228/1367/1291 229/1364/1289
f 1206/1368/1292 227/1369/1293 228/1367/1294
f 227/1369/1293 1204/119/105 225/21/18
f 210/1370/169 1205/1366/1290 1203/1363/55
f 212/1371/1295 1206/1368/1296 1205/1366/1290
f 213/1372/1297 1207/1373/1298 1206/1368/1292
f 1207/1373/1298 211/18/15 1204/119/105
f 1208/129/114 204/1374/1299 201/3/3
f 1210/1375/1300 203/1376/1301 204/1374/1299
f 1211/1377/1302 202/1378/1303 203/1376/1304
f 202/1379/1303 1209/4/4 200/16/13
f 221/25/22 1210/1375/1300 1208/129/114
f 224/1352/1279 1211/1377/1305 1210/1375/1300
f 223/1354/1282 1212/1380/1306 1211/1377/1302
f 1212/1381/1306 220/182/160 1209/4/4
f 216/1382/139 1215/1383/1307 219/1384/1308
f 219/1384/1308 1216/1385/1309 218/1386/1310
f 218/1386/1311 1217/1387/1312 217/1388/1313
f 1217/1387/1312 215/10/8 217/1388/1313
f 1213/1389/23 229/1364/1289 1215/1383/1307
f 1215/1383/1307 228/1367/1291 1216/1385/1309
f 1216/1385/1314 227/1369/1293 1217/1387/1312
f 227/1369/1293 1214/23/20 1217/1387/1312
f 231/1390/140 1220/1391/1315 234/1392/1316
f 234/1392/1316 1221/1393/1317 233/1394/1318
f 233/1394/1319 1222/1395/1320 232/1396/1321
f 1222/1395/1320 230/29/25 232/1396/1321
f 1218/1397/135 219/1384/1308 1220/1391/1315
f 1220/1391/1315 218/1386/1310 1221/1393/1317
f 1221/1393/1322 217/1388/1313 1222/1395/1320
f 217/1388/1313 1219/12/10 1222/1395/1320
f 205/15/12 1225/1398/1323 207/1359/1285
f 207/1359/1285 1226/1399/1324 208/1360/1286
f 208/1400/1325 1227/1401/1326 209/1362/1288
f 1227/1401/1326 206/35/31 209/1362/1288
f 1223/14/11 237/1402/1327 1225/1398/1323
f 1225/1398/1323 238/1403/1328 1226/1399/1324
f 1226/1404/1329 239/1405/1330 1227/1401/1326
f 239/1405/1330 1224/33/29 1227/1401/1326
f 235/44/39 1230/1406/1331 237/1402/1327
f 237/1402/1327 1231/1407/1332 238/1403/1328
f 238/1408/1333 1232/1409/1334 239/1405/1330
f 1232/1409/1334 236/32/28 239/1405/1330
f 1228/53/47 247/1410/1335 1230/1406/1331
f 1230/1406/1331 248/1411/1336 1231/1407/1332
f 1231/1412/1337 249/1413/1338 1232/1409/1334
f 249/1413/1338 1229/30/26 1232/1409/1334
f 241/1414/170 1235/1415/1339 244/1416/1340
f 244/1416/1340 1236/1417/1341 243/1418/1342
f 243/1418/1343 1237/1419/1344 242/1420/1345
f 1237/1419/1344 240/39/35 242/1420/1345
f 1233/1421/163 234/1392/1316 1235/1415/1339
f 1235/1415/1339 233/1394/1318 1236/1417/1341
f 1236/1417/1346 232/1396/1321 1237/1419/1344
f 232/1396/1321 1234/37/33 1237/1419/1344
f 1238/170/150 272/1422/1347 269/168/148
f 1240/1423/1348 271/1424/1349 272/1422/1347
f 1241/1425/1350 270/1426/1351 271/1424/1349
f 1242/1427/1352 268/1428/44 270/1426/1351
f 251/1429/664 1240/1423/1348 1238/170/150
f 261/740/663 1241/1425/1350 1240/1423/1348
f 254/739/667 1242/1427/1352 1241/1425/1350
f 253/728/657 1239/133/116 1242/1427/1352
f 245/52/46 1245/1430/1353 247/1410/1335
f 247/1410/1335 1246/1431/1354 248/1411/1336
f 248/1432/1355 1247/1433/1356 249/1413/1338
f 249/1413/1338 1244/40/36 246/42/38
f 1243/152/134 272/1422/1347 1245/1430/1353
f 1245/1430/1357 271/1424/1349 1246/1431/1354
f 1246/1434/1358 270/1435/1351 1247/1433/1356
f 270/1435/1351 1244/40/36 1247/1433/1356
f 251/735/664 1250/1436/1359 259/733/662
f 259/733/662 1251/1437/1360 260/736/665
f 260/736/674 1252/1438/1361 265/744/670
f 265/744/670 1249/46/41 252/48/43
f 1248/1439/149 244/1416/1340 1250/1436/1359
f 1250/1436/1359 243/1418/1342 1251/1437/1360
f 1251/1437/1362 242/1420/1345 1252/1438/1361
f 1252/1438/1361 240/39/35 1249/46/41
f 1253/1440/62 212/1371/1295 210/1370/169
f 1255/1441/1363 213/1372/1364 212/1371/1295
f 1256/1442/1365 214/1443/1366 213/1372/1297
f 214/1443/1366 1254/162/142 211/18/15
f 278/1444/113 1255/1441/1363 1253/1440/62
f 280/1445/1367 1256/1442/1368 1255/1441/1363
f 281/1446/1369 1257/1447/1370 1256/1442/1365
f 1257/1447/1370 279/58/52 1254/162/142
f 1258/1/1 277/1448/1371 274/178/157
f 1260/1449/1372 276/1450/1373 277/1448/1371
f 1261/1451/1374 275/1452/1375 276/1450/1376
f 275/1453/1375 1259/54/48 273/56/50
f 201/3/3 1260/1449/1372 1258/1/1
f 204/1374/1299 1261/1451/1377 1260/1449/1372
f 203/1376/1304 1262/1454/1378 1261/1451/1374
f 1262/1455/1378 200/16/13 1259/54/48
f 290/764/692 1265/1456/1379 301/762/690
f 301/762/690 1266/1457/1380 302/753/681
f 302/753/681 1267/1458/1381 292/749/677
f 292/749/677 1264/175/106 288/177/156
f 1263/143/125 285/1459/1382 1265/1456/1379
f 1265/1456/1379 286/1460/1383 1266/1457/1380
f 1266/1457/1380 287/1461/1384 1267/1458/1381
f 1267/1458/1381 284/1462/58 1264/175/106
f 1268/1463/126 280/1445/1367 278/1444/113
f 1270/1464/1385 281/1446/1386 280/1445/1367
f 1271/1465/1387 282/1466/1388 281/1446/1369
f 1272/1467/1389 279/58/52 282/1466/1388
f 290/1468/692 1270/1464/1385 1268/1463/126
f 303/768/691 1271/1465/1390 1270/1464/1385
f 297/767/1391 1272/1467/1389 1271/1465/1387
f 296/758/686 1269/66/60 1272/1467/1389
f 1273/146/128 285/1459/1382 283/145/127
f 1275/1469/1392 286/1460/1383 285/1459/1382
f 1276/1470/1393 287/1461/1384 286/1460/1383
f 287/1471/1384 1274/62/56 284/64/58
f 274/178/157 1275/1469/1392 1273/146/128
f 277/1448/1371 1276/1470/1394 1275/1469/1392
f 276/1450/1376 1277/1472/1395 1276/1470/1393
f 275/1453/1375 1274/62/56 1277/1473/1395
f 1278/142/124 330/1474/1396 327/71/63
f 1280/1475/1397 329/1476/1398 330/1474/1396
f 1281/1477/1399 328/1478/1400 329/1476/1398
f 1282/1479/1401 326/192/168 328/1478/1400
f 311/91/81 1280/1475/1397 1278/142/124
f 313/1480/1402 1281/1477/1399 1280/1475/1397
f 314/1481/1403 1282/1479/1401 1281/1477/1399
f 315/1482/1404 1279/191/167 1282/1479/1401
f 332/85/75 1285/1483/1405 335/1484/1406
f 335/1484/1406 1286/1485/1407 334/1486/1408
f 334/1486/1408 1287/1487/1409 333/1488/1410
f 333/1488/1410 1284/123/109 331/126/112
f 1283/84/74 318/1489/1411 1285/1483/1405
f 1285/1483/1405 319/1490/1412 1286/1485/1407
f 1286/1485/1407 320/1491/1413 1287/1487/1409
f 1287/1487/1409 317/124/110 1284/123/109
f 307/81/71 1290/1492/1414 310/1493/1415
f 310/1493/1415 1291/1494/1416 309/1495/1417
f 309/1495/1417 1292/1496/1418 308/1497/1419
f 308/1497/1419 1289/140/123 306/106/95
f 1288/72/64 330/1474/1396 1290/1492/1414
f 1290/1492/1414 329/1476/1398 1291/1494/1416
f 1291/1494/1416 328/1478/1400 1292/1496/1418
f 1292/1496/1418 326/192/168 1289/140/123
f 1293/86/76 325/1498/1420 322/125/111
f 1295/1499/1421 324/1500/1422 325/1498/1420
f 1296/1501/1423 323/1502/1424 324/1500/1422
f 1297/1503/1425 321/183/161 323/1502/1424
f 332/85/75 1295/1499/1421 1293/86/76
f 335/1484/1406 1296/1501/1423 1295/1499/1421
f 334/1486/1408 1297/1503/1425 1296/1501/1423
f 333/1488/1410 1294/161/141 1297/1503/1425
f 1298/77/68 340/1504/1426 337/155/136
f 1300/1505/1427 339/1506/1428 340/1504/1426
f 1301/1507/1429 338/1508/1430 339/1506/1428
f 1302/1509/1431 336/78/69 338/1508/1430
f 322/125/111 1300/1505/1427 1298/77/68
f 325/1498/1420 1301/1507/1429 1300/1505/1427
f 324/1500/1422 1302/1509/1431 1301/1507/1429
f 323/1502/1424 1299/94/84 1302/1509/1431
f 1303/92/82 313/1480/1402 311/91/81
f 1305/1510/1432 314/1481/1403 313/1480/1402
f 1306/1511/1433 315/1482/1404 314/1481/1403
f 1307/1512/1434 312/190/166 315/1482/1404
f 341/97/86 1305/1510/1432 1303/92/82
f 343/1513/1435 1306/1511/1433 1305/1510/1432
f 344/1514/1436 1307/1512/1434 1306/1511/1433
f 345/1515/1437 1304/74/66 1307/1512/1434
f 1308/98/87 343/1513/1435 341/97/86
f 1310/1516/1438 344/1514/1436 343/1513/1435
f 1311/1517/1439 345/1515/1437 344/1514/1436
f 1312/1518/1440 342/138/121 345/1515/1437
f 351/102/91 1310/1516/1438 1308/98/87
f 353/1519/1441 1311/1517/1439 1310/1516/1438
f 354/1520/1442 1312/1518/1440 1311/1517/1439
f 355/1521/1443 1309/184/162 1312/1518/1440
f 1313/93/83 350/1522/1444 347/187/164
f 1315/1523/1445 349/1524/1446 350/1522/1444
f 1316/1525/1447 348/1526/1448 349/1524/1446
f 1317/1527/1449 346/101/90 348/1526/1448
f 337/155/136 1315/1523/1445 1313/93/83
f 340/1504/1426 1316/1525/1447 1315/1523/1445
f 339/1506/1428 1317/1527/1449 1316/1525/1447
f 338/1508/1430 1314/80/70 1317/1527/1449
f 374/189/165 1320/1528/1450 377/1529/1451
f 377/1529/1451 1321/1530/1452 376/1531/1453
f 376/1531/1453 1322/1532/1454 375/1533/1455
f 375/1533/1455 1319/172/152 373/174/154
f 1318/1534/120 360/772/697 1320/1528/1450
f 1320/1528/1450 369/777/701 1321/1530/1452
f 1321/1530/1452 368/784/710 1322/1532/1454
f 1322/1532/1454 358/173/153 1319/172/152
f 1323/104/93 353/1519/1441 351/102/91
f 1325/1535/1456 354/1520/1442 353/1519/1441
f 1326/1536/1457 355/1521/1443 354/1520/1442
f 1327/1537/1458 352/181/159 355/1521/1443
f 374/189/165 1325/1535/1456 1323/104/93
f 377/1529/1451 1326/1536/1457 1325/1535/1456
f 376/1531/1453 1327/1537/1458 1326/1536/1457
f 375/1533/1455 1324/156/137 1327/1537/1458
f 1328/99/88 364/781/705 357/105/94
f 1330/1538/1459 365/787/713 364/781/705
f 1331/1539/1460 370/785/711 365/787/713
f 1332/1540/1461 358/173/153 370/785/711
f 347/187/164 1330/1538/1459 1328/99/88
f 350/1522/1444 1331/1539/1460 1330/1538/1459
f 349/1524/1446 1332/1540/1461 1331/1539/1460
f 348/1526/1448 1329/171/151 1332/1540/1461
f 316/88/78 1335/1541/1462 318/1489/1411
f 318/1489/1411 1336/1542/1463 319/1490/1412
f 319/1490/1412 1337/1543/1464 320/1491/1413
f 320/1491/1413 1334/166/146 317/124/110
f 1333/109/96 385/1544/1465 1335/1541/1462
f 1335/1541/1462 386/1545/1466 1336/1542/1463
f 1336/1542/1463 387/1546/1467 1337/1543/1464
f 1337/1543/1464 384/130/115 1334/166/146
f 379/111/98 1340/1547/1468 382/1548/1469
f 382/1548/1469 1341/1549/1470 381/1550/1471
f 381/1550/1471 1342/1551/1472 380/1552/1473
f 380/1552/1473 1339/115/101 378/114/100
f 1338/82/72 310/1493/1415 1340/1547/1468
f 1340/1547/1468 309/1495/1417 1341/1549/1470
f 1341/1549/1470 308/1497/1419 1342/1551/1472
f 1342/1551/1472 306/106/95 1339/115/101
f 1343/1553/108 396/1554/717 393/180/158
f 1345/1555/1474 397/801/727 396/790/717
f 1346/1556/1475 403/797/723 397/801/727
f 1347/1557/1476 394/798/724 403/797/723
f 388/118/104 1345/1555/1474 1343/122/108
f 390/1558/1477 1346/1556/1475 1345/1555/1474
f 391/1559/1478 1347/1557/1476 1346/1556/1475
f 392/1560/1479 1344/150/132 1347/1557/1476
f 383/110/97 1350/1561/1480 385/1544/1465
f 385/1544/1465 1351/1562/1481 386/1545/1466
f 386/1545/1466 1352/1563/1482 387/1546/1467
f 387/1546/1467 1349/149/131 384/130/115
f 1348/116/102 407/804/731 1350/1561/1480
f 1350/1561/1480 402/799/725 1351/1562/1481
f 1351/1562/1481 401/796/722 1352/1563/1482
f 1352/1563/1482 394/798/724 1349/149/131
f 388/118/104 1355/1564/1483 390/1558/1477
f 390/1558/1477 1356/1565/1484 391/1559/1478
f 391/1559/1478 1357/1566/1485 392/1560/1479
f 392/1560/1479 1354/148/130 389/147/129
f 1353/112/99 382/1548/1469 1355/1564/1483
f 1355/1564/1483 381/1550/1471 1356/1565/1484
f 1356/1565/1484 380/1552/1473 1357/1566/1485
f 1357/1566/1485 378/114/100 1354/148/130
f 395/117/103 1360/1567/1486 406/1568/732
f 406/789/1487 1359/176/155 393/180/1488
f 1358/67/61 298/757/1489 1360/1567/1486
f 1360/1569/1490 298/1570/1491 291/750/1492
f 1360/1571/1493 288/177/156 1359/176/155
f 252/48/43 1363/1572/1494 264/1573/1495
f 264/731/1496 1363/1574/1496 255/727/1496
f 1363/1574/1497 250/725/654 255/727/1498
f 357/105/94 1363/1572/1494 1361/47/42
f 359/1575/698 1362/134/117 1363/1574/1497
f 535/260/235 1366/1576/1499 547/959/883
f 547/959/883 1367/1577/1500 548/948/873
f 1367/1577/1500 538/945/870 548/948/873
f 1368/1578/1501 533/243/219 538/945/870
f 1364/259/234 556/965/889 1366/1576/1499
f 1366/1576/1499 566/968/892 1367/1577/1500
f 566/968/892 1368/1578/1501 1367/1577/1500
f 565/976/900 1365/261/236 1368/1578/1501
f 1369/253/228 560/974/898 552/254/229
f 1371/1579/1502 561/973/897 560/974/898
f 561/973/897 1373/1580/1503 567/977/901
f 567/977/901 1370/240/216 553/302/276
f 570/231/207 1371/1579/1502 1369/253/228
f 575/981/905 1372/1581/1504 1371/1579/1502
f 1372/1581/1504 584/995/918 1373/1580/1503
f 1373/1580/1503 572/269/244 1370/240/216
f 1374/288/262 579/989/913 571/300/274
f 1376/1582/1505 580/1583/1506 579/989/913
f 580/998/921 1377/1584/1507 586/996/919
f 1377/1584/1507 572/269/244 586/996/919
f 1374/288/262 544/952/877 1376/1582/1505
f 1376/1582/1505 537/956/881 1377/1585/1508
f 1377/1586/1507 537/946/871 536/944/869
f 1377/1584/1507 533/243/219 1375/242/218
f 517/299/273 1380/1587/1509 528/939/863
f 528/939/863 1381/1588/1510 529/928/851
f 1381/1588/1510 520/925/848 529/928/851
f 1382/1589/1511 515/280/254 520/925/848
f 1378/295/269 562/972/896 1380/1587/1509
f 1380/1587/1509 555/966/890 1381/1588/1510
f 555/966/890 1382/1589/1511 1381/1588/1510
f 554/964/888 1379/274/248 1382/1589/1511
f 1383/249/224 542/953/878 534/289/263
f 1385/1590/1512 543/1591/1513 542/953/878
f 543/962/886 1386/1592/1514 549/960/884
f 1386/1592/1514 535/260/235 549/960/884
f 1383/249/224 525/932/855 1385/1590/1512
f 1385/1590/1512 519/936/859 1386/1593/1515
f 1386/1594/1514 519/926/849 518/924/847
f 1386/1592/1514 515/280/254 1384/228/204
f 1387/250/225 523/933/856 516/251/226
f 1389/1595/1516 524/1596/1517 523/933/856
f 1390/1597/1518 530/940/864 524/942/866
f 1391/1598/1519 517/299/273 530/940/864
f 1387/250/225 581/988/912 1389/1595/1516
f 1389/1595/1516 574/992/916 1390/1599/1520
f 1390/1597/1518 573/980/904 1391/1598/1521
f 1391/1598/1519 570/231/207 1388/230/206
f 436/209/185 1394/1600/1522 440/1601/762
f 440/1601/762 1395/1602/1523 1859/1603/1524
f 1859/1603/1524 1396/1604/1525 442/1605/1526
f 442/1605/1526 1393/246/221 437/315/289
f 410/163/143 1394/1600/1522 1392/210/186
f 415/807/736 1395/1602/1523 1394/1600/1522
f 423/810/1527 1396/1604/1525 1395/1602/1523
f 421/818/1528 1393/246/221 1396/1604/1525
f 1397/258/233 454/1606/1529 447/216/192
f 1399/1607/1530 1860/849/1531 454/1606/1529
f 1400/1608/1532 449/845/771 1860/849/1533
f 1401/1609/1534 445/317/291 449/845/771
f 1397/258/233 421/821/1528 1399/1607/1530
f 1399/1607/1530 418/814/1535 1400/1608/1532
f 1400/1608/1532 417/811/740 1401/1609/1534
f 1401/1609/1534 411/813/742 1398/236/212
f 1402/316/290 442/1610/1526 437/315/289
f 1404/1611/1536 443/843/1537 442/1610/1526
f 1405/1612/1538 440/839/1539 443/843/1537
f 1406/1613/1540 438/233/209 440/839/766
f 1402/316/290 454/1614/1529 1404/1611/1536
f 1404/1611/1536 451/853/1541 1405/1612/1538
f 1405/1612/1538 453/854/777 1406/1613/1540
f 1406/1613/1540 446/850/776 1403/247/222
f 465/870/797 1409/1615/1542 468/868/795
f 468/868/795 1410/1616/1543 469/871/798
f 469/871/798 1411/1617/1544 474/878/803
f 474/878/803 1408/278/252 466/321/295
f 424/219/195 1409/1615/1542 1407/297/271
f 429/823/1545 1410/1616/1543 1409/1615/1542
f 433/827/1546 1411/1617/1544 1410/1616/1543
f 432/833/1547 1408/278/252 1411/1617/1544
f 480/272/247 1414/1618/1548 488/885/808
f 488/885/1549 1415/1619/1550 1861/1620/1551
f 1861/1620/1551 1416/1621/1552 485/1622/1553
f 485/1622/1553 1413/337/311 481/206/182
f 467/264/239 1414/1618/1548 1412/262/237
f 478/880/805 1415/1619/1550 1414/1618/1548
f 473/875/801 1416/1621/1552 1415/1619/1550
f 474/877/803 1413/337/311 1416/1621/1552
f 1417/208/184 485/1623/1553 481/206/182
f 1419/1624/1554 486/893/1555 485/1623/1553
f 1420/1625/1556 488/891/1557 486/893/1555
f 1421/1626/1558 482/271/246 488/891/815
f 1417/208/184 432/1627/1547 1419/1624/1554
f 1419/1624/1554 433/1628/1559 1420/1625/1556
f 1420/1625/1556 430/828/1560 1421/1626/1558
f 1421/1626/1558 425/265/240 1418/267/242
f 1422/256/231 462/1629/1561 457/195/171
f 1424/1630/1562 463/860/1563 462/1629/1561
f 1425/1631/1564 459/856/1565 463/860/1563
f 1426/1632/1566 455/342/316 459/856/1565
f 1422/256/231 498/905/1567 1424/1630/1562
f 1424/1630/1562 493/906/822 1425/1631/1564
f 1425/1631/1564 492/894/819 1426/1632/1566
f 1426/1632/1566 489/896/821 1423/292/266
f 1427/327/301 498/902/1567 490/279/253
f 1429/1633/1568 497/910/828 498/902/1567
f 1430/1634/1569 502/908/831 497/910/828
f 1431/1635/1570 491/283/257 502/908/831
f 1427/327/301 510/1636/1571 1429/1633/1568
f 1430/1634/1569 507/911/832 1431/1635/1570
f 1431/1635/1570 504/913/834 1428/198/174
f 1432/341/315 510/1637/1571 505/328/302
f 1434/1638/1572 1858/923/1573 510/1637/1571
f 1435/1639/1574 514/920/841 1858/923/1575
f 1436/1640/1576 506/291/265 514/920/841
f 1432/341/315 462/865/1561 1434/1638/1572
f 1434/1638/1572 463/867/1577 1435/1639/1578
f 1435/1639/1574 460/863/1579 1436/1640/1576
f 1436/1640/1576 456/285/259 1433/287/261
f 591/1015/308 1439/1641/1580 601/1013/941
f 601/1013/941 1440/1642/1581 602/1006/930
f 602/1006/930 1441/1643/1582 594/1002/926
f 594/1002/926 1438/282/256 589/1000/924
f 1437/1644/307 616/1026/954 1439/1641/1580
f 1439/1641/1580 610/1020/948 1440/1642/1581
f 1440/1642/1581 609/1018/946 1441/1643/1582
f 1441/1643/1582 606/320/294 1438/282/256
f 1442/308/282 627/1037/963 624/319/293
f 1444/1645/1583 628/1047/973 627/1037/963
f 1445/1646/1584 634/1043/969 628/1047/973
f 1446/1647/1585 625/1044/200 634/1043/969
f 608/307/281 1444/1645/1583 1442/308/282
f 621/1033/959 1445/1646/1584 1444/1645/1583
f 615/1028/955 1446/1647/1585 1445/1646/1584
f 614/1025/953 1443/1648/198 1446/1647/1585
f 1447/310/284 597/1011/934 590/309/283
f 1449/1649/1586 598/1017/945 597/1011/934
f 1450/1650/1587 603/1014/942 598/1017/945
f 1451/1651/1588 591/1015/308 603/1014/942
f 1447/310/284 639/1050/976 1449/1649/1586
f 1449/1649/1586 633/1045/970 1450/1650/1587
f 1450/1650/1587 632/1042/968 1451/1651/1588
f 1451/1651/1588 625/1044/200 1448/1652/199
f 1452/1653/298 654/1065/995 643/1067/296
f 1454/1654/1589 655/1057/987 654/1065/995
f 1455/1655/1590 646/1054/984 655/1057/987
f 646/1054/984 1453/226/202 641/225/201
f 660/1079/300 1454/1654/1589 1452/1653/298
f 670/1078/1006 1455/1655/1590 1454/1654/1589
f 663/1082/1009 1456/1656/1591 1455/1655/1590
f 662/1072/1000 1453/226/202 1456/1656/1591
f 680/1101/313 1459/1657/1592 691/1099/1030
f 691/1099/1030 1460/1658/1593 692/1093/1023
f 692/1093/1023 1461/1659/1594 682/1089/1019
f 682/1089/1019 1458/213/189 678/212/188
f 1457/1660/312 656/1066/996 1459/1657/1592
f 1459/1657/1592 650/1062/992 1460/1658/1593
f 1460/1658/1593 649/1060/990 1461/1659/1594
f 1461/1659/1594 642/313/287 1458/213/189
f 1462/312/286 686/1097/1027 679/314/288
f 1464/1661/1595 687/1103/1033 686/1097/1027
f 1465/1662/1596 693/1100/1031 687/1103/1033
f 1466/1663/1597 680/1101/313 693/1100/1031
f 1462/312/286 675/1086/1013 1464/1661/1595
f 1464/1661/1595 669/1080/1007 1465/1662/1596
f 1465/1662/1596 668/1077/1005 1466/1663/1597
f 1466/1663/1597 660/1079/300 1463/1664/299
f 1467/332/306 699/1106/1036 696/344/318
f 1469/1665/1598 700/1115/1044 699/1106/1036
f 1470/1666/1599 706/1111/1041 700/1115/1044
f 1471/1667/1600 697/1112/191 706/1111/1041
f 713/331/305 1469/1665/1598 1467/332/306
f 718/1122/1054 1470/1666/1599 1469/1665/1598
f 727/1125/1057 1471/1667/1600 1470/1666/1599
f 726/1133/1065 1468/1668/181 1471/1667/1600
f 714/303/277 1474/1669/1601 721/1128/1060
f 721/1128/1060 1475/1670/1602 722/1130/1062
f 722/1130/1062 1476/1671/1603 728/1134/1066
f 728/1134/1066 1473/1672/303 715/1135/179
f 1472/202/178 736/1139/1069 1474/1669/1601
f 1474/1669/1601 746/1143/1073 1475/1670/1602
f 1475/1670/1602 745/1150/1081 1476/1671/1603
f 1476/1671/1603 733/1152/304 1473/1672/303
f 1477/306/280 740/1147/1077 732/304/278
f 1479/1673/1604 741/1154/1084 740/1147/1077
f 1480/1674/1605 747/1151/1082 741/1154/1084
f 1481/1675/1606 733/1152/304 747/1151/1082
f 1477/306/280 710/1119/1048 1479/1673/1604
f 1479/1673/1604 705/1113/1042 1480/1674/1605
f 1480/1674/1605 704/1110/1040 1481/1675/1606
f 1481/1675/1606 697/1112/191 1478/1676/190
f 410/163/143 1484/1677/1607 413/806/735
f 413/806/735 1485/1678/1608 414/808/1609
f 414/808/1609 1486/1679/1610 419/812/741
f 419/812/741 1483/237/213 411/813/742
f 1482/165/145 611/1019/947 1484/1677/1607
f 611/1019/947 1485/1678/1608 1484/1677/1607
f 1485/1678/1608 619/1032/958 1486/1679/1610
f 619/1032/958 1483/237/213 1486/1679/1610
f 626/1048/974 1489/1680/1611 637/1051/1612
f 637/1051/1612 1489/1681/1611 638/1040/1613
f 638/1040/1614 1490/1682/1615 629/1036/1616
f 1490/1682/1617 624/319/293 629/1036/962
f 1487/248/223 452/852/778 1489/1680/1611
f 452/846/1618 1490/1682/1615 1489/1681/1619
f 448/844/1620 1488/318/292 1490/1682/1617
f 1491/221/197 427/822/1621 424/219/195
f 1493/1683/1622 428/824/1623 427/822/1623
f 428/824/1624 1494/1684/1625 431/829/1626
f 431/829/1626 1492/311/285 425/265/240
f 659/340/314 1493/1683/1627 1491/221/197
f 664/1071/999 1494/1685/1628 1493/1683/1622
f 1494/1685/1625 674/1075/1629 673/1087/1014
f 673/1087/1014 1492/311/285 1494/1684/1625
f 1495/1686/1630 681/1090/1631 678/212/188
f 681/1090/1020 1497/1687/1632 688/1688/1633
f 688/1096/1026 1496/270/245 679/314/288
f 1495/1686/1630 483/884/809 1497/1689/1634
f 1497/1689/1635 483/884/1636 487/889/1636
f 487/890/814 1496/270/245 1497/1690/1637
f 491/283/257 1500/1691/1638 500/907/830
f 500/907/830 1501/1692/1639 501/899/1640
f 501/899/1640 1502/1693/1641 494/895/820
f 494/895/820 1499/293/267 489/896/821
f 1498/284/258 723/1129/1061 1500/1691/1638
f 1500/1691/1638 717/1123/1055 1501/1692/1639
f 1501/1692/1639 716/1121/1053 1502/1693/1641
f 1502/1693/1641 713/331/305 1499/293/267
f 1503/305/279 709/1694/1049 698/1117/1046
f 1505/1695/1642 696/344/318 709/1105/1035
f 1503/305/279 461/862/1643 1505/1696/1644
f 1505/1697/1645 461/857/1646 458/855/1645
f 458/855/1647 1504/343/317 1505/1695/1642
f 589/1000/924 1508/1698/1648 592/1003/1649
f 592/1003/1649 1508/1699/1648 593/1004/1650
f 593/1004/1651 1509/1700/1652 599/1010/1653
f 1509/1700/1654 590/309/283 599/1010/933
f 1506/281/255 439/835/763 1508/1698/1648
f 1508/1699/1655 444/838/1656 1509/1700/1652
f 444/838/765 1507/235/211 1509/1700/1654
f 467/264/239 1512/1701/1657 476/879/804
f 476/879/804 1513/1702/1658 477/874/1659
f 477/874/1659 1514/1703/1660 470/869/796
f 470/869/796 1511/298/272 465/870/797
f 1510/263/238 651/1061/991 1512/1701/1657
f 1512/1701/1657 645/1055/985 1513/1702/1658
f 1513/1702/1658 644/1053/983 1514/1703/1660
f 1514/1703/1660 641/225/201 1511/298/272
f 506/291/265 1517/1704/1661 512/919/840
f 512/919/1662 1518/1705/1663 513/917/1664
f 513/917/837 1518/1706/1665 508/912/833
f 508/912/833 1516/199/175 504/913/834
f 1515/290/264 742/1146/1076 1517/1704/1661
f 1517/1704/1666 735/1149/1080 1518/1705/1663
f 1518/1705/1667 735/1149/1668 734/1140/1070
f 1518/1706/1669 731/201/177 1516/199/175
f 771/369/340 1521/1707/1670 774/1708/1671
f 774/1708/1671 1522/1709/1672 773/1710/1673
f 773/1710/1674 1523/1711/1675 772/1712/1676
f 1523/1713/1675 770/526/479 772/1714/1676
f 1519/368/339 757/1715/1677 1521/1707/1670
f 1521/1707/1670 758/1716/1678 1522/1709/1672
f 1522/1709/1679 759/1717/1680 1523/1711/1675
f 759/1718/1680 1520/483/442 1523/1713/1675
f 1524/405/373 779/1719/1681 776/352/325
f 1526/1720/1682 778/1721/1683 779/1722/1681
f 1527/1723/1684 777/1724/1685 778/1721/1686
f 777/1724/1685 1525/463/425 775/365/336
f 760/537/490 1526/1725/1682 1524/405/373
f 762/1726/1687 1527/1723/1688 1526/1720/1682
f 763/1727/1689 1528/1728/1690 1527/1723/1684
f 1528/1728/1690 761/362/333 1525/463/425
f 1529/473/434 754/1729/1691 751/347/321
f 1531/1730/1692 753/1731/1693 754/1729/1691
f 1532/1732/1694 752/1733/1695 753/1731/1696
f 752/1734/1695 1530/348/322 750/360/331
f 771/369/340 1531/1730/1692 1529/473/434
f 774/1708/1671 1532/1732/1697 1531/1730/1692
f 773/1710/1674 1533/1735/1698 1532/1732/1694
f 1533/1736/1698 770/526/479 1530/348/322
f 766/502/458 1536/1737/1699 769/1738/1700
f 769/1739/1700 1537/1740/1701 768/1741/1702
f 768/1741/1703 1538/1742/1704 767/1743/1705
f 1538/1742/1704 765/354/326 767/1743/1705
f 1534/370/341 779/1719/1681 1536/1737/1699
f 1536/1744/1699 778/1721/1683 1537/1740/1701
f 1537/1740/1706 777/1724/1685 1538/1742/1704
f 777/1724/1685 1535/367/338 1538/1742/1704
f 781/503/459 1541/1745/1707 784/1746/1708
f 784/1747/1708 1542/1748/1709 783/1749/1710
f 783/1749/1711 1543/1750/1712 782/1751/1713
f 1543/1750/1712 780/373/343 782/1751/1713
f 1539/497/454 769/1738/1700 1541/1745/1707
f 1541/1752/1707 768/1741/1702 1542/1748/1709
f 1542/1748/1714 767/1743/1705 1543/1750/1712
f 767/1743/1705 1540/356/328 1543/1750/1712
f 755/359/330 1546/1753/1715 757/1715/1677
f 757/1715/1677 1547/1754/1716 758/1716/1678
f 758/1716/1717 1548/1755/1718 759/1717/1680
f 1548/1756/1718 756/379/349 759/1718/1680
f 1544/358/329 787/1757/1719 1546/1753/1715
f 1546/1753/1715 788/1758/1720 1547/1754/1716
f 1547/1754/1721 789/1759/1722 1548/1755/1718
f 789/1760/1722 1545/377/347 1548/1756/1718
f 785/388/357 1551/1761/1723 787/1757/1719
f 787/1757/1719 1552/1762/1724 788/1758/1720
f 788/1758/1725 1553/1763/1726 789/1759/1722
f 1553/1764/1726 786/376/346 789/1760/1722
f 1549/397/365 797/1765/1727 1551/1761/1723
f 1551/1761/1723 798/1766/1728 1552/1762/1724
f 1552/1762/1729 799/1767/1730 1553/1763/1726
f 799/1768/1730 1550/374/344 1553/1764/1726
f 791/538/491 1556/1769/1731 794/1770/1732
f 794/1771/1732 1557/1772/1733 793/1773/1734
f 793/1773/1735 1558/1774/1736 792/1775/1737
f 792/1775/1737 1555/381/351 790/383/353
f 1554/531/484 784/1746/1708 1556/1769/1731
f 1556/1776/1731 783/1749/1710 1557/1772/1733
f 1557/1772/1738 782/1751/1713 1558/1774/1736
f 782/1751/1713 1555/381/351 1558/1774/1736
f 1559/514/469 832/1194/1120 820/512/467
f 1561/1777/1739 833/1181/1110 832/1194/1120
f 1562/1778/1740 823/1178/1107 833/1181/1110
f 1563/1779/1741 818/530/483 823/1178/1107
f 801/1164/1095 1561/1777/1739 1559/514/469
f 811/1163/1094 1562/1778/1740 1561/1777/1739
f 804/1169/1098 1563/1779/1741 1562/1778/1740
f 803/1157/1087 1560/479/438 1563/1779/1741
f 795/396/364 1566/1780/1742 797/1765/1727
f 797/1765/1727 1567/1781/1743 798/1766/1728
f 798/1766/1744 1568/1782/1745 799/1767/1730
f 1568/1783/1745 796/386/356 799/1768/1730
f 1564/496/453 834/1193/1119 1566/1780/1742
f 1566/1780/1742 828/1195/1121 1567/1781/1743
f 1567/1781/1746 827/1186/1115 1568/1782/1745
f 827/1784/1115 1565/384/354 1568/1783/1745
f 801/1164/1095 1571/1785/1747 809/1162/1093
f 809/1167/1093 1572/1786/1748 810/1165/1096
f 810/1165/1096 1573/1787/1749 815/1172/1101
f 815/1172/1101 1570/390/359 802/391/360
f 1569/513/468 794/1770/1732 1571/1785/1747
f 1571/1788/1747 793/1773/1734 1572/1786/1748
f 1572/1786/1748 792/1775/1737 1573/1787/1749
f 1573/1787/1749 790/383/353 1570/390/359
f 1574/413/380 762/1789/1687 760/537/490
f 1576/1790/1750 763/1727/1751 762/1726/1687
f 1577/1791/1752 764/1792/1753 763/1727/1689
f 764/1792/1753 1575/506/461 761/362/333
f 842/472/433 1576/1793/1750 1574/413/380
f 844/1794/1754 1577/1791/1755 1576/1790/1750
f 845/1795/1756 1578/1796/1757 1577/1791/1752
f 1578/1796/1757 843/402/370 1575/506/461
f 1579/345/319 841/1797/1758 838/522/476
f 1581/1798/1759 840/1799/1760 841/1797/1758
f 1582/1800/1761 839/1801/1762 840/1799/1763
f 839/1802/1762 1580/398/366 837/400/368
f 751/347/321 1581/1798/1759 1579/345/319
f 754/1729/1691 1582/1800/1764 1581/1798/1759
f 753/1731/1696 1583/1803/1765 1582/1800/1761
f 1583/1804/1765 750/360/331 1580/398/366
f 854/1212/1139 1586/1805/1766 864/1210/1137
f 864/1210/1137 1587/1806/1767 865/1201/1127
f 865/1201/1127 1588/1807/1768 856/1197/1123
f 856/1197/1123 1585/519/426 852/521/475
f 1584/487/445 849/1808/1769 1586/1805/1766
f 1586/1805/1766 850/1809/1770 1587/1806/1767
f 1587/1806/1767 851/1810/1771 1588/1807/1768
f 1588/1811/1768 848/408/376 1585/464/426
f 1589/488/446 844/1812/1754 842/472/433
f 1591/1813/1772 845/1795/1773 844/1794/1754
f 1592/1814/1774 846/1815/1775 845/1795/1756
f 1593/1816/1776 843/402/370 846/1815/1775
f 854/1212/1139 1591/1817/1772 1589/488/446
f 866/1216/1138 1592/1814/1777 1591/1813/1772
f 861/1215/1778 1593/1816/1776 1592/1814/1774
f 860/1206/1132 1590/410/378 1593/1816/1776
f 1594/490/448 849/1808/1769 847/489/447
f 1596/1818/1779 850/1809/1770 849/1808/1769
f 1597/1819/1780 851/1810/1771 850/1809/1770
f 851/1820/1771 1595/406/374 848/408/376
f 838/522/476 1596/1818/1779 1594/490/448
f 841/1797/1758 1597/1819/1781 1596/1818/1779
f 840/1799/1763 1598/1821/1782 1597/1819/1780
f 839/1802/1762 1595/406/374 1598/1822/1782
f 1599/486/444 893/1823/1783 890/415/381
f 1601/1824/1784 892/1825/1785 893/1823/1783
f 1602/1826/1786 891/1827/1787 892/1825/1785
f 1603/1828/1788 889/536/489 891/1827/1787
f 874/435/400 1601/1824/1784 1599/486/444
f 876/1829/1789 1602/1826/1786 1601/1824/1784
f 877/1830/1790 1603/1828/1788 1602/1826/1786
f 878/1831/1791 1600/535/488 1603/1828/1788
f 895/429/394 1606/1832/1792 898/1833/1793
f 898/1833/1793 1607/1834/1794 897/1835/1795
f 897/1835/1795 1608/1836/1796 896/1837/1797
f 896/1837/1797 1605/467/429 894/470/432
f 1604/428/393 881/1838/1798 1606/1832/1792
f 1606/1832/1792 882/1839/1799 1607/1834/1794
f 1607/1834/1794 883/1840/1800 1608/1836/1796
f 1608/1836/1796 880/468/430 1605/467/429
f 870/425/390 1611/1841/1801 873/1842/1802
f 873/1842/1802 1612/1843/1803 872/1844/1804
f 872/1844/1804 1613/1845/1805 871/1846/1806
f 871/1846/1806 1610/484/443 869/450/415
f 1609/416/382 893/1823/1783 1611/1841/1801
f 1611/1841/1801 892/1825/1785 1612/1843/1803
f 1612/1843/1803 891/1827/1787 1613/1845/1805
f 1613/1845/1805 889/536/489 1610/484/443
f 1614/430/395 888/1847/1807 885/469/431
f 1616/1848/1808 887/1849/1809 888/1847/1807
f 1617/1850/1810 886/1851/1811 887/1849/1809
f 1618/1852/1812 884/527/480 886/1851/1811
f 895/429/394 1616/1848/1808 1614/430/395
f 898/1833/1793 1617/1850/1810 1616/1848/1808
f 897/1835/1795 1618/1852/1812 1617/1850/1810
f 896/1837/1797 1615/505/460 1618/1852/1812
f 1619/421/386 903/1853/1813 900/499/455
f 1621/1854/1814 902/1855/1815 903/1853/1813
f 1622/1856/1816 901/1857/1817 902/1855/1815
f 1623/1858/1818 899/422/387 901/1857/1817
f 885/469/431 1621/1854/1814 1619/421/386
f 888/1847/1807 1622/1856/1816 1621/1854/1814
f 887/1849/1809 1623/1858/1818 1622/1856/1816
f 886/1851/1811 1620/438/403 1623/1858/1818
f 1624/436/401 876/1829/1789 874/435/400
f 1626/1859/1819 877/1830/1790 876/1829/1789
f 1627/1860/1820 878/1831/1791 877/1830/1790
f 1628/1861/1821 875/534/487 878/1831/1791
f 904/441/406 1626/1859/1819 1624/436/401
f 906/1862/1822 1627/1860/1820 1626/1859/1819
f 907/1863/1823 1628/1861/1821 1627/1860/1820
f 908/1864/1824 1625/418/384 1628/1861/1821
f 1629/442/407 906/1862/1822 904/441/406
f 1631/1865/1825 907/1863/1823 906/1862/1822
f 1632/1866/1826 908/1864/1824 907/1863/1823
f 1633/1867/1827 905/482/441 908/1864/1824
f 914/446/411 1631/1865/1825 1629/442/407
f 916/1868/1828 1632/1866/1826 1631/1865/1825
f 917/1869/1829 1633/1867/1827 1632/1866/1826
f 918/1870/1830 1630/528/481 1633/1867/1827
f 1634/437/402 913/1871/1831 910/532/485
f 1636/1872/1832 912/1873/1833 913/1871/1831
f 1637/1874/1834 911/1875/1835 912/1873/1833
f 1638/1876/1836 909/445/410 911/1875/1835
f 900/499/455 1636/1872/1832 1634/437/402
f 903/1853/1813 1637/1874/1834 1636/1872/1832
f 902/1855/1815 1638/1876/1836 1637/1874/1834
f 901/1857/1817 1635/424/389 1638/1876/1836
f 1639/481/440 940/1877/1162 937/533/486
f 940/1238/1162 1642/1878/1837 941/1241/1164
f 941/1241/1164 1643/1879/1838 948/1247/1170
f 948/1247/1170 1640/516/471 938/518/473
f 1639/481/440 923/1220/1145 1641/1880/1839
f 1641/1881/1839 933/1234/1149 1642/1878/1837
f 1642/1878/1837 932/1232/1157 1643/1879/1838
f 1643/1879/1838 921/517/472 1640/516/471
f 1644/448/413 916/1868/1828 914/446/411
f 1646/1882/1840 917/1869/1829 916/1868/1828
f 1647/1883/1841 918/1870/1830 917/1869/1829
f 1648/1884/1842 915/525/478 918/1870/1830
f 939/1253/1176 1646/1882/1840 1644/448/413
f 953/1252/1175 1647/1883/1841 1646/1882/1840
f 947/1255/1178 1648/1884/1842 1647/1883/1841
f 946/1248/1171 1645/500/456 1648/1884/1842
f 1649/443/408 927/1228/1153 920/449/414
f 1651/1885/1843 928/1236/1160 927/1228/1153
f 1652/1886/1844 934/1233/1158 928/1236/1160
f 1653/1887/1845 921/517/472 934/1233/1158
f 910/532/485 1651/1885/1843 1649/443/408
f 913/1871/1831 1652/1886/1844 1651/1885/1843
f 912/1873/1833 1653/1887/1845 1652/1886/1844
f 911/1875/1835 1650/515/470 1653/1887/1845
f 879/432/397 1656/1888/1846 881/1838/1798
f 881/1838/1798 1657/1889/1847 882/1839/1799
f 882/1839/1799 1658/1890/1848 883/1840/1800
f 883/1840/1800 1655/510/465 880/468/430
f 1654/453/416 963/1891/1849 1656/1888/1846
f 1656/1888/1846 964/1892/1850 1657/1889/1847
f 1657/1889/1847 965/1893/1851 1658/1890/1848
f 1658/1890/1848 962/474/435 1655/510/465
f 957/455/418 1661/1894/1852 960/1895/1853
f 960/1895/1853 1662/1896/1854 959/1897/1855
f 959/1897/1855 1663/1898/1856 958/1899/1857
f 958/1899/1857 1660/459/421 956/458/420
f 1659/426/391 873/1842/1802 1661/1894/1852
f 1661/1894/1852 872/1844/1804 1662/1896/1854
f 1662/1896/1854 871/1846/1806 1663/1898/1856
f 1663/1898/1856 869/450/415 1660/459/421
f 1664/466/428 974/1258/1181 971/523/477
f 1666/1900/1858 975/1267/1191 974/1258/1181
f 1667/1901/1859 981/1263/1187 975/1267/1191
f 1668/1902/1860 972/1264/1188 981/1263/1187
f 966/462/424 1666/1900/1858 1664/466/428
f 968/1903/1861 1667/1901/1859 1666/1900/1858
f 969/1904/1862 1668/1902/1860 1667/1901/1859
f 970/1905/1863 1665/494/452 1668/1902/1860
f 961/454/417 1671/1906/1864 963/1891/1849
f 963/1891/1849 1672/1907/1865 964/1892/1850
f 964/1892/1850 1673/1908/1866 965/1893/1851
f 965/1893/1851 1670/493/451 962/474/435
f 1669/460/422 985/1270/1195 1671/1906/1864
f 1671/1906/1864 980/1265/1189 1672/1907/1865
f 1672/1907/1865 979/1262/1186 1673/1908/1866
f 1673/1908/1866 972/1264/1188 1670/493/451
f 966/462/424 1676/1909/1867 968/1903/1861
f 968/1903/1861 1677/1910/1868 969/1904/1862
f 969/1904/1862 1678/1911/1869 970/1905/1863
f 970/1905/1863 1675/492/450 967/491/449
f 1674/456/419 960/1895/1853 1676/1909/1867
f 1676/1909/1867 959/1897/1855 1677/1910/1868
f 1677/1910/1868 958/1899/1857 1678/1911/1869
f 1678/1911/1869 956/458/420 1675/492/450
f 973/461/423 1681/1912/1870 984/1913/1196
f 984/1914/1871 1680/520/474 971/1915/1872
f 1679/411/379 855/1205/1873 1681/1912/1870
f 1681/1916/1874 852/521/475 1680/520/474
f 1682/392/361 814/1917/1102 802/391/360
f 1684/1918/1875 805/1156/1876 814/1160/1877
f 805/1156/1086 1683/480/439 800/477/436
f 920/449/414 1684/1919/1878 1682/392/361
f 929/1920/1879 1685/1921/1880 1684/1918/1875
f 1685/1921/1881 919/1218/1143 1683/480/439
f 939/1253/1176 1688/1922/1882 951/1251/1174
f 951/1251/1174 1689/1923/1883 952/1244/1167
f 952/1244/1167 1690/1924/1884 942/1239/1163
f 942/1925/1163 1687/529/482 937/533/486
f 1686/447/412 829/1185/1114 1688/1922/1882
f 1688/1922/1882 822/1190/1108 1689/1923/1883
f 1689/1923/1883 821/1926/1106 1690/1924/1884
f 1690/1927/1884 818/530/483 1687/529/482
f 1009/560/510 1693/1928/1885 1012/1929/1886
f 1012/1929/1886 1694/1930/1887 1011/1931/1888
f 1011/1932/1889 1695/1933/1890 1010/1934/1891
f 1695/1933/1890 1008/714/643 1010/1934/1891
f 1691/559/509 995/1935/1892 1693/1928/1885
f 1693/1928/1885 996/1936/1893 1694/1930/1887
f 1694/1937/1894 997/1938/1895 1695/1933/1890
f 997/1938/1895 1692/674/609 1695/1933/1890
f 1696/596/543 1017/1939/1896 1014/543/495
f 1698/1940/1897 1016/1941/1898 1017/1942/1896
f 1699/1943/1899 1015/1944/1900 1016/1941/1901
f 1015/1944/1900 1697/654/592 1013/556/506
f 998/723/652 1698/1945/1897 1696/596/543
f 1000/1946/1902 1699/1943/1903 1698/1940/1897
f 1001/1947/1904 1700/1948/1905 1699/1943/1899
f 1700/1948/1905 999/553/503 1697/654/592
f 1701/664/601 992/1949/1906 989/509/464
f 1703/1950/1907 991/1951/1908 992/1949/1906
f 1704/1952/1909 990/1953/1910 991/1954/1911
f 990/1953/1910 1702/539/492 988/551/501
f 1009/560/510 1703/1950/1907 1701/664/601
f 1012/1929/1886 1704/1955/1912 1703/1950/1907
f 1011/1932/1889 1705/1956/1913 1704/1952/1909
f 1705/1956/1913 1008/714/643 1702/539/492
f 1004/693/625 1708/1957/1914 1007/1958/1915
f 1007/1959/1915 1709/1960/1916 1006/1961/1917
f 1006/1961/1918 1710/1962/1919 1005/1963/1920
f 1710/1962/1919 1003/545/496 1005/1963/1920
f 1706/561/511 1017/1939/1896 1708/1957/1914
f 1708/1964/1914 1016/1941/1898 1709/1960/1916
f 1709/1960/1921 1015/1944/1900 1710/1962/1919
f 1015/1944/1900 1707/558/508 1710/1962/1919
f 1019/694/626 1713/1965/1922 1022/1966/1923
f 1022/1967/1923 1714/1968/1924 1021/1969/1925
f 1021/1969/1926 1715/1970/1927 1020/1971/1928
f 1715/1970/1927 1018/564/513 1020/1971/1928
f 1711/688/621 1007/1958/1915 1713/1965/1922
f 1713/1972/1922 1006/1961/1917 1714/1968/1924
f 1714/1968/1929 1005/1963/1920 1715/1970/1927
f 1005/1963/1920 1712/547/498 1715/1970/1927
f 993/550/500 1718/1973/1930 995/1935/1892
f 995/1935/1892 1719/1974/1931 996/1936/1893
f 996/1975/1932 1720/1976/1933 997/1938/1895
f 1720/1976/1933 994/570/519 997/1938/1895
f 1716/549/499 1025/1977/1934 1718/1973/1930
f 1718/1973/1930 1026/1978/1935 1719/1974/1931
f 1719/1979/1936 1027/1980/1937 1720/1976/1933
f 1027/1980/1937 1717/568/517 1720/1976/1933
f 1023/579/527 1723/1981/1938 1025/1977/1934
f 1025/1977/1934 1724/1982/1939 1026/1978/1935
f 1026/1983/1940 1725/1984/1941 1027/1980/1937
f 1725/1984/1941 1024/567/516 1027/1980/1937
f 1721/588/535 1035/1985/1942 1723/1981/1938
f 1723/1981/1938 1036/1986/1943 1724/1982/1939
f 1724/1987/1944 1037/1988/1945 1725/1984/1941
f 1037/1988/1945 1722/565/514 1725/1984/1941
f 1029/724/653 1728/1989/1946 1032/1990/1947
f 1032/1991/1947 1729/1992/1948 1031/1993/1949
f 1031/1993/1950 1730/1994/1951 1030/1995/1952
f 1730/1994/1951 1028/574/523 1030/1995/1952
f 1726/717/646 1022/1966/1923 1728/1989/1946
f 1728/1996/1946 1021/1969/1925 1729/1992/1948
f 1729/1992/1953 1020/1971/1928 1730/1994/1951
f 1020/1971/1928 1727/572/521 1730/1994/1951
f 1731/702/633 1060/1997/1954 1057/700/631
f 1733/1998/1955 1059/1999/1956 1060/1997/1954
f 1734/2000/1957 1058/2001/1958 1059/1999/1956
f 1735/2002/1959 1056/584/532 1058/2003/1958
f 1039/1282/1209 1733/1998/1955 1731/702/633
f 1049/1281/1208 1734/2000/1957 1733/1998/1955
f 1042/1287/1212 1735/2004/1959 1734/2000/1957
f 1041/2005/1202 1732/668/603 1735/2002/1959
f 1033/587/534 1738/2006/1960 1035/1985/1942
f 1035/1985/1942 1739/2007/1961 1036/1986/1943
f 1036/2008/1962 1740/2009/1963 1037/1988/1945
f 1037/1988/1945 1737/575/524 1034/577/526
f 1736/687/620 1060/1997/1954 1738/2006/1960
f 1738/2006/1964 1059/1999/1956 1739/2007/1961
f 1739/2010/1965 1058/2003/1958 1740/2009/1963
f 1058/2003/1958 1737/575/524 1740/2009/1963
f 1039/1282/1209 1743/2011/1966 1047/1280/1207
f 1047/1285/1207 1744/2012/1967 1048/1283/1210
f 1048/1283/1219 1745/2013/1968 1053/1290/1215
f 1053/1290/1215 1742/581/529 1040/583/531
f 1741/701/632 1032/1990/1947 1743/2011/1966
f 1743/2014/1966 1031/1993/1949 1744/2012/1967
f 1744/2012/1969 1030/1995/1952 1745/2013/1968
f 1745/2013/1968 1028/574/523 1742/581/529
f 1746/604/550 1000/2015/1902 998/723/652
f 1748/2016/1970 1001/1947/1971 1000/1946/1902
f 1749/2017/1972 1002/2018/1973 1001/1947/1904
f 1002/2018/1973 1747/697/628 999/553/503
f 1066/663/600 1748/2019/1970 1746/604/550
f 1068/2020/1974 1749/2017/1975 1748/2016/1970
f 1069/2021/1976 1750/2022/1977 1749/2017/1972
f 1750/2022/1977 1067/593/540 1747/697/628
f 1751/507/462 1065/2023/1978 1062/710/640
f 1753/2024/1979 1064/2025/1980 1065/2023/1978
f 1754/2026/1981 1063/2027/1982 1064/2028/1983
f 1063/2027/1982 1752/589/536 1061/591/538
f 989/509/464 1753/2024/1979 1751/507/462
f 992/1949/1906 1754/2029/1984 1753/2024/1979
f 991/1954/1911 1755/2030/1985 1754/2026/1981
f 1755/2030/1985 988/551/501 1752/589/536
f 1078/1311/1237 1758/2031/1986 1089/1309/1235
f 1089/1309/1235 1759/2032/1987 1090/1300/1226
f 1090/1300/1226 1760/2033/1988 1080/1296/1222
f 1080/1296/1222 1757/707/593 1076/709/639
f 1756/678/612 1073/2034/1989 1758/2031/1986
f 1758/2031/1986 1074/2035/1990 1759/2032/1987
f 1759/2032/1987 1075/2036/1991 1760/2033/1988
f 1760/2037/1988 1072/599/546 1757/655/593
f 1761/679/613 1068/2038/1974 1066/663/600
f 1763/2039/1992 1069/2021/1993 1068/2020/1974
f 1764/2040/1994 1070/2041/1995 1069/2021/1976
f 1765/2042/1996 1067/593/540 1070/2041/1995
f 1078/1311/1237 1763/2043/1992 1761/679/613
f 1091/1315/1236 1764/2040/1997 1763/2039/1992
f 1085/1314/1998 1765/2042/1996 1764/2040/1994
f 1084/1305/1231 1762/601/548 1765/2042/1996
f 1766/681/615 1073/2034/1989 1071/680/614
f 1768/2044/1999 1074/2035/1990 1073/2034/1989
f 1769/2045/2000 1075/2046/1991 1074/2047/1990
f 1075/2046/1991 1767/597/544 1072/599/546
f 1062/710/640 1768/2044/1999 1766/681/615
f 1065/2023/1978 1769/2048/2001 1768/2044/1999
f 1064/2028/1983 1770/2049/2002 1769/2045/2000
f 1063/2027/1982 1767/597/544 1770/2049/2002
f 1771/677/611 1118/2050/2003 1115/606/551
f 1773/2051/2004 1117/2052/2005 1118/2050/2003
f 1774/2053/2006 1116/2054/2007 1117/2052/2005
f 1775/2055/2008 1114/722/651 1116/2054/2007
f 1099/626/569 1773/2051/2004 1771/677/611
f 1101/2056/2009 1774/2053/2006 1773/2051/2004
f 1102/2057/2010 1775/2055/2008 1774/2053/2006
f 1103/2058/2011 1772/721/650 1775/2055/2008
f 1120/620/563 1778/2059/2012 1123/2060/2013
f 1123/2060/2013 1779/2061/2014 1122/2062/2015
f 1122/2062/2015 1780/2063/2016 1121/2064/2017
f 1121/2064/2017 1777/658/596 1119/661/599
f 1776/619/562 1106/2065/2018 1778/2059/2012
f 1778/2059/2012 1107/2066/2019 1779/2061/2014
f 1779/2061/2014 1108/2067/2020 1780/2063/2016
f 1780/2063/2016 1105/659/597 1777/658/596
f 1095/616/559 1783/2068/2021 1098/2069/2022
f 1098/2069/2022 1784/2070/2023 1097/2071/2024
f 1097/2071/2024 1785/2072/2025 1096/2073/2026
f 1096/2073/2026 1782/675/610 1094/641/582
f 1781/607/552 1118/2050/2003 1783/2068/2021
f 1783/2068/2021 1117/2052/2005 1784/2070/2023
f 1784/2070/2023 1116/2054/2007 1785/2072/2025
f 1785/2072/2025 1114/722/651 1782/675/610
f 1786/621/564 1113/2074/2027 1110/660/598
f 1788/2075/2028 1112/2076/2029 1113/2074/2027
f 1789/2077/2030 1111/2078/2031 1112/2076/2029
f 1790/2079/2032 1109/715/644 1111/2078/2031
f 1120/620/563 1788/2075/2028 1786/621/564
f 1123/2060/2013 1789/2077/2030 1788/2075/2028
f 1122/2062/2015 1790/2079/2032 1789/2077/2030
f 1121/2064/2017 1787/696/627 1790/2079/2032
f 1791/612/556 1128/2080/2033 1125/690/622
f 1793/2081/2034 1127/2082/2035 1128/2080/2033
f 1794/2083/2036 1126/2084/2037 1127/2082/2035
f 1795/2085/2038 1124/613/557 1126/2084/2037
f 1110/660/598 1793/2081/2034 1791/612/556
f 1113/2074/2027 1794/2083/2036 1793/2081/2034
f 1112/2076/2029 1795/2085/2038 1794/2083/2036
f 1111/2078/2031 1792/629/572 1795/2085/2038
f 1796/627/570 1101/2056/2009 1099/626/569
f 1798/2086/2039 1102/2057/2010 1101/2056/2009
f 1799/2087/2040 1103/2058/2011 1102/2057/2010
f 1800/2088/2041 1100/720/649 1103/2058/2011
f 1129/632/574 1798/2086/2039 1796/627/570
f 1131/2089/2042 1799/2087/2040 1798/2086/2039
f 1132/2090/2043 1800/2088/2041 1799/2087/2040
f 1133/2091/2044 1797/609/554 1800/2088/2041
f 1801/633/575 1131/2089/2042 1129/632/574
f 1803/2092/2045 1132/2090/2043 1131/2089/2042
f 1804/2093/2046 1133/2091/2044 1132/2090/2043
f 1805/2094/2047 1130/673/608 1133/2091/2044
f 1139/637/578 1803/2092/2045 1801/633/575
f 1141/2095/2048 1804/2093/2046 1803/2092/2045
f 1142/2096/2049 1805/2094/2047 1804/2093/2046
f 1143/2097/2050 1802/716/645 1805/2094/2047
f 1806/628/571 1138/2098/2051 1135/718/647
f 1808/2099/2052 1137/2100/2053 1138/2098/2051
f 1809/2101/2054 1136/2102/2055 1137/2100/2053
f 1810/2103/2056 1134/636/577 1136/2102/2055
f 1125/690/622 1808/2099/2052 1806/628/571
f 1128/2080/2033 1809/2101/2054 1808/2099/2052
f 1127/2082/2035 1810/2103/2056 1809/2101/2054
f 1126/2084/2037 1807/615/558 1810/2103/2056
f 1162/719/648 1813/2104/2057 1165/2105/2058
f 1165/2105/2058 1814/2106/2059 1164/2107/2060
f 1164/2107/2060 1815/2108/2061 1163/2109/2062
f 1163/2109/2062 1812/704/635 1161/706/637
f 1811/672/607 1147/1318/1242 1813/2104/2057
f 1813/2104/2057 1157/1323/1246 1814/2106/2059
f 1814/2106/2059 1156/1330/1254 1815/2108/2061
f 1815/2108/2061 1146/705/636 1812/704/635
f 1816/639/580 1141/2095/2048 1139/637/578
f 1818/2110/2063 1142/2096/2049 1141/2095/2048
f 1819/2111/2064 1143/2097/2050 1142/2096/2049
f 1820/2112/2065 1140/713/642 1143/2097/2050
f 1162/719/648 1818/2110/2063 1816/639/580
f 1165/2105/2058 1819/2111/2064 1818/2110/2063
f 1164/2107/2060 1820/2112/2065 1819/2111/2064
f 1163/2109/2062 1817/691/623 1820/2112/2065
f 1821/634/576 1151/1327/1250 1145/640/581
f 1823/2113/2066 1152/1333/1257 1151/1327/1250
f 1824/2114/2067 1158/1331/1255 1152/1333/1257
f 1825/2115/2068 1146/705/636 1158/1331/1255
f 1135/718/647 1823/2113/2066 1821/634/576
f 1138/2098/2051 1824/2114/2067 1823/2113/2066
f 1137/2100/2053 1825/2115/2068 1824/2114/2067
f 1136/2102/2055 1822/703/634 1825/2115/2068
f 1104/623/566 1828/2116/2069 1106/2065/2018
f 1106/2065/2018 1829/2117/2070 1107/2066/2019
f 1107/2066/2019 1830/2118/2071 1108/2067/2020
f 1108/2067/2020 1827/698/629 1105/659/597
f 1826/644/583 1173/2119/2072 1828/2116/2069
f 1828/2116/2069 1174/2120/2073 1829/2117/2070
f 1829/2117/2070 1175/2121/2074 1830/2118/2071
f 1830/2118/2071 1172/665/602 1827/698/629
f 1167/646/585 1833/2122/2075 1170/2123/2076
f 1170/2123/2076 1834/2124/2077 1169/2125/2078
f 1169/2125/2078 1835/2126/2079 1168/2127/2080
f 1168/2127/2080 1832/650/588 1166/649/587
f 1831/617/560 1098/2069/2022 1833/2122/2075
f 1833/2122/2075 1097/2071/2024 1834/2124/2077
f 1834/2124/2077 1096/2073/2026 1835/2126/2079
f 1835/2126/2079 1094/641/582 1832/650/588
f 1836/657/595 1184/1337/1261 1181/1334/641
f 1838/2128/2081 1185/1346/1270 1184/1337/1261
f 1839/2129/2082 1192/1342/1266 1185/1346/1270
f 1840/2130/2083 1182/1343/1267 1192/1342/1266
f 1176/653/591 1838/2128/2081 1836/657/595
f 1178/2131/2084 1839/2129/2082 1838/2128/2081
f 1179/2132/2085 1840/2130/2083 1839/2129/2082
f 1180/2133/2086 1837/685/619 1840/2130/2083
f 1171/645/584 1843/2134/2087 1173/2119/2072
f 1173/2119/2072 1844/2135/2088 1174/2120/2073
f 1174/2120/2073 1845/2136/2089 1175/2121/2074
f 1175/2121/2074 1842/684/618 1172/665/602
f 1841/651/589 1195/1349/1274 1843/2134/2087
f 1843/2134/2087 1191/1344/1268 1844/2135/2088
f 1844/2135/2088 1190/1341/1265 1845/2136/2089
f 1845/2136/2089 1182/1343/1267 1842/684/618
f 1176/653/591 1848/2137/2090 1178/2131/2084
f 1178/2131/2084 1849/2138/2091 1179/2132/2085
f 1179/2132/2085 1850/2139/2092 1180/2133/2086
f 1180/2133/2086 1847/683/617 1177/682/616
f 1846/647/586 1170/2123/2076 1848/2137/2090
f 1848/2137/2090 1169/2125/2078 1849/2138/2091
f 1849/2138/2091 1168/2127/2080 1850/2139/2092
f 1850/2139/2092 1166/649/587 1847/683/617
f 1183/652/590 1853/2140/2093 1186/2141/1275
f 1186/2142/1260 1852/708/638 1181/712/641
f 1851/602/549 1086/1304/2094 1853/2140/2093
f 1853/2143/2095 1086/2144/2095 1079/1297/2095
f 1853/2145/2096 1076/709/639 1852/708/638
f 1040/583/531 1856/2146/2097 1052/2147/2098
f 1052/1278/2099 1856/2148/2099 1043/1274/2100
f 1856/2149/2101 1038/2150/1199 1043/2151/2102
f 1854/582/530 1153/1326/1249 1856/2146/2097
f 1153/2152/2103 1855/669/604 1856/2149/2101
f 485/1622/2104 486/2153/818 1861/1620/817
f 442/1605/2105 443/2154/2105 1859/1603/2106
f 454/1606/2107 1860/849/2108 451/2155/779
f 510/1637/2109 1858/2156/2109 1857/2157/2109
f 457/195/171 1432/341/315 129/196/172
f 1428/198/174 504/913/834 1516/199/175
f 135/200/176 1516/199/175 731/201/177
f 715/203/179 1473/329/303 130/204/180
f 1468/205/181 130/204/180 1478/214/190
f 33/239/215 553/302/276 1370/240/216
f 34/197/173 129/196/172 1375/242/218
f 457/195/171 34/197/173 127/255/230
f 34/197/173 533/243/219 1365/261/236
f 35/268/243 572/269/244 1375/242/218
f 35/268/243 128/241/217 1370/240/216
f 490/279/253 1422/256/231 127/255/230
f 491/283/257 1428/198/174 135/200/176
f 456/285/259 1503/305/279 138/286/260
f 1374/288/262 120/301/275 1383/249/224
f 1433/287/261 138/286/260 1515/290/264
f 1423/292/266 489/896/821 1499/293/267
f 31/229/205 570/231/207 1369/253/228
f 571/300/274 1387/250/225 120/301/275
f 33/239/215 127/255/230 1365/261/236
f 1498/284/258 135/200/176 1472/202/178
f 490/279/253 33/239/215 128/241/217
f 505/328/302 1427/327/301 128/241/217
f 1478/214/190 130/204/180 1473/329/303
f 117/294/268 1499/293/267 713/331/305
f 505/328/302 35/268/243 129/196/172
f 455/342/316 1423/292/266 117/294/268
f 1504/343/317 117/294/268 1467/332/306
f 765/354/326 59/420/385 165/355/327
f 775/365/336 50/427/392 160/366/337
f 1540/356/328 165/355/327 57/372/342
f 780/373/343 57/372/342 159/380/350
f 1555/381/351 159/380/350 58/382/352
f 790/383/353 58/382/352 166/389/358
f 45/417/383 875/534/487 1625/418/384
f 59/420/385 885/469/431 1619/421/386
f 899/422/387 43/439/404 149/423/388
f 50/427/392 154/431/396 1604/428/393
f 50/427/392 895/429/394 1614/430/395
f 154/431/396 49/364/335 879/432/397
f 57/372/342 900/499/455 1634/437/402
f 1620/438/403 148/419/383 43/439/404
f 58/382/352 910/532/485 1649/443/408
f 1635/424/389 149/423/388 46/444/409
f 1682/392/361 166/389/358 1649/443/408
f 869/450/415 1610/484/443 147/451/383
f 49/364/335 153/363/334 1654/453/416
f 153/363/334 48/404/372 961/454/417
f 151/457/383 47/476/383 956/458/420
f 48/404/372 161/403/371 1669/460/422
f 161/403/371 1679/411/379 973/461/423
f 42/452/383 147/451/383 1605/467/429
f 1535/367/338 160/366/337 59/420/385
f 160/366/337 1614/430/395 885/469/431
f 147/451/383 44/485/383 894/470/432
f 962/474/435 1670/493/451 152/475/383
f 148/419/383 1625/418/384 905/482/441
f 1610/484/443 889/536/489 44/485/383
f 152/475/383 1665/494/452 967/491/449
f 1670/493/451 972/1264/1188 1665/494/452
f 165/355/327 1619/421/386 900/499/455
f 46/444/409 915/525/478 1645/500/456
f 146/504/383 1615/505/460 894/470/432
f 45/417/383 884/527/480 1615/505/460
f 42/452/383 151/457/383 1660/459/421
f 1655/510/465 962/474/435 47/476/383
f 1650/515/470 150/501/457 1640/516/471
f 150/501/457 1645/500/456 938/518/473
f 47/476/383 152/475/383 1675/492/450
f 149/423/388 1630/528/481 915/525/478
f 884/527/480 45/417/383 148/419/383
f 43/439/404 905/482/441 1630/528/481
f 159/380/350 1634/437/402 910/532/485
f 875/534/487 45/417/383 146/504/383
f 1600/535/488 146/504/383 44/485/383
f 909/445/410 46/444/409 150/501/457
f 880/468/430 1655/510/465 151/457/383
f 1367/1577/1500 1368/1578/1501 538/945/870
f 1368/1578/1501 1365/261/236 533/243/219
f 566/968/892 565/976/900 1368/1578/1501
f 565/976/900 553/302/276 1365/261/236
f 561/973/897 1372/1581/1504 1373/1580/1503
f 567/977/901 1373/1580/1503 1370/240/216
f 1376/1582/1505 1377/1585/1508 580/1583/1506
f 1377/1584/1507 1375/242/218 572/269/244
f 1374/288/262 534/289/263 544/952/877
f 1376/1582/1505 544/952/877 537/956/881
f 1377/1584/1507 536/944/869 533/243/219
f 1425/1631/1564 1426/1632/1566 459/856/1565
f 1422/256/231 490/279/253 498/905/1567
f 1426/1632/1566 492/894/819 489/896/821
f 1427/327/301 1429/1633/1568 498/902/1567
f 1429/1633/1568 1430/1634/1569 497/910/828
f 1430/1634/1569 1429/1633/1568 1858/2156/2110
f 1429/1633/1568 510/1636/1571 1858/2156/2110
f 1430/1634/1569 1858/2156/2110 507/911/832
f 1436/1640/1576 1433/287/261 506/291/265
f 1436/1640/1576 460/863/1579 456/285/259
f 1471/1667/1600 1468/1668/181 697/1112/191
f 713/331/305 718/1122/1054 1469/1665/1598
f 718/1122/1054 727/1125/1057 1470/1666/1599
f 727/1125/1057 726/1133/1065 1471/1667/1600
f 726/1133/1065 715/1135/179 1468/1668/181
f 722/1130/1062 1475/1670/1602 1476/1671/1603
f 728/1134/1066 1476/1671/1603 1473/1672/303
f 1476/1671/1603 745/1150/1081 733/1152/304
f 897/1835/1795 1607/1834/1794 1608/1836/1796
f 1606/1832/1792 881/1838/1798 882/1839/1799
f 1617/1850/1810 1618/1852/1812 886/1851/1811
f 1621/1854/1814 1622/1856/1816 902/1855/1815
f 1632/1866/1826 1633/1867/1827 908/1864/1824
f 1634/437/402 1636/1872/1832 913/1871/1831
f 1637/1874/1834 1638/1876/1836 911/1875/1835
f 901/1857/1817 899/422/387 1635/424/389
f 941/1241/1164 1642/1878/1837 1643/1879/1838
f 946/1248/1171 938/518/473 1645/500/456
f 881/1838/1798 1656/1888/1846 1657/1889/1847
f 883/1840/1800 1658/1890/1848 1655/510/465
f 1658/1890/1848 965/1893/1851 962/474/435
f 959/1897/1855 1662/1896/1854 1663/1898/1856
f 968/1903/1861 969/1904/1862 1667/1901/1859
f 963/1891/1849 1671/1906/1864 1672/1907/1865
f 1258/1/1 92/70/2 1/2/2
f 1209/4/4 220/182/160 20/5/5
f 88/7/2 1203/61/55 226/8/7
f 215/10/8 24/76/67 113/11/9
f 4/13/2 89/43/2 1223/14/11
f 200/16/13 1209/4/4 105/6/6
f 211/18/15 1254/162/142 101/19/16
f 225/21/18 15/83/73 108/22/19
f 3/9/2 87/27/2 1198/24/21
f 1213/26/23 216/158/139 4/13/2
f 1219/12/10 113/11/9 22/28/24
f 1229/30/26 104/96/85 19/31/27
f 1224/33/29 116/90/80 26/34/30
f 230/29/25 22/28/24 107/36/32
f 1234/37/33 107/36/32 23/38/34
f 1244/40/36 112/50/45 18/41/37
f 89/43/2 2/154/2 235/44/39
f 240/39/35 23/38/34 114/45/40
f 1249/46/41 114/45/40 1361/47/42
f 268/49/44 25/103/92 112/50/45
f 90/51/2 5/151/133 245/52/46
f 1259/54/48 200/16/13 16/17/14
f 273/56/50 1259/54/48 103/55/49
f 279/58/52 1269/66/60 109/59/53
f 1/2/2 210/193/169 1203/61/55
f 1274/62/56 273/56/50 17/57/51
f 284/64/58 1274/62/56 111/63/57
f 1269/66/60 289/755/683 1358/67/61
f 6/68/2 278/128/113 1253/69/62
f 105/6/6 20/5/5 327/71/63
f 10/73/65 312/190/166 1304/74/66
f 24/76/67 322/125/111 1298/77/68
f 336/78/69 8/95/65 97/79/65
f 103/55/49 16/17/14 307/81/71
f 15/83/73 102/87/77 1283/84/74
f 15/83/73 332/85/75 1293/86/76
f 102/87/77 14/20/17 316/88/78
f 115/89/79 1278/142/124 327/71/63
f 116/90/80 1303/92/82 311/91/81
f 19/31/27 341/97/86 1303/92/82
f 22/28/24 337/155/136 1313/93/83
f 1299/94/84 96/75/65 8/95/65
f 104/96/85 1308/98/87 341/97/86
f 18/41/37 351/102/91 1308/98/87
f 23/38/34 347/187/164 1328/99/88
f 1314/80/70 97/79/65 11/100/89
f 112/50/45 1323/104/93 351/102/91
f 25/103/92 374/189/165 1323/104/93
f 114/45/40 1328/99/88 357/105/94
f 306/106/95 1289/140/123 95/107/65
f 14/20/17 101/19/16 1333/109/96
f 101/19/16 13/60/54 383/110/97
f 111/63/57 17/57/51 379/111/98
f 99/113/65 12/132/65 378/114/100
f 13/60/54 109/59/53 1348/116/102
f 109/59/53 1358/67/61 395/117/103
f 21/65/59 111/63/57 1353/112/99
f 1204/119/105 211/18/15 14/20/17
f 1264/120/106 284/64/58 21/65/59
f 106/121/107 21/65/59 388/118/104
f 7/108/65 95/107/65 1284/123/109
f 226/8/7 1213/26/23 87/27/2
f 1214/23/20 108/22/19 24/76/67
f 108/22/19 1293/86/76 322/125/111
f 95/107/65 9/141/65 331/126/112
f 93/127/2 1268/144/126 278/128/113
f 201/3/3 1/2/2 88/7/2
f 16/17/14 105/6/6 1288/72/64
f 384/130/115 1349/149/131 100/131/65
f 236/32/28 19/31/27 116/90/80
f 1239/133/116 250/725/654 1362/134/117
f 110/135/118 1362/134/117 356/136/119
f 96/75/65 1304/74/66 342/138/121
f 206/35/31 26/34/30 115/89/79
f 225/21/18 1204/119/105 102/87/77
f 1289/140/123 326/192/168 9/141/65
f 26/34/30 311/91/81 1278/142/124
f 1263/143/125 290/764/692 1268/144/126
f 283/145/127 1263/143/125 93/127/2
f 100/131/65 1344/150/132 389/147/129
f 1349/149/131 394/798/724 1344/150/132
f 5/151/133 91/167/147 1243/152/134
f 1218/153/135 231/159/140 2/154/2
f 113/11/9 1298/77/68 337/155/136
f 11/100/89 352/181/159 1324/156/137
f 216/158/139 1218/153/135 89/43/2
f 231/159/140 1233/186/163 90/51/2
f 94/160/65 1294/161/141 331/126/112
f 10/73/65 321/183/161 1294/161/141
f 1254/162/142 279/58/52 13/60/54
f 7/108/65 99/113/65 1339/115/101
f 410/163/143 1392/210/186 136/164/144
f 1334/166/146 384/130/115 12/132/65
f 91/167/147 1238/170/150 269/168/148
f 1248/169/149 251/1429/664 1238/170/150
f 1329/171/151 98/157/138 1319/172/152
f 98/157/138 1324/156/137 373/174/154
f 1264/175/106 106/179/107 1359/176/155
f 274/178/157 6/68/2 92/70/2
f 17/57/51 103/55/49 1338/82/72
f 106/179/107 1343/1553/108 393/180/158
f 246/42/38 18/41/37 104/96/85
f 1273/146/128 93/127/2 6/68/2
f 12/132/65 100/131/65 1354/148/130
f 97/79/65 1309/184/162 352/181/159
f 2/154/2 90/51/2 1228/53/47
f 1199/139/122 115/89/79 20/5/5
f 321/183/161 10/73/65 96/75/65
f 8/95/65 342/138/121 1309/184/162
f 1239/185/116 110/188/118 25/103/92
f 1233/186/163 241/194/170 5/151/133
f 107/36/32 1313/93/83 347/187/164
f 110/188/118 1318/1534/120 374/189/165
f 1208/129/114 88/7/2 3/9/2
f 87/27/2 4/13/2 205/15/12
f 312/190/166 10/73/65 94/160/65
f 1279/191/167 94/160/65 9/141/65
f 92/70/2 1253/69/62 210/193/169
f 241/194/170 1248/169/149 91/167/147
f 346/101/90 11/100/89 98/157/138
f 317/124/110 1334/166/146 99/113/65
f 481/206/182 32/232/208 126/207/183
f 436/209/185 1506/281/255 136/164/144
f 137/211/187 1495/1686/1630 678/212/188
f 447/216/192 1402/316/290 123/217/193
f 424/219/195 1407/297/271 134/220/196
f 1443/222/198 131/336/310 1448/223/199
f 134/220/196 1511/298/272 641/225/201
f 27/227/203 535/260/235 1384/228/204
f 31/229/205 126/207/183 1388/230/206
f 32/232/208 517/299/273 1388/230/206
f 438/233/209 1403/247/222 133/234/210
f 1398/236/212 411/813/742 1483/237/213
f 412/244/220 28/273/203 121/245/203
f 1403/247/222 446/850/776 1487/248/223
f 1383/249/224 120/301/275 1387/250/225
f 30/252/227 124/277/251 1369/253/228
f 447/216/192 29/218/194 122/257/232
f 27/227/203 121/245/203 1364/259/234
f 1412/262/237 137/211/187 1510/263/238
f 425/265/240 1492/311/285 118/266/241
f 1418/267/242 118/266/241 1496/270/245
f 480/272/247 1495/1686/1630 137/211/187
f 28/273/203 122/257/232 1379/274/248
f 29/218/194 515/280/254 1379/274/248
f 426/276/250 31/229/205 124/277/251
f 29/218/194 123/217/193 1384/228/204
f 1506/281/255 589/1000/924 1438/282/256
f 28/273/203 551/275/249 1364/259/234
f 30/252/227 552/254/229 1378/295/269
f 1407/297/271 465/870/797 1511/298/272
f 32/232/208 125/296/270 1378/295/269
f 138/286/260 1477/306/280 732/304/278
f 1503/305/279 698/1117/1046 1477/306/280
f 119/238/214 1483/237/213 608/307/281
f 133/234/210 1447/310/284 590/309/283
f 1487/248/223 626/1048/974 1447/310/284
f 1492/311/285 661/1084/1011 1462/312/286
f 137/211/187 1458/213/189 642/313/287
f 118/266/241 1462/312/286 679/314/288
f 437/315/289 27/227/203 123/217/193
f 445/317/291 1398/236/212 119/238/214
f 1488/318/292 119/238/214 1442/308/282
f 136/164/144 1438/282/256 606/320/294
f 426/276/250 1417/208/184 126/207/183
f 466/321/295 1408/278/252 124/277/251
f 643/322/296 1457/338/312 132/323/297
f 1452/324/298 132/323/297 1463/325/299
f 412/244/220 1397/258/233 122/257/232
f 437/315/289 1393/246/221 121/245/203
f 1448/223/199 131/336/310 1437/333/307
f 607/335/309 1437/333/307 131/336/310
f 466/321/295 30/252/227 125/296/270
f 481/206/182 1413/337/311 125/296/270
f 1463/325/299 132/323/297 1457/338/312
f 1491/221/197 134/220/196 1453/226/202
f 1579/345/319 144/414/320 36/346/320
f 1530/348/322 770/526/479 55/349/323
f 140/351/320 1524/405/373 776/352/325
f 39/357/320 141/387/320 1544/358/329
f 750/360/331 1530/348/322 157/350/324
f 761/362/333 1575/506/461 153/363/334
f 38/353/320 139/371/320 1519/368/339
f 1534/370/341 766/502/458 39/357/320
f 1550/374/344 156/440/405 54/375/345
f 1545/377/347 168/434/399 60/378/348
f 1565/384/354 164/394/363 53/385/355
f 141/387/320 37/498/320 785/388/357
f 802/391/360 1570/390/359 166/389/358
f 819/393/362 1686/447/412 164/394/363
f 142/395/320 40/495/320 795/396/364
f 1580/398/366 750/360/331 51/361/332
f 837/400/368 1580/398/366 155/399/367
f 843/402/370 1590/410/378 161/403/371
f 36/346/320 760/537/490 1524/405/373
f 1595/406/374 837/400/368 52/401/369
f 848/408/376 1595/406/374 163/407/375
f 1590/410/378 853/1203/1129 1679/411/379
f 41/412/320 842/472/433 1574/413/380
f 157/350/324 55/349/323 890/415/381
f 155/399/367 51/361/332 870/425/390
f 167/433/398 1599/486/444 890/415/381
f 168/434/399 1624/436/401 874/435/400
f 54/375/345 904/441/406 1624/436/401
f 156/440/405 1629/442/407 904/441/406
f 53/385/355 914/446/411 1629/442/407
f 164/394/363 1644/448/413 914/446/411
f 1686/447/412 939/1253/1176 1644/448/413
f 163/407/375 52/401/369 957/455/418
f 56/409/377 163/407/375 1674/456/419
f 1525/463/425 761/362/333 49/364/335
f 1585/464/426 848/408/376 56/409/377
f 158/465/427 56/409/377 966/462/424
f 776/352/325 1534/370/341 139/371/320
f 145/471/320 1589/488/446 842/472/433
f 751/347/321 36/346/320 140/351/320
f 51/361/332 157/350/324 1609/416/382
f 786/376/346 54/375/345 168/434/399
f 800/477/436 1683/480/439 162/478/437
f 1683/480/439 919/1218/1143 1639/481/440
f 756/379/349 60/378/348 167/433/398
f 775/365/336 1525/463/425 154/431/396
f 60/378/348 874/435/400 1599/486/444
f 1584/487/445 854/1212/1139 1589/488/446
f 847/489/447 1584/487/445 145/471/320
f 40/495/320 143/511/466 1564/496/453
f 1539/497/454 781/503/459 37/498/320
f 766/502/458 1539/497/454 141/387/320
f 781/503/459 1554/531/484 142/395/320
f 1575/506/461 843/402/370 48/404/372
f 1751/507/462 174/605/463 61/508/463
f 143/511/466 1559/514/469 820/512/467
f 1569/513/468 801/1164/1095 1559/514/469
f 1585/519/426 158/2158/427 1680/520/474
f 838/522/476 41/412/320 144/414/320
f 52/401/369 155/399/367 1659/426/391
f 158/465/427 1664/466/428 971/523/477
f 796/386/356 53/385/355 156/440/405
f 1594/490/448 145/471/320 41/412/320
f 37/498/320 142/395/320 1549/397/365
f 1520/483/442 167/433/398 55/349/323
f 1560/479/438 162/478/437 1687/529/482
f 1554/531/484 791/538/491 40/495/320
f 162/478/437 1639/481/440 937/533/486
f 1529/473/434 140/351/320 38/353/320
f 139/371/320 39/357/320 755/359/330
f 144/414/320 1574/413/380 760/537/490
f 791/538/491 1569/513/468 143/511/466
f 1702/539/492 1008/714/643 80/540/493
f 170/542/463 1696/596/543 1014/543/495
f 1003/545/496 84/611/555 195/546/497
f 64/548/463 171/578/463 1716/549/499
f 988/551/501 1702/539/492 187/541/494
f 999/553/503 1747/697/628 183/554/504
f 1013/556/506 75/618/561 190/557/507
f 63/544/463 169/562/463 1691/559/509
f 1706/561/511 1004/693/625 64/548/463
f 1712/547/498 195/546/497 82/563/512
f 1722/565/514 186/631/573 79/566/515
f 1717/568/517 198/625/568 86/569/518
f 1018/564/513 82/563/512 189/571/520
f 1727/572/521 189/571/520 83/573/522
f 1737/575/524 194/585/533 78/576/525
f 171/578/463 62/689/463 1023/579/527
f 1028/574/523 83/573/522 196/580/528
f 1742/581/529 196/580/528 1854/582/530
f 1056/584/532 85/638/579 194/585/533
f 172/586/463 65/686/463 1033/587/534
f 1752/589/536 988/551/501 76/552/502
f 1061/591/538 1752/589/536 185/590/537
f 1067/593/540 1762/601/548 191/594/541
f 61/508/463 998/723/652 1696/596/543
f 1767/597/544 1061/591/538 77/592/539
f 1072/599/546 1767/597/544 193/598/545
f 1762/601/548 1077/1302/1228 1851/602/549
f 66/603/463 1066/663/600 1746/604/550
f 187/541/494 80/540/493 1115/606/551
f 70/608/553 1100/720/649 1797/609/554
f 84/611/555 1110/660/598 1791/612/556
f 1124/613/557 68/630/553 179/614/553
f 185/590/537 76/552/502 1095/616/559
f 75/618/561 184/622/565 1776/619/562
f 75/618/561 1120/620/563 1786/621/564
f 184/622/565 74/555/505 1104/623/566
f 197/624/567 1771/677/611 1115/606/551
f 198/625/568 1796/627/570 1099/626/569
f 79/566/515 1129/632/574 1796/627/570
f 82/563/512 1125/690/622 1806/628/571
f 1792/629/572 178/610/553 68/630/553
f 186/631/573 1801/633/575 1129/632/574
f 78/576/525 1139/637/578 1801/633/575
f 83/573/522 1135/718/647 1821/634/576
f 1807/615/558 179/614/553 71/635/553
f 194/585/533 1816/639/580 1139/637/578
f 85/638/579 1162/719/648 1816/639/580
f 196/580/528 1821/634/576 1145/640/581
f 1094/641/582 1782/675/610 177/642/553
f 74/555/505 183/554/504 1826/644/583
f 183/554/504 73/595/542 1171/645/584
f 193/598/545 77/592/539 1167/646/585
f 181/648/553 72/667/553 1166/649/587
f 73/595/542 191/594/541 1841/651/589
f 191/594/541 1851/602/549 1183/652/590
f 81/600/547 193/598/545 1846/647/586
f 1697/654/592 999/553/503 74/555/505
f 1757/655/593 1072/599/546 81/600/547
f 188/656/594 81/600/547 1176/653/591
f 67/643/553 177/642/553 1777/658/596
f 1014/543/495 1706/561/511 169/562/463
f 1707/558/508 190/557/507 84/611/555
f 190/557/507 1786/621/564 1110/660/598
f 177/642/553 69/676/553 1119/661/599
f 175/662/463 1761/679/613 1066/663/600
f 989/509/464 61/508/463 170/542/463
f 76/552/502 187/541/494 1781/607/552
f 1172/665/602 1842/684/618 182/666/553
f 1024/567/516 79/566/515 198/625/568
f 1732/668/603 1038/2150/1199 1855/669/604
f 192/670/605 1855/669/604 1144/671/606
f 178/610/553 1797/609/554 1130/673/608
f 994/570/519 86/569/518 197/624/567
f 1013/556/506 1697/654/592 184/622/565
f 1782/675/610 1114/722/651 69/676/553
f 86/569/518 1099/626/569 1771/677/611
f 1756/678/612 1078/1311/1237 1761/679/613
f 1071/680/614 1756/678/612 175/662/463
f 182/666/553 1837/685/619 1177/682/616
f 1842/684/618 1182/1343/1267 1837/685/619
f 65/686/463 173/699/630 1736/687/620
f 1711/688/621 1019/694/626 62/689/463
f 195/546/497 1791/612/556 1125/690/622
f 71/635/553 1140/713/642 1817/691/623
f 1004/693/625 1711/688/621 171/578/463
f 1019/694/626 1726/717/646 172/586/463
f 176/695/553 1787/696/627 1119/661/599
f 70/608/553 1109/715/644 1787/696/627
f 1747/697/628 1067/593/540 73/595/542
f 67/643/553 181/648/553 1832/650/588
f 1827/698/629 1172/665/602 72/667/553
f 173/699/630 1731/702/633 1057/700/631
f 1741/701/632 1039/1282/1209 1731/702/633
f 1822/703/634 180/692/624 1812/704/635
f 180/692/624 1817/691/623 1161/706/637
f 1757/707/593 188/711/594 1852/708/638
f 1062/710/640 66/603/463 174/605/463
f 77/592/539 185/590/537 1831/617/560
f 188/711/594 1836/2159/595 1181/712/641
f 1034/577/526 78/576/525 186/631/573
f 1766/681/615 175/662/463 66/603/463
f 72/667/553 182/666/553 1847/683/617
f 179/614/553 1802/716/645 1140/713/642
f 62/689/463 172/586/463 1721/588/535
f 1692/674/609 197/624/567 80/540/493
f 1109/715/644 70/608/553 178/610/553
f 68/630/553 1130/673/608 1802/716/645
f 1732/668/603 192/670/605 85/638/579
f 1726/717/646 1029/724/653 65/686/463
f 189/571/520 1806/628/571 1135/718/647
f 192/670/605 1811/672/607 1162/719/648
f 1701/664/601 170/542/463 63/544/463
f 169/562/463 64/548/463 993/550/500
f 1100/720/649 70/608/553 176/695/553
f 1772/721/650 176/695/553 69/676/553
f 174/605/463 1746/604/550 998/723/652
f 1029/724/653 1741/701/632 173/699/630
f 1134/636/577 71/635/553 180/692/624
f 1105/659/597 1827/698/629 181/648/553
f 250/725/654 253/728/657 256/726/655
f 253/728/657 254/739/667 257/729/658
f 255/727/656 256/726/655 267/730/659
f 256/726/655 257/729/658 258/732/661
f 259/733/662 262/737/666 261/734/663
f 260/736/665 263/741/668 262/737/666
f 262/738/666 257/729/658 254/739/667
f 263/741/668 258/747/661 257/742/658
f 252/48/43 264/1573/671 266/743/669
f 265/744/670 266/743/669 263/741/673
f 266/743/669 267/746/672 258/747/675
f 288/177/156 291/750/678 293/748/676
f 291/750/678 298/1570/2111 294/751/679
f 292/749/677 293/748/676 305/752/680
f 293/748/676 294/751/679 295/754/682
f 289/755/683 296/758/686 299/756/684
f 296/758/686 297/767/1391 300/759/687
f 299/756/684 300/759/687 295/761/689
f 301/762/690 304/765/693 303/763/691
f 302/753/681 305/752/680 304/765/693
f 304/766/693 300/759/695 297/767/694
f 305/752/680 295/754/682 300/769/695
f 356/770/119 359/2160/698 361/771/696
f 360/772/697 361/771/696 372/776/700
f 361/771/696 362/783/699 363/778/702
f 357/105/94 364/781/705 366/779/703
f 364/781/705 365/787/713 367/782/706
f 366/779/703 367/782/706 363/778/708
f 368/784/710 371/786/712 370/785/711
f 369/777/701 372/776/714 371/786/712
f 371/786/712 367/782/706 365/787/713
f 372/776/714 363/778/708 367/782/706
f 393/180/158 396/1554/717 398/788/715
f 396/790/717 397/801/727 399/791/718
f 398/792/715 399/791/718 400/795/720
f 401/796/722 404/800/726 403/797/723
f 402/799/725 405/802/728 404/800/726
f 404/800/726 399/791/729 397/801/727
f 405/802/728 400/795/734 399/791/729
f 395/117/103 406/1568/732 408/803/730
f 407/804/731 408/803/730 405/802/728
f 408/803/730 409/794/733 400/795/734
f 413/806/735 416/809/738 415/807/736
f 417/811/740 420/815/744 419/812/741
f 418/814/743 423/2161/739 420/815/744
f 420/815/744 416/817/738 414/808/737
f 422/820/747 423/2161/739 418/814/743
f 430/828/753 429/830/750 431/829/754
f 430/828/756 433/1628/2112 435/826/757
f 433/827/759 435/826/2113 434/832/760
f 448/844/770 453/847/2114 449/845/771
f 449/845/771 453/847/2114 450/848/774
f 451/853/779 1860/2162/2108 450/848/780
f 458/855/782 460/858/786 459/856/783
f 459/856/787 460/858/2115 199/859/788
f 468/868/795 471/872/799 470/869/796
f 469/871/798 472/2163/807 471/872/799
f 473/875/801 472/882/807 475/876/802
f 475/876/802 472/2163/807 469/871/798
f 476/879/804 479/881/806 478/880/805
f 477/874/800 471/873/799 479/881/806
f 479/881/806 472/882/807 473/875/801
f 492/894/819 495/898/823 494/895/820
f 495/898/823 503/901/826 501/899/824
f 495/898/823 493/897/822 496/900/825
f 497/903/828 496/900/825 493/897/822
f 500/907/830 503/909/826 502/908/831
f 507/911/832 514/915/836 508/912/833
f 507/911/832 1858/2156/2110 511/914/835
f 518/924/847 521/927/850 520/925/848
f 519/926/849 522/929/852 521/927/850
f 521/927/850 532/930/853 529/928/851
f 516/251/226 523/933/856 526/931/854
f 523/933/856 524/1596/1517 527/934/857
f 525/932/855 526/931/854 522/935/858
f 526/937/860 527/943/2116 532/938/861
f 528/939/863 531/941/865 530/940/864
f 529/928/851 532/930/867 531/941/865
f 531/941/865 527/943/868 524/942/866
f 536/944/869 539/947/872 538/945/870
f 537/946/871 540/949/2117 539/947/872
f 539/947/872 541/950/875 548/948/873
f 534/289/263 542/953/878 545/951/876
f 542/953/878 543/1591/1513 546/954/879
f 544/952/877 545/951/876 540/955/880
f 545/957/876 546/963/879 541/958/882
f 547/959/883 550/961/885 549/960/884
f 548/948/873 541/950/875 550/961/885
f 550/961/885 546/963/2118 543/962/886
f 554/964/888 557/967/891 556/965/889
f 555/966/890 558/975/899 557/967/891
f 557/967/891 569/970/894 566/968/892
f 557/967/891 558/975/899 559/969/893
f 552/254/229 560/974/898 563/971/895
f 561/973/897 564/979/903 563/971/895
f 563/971/895 558/975/899 555/966/890
f 563/971/895 564/979/903 559/969/893
f 565/976/900 568/978/902 567/977/901
f 566/968/892 569/970/894 568/978/902
f 568/978/902 564/979/903 561/973/897
f 568/978/902 569/970/894 559/969/893
f 573/980/904 576/983/907 575/981/905
f 574/982/906 577/985/909 576/983/907
f 576/983/907 588/986/910 585/984/908
f 577/985/909 578/994/2119 588/986/910
f 571/300/274 579/989/913 582/987/911
f 579/989/913 580/1583/1506 583/990/914
f 581/988/912 582/987/911 577/991/915
f 582/993/911 583/999/914 578/994/917
f 584/995/918 587/997/920 586/996/919
f 585/984/908 588/986/922 587/997/920
f 587/997/920 583/999/923 580/998/921
f 588/986/922 578/994/2120 583/999/923
f 589/1000/924 592/1003/1649 595/1001/925
f 594/1002/926 595/1001/925 605/1005/929
f 590/309/283 597/1011/934 600/1009/932
f 597/1011/934 598/1017/945 605/1012/935
f 600/1009/936 595/1007/940 593/1004/937
f 600/1009/936 605/1012/935 596/1008/939
f 601/1013/941 604/1016/943 603/1014/942
f 602/1006/930 605/1005/929 604/1016/943
f 604/1016/944 605/1012/935 598/1017/945
f 609/1018/946 612/1021/949 611/1019/947
f 610/1020/948 613/1031/951 612/1021/949
f 612/1021/949 623/1024/952 620/1022/950
f 614/1025/953 617/1029/956 616/1026/954
f 615/1028/955 618/1030/957 617/1029/956
f 617/1029/956 613/1031/951 610/1020/948
f 619/1032/958 622/1034/960 621/1033/959
f 620/1022/950 623/1024/952 622/1034/960
f 622/1034/960 618/1030/957 615/1028/955
f 623/1024/952 613/1023/951 618/1030/957
f 624/319/293 627/1037/963 630/1035/961
f 627/1037/963 628/1047/973 636/1038/964
f 632/1042/968 635/1046/971 634/1043/969
f 633/1045/970 636/1052/980 635/1046/971
f 635/1046/972 636/1038/964 628/1047/973
f 626/1048/974 637/1051/1612 640/1049/975
f 638/1040/977 630/1039/2121 640/1049/978
f 639/1050/976 640/1049/975 636/1052/980
f 640/1049/978 630/1039/2121 631/1041/981
f 644/1053/983 647/1056/986 646/1054/984
f 645/1055/985 648/1058/988 647/1056/986
f 647/1056/986 658/1059/989 655/1057/987
f 649/1060/990 652/1063/993 651/1061/991
f 650/1062/992 653/1064/994 652/1063/993
f 652/1063/993 648/1058/988 645/1055/985
f 653/1064/994 658/1069/989 648/1058/988
f 654/1065/995 657/1068/997 656/1066/996
f 655/1057/987 658/1059/989 657/1068/997
f 657/1068/997 653/1064/994 650/1062/992
f 659/340/314 662/1072/1000 665/1070/998
f 662/1072/1000 663/1082/1009 666/1073/1001
f 664/1071/999 665/1070/998 677/1074/1002
f 665/1070/998 666/1073/1001 667/1076/1004
f 668/1077/1005 671/1081/1008 670/1078/1006
f 669/1080/1007 672/1083/1010 671/1081/1008
f 671/1081/1008 666/1073/1001 663/1082/1009
f 672/1083/1010 667/1076/2122 666/1073/1001
f 661/1084/1011 673/1087/1014 676/1085/1012
f 673/1087/1014 674/1075/1629 677/1074/1015
f 675/1086/1013 676/1085/1012 672/1083/1016
f 676/1085/1012 677/1074/1015 667/1076/1017
f 678/212/188 681/1090/1631 683/1088/1018
f 681/1090/1020 688/1688/1633 684/1091/1021
f 682/1089/1019 683/1088/1018 695/1092/1022
f 683/1088/1018 684/1091/1021 685/1094/1024
f 679/314/288 686/1097/1027 689/1095/1025
f 686/1097/1027 687/1103/1033 690/1098/1028
f 689/1095/1025 690/1098/1028 685/1094/1024
f 691/1099/1030 694/1102/1032 693/1100/1031
f 692/1093/1023 695/1092/1022 694/1102/1032
f 694/1102/1032 690/1098/1028 687/1103/1033
f 695/1092/1022 685/1094/1024 690/1098/1028
f 696/344/318 699/1106/1036 701/1104/1034
f 699/1106/1036 700/1115/1044 702/1107/1037
f 701/1104/1034 702/1107/1037 703/1109/1039
f 704/1110/1040 707/1114/1043 706/1111/1041
f 705/1113/1042 708/1116/1045 707/1114/1043
f 707/1114/1043 702/1107/1037 700/1115/1044
f 708/1116/1045 703/1109/2123 702/1107/1037
f 698/1117/1046 709/1694/1049 711/1118/1047
f 710/1119/1048 711/1118/1047 708/1116/1051
f 711/1118/1047 712/1108/1050 703/1109/1052
f 716/1121/1053 719/1124/1056 718/1122/1054
f 717/1123/1055 720/1126/1058 719/1124/1056
f 719/1124/1056 730/1127/1059 727/1125/1057
f 721/1128/1060 724/1131/1063 723/1129/1061
f 722/1130/1062 725/1132/1064 724/1131/1063
f 724/1131/1063 720/1126/1058 717/1123/1055
f 725/1132/1064 730/1137/1059 720/1126/1058
f 726/1133/1065 729/1136/1067 728/1134/1066
f 727/1125/1057 730/1127/1059 729/1136/1067
f 729/1136/1067 725/1132/1064 722/1130/1062
f 731/201/177 734/1140/1070 737/1138/1068
f 734/1140/1070 735/1149/1668 738/1141/1071
f 736/1139/1069 737/1138/1068 749/1142/1072
f 737/1138/1068 738/1141/1071 739/1144/1074
f 732/304/278 740/1147/1077 743/1145/1075
f 740/1147/1077 741/1154/1084 744/1148/1078
f 742/1146/1076 743/1145/1075 738/1141/1079
f 743/1145/1075 744/1148/1078 739/1144/1074
f 745/1150/1081 748/1153/1083 747/1151/1082
f 746/1143/1073 749/1142/1072 748/1153/1083
f 748/1153/1083 744/1148/1078 741/1154/1084
f 749/1142/1072 739/1144/1074 744/1148/1078
f 800/477/436 803/1157/1087 806/1155/1085
f 803/1157/1087 804/1169/1098 807/1158/1088
f 805/1156/1089 806/1155/1085 817/1159/1090
f 806/1155/1085 807/1158/1088 808/1161/1092
f 809/1162/1093 812/1168/1097 811/1163/1094
f 810/1165/1096 813/1175/1099 812/1166/1097
f 812/1168/1097 807/1158/1088 804/1169/1098
f 813/1170/1099 808/1161/1092 807/1158/1088
f 802/391/360 814/1917/1102 816/1171/1100
f 815/1172/1101 816/1171/1100 813/1175/1104
f 816/1171/1100 817/1174/1103 808/1176/1105
f 821/1177/1106 824/1180/1109 823/1178/1107
f 822/1179/1108 825/1182/1111 824/1180/1109
f 824/1180/1109 836/1183/1112 833/1181/1110
f 825/1182/1111 826/1191/1117 836/1183/1112
f 819/393/362 827/1784/1115 830/1184/1113
f 827/1186/1115 828/1195/2124 831/1187/1116
f 829/1185/1114 830/1184/1113 825/1189/1111
f 830/1188/1113 831/1187/1116 826/1191/1117
f 820/512/467 832/1194/1120 835/1192/1118
f 832/1194/1120 833/1181/1110 836/1183/1112
f 834/1193/1119 835/1192/1118 831/1187/1116
f 835/1192/1118 836/1183/1112 826/1191/1117
f 852/521/475 855/2164/1124 857/1196/1122
f 856/1197/1123 857/1196/1122 868/1200/1126
f 857/1196/1122 858/1199/1125 859/1202/1128
f 853/1203/1129 860/1206/1132 862/1204/1130
f 860/1206/1132 861/1215/1778 863/1207/1133
f 862/1204/1130 863/1207/1133 859/1209/1135
f 864/1210/1137 867/1213/1140 866/1211/1138
f 865/1201/1127 868/1200/1126 867/1213/1140
f 867/1214/1140 863/1207/1142 861/1215/1141
f 868/1200/1126 859/1202/1128 863/1217/1142
f 919/1218/1143 922/1221/2125 924/1219/1144
f 922/1221/1146 929/1920/2126 925/1222/1147
f 923/1220/1145 924/1219/1144 936/1223/1148
f 924/1219/1144 925/1222/1147 926/1225/1150
f 920/449/414 927/1228/1153 930/1226/1151
f 927/1228/1153 928/1236/1160 931/1229/1154
f 930/1226/1151 931/1229/1154 926/1231/1156
f 932/1232/1157 935/1235/1159 934/1233/1158
f 933/1234/1149 936/1237/1161 935/1235/1159
f 935/1235/1159 931/1229/1154 928/1236/1160
f 936/1237/1161 926/1231/1156 931/1229/1154
f 940/1238/1162 943/1242/1165 942/1239/1163
f 941/1241/1164 944/1250/1173 943/1242/1165
f 942/1239/1163 943/1242/1165 955/1243/1166
f 943/1242/1165 944/1250/1173 945/1245/1168
f 938/518/473 946/1248/1171 949/1246/1169
f 946/1248/1171 947/1255/1178 950/1249/1172
f 948/1247/1170 949/1246/1169 944/1250/1173
f 949/1246/1169 950/1249/1172 945/1245/1168
f 951/1251/1174 954/1254/1177 953/1252/1175
f 952/1244/1167 955/1243/1166 954/1254/1177
f 954/1254/1177 950/1249/1172 947/1255/1178
f 955/1243/1166 945/1245/1168 950/1249/1172
f 971/523/477 974/1258/1181 976/1256/1179
f 974/1258/1181 975/1267/1191 977/1259/1182
f 976/1256/1179 977/1259/1182 978/1261/1184
f 979/1262/1186 982/1266/1190 981/1263/1187
f 980/1265/1189 983/1268/1192 982/1266/1190
f 982/1266/1190 977/1259/1193 975/1267/1191
f 983/1268/1192 978/1261/1198 977/1259/1193
f 973/461/423 984/1913/1196 986/1269/1194
f 985/1270/1195 986/1269/1194 983/1268/1192
f 986/1269/1194 987/1260/1197 978/1261/1198
f 1038/1272/1199 1041/1275/1202 1044/1273/1200
f 1041/1275/1202 1042/1287/1212 1045/1276/1203
f 1043/1274/1201 1044/1273/1200 1055/1277/1204
f 1044/1273/1200 1045/1276/1203 1046/1279/1206
f 1047/1280/1207 1050/1286/1211 1049/1281/1208
f 1048/1283/1210 1051/1293/1213 1050/1284/1211
f 1050/1286/1211 1045/1276/1203 1042/1287/1212
f 1051/1288/1213 1046/1279/1206 1045/1276/1203
f 1040/583/531 1052/2147/1216 1054/1289/1214
f 1053/1290/1215 1054/1289/1214 1051/1293/1218
f 1054/1289/1214 1055/1292/1217 1046/1294/1220
f 1076/709/639 1079/1297/1223 1081/1295/1221
f 1079/1297/1223 1086/2144/2127 1082/1298/1224
f 1080/1296/1222 1081/1295/1221 1093/1299/1225
f 1081/1295/1221 1082/1298/1224 1083/1301/1227
f 1077/1302/1228 1084/1305/1231 1087/1303/1229
f 1084/1305/1231 1085/1314/1998 1088/1306/1232
f 1087/1303/1229 1088/1306/1232 1083/1308/1234
f 1089/1309/1235 1092/1312/1238 1091/1310/1236
f 1090/1300/1226 1093/1299/1225 1092/1312/1238
f 1092/1313/1238 1088/1306/1240 1085/1314/1239
f 1093/1299/1225 1083/1301/1227 1088/1316/1240
f 1144/671/606 1153/2152/1243 1148/1317/1241
f 1147/1318/1242 1148/1317/1241 1160/1322/1245
f 1148/1317/1241 1149/1329/2128 1150/1324/1247
f 1145/640/581 1151/1327/1250 1154/1325/1248
f 1151/1327/1250 1152/1333/1257 1155/1328/1251
f 1154/1325/1248 1155/1328/1251 1150/1324/1253
f 1156/1330/1254 1159/1332/1256 1158/1331/1255
f 1157/1323/1246 1160/1322/1258 1159/1332/1256
f 1159/1332/1256 1155/1328/1251 1152/1333/1257
f 1160/1322/1258 1150/1324/1253 1155/1328/1251
f 1181/1334/641 1184/1337/1261 1187/1335/1259
f 1184/1337/1261 1185/1346/1270 1188/1338/1262
f 1187/1335/1259 1188/1338/1262 1189/1340/1264
f 1190/1341/1265 1193/1345/1269 1192/1342/1266
f 1191/1344/1268 1194/1347/1271 1193/1345/1269
f 1193/1345/1269 1188/1338/1272 1185/1346/1270
f 1194/1347/1271 1189/1340/1277 1188/1338/1272
f 1183/652/590 1186/2141/1275 1196/1348/1273
f 1195/1349/1274 1196/1348/1273 1194/1347/1271
f 1196/1348/1273 1197/1339/2129 1189/1340/1277
f 221/25/22 1198/24/21 1200/1351/1278
f 224/1352/1279 1200/1351/1278 1201/1353/1280
f 223/1354/1282 1201/1353/1287 1202/1355/1283
f 1202/1357/1283 1199/139/122 220/182/160
f 1198/24/21 205/15/12 207/1359/1285
f 1200/1351/1278 207/1359/1285 208/1360/1286
f 1201/1361/1287 208/1400/1325 209/1362/1288
f 209/1362/1288 206/35/31 1199/139/122
f 1203/1363/55 1205/1366/1290 229/1364/1289
f 1205/1366/1290 1206/1368/1296 228/1367/1291
f 1206/1368/1292 1207/1373/1298 227/1369/1293
f 227/1369/1293 1207/1373/1298 1204/119/105
f 210/1370/169 212/1371/1295 1205/1366/1290
f 212/1371/1295 213/1372/1364 1206/1368/1296
f 213/1372/1297 214/1443/1366 1207/1373/1298
f 1207/1373/1298 214/1443/1366 211/18/15
f 1208/129/114 1210/1375/1300 204/1374/1299
f 1210/1375/1300 1211/1377/1305 203/1376/1301
f 1211/1377/1302 1212/1380/1306 202/1378/1303
f 202/1379/1303 1212/1381/1306 1209/4/4
f 221/25/22 224/1352/1279 1210/1375/1300
f 224/1352/1279 223/1354/1281 1211/1377/1305
f 223/1354/1282 222/1356/1284 1212/1380/1306
f 1212/1381/1306 222/1358/1284 220/182/160
f 216/1382/139 1213/1389/23 1215/1383/1307
f 219/1384/1308 1215/1383/1307 1216/1385/1309
f 218/1386/1311 1216/1385/1314 1217/1387/1312
f 1217/1387/1312 1214/23/20 215/10/8
f 1213/1389/23 226/1365/7 229/1364/1289
f 1215/1383/1307 229/1364/1289 228/1367/1291
f 1216/1385/1314 228/1367/1294 227/1369/1293
f 227/1369/1293 225/21/18 1214/23/20
f 231/1390/140 1218/1397/135 1220/1391/1315
f 234/1392/1316 1220/1391/1315 1221/1393/1317
f 233/1394/1319 1221/1393/1322 1222/1395/1320
f 1222/1395/1320 1219/12/10 230/29/25
f 1218/1397/135 216/1382/139 219/1384/1308
f 1220/1391/1315 219/1384/1308 218/1386/1310
f 1221/1393/1322 218/1386/1311 217/1388/1313
f 217/1388/1313 215/10/8 1219/12/10
f 205/15/12 1223/14/11 1225/1398/1323
f 207/1359/1285 1225/1398/1323 1226/1399/1324
f 208/1400/1325 1226/1404/1329 1227/1401/1326
f 1227/1401/1326 1224/33/29 206/35/31
f 1223/14/11 235/44/39 237/1402/1327
f 1225/1398/1323 237/1402/1327 238/1403/1328
f 1226/1404/1329 238/1408/1333 239/1405/1330
f 239/1405/1330 236/32/28 1224/33/29
f 235/44/39 1228/53/47 1230/1406/1331
f 237/1402/1327 1230/1406/1331 1231/1407/1332
f 238/1408/1333 1231/1412/1337 1232/1409/1334
f 1232/1409/1334 1229/30/26 236/32/28
f 1228/53/47 245/52/46 247/1410/1335
f 1230/1406/1331 247/1410/1335 248/1411/1336
f 1231/1412/1337 248/1432/1355 249/1413/1338
f 249/1413/1338 246/42/38 1229/30/26
f 241/1414/170 1233/1421/163 1235/1415/1339
f 244/1416/1340 1235/1415/1339 1236/1417/1341
f 243/1418/1343 1236/1417/1346 1237/1419/1344
f 1237/1419/1344 1234/37/33 240/39/35
f 1233/1421/163 231/1390/140 234/1392/1316
f 1235/1415/1339 234/1392/1316 233/1394/1318
f 1236/1417/1346 233/1394/1319 232/1396/1321
f 232/1396/1321 230/29/25 1234/37/33
f 1238/170/150 1240/1423/1348 272/1422/1347
f 1240/1423/1348 1241/1425/1350 271/1424/1349
f 1241/1425/1350 1242/1427/1352 270/1426/1351
f 1242/1427/1352 1239/133/116 268/1428/44
f 251/1429/664 261/740/663 1240/1423/1348
f 261/740/663 254/739/667 1241/1425/1350
f 254/739/667 253/728/657 1242/1427/1352
f 253/728/657 250/725/654 1239/133/116
f 245/52/46 1243/152/134 1245/1430/1353
f 247/1410/1335 1245/1430/1357 1246/1431/1354
f 248/1432/1355 1246/1434/1358 1247/1433/1356
f 249/1413/1338 1247/1433/1356 1244/40/36
f 1243/152/134 269/168/148 272/1422/1347
f 1245/1430/1357 272/1422/1347 271/1424/1349
f 1246/1434/1358 271/2165/1349 270/1435/1351
f 270/1435/1351 268/49/44 1244/40/36
f 251/735/664 1248/1439/149 1250/1436/1359
f 259/733/662 1250/1436/1359 1251/1437/1360
f 260/736/674 1251/1437/1362 1252/1438/1361
f 265/744/670 1252/1438/1361 1249/46/41
f 1248/1439/149 241/1414/170 244/1416/1340
f 1250/1436/1359 244/1416/1340 243/1418/1342
f 1251/1437/1362 243/1418/1343 242/1420/1345
f 1252/1438/1361 242/1420/1345 240/39/35
f 1253/1440/62 1255/1441/1363 212/1371/1295
f 1255/1441/1363 1256/1442/1368 213/1372/1364
f 1256/1442/1365 1257/1447/1370 214/1443/1366
f 214/1443/1366 1257/1447/1370 1254/162/142
f 278/1444/113 280/1445/1367 1255/1441/1363
f 280/1445/1367 281/1446/1386 1256/1442/1368
f 281/1446/1369 282/1466/1388 1257/1447/1370
f 1257/1447/1370 282/1466/1388 279/58/52
f 1258/1/1 1260/1449/1372 277/1448/1371
f 1260/1449/1372 1261/1451/1377 276/1450/1373
f 1261/1451/1374 1262/1454/1378 275/1452/1375
f 275/1453/1375 1262/1455/1378 1259/54/48
f 201/3/3 204/1374/1299 1260/1449/1372
f 204/1374/1299 203/1376/1301 1261/1451/1377
f 203/1376/1304 202/1378/1303 1262/1454/1378
f 1262/1455/1378 202/1379/1303 200/16/13
f 290/764/692 1263/143/125 1265/1456/1379
f 301/762/690 1265/1456/1379 1266/1457/1380
f 302/753/681 1266/1457/1380 1267/1458/1381
f 292/749/677 1267/1458/1381 1264/175/106
f 1263/143/125 283/145/127 285/1459/1382
f 1265/1456/1379 285/1459/1382 286/1460/1383
f 1266/1457/1380 286/1460/1383 287/1461/1384
f 1267/1458/1381 287/1461/1384 284/1462/58
f 1268/1463/126 1270/1464/1385 280/1445/1367
f 1270/1464/1385 1271/1465/1390 281/1446/1386
f 1271/1465/1387 1272/1467/1389 282/1466/1388
f 1272/1467/1389 1269/66/60 279/58/52
f 290/1468/692 303/768/691 1270/1464/1385
f 303/768/691 297/767/694 1271/1465/1390
f 297/767/1391 296/758/686 1272/1467/1389
f 296/758/686 289/755/683 1269/66/60
f 1273/146/128 1275/1469/1392 285/1459/1382
f 1275/1469/1392 1276/1470/1394 286/1460/1383
f 1276/1470/1393 1277/1472/1395 287/1461/1384
f 287/1471/1384 1277/1473/1395 1274/62/56
f 274/178/157 277/1448/1371 1275/1469/1392
f 277/1448/1371 276/1450/1373 1276/1470/1394
f 276/1450/1376 275/1452/1375 1277/1472/1395
f 275/1453/1375 273/56/50 1274/62/56
f 1278/142/124 1280/1475/1397 330/1474/1396
f 1280/1475/1397 1281/1477/1399 329/1476/1398
f 1281/1477/1399 1282/1479/1401 328/1478/1400
f 1282/1479/1401 1279/191/167 326/192/168
f 311/91/81 313/1480/1402 1280/1475/1397
f 313/1480/1402 314/1481/1403 1281/1477/1399
f 314/1481/1403 315/1482/1404 1282/1479/1401
f 315/1482/1404 312/190/166 1279/191/167
f 332/85/75 1283/84/74 1285/1483/1405
f 335/1484/1406 1285/1483/1405 1286/1485/1407
f 334/1486/1408 1286/1485/1407 1287/1487/1409
f 333/1488/1410 1287/1487/1409 1284/123/109
f 1283/84/74 316/88/78 318/1489/1411
f 1285/1483/1405 318/1489/1411 319/1490/1412
f 1286/1485/1407 319/1490/1412 320/1491/1413
f 1287/1487/1409 320/1491/1413 317/124/110
f 307/81/71 1288/72/64 1290/1492/1414
f 310/1493/1415 1290/1492/1414 1291/1494/1416
f 309/1495/1417 1291/1494/1416 1292/1496/1418
f 308/1497/1419 1292/1496/1418 1289/140/123
f 1288/72/64 327/71/63 330/1474/1396
f 1290/1492/1414 330/1474/1396 329/1476/1398
f 1291/1494/1416 329/1476/1398 328/1478/1400
f 1292/1496/1418 328/1478/1400 326/192/168
f 1293/86/76 1295/1499/1421 325/1498/1420
f 1295/1499/1421 1296/1501/1423 324/1500/1422
f 1296/1501/1423 1297/1503/1425 323/1502/1424
f 1297/1503/1425 1294/161/141 321/183/161
f 332/85/75 335/1484/1406 1295/1499/1421
f 335/1484/1406 334/1486/1408 1296/1501/1423
f 334/1486/1408 333/1488/1410 1297/1503/1425
f 333/1488/1410 331/126/112 1294/161/141
f 1298/77/68 1300/1505/1427 340/1504/1426
f 1300/1505/1427 1301/1507/1429 339/1506/1428
f 1301/1507/1429 1302/1509/1431 338/1508/1430
f 1302/1509/1431 1299/94/84 336/78/69
f 322/125/111 325/1498/1420 1300/1505/1427
f 325/1498/1420 324/1500/1422 1301/1507/1429
f 324/1500/1422 323/1502/1424 1302/1509/1431
f 323/1502/1424 321/183/161 1299/94/84
f 1303/92/82 1305/1510/1432 313/1480/1402
f 1305/1510/1432 1306/1511/1433 314/1481/1403
f 1306/1511/1433 1307/1512/1434 315/1482/1404
f 1307/1512/1434 1304/74/66 312/190/166
f 341/97/86 343/1513/1435 1305/1510/1432
f 343/1513/1435 344/1514/1436 1306/1511/1433
f 344/1514/1436 345/1515/1437 1307/1512/1434
f 345/1515/1437 342/138/121 1304/74/66
f 1308/98/87 1310/1516/1438 343/1513/1435
f 1310/1516/1438 1311/1517/1439 344/1514/1436
f 1311/1517/1439 1312/1518/1440 345/1515/1437
f 1312/1518/1440 1309/184/162 342/138/121
f 351/102/91 353/1519/1441 1310/1516/1438
f 353/1519/1441 354/1520/1442 1311/1517/1439
f 354/1520/1442 355/1521/1443 1312/1518/1440
f 355/1521/1443 352/181/159 1309/184/162
f 1313/93/83 1315/1523/1445 350/1522/1444
f 1315/1523/1445 1316/1525/1447 349/1524/1446
f 1316/1525/1447 1317/1527/1449 348/1526/1448
f 1317/1527/1449 1314/80/70 346/101/90
f 337/155/136 340/1504/1426 1315/1523/1445
f 340/1504/1426 339/1506/1428 1316/1525/1447
f 339/1506/1428 338/1508/1430 1317/1527/1449
f 338/1508/1430 336/78/69 1314/80/70
f 374/189/165 1318/1534/120 1320/1528/1450
f 377/1529/1451 1320/1528/1450 1321/1530/1452
f 376/1531/1453 1321/1530/1452 1322/1532/1454
f 375/1533/1455 1322/1532/1454 1319/172/152
f 1318/1534/120 356/770/119 360/772/697
f 1320/1528/1450 360/772/697 369/777/701
f 1321/1530/1452 369/777/701 368/784/710
f 1322/1532/1454 368/784/710 358/173/153
f 1323/104/93 1325/1535/1456 353/1519/1441
f 1325/1535/1456 1326/1536/1457 354/1520/1442
f 1326/1536/1457 1327/1537/1458 355/1521/1443
f 1327/1537/1458 1324/156/137 352/181/159
f 374/189/165 377/1529/1451 1325/1535/1456
f 377/1529/1451 376/1531/1453 1326/1536/1457
f 376/1531/1453 375/1533/1455 1327/1537/1458
f 375/1533/1455 373/174/154 1324/156/137
f 1328/99/88 1330/1538/1459 364/781/705
f 1330/1538/1459 1331/1539/1460 365/787/713
f 1331/1539/1460 1332/1540/1461 370/785/711
f 1332/1540/1461 1329/171/151 358/173/153
f 347/187/164 350/1522/1444 1330/1538/1459
f 350/1522/1444 349/1524/1446 1331/1539/1460
f 349/1524/1446 348/1526/1448 1332/1540/1461
f 348/1526/1448 346/101/90 1329/171/151
f 316/88/78 1333/109/96 1335/1541/1462
f 318/1489/1411 1335/1541/1462 1336/1542/1463
f 319/1490/1412 1336/1542/1463 1337/1543/1464
f 320/1491/1413 1337/1543/1464 1334/166/146
f 1333/109/96 383/110/97 385/1544/1465
f 1335/1541/1462 385/1544/1465 386/1545/1466
f 1336/1542/1463 386/1545/1466 387/1546/1467
f 1337/1543/1464 387/1546/1467 384/130/115
f 379/111/98 1338/82/72 1340/1547/1468
f 382/1548/1469 1340/1547/1468 1341/1549/1470
f 381/1550/1471 1341/1549/1470 1342/1551/1472
f 380/1552/1473 1342/1551/1472 1339/115/101
f 1338/82/72 307/81/71 310/1493/1415
f 1340/1547/1468 310/1493/1415 309/1495/1417
f 1341/1549/1470 309/1495/1417 308/1497/1419
f 1342/1551/1472 308/1497/1419 306/106/95
f 1343/1553/108 1345/2166/1474 396/1554/717
f 1345/1555/1474 1346/1556/1475 397/801/727
f 1346/1556/1475 1347/1557/1476 403/797/723
f 1347/1557/1476 1344/150/132 394/798/724
f 388/118/104 390/1558/1477 1345/1555/1474
f 390/1558/1477 391/1559/1478 1346/1556/1475
f 391/1559/1478 392/1560/1479 1347/1557/1476
f 392/1560/1479 389/147/129 1344/150/132
f 383/110/97 1348/116/102 1350/1561/1480
f 385/1544/1465 1350/1561/1480 1351/1562/1481
f 386/1545/1466 1351/1562/1481 1352/1563/1482
f 387/1546/1467 1352/1563/1482 1349/149/131
f 1348/116/102 395/117/103 407/804/731
f 1350/1561/1480 407/804/731 402/799/725
f 1351/1562/1481 402/799/725 401/796/722
f 1352/1563/1482 401/796/722 394/798/724
f 388/118/104 1353/112/99 1355/1564/1483
f 390/1558/1477 1355/1564/1483 1356/1565/1484
f 391/1559/1478 1356/1565/1484 1357/1566/1485
f 392/1560/1479 1357/1566/1485 1354/148/130
f 1353/112/99 379/111/98 382/1548/1469
f 1355/1564/1483 382/1548/1469 381/1550/1471
f 1356/1565/1484 381/1550/1471 380/1552/1473
f 1357/1566/1485 380/1552/1473 378/114/100
f 395/117/103 1358/67/61 1360/1567/1486
f 406/789/1487 1360/1571/1493 1359/176/155
f 1358/67/61 289/755/683 298/757/1489
f 1360/1571/1493 291/750/2130 288/177/156
f 252/48/43 1361/47/42 1363/1572/1494
f 1363/1574/1497 1362/134/117 250/725/654
f 357/105/94 359/780/704 1363/1572/1494
f 359/1575/698 356/136/119 1362/134/117
f 535/260/235 1364/259/234 1366/1576/1499
f 547/959/883 1366/1576/1499 1367/1577/1500
f 1364/259/234 551/275/249 556/965/889
f 1366/1576/1499 556/965/889 566/968/892
f 1369/253/228 1371/1579/1502 560/974/898
f 1371/1579/1502 1372/1581/1504 561/973/897
f 570/231/207 575/981/905 1371/1579/1502
f 575/981/905 585/984/908 1372/1581/1504
f 1372/1581/1504 585/984/908 584/995/918
f 1373/1580/1503 584/995/918 572/269/244
f 1374/288/262 1376/1582/1505 579/989/913
f 517/299/273 1378/295/269 1380/1587/1509
f 528/939/863 1380/1587/1509 1381/1588/1510
f 1381/1588/1510 1382/1589/1511 520/925/848
f 1382/1589/1511 1379/274/248 515/280/254
f 1378/295/269 552/254/229 562/972/896
f 1380/1587/1509 562/972/896 555/966/890
f 555/966/890 554/964/888 1382/1589/1511
f 554/964/888 551/275/249 1379/274/248
f 1383/249/224 1385/1590/1512 542/953/878
f 1385/1590/1512 1386/1593/1515 543/1591/1513
f 1386/1592/1514 1384/228/204 535/260/235
f 1383/249/224 516/251/226 525/932/855
f 1385/1590/1512 525/932/855 519/936/859
f 1386/1592/1514 518/924/847 515/280/254
f 1387/250/225 1389/1595/1516 523/933/856
f 1389/1595/1516 1390/1599/1520 524/1596/1517
f 1390/1597/1518 1391/1598/1521 530/940/864
f 1391/1598/1519 1388/230/206 517/299/273
f 1387/250/225 571/300/274 581/988/912
f 1389/1595/1516 581/988/912 574/992/916
f 1390/1597/1518 574/982/906 573/980/904
f 1391/1598/1519 573/980/904 570/231/207
f 436/209/185 1392/210/186 1394/1600/1522
f 440/1601/762 1394/1600/1522 1395/1602/1523
f 1859/1603/1524 1395/1602/1523 1396/1604/1525
f 442/1605/1526 1396/1604/1525 1393/246/221
f 410/163/143 415/807/736 1394/1600/1522
f 415/807/736 423/810/739 1395/1602/1523
f 423/810/1527 421/818/1528 1396/1604/1525
f 421/818/1528 412/244/220 1393/246/221
f 1397/258/233 1399/1607/1530 454/1606/1529
f 1399/1607/1530 1400/1608/1532 1860/849/1531
f 1400/1608/1532 1401/1609/1534 449/845/771
f 1401/1609/1534 1398/236/212 445/317/291
f 1397/258/233 412/244/220 421/821/1528
f 1399/1607/1530 421/821/1528 418/814/1535
f 1400/1608/1532 418/814/1535 417/811/740
f 1401/1609/1534 417/811/740 411/813/742
f 1402/316/290 1404/1611/1536 442/1610/1526
f 1404/1611/1536 1405/1612/1538 443/843/1537
f 1405/1612/1538 1406/1613/1540 440/839/1539
f 1406/1613/1540 1403/247/222 438/233/209
f 1402/316/290 447/216/192 454/1614/1529
f 1404/1611/1536 454/1614/1529 451/853/1541
f 1405/1612/1538 451/853/1541 453/854/777
f 1406/1613/1540 453/854/777 446/850/776
f 465/870/797 1407/297/271 1409/1615/1542
f 468/868/795 1409/1615/1542 1410/1616/1543
f 469/871/798 1410/1616/1543 1411/1617/1544
f 474/878/803 1411/1617/1544 1408/278/252
f 424/219/195 429/823/1545 1409/1615/1542
f 429/823/1545 433/827/1546 1410/1616/1543
f 433/827/1546 432/833/1547 1411/1617/1544
f 432/833/1547 426/276/250 1408/278/252
f 480/272/247 1412/262/237 1414/1618/1548
f 488/885/1549 1414/1618/1548 1415/1619/1550
f 1861/1620/1551 1415/1619/1550 1416/1621/1552
f 485/1622/1553 1416/1621/1552 1413/337/311
f 467/264/239 478/880/805 1414/1618/1548
f 478/880/805 473/875/801 1415/1619/1550
f 473/875/801 474/877/803 1416/1621/1552
f 474/877/803 466/321/295 1413/337/311
f 1417/208/184 1419/1624/1554 485/1623/1553
f 1419/1624/1554 1420/1625/1556 486/893/1555
f 1420/1625/1556 1421/1626/1558 488/891/1557
f 1421/1626/1558 1418/267/242 482/271/246
f 1417/208/184 426/276/250 432/1627/1547
f 1419/1624/1554 432/1627/1547 433/1628/1559
f 1420/1625/1556 433/1628/2131 430/828/1560
f 1421/1626/1558 430/828/1560 425/265/240
f 1422/256/231 1424/1630/1562 462/1629/1561
f 1424/1630/1562 1425/1631/1564 463/860/1563
f 1426/1632/1566 1423/292/266 455/342/316
f 1424/1630/1562 498/905/1567 493/906/822
f 1425/1631/1564 493/906/822 492/894/819
f 1430/1634/1569 1431/1635/1570 502/908/831
f 1431/1635/1570 1428/198/174 491/283/257
f 1427/327/301 505/328/302 510/1636/1571
f 1431/1635/1570 507/911/832 504/913/834
f 1432/341/315 1434/1638/1572 510/1637/1571
f 1434/1638/1572 1435/1639/1578 1858/923/1573
f 1435/1639/1574 1436/1640/1576 514/920/841
f 1432/341/315 457/195/171 462/865/1561
f 1434/1638/1572 462/865/1561 463/867/1577
f 1435/1639/1574 463/867/2132 460/863/1579
f 591/1015/308 1437/1644/307 1439/1641/1580
f 601/1013/941 1439/1641/1580 1440/1642/1581
f 602/1006/930 1440/1642/1581 1441/1643/1582
f 594/1002/926 1441/1643/1582 1438/282/256
f 1437/1644/307 607/1027/309 616/1026/954
f 1439/1641/1580 616/1026/954 610/1020/948
f 1440/1642/1581 610/1020/948 609/1018/946
f 1441/1643/1582 609/1018/946 606/320/294
f 1442/308/282 1444/1645/1583 627/1037/963
f 1444/1645/1583 1445/1646/1584 628/1047/973
f 1445/1646/1584 1446/1647/1585 634/1043/969
f 1446/1647/1585 1443/1648/198 625/1044/200
f 608/307/281 621/1033/959 1444/1645/1583
f 621/1033/959 615/1028/955 1445/1646/1584
f 615/1028/955 614/1025/953 1446/1647/1585
f 614/1025/953 607/1027/309 1443/1648/198
f 1447/310/284 1449/1649/1586 597/1011/934
f 1449/1649/1586 1450/1650/1587 598/1017/945
f 1450/1650/1587 1451/1651/1588 603/1014/942
f 1451/1651/1588 1448/1652/199 591/1015/308
f 1447/310/284 626/1048/974 639/1050/976
f 1449/1649/1586 639/1050/976 633/1045/970
f 1450/1650/1587 633/1045/970 632/1042/968
f 1451/1651/1588 632/1042/968 625/1044/200
f 1452/1653/298 1454/1654/1589 654/1065/995
f 1454/1654/1589 1455/1655/1590 655/1057/987
f 1455/1655/1590 1456/1656/1591 646/1054/984
f 646/1054/984 1456/1656/1591 1453/226/202
f 660/1079/300 670/1078/1006 1454/1654/1589
f 670/1078/1006 663/1082/1009 1455/1655/1590
f 663/1082/1009 662/1072/1000 1456/1656/1591
f 662/1072/1000 659/340/314 1453/226/202
f 680/1101/313 1457/1660/312 1459/1657/1592
f 691/1099/1030 1459/1657/1592 1460/1658/1593
f 692/1093/1023 1460/1658/1593 1461/1659/1594
f 682/1089/1019 1461/1659/1594 1458/213/189
f 1457/1660/312 643/1067/296 656/1066/996
f 1459/1657/1592 656/1066/996 650/1062/992
f 1460/1658/1593 650/1062/992 649/1060/990
f 1461/1659/1594 649/1060/990 642/313/287
f 1462/312/286 1464/1661/1595 686/1097/1027
f 1464/1661/1595 1465/1662/1596 687/1103/1033
f 1465/1662/1596 1466/1663/1597 693/1100/1031
f 1466/1663/1597 1463/1664/299 680/1101/313
f 1462/312/286 661/1084/1011 675/1086/1013
f 1464/1661/1595 675/1086/1013 669/1080/1007
f 1465/1662/1596 669/1080/1007 668/1077/1005
f 1466/1663/1597 668/1077/1005 660/1079/300
f 1467/332/306 1469/1665/1598 699/1106/1036
f 1469/1665/1598 1470/1666/1599 700/1115/1044
f 1470/1666/1599 1471/1667/1600 706/1111/1041
f 714/303/277 1472/202/178 1474/1669/1601
f 721/1128/1060 1474/1669/1601 1475/1670/1602
f 1472/202/178 731/201/177 736/1139/1069
f 1474/1669/1601 736/1139/1069 746/1143/1073
f 1475/1670/1602 746/1143/1073 745/1150/1081
f 1477/306/280 1479/1673/1604 740/1147/1077
f 1479/1673/1604 1480/1674/1605 741/1154/1084
f 1480/1674/1605 1481/1675/1606 747/1151/1082
f 1481/1675/1606 1478/1676/190 733/1152/304
f 1477/306/280 698/1117/1046 710/1119/1048
f 1479/1673/1604 710/1119/1048 705/1113/1042
f 1480/1674/1605 705/1113/1042 704/1110/1040
f 1481/1675/1606 704/1110/1040 697/1112/191
f 410/163/143 1482/165/145 1484/1677/1607
f 413/806/735 1484/1677/1607 1485/1678/1608
f 414/808/1609 1485/1678/1608 1486/1679/1610
f 419/812/741 1486/1679/1610 1483/237/213
f 1482/165/145 606/320/294 611/1019/947
f 611/1019/947 620/1022/950 1485/1678/1608
f 1485/1678/1608 620/1022/950 619/1032/958
f 619/1032/958 608/307/281 1483/237/213
f 626/1048/974 1487/248/223 1489/1680/1611
f 638/1040/1614 1489/1681/1619 1490/1682/1615
f 1490/1682/1617 1488/318/292 624/319/293
f 1487/248/223 446/850/776 452/852/778
f 452/846/1618 448/844/2133 1490/1682/1615
f 448/844/1620 445/317/291 1488/318/292
f 1491/221/197 1493/1683/1627 427/822/1621
f 1493/1683/1622 1494/1685/1628 428/824/1623
f 431/829/1626 1494/1684/1625 1492/311/285
f 659/340/314 664/1071/999 1493/1683/1627
f 664/1071/999 674/1075/1003 1494/1685/1628
f 673/1087/1014 661/1084/1011 1492/311/285
f 1495/1686/1630 1497/1689/1634 681/1090/1631
f 688/1096/1026 1497/1690/1637 1496/270/245
f 1495/1686/1630 480/272/247 483/884/809
f 487/890/814 482/271/246 1496/270/245
f 491/283/257 1498/284/258 1500/1691/1638
f 500/907/830 1500/1691/1638 1501/1692/1639
f 501/899/1640 1501/1692/1639 1502/1693/1641
f 494/895/820 1502/1693/1641 1499/293/267
f 1498/284/258 714/303/277 723/1129/1061
f 1500/1691/1638 723/1129/1061 717/1123/1055
f 1501/1692/1639 717/1123/1055 716/1121/1053
f 1502/1693/1641 716/1121/1053 713/331/305
f 1503/305/279 1505/1696/1644 709/1694/1049
f 1505/1695/1642 1504/343/317 696/344/318
f 1503/305/279 456/285/259 461/862/1643
f 458/855/1647 455/342/316 1504/343/317
f 589/1000/924 1506/281/255 1508/1698/1648
f 593/1004/1651 1508/1699/1655 1509/1700/1652
f 1509/1700/1654 1507/235/211 590/309/283
f 1506/281/255 436/209/185 439/835/763
f 1508/1699/1655 439/840/1656 444/838/1656
f 444/838/765 438/233/209 1507/235/211
f 467/264/239 1510/263/238 1512/1701/1657
f 476/879/804 1512/1701/1657 1513/1702/1658
f 477/874/1659 1513/1702/1658 1514/1703/1660
f 470/869/796 1514/1703/1660 1511/298/272
f 1510/263/238 642/313/287 651/1061/991
f 1512/1701/1657 651/1061/991 645/1055/985
f 1513/1702/1658 645/1055/985 644/1053/983
f 1514/1703/1660 644/1053/983 641/225/201
f 506/291/265 1515/290/264 1517/1704/1661
f 512/919/1662 1517/1704/1666 1518/1705/1663
f 508/912/833 1518/1706/1669 1516/199/175
f 1515/290/264 732/304/278 742/1146/1076
f 1517/1704/1666 742/1146/1076 735/1149/1080
f 1518/1706/1669 734/1140/1070 731/201/177
f 771/369/340 1519/368/339 1521/1707/1670
f 774/1708/1671 1521/1707/1670 1522/1709/1672
f 773/1710/1674 1522/1709/1679 1523/1711/1675
f 1523/1713/1675 1520/483/442 770/526/479
f 1519/368/339 755/359/330 757/1715/1677
f 1521/1707/1670 757/1715/1677 758/1716/1678
f 1522/1709/1679 758/1716/1717 759/1717/1680
f 759/1718/1680 756/379/349 1520/483/442
f 1524/405/373 1526/1725/1682 779/1719/1681
f 1526/1720/1682 1527/1723/1688 778/1721/1683
f 1527/1723/1684 1528/1728/1690 777/1724/1685
f 777/1724/1685 1528/1728/1690 1525/463/425
f 760/537/490 762/1789/1687 1526/1725/1682
f 762/1726/1687 763/1727/1751 1527/1723/1688
f 763/1727/1689 764/1792/1753 1528/1728/1690
f 1528/1728/1690 764/1792/1753 761/362/333
f 1529/473/434 1531/1730/1692 754/1729/1691
f 1531/1730/1692 1532/1732/1697 753/1731/1693
f 1532/1732/1694 1533/1735/1698 752/1733/1695
f 752/1734/1695 1533/1736/1698 1530/348/322
f 771/369/340 774/1708/1671 1531/1730/1692
f 774/1708/1671 773/1710/1673 1532/1732/1697
f 773/1710/1674 772/1712/1676 1533/1735/1698
f 1533/1736/1698 772/1714/1676 770/526/479
f 766/502/458 1534/370/341 1536/1737/1699
f 769/1739/1700 1536/1744/1699 1537/1740/1701
f 768/1741/1703 1537/1740/1706 1538/1742/1704
f 1538/1742/1704 1535/367/338 765/354/326
f 1534/370/341 776/352/325 779/1719/1681
f 1536/1744/1699 779/1722/1681 778/1721/1683
f 1537/1740/1706 778/1721/1686 777/1724/1685
f 777/1724/1685 775/365/336 1535/367/338
f 781/503/459 1539/497/454 1541/1745/1707
f 784/1747/1708 1541/1752/1707 1542/1748/1709
f 783/1749/1711 1542/1748/1714 1543/1750/1712
f 1543/1750/1712 1540/356/328 780/373/343
f 1539/497/454 766/502/458 769/1738/1700
f 1541/1752/1707 769/1739/1700 768/1741/1702
f 1542/1748/1714 768/1741/1703 767/1743/1705
f 767/1743/1705 765/354/326 1540/356/328
f 755/359/330 1544/358/329 1546/1753/1715
f 757/1715/1677 1546/1753/1715 1547/1754/1716
f 758/1716/1717 1547/1754/1721 1548/1755/1718
f 1548/1756/1718 1545/377/347 756/379/349
f 1544/358/329 785/388/357 787/1757/1719
f 1546/1753/1715 787/1757/1719 788/1758/1720
f 1547/1754/1721 788/1758/1725 789/1759/1722
f 789/1760/1722 786/376/346 1545/377/347
f 785/388/357 1549/397/365 1551/1761/1723
f 787/1757/1719 1551/1761/1723 1552/1762/1724
f 788/1758/1725 1552/1762/1729 1553/1763/1726
f 1553/1764/1726 1550/374/344 786/376/346
f 1549/397/365 795/396/364 797/1765/1727
f 1551/1761/1723 797/1765/1727 798/1766/1728
f 1552/1762/1729 798/1766/1744 799/1767/1730
f 799/1768/1730 796/386/356 1550/374/344
f 791/538/491 1554/531/484 1556/1769/1731
f 794/1771/1732 1556/1776/1731 1557/1772/1733
f 793/1773/1735 1557/1772/1738 1558/1774/1736
f 792/1775/1737 1558/1774/1736 1555/381/351
f 1554/531/484 781/503/459 784/1746/1708
f 1556/1776/1731 784/1747/1708 783/1749/1710
f 1557/1772/1738 783/1749/1711 782/1751/1713
f 782/1751/1713 780/373/343 1555/381/351
f 1559/514/469 1561/1777/1739 832/1194/1120
f 1561/1777/1739 1562/1778/1740 833/1181/1110
f 1562/1778/1740 1563/1779/1741 823/1178/1107
f 1563/1779/1741 1560/479/438 818/530/483
f 801/1164/1095 811/1163/1094 1561/1777/1739
f 811/1163/1094 804/1169/1098 1562/1778/1740
f 804/1169/1098 803/1157/1087 1563/1779/1741
f 803/1157/1087 800/477/436 1560/479/438
f 795/396/364 1564/496/453 1566/1780/1742
f 797/1765/1727 1566/1780/1742 1567/1781/1743
f 798/1766/1744 1567/1781/1746 1568/1782/1745
f 1568/1783/1745 1565/384/354 796/386/356
f 1564/496/453 820/512/467 834/1193/1119
f 1566/1780/1742 834/1193/1119 828/1195/1121
f 1567/1781/1746 828/1195/2124 827/1186/1115
f 827/1784/1115 819/393/362 1565/384/354
f 801/1164/1095 1569/513/468 1571/1785/1747
f 809/1167/1093 1571/1788/1747 1572/1786/1748
f 810/1165/1096 1572/1786/1748 1573/1787/1749
f 815/1172/1101 1573/1787/1749 1570/390/359
f 1569/513/468 791/538/491 794/1770/1732
f 1571/1788/1747 794/1771/1732 793/1773/1734
f 1572/1786/1748 793/1773/1735 792/1775/1737
f 1573/1787/1749 792/1775/1737 790/383/353
f 1574/413/380 1576/1793/1750 762/1789/1687
f 1576/1790/1750 1577/1791/1755 763/1727/1751
f 1577/1791/1752 1578/1796/1757 764/1792/1753
f 764/1792/1753 1578/1796/1757 1575/506/461
f 842/472/433 844/1812/1754 1576/1793/1750
f 844/1794/1754 845/1795/1773 1577/1791/1755
f 845/1795/1756 846/1815/1775 1578/1796/1757
f 1578/1796/1757 846/1815/1775 843/402/370
f 1579/345/319 1581/1798/1759 841/1797/1758
f 1581/1798/1759 1582/1800/1764 840/1799/1760
f 1582/1800/1761 1583/1803/1765 839/1801/1762
f 839/1802/1762 1583/1804/1765 1580/398/366
f 751/347/321 754/1729/1691 1581/1798/1759
f 754/1729/1691 753/1731/1693 1582/1800/1764
f 753/1731/1696 752/1733/1695 1583/1803/1765
f 1583/1804/1765 752/1734/1695 750/360/331
f 854/1212/1139 1584/487/445 1586/1805/1766
f 864/1210/1137 1586/1805/1766 1587/1806/1767
f 865/1201/1127 1587/1806/1767 1588/1807/1768
f 856/1197/1123 1588/1807/1768 1585/519/426
f 1584/487/445 847/489/447 849/1808/1769
f 1586/1805/1766 849/1808/1769 850/1809/1770
f 1587/1806/1767 850/1809/1770 851/1810/1771
f 1588/1811/1768 851/1820/1771 848/408/376
f 1589/488/446 1591/1817/1772 844/1812/1754
f 1591/1813/1772 1592/1814/1777 845/1795/1773
f 1592/1814/1774 1593/1816/1776 846/1815/1775
f 1593/1816/1776 1590/410/378 843/402/370
f 854/1212/1139 866/1211/1138 1591/1817/1772
f 866/1216/1138 861/1215/1141 1592/1814/1777
f 861/1215/1778 860/1206/1132 1593/1816/1776
f 860/1206/1132 853/1203/1129 1590/410/378
f 1594/490/448 1596/1818/1779 849/1808/1769
f 1596/1818/1779 1597/1819/1781 850/1809/1770
f 1597/1819/1780 1598/1821/1782 851/1810/1771
f 851/1820/1771 1598/1822/1782 1595/406/374
f 838/522/476 841/1797/1758 1596/1818/1779
f 841/1797/1758 840/1799/1760 1597/1819/1781
f 840/1799/1763 839/1801/1762 1598/1821/1782
f 839/1802/1762 837/400/368 1595/406/374
f 1599/486/444 1601/1824/1784 893/1823/1783
f 1601/1824/1784 1602/1826/1786 892/1825/1785
f 1602/1826/1786 1603/1828/1788 891/1827/1787
f 1603/1828/1788 1600/535/488 889/536/489
f 874/435/400 876/1829/1789 1601/1824/1784
f 876/1829/1789 877/1830/1790 1602/1826/1786
f 877/1830/1790 878/1831/1791 1603/1828/1788
f 878/1831/1791 875/534/487 1600/535/488
f 895/429/394 1604/428/393 1606/1832/1792
f 898/1833/1793 1606/1832/1792 1607/1834/1794
f 896/1837/1797 1608/1836/1796 1605/467/429
f 1604/428/393 879/432/397 881/1838/1798
f 1607/1834/1794 882/1839/1799 883/1840/1800
f 1608/1836/1796 883/1840/1800 880/468/430
f 870/425/390 1609/416/382 1611/1841/1801
f 873/1842/1802 1611/1841/1801 1612/1843/1803
f 872/1844/1804 1612/1843/1803 1613/1845/1805
f 871/1846/1806 1613/1845/1805 1610/484/443
f 1609/416/382 890/415/381 893/1823/1783
f 1611/1841/1801 893/1823/1783 892/1825/1785
f 1612/1843/1803 892/1825/1785 891/1827/1787
f 1613/1845/1805 891/1827/1787 889/536/489
f 1614/430/395 1616/1848/1808 888/1847/1807
f 1616/1848/1808 1617/1850/1810 887/1849/1809
f 1618/1852/1812 1615/505/460 884/527/480
f 895/429/394 898/1833/1793 1616/1848/1808
f 898/1833/1793 897/1835/1795 1617/1850/1810
f 897/1835/1795 896/1837/1797 1618/1852/1812
f 896/1837/1797 894/470/432 1615/505/460
f 1619/421/386 1621/1854/1814 903/1853/1813
f 1622/1856/1816 1623/1858/1818 901/1857/1817
f 1623/1858/1818 1620/438/403 899/422/387
f 885/469/431 888/1847/1807 1621/1854/1814
f 888/1847/1807 887/1849/1809 1622/1856/1816
f 887/1849/1809 886/1851/1811 1623/1858/1818
f 886/1851/1811 884/527/480 1620/438/403
f 1624/436/401 1626/1859/1819 876/1829/1789
f 1626/1859/1819 1627/1860/1820 877/1830/1790
f 1627/1860/1820 1628/1861/1821 878/1831/1791
f 1628/1861/1821 1625/418/384 875/534/487
f 904/441/406 906/1862/1822 1626/1859/1819
f 906/1862/1822 907/1863/1823 1627/1860/1820
f 907/1863/1823 908/1864/1824 1628/1861/1821
f 908/1864/1824 905/482/441 1625/418/384
f 1629/442/407 1631/1865/1825 906/1862/1822
f 1631/1865/1825 1632/1866/1826 907/1863/1823
f 1633/1867/1827 1630/528/481 905/482/441
f 914/446/411 916/1868/1828 1631/1865/1825
f 916/1868/1828 917/1869/1829 1632/1866/1826
f 917/1869/1829 918/1870/1830 1633/1867/1827
f 918/1870/1830 915/525/478 1630/528/481
f 1636/1872/1832 1637/1874/1834 912/1873/1833
f 1638/1876/1836 1635/424/389 909/445/410
f 900/499/455 903/1853/1813 1636/1872/1832
f 903/1853/1813 902/1855/1815 1637/1874/1834
f 902/1855/1815 901/1857/1817 1638/1876/1836
f 1639/481/440 1641/1880/1839 940/1877/1162
f 940/1238/1162 1641/1881/1839 1642/1878/1837
f 948/1247/1170 1643/1879/1838 1640/516/471
f 1639/481/440 919/1218/1143 923/1220/1145
f 1641/1881/1839 923/2167/1145 933/1234/1149
f 1642/1878/1837 933/1234/1149 932/1232/1157
f 1643/1879/1838 932/1232/1157 921/517/472
f 1644/448/413 1646/1882/1840 916/1868/1828
f 1646/1882/1840 1647/1883/1841 917/1869/1829
f 1647/1883/1841 1648/1884/1842 918/1870/1830
f 1648/1884/1842 1645/500/456 915/525/478
f 939/1253/1176 953/1252/1175 1646/1882/1840
f 953/1252/1175 947/1255/1178 1647/1883/1841
f 947/1255/1178 946/1248/1171 1648/1884/1842
f 1649/443/408 1651/1885/1843 927/1228/1153
f 1651/1885/1843 1652/1886/1844 928/1236/1160
f 1652/1886/1844 1653/1887/1845 934/1233/1158
f 1653/1887/1845 1650/515/470 921/517/472
f 910/532/485 913/1871/1831 1651/1885/1843
f 913/1871/1831 912/1873/1833 1652/1886/1844
f 912/1873/1833 911/1875/1835 1653/1887/1845
f 911/1875/1835 909/445/410 1650/515/470
f 879/432/397 1654/453/416 1656/1888/1846
f 882/1839/1799 1657/1889/1847 1658/1890/1848
f 1654/453/416 961/454/417 963/1891/1849
f 1656/1888/1846 963/1891/1849 964/1892/1850
f 1657/1889/1847 964/1892/1850 965/1893/1851
f 957/455/418 1659/426/391 1661/1894/1852
f 960/1895/1853 1661/1894/1852 1662/1896/1854
f 958/1899/1857 1663/1898/1856 1660/459/421
f 1659/426/391 870/425/390 873/1842/1802
f 1661/1894/1852 873/1842/1802 872/1844/1804
f 1662/1896/1854 872/1844/1804 871/1846/1806
f 1663/1898/1856 871/1846/1806 869/450/415
f 1664/466/428 1666/1900/1858 974/1258/1181
f 1666/1900/1858 1667/1901/1859 975/1267/1191
f 1667/1901/1859 1668/1902/1860 981/1263/1187
f 1668/1902/1860 1665/494/452 972/1264/1188
f 966/462/424 968/1903/1861 1666/1900/1858
f 969/1904/1862 970/1905/1863 1668/1902/1860
f 970/1905/1863 967/491/449 1665/494/452
f 961/454/417 1669/460/422 1671/1906/1864
f 964/1892/1850 1672/1907/1865 1673/1908/1866
f 965/1893/1851 1673/1908/1866 1670/493/451
f 1669/460/422 973/461/423 985/1270/1195
f 1671/1906/1864 985/1270/1195 980/1265/1189
f 1672/1907/1865 980/1265/1189 979/1262/1186
f 1673/1908/1866 979/1262/1186 972/1264/1188
f 966/462/424 1674/456/419 1676/1909/1867
f 968/1903/1861 1676/1909/1867 1677/1910/1868
f 969/1904/1862 1677/1910/1868 1678/1911/1869
f 970/1905/1863 1678/1911/1869 1675/492/450
f 1674/456/419 957/455/418 960/1895/1853
f 1676/1909/1867 960/1895/1853 959/1897/1855
f 1677/1910/1868 959/1897/1855 958/1899/1857
f 1678/1911/1869 958/1899/1857 956/458/420
f 973/461/423 1679/411/379 1681/1912/1870
f 984/1914/1871 1681/1916/1874 1680/520/474
f 1679/411/379 853/1203/1129 855/1205/1873
f 1681/1916/1874 855/2164/2134 852/521/475
f 1682/392/361 1684/1919/1878 814/1917/1102
f 1684/1918/1875 1685/1921/1880 805/1156/1876
f 805/1156/1086 1685/1921/1881 1683/480/439
f 920/449/414 929/1227/1152 1684/1919/1878
f 929/1920/1879 922/1221/2135 1685/1921/1880
f 1685/1921/1881 922/1221/2136 919/1218/1143
f 939/1253/1176 1686/447/412 1688/1922/1882
f 951/1251/1174 1688/1922/1882 1689/1923/1883
f 952/1244/1167 1689/1923/1883 1690/1924/1884
f 942/1925/1163 1690/1927/1884 1687/529/482
f 1686/447/412 819/393/362 829/1185/1114
f 1688/1922/1882 829/1185/1114 822/1190/1108
f 1689/1923/1883 822/1190/1108 821/1926/1106
f 1690/1927/1884 821/1177/1106 818/530/483
f 1009/560/510 1691/559/509 1693/1928/1885
f 1012/1929/1886 1693/1928/1885 1694/1930/1887
f 1011/1932/1889 1694/1937/1894 1695/1933/1890
f 1695/1933/1890 1692/674/609 1008/714/643
f 1691/559/509 993/550/500 995/1935/1892
f 1693/1928/1885 995/1935/1892 996/1936/1893
f 1694/1937/1894 996/1975/1932 997/1938/1895
f 997/1938/1895 994/570/519 1692/674/609
f 1696/596/543 1698/1945/1897 1017/1939/1896
f 1698/1940/1897 1699/1943/1903 1016/1941/1898
f 1699/1943/1899 1700/1948/1905 1015/1944/1900
f 1015/1944/1900 1700/1948/1905 1697/654/592
f 998/723/652 1000/2015/1902 1698/1945/1897
f 1000/1946/1902 1001/1947/1971 1699/1943/1903
f 1001/1947/1904 1002/2018/1973 1700/1948/1905
f 1700/1948/1905 1002/2018/1973 999/553/503
f 1701/664/601 1703/1950/1907 992/1949/1906
f 1703/1950/1907 1704/1955/1912 991/1951/1908
f 1704/1952/1909 1705/1956/1913 990/1953/1910
f 990/1953/1910 1705/1956/1913 1702/539/492
f 1009/560/510 1012/1929/1886 1703/1950/1907
f 1012/1929/1886 1011/1931/1888 1704/1955/1912
f 1011/1932/1889 1010/1934/1891 1705/1956/1913
f 1705/1956/1913 1010/1934/1891 1008/714/643
f 1004/693/625 1706/561/511 1708/1957/1914
f 1007/1959/1915 1708/1964/1914 1709/1960/1916
f 1006/1961/1918 1709/1960/1921 1710/1962/1919
f 1710/1962/1919 1707/558/508 1003/545/496
f 1706/561/511 1014/543/495 1017/1939/1896
f 1708/1964/1914 1017/1942/1896 1016/1941/1898
f 1709/1960/1921 1016/1941/1901 1015/1944/1900
f 1015/1944/1900 1013/556/506 1707/558/508
f 1019/694/626 1711/688/621 1713/1965/1922
f 1022/1967/1923 1713/1972/1922 1714/1968/1924
f 1021/1969/1926 1714/1968/1929 1715/1970/1927
f 1715/1970/1927 1712/547/498 1018/564/513
f 1711/688/621 1004/693/625 1007/1958/1915
f 1713/1972/1922 1007/1959/1915 1006/1961/1917
f 1714/1968/1929 1006/1961/1918 1005/1963/1920
f 1005/1963/1920 1003/545/496 1712/547/498
f 993/550/500 1716/549/499 1718/1973/1930
f 995/1935/1892 1718/1973/1930 1719/1974/1931
f 996/1975/1932 1719/1979/1936 1720/1976/1933
f 1720/1976/1933 1717/568/517 994/570/519
f 1716/549/499 1023/579/527 1025/1977/1934
f 1718/1973/1930 1025/1977/1934 1026/1978/1935
f 1719/1979/1936 1026/1983/1940 1027/1980/1937
f 1027/1980/1937 1024/567/516 1717/568/517
f 1023/579/527 1721/588/535 1723/1981/1938
f 1025/1977/1934 1723/1981/1938 1724/1982/1939
f 1026/1983/1940 1724/1987/1944 1725/1984/1941
f 1725/1984/1941 1722/565/514 1024/567/516
f 1721/588/535 1033/587/534 1035/1985/1942
f 1723/1981/1938 1035/1985/1942 1036/1986/1943
f 1724/1987/1944 1036/2008/1962 1037/1988/1945
f 1037/1988/1945 1034/577/526 1722/565/514
f 1029/724/653 1726/717/646 1728/1989/1946
f 1032/1991/1947 1728/1996/1946 1729/1992/1948
f 1031/1993/1950 1729/1992/1953 1730/1994/1951
f 1730/1994/1951 1727/572/521 1028/574/523
f 1726/717/646 1019/694/626 1022/1966/1923
f 1728/1996/1946 1022/1967/1923 1021/1969/1925
f 1729/1992/1953 1021/1969/1926 1020/1971/1928
f 1020/1971/1928 1018/564/513 1727/572/521
f 1731/702/633 1733/1998/1955 1060/1997/1954
f 1733/1998/1955 1734/2000/1957 1059/1999/1956
f 1734/2000/1957 1735/2004/1959 1058/2001/1958
f 1735/2002/1959 1732/668/603 1056/584/532
f 1039/1282/1209 1049/1281/1208 1733/1998/1955
f 1049/1281/1208 1042/1287/1212 1734/2000/1957
f 1042/1287/1212 1041/1275/1202 1735/2004/1959
f 1041/2005/1202 1038/2150/1199 1732/668/603
f 1033/587/534 1736/687/620 1738/2006/1960
f 1035/1985/1942 1738/2006/1964 1739/2007/1961
f 1036/2008/1962 1739/2010/1965 1740/2009/1963
f 1037/1988/1945 1740/2009/1963 1737/575/524
f 1736/687/620 1057/700/631 1060/1997/1954
f 1738/2006/1964 1060/1997/1954 1059/1999/1956
f 1739/2010/1965 1059/2168/1956 1058/2003/1958
f 1058/2003/1958 1056/584/532 1737/575/524
f 1039/1282/1209 1741/701/632 1743/2011/1966
f 1047/1285/1207 1743/2014/1966 1744/2012/1967
f 1048/1283/1219 1744/2012/1969 1745/2013/1968
f 1053/1290/1215 1745/2013/1968 1742/581/529
f 1741/701/632 1029/724/653 1032/1990/1947
f 1743/2014/1966 1032/1991/1947 1031/1993/1949
f 1744/2012/1969 1031/1993/1950 1030/1995/1952
f 1745/2013/1968 1030/1995/1952 1028/574/523
f 1746/604/550 1748/2019/1970 1000/2015/1902
f 1748/2016/1970 1749/2017/1975 1001/1947/1971
f 1749/2017/1972 1750/2022/1977 1002/2018/1973
f 1002/2018/1973 1750/2022/1977 1747/697/628
f 1066/663/600 1068/2038/1974 1748/2019/1970
f 1068/2020/1974 1069/2021/1993 1749/2017/1975
f 1069/2021/1976 1070/2041/1995 1750/2022/1977
f 1750/2022/1977 1070/2041/1995 1067/593/540
f 1751/507/462 1753/2024/1979 1065/2023/1978
f 1753/2024/1979 1754/2029/1984 1064/2025/1980
f 1754/2026/1981 1755/2030/1985 1063/2027/1982
f 1063/2027/1982 1755/2030/1985 1752/589/536
f 989/509/464 992/1949/1906 1753/2024/1979
f 992/1949/1906 991/1951/1908 1754/2029/1984
f 991/1954/1911 990/1953/1910 1755/2030/1985
f 1755/2030/1985 990/1953/1910 988/551/501
f 1078/1311/1237 1756/678/612 1758/2031/1986
f 1089/1309/1235 1758/2031/1986 1759/2032/1987
f 1090/1300/1226 1759/2032/1987 1760/2033/1988
f 1080/1296/1222 1760/2033/1988 1757/707/593
f 1756/678/612 1071/680/614 1073/2034/1989
f 1758/2031/1986 1073/2034/1989 1074/2035/1990
f 1759/2032/1987 1074/2035/1990 1075/2036/1991
f 1760/2037/1988 1075/2046/1991 1072/599/546
f 1761/679/613 1763/2043/1992 1068/2038/1974
f 1763/2039/1992 1764/2040/1997 1069/2021/1993
f 1764/2040/1994 1765/2042/1996 1070/2041/1995
f 1765/2042/1996 1762/601/548 1067/593/540
f 1078/1311/1237 1091/1310/1236 1763/2043/1992
f 1091/1315/1236 1085/1314/1239 1764/2040/1997
f 1085/1314/1998 1084/1305/1231 1765/2042/1996
f 1084/1305/1231 1077/1302/1228 1762/601/548
f 1766/681/615 1768/2044/1999 1073/2034/1989
f 1768/2044/1999 1769/2048/2001 1074/2035/1990
f 1769/2045/2000 1770/2049/2002 1075/2046/1991
f 1075/2046/1991 1770/2049/2002 1767/597/544
f 1062/710/640 1065/2023/1978 1768/2044/1999
f 1065/2023/1978 1064/2025/1980 1769/2048/2001
f 1064/2028/1983 1063/2027/1982 1770/2049/2002
f 1063/2027/1982 1061/591/538 1767/597/544
f 1771/677/611 1773/2051/2004 1118/2050/2003
f 1773/2051/2004 1774/2053/2006 1117/2052/2005
f 1774/2053/2006 1775/2055/2008 1116/2054/2007
f 1775/2055/2008 1772/721/650 1114/722/651
f 1099/626/569 1101/2056/2009 1773/2051/2004
f 1101/2056/2009 1102/2057/2010 1774/2053/2006
f 1102/2057/2010 1103/2058/2011 1775/2055/2008
f 1103/2058/2011 1100/720/649 1772/721/650
f 1120/620/563 1776/619/562 1778/2059/2012
f 1123/2060/2013 1778/2059/2012 1779/2061/2014
f 1122/2062/2015 1779/2061/2014 1780/2063/2016
f 1121/2064/2017 1780/2063/2016 1777/658/596
f 1776/619/562 1104/623/566 1106/2065/2018
f 1778/2059/2012 1106/2065/2018 1107/2066/2019
f 1779/2061/2014 1107/2066/2019 1108/2067/2020
f 1780/2063/2016 1108/2067/2020 1105/659/597
f 1095/616/559 1781/607/552 1783/2068/2021
f 1098/2069/2022 1783/2068/2021 1784/2070/2023
f 1097/2071/2024 1784/2070/2023 1785/2072/2025
f 1096/2073/2026 1785/2072/2025 1782/675/610
f 1781/607/552 1115/606/551 1118/2050/2003
f 1783/2068/2021 1118/2050/2003 1117/2052/2005
f 1784/2070/2023 1117/2052/2005 1116/2054/2007
f 1785/2072/2025 1116/2054/2007 1114/722/651
f 1786/621/564 1788/2075/2028 1113/2074/2027
f 1788/2075/2028 1789/2077/2030 1112/2076/2029
f 1789/2077/2030 1790/2079/2032 1111/2078/2031
f 1790/2079/2032 1787/696/627 1109/715/644
f 1120/620/563 1123/2060/2013 1788/2075/2028
f 1123/2060/2013 1122/2062/2015 1789/2077/2030
f 1122/2062/2015 1121/2064/2017 1790/2079/2032
f 1121/2064/2017 1119/661/599 1787/696/627
f 1791/612/556 1793/2081/2034 1128/2080/2033
f 1793/2081/2034 1794/2083/2036 1127/2082/2035
f 1794/2083/2036 1795/2085/2038 1126/2084/2037
f 1795/2085/2038 1792/629/572 1124/613/557
f 1110/660/598 1113/2074/2027 1793/2081/2034
f 1113/2074/2027 1112/2076/2029 1794/2083/2036
f 1112/2076/2029 1111/2078/2031 1795/2085/2038
f 1111/2078/2031 1109/715/644 1792/629/572
f 1796/627/570 1798/2086/2039 1101/2056/2009
f 1798/2086/2039 1799/2087/2040 1102/2057/2010
f 1799/2087/2040 1800/2088/2041 1103/2058/2011
f 1800/2088/2041 1797/609/554 1100/720/649
f 1129/632/574 1131/2089/2042 1798/2086/2039
f 1131/2089/2042 1132/2090/2043 1799/2087/2040
f 1132/2090/2043 1133/2091/2044 1800/2088/2041
f 1133/2091/2044 1130/673/608 1797/609/554
f 1801/633/575 1803/2092/2045 1131/2089/2042
f 1803/2092/2045 1804/2093/2046 1132/2090/2043
f 1804/2093/2046 1805/2094/2047 1133/2091/2044
f 1805/2094/2047 1802/716/645 1130/673/608
f 1139/637/578 1141/2095/2048 1803/2092/2045
f 1141/2095/2048 1142/2096/2049 1804/2093/2046
f 1142/2096/2049 1143/2097/2050 1805/2094/2047
f 1143/2097/2050 1140/713/642 1802/716/645
f 1806/628/571 1808/2099/2052 1138/2098/2051
f 1808/2099/2052 1809/2101/2054 1137/2100/2053
f 1809/2101/2054 1810/2103/2056 1136/2102/2055
f 1810/2103/2056 1807/615/558 1134/636/577
f 1125/690/622 1128/2080/2033 1808/2099/2052
f 1128/2080/2033 1127/2082/2035 1809/2101/2054
f 1127/2082/2035 1126/2084/2037 1810/2103/2056
f 1126/2084/2037 1124/613/557 1807/615/558
f 1162/719/648 1811/672/607 1813/2104/2057
f 1165/2105/2058 1813/2104/2057 1814/2106/2059
f 1164/2107/2060 1814/2106/2059 1815/2108/2061
f 1163/2109/2062 1815/2108/2061 1812/704/635
f 1811/672/607 1144/671/606 1147/1318/1242
f 1813/2104/2057 1147/1318/1242 1157/1323/1246
f 1814/2106/2059 1157/1323/1246 1156/1330/1254
f 1815/2108/2061 1156/1330/1254 1146/705/636
f 1816/639/580 1818/2110/2063 1141/2095/2048
f 1818/2110/2063 1819/2111/2064 1142/2096/2049
f 1819/2111/2064 1820/2112/2065 1143/2097/2050
f 1820/2112/2065 1817/691/623 1140/713/642
f 1162/719/648 1165/2105/2058 1818/2110/2063
f 1165/2105/2058 1164/2107/2060 1819/2111/2064
f 1164/2107/2060 1163/2109/2062 1820/2112/2065
f 1163/2109/2062 1161/706/637 1817/691/623
f 1821/634/576 1823/2113/2066 1151/1327/1250
f 1823/2113/2066 1824/2114/2067 1152/1333/1257
f 1824/2114/2067 1825/2115/2068 1158/1331/1255
f 1825/2115/2068 1822/703/634 1146/705/636
f 1135/718/647 1138/2098/2051 1823/2113/2066
f 1138/2098/2051 1137/2100/2053 1824/2114/2067
f 1137/2100/2053 1136/2102/2055 1825/2115/2068
f 1136/2102/2055 1134/636/577 1822/703/634
f 1104/623/566 1826/644/583 1828/2116/2069
f 1106/2065/2018 1828/2116/2069 1829/2117/2070
f 1107/2066/2019 1829/2117/2070 1830/2118/2071
f 1108/2067/2020 1830/2118/2071 1827/698/629
f 1826/644/583 1171/645/584 1173/2119/2072
f 1828/2116/2069 1173/2119/2072 1174/2120/2073
f 1829/2117/2070 1174/2120/2073 1175/2121/2074
f 1830/2118/2071 1175/2121/2074 1172/665/602
f 1167/646/585 1831/617/560 1833/2122/2075
f 1170/2123/2076 1833/2122/2075 1834/2124/2077
f 1169/2125/2078 1834/2124/2077 1835/2126/2079
f 1168/2127/2080 1835/2126/2079 1832/650/588
f 1831/617/560 1095/616/559 1098/2069/2022
f 1833/2122/2075 1098/2069/2022 1097/2071/2024
f 1834/2124/2077 1097/2071/2024 1096/2073/2026
f 1835/2126/2079 1096/2073/2026 1094/641/582
f 1836/657/595 1838/2128/2081 1184/1337/1261
f 1838/2128/2081 1839/2129/2082 1185/1346/1270
f 1839/2129/2082 1840/2130/2083 1192/1342/1266
f 1840/2130/2083 1837/685/619 1182/1343/1267
f 1176/653/591 1178/2131/2084 1838/2128/2081
f 1178/2131/2084 1179/2132/2085 1839/2129/2082
f 1179/2132/2085 1180/2133/2086 1840/2130/2083
f 1180/2133/2086 1177/682/616 1837/685/619
f 1171/645/584 1841/651/589 1843/2134/2087
f 1173/2119/2072 1843/2134/2087 1844/2135/2088
f 1174/2120/2073 1844/2135/2088 1845/2136/2089
f 1175/2121/2074 1845/2136/2089 1842/684/618
f 1841/651/589 1183/652/590 1195/1349/1274
f 1843/2134/2087 1195/1349/1274 1191/1344/1268
f 1844/2135/2088 1191/1344/1268 1190/1341/1265
f 1845/2136/2089 1190/1341/1265 1182/1343/1267
f 1176/653/591 1846/647/586 1848/2137/2090
f 1178/2131/2084 1848/2137/2090 1849/2138/2091
f 1179/2132/2085 1849/2138/2091 1850/2139/2092
f 1180/2133/2086 1850/2139/2092 1847/683/617
f 1846/647/586 1167/646/585 1170/2123/2076
f 1848/2137/2090 1170/2123/2076 1169/2125/2078
f 1849/2138/2091 1169/2125/2078 1168/2127/2080
f 1850/2139/2092 1168/2127/2080 1166/649/587
f 1183/652/590 1851/602/549 1853/2140/2093
f 1186/2142/1260 1853/2145/2096 1852/708/638
f 1851/602/549 1077/1302/1228 1086/1304/2094
f 1853/2145/2096 1079/1297/1223 1076/709/639
f 1040/583/531 1854/582/530 1856/2146/2097
f 1856/2149/2101 1855/669/604 1038/2150/1199
f 1854/582/530 1145/640/581 1153/1326/1249
f 1153/2152/2103 1144/671/2137 1855/669/604
