# Blender 5.2.2 LTS
# www.blender.org
mtllib Holocron_Esquina_4.mtl
o Holocron.005
v -50.941521 10.464178 -3.141747
v -52.095036 10.442769 -1.915149
v -51.384621 10.457630 -2.766693
v -51.775528 10.450291 -2.346066
v -52.380138 10.433880 -1.406546
v -50.382977 10.470354 -3.495443
v -50.937832 10.575785 -3.135771
v -52.091347 10.554375 -1.909173
v -51.380932 10.569237 -2.760717
v -51.771843 10.561896 -2.340090
v -52.376453 10.545484 -1.400570
v -50.379288 10.581957 -3.489467
v -50.169590 10.523941 -3.365653
v -50.797195 10.517265 -2.983191
v -51.240524 10.510723 -2.608387
v -51.082157 10.522696 -3.294327
v -50.592670 10.528368 -3.619257
v -52.496017 10.493320 -1.611385
v -52.235737 10.501287 -2.067801
v -51.525028 10.516146 -2.919023
v -50.030354 10.533678 -3.923446
v -51.950642 10.495853 -1.756520
v -52.260574 10.486040 -1.195730
v -51.631210 10.503377 -2.187518
v -52.722359 10.484573 -1.110214
v -51.916161 10.508808 -2.498637
v -52.931152 10.561632 0.218727
v -52.927376 10.625057 -4.170741
v -48.520302 10.632240 -4.164726
v -52.928116 10.388933 -4.416990
v -52.926605 5.990066 -4.493770
v -48.512371 10.396128 -4.410959
v -53.166885 10.385319 -4.178098
v -53.173038 10.314201 0.234474
v -53.167526 5.986753 -4.254876
v -53.027843 9.352993 -2.129286
v -53.039108 8.170151 -3.327766
v -53.032131 8.994694 -2.586068
v -53.035950 8.588897 -2.992402
v -53.041965 7.672472 -3.631657
v -53.022491 9.685633 -1.557944
v -53.139500 9.348839 -2.124710
v -53.150764 8.165996 -3.323190
v -53.143787 8.990540 -2.581492
v -53.147606 8.584744 -2.987826
v -53.153622 7.668321 -3.627081
v -53.134148 9.681479 -1.553368
v -53.076405 9.548922 -1.349009
v -53.082413 9.190110 -1.990433
v -53.086700 8.832070 -2.447435
v -53.084938 9.511722 -2.263562
v -53.080238 9.818190 -1.762302
v -53.098816 7.882509 -3.739239
v -53.096199 8.328952 -3.462105
v -53.089218 9.153162 -2.720125
v -53.074871 10.101210 -1.189037
v -53.093674 8.007192 -3.188851
v -53.096771 7.458283 -3.519500
v -53.090515 8.426025 -2.853556
v -53.101135 7.390062 -3.984138
v -53.093040 8.747616 -3.126670
v -51.943707 8.298878 -4.352830
v -50.751637 9.487513 -4.311397
v -51.581398 8.752464 -4.346540
v -51.172501 9.155432 -4.332001
v -50.238689 9.787800 -4.285049
v -52.281971 7.730834 -4.348842
v -51.928215 8.287762 -4.463019
v -50.736145 9.476398 -4.421585
v -51.565910 8.741348 -4.456728
v -51.157013 9.144316 -4.442189
v -50.223198 9.776682 -4.395237
v -52.266479 7.719719 -4.459031
v -52.142979 7.518291 -4.376315
v -51.777775 8.156097 -4.382297
v -51.415722 8.609905 -4.376045
v -52.094147 8.430540 -4.433556
v -52.405472 7.932263 -4.431555
v -50.454491 9.893059 -4.364794
v -50.902153 9.619242 -4.392132
v -51.731586 8.883907 -4.427220
v -52.694405 7.362007 -4.422341
v -50.585632 9.344669 -4.340849
v -50.007397 9.671423 -4.315491
v -51.006580 9.012657 -4.361467
v -49.961491 10.134436 -4.330581
v -51.322933 9.287086 -4.412724
v -51.588196 10.454018 -2.559551
v -51.168209 10.461029 -2.961250
v -51.944000 10.446551 -2.131838
v -52.234268 10.438763 -1.685741
v -52.548317 10.427610 -1.048882
v -50.696426 10.467157 -3.312403
v -49.961552 10.474096 -3.709882
v -51.584511 10.565622 -2.553575
v -51.164520 10.572634 -2.955274
v -51.940311 10.558157 -2.125863
v -52.230583 10.550368 -1.679765
v -52.544628 10.539213 -1.042906
v -50.692738 10.578762 -3.306427
v -49.957867 10.585699 -3.703906
v -50.543411 10.520306 -3.157381
v -51.024025 10.514118 -2.802849
v -50.845753 10.525614 -3.461449
v -52.371872 10.497396 -1.844916
v -51.308704 10.519543 -3.113674
v -49.473900 10.533981 -3.940891
v -52.092979 10.491734 -1.520589
v -51.444019 10.507107 -2.401155
v -49.601582 10.528755 -3.641398
v -52.728779 10.476316 -0.641450
v -50.317837 10.531040 -3.772391
v -52.611431 10.489014 -1.364620
v -51.799618 10.499637 -1.973220
v -52.481510 10.477810 -0.727168
v -51.728687 10.512531 -2.711970
v -52.084694 10.505070 -2.284480
v -53.122299 10.109566 -2.099210
v -50.844257 8.313787 -4.401121
v -50.853165 10.576363 -3.925152
v -51.454296 8.898051 -2.729032
v -52.929264 10.593344 -1.976006
v -50.723839 10.628649 -4.167732
v -50.725727 10.596937 -1.972999
v -52.927361 8.189501 -4.455379
v -50.720245 10.392530 -4.413975
v -50.719490 8.193096 -4.452363
v -53.169960 10.349760 -1.971812
v -53.167206 8.186037 -4.216486
v -53.170280 8.150477 -2.010200
v -53.073792 8.895652 -2.735051
v -51.465027 10.506313 -2.704654
v -51.459553 8.924408 -4.343974
v -50.853558 10.548113 -2.097936
v -52.687950 8.310900 -4.404993
v -53.119785 8.304793 -3.974883
v -52.688583 10.545233 -2.101794
v -50.846149 10.151039 -4.369053
v -53.122562 8.272614 -2.131275
v -53.034115 8.795267 -2.797233
v -53.030033 9.181063 -2.362551
v -53.037613 8.381080 -3.168749
v -53.040501 7.946068 -3.475467
v -53.043655 7.321287 -3.813071
v -53.025490 9.514402 -1.878000
v -53.018478 9.884214 -1.128823
v -53.145771 8.791115 -2.792657
v -53.141689 9.176908 -2.357974
v -53.149265 8.376925 -3.164173
v -53.152153 7.941914 -3.470892
v -53.155312 7.317132 -3.808493
v -53.137146 9.510247 -1.873424
v -53.130131 9.880060 -1.124247
v -53.079971 9.354727 -1.730332
v -53.084599 9.018338 -2.223835
v -53.082661 9.669923 -2.021092
v -53.097561 8.111275 -3.606462
v -53.087120 9.339628 -2.496691
v -53.069679 10.097858 -0.632345
v -53.095097 7.776707 -3.339896
v -53.088684 8.632553 -2.658521
v -53.070995 9.803298 -0.771119
v -53.101318 6.921793 -4.008064
v -53.077614 9.960977 -1.481951
v -53.099995 7.640188 -3.863786
v -53.092175 8.218133 -3.029842
v -53.098976 6.998230 -3.757777
v -53.091202 8.953831 -2.931368
v -53.094700 8.539872 -3.303081
v -51.380302 8.961948 -4.340161
v -51.769669 8.530579 -4.350750
v -50.963505 9.330128 -4.322437
v -50.525085 9.633541 -4.298808
v -49.857307 9.966852 -4.270584
v -52.107510 8.049133 -4.352627
v -52.485046 7.303885 -4.340580
v -51.364811 8.950832 -4.450348
v -51.754181 8.519459 -4.460939
v -50.948013 9.319012 -4.432624
v -50.509594 9.622423 -4.408995
v -49.841816 9.955734 -4.380772
v -52.092018 8.038017 -4.462814
v -52.469559 7.292768 -4.450768
v -51.944881 7.897575 -4.381834
v -51.603897 8.387934 -4.380241
v -52.254642 8.189573 -4.433609
v -50.683762 9.761959 -4.379419
v -51.919952 8.662106 -4.431449
v -52.698273 6.806559 -4.384830
v -50.350922 9.494003 -4.328384
v -51.214535 8.819309 -4.369652
v -52.403477 6.943244 -4.363852
v -49.411507 10.155962 -4.310875
v -52.551125 7.653409 -4.427498
v -50.211845 10.015865 -4.348228
v -50.797512 9.187292 -4.351893
v -49.487278 9.906723 -4.303128
v -51.530579 9.093470 -4.420857
v -51.114010 9.461847 -4.403171
v -48.031487 10.632189 -4.409489
v -51.099564 10.471043 -3.314241
v -51.097908 10.467159 -3.312502
v -51.099834 10.469576 -3.314561
v -51.099613 10.468321 -3.314343
v -51.098938 10.467474 -3.313619
v -51.931896 10.453270 -2.516794
v -51.933567 10.457155 -2.518550
v -51.932930 10.453585 -2.517919
v -51.933609 10.454433 -2.518647
v -51.933834 10.455687 -2.518869
v -50.785141 10.461199 -2.971006
v -50.783253 10.465134 -2.968874
v -50.784088 10.461483 -2.969854
v -50.783363 10.462328 -2.969045
v -50.783070 10.463610 -2.968700
v -51.617271 10.451247 -2.173201
v -51.619164 10.447311 -2.175340
v -51.617088 10.449724 -2.173028
v -51.617382 10.448441 -2.173374
v -51.618114 10.447594 -2.174185
v -51.542439 10.464487 -2.938938
v -51.540783 10.460609 -2.937199
v -51.542706 10.463020 -2.939258
v -51.542484 10.461769 -2.939040
v -51.541809 10.460922 -2.938316
v -51.226582 10.458590 -2.594069
v -51.228462 10.454657 -2.596193
v -51.226398 10.457067 -2.593895
v -51.226688 10.455786 -2.594237
v -51.227417 10.454941 -2.595044
v -51.936703 10.443729 -1.742205
v -51.938625 10.439789 -1.744377
v -51.936520 10.442205 -1.742033
v -51.936821 10.440920 -1.742386
v -51.937561 10.440071 -1.743209
v -52.251438 10.445750 -2.085919
v -52.253139 10.449648 -2.087710
v -52.252487 10.446064 -2.087058
v -52.253178 10.446917 -2.087798
v -52.253407 10.448174 -2.088027
v -52.246635 10.433922 -1.181416
v -52.248100 10.429995 -1.184579
v -52.246422 10.432396 -1.181320
v -52.246624 10.431112 -1.181887
v -52.247211 10.430269 -1.183032
v -52.512177 10.437766 -1.628514
v -52.513412 10.441704 -1.631285
v -52.513050 10.438088 -1.630032
v -52.513588 10.438950 -1.631091
v -52.513718 10.440219 -1.631531
v -52.721363 10.416041 -0.162812
v -52.716320 10.412257 -0.175535
v -52.719471 10.416012 -0.162287
v -52.720695 10.414558 -0.165688
v -52.719505 10.413319 -0.169115
v -52.720444 10.414689 -0.163467
v -52.719471 10.413456 -0.165707
v -52.719318 10.413830 -0.164219
v -52.716217 10.412504 -0.172265
v -52.716782 10.413303 -0.168601
v -52.717968 10.412511 -0.172573
v -52.718033 10.412884 -0.168678
v -52.718315 10.413450 -0.165487
v -52.720863 10.416353 -0.160919
v -52.717926 10.414535 -0.165096
v -52.719143 10.414677 -0.163186
v -52.720070 10.414759 -0.162154
v -52.739746 10.432985 -1.130102
v -52.736790 10.429087 -1.131381
v -52.739922 10.431496 -1.130660
v -52.739422 10.430230 -1.131099
v -52.738323 10.429386 -1.131351
v -50.610077 10.476727 -3.639166
v -50.607342 10.472843 -3.638087
v -50.610264 10.475256 -3.639537
v -50.609810 10.474001 -3.639463
v -50.608784 10.473154 -3.638954
v -50.158691 10.467865 -3.352853
v -50.155651 10.471811 -3.351336
v -50.157200 10.468149 -3.351936
v -50.156097 10.469002 -3.351327
v -50.155556 10.470287 -3.351116
v -50.048347 10.478123 -3.940575
v -50.047749 10.482061 -3.943346
v -50.048515 10.478445 -3.942092
v -50.048462 10.479307 -3.943152
v -50.048195 10.480576 -3.943592
v -48.907909 10.482172 -3.944030
v -48.907394 10.482126 -3.942216
v -48.921261 10.478088 -3.938694
v -48.906582 10.482391 -3.943951
v -48.910931 10.480631 -3.943290
v -48.908676 10.480780 -3.943086
v -48.907341 10.480860 -3.942745
v -48.909492 10.479900 -3.941943
v -48.910343 10.480576 -3.940583
v -48.914009 10.479265 -3.939340
v -48.906303 10.482368 -3.942969
v -48.908398 10.480755 -3.941816
v -48.910809 10.479488 -3.940924
v -48.918156 10.478424 -3.940402
v -48.914532 10.479315 -3.942016
v -48.917847 10.478392 -3.938677
v -48.914124 10.478865 -3.940561
v -48.911034 10.479509 -3.942058
v -51.060513 10.578123 -3.269720
v -51.064747 10.574356 -3.274412
v -51.061737 10.577854 -3.271064
v -51.062973 10.577044 -3.272428
v -51.064030 10.575815 -3.273603
v -51.898750 10.560467 -2.478723
v -51.894501 10.564234 -2.474013
v -51.898033 10.561925 -2.477912
v -51.896973 10.563154 -2.476733
v -51.895729 10.563964 -2.475364
v -50.811134 10.569399 -2.997509
v -50.815163 10.573444 -3.001837
v -50.811768 10.570930 -2.998174
v -50.812756 10.572237 -2.999230
v -50.813950 10.573120 -3.000517
v -51.649185 10.559559 -2.206169
v -51.645153 10.555511 -2.201836
v -51.647968 10.559235 -2.204847
v -51.646778 10.558350 -2.203559
v -51.645786 10.557043 -2.202502
v -51.503384 10.571571 -2.894418
v -51.507618 10.567808 -2.899106
v -51.504612 10.571304 -2.895761
v -51.505844 10.570494 -2.897123
v -51.506901 10.569265 -2.898298
v -51.258484 10.566904 -2.627023
v -51.254467 10.562859 -2.622705
v -51.257275 10.566580 -2.625706
v -51.256084 10.565697 -2.624423
v -51.255100 10.564390 -2.623369
v -51.968651 10.552036 -1.775206
v -51.964584 10.547982 -1.770836
v -51.967422 10.551710 -1.773871
v -51.966217 10.550825 -1.772571
v -51.965221 10.549517 -1.771505
v -52.218334 10.552933 -2.047891
v -52.214043 10.556713 -2.043136
v -52.217609 10.554398 -2.047076
v -52.216541 10.555630 -2.045886
v -52.215286 10.556443 -2.044503
v -52.277992 10.542244 -1.215664
v -52.274513 10.538163 -1.210044
v -52.276989 10.541910 -1.213850
v -52.275978 10.541016 -1.212145
v -52.275108 10.539701 -1.210809
v -52.478619 10.544947 -1.591483
v -52.474915 10.548725 -1.585479
v -52.477940 10.546417 -1.590571
v -52.476994 10.547651 -1.589109
v -52.475933 10.548461 -1.587321
v -52.748905 10.520238 -0.191399
v -52.747349 10.520248 -0.190914
v -52.744831 10.524564 -0.209622
v -52.748924 10.520471 -0.190082
v -52.748802 10.521843 -0.195518
v -52.748714 10.521865 -0.193255
v -52.748470 10.521862 -0.191883
v -52.748001 10.522676 -0.194778
v -52.746368 10.521845 -0.195111
v -52.745548 10.523229 -0.200140
v -52.747578 10.521867 -0.193058
v -52.747139 10.523022 -0.196495
v -52.746597 10.524183 -0.205381
v -52.747993 10.523228 -0.200429
v -52.745007 10.524182 -0.205236
v -52.746838 10.523659 -0.200589
v -52.748177 10.523022 -0.196620
v -52.699406 10.540051 -1.088652
v -52.704971 10.536173 -1.090322
v -52.701134 10.539756 -1.088832
v -52.702797 10.538916 -1.089213
v -52.704147 10.537658 -1.089736
v -50.569672 10.583809 -3.595472
v -50.575264 10.580017 -3.599345
v -50.571419 10.583532 -3.596501
v -50.573093 10.582714 -3.597599
v -50.574444 10.581480 -3.598598
v -50.183533 10.576071 -3.379970
v -50.189007 10.580107 -3.383521
v -50.184277 10.577602 -3.380577
v -50.185577 10.578907 -3.381465
v -50.187241 10.579786 -3.382499
v -50.012955 10.585306 -3.903543
v -50.010933 10.589087 -3.897836
v -50.012402 10.586775 -3.902652
v -50.011826 10.588009 -3.901256
v -50.011311 10.588821 -3.899564
v -48.935753 10.586401 -3.972357
v -48.954456 10.590309 -3.968018
v -48.935280 10.586386 -3.970849
v -48.940018 10.587921 -3.972197
v -48.945068 10.589199 -3.971316
v -48.937702 10.587965 -3.972146
v -48.941162 10.589062 -3.971563
v -48.939274 10.588736 -3.971415
v -48.949986 10.590014 -3.968260
v -48.944771 10.589161 -3.968884
v -48.950142 10.590038 -3.969848
v -48.945229 10.589605 -3.970165
v -48.941036 10.589045 -3.970534
v -48.934177 10.586609 -3.971574
v -48.939606 10.587887 -3.969793
v -48.937504 10.587948 -3.971022
v -48.936302 10.587975 -3.971926
v -52.688259 10.616913 -3.923991
v -52.683998 10.616978 -3.928241
v -52.692772 10.621304 -3.932749
v -52.687935 10.616938 -3.925620
v -52.687012 10.616961 -3.927000
v -52.688602 10.618570 -3.925915
v -52.688282 10.618528 -3.926937
v -52.688290 10.619425 -3.928252
v -52.685921 10.618610 -3.928565
v -52.688263 10.620008 -3.929535
v -52.685627 10.616972 -3.927919
v -52.686954 10.618547 -3.928249
v -52.689583 10.619986 -3.928255
v -52.690670 10.620953 -3.931003
v -52.689644 10.620459 -3.929607
v -52.685974 6.478663 -4.480475
v -52.682957 6.477416 -4.480489
v -52.690582 6.465178 -4.484981
v -52.685741 6.477262 -4.480498
v -52.686321 6.475757 -4.482155
v -52.686512 6.473660 -4.483015
v -52.684109 6.476586 -4.480506
v -52.685638 6.474720 -4.482114
v -52.687302 6.472158 -4.483577
v -52.689568 6.467978 -4.484604
v -52.687969 6.470716 -4.484084
v -52.689053 10.568041 -0.290579
v -52.693531 10.572060 -0.277818
v -52.685982 10.568089 -0.289248
v -52.689392 10.569628 -0.287739
v -52.689579 10.570503 -0.285934
v -52.692604 10.571802 -0.280548
v -52.691013 10.571383 -0.283123
v -52.688152 10.568396 -0.288457
v -52.688515 10.569654 -0.286734
v -49.022469 10.622725 -3.920544
v -49.021236 10.622686 -3.917538
v -49.008701 10.627092 -3.925128
v -49.021069 10.622725 -3.920313
v -49.019512 10.624367 -3.920867
v -49.017391 10.625195 -3.921050
v -49.018372 10.624355 -3.919987
v -49.014984 10.625780 -3.922289
v -49.020401 10.622705 -3.918686
v -49.012062 10.626728 -3.923347
v -53.168564 10.077469 -0.259927
v -53.168568 10.074440 -0.258736
v -53.172836 10.081921 -0.246305
v -53.168568 10.077215 -0.258530
v -53.170200 10.077775 -0.257014
v -53.170200 10.076919 -0.255809
v -53.168568 10.075575 -0.257887
v -53.172512 10.080967 -0.249081
v -53.172001 10.079354 -0.251871
v -53.171402 10.078249 -0.254320
v -52.689751 10.144651 -4.416491
v -52.694294 10.153564 -4.420607
v -52.685493 10.148918 -4.416409
v -52.690094 10.146620 -4.418088
v -52.691078 10.149004 -4.419431
v -52.689426 10.146282 -4.416462
v -52.689781 10.148998 -4.418865
v -52.689754 10.150307 -4.419406
v -52.692554 10.151443 -4.420315
v -52.691139 10.150385 -4.419859
v -52.687122 10.148592 -4.416417
v -52.688507 10.147665 -4.416435
v -52.687412 10.149290 -4.418036
v -52.689201 10.148397 -4.417957
v -49.006622 10.154680 -4.408679
v -48.992973 10.159382 -4.412891
v -49.005375 10.151676 -4.408730
v -49.005222 10.154451 -4.408680
v -49.001556 10.155272 -4.411120
v -48.999191 10.156509 -4.411663
v -48.996265 10.157606 -4.412582
v -49.004547 10.152828 -4.408707
v -49.002968 10.154558 -4.410212
v -53.163025 10.141678 -3.938623
v -53.167274 10.146408 -3.947385
v -53.163021 10.137493 -3.942958
v -53.164654 10.142061 -3.940550
v -53.166031 10.143093 -3.942892
v -53.163025 10.141382 -3.940259
v -53.164597 10.141760 -3.941589
v -53.165470 10.141794 -3.942926
v -53.166954 10.144255 -3.945671
v -53.166031 10.141806 -3.944228
v -53.166485 10.143185 -3.944272
v -53.163021 10.139118 -3.942605
v -53.163025 10.140484 -3.941658
v -53.164650 10.139429 -3.943275
v -53.164593 10.140459 -3.942938
v -53.163540 6.472108 -4.006938
v -53.167797 6.458681 -4.011744
v -53.163544 6.470805 -4.003943
v -53.165173 6.469161 -4.007339
v -53.163540 6.470705 -4.006732
v -53.166370 6.466508 -4.007884
v -53.167473 6.461892 -4.009938
v -53.167004 6.464157 -4.009058
v -53.163544 6.469996 -4.005113
v -53.165173 6.468031 -4.006460
v -48.031883 10.637392 -4.404333
v -48.029358 10.633959 -4.405581
v -48.030815 10.637129 -4.403827
v -48.029961 10.636381 -4.403886
v -48.031860 10.637075 -4.406120
v -48.029930 10.636673 -4.405903
v -48.028675 10.636065 -4.405881
v -48.029434 10.632935 -4.406923
v -48.029922 10.632370 -4.408052
v -48.029449 10.635269 -4.404502
v -48.028767 10.634714 -4.406300
v -48.028656 10.634346 -4.407665
v -48.031807 10.634623 -4.408662
v -48.031834 10.636101 -4.407641
v -48.030746 10.632345 -4.408791
v -48.029896 10.634392 -4.408270
v -48.029480 10.635937 -4.407480
v -53.173241 10.546474 0.715236
v -53.169754 10.547649 0.717610
v -53.168736 10.551206 0.715197
v -53.172977 10.545956 0.716223
v -53.172218 10.545997 0.717021
v -53.172894 10.548267 0.715236
v -53.172493 10.548023 0.717112
v -53.171883 10.547975 0.718332
v -53.171329 10.549166 0.718303
v -53.168758 10.548984 0.717593
v -53.168213 10.550128 0.717129
v -53.171089 10.546591 0.717508
v -53.170532 10.548377 0.718240
v -53.170166 10.549744 0.718377
v -53.170456 10.550829 0.715215
v -53.171917 10.549797 0.715229
v -53.168205 10.550908 0.716287
v -53.170219 10.550385 0.717139
v -53.161987 10.628811 -4.408737
v -53.161942 10.624306 -4.413375
v -53.166496 10.624233 -4.408815
v -53.161976 10.628492 -4.410489
v -53.161964 10.627523 -4.411985
v -53.163712 10.628464 -4.408745
v -53.163643 10.627983 -4.410439
v -53.163593 10.627327 -4.411799
v -53.164570 10.626909 -4.411398
v -53.163681 10.624302 -4.413033
v -53.165161 10.624287 -4.412045
v -53.161953 10.626055 -4.413000
v -53.163631 10.625984 -4.412499
v -53.164970 10.625931 -4.411823
v -53.166153 10.625986 -4.408788
v -53.165176 10.627472 -4.408763
v -53.166149 10.624262 -4.410564
v -53.165649 10.625950 -4.410474
v -53.164978 10.627304 -4.410408
v -53.162628 5.514963 -4.502557
v -53.163776 5.512538 -4.499129
v -53.167255 5.514853 -4.497993
v -53.162117 5.513937 -4.502313
v -53.162151 5.513115 -4.501576
v -53.164398 5.514948 -4.502213
v -53.164173 5.513062 -4.501843
v -53.164135 5.511837 -4.501256
v -53.165314 5.511871 -4.500691
v -53.165108 5.512574 -4.498106
v -53.166237 5.513023 -4.497530
v -53.162735 5.512625 -4.500456
v -53.164524 5.511926 -4.499897
v -53.165886 5.511796 -4.499520
v -53.166904 5.514890 -4.499742
v -53.165897 5.514924 -4.501225
v -53.166992 5.513824 -4.497489
v -53.166500 5.513009 -4.499545
v -52.688911 10.466064 -0.267350
v -52.685848 10.465984 -0.266001
v -52.684639 10.461896 -0.272255
v -52.688675 10.466292 -0.265961
v -52.688583 10.464455 -0.268487
v -52.688225 10.464590 -0.266708
v -52.687698 10.464663 -0.265581
v -52.687199 10.463664 -0.266558
v -52.685032 10.464394 -0.266906
v -52.684513 10.463059 -0.268412
v -52.687019 10.466248 -0.265231
v -52.686539 10.464560 -0.265958
v -52.686195 10.463243 -0.266964
v -52.686272 10.462199 -0.271142
v -52.687656 10.463098 -0.269819
v -52.684376 10.462183 -0.270290
v -52.686169 10.462624 -0.268795
v -52.687538 10.463263 -0.267564
v -52.688118 10.529919 -3.925510
v -52.683849 10.525663 -3.925573
v -52.683857 10.529999 -3.929760
v -52.687790 10.528288 -3.925537
v -52.686867 10.526909 -3.925559
v -52.687794 10.529947 -3.927139
v -52.687401 10.528278 -3.927208
v -52.686649 10.527153 -3.927141
v -52.683849 10.526016 -3.927198
v -52.683853 10.526966 -3.928565
v -52.685482 10.525988 -3.925571
v -52.685524 10.526407 -3.927235
v -52.685440 10.527176 -3.928347
v -52.685486 10.529991 -3.929438
v -52.686871 10.529974 -3.928518
v -52.683853 10.528362 -3.929464
v -52.685524 10.528315 -3.929077
v -52.686653 10.528383 -3.928329
v -49.022327 10.535746 -3.922063
v -49.028347 10.531403 -3.917889
v -49.021088 10.535698 -3.919046
v -49.023708 10.534111 -3.921770
v -49.025333 10.532707 -3.920873
v -49.020927 10.535746 -3.921831
v -49.022015 10.534163 -3.921410
v -49.023151 10.532890 -3.920761
v -49.022106 10.533268 -3.920431
v -49.026218 10.531729 -3.917704
v -49.024090 10.532660 -3.917859
v -49.026962 10.531759 -3.919511
v -49.024563 10.532232 -3.919435
v -49.022621 10.532869 -3.919473
v -49.020256 10.535717 -3.920198
v -49.022289 10.534052 -3.918330
v -49.021339 10.534136 -3.919777
v -49.020935 10.534197 -3.920898
v -52.689930 10.143133 -4.329512
v -52.685673 10.147400 -4.329429
v -52.685677 10.143066 -4.325243
v -52.689606 10.144764 -4.329483
v -52.688683 10.146149 -4.329456
v -52.689610 10.143105 -4.327881
v -52.689220 10.144777 -4.327810
v -52.688469 10.145903 -4.327873
v -52.685677 10.147047 -4.327805
v -52.685677 10.146099 -4.326438
v -52.687305 10.147074 -4.329437
v -52.687347 10.146652 -4.327773
v -52.687263 10.145884 -4.326662
v -52.687305 10.143068 -4.325571
v -52.688686 10.143082 -4.326497
v -52.685677 10.144703 -4.325539
v -52.687347 10.144747 -4.325934
v -52.688473 10.144672 -4.326686
v -52.686153 6.477147 -4.393497
v -52.681908 6.483079 -4.389122
v -52.683136 6.475895 -4.393511
v -52.685642 6.478034 -4.391849
v -52.684658 6.479475 -4.390440
v -52.686111 6.475286 -4.393528
v -52.685547 6.476202 -4.391840
v -52.684734 6.477487 -4.390690
v -52.684620 6.476551 -4.391044
v -52.682190 6.480768 -4.389487
v -52.682522 6.478590 -4.390450
v -52.683346 6.481246 -4.389482
v -52.683678 6.478813 -4.389916
v -52.684479 6.474608 -4.393538
v -52.685524 6.474393 -4.393542
v -52.682854 6.476882 -4.391862
v -52.684219 6.475655 -4.391847
v -49.006802 10.153162 -4.321702
v -49.005554 10.150158 -4.321753
v -49.012859 10.148819 -4.317529
v -49.005402 10.152935 -4.321703
v -49.008194 10.152807 -4.320081
v -49.006496 10.152456 -4.320141
v -49.005417 10.151951 -4.320187
v -49.006596 10.151445 -4.319281
v -49.006771 10.149378 -4.320137
v -49.008583 10.148848 -4.318768
v -49.004726 10.151310 -4.321730
v -49.005821 10.150827 -4.320168
v -49.007111 10.150473 -4.318916
v -49.011471 10.150455 -4.317823
v -49.009834 10.151855 -4.318719
v -49.010723 10.148651 -4.317852
v -49.009064 10.150406 -4.318289
v -49.007645 10.151758 -4.318895
v -53.081573 10.077454 -0.259796
v -53.077305 10.073298 -0.265915
v -53.081577 10.074427 -0.258607
v -53.079941 10.077153 -0.261187
v -53.078556 10.076259 -0.262839
v -53.080002 10.076769 -0.259498
v -53.078739 10.076116 -0.260651
v -53.079124 10.075775 -0.259613
v -53.077633 10.073086 -0.263783
v -53.078560 10.073226 -0.261647
v -53.077629 10.074905 -0.264499
v -53.078106 10.074800 -0.262093
v -53.078743 10.074820 -0.260143
v -53.081577 10.076535 -0.257683
v -53.079945 10.073696 -0.259828
v -53.080002 10.075129 -0.258852
v -53.080044 10.076242 -0.258427
v -53.076035 10.141665 -3.938493
v -53.076027 10.137478 -3.942827
v -53.071774 10.137403 -3.938562
v -53.076035 10.141369 -3.940128
v -53.076031 10.140469 -3.941528
v -53.074406 10.141340 -3.938496
v -53.074360 10.140976 -3.940175
v -53.074444 10.140249 -3.941313
v -53.074398 10.137472 -3.942501
v -53.073021 10.137457 -3.941576
v -53.076031 10.139103 -3.942474
v -53.074360 10.139137 -3.942081
v -53.073235 10.139040 -3.941332
v -53.072098 10.139034 -3.938534
v -53.073021 10.140415 -3.938511
v -53.072098 10.137432 -3.940192
v -53.072487 10.139105 -3.940204
v -53.073238 10.140228 -3.940101
v -53.076550 6.472095 -4.006806
v -53.076553 6.470788 -4.003810
v -53.072296 6.478019 -4.002437
v -53.076550 6.470234 -4.006801
v -53.076550 6.469334 -4.006228
v -53.074921 6.473001 -4.006272
v -53.074963 6.470405 -4.005759
v -53.074089 6.471511 -4.005274
v -53.074924 6.471795 -4.003507
v -53.073540 6.473522 -4.003137
v -53.076550 6.469529 -4.005177
v -53.073757 6.472085 -4.004518
v -53.072617 6.476208 -4.003909
v -53.073540 6.474443 -4.005256
v -53.072617 6.475708 -4.002760
v -53.073006 6.473773 -4.004286
v -53.033096 9.531364 -2.280732
v -53.029232 9.529499 -2.279182
v -53.031628 9.531669 -2.281004
v -53.030376 9.531421 -2.280805
v -53.029533 9.530659 -2.280165
v -53.037334 8.765373 -3.142275
v -53.041203 8.767259 -3.143840
v -53.037640 8.766541 -3.143264
v -53.038479 8.767309 -3.143908
v -53.039734 8.767561 -3.144111
v -53.026463 9.176505 -1.979401
v -53.030415 9.174373 -1.977553
v -53.026752 9.175320 -1.978392
v -53.027607 9.174498 -1.977686
v -53.028893 9.174166 -1.977392
v -53.038521 8.410286 -2.840677
v -53.034565 8.412424 -2.842530
v -53.036999 8.410079 -2.840516
v -53.035713 8.410414 -2.840812
v -53.034859 8.411238 -2.841519
v -53.037376 9.172808 -2.737296
v -53.033516 9.170942 -2.735746
v -53.035908 9.173112 -2.737568
v -53.034657 9.172863 -2.737368
v -53.033817 9.172102 -2.736729
v -53.034702 8.816331 -2.434555
v -53.030750 8.818454 -2.436396
v -53.033180 8.816124 -2.434393
v -53.031895 8.816453 -2.434686
v -53.031044 8.817272 -2.435390
v -53.041683 7.991456 -3.175973
v -53.037724 7.993629 -3.177856
v -53.040161 7.991251 -3.175814
v -53.038872 7.991590 -3.176115
v -53.038017 7.992426 -3.176832
v -53.040493 8.346669 -3.477675
v -53.044376 8.348590 -3.479270
v -53.040798 8.347851 -3.478676
v -53.041641 8.348633 -3.479332
v -53.042900 8.348892 -3.479540
v -53.044788 7.442551 -3.506625
v -53.040817 7.445695 -3.508009
v -53.043262 7.442420 -3.506427
v -53.041969 7.442971 -3.506620
v -53.041111 7.444119 -3.507176
v -53.043114 7.899253 -3.755309
v -53.047012 7.902136 -3.756398
v -53.043419 7.900806 -3.756118
v -53.044266 7.901902 -3.756609
v -53.045528 7.902369 -3.756709
v -53.049538 6.442233 -4.019051
v -53.045483 6.454689 -4.013577
v -53.049500 6.441637 -4.017179
v -53.047997 6.445054 -4.018292
v -53.046688 6.448411 -4.016986
v -53.048164 6.442829 -4.018124
v -53.046886 6.445006 -4.017077
v -53.047287 6.443521 -4.016975
v -53.045784 6.451424 -4.013596
v -53.046658 6.447794 -4.014287
v -53.045803 6.451796 -4.015330
v -53.046246 6.447913 -4.015537
v -53.046871 6.444746 -4.015934
v -53.049881 6.440328 -4.018620
v -53.047958 6.444357 -4.015544
v -53.048149 6.442499 -4.016832
v -53.048256 6.441504 -4.017797
v -53.049362 7.409679 -4.001287
v -53.045418 7.410778 -3.998324
v -53.047867 7.410216 -4.001459
v -53.046589 7.410614 -4.000956
v -53.045731 7.410810 -3.999856
v -53.028412 9.837828 -1.779468
v -53.024525 9.836579 -1.776817
v -53.026936 9.838181 -1.779657
v -53.025681 9.838068 -1.779220
v -53.024830 9.837504 -1.778222
v -53.020462 9.534744 -1.339152
v -53.024406 9.533184 -1.336130
v -53.020752 9.533777 -1.337693
v -53.021603 9.533143 -1.336607
v -53.022888 9.532932 -1.336058
v -53.019188 10.118022 -1.206935
v -53.023071 10.120838 -1.206194
v -53.019485 10.119551 -1.207045
v -53.020329 10.120623 -1.206943
v -53.021587 10.121075 -1.206645
v -53.012550 10.078948 -0.067175
v -53.012531 10.077116 -0.066729
v -53.008690 10.074044 -0.080754
v -53.012760 10.078823 -0.065848
v -53.011051 10.078295 -0.070238
v -53.011185 10.078009 -0.067991
v -53.011257 10.077621 -0.066667
v -53.010334 10.076883 -0.068859
v -53.011040 10.075567 -0.069752
v -53.009785 10.074440 -0.073477
v -53.012749 10.077831 -0.065607
v -53.011177 10.076731 -0.067759
v -53.009949 10.075907 -0.070217
v -53.008961 10.075641 -0.077587
v -53.009792 10.077133 -0.073894
v -53.008957 10.073904 -0.077341
v -53.009365 10.075656 -0.073547
v -53.009953 10.077047 -0.070395
v -53.140587 9.487297 -2.242296
v -53.136776 9.492079 -2.246392
v -53.140305 9.488682 -2.243474
v -53.139481 9.490075 -2.244666
v -53.138245 9.491268 -2.245690
v -53.144878 8.727974 -3.109500
v -53.148693 8.723175 -3.105389
v -53.146347 8.727163 -3.108798
v -53.147587 8.725965 -3.107770
v -53.148407 8.724566 -3.106573
v -53.134407 9.205851 -2.003313
v -53.138412 9.210396 -2.007137
v -53.135933 9.206566 -2.003906
v -53.137230 9.207682 -2.004841
v -53.138100 9.209025 -2.005976
v -53.146519 8.446315 -2.870264
v -53.142509 8.441763 -2.866436
v -53.146206 8.444942 -2.869101
v -53.145332 8.443597 -2.867966
v -53.144035 8.442480 -2.867030
v -53.144871 9.128742 -2.698860
v -53.141064 9.133519 -2.702953
v -53.144588 9.130124 -2.700038
v -53.143768 9.131518 -2.701228
v -53.142529 9.132710 -2.702252
v -53.142700 8.852346 -2.464130
v -53.138699 8.847810 -2.460315
v -53.142387 8.850979 -2.462972
v -53.141518 8.849638 -2.461841
v -53.140221 8.848524 -2.460908
v -53.149677 8.027520 -3.205589
v -53.145664 8.022930 -3.201728
v -53.149364 8.026134 -3.204414
v -53.148491 8.024775 -3.203268
v -53.147190 8.023649 -3.202325
v -53.148026 8.309315 -3.444939
v -53.151852 8.304469 -3.440789
v -53.149498 8.308499 -3.444233
v -53.150742 8.307291 -3.443196
v -53.151566 8.305875 -3.441986
v -53.152771 7.479836 -3.535604
v -53.148758 7.474020 -3.532378
v -53.152458 7.477981 -3.534672
v -53.151585 7.476224 -3.533731
v -53.150288 7.474833 -3.532925
v -53.150623 7.862876 -3.722081
v -53.154472 7.856804 -3.718563
v -53.152103 7.861965 -3.721418
v -53.153355 7.860492 -3.720520
v -53.154186 7.858679 -3.719516
v -53.153461 6.473649 -4.044469
v -53.153461 6.473104 -4.042933
v -53.157421 6.491777 -4.039679
v -53.154991 6.477787 -4.044199
v -53.155052 6.475523 -4.044193
v -53.155071 6.474144 -4.043998
v -53.155827 6.477032 -4.043414
v -53.154976 6.477289 -4.041781
v -53.156261 6.482306 -4.040761
v -53.153717 6.472044 -4.043704
v -53.155045 6.475284 -4.043064
v -53.156136 6.478723 -4.042490
v -53.157135 6.487599 -4.041605
v -53.156281 6.482687 -4.043190
v -53.157120 6.487394 -4.040020
v -53.156696 6.482811 -4.042027
v -53.156143 6.478887 -4.043519
v -53.156773 7.368634 -3.961449
v -53.152916 7.370441 -3.966986
v -53.156490 7.368874 -3.963172
v -53.155659 7.369300 -3.964830
v -53.154404 7.369853 -3.966171
v -53.135880 9.794538 -1.739651
v -53.132069 9.798551 -1.745136
v -53.135597 9.795628 -1.741359
v -53.134777 9.796772 -1.743002
v -53.133537 9.797798 -1.744327
v -53.128399 9.564661 -1.361889
v -53.132420 9.568483 -1.367187
v -53.129925 9.565322 -1.362594
v -53.131226 9.566280 -1.363849
v -53.132103 9.567390 -1.365462
v -53.126682 10.081577 -1.171877
v -53.130547 10.075866 -1.170031
v -53.128162 10.080694 -1.171344
v -53.129417 10.079298 -1.170806
v -53.130253 10.077603 -1.170345
v -53.116512 10.110117 -0.092906
v -53.120674 10.106548 -0.111718
v -53.116520 10.108592 -0.092487
v -53.118076 10.110144 -0.097156
v -53.119415 10.109476 -0.102223
v -53.118099 10.110006 -0.094845
v -53.119236 10.109573 -0.098314
v -53.118896 10.109348 -0.096434
v -53.120327 10.106620 -0.107243
v -53.119419 10.107032 -0.102017
v -53.120327 10.108212 -0.107337
v -53.119843 10.108335 -0.102423
v -53.119236 10.108540 -0.098223
v -53.116718 10.109280 -0.091358
v -53.118080 10.107725 -0.096835
v -53.118103 10.108875 -0.094689
v -53.118095 10.109735 -0.093454
v -52.118778 8.450830 -4.385082
v -52.117332 8.449497 -4.380961
v -52.119228 8.451189 -4.383668
v -52.119110 8.451061 -4.382390
v -52.118446 8.450466 -4.381438
v -51.346104 9.306026 -4.360128
v -51.347565 9.307373 -4.364256
v -51.347221 9.307003 -4.360606
v -51.347893 9.307602 -4.361558
v -51.348011 9.307734 -4.362841
v -51.770096 8.148275 -4.324702
v -51.767590 8.146183 -4.328300
v -51.768898 8.147242 -4.324812
v -51.768002 8.146482 -4.325535
v -51.767540 8.146111 -4.326760
v -50.996391 9.002745 -4.307475
v -50.998917 9.004850 -4.303876
v -50.996346 9.002670 -4.305934
v -50.996811 9.003046 -4.304709
v -50.997711 9.003811 -4.303987
v -51.756218 8.904196 -4.378748
v -51.754776 8.902864 -4.374630
v -51.756668 8.904554 -4.377335
v -51.756554 8.904427 -4.376055
v -51.755890 8.903833 -4.375105
v -51.405537 8.599991 -4.322050
v -51.408039 8.602076 -4.318451
v -51.405487 8.599916 -4.320509
v -51.405949 8.600286 -4.319285
v -51.406841 8.601046 -4.318563
v -50.575447 9.334757 -4.286861
v -50.578014 9.336901 -4.283267
v -50.575405 9.334686 -4.285319
v -50.575874 9.335070 -4.284095
v -50.576794 9.335848 -4.283374
v -50.925282 9.638145 -4.339530
v -50.926773 9.639521 -4.343681
v -50.926414 9.639135 -4.340011
v -50.927097 9.639744 -4.340969
v -50.927223 9.639881 -4.342258
v -49.997211 9.661510 -4.261504
v -50.000954 9.663122 -4.257882
v -49.997257 9.661400 -4.259960
v -49.997986 9.661667 -4.258729
v -49.999283 9.662273 -4.258000
v -50.476509 9.912521 -4.312224
v -50.479099 9.913326 -4.316370
v -50.478065 9.913296 -4.312695
v -50.479107 9.913721 -4.313648
v -50.479469 9.913733 -4.314939
v -48.855682 10.167519 -4.237268
v -48.870869 10.162373 -4.233645
v -48.855270 10.165873 -4.237257
v -48.859116 10.166876 -4.235850
v -48.863205 10.165672 -4.234665
v -48.856796 10.166700 -4.235911
v -48.859512 10.165751 -4.234720
v -48.857872 10.165634 -4.235051
v -48.867191 10.162382 -4.233806
v -48.862938 10.163054 -4.234549
v -48.867332 10.164091 -4.233890
v -48.863003 10.164274 -4.234172
v -48.859398 10.164642 -4.234672
v -48.854134 10.166557 -4.237435
v -48.858749 10.164278 -4.235760
v -48.856621 10.165483 -4.235870
v -48.855434 10.166388 -4.235939
v -49.986080 10.154686 -4.282197
v -49.987606 10.151978 -4.278784
v -49.986771 10.154951 -4.280809
v -49.987301 10.154530 -4.279674
v -49.987595 10.153486 -4.278963
v -52.430099 7.952549 -4.383098
v -52.429287 7.950120 -4.378953
v -52.430595 7.952825 -4.381675
v -52.430618 7.952459 -4.380392
v -52.430157 7.951509 -4.379435
v -52.134712 7.511638 -4.318740
v -52.132793 7.508378 -4.322322
v -52.133739 7.510158 -4.318843
v -52.133034 7.509017 -4.319561
v -52.132698 7.508390 -4.320784
v -52.716606 7.383226 -4.369803
v -52.719017 7.382278 -4.373907
v -52.718094 7.383329 -4.370263
v -52.719074 7.383184 -4.371202
v -52.719398 7.382815 -4.372481
v -52.692070 6.245587 -4.293657
v -52.690254 6.245132 -4.293425
v -52.687424 6.259347 -4.290101
v -52.691551 6.243696 -4.293774
v -52.691536 6.248733 -4.292278
v -52.691265 6.246480 -4.292252
v -52.690887 6.245151 -4.292207
v -52.690224 6.247386 -4.291338
v -52.688831 6.248228 -4.291955
v -52.687794 6.252013 -4.290811
v -52.689999 6.246239 -4.292099
v -52.689274 6.248757 -4.290936
v -52.689022 6.256178 -4.290352
v -52.690468 6.252450 -4.291120
v -52.687298 6.255919 -4.290156
v -52.689045 6.252119 -4.290523
v -52.690407 6.248947 -4.291068
v -52.064415 8.405912 -4.485086
v -52.069515 8.410254 -4.482028
v -52.065807 8.407112 -4.485016
v -52.067265 8.408360 -4.484410
v -52.068565 8.409464 -4.483361
v -51.298306 9.266804 -4.461193
v -51.293186 9.262445 -4.464253
v -51.297356 9.266010 -4.462527
v -51.296051 9.264904 -4.463577
v -51.294586 9.263651 -4.464183
v -51.787960 8.166010 -4.436293
v -51.792030 8.169624 -4.440957
v -51.788509 8.166517 -4.437912
v -51.789474 8.167385 -4.439368
v -51.790710 8.168474 -4.440436
v -51.020847 9.026197 -4.420129
v -51.016766 9.022573 -4.415462
v -51.019524 9.025043 -4.419611
v -51.018284 9.023951 -4.418541
v -51.017315 9.023081 -4.417084
v -51.701859 8.859282 -4.478754
v -51.706955 8.863621 -4.475698
v -51.703247 8.860481 -4.478684
v -51.704704 8.861727 -4.478077
v -51.706005 8.862829 -4.477029
v -51.429974 8.623426 -4.434702
v -51.425911 8.619818 -4.430041
v -51.428658 8.622278 -4.434185
v -51.427422 8.621191 -4.433116
v -51.426456 8.620325 -4.431663
v -50.599949 9.358248 -4.399519
v -50.595818 9.354582 -4.394839
v -50.598606 9.357080 -4.398995
v -50.597351 9.355970 -4.397924
v -50.596371 9.355095 -4.396463
v -50.877529 9.598963 -4.440585
v -50.872364 9.594563 -4.443654
v -50.876575 9.598166 -4.441925
v -50.875256 9.597048 -4.442978
v -50.873779 9.595783 -4.443586
v -50.023182 9.684322 -4.374126
v -50.017578 9.681335 -4.369477
v -50.021278 9.683413 -4.373615
v -50.019547 9.682526 -4.372552
v -50.018246 9.681797 -4.371100
v -50.429882 9.872791 -4.413222
v -50.423317 9.869091 -4.416359
v -50.428818 9.872044 -4.414576
v -50.427193 9.871077 -4.415647
v -50.425262 9.870039 -4.416273
v -48.876057 10.187109 -4.345379
v -48.875637 10.185699 -4.345227
v -48.896240 10.182205 -4.349894
v -48.880566 10.186769 -4.347050
v -48.878166 10.186739 -4.346989
v -48.876724 10.186537 -4.346926
v -48.879883 10.185925 -4.347805
v -48.880329 10.184420 -4.346907
v -48.885891 10.183304 -4.348384
v -48.874504 10.186367 -4.345431
v -48.878048 10.185640 -4.346921
v -48.881809 10.184999 -4.348161
v -48.891491 10.184114 -4.349493
v -48.885986 10.185717 -4.348495
v -48.891479 10.182528 -4.349433
v -48.886272 10.184528 -4.348880
v -48.881855 10.186020 -4.348209
v -49.934742 10.108416 -4.383048
v -49.936901 10.114183 -4.378974
v -49.934998 10.110151 -4.382614
v -49.935497 10.111856 -4.381687
v -49.936165 10.113274 -4.380409
v -52.376530 7.906260 -4.483077
v -52.380844 7.911983 -4.480021
v -52.377621 7.907989 -4.483009
v -52.378822 7.909683 -4.482407
v -52.379959 7.911086 -4.481358
v -52.153164 7.528203 -4.430305
v -52.156494 7.533285 -4.434999
v -52.153656 7.528821 -4.431931
v -52.154461 7.530005 -4.433393
v -52.155457 7.531575 -4.434471
v -52.669785 7.341731 -4.470788
v -52.663731 7.339628 -4.473930
v -52.668762 7.341106 -4.472136
v -52.667252 7.340487 -4.473207
v -52.665485 7.339969 -4.473835
v -52.712135 6.265388 -4.401576
v -52.707935 6.283915 -4.406425
v -52.710625 6.264958 -4.401403
v -52.711952 6.269544 -4.403378
v -52.711090 6.274524 -4.404932
v -52.712120 6.264060 -4.401700
v -52.711842 6.267232 -4.403254
v -52.711250 6.270627 -4.404539
v -52.711086 6.268767 -4.404070
v -52.708096 6.279461 -4.405831
v -52.708664 6.274300 -4.404669
v -52.709679 6.279569 -4.406003
v -52.709911 6.274690 -4.405250
v -52.710224 6.270531 -4.404428
v -52.709549 6.269206 -4.403114
v -52.710716 6.267068 -4.403131
v -52.711586 6.265841 -4.403143
v -51.744434 10.456995 -2.730141
v -51.746098 10.460873 -2.731886
v -51.745464 10.457306 -2.731261
v -51.746143 10.458155 -2.731985
v -51.746365 10.459406 -2.732205
v -51.011967 10.458052 -2.790657
v -51.010082 10.461985 -2.788532
v -51.010918 10.458332 -2.789508
v -51.010193 10.459179 -2.788701
v -51.009899 10.460461 -2.788358
v -51.324463 10.464006 -3.131853
v -51.326115 10.467884 -3.133590
v -51.325489 10.464317 -3.132970
v -51.326164 10.465166 -3.133692
v -51.326382 10.466417 -3.133910
v -51.431961 10.451040 -2.388966
v -51.430077 10.454973 -2.386838
v -51.430912 10.451321 -2.387816
v -51.430187 10.452169 -2.387008
v -51.429893 10.453451 -2.386664
v -51.787582 10.443571 -1.961057
v -51.785675 10.447509 -1.958904
v -51.786526 10.443853 -1.959897
v -51.785793 10.444702 -1.959081
v -51.785496 10.445986 -1.958732
v -52.100414 10.449533 -2.302620
v -52.102100 10.453423 -2.304392
v -52.101456 10.449846 -2.303752
v -52.102142 10.450695 -2.304486
v -52.102367 10.451950 -2.304711
v -52.387619 10.441857 -1.862897
v -52.389267 10.445767 -1.864821
v -52.388649 10.442173 -1.864089
v -52.389324 10.443027 -1.864873
v -52.389542 10.444288 -1.865130
v -52.080917 10.435669 -1.508581
v -52.079041 10.439610 -1.506275
v -52.079872 10.435951 -1.507361
v -52.079147 10.436800 -1.506495
v -52.078857 10.438086 -1.506113
v -52.726555 10.420671 -0.653463
v -52.730488 10.424646 -0.644217
v -52.728100 10.420926 -0.649994
v -52.729393 10.421771 -0.647017
v -52.730228 10.423077 -0.644989
v -52.628571 10.433421 -1.379596
v -52.628822 10.437410 -1.384514
v -52.629066 10.433758 -1.381936
v -52.629292 10.434635 -1.383692
v -52.629204 10.435919 -1.384597
v -52.468052 10.421799 -0.718149
v -52.467571 10.425692 -0.712855
v -52.467541 10.422062 -0.715786
v -52.467270 10.422892 -0.713950
v -52.467281 10.424168 -0.712921
v -50.531506 10.464237 -3.145115
v -50.529469 10.468174 -3.143063
v -50.530399 10.464520 -3.143994
v -50.529625 10.465368 -3.143210
v -50.529297 10.466650 -3.142884
v -50.861366 10.470079 -3.479710
v -50.863159 10.473965 -3.481361
v -50.862450 10.470390 -3.480795
v -50.863171 10.471241 -3.481490
v -50.863419 10.472496 -3.481689
v -49.484558 10.478106 -3.939633
v -49.475609 10.482327 -3.943656
v -49.481174 10.478449 -3.941240
v -49.478287 10.479374 -3.942569
v -49.476330 10.480734 -3.943418
v -49.593098 10.472658 -3.627444
v -49.587639 10.476625 -3.627081
v -49.590679 10.472950 -3.626969
v -49.588795 10.473808 -3.626733
v -49.587727 10.475100 -3.626772
v -50.330364 10.475536 -3.792400
v -50.335236 10.479410 -3.792297
v -50.332626 10.475840 -3.792816
v -50.334347 10.476681 -3.792942
v -50.335262 10.477936 -3.792760
v -51.711277 10.564194 -2.692054
v -51.707039 10.567957 -2.687358
v -51.710560 10.565651 -2.691245
v -51.709503 10.566877 -2.690069
v -51.708267 10.567688 -2.688703
v -51.037968 10.566254 -2.817167
v -51.041988 10.570299 -2.821487
v -51.038601 10.567783 -2.817832
v -51.039589 10.569090 -2.818886
v -51.040779 10.569975 -2.820170
v -51.291294 10.571205 -3.093758
v -51.287064 10.574970 -3.089071
v -51.290577 10.572664 -3.092950
v -51.289520 10.573889 -3.091775
v -51.288288 10.574699 -3.090413
v -51.457962 10.559240 -2.415473
v -51.461983 10.563288 -2.419796
v -51.458595 10.560772 -2.416138
v -51.459579 10.562078 -2.417193
v -51.460770 10.562962 -2.418478
v -51.813560 10.551767 -1.987537
v -51.817604 10.555819 -1.991886
v -51.814194 10.553301 -1.988204
v -51.815186 10.554609 -1.989265
v -51.816383 10.555492 -1.990558
v -52.067287 10.556723 -2.264568
v -52.063019 10.560495 -2.259838
v -52.066566 10.558183 -2.263755
v -52.065502 10.559414 -2.262571
v -52.064255 10.560225 -2.261196
v -52.354469 10.549033 -1.825011
v -52.350235 10.552820 -1.820083
v -52.353752 10.550501 -1.824181
v -52.352692 10.551735 -1.822953
v -52.351460 10.552549 -1.821514
v -52.106922 10.543859 -1.534904
v -52.110924 10.547917 -1.539442
v -52.107555 10.545393 -1.535586
v -52.108536 10.546703 -1.536688
v -52.109718 10.547591 -1.538042
v -52.727074 10.527969 -0.638684
v -52.722118 10.532307 -0.649152
v -52.726654 10.529571 -0.639412
v -52.725563 10.530958 -0.641658
v -52.723972 10.531919 -0.645076
v -52.594040 10.540627 -1.344722
v -52.591576 10.544368 -1.335985
v -52.593452 10.542097 -1.343600
v -52.592777 10.543325 -1.341546
v -52.592117 10.544123 -1.338872
v -52.495449 10.529929 -0.741482
v -52.497677 10.534060 -0.749803
v -52.495949 10.531469 -0.742453
v -52.496544 10.532797 -0.744375
v -52.497154 10.533707 -0.746956
v -50.557354 10.572439 -3.171698
v -50.561565 10.576485 -3.175924
v -50.558002 10.573969 -3.172356
v -50.559029 10.575277 -3.173390
v -50.560284 10.576160 -3.174643
v -50.828346 10.577269 -3.441536
v -50.823933 10.581041 -3.436951
v -50.827614 10.578730 -3.440734
v -50.826519 10.579958 -3.439581
v -50.825226 10.580769 -3.438253
v -49.472195 10.585621 -3.938125
v -49.482338 10.589699 -3.932950
v -49.472923 10.587208 -3.937663
v -49.475105 10.588541 -3.936517
v -49.478413 10.589417 -3.934862
v -49.615520 10.580885 -3.655714
v -49.623997 10.584896 -3.657833
v -49.616493 10.582413 -3.656211
v -49.618446 10.583714 -3.656789
v -49.621078 10.584585 -3.657358
v -50.300434 10.582682 -3.752483
v -50.292217 10.586508 -3.750046
v -50.299412 10.584150 -3.751844
v -50.297493 10.585394 -3.751156
v -50.294964 10.586222 -3.750525
v -48.921337 10.534256 -3.956533
v -48.921833 10.534285 -3.958197
v -48.920452 10.534283 -3.958112
v -52.733410 10.468130 -0.176600
v -52.735138 10.468139 -0.177109
v -52.735027 10.468115 -0.175714
v -53.165371 10.590010 -1.846803
v -53.169868 10.585367 -1.846771
v -53.167091 10.589638 -1.846045
v -53.168552 10.588624 -1.845774
v -53.169525 10.587126 -1.846029
v -53.162300 8.069603 -4.457966
v -53.166878 8.069530 -4.453414
v -53.164047 8.068882 -4.457634
v -53.165535 8.068615 -4.456655
v -53.166527 8.068842 -4.455173
v -53.166767 8.030098 -1.890758
v -53.170250 8.030697 -1.891399
v -53.168098 8.029601 -1.890285
v -53.169228 8.029541 -1.890240
v -50.596840 10.628601 -4.411202
v -50.596886 10.633102 -4.406548
v -50.596107 10.630348 -4.410831
v -50.595860 10.631819 -4.409816
v -50.596130 10.632786 -4.408312
v -50.599560 10.590804 -1.843985
v -50.600250 10.594301 -1.844672
v -50.599075 10.592127 -1.843486
v -50.599041 10.593257 -1.843441
v -50.596565 8.073252 -4.452353
v -50.597240 8.073929 -4.455792
v -50.596085 8.072788 -4.453691
v -50.596039 8.072754 -4.454813
v -52.688652 10.592476 -2.107185
v -52.693142 10.596680 -2.105220
v -52.688999 10.594105 -2.107185
v -52.689972 10.595476 -2.106811
v -52.691429 10.596378 -2.106122
v -50.850792 10.624197 -3.928923
v -50.853233 10.619850 -3.924393
v -50.851727 10.623840 -3.927167
v -50.852520 10.622889 -3.925689
v -50.853050 10.621487 -3.924715
v -50.851212 10.599573 -2.101335
v -50.853630 10.595375 -2.103330
v -50.852139 10.599268 -2.102248
v -50.852924 10.598365 -2.102947
v -50.853447 10.596996 -2.103327
v -52.687862 8.311659 -4.448482
v -52.692425 8.309399 -4.452794
v -52.688206 8.311508 -4.450117
v -52.689194 8.311028 -4.451509
v -52.690678 8.310287 -4.452447
v -50.846058 10.151800 -4.412542
v -50.843651 10.156462 -4.416750
v -50.845871 10.152178 -4.414169
v -50.845348 10.153194 -4.415540
v -50.844570 10.154701 -4.416445
v -50.841743 8.312265 -4.448937
v -50.844166 8.314545 -4.444610
v -50.842667 8.313162 -4.448586
v -50.843452 8.313910 -4.447640
v -50.843979 8.314394 -4.446244
v -53.170055 10.114149 -2.096854
v -53.165798 10.109573 -2.099275
v -53.169731 10.112399 -2.097783
v -53.168808 10.110913 -2.098569
v -53.167427 10.109921 -2.099094
v -53.167534 8.302542 -3.979550
v -53.163280 8.304802 -3.974947
v -53.167213 8.303406 -3.977791
v -53.166290 8.304139 -3.976299
v -53.164909 8.304629 -3.975299
v -53.170315 8.270266 -2.129007
v -53.166058 8.272622 -2.131341
v -53.169991 8.271168 -2.129903
v -53.169067 8.271933 -2.130660
v -53.167686 8.272444 -2.131164
v -52.684246 10.493765 -2.098036
v -52.688515 10.497992 -2.096403
v -52.685875 10.494074 -2.097261
v -52.687260 10.494986 -2.096679
v -52.688187 10.496361 -2.096378
v -50.853096 10.532873 -3.925911
v -50.855217 10.528538 -3.921731
v -50.853252 10.531237 -3.925616
v -50.853714 10.529840 -3.924718
v -50.854404 10.528891 -3.923354
v -50.853489 10.500854 -2.092543
v -50.856491 10.496649 -2.095074
v -50.853714 10.499231 -2.092588
v -50.854366 10.497862 -2.093084
v -50.855343 10.496956 -2.093957
v -52.683792 8.312195 -4.357196
v -52.688042 8.310141 -4.361503
v -52.685421 8.311384 -4.357540
v -52.686802 8.310711 -4.358478
v -52.687721 8.310274 -4.359869
v -50.848381 10.145943 -4.321384
v -50.846237 10.150282 -4.325565
v -50.847565 10.147581 -4.321678
v -50.846870 10.148979 -4.322577
v -50.846405 10.149929 -4.323940
v -50.844345 8.313026 -4.357630
v -50.847378 8.315956 -4.353323
v -50.844582 8.313227 -4.355998
v -50.845238 8.313856 -4.354604
v -50.846222 8.314814 -4.353665
v -53.078804 10.109560 -2.099145
v -53.074543 10.105336 -2.101350
v -53.077175 10.109238 -2.099311
v -53.075790 10.108323 -2.099788
v -53.074867 10.106953 -2.100504
v -53.076290 8.304787 -3.974817
v -53.072037 8.306835 -3.970514
v -53.074657 8.304943 -3.974488
v -53.073277 8.305387 -3.973553
v -53.072357 8.306051 -3.972157
v -53.079063 8.272609 -2.131208
v -53.074799 8.275666 -2.134167
v -53.077435 8.272841 -2.131433
v -53.076050 8.273502 -2.132072
v -53.075127 8.274496 -2.133034
v -52.688190 10.573416 -3.924749
v -52.683926 10.573488 -3.929000
v -52.687862 10.573442 -3.926379
v -52.686943 10.573463 -3.927759
v -52.685558 10.573481 -3.928680
v -49.021160 10.579191 -3.918293
v -49.022400 10.579237 -3.921304
v -49.020329 10.579210 -3.919442
v -49.021000 10.579235 -3.921072
v -52.686066 6.477906 -4.436985
v -52.683044 6.476655 -4.437002
v -52.685177 6.475776 -4.437020
v -49.006714 10.153921 -4.365191
v -49.005466 10.150917 -4.365240
v -49.005310 10.153692 -4.365191
v -49.004635 10.152069 -4.365217
v -53.119526 10.137486 -3.942893
v -53.119530 10.141672 -3.938558
v -53.119526 10.139111 -3.942539
v -53.119526 10.140476 -3.941592
v -53.119530 10.141375 -3.940194
v -53.125072 10.074433 -0.258672
v -53.125069 10.077460 -0.259862
v -53.125072 10.076544 -0.257748
v -52.688980 10.517050 -0.278964
v -52.685913 10.517035 -0.277624
v -52.688747 10.517029 -0.277518
v -52.688084 10.517017 -0.276756
v -52.685585 10.148159 -4.372918
v -52.689838 10.143892 -4.373001
v -52.687214 10.147833 -4.372927
v -52.688595 10.146906 -4.372946
v -52.689518 10.145523 -4.372973
v -53.120049 6.470798 -4.003875
v -53.120045 6.472104 -4.006873
v -53.120049 6.469992 -4.005045
v -53.120045 6.470696 -4.006668
v -53.035500 8.971601 -2.946984
v -53.039360 8.973475 -2.948539
v -53.035801 8.972764 -2.947969
v -53.036644 8.973529 -2.948610
v -53.037891 8.973778 -2.948810
v -53.028648 9.004725 -2.212796
v -53.032600 9.002601 -2.210955
v -53.028942 9.003542 -2.211789
v -53.029797 9.002724 -2.211086
v -53.031082 9.002392 -2.210793
v -53.031418 9.357409 -2.512314
v -53.035278 9.359275 -2.513862
v -53.031719 9.358569 -2.513296
v -53.032558 9.359329 -2.513935
v -53.033810 9.359577 -2.514134
v -53.032730 8.618942 -2.647486
v -53.036686 8.616814 -2.645641
v -53.033024 8.617759 -2.646478
v -53.033878 8.616938 -2.645773
v -53.035164 8.616607 -2.645480
v -53.036224 8.204549 -3.018830
v -53.040184 8.202395 -3.016964
v -53.036518 8.203356 -3.017813
v -53.037373 8.202528 -3.017102
v -53.038662 8.202190 -3.016803
v -53.038998 8.557611 -3.318669
v -53.042870 8.559513 -3.320248
v -53.039299 8.558785 -3.319664
v -53.040142 8.559560 -3.320314
v -53.041397 8.559813 -3.320518
v -53.041855 8.128856 -3.622083
v -53.045746 8.130909 -3.623624
v -53.042160 8.130090 -3.623066
v -53.043007 8.130914 -3.623703
v -53.044266 8.131201 -3.623899
v -53.039146 7.763276 -3.328848
v -53.043110 7.760972 -3.327019
v -53.039440 7.762023 -3.327847
v -53.040295 7.761146 -3.327147
v -53.041584 7.760776 -3.326855
v -53.045448 6.932740 -4.005950
v -53.049622 6.923717 -4.010183
v -53.045776 6.929336 -4.007621
v -53.046688 6.926425 -4.009014
v -53.048038 6.924454 -4.009912
v -53.044304 7.654818 -3.880913
v -53.048206 7.659810 -3.880940
v -53.044605 7.657180 -3.881320
v -53.045452 7.658957 -3.881466
v -53.046715 7.659882 -3.881335
v -53.043011 6.987736 -3.745224
v -53.046993 6.982494 -3.744900
v -53.043312 6.985361 -3.744796
v -53.044170 6.983530 -3.744586
v -53.045464 6.982522 -3.744623
v -53.024025 9.341045 -1.719450
v -53.027977 9.338986 -1.717452
v -53.024315 9.339889 -1.718384
v -53.025169 9.339090 -1.717630
v -53.026455 9.338774 -1.717303
v -53.026958 9.687778 -2.036568
v -53.030830 9.689564 -2.038259
v -53.027260 9.688908 -2.037605
v -53.028103 9.689644 -2.038291
v -53.029358 9.689873 -2.038521
v -53.013939 10.096022 -0.643599
v -53.018002 10.099783 -0.634463
v -53.014221 10.097509 -0.640155
v -53.015091 10.098745 -0.637210
v -53.016418 10.099543 -0.635211
v -53.015079 9.788059 -0.763720
v -53.019001 9.787560 -0.758240
v -53.015358 9.787498 -0.761321
v -53.016205 9.787208 -0.759437
v -53.017483 9.787229 -0.758355
v -53.021881 9.980465 -1.494277
v -53.025799 9.980610 -1.499112
v -53.022194 9.980968 -1.496520
v -53.023052 9.981174 -1.498226
v -53.024315 9.981047 -1.499137
v -53.143047 8.934186 -2.914197
v -53.146854 8.929400 -2.910098
v -53.144512 8.933376 -2.913495
v -53.145752 8.932183 -2.912470
v -53.146576 8.930787 -2.911277
v -53.136600 9.034080 -2.236714
v -53.140602 9.038616 -2.240531
v -53.138123 9.034794 -2.237307
v -53.139420 9.035908 -2.238240
v -53.140289 9.037249 -2.239372
v -53.138966 9.319983 -2.479519
v -53.142773 9.315207 -2.475428
v -53.140430 9.319175 -2.478818
v -53.141670 9.317982 -2.477795
v -53.142490 9.316589 -2.476604
v -53.140678 8.648293 -2.671401
v -53.144684 8.652833 -2.675219
v -53.142204 8.649007 -2.671994
v -53.143501 8.650120 -2.672927
v -53.144371 8.651464 -2.674060
v -53.144169 8.233872 -3.042721
v -53.148178 8.238440 -3.046563
v -53.145695 8.234589 -3.043316
v -53.146992 8.235710 -3.044255
v -53.147865 8.237062 -3.045396
v -53.146534 8.520233 -3.285912
v -53.150352 8.515412 -3.281783
v -53.148003 8.519419 -3.285208
v -53.149242 8.518217 -3.284176
v -53.150070 8.516810 -3.282973
v -53.149380 8.091640 -3.589300
v -53.153214 8.086626 -3.585216
v -53.150852 8.090811 -3.588598
v -53.152100 8.089566 -3.587574
v -53.152927 8.088096 -3.586386
v -53.147083 7.792441 -3.352772
v -53.151096 7.797194 -3.356562
v -53.148613 7.793175 -3.353364
v -53.149910 7.794333 -3.354291
v -53.150784 7.795748 -3.355417
v -53.152988 6.919870 -4.005948
v -53.157097 6.930222 -4.000564
v -53.154575 6.920611 -4.005486
v -53.155910 6.922839 -4.004300
v -53.156796 6.926214 -4.002572
v -53.151791 7.620561 -3.846632
v -53.155663 7.611804 -3.844457
v -53.153275 7.619443 -3.846073
v -53.154533 7.617386 -3.845461
v -53.155373 7.614704 -3.844894
v -53.150955 7.013965 -3.770652
v -53.154961 7.022434 -3.772527
v -53.152485 7.014979 -3.771098
v -53.153782 7.016945 -3.771612
v -53.154652 7.019564 -3.772112
v -53.131969 9.370464 -1.743212
v -53.135979 9.374916 -1.747224
v -53.133495 9.371173 -1.743819
v -53.134792 9.372268 -1.744795
v -53.135666 9.373583 -1.745991
v -53.134499 9.650282 -2.003922
v -53.138313 9.645601 -1.999643
v -53.135967 9.649479 -2.003206
v -53.137207 9.648306 -2.002142
v -53.138031 9.646946 -2.000891
v -53.121342 10.095940 -0.630228
v -53.125607 10.091218 -0.640516
v -53.122944 10.095532 -0.630958
v -53.124317 10.094491 -0.633170
v -53.125252 10.092978 -0.636526
v -53.122990 9.819036 -0.783998
v -53.127041 9.821539 -0.792347
v -53.124519 9.819597 -0.784936
v -53.125824 9.820271 -0.786852
v -53.126709 9.820951 -0.789454
v -53.129436 9.941339 -1.464787
v -53.133228 9.938665 -1.456628
v -53.130905 9.940688 -1.463775
v -53.132141 9.939951 -1.461868
v -53.132957 9.939241 -1.459359
v -53.064526 10.092854 -0.079608
v -53.064529 10.094537 -0.080043
v -53.064510 10.094031 -0.078097
v -53.101482 6.457371 -4.030056
v -53.101498 6.457942 -4.031765
v -53.101490 6.456234 -4.030777
v -51.553761 9.112421 -4.368264
v -51.555214 9.113758 -4.372387
v -51.554874 9.113394 -4.368742
v -51.555542 9.113989 -4.369691
v -51.555660 9.114119 -4.370971
v -51.596210 8.380108 -4.322649
v -51.593712 8.378017 -4.326246
v -51.595016 8.379074 -4.322761
v -51.594120 8.378317 -4.323483
v -51.593662 8.377945 -4.324708
v -51.943146 8.681063 -4.378859
v -51.944584 8.682394 -4.382977
v -51.944256 8.682032 -4.379334
v -51.944920 8.682625 -4.380283
v -51.945034 8.682753 -4.381562
v -51.206856 8.811489 -4.312059
v -51.204350 8.809397 -4.315659
v -51.205658 8.810455 -4.312172
v -51.204762 8.809696 -4.312892
v -51.204300 8.809322 -4.314117
v -50.789867 9.179501 -4.294304
v -50.787323 9.177378 -4.297900
v -50.788654 9.178455 -4.294414
v -50.787746 9.177687 -4.295135
v -50.787281 9.177307 -4.296360
v -51.137161 9.480770 -4.350573
v -51.138638 9.482130 -4.354711
v -51.138287 9.481752 -4.351052
v -51.138962 9.482355 -4.352007
v -51.139084 9.482489 -4.353292
v -50.706734 9.780924 -4.326819
v -50.708378 9.782234 -4.330980
v -50.707928 9.781889 -4.327300
v -50.708660 9.782478 -4.328260
v -50.708817 9.782597 -4.329552
v -50.343464 9.486179 -4.270801
v -50.340736 9.484091 -4.274397
v -50.342178 9.485147 -4.270908
v -50.341209 9.484388 -4.271630
v -50.340706 9.484018 -4.272855
v -49.429043 10.157169 -4.256111
v -49.418682 10.161114 -4.259820
v -49.425251 10.158804 -4.256292
v -49.421951 10.160128 -4.257061
v -49.419647 10.160938 -4.258299
v -50.231628 10.036413 -4.295718
v -50.236446 10.036125 -4.299823
v -50.234039 10.036774 -4.296168
v -50.235806 10.036842 -4.297106
v -50.236649 10.036615 -4.298390
v -49.483299 9.897350 -4.245472
v -49.477093 9.896811 -4.249142
v -49.480686 9.896910 -4.245607
v -49.478588 9.896654 -4.246352
v -49.477325 9.896618 -4.247593
v -51.937126 7.889904 -4.324244
v -51.934692 7.887663 -4.327839
v -51.935955 7.888813 -4.324352
v -51.935085 7.888007 -4.325076
v -51.934639 7.887600 -4.326301
v -52.277916 8.208385 -4.381015
v -52.279274 8.209860 -4.385142
v -52.278996 8.209410 -4.381494
v -52.279633 8.210051 -4.382444
v -52.279732 8.210209 -4.383728
v -52.702007 6.821039 -4.329935
v -52.705441 6.811705 -4.333830
v -52.703499 6.817595 -4.330168
v -52.704674 6.814610 -4.330994
v -52.705357 6.812541 -4.332277
v -52.394127 6.939039 -4.306333
v -52.393291 6.933331 -4.309859
v -52.393566 6.936622 -4.306416
v -52.393211 6.934688 -4.307115
v -52.393116 6.933533 -4.308322
v -52.576061 7.669088 -4.374864
v -52.575748 7.673687 -4.379049
v -52.576504 7.671311 -4.375359
v -52.576599 7.672966 -4.376328
v -52.576332 7.673800 -4.377625
v -51.505947 9.073185 -4.469331
v -51.500847 9.068840 -4.472389
v -51.505001 9.072393 -4.470666
v -51.503696 9.071291 -4.471715
v -51.502239 9.070042 -4.472320
v -51.614082 8.397848 -4.434237
v -51.618145 8.401455 -4.438900
v -51.614632 8.398354 -4.435858
v -51.615597 8.399218 -4.437315
v -51.616829 8.400307 -4.438384
v -51.895317 8.641817 -4.479926
v -51.890228 8.637478 -4.482983
v -51.894371 8.641026 -4.481257
v -51.893070 8.639923 -4.482306
v -51.891617 8.638680 -4.482912
v -51.224720 8.829226 -4.423647
v -51.228790 8.832838 -4.428311
v -51.225269 8.829733 -4.425270
v -51.226234 8.830597 -4.426724
v -51.227470 8.831688 -4.427794
v -50.807697 9.197205 -4.405884
v -50.811802 9.200850 -4.410556
v -50.808247 9.197716 -4.407507
v -50.809219 9.198587 -4.408966
v -50.810471 9.199688 -4.410037
v -51.089382 9.441565 -4.451633
v -51.084244 9.437185 -4.454698
v -51.088428 9.440769 -4.452970
v -51.087120 9.439659 -4.454022
v -51.085648 9.438400 -4.454629
v -50.659145 9.741688 -4.427860
v -50.653782 9.737362 -4.430945
v -50.658173 9.740892 -4.429205
v -50.656811 9.739794 -4.430263
v -50.655270 9.738552 -4.430874
v -50.361107 9.503918 -4.382373
v -50.365437 9.507507 -4.387051
v -50.361675 9.504425 -4.383997
v -50.362698 9.505283 -4.385457
v -50.364017 9.506367 -4.386529
v -49.404331 10.150814 -4.361911
v -49.415199 10.145321 -4.366355
v -49.404984 10.150270 -4.363494
v -49.407276 10.149036 -4.364894
v -49.410866 10.147297 -4.365898
v -50.187244 9.995604 -4.396640
v -50.177921 9.993242 -4.399866
v -50.185966 9.994955 -4.398004
v -50.183746 9.994280 -4.399097
v -50.180920 9.993677 -4.399750
v -49.497459 9.916636 -4.357113
v -49.506142 9.918278 -4.361702
v -49.498360 9.916994 -4.358731
v -49.500328 9.917431 -4.360172
v -49.503059 9.917881 -4.361215
v -51.955067 7.907493 -4.435826
v -51.959038 7.911294 -4.440495
v -51.955608 7.908011 -4.437449
v -51.956551 7.908918 -4.438904
v -51.957756 7.910070 -4.439975
v -52.230011 8.169289 -4.482080
v -52.225018 8.164764 -4.485140
v -52.229073 8.168484 -4.483416
v -52.227795 8.167339 -4.484466
v -52.226372 8.166035 -4.485072
v -52.691101 6.801414 -4.435812
v -52.685848 6.811409 -4.440155
v -52.690529 6.802048 -4.437405
v -52.689327 6.804169 -4.438787
v -52.687683 6.807456 -4.439754
v -52.413662 6.953156 -4.417840
v -52.415642 6.961277 -4.422603
v -52.414055 6.954008 -4.419471
v -52.414566 6.955850 -4.420949
v -52.415123 6.958403 -4.422049
v -52.526505 7.633131 -4.475955
v -52.523552 7.624748 -4.478979
v -52.525715 7.632030 -4.477292
v -52.524879 7.630050 -4.478333
v -52.524120 7.627491 -4.478928
v -52.700439 6.255045 -4.347414
v -52.702106 6.255492 -4.347615
v -52.701630 6.253548 -4.347435
v -48.865456 10.175787 -4.291243
v -48.865871 10.177317 -4.291324
v -48.864281 10.176426 -4.291226
v -53.166592 6.465561 -4.008360
v -52.690025 10.570830 -0.285070
v -49.016457 10.625641 -3.921525
v -53.171539 10.078695 -0.253379
v -49.000629 10.155741 -4.411531
vn -0.0538 -0.9937 -0.0988
vn -0.0000 -0.9998 -0.0175
vn -0.0583 -0.9937 -0.0955
vn -0.6046 0.3658 -0.7075
vn -0.6194 0.4553 -0.6396
vn -0.5793 0.4558 -0.6758
vn 0.0654 -0.9965 0.0514
vn 0.7407 0.2606 0.6192
vn 0.7486 0.3542 0.5605
vn 0.7743 0.2587 0.5775
vn -0.0784 -0.9941 -0.0749
vn -0.0750 -0.9940 -0.0793
vn -0.5621 0.3663 -0.7415
vn -0.5387 0.4549 -0.7092
vn 0.5718 0.2602 0.7781
vn 0.4907 0.3503 0.7978
vn 0.5528 0.3549 0.7540
vn 0.6646 0.2627 0.6995
vn 0.6815 0.3576 0.6385
vn 0.7052 0.2626 0.6585
vn -0.0706 -0.9941 -0.0826
vn -0.0672 -0.9939 -0.0877
vn 0.0687 -0.9966 0.0464
vn 0.7828 0.3505 0.5142
vn 0.8090 0.2568 0.5288
vn -0.8172 0.3461 -0.4609
vn -0.7548 0.4414 -0.4852
vn -0.7863 0.3517 -0.5079
vn -0.7533 0.3570 -0.5523
vn -0.6901 0.4508 -0.5662
vn -0.7200 0.3609 -0.5927
vn 0.8167 0.3454 0.4623
vn 0.8431 0.2524 0.4748
vn 0.8408 0.3404 0.4209
vn 0.8672 0.2484 0.4316
vn -0.8602 0.3362 -0.3834
vn -0.8120 0.4271 -0.3979
vn -0.8435 0.3395 -0.4162
vn -0.0824 -0.9941 -0.0706
vn 0.8513 0.3380 0.4014
vn 0.8774 0.2473 0.4112
vn 0.6820 0.3602 0.6365
vn 0.7823 0.0381 0.6217
vn -0.9455 0.2743 -0.1753
vn -0.8293 0.4210 -0.3673
vn -0.0919 -0.9938 -0.0619
vn -0.0866 -0.9941 -0.0660
vn -0.5187 0.3637 -0.7738
vn -0.4970 0.4529 -0.7402
vn -0.4770 0.3621 -0.8008
vn -0.4572 0.4499 -0.7672
vn 0.4445 0.2514 0.8598
vn 0.4006 0.3407 0.8505
vn 0.4312 0.3443 0.8340
vn 0.0606 -0.9967 0.0544
vn -0.4470 0.3620 -0.8180
vn -0.4290 0.4471 -0.7849
vn -0.2219 0.3160 -0.9224
vn -0.2218 0.4105 -0.8844
vn 0.4127 0.2499 0.8759
vn 0.6290 0.3607 0.6886
vn 0.0500 -0.9968 0.0622
vn -0.5923 0.5262 -0.6101
vn -0.5540 0.5268 -0.6446
vn -0.0000 0.9998 0.0175
vn -0.0665 0.9973 -0.0316
vn 0.7159 0.3564 0.6004
vn 0.7205 0.4342 0.5408
vn 0.0697 0.9956 0.0631
vn 0.0727 0.9956 0.0587
vn -0.5154 0.5262 -0.6764
vn -0.4757 0.5244 -0.7062
vn 0.6423 0.3579 0.6778
vn 0.5767 0.4375 0.6900
vn 0.6173 0.4383 0.6533
vn 0.6555 0.4376 0.6155
vn 0.5999 0.3571 0.7159
vn 0.5316 0.4351 0.7267
vn -0.6566 0.4536 -0.6026
vn -0.7225 0.4469 -0.5276
vn -0.6600 0.5223 -0.5400
vn -0.6912 0.5187 -0.5032
vn 0.7871 0.4254 0.4467
vn 0.0664 0.9955 0.0670
vn -0.7856 0.4345 -0.4405
vn -0.7228 0.5129 -0.4631
vn -0.7530 0.5056 -0.4211
vn 0.8223 0.4154 0.3890
vn 0.0769 0.9955 0.0563
vn -0.7791 0.4980 -0.3808
vn -0.9120 0.3700 -0.1770
vn -0.7968 0.4911 -0.3522
vn 0.6222 0.5195 0.5857
vn -0.0490 0.9976 -0.0481
vn 0.4715 0.4317 0.7690
vn 0.4148 0.4232 0.8055
vn -0.4383 0.5201 -0.7331
vn -0.4120 0.5163 -0.7508
vn -0.0420 0.9976 -0.0553
vn -0.0457 0.9976 -0.0517
vn 0.3861 0.4173 0.8227
vn 0.4055 0.4555 0.7926
vn -0.2241 0.4827 -0.8466
vn 0.6209 0.2617 0.7389
vn -0.0149 -0.0470 -0.9988
vn -0.0465 0.0550 -0.9974
vn -0.0634 0.1547 -0.9859
vn 0.0527 0.9954 0.0795
vn 0.0489 0.9953 0.0832
vn 0.6888 0.4362 0.5791
vn 0.0565 0.9955 0.0756
vn -0.0000 -0.9998 -0.0174
vn 0.0454 -0.9967 0.0680
vn -0.0625 -0.9939 -0.0910
vn 0.0399 0.9949 0.0926
vn -0.9976 -0.0693 0.0028
vn -0.9698 -0.2413 0.0362
vn -0.9990 0.0346 -0.0293
vn -0.9954 -0.0954 -0.0104
vn -0.9896 0.1361 -0.0463
vn -0.0698 0.9972 -0.0275
vn -0.6855 0.3630 -0.6311
vn -0.0530 0.9976 -0.0451
vn -0.6278 0.5250 -0.5746
vn 0.0002 -0.9936 -0.1134
vn 0.0432 -0.9964 0.0729
vn -0.0292 -0.9918 -0.1246
vn -0.0481 -0.9930 -0.1079
vn -0.0263 0.9970 -0.0730
vn -0.0403 0.9975 -0.0583
vn 0.0379 0.9946 0.0963
vn -0.0062 0.9970 -0.0772
vn -0.0958 -0.9936 -0.0596
vn 0.0763 -0.9963 0.0395
vn 0.7540 0.4301 0.4965
vn -0.0810 0.9965 -0.0183
vn 0.0001 0.9998 0.0176
vn 0.0731 -0.9964 0.0437
vn 0.0801 -0.9962 0.0353
vn 0.0604 0.9955 0.0736
vn 0.5067 0.2556 0.8233
vn 0.9944 0.1054 0.0016
vn 0.9951 -0.0002 0.0992
vn 0.9889 0.1297 0.0728
vn 0.0435 0.9953 0.0864
vn -0.0001 -0.9998 -0.0176
vn -0.1100 -0.9930 -0.0434
vn 0.0924 -0.9954 0.0261
vn -0.0959 -0.9953 -0.0154
vn 0.0801 0.9953 0.0550
vn -0.0945 0.9954 0.0127
vn -0.0159 0.9986 0.0503
vn -0.0929 0.9957 -0.0062
vn 0.0246 -0.2475 -0.9686
vn 0.0883 -0.4297 -0.8987
vn -0.0502 -0.9933 -0.1041
vn 0.2275 0.0977 -0.9689
vn -0.0776 0.9968 -0.0205
vn -0.6466 0.3655 -0.6696
vn 0.0630 0.9956 0.0698
vn -0.0737 0.9970 -0.0241
vn 0.0842 -0.9960 0.0304
vn 0.8113 0.4195 0.4072
vn -0.8768 0.4458 -0.1805
vn -0.0632 0.9974 -0.0348
vn -0.0596 0.9975 -0.0378
vn -0.0562 0.9976 -0.0410
vn 0.0566 -0.9967 0.0585
vn 0.0886 -0.9957 0.0270
vn -0.9999 -0.0046 -0.0133
vn -1.0000 -0.0008 -0.0005
vn -1.0000 0.0002 -0.0005
vn -0.0968 0.0272 0.9949
vn -0.0015 -0.0175 0.9998
vn -0.1060 -0.0173 0.9942
vn -0.0015 0.0636 0.9980
vn -0.0992 -0.0173 0.9949
vn -0.9907 -0.0977 0.0942
vn -1.0000 0.0002 -0.0015
vn -0.9951 -0.0988 -0.0032
vn -0.0143 0.0128 -0.9998
vn -0.0047 0.0239 -0.9997
vn -0.0911 0.1107 -0.9897
vn 0.9927 0.0714 -0.0972
vn 1.0000 0.0014 0.0002
vn -0.0796 -0.9967 -0.0176
vn 0.0018 -0.9933 -0.1153
vn 0.0016 -0.9998 -0.0174
vn -0.9950 0.0711 -0.0695
vn -0.9967 -0.0290 -0.0762
vn -0.0106 0.9997 0.0212
vn 0.0025 0.9998 0.0181
vn -0.0015 0.9999 0.0165
vn 0.9947 0.0028 -0.1025
vn 0.9811 0.1933 0.0074
vn 0.9903 0.0570 -0.1270
vn -0.0018 0.9933 0.1156
vn -0.0721 0.9960 -0.0528
vn -0.0760 0.9960 0.0477
vn 0.9953 -0.0969 0.0004
vn 0.9954 0.0027 -0.0958
vn 1.0000 0.0010 0.0021
vn -0.0021 0.9998 0.0192
vn 0.1493 0.9749 0.1651
vn 0.0008 0.0181 -0.9998
vn 0.1863 -0.1689 -0.9679
vn -0.0555 -0.1406 -0.9885
vn -0.0052 0.0173 -0.9998
vn -0.6217 -0.1022 -0.7766
vn -0.7017 -0.0819 -0.7077
vn -0.5390 -0.1869 -0.8213
vn -0.0022 0.0884 0.9961
vn 0.0955 -0.0172 0.9953
vn -0.0021 -0.0175 0.9998
vn -1.0000 0.0003 -0.0014
vn -0.9950 0.0019 -0.0998
vn -0.9691 -0.1781 0.1708
vn -0.9849 0.0527 0.1649
vn 0.0212 0.9991 0.0360
vn -0.0065 0.9999 0.0140
vn 0.0855 0.9962 0.0137
vn -0.7038 -0.0006 -0.7104
vn -0.7596 0.0098 -0.6503
vn 0.6044 -0.5271 0.5974
vn 0.6034 -0.6143 0.5085
vn 0.7519 -0.4730 0.4593
vn 0.0015 0.0168 -0.9999
vn -0.0960 0.0174 -0.9952
vn -0.0953 0.1122 -0.9891
vn -1.0000 0.0012 -0.0014
vn -0.9960 -0.0895 -0.0030
vn -0.0016 0.9998 0.0178
vn -0.0018 0.9940 0.1091
vn -0.1073 0.9941 0.0147
vn -0.0271 0.9762 0.2153
vn -0.9955 0.0951 0.0001
vn 0.0728 -0.9863 -0.1477
vn 0.0995 -0.9949 -0.0172
vn -0.7045 0.7065 -0.0668
vn -0.5574 0.8301 0.0153
vn -0.7069 0.7073 0.0109
vn -1.0000 0.0001 -0.0013
vn -0.9785 -0.2050 -0.0231
vn -0.7401 0.6668 0.0874
vn -0.7618 0.6477 0.0097
vn -0.0496 -0.9987 0.0076
vn 0.0018 -0.9925 -0.1224
vn -0.0020 0.9999 0.0161
vn -0.0016 0.9968 -0.0799
vn -0.0988 0.9918 -0.0812
vn 0.0063 0.0305 -0.9995
vn 0.0021 0.0175 -0.9998
vn 0.0945 0.0174 -0.9954
vn -0.9996 -0.0213 0.0183
vn 0.1908 0.9816 0.0007
vn 0.9965 -0.0203 -0.0814
vn 0.9951 0.0991 0.0020
vn -0.0015 -0.1158 0.9933
vn -0.1327 -0.0883 0.9872
vn -0.0759 0.7185 -0.6913
vn -0.0005 0.5728 -0.8197
vn 0.0012 0.7206 -0.6934
vn 0.5188 -0.6138 0.5950
vn 0.4683 -0.4809 0.7413
vn 0.0011 0.7746 -0.6325
vn -0.1009 0.7506 -0.6530
vn -0.1311 -0.9899 0.0540
vn -0.0001 -0.9998 -0.0175
vn -0.1062 -0.9942 -0.0175
vn 0.0009 0.1098 -0.9940
vn 0.0017 0.0109 -0.9999
vn 0.9893 -0.0683 -0.1293
vn 0.2388 0.2715 -0.9323
vn 0.4699 -0.7542 0.4586
vn 0.5760 -0.5878 0.5680
vn -0.9907 0.0964 -0.0959
vn -0.0984 -0.1141 0.9886
vn -0.2062 0.7385 -0.6420
vn -0.0973 0.7173 -0.6899
vn 0.0953 0.0802 0.9922
vn -0.0022 0.0804 0.9968
vn -0.7057 0.0177 -0.7083
vn -0.6045 0.0053 -0.7966
vn -0.7665 0.1672 -0.6201
vn -0.7032 0.7056 -0.0873
vn 0.0986 -0.9885 -0.1143
vn -0.7668 0.6240 -0.1503
vn 0.0028 1.0000 0.0061
vn -0.0880 0.9934 -0.0736
vn -0.0832 -0.0175 0.9964
vn -0.0558 0.1135 0.9920
vn -0.1060 0.1421 0.9842
vn 0.9904 0.0966 0.0987
vn 0.0223 -0.0045 -0.9997
vn 0.0994 -0.0799 -0.9918
vn 0.1005 0.0175 -0.9948
vn -0.0671 0.0868 -0.9940
vn 0.0327 0.0912 -0.9953
vn -0.9959 -0.0014 0.0900
vn -0.9999 0.0102 0.0034
vn -0.9953 -0.0015 0.0967
vn -0.9968 0.0734 0.0305
vn -0.0003 -0.9967 0.0809
vn -0.0989 -0.9949 -0.0176
vn 0.0967 0.9952 0.0174
vn 0.0303 0.9975 -0.0641
vn 0.0955 0.9888 0.1144
vn -0.0016 0.9998 0.0175
vn 0.0022 -0.0810 -0.9967
vn 0.0022 -0.0806 -0.9967
vn -0.0721 -0.0138 -0.9973
vn 0.9871 0.0202 -0.1589
vn -0.9922 0.0894 -0.0869
vn -0.0017 -0.9776 -0.2106
vn -0.1310 -0.9888 -0.0717
vn -0.1455 -0.9639 -0.2231
vn 0.9947 0.0837 -0.0598
vn 1.0000 -0.0001 -0.0093
vn 0.9947 0.0799 -0.0644
vn -0.3586 0.7362 -0.5740
vn -0.4495 0.6702 -0.5906
vn -0.4490 0.7048 -0.5492
vn 0.9961 -0.0707 0.0534
vn -0.2654 -0.6420 0.7193
vn -0.3571 -0.5817 0.7308
vn -0.2627 -0.6007 0.7551
vn 0.9945 0.0606 -0.0856
vn 0.9945 0.0649 -0.0820
vn -0.3577 0.7684 -0.5307
vn -0.4472 0.7366 -0.5074
vn -0.2683 -0.7943 0.5451
vn -0.3600 -0.8093 0.4642
vn -0.3632 -0.7677 0.5279
vn -0.2689 -0.7188 0.6411
vn -0.3626 -0.6571 0.6608
vn -0.2674 -0.6797 0.6830
vn 0.9947 0.0683 -0.0775
vn 0.9947 0.0726 -0.0734
vn 0.9961 -0.0674 0.0574
vn -0.3524 -0.5368 0.7666
vn -0.2582 -0.5545 0.7911
vn -0.3448 0.4969 -0.7964
vn -0.4397 0.5207 -0.7318
vn -0.3504 0.5429 -0.7632
vn -0.3537 0.5866 -0.7286
vn -0.4470 0.5993 -0.6640
vn -0.3573 0.6251 -0.6940
vn -0.3460 -0.4864 0.8023
vn -0.2530 -0.5015 0.8273
vn -0.3401 -0.4460 0.8279
vn -0.2477 -0.4594 0.8530
vn -0.3373 0.4215 -0.8417
vn -0.4274 0.4353 -0.7923
vn -0.3400 0.4532 -0.8240
vn 0.9943 0.0568 -0.0904
vn -0.3371 -0.4269 0.8391
vn -0.2456 -0.4392 0.8641
vn -0.3411 -0.4641 0.8175
vn -0.0418 -0.6497 0.7590
vn -0.2802 0.2153 -0.9355
vn -0.4221 0.4054 -0.8108
vn 0.9938 0.0483 -0.0999
vn 0.9941 0.0520 -0.0947
vn -0.3541 0.7994 -0.4853
vn -0.4442 0.7660 -0.4646
vn -0.3521 0.8244 -0.4432
vn -0.4403 0.7915 -0.4238
vn -0.2629 -0.8712 0.4147
vn -0.3521 -0.8588 0.3721
vn -0.3552 -0.8434 0.4033
vn 0.9960 -0.0742 0.0490
vn -0.3510 0.8403 -0.4131
vn -0.4370 0.8081 -0.3950
vn -0.3014 0.9355 -0.1841
vn -0.3967 0.8992 -0.1847
vn -0.2613 -0.8866 0.3816
vn -0.3613 -0.8038 0.4726
vn 0.9960 -0.0815 0.0375
vn -0.5209 0.6407 -0.5640
vn -0.5203 0.6738 -0.5246
vn -1.0000 0.0001 0.0093
vn -0.9972 0.0513 -0.0552
vn -0.3603 -0.6204 0.6966
vn -0.4373 -0.5593 0.7042
vn -0.9959 -0.0485 0.0768
vn -1.0000 -0.0000 0.0093
vn -0.9957 -0.0441 0.0810
vn -0.5181 0.7049 -0.4844
vn -0.5151 0.7333 -0.4438
vn -0.3640 -0.6949 0.6202
vn -0.4444 -0.7036 0.5545
vn -0.4445 -0.6680 0.5968
vn -0.4427 -0.6319 0.6362
vn -0.3642 -0.7315 0.5764
vn -0.4435 -0.7380 0.5085
vn -0.4488 0.6346 -0.6292
vn -0.4441 0.5619 -0.6979
vn -0.5179 0.5738 -0.6344
vn -0.5155 0.5383 -0.6667
vn -0.4256 -0.4687 0.7741
vn -0.9959 -0.0521 0.0739
vn -0.4339 0.4771 -0.7642
vn -0.5112 0.4981 -0.7004
vn -0.5054 0.4576 -0.7315
vn -0.4143 -0.4120 0.8115
vn -0.9955 -0.0418 0.0851
vn -0.4986 0.4183 -0.7592
vn -0.3753 0.2173 -0.9011
vn -0.4924 0.3905 -0.7779
vn -0.4542 -0.4293 0.7806
vn -0.9971 0.0670 -0.0372
vn -0.4399 -0.7790 0.4469
vn -0.4338 -0.8129 0.3887
vn -0.5112 0.7578 -0.4055
vn -0.5067 0.7746 -0.3785
vn -0.9967 0.0748 -0.0305
vn -0.9970 0.0705 -0.0334
vn -0.4297 -0.8281 0.3599
vn -0.4676 -0.7991 0.3780
vn -0.4692 0.8629 -0.1877
vn -0.2696 -0.7568 0.5955
vn 0.0649 0.9977 0.0218
vn -0.0376 0.9993 -0.0089
vn -0.1378 0.9901 -0.0252
vn -0.9962 -0.0639 0.0598
vn -0.9962 -0.0671 0.0555
vn -0.4405 -0.5967 0.6707
vn -0.9961 -0.0612 0.0635
vn 0.9956 -0.0881 0.0332
vn 0.9947 0.0763 -0.0689
vn -0.9961 -0.0756 0.0460
vn 0.0594 0.0333 -0.9977
vn 0.1557 -0.2431 -0.9574
vn -0.0434 0.0672 -0.9968
vn -0.1585 -0.1234 -0.9796
vn -0.1437 0.0856 -0.9859
vn -0.9971 0.0478 -0.0590
vn -0.3588 0.6621 -0.6579
vn -0.9971 0.0645 -0.0411
vn -0.5202 0.6072 -0.6006
vn 0.9954 0.0959 -0.0055
vn 0.9952 -0.0932 0.0307
vn 0.9935 0.1085 -0.0345
vn 0.9944 0.0912 -0.0537
vn -0.9957 0.0917 -0.0138
vn -0.9966 0.0769 -0.0284
vn -0.9958 -0.0800 0.0445
vn -0.9954 0.0954 0.0066
vn 1.0000 -0.0000 -0.0093
vn 0.9936 0.0457 -0.1035
vn 0.9961 -0.0603 0.0650
vn -0.4327 -0.5167 0.7388
vn -0.9968 0.0383 -0.0699
vn -1.0000 -0.0001 0.0094
vn 0.9961 -0.0636 0.0615
vn 0.9961 -0.0547 0.0687
vn -0.9961 -0.0578 0.0672
vn -0.2656 -0.8373 0.4779
vn -0.1845 0.1188 0.9756
vn -0.1020 0.0677 0.9925
vn -0.1805 0.1231 0.9758
vn -0.9962 -0.0715 0.0501
vn 1.0000 -0.0000 -0.0094
vn 0.9925 0.0299 -0.1182
vn 0.9956 -0.0466 0.0812
vn 0.9945 0.0016 -0.1046
vn -0.9953 -0.0408 0.0882
vn -0.9963 0.0083 -0.0854
vn -0.9995 -0.0323 -0.0073
vn -0.9962 0.0272 -0.0822
vn 0.2471 0.9598 0.1333
vn 0.4452 0.8876 0.1177
vn 0.9946 0.0874 -0.0558
vn -0.0780 0.9613 0.2644
vn -0.9970 0.0404 -0.0666
vn -0.3597 0.6995 -0.6175
vn -0.9960 -0.0552 0.0705
vn -0.9970 0.0451 -0.0631
vn 0.9960 -0.0515 0.0731
vn -0.4182 -0.4303 0.8000
vn -0.4500 0.2211 -0.8652
vn -0.9972 0.0546 -0.0517
vn -0.9972 0.0573 -0.0481
vn -0.9971 0.0608 -0.0449
vn 0.9960 -0.0777 0.0435
vn 0.9958 -0.0477 0.0777
vn -0.6882 0.5568 -0.4651
vn -0.6136 0.5674 -0.5492
vn -0.6486 0.5263 -0.5499
vn -0.0323 0.0045 0.9995
vn 0.6567 -0.7378 -0.1561
vn 0.6064 -0.7539 -0.2528
vn 0.6159 -0.7726 -0.1543
vn -0.1608 0.1440 0.9764
vn -0.1651 0.1402 0.9763
vn -0.7217 0.5134 -0.4643
vn -0.6809 0.4848 -0.5489
vn 0.8111 -0.5643 -0.1536
vn 0.8362 -0.4893 -0.2476
vn 0.7945 -0.5528 -0.2514
vn 0.7350 -0.6597 -0.1564
vn 0.6828 -0.6848 -0.2545
vn 0.6953 -0.7014 -0.1570
vn -0.1691 0.1366 0.9761
vn -0.1724 0.1317 0.9762
vn -0.0359 0.0004 0.9994
vn 0.5577 -0.7913 -0.2505
vn 0.5653 -0.8106 -0.1532
vn -0.4495 0.7776 -0.4396
vn -0.4642 0.7080 -0.5322
vn -0.4950 0.7447 -0.4477
vn -0.5384 0.7103 -0.4534
vn -0.5425 0.6404 -0.5437
vn -0.5775 0.6755 -0.4586
vn 0.4913 -0.8355 -0.2461
vn 0.4969 -0.8549 -0.1493
vn 0.4288 -0.8707 -0.2408
vn 0.4335 -0.8892 -0.1463
vn -0.3741 0.8224 -0.4286
vn -0.3799 0.7686 -0.5147
vn -0.4060 0.8050 -0.4327
vn -0.1567 0.1484 0.9764
vn 0.3973 -0.8864 -0.2377
vn 0.4023 -0.9038 -0.1457
vn 0.4289 -0.8706 -0.2410
vn 0.4877 -0.8729 0.0123
vn -0.1804 0.9156 -0.3594
vn -0.3503 0.7872 -0.5075
vn -0.0946 0.0689 0.9931
vn -0.1359 0.1414 0.9806
vn -0.1505 0.1508 0.9770
vn -0.7524 0.4689 -0.4626
vn -0.7110 0.4425 -0.5465
vn -0.7791 0.4271 -0.4589
vn -0.7372 0.4021 -0.5430
vn 0.8884 -0.4344 -0.1485
vn 0.8858 -0.3972 -0.2400
vn 0.8703 -0.4284 -0.2428
vn -0.0286 0.0088 0.9996
vn -0.7954 0.3967 -0.4582
vn -0.7544 0.3737 -0.5397
vn -0.8975 0.1720 -0.4060
vn -0.8516 0.1666 -0.4970
vn 0.9038 -0.4021 -0.1463
vn 0.8306 -0.4986 -0.2481
vn -0.0214 0.0202 0.9996
vn -0.5772 0.5361 -0.6160
vn -0.6109 0.4971 -0.6163
vn 0.1020 -0.0677 -0.9925
vn 0.0515 -0.0029 -0.9987
vn 0.6456 -0.7202 -0.2541
vn 0.5928 -0.7317 -0.3365
vn 0.1467 -0.1366 -0.9797
vn 0.0944 -0.0678 -0.9932
vn 0.1314 -0.1453 -0.9806
vn -0.6420 0.4575 -0.6152
vn -0.6714 0.4177 -0.6122
vn 0.7210 -0.6446 -0.2544
vn 0.7384 -0.5841 -0.3371
vn 0.7028 -0.6261 -0.3378
vn 0.6660 -0.6648 -0.3384
vn 0.7579 -0.6011 -0.2534
vn 0.7734 -0.5377 -0.3357
vn -0.5778 0.6057 -0.5471
vn -0.5052 0.6741 -0.5389
vn -0.5096 0.6063 -0.6104
vn -0.4743 0.6388 -0.6059
vn 0.4809 -0.8127 -0.3290
vn 0.1519 -0.1313 -0.9796
vn 0.1012 -0.0681 -0.9925
vn -0.4211 0.7405 -0.5239
vn -0.4359 0.6721 -0.5985
vn -0.3946 0.7035 -0.5911
vn 0.3889 -0.8649 -0.3174
vn 0.0753 -0.0568 -0.9955
vn 0.1077 -0.1496 -0.9829
vn -0.3569 0.7326 -0.5797
vn -0.1765 0.8750 -0.4509
vn -0.3300 0.7529 -0.5694
vn 0.4054 -0.8395 -0.3619
vn 0.0353 -0.0207 -0.9992
vn 0.8143 -0.4767 -0.3311
vn 0.8485 -0.4182 -0.3244
vn -0.6971 0.3799 -0.6081
vn -0.7139 0.3527 -0.6049
vn 0.0282 -0.0277 -0.9992
vn 0.0324 -0.0246 -0.9992
vn 0.8639 -0.3886 -0.3205
vn 0.6824 -0.5884 -0.4336
vn -0.8082 0.1653 -0.5653
vn 0.7733 -0.6148 -0.1553
vn -0.9992 -0.0120 -0.0373
vn -0.9900 0.0127 -0.1405
vn -0.9707 0.0231 -0.2392
vn 0.1648 -0.1180 -0.9792
vn 0.1682 -0.1142 -0.9791
vn 0.6304 -0.6991 -0.3375
vn 0.1615 -0.1217 -0.9793
vn -0.0153 0.0246 0.9996
vn -0.1766 0.1274 0.9760
vn 0.1767 -0.1047 -0.9787
vn -0.0244 0.9997 0.0001
vn -0.0305 0.9840 0.1754
vn -0.0490 0.9930 -0.1072
vn 0.1529 0.9514 -0.2674
vn -0.0608 0.9763 -0.2076
vn 0.0552 0.0008 -0.9985
vn -0.6145 0.6398 -0.4616
vn 0.0385 -0.0168 -0.9991
vn -0.5433 0.5731 -0.6135
vn -0.1962 0.0642 0.9785
vn -0.0104 0.0267 0.9996
vn -0.2086 0.0929 0.9736
vn -0.1924 0.1125 0.9748
vn 0.0111 -0.0439 -0.9990
vn 0.0254 -0.0296 -0.9992
vn 0.1812 -0.1028 -0.9781
vn 0.0074 -0.0640 -0.9979
vn -0.0774 0.0625 0.9950
vn -0.1135 0.1091 0.9875
vn -0.0433 -0.0068 0.9990
vn -0.1012 0.0681 0.9925
vn 0.5460 -0.7683 -0.3342
vn 0.0250 0.0741 -0.9969
vn 0.0488 -0.0272 -0.9984
vn -0.0397 -0.0030 0.9992
vn -0.0465 -0.0085 0.9989
vn 0.1583 -0.1253 -0.9794
vn 0.8539 -0.4982 -0.1508
vn 0.1716 -0.1088 -0.9791
vn -0.0550 0.0415 0.9976
vn -0.0753 0.0688 0.9948
vn -0.0105 -0.0325 0.9994
vn -0.0436 0.1254 0.9911
vn 0.0858 -0.1343 -0.9872
vn 0.0283 0.0784 -0.9965
vn 0.0650 -0.0253 -0.9976
vn 0.0117 0.1414 -0.9899
vn -0.9812 -0.1100 0.1588
vn -0.9164 -0.1713 0.3618
vn -0.1890 0.1147 0.9753
vn -0.9999 -0.0009 0.0154
vn 0.0470 0.0288 -0.9985
vn -0.6516 0.5997 -0.4645
vn 0.1555 -0.1285 -0.9795
vn 0.0565 0.0073 -0.9984
vn -0.0421 -0.0075 0.9991
vn 0.4194 -0.8488 -0.3219
vn -0.1751 0.8397 -0.5140
vn 0.0481 -0.0062 -0.9988
vn 0.0455 -0.0099 -0.9989
vn 0.0417 -0.0132 -0.9990
vn -0.0252 0.0140 0.9996
vn -0.0269 -0.0133 0.9995
vn -0.8881 -0.4173 0.1929
vn -0.6709 -0.7172 0.1887
vn -0.8861 -0.3650 0.2855
vn -0.7945 -0.6052 0.0509
vn -0.3786 -0.9134 0.1496
vn -0.7172 -0.6542 0.2401
vn -0.3920 -0.8853 0.2501
vn 0.3025 -0.9362 0.1791
vn -0.2507 -0.9672 0.0397
vn 0.0050 -0.9996 0.0289
vn 0.3325 -0.9151 0.2282
vn -0.0018 -0.9894 0.1454
vn -0.5318 -0.8463 0.0315
vn 0.0019 -0.9789 0.2042
vn 0.6852 -0.4474 0.5747
vn 0.8686 -0.1687 0.4658
vn 0.6711 -0.2532 0.6968
vn 0.7292 -0.1531 0.6670
vn 0.7413 -0.4848 0.4641
vn 0.8604 -0.3230 0.3941
vn 0.4193 -0.7357 0.5320
vn 0.1620 -0.7250 -0.6694
vn 0.0430 -0.6061 -0.7942
vn 0.3669 -0.5180 -0.7727
vn 0.3211 -0.7217 -0.6133
vn 0.1478 -0.9102 -0.3870
vn 0.0334 -0.8429 -0.5371
vn 0.2429 -0.8832 -0.4012
vn 0.5196 0.0876 0.8499
vn 0.5624 -0.4534 0.6915
vn 0.6151 -0.2687 0.7412
vn 0.4703 -0.1648 0.8670
vn 0.4678 -0.4798 0.7423
vn 0.6244 -0.4119 0.6637
vn 0.5315 -0.7422 0.4081
vn 0.0493 -0.9631 -0.2644
vn 0.1951 -0.9380 0.2864
vn 0.0451 -0.9989 -0.0119
vn 0.1562 -0.9876 -0.0167
vn 0.2417 -0.9172 0.3166
vn 0.2106 -0.9774 -0.0164
vn -0.8644 0.4955 0.0849
vn -0.9744 0.2244 -0.0135
vn -0.9952 -0.0928 0.0311
vn -0.8335 0.5318 0.1499
vn -0.8636 0.5041 0.0103
vn -0.6911 0.7228 0.0064
vn -0.5225 0.8297 0.1962
vn 0.5427 0.7463 0.3854
vn 0.4874 0.5149 0.7052
vn 0.6896 0.6337 0.3505
vn 0.3000 0.9200 0.2521
vn 0.7035 0.4645 0.5379
vn 0.2761 0.9086 0.3134
vn 0.3991 0.8636 0.3080
vn -0.3205 0.9463 0.0421
vn 0.2124 0.9647 0.1556
vn -0.0448 0.9902 0.1324
vn 0.4580 0.8533 0.2491
vn -0.0520 0.9862 0.1571
vn 0.0873 0.4928 -0.8657
vn 0.2917 0.3886 -0.8740
vn -0.0311 0.2218 -0.9746
vn -0.0127 0.5027 -0.8644
vn 0.1555 -0.0127 -0.9878
vn 0.1751 0.8402 -0.5132
vn 0.0918 0.7750 -0.6253
vn 0.1377 0.9642 0.2266
vn 0.0192 0.9514 -0.3075
vn 0.0313 0.9995 0.0015
vn 0.2345 0.8516 0.4689
vn 0.1114 0.9933 -0.0300
vn -0.0174 0.7272 -0.6862
vn 0.2363 0.9197 0.3136
vn 0.1387 0.9897 -0.0343
vn 0.3470 0.7537 0.5581
vn 0.3409 0.6336 0.6946
vn 0.4372 0.4688 0.7675
vn 0.3720 0.7711 0.5168
vn 0.2970 0.9093 0.2914
vn 0.9058 0.2399 0.3492
vn 0.8542 0.5072 0.1143
vn 0.5949 0.5275 0.6064
vn 0.6544 0.6421 0.3995
vn 0.5480 0.8178 0.1756
vn 0.1031 0.4949 0.8628
vn 0.3437 0.2288 0.9108
vn 0.0694 0.1140 0.9910
vn 0.1642 0.8475 0.5048
vn 0.3847 0.6350 0.6699
vn 0.4150 0.7980 0.4371
vn 0.1891 0.9478 0.2569
vn 0.1273 0.9792 0.1580
vn 0.9500 0.1643 -0.2654
vn 0.8508 0.0239 -0.5249
vn -0.0692 0.3829 -0.9212
vn -0.6697 0.7423 -0.0220
vn -0.6486 0.6697 -0.3617
vn -0.5633 0.7952 -0.2243
vn 0.3502 0.5594 -0.7513
vn 0.4499 0.3881 -0.8043
vn 0.2706 0.6639 -0.6972
vn 0.5148 0.2698 -0.8138
vn 0.7920 -0.1531 -0.5911
vn 0.5455 0.7579 -0.3578
vn 0.4769 0.7813 -0.4026
vn 0.5300 0.7571 -0.3819
vn -0.2219 0.8680 -0.4442
vn -0.1071 0.7920 -0.6010
vn -0.1071 0.7919 -0.6012
vn 0.4519 0.8099 -0.3740
vn 0.7160 0.6767 0.1715
vn -0.1573 0.2567 0.9536
vn -0.0163 0.4720 0.8815
vn -0.6498 0.7085 0.2754
vn -0.5566 0.7544 0.3479
vn -0.4118 0.8180 0.4016
vn -0.2449 0.8924 0.3789
vn -0.2475 0.8994 0.3603
vn -0.7352 0.1127 -0.6685
vn -0.6413 0.4411 -0.6279
vn -0.7735 0.3010 -0.5578
vn 0.3892 0.4080 0.8259
vn 0.3893 0.4079 0.8259
vn 0.3893 0.4080 0.8258
vn -0.3168 0.8415 0.4376
vn -0.4865 -0.8483 -0.2089
vn -0.5815 -0.7921 -0.1854
vn -0.8293 -0.2035 -0.5205
vn -0.8292 -0.2036 -0.5205
vn -0.8799 -0.3371 -0.3349
vn -0.7372 0.5276 -0.4220
vn -0.6438 0.6513 -0.4017
vn -0.0980 0.6805 -0.7262
vn -0.4392 0.6411 -0.6294
vn -0.2908 0.5703 -0.7682
vn -0.7064 0.5451 -0.4515
vn -0.6245 -0.7575 0.1903
vn -0.6048 -0.7706 0.2012
vn 0.8338 -0.1426 -0.5333
vn 0.9069 -0.3476 -0.2381
vn 0.5910 -0.0312 -0.8061
vn 0.5270 -0.5149 -0.6761
vn 0.5957 -0.5823 -0.5533
vn 0.2782 -0.7097 -0.6472
vn 0.4808 -0.4764 -0.7361
vn 0.1620 -0.5345 -0.8295
vn 0.2387 -0.1766 -0.9549
vn 0.1453 -0.1052 -0.9838
vn 0.3233 -0.2669 -0.9079
vn 0.3540 -0.9016 -0.2485
vn 0.1538 -0.8229 -0.5469
vn -0.0532 -0.9974 -0.0476
vn -0.1572 -0.9696 -0.1873
vn -0.4536 0.8912 -0.0060
vn -0.5424 -0.2121 -0.8129
vn -0.5423 -0.2120 -0.8130
vn -0.5423 -0.2121 -0.8130
vn -0.8061 0.5825 -0.1049
vn -0.7422 0.6647 0.0855
vn 0.4743 -0.8788 0.0523
vn 0.4753 -0.8763 0.0787
vn 0.4439 -0.7512 0.4886
vn -0.5111 -0.8548 0.0900
vn -0.2450 -0.9119 0.3292
vn -0.8279 -0.5350 0.1684
vn -0.6477 -0.6637 0.3742
vn -0.5374 -0.6068 0.5856
vn -0.7960 -0.4361 0.4198
vn -0.9654 -0.1923 0.1760
vn -0.8609 -0.1935 0.4705
vn -0.9571 -0.1849 0.2232
vn -0.2456 -0.3612 0.8996
vn -0.5120 -0.1201 0.8505
vn -0.6482 -0.3986 0.6488
vn -0.6380 0.4194 0.6458
vn -0.4932 0.1867 0.8496
vn -0.4511 0.1295 0.8830
vn -0.8837 0.3329 0.3289
vn -0.7922 0.4445 -0.4181
vn -0.8638 0.3104 0.3968
vn -0.8210 0.5237 0.2274
vn -0.2897 0.7876 -0.5438
vn -0.4371 0.6545 -0.6169
vn -0.6320 -0.2112 0.7456
vn -0.6819 -0.1576 0.7143
vn -0.6898 -0.1486 0.7086
vn -0.5924 -0.2499 0.7659
vn 0.4902 0.8387 0.2372
vn 0.1198 0.9273 -0.3547
vn 0.6010 0.7519 0.2710
vn 0.3379 0.9252 -0.1729
vn 0.0857 0.7177 -0.6911
vn 0.4348 0.8960 -0.0903
vn 0.2173 0.9069 -0.3609
vn 0.8904 -0.3245 0.3191
vn 0.7879 -0.2009 0.5820
vn 0.7880 -0.5866 0.1868
vn 0.8913 -0.4437 0.0936
vn 0.8905 -0.0995 0.4439
vn 0.7485 -0.0227 0.6627
vn 0.9222 0.2829 -0.2637
vn 0.9222 0.2825 -0.2639
vn 0.8875 0.0798 -0.4539
vn 0.1376 0.4273 -0.8936
vn 0.6114 -0.2116 -0.7625
vn 0.3406 0.2088 -0.9167
vn 0.6082 -0.2460 -0.7547
vn 0.2167 0.3972 -0.8918
vn 0.4390 0.1246 -0.8898
vn -0.8450 -0.2517 0.4718
vn -0.9234 0.3614 0.1291
vn -0.7718 -0.1323 0.6219
vn -0.9010 0.2308 0.3674
vn -0.7144 0.6868 0.1338
vn -0.8173 0.3906 0.4236
vn -0.6763 0.6500 0.3467
vn 0.2257 -0.2476 0.9422
vn 0.2049 -0.5975 0.7752
vn 0.5822 -0.1995 0.7882
vn 0.3067 -0.1052 0.9460
vn 0.0974 -0.3315 0.9384
vn 0.0310 -0.6739 0.7381
vn 0.0270 -0.0524 0.9983
vn -0.3901 0.9104 0.1379
vn 0.2450 0.8336 0.4951
vn -0.2607 0.8881 0.3785
vn 0.2568 0.7448 0.6158
vn -0.4245 0.7964 0.4308
vn -0.1274 0.9190 -0.3732
vn -0.3923 0.9129 -0.1125
vn -0.1098 0.7129 -0.6926
vn -0.3665 0.8616 -0.3513
vn -0.7086 0.6985 -0.0997
vn -0.5809 0.5824 -0.5686
vn -0.6711 0.6698 -0.3178
vn -0.3858 0.1387 -0.9121
vn -0.1251 0.4002 -0.9079
vn -0.7033 0.1198 -0.7008
vn -0.3637 0.3752 -0.8526
vn -0.3287 0.6771 -0.6583
vn -0.9155 0.3840 -0.1199
vn -0.9138 0.1304 -0.3848
vn -0.8594 0.3655 -0.3575
vn -0.6689 0.3363 -0.6629
vn 0.2361 -0.4524 -0.8600
vn -0.3680 -0.1084 -0.9235
vn 0.2724 -0.6066 -0.7469
vn -0.2411 -0.3495 -0.9054
vn -0.6970 -0.1128 -0.7081
vn -0.4040 -0.4068 -0.8193
vn -0.6614 -0.3279 -0.6746
vn 0.2375 -0.9464 0.2188
vn 0.5833 -0.7894 0.1911
vn 0.2030 -0.7962 0.5700
vn 0.1049 -0.9484 0.2991
vn 0.3182 -0.9441 0.0858
vn 0.6601 -0.7511 0.0143
vn 0.0448 -0.9988 0.0221
vn -0.9174 -0.1196 -0.3795
vn -0.8279 -0.5006 0.2529
vn -0.8955 -0.3643 -0.2559
vn -0.7350 -0.6264 0.2596
vn -0.8066 -0.4163 -0.4197
vn 0.9816 0.1482 -0.1204
vn 0.8128 0.4924 -0.3113
vn 0.9041 0.4195 -0.0806
vn 0.9558 0.1801 -0.2324
vn 0.7547 0.5306 -0.3858
vn 0.7568 0.6058 -0.2456
vn 0.6473 0.7600 -0.0584
vn 0.6418 0.6417 -0.4199
vn -0.3578 0.4410 -0.8231
vn -0.5554 -0.0437 -0.8304
vn -0.6009 0.3074 -0.7378
vn -0.3686 0.5441 -0.7537
vn 0.2742 -0.0108 -0.9616
vn 0.0238 0.2059 -0.9783
vn 0.4007 -0.1139 -0.9091
vn -0.1173 0.6102 -0.7835
vn -0.1867 0.6370 -0.7479
vn 0.3241 0.9429 -0.0768
vn -0.1740 0.9393 -0.2955
vn 0.1161 0.9599 -0.2553
vn -0.4333 0.7231 -0.5380
vn 0.2327 0.9313 -0.2801
vn 0.0728 0.9332 -0.3520
vn 0.9199 0.3783 0.1036
vn 0.9203 0.0922 0.3801
vn 0.7034 0.7031 0.1042
vn 0.8487 0.3678 0.3800
vn 0.7029 0.0804 0.7068
vn 0.6596 0.6561 0.3666
vn 0.6593 0.3448 0.6682
vn 0.0952 0.9139 0.3945
vn 0.3761 0.9197 0.1131
vn 0.0896 0.6922 0.7161
vn 0.3716 0.8433 0.3882
vn 0.3524 0.6507 0.6726
vn 0.3764 0.0822 0.9228
vn 0.0951 0.3630 0.9269
vn 0.3711 0.3589 0.8564
vn -0.2853 0.5329 0.7966
vn -0.1623 0.1310 0.9780
vn -0.0837 0.4075 0.9093
vn -0.2573 0.8194 0.5122
vn -0.8579 0.1729 0.4839
vn -0.5599 0.5030 0.6584
vn -0.9203 0.0884 0.3811
vn -0.5490 0.8006 0.2400
vn -0.2887 0.9461 -0.1466
vn -0.0905 0.9380 0.3348
vn -0.5007 0.7720 -0.3915
vn -0.2562 0.9590 0.1215
vn -0.0705 0.7544 0.6526
vn -0.5332 0.8311 -0.1583
vn -0.7574 0.5525 -0.3480
vn -0.6952 0.4320 -0.5744
vn -0.8208 0.2282 -0.5237
vn -0.7635 0.5983 -0.2431
vn 0.9212 -0.3757 -0.1018
vn 0.9214 -0.0896 -0.3783
vn 0.9908 -0.0945 -0.0966
vn 0.7049 -0.7018 -0.1028
vn 0.8505 -0.3659 -0.3779
vn 0.7054 -0.0789 -0.7044
vn 0.6627 -0.6536 -0.3655
vn 0.6628 -0.3431 -0.6656
vn 0.0992 -0.9135 -0.3945
vn 0.3799 -0.9181 -0.1130
vn 0.0943 -0.6917 -0.7160
vn 0.3750 -0.8421 -0.3876
vn 0.3575 -0.6486 -0.6720
vn 0.3805 -0.0805 -0.9213
vn 0.0999 -0.3625 -0.9266
vn 0.3753 -0.3581 -0.8549
vn 0.9095 0.0393 -0.4139
vn 0.9693 0.2330 -0.0789
vn 0.8893 0.0276 -0.4565
vn 0.7437 0.0527 -0.6665
vn 0.3874 0.6172 -0.6848
vn 0.5599 0.5711 -0.6003
vn 0.7177 0.4817 -0.5028
vn 0.4502 0.4993 -0.7403
vn 0.2788 0.6817 -0.6764
vn -0.1801 0.2937 -0.9388
vn 0.3275 0.0840 -0.9411
vn -0.4049 0.5561 -0.7258
vn -0.2639 0.5428 -0.7973
vn 0.4467 0.1011 -0.8889
vn 0.6774 0.0465 -0.7342
vn -0.6862 0.7116 -0.1509
vn -0.6443 0.6958 -0.3174
vn -0.5473 0.6469 -0.5310
vn -0.1732 0.8492 -0.4988
vn -0.1732 0.8493 -0.4986
vn -0.1732 0.8492 -0.4989
vn -0.2919 0.5621 -0.7738
vn -0.8403 0.0995 -0.5329
vn -0.1017 -0.9790 -0.1766
vn -0.2792 -0.7790 -0.5614
vn -0.0785 -0.8950 -0.4392
vn -0.8555 -0.4803 -0.1936
vn -0.5541 -0.6429 -0.5288
vn -0.2514 -0.4844 -0.8380
vn -0.0648 -0.6261 -0.7770
vn -0.5442 -0.2123 -0.8116
vn -0.7549 0.3670 -0.5435
vn -0.8206 0.5302 -0.2132
vn -0.6940 0.5880 -0.4154
vn -0.5302 0.1860 -0.8272
vn -0.7615 0.2636 -0.5921
vn -0.0857 -0.3020 -0.9495
vn -0.2849 0.1788 -0.9417
vn -0.2509 -0.0890 -0.9639
vn -0.4979 0.4183 -0.7596
vn -0.5159 -0.7922 -0.3260
vn -0.1471 -0.9032 -0.4031
vn -0.4237 -0.9005 -0.0973
vn -0.8288 -0.4927 -0.2652
vn -0.4961 -0.7715 -0.3983
vn -0.8053 -0.2162 -0.5521
vn -0.9433 0.1691 -0.2856
vn -0.9439 -0.3164 -0.0950
vn -0.7652 0.4140 -0.4931
vn -0.9613 -0.0999 -0.2568
vn -0.7658 -0.6380 -0.0800
vn -0.8283 0.1820 -0.5299
vn -0.1437 0.5547 -0.8195
vn -0.5152 0.3595 -0.7780
vn -0.4223 0.5941 -0.6846
vn -0.1460 0.3877 -0.9101
vn -0.4963 0.2935 -0.8170
vn -0.0978 -0.9271 0.3619
vn -0.3794 -0.9217 0.0810
vn -0.0976 -0.9921 0.0792
vn -0.0928 -0.7163 0.6915
vn -0.3740 -0.8555 0.3581
vn -0.7047 -0.7052 0.0787
vn -0.3559 -0.6731 0.6483
vn -0.6614 -0.6676 0.3418
vn -0.3800 -0.1135 0.9180
vn -0.0982 -0.3937 0.9140
vn -0.7052 -0.1037 0.7014
vn -0.3742 -0.3873 0.8426
vn -0.6622 -0.3657 0.6540
vn -0.9207 -0.3799 0.0891
vn -0.9210 -0.1034 0.3755
vn -0.8499 -0.3792 0.3658
vn -0.2087 0.0317 0.9775
vn -0.5995 0.1744 0.7812
vn -0.5374 0.1003 0.8374
vn -0.3682 0.1526 0.9171
vn -0.5222 0.4565 0.7204
vn -0.7680 0.2041 0.6070
vn -0.7314 0.0852 0.6766
vn 0.7381 -0.6541 0.1655
vn -0.5086 0.7427 -0.4356
vn -0.2699 0.8593 -0.4345
vn -0.4594 0.6907 -0.5585
vn -0.6421 0.6200 -0.4509
vn -0.5203 0.8394 -0.1569
vn -0.9435 0.0609 0.3257
vn -0.9430 0.2810 -0.1785
vn -0.8067 0.1763 0.5641
vn -0.8913 0.3792 -0.2486
vn -0.7354 0.5098 -0.4463
vn 0.4007 -0.1681 -0.9006
vn 0.7077 -0.1764 -0.6841
vn 0.5981 -0.2591 -0.7584
vn 0.5966 -0.0324 -0.8019
vn 0.9071 -0.1520 -0.3925
vn 0.6432 -0.2240 -0.7322
vn 0.8772 -0.2519 -0.4088
vn 0.9356 -0.2066 0.2863
vn 0.9637 -0.0465 -0.2628
vn 0.9989 -0.0463 -0.0062
vn 0.9136 -0.2567 0.3152
vn 0.9864 -0.1632 -0.0170
vn 0.8409 -0.0259 -0.5405
vn 0.9750 -0.2217 -0.0167
vn 0.4430 -0.6080 0.6589
vn 0.1678 -0.5007 0.8492
vn 0.2465 -0.7254 0.6426
vn 0.1478 -0.6967 0.7020
vn 0.4833 -0.4998 0.7188
vn 0.3238 -0.4314 0.8421
vn 0.7300 -0.5604 0.3913
vn 0.7389 0.6494 0.1797
vn 0.6209 0.7811 0.0666
vn 0.5328 0.7516 0.3889
vn 0.7358 0.5880 0.3359
vn 0.9182 0.3652 0.1535
vn 0.8528 0.5203 0.0453
vn 0.8916 0.3777 0.2496
vn -0.0973 -0.8670 0.4888
vn 0.4471 -0.7196 0.5312
vn 0.2618 -0.7680 0.5845
vn 0.1540 -0.8863 0.4368
vn 0.4714 -0.7673 0.4348
vn 0.4069 -0.6928 0.5954
vn 0.7409 -0.4393 0.5080
vn 0.9681 0.2455 0.0495
vn 0.9342 -0.3108 0.1751
vn 0.9994 -0.0063 0.0348
vn 0.9891 -0.0066 0.1473
vn 0.9139 -0.3408 0.2204
vn 0.9794 -0.0084 0.2018
vn -0.4974 -0.0688 -0.8648
vn -0.2329 0.0537 -0.9710
vn -0.3835 -0.2716 -0.8827
vn 0.0005 -0.1391 -0.9903
vn -0.5121 0.0304 -0.8584
vn -0.7299 0.0320 -0.6828
vn -0.8384 -0.1625 -0.5203
vn -0.7542 -0.3681 0.5438
vn -0.4771 -0.4593 0.7493
vn -0.6327 -0.3655 0.6827
vn -0.9217 -0.2469 0.2992
vn -0.7757 -0.3907 0.4956
vn -0.9114 -0.3076 0.2732
vn -0.9501 -0.0141 -0.3118
vn -0.9656 -0.1461 0.2149
vn -0.9928 -0.1132 -0.0393
vn -0.8538 -0.2508 0.4562
vn -0.9893 -0.1379 -0.0476
vn -0.4782 0.8693 0.1251
vn -0.3700 0.8694 0.3275
vn -0.2057 0.9786 0.0078
vn -0.4872 0.8729 0.0248
vn 0.0312 0.9809 0.1920
vn -0.8295 0.5207 0.2019
vn -0.7663 0.6302 0.1246
vn -0.9667 -0.2150 0.1387
vn -0.9455 0.3230 0.0404
vn -0.9990 0.0149 0.0415
vn -0.8571 -0.4633 0.2251
vn -0.9915 0.0432 0.1224
vn -0.7154 0.6985 0.0157
vn -0.9236 -0.3043 0.2331
vn -0.9876 0.0464 0.1497
vn -0.7608 -0.5563 0.3341
vn -0.6431 -0.6952 0.3211
vn -0.4831 -0.7731 0.4111
vn -0.7778 -0.5147 0.3607
vn -0.9112 -0.2875 0.2951
vn 0.3591 0.6381 0.6811
vn 0.1556 0.7015 0.6955
vn 0.3686 0.7289 0.5769
vn 0.0123 0.8292 0.5588
vn 0.1021 0.4088 0.9069
vn 0.2195 0.9292 0.2975
vn 0.1993 0.4174 0.8866
vn 0.1390 0.5334 0.8344
vn 0.1456 -0.2670 0.9526
vn 0.0062 0.2930 0.9561
vn 0.0019 0.0403 0.9992
vn 0.1924 -0.3104 0.9309
vn 0.1091 0.0295 0.9936
vn -0.0066 0.5707 0.8211
vn 0.1615 0.0217 0.9866
vn 0.4917 -0.7026 0.5144
vn 0.4277 -0.8694 0.2476
vn 0.5180 -0.8538 -0.0518
vn 0.5514 -0.6862 0.4745
vn 0.4051 -0.7451 0.5298
vn 0.3612 -0.8442 0.3960
vn 0.4585 -0.4296 0.7780
vn -0.7261 -0.1441 0.6724
vn -0.8412 -0.0256 0.5402
vn -0.9116 -0.2628 0.3162
vn -0.7648 -0.1981 0.6131
vn -0.4593 -0.0964 0.8831
vn -0.6055 0.0079 0.7958
vn -0.4691 -0.1945 0.8615
vn 0.8025 -0.5925 0.0702
vn 0.6585 -0.5209 0.5432
vn 0.6684 -0.6483 0.3647
vn 0.8604 -0.4330 0.2689
vn 0.7103 -0.4111 0.5713
vn 0.7309 -0.6257 0.2724
vn 0.3550 -0.4668 0.8100
vn 0.4365 -0.4358 0.7871
vn -0.3432 0.0088 0.9392
vn 0.2119 -0.1221 0.9696
vn -0.0953 0.0235 0.9952
vn -0.0963 -0.0890 0.9914
vn 0.2426 -0.1688 0.9553
vn -0.0946 -0.1436 0.9851
vn 0.0945 0.8238 -0.5590
vn -0.0252 0.9520 -0.3050
vn 0.2904 0.8252 -0.4845
vn 0.1417 0.9850 -0.0989
vn -0.0001 0.8262 -0.5634
vn 0.0054 0.6427 -0.7661
vn 0.1923 0.4622 -0.8657
vn 0.3682 -0.6225 -0.6905
vn 0.4379 -0.8179 -0.3731
vn 0.3571 -0.7518 -0.5543
vn 0.2653 -0.3710 -0.8899
vn 0.3958 -0.5891 -0.7045
vn 0.3269 -0.3581 -0.8746
vn 0.0505 0.2729 -0.9607
vn 0.1699 -0.2663 -0.9488
vn 0.1440 -0.0126 -0.9895
vn 0.2636 -0.5226 -0.8108
vn 0.1708 -0.0099 -0.9853
vn -0.8164 -0.1244 -0.5639
vn -0.9988 -0.0434 0.0232
vn -0.9528 -0.0123 -0.3034
vn -0.8189 -0.0477 -0.5720
vn -0.7878 -0.1901 -0.5858
vn -0.4366 -0.2469 -0.8651
vn 0.3109 -0.1959 -0.9300
vn -0.2245 -0.0937 -0.9699
vn 0.0876 -0.0998 -0.9911
vn 0.5449 -0.2774 -0.7913
vn 0.0583 -0.1796 -0.9820
vn -0.6218 -0.0531 -0.7813
vn 0.3954 -0.2877 -0.8723
vn 0.0529 -0.2064 -0.9770
vn 0.6215 -0.4035 -0.6716
vn 0.7538 -0.3627 -0.5479
vn 0.5556 -0.7105 -0.4319
vn 0.7576 -0.5324 -0.3777
vn 0.3742 -0.3491 -0.8591
vn -0.3167 -0.8966 -0.3095
vn -0.2989 -0.8961 -0.3281
vn -0.4693 -0.7596 -0.4503
vn -0.4426 -0.7600 -0.4759
vn -0.6690 -0.2406 -0.7033
vn -0.7322 0.0151 -0.6809
vn -0.6914 0.0171 -0.7223
vn -0.3338 -0.8961 -0.2925
vn -0.4924 -0.7601 -0.4240
vn -0.7089 -0.2408 -0.6629
vn -0.7685 0.0128 -0.6397
vn 0.2883 -0.9137 0.2863
vn 0.2688 -0.9145 0.3025
vn 0.4322 -0.7885 0.4376
vn 0.6118 -0.3322 0.7178
vn 0.6895 -0.0863 0.7192
vn 0.6555 -0.3312 0.6787
vn 0.2484 -0.9147 0.3186
vn 0.4032 -0.7885 0.4644
vn 0.5638 -0.3325 0.7560
vn 0.6437 -0.0879 0.7602
vn -0.2603 -0.8947 -0.3629
vn -0.2797 -0.8955 -0.3461
vn -0.3864 -0.7572 -0.5266
vn -0.6255 -0.2390 -0.7427
vn -0.6012 0.0191 -0.7989
vn -0.5813 -0.2366 -0.7785
vn -0.4152 -0.7587 -0.5020
vn -0.6465 0.0178 -0.7627
vn 0.3060 -0.9134 0.2684
vn 0.3214 -0.9129 0.2515
vn 0.4607 -0.7863 0.4118
vn 0.4828 -0.7862 0.3857
vn 0.7286 -0.3303 0.6000
vn 0.7314 -0.0862 0.6765
vn 0.7676 -0.0859 0.6352
vn 0.6945 -0.3299 0.6394
vn 0.3371 -0.9118 0.2343
vn 0.3523 -0.9111 0.2141
vn 0.5069 -0.7835 0.3595
vn 0.5313 -0.7810 0.3282
vn 0.7944 -0.3267 0.5120
vn 0.8019 -0.0870 0.5911
vn 0.8370 -0.0869 0.5402
vn 0.7608 -0.3290 0.5594
vn -0.3492 -0.8962 -0.2735
vn -0.5151 -0.7597 -0.3969
vn -0.7441 -0.2425 -0.6225
vn -0.8029 0.0108 -0.5960
vn -0.3660 -0.8954 -0.2534
vn -0.5392 -0.7576 -0.3677
vn -0.7775 -0.2444 -0.5794
vn -0.8366 0.0078 -0.5477
vn -0.3833 -0.8937 -0.2331
vn -0.5619 -0.7551 -0.3377
vn -0.8107 -0.2444 -0.5320
vn -0.8677 0.0059 -0.4970
vn -0.4015 -0.8906 -0.2137
vn -0.5847 -0.7493 -0.3110
vn -0.8416 -0.2432 -0.4822
vn -0.8937 0.0047 -0.4485
vn 0.3705 -0.9087 0.1923
vn 0.3868 -0.9052 0.1761
vn 0.5577 -0.7764 0.2936
vn 0.5797 -0.7694 0.2683
vn 0.8507 -0.3191 0.4177
vn 0.8713 -0.0864 0.4832
vn 0.8948 -0.0848 0.4384
vn 0.8272 -0.3239 0.4592
vn -0.4483 -0.8856 -0.1214
vn -0.3793 -0.9253 -0.0083
vn -0.8226 -0.5365 -0.1886
vn -0.7093 -0.7049 0.0022
vn -0.9793 -0.0608 -0.1931
vn -0.9303 -0.3665 0.0121
vn -0.1838 -0.9777 -0.1017
vn -0.6067 -0.7391 -0.2925
vn -0.8694 -0.2382 -0.4328
vn -0.9104 0.0107 -0.4136
vn -0.6192 -0.7309 -0.2868
vn -0.8890 -0.2223 -0.4003
vn 0.3976 -0.9017 0.1698
vn 0.5898 -0.7652 0.2580
vn 0.9049 -0.0806 0.4178
vn 0.8624 -0.3131 0.3977
vn 0.2211 -0.9145 0.3388
vn 0.3715 -0.7883 0.4906
vn 0.5016 -0.3315 0.7991
vn 0.5925 -0.0889 0.8006
vn 0.1989 -0.9107 0.3621
vn 0.3294 -0.7854 0.5240
vn 0.4436 -0.3254 0.8351
vn 0.5238 -0.0899 0.8471
vn -0.2236 -0.8896 -0.3982
vn -0.2413 -0.8933 -0.3793
vn -0.3347 -0.7492 -0.5716
vn -0.5351 -0.2349 -0.8115
vn -0.5098 0.0223 -0.8600
vn -0.4897 -0.2266 -0.8419
vn -0.3594 -0.7541 -0.5497
vn -0.5543 0.0194 -0.8321
vn 0.0005 -0.9176 -0.3975
vn 0.0007 -0.6898 -0.7240
vn 0.0002 -0.3461 -0.9382
vn -0.1233 -0.8812 -0.4565
vn -0.2169 -0.5192 -0.8266
vn -0.2378 -0.0246 -0.9710
vn 0.1885 -0.9060 0.3790
vn 0.2919 -0.7763 0.5587
vn 0.4121 -0.3157 0.8547
vn 0.4587 -0.0861 0.8844
vn 0.4265 -0.0793 0.9010
vn 0.2769 -0.7674 0.5782
vn 0.4043 -0.3194 0.8570
vn -0.2132 -0.8855 -0.4130
vn -0.4595 -0.2102 -0.8629
vn -0.3184 -0.7401 -0.5924
vn -0.4776 0.0292 -0.8781
vn -0.5013 0.6976 -0.5120
vn -0.5317 0.6963 -0.4823
vn -0.3628 0.8577 -0.3644
vn -0.3850 0.8568 -0.3431
vn -0.2019 0.9600 -0.1941
vn -0.2141 0.9597 -0.1821
vn -0.5597 0.6938 -0.4533
vn -0.4053 0.8555 -0.3221
vn -0.2253 0.9593 -0.1704
vn 0.4931 0.6355 0.5941
vn 0.5277 0.6356 0.5635
vn 0.3576 0.8253 0.4370
vn 0.3824 0.8258 0.4145
vn 0.1958 0.9488 0.2479
vn 0.2095 0.9490 0.2357
vn 0.4547 0.6338 0.6258
vn 0.3296 0.8244 0.4601
vn 0.1805 0.9485 0.2602
vn -0.4686 0.6985 -0.5409
vn -0.4367 0.6968 -0.5689
vn -0.3394 0.8580 -0.3855
vn -0.3165 0.8570 -0.4067
vn -0.1893 0.9599 -0.2067
vn -0.1760 0.9600 -0.2179
vn 0.5893 0.6345 0.5001
vn 0.5607 0.6354 0.5308
vn 0.4283 0.8243 0.3701
vn 0.4067 0.8255 0.3914
vn 0.2349 0.9486 0.2118
vn 0.2234 0.9487 0.2239
vn 0.6469 0.6293 0.4306
vn 0.6174 0.6323 0.4680
vn 0.4710 0.8219 0.3203
vn 0.4477 0.8246 0.3458
vn 0.2588 0.9480 0.1852
vn 0.2458 0.9487 0.1991
vn -0.5865 0.6911 -0.4225
vn -0.4253 0.8539 -0.2998
vn -0.2370 0.9585 -0.1583
vn -0.6142 0.6867 -0.3889
vn -0.4470 0.8507 -0.2766
vn -0.2499 0.9573 -0.1456
vn -0.6413 0.6808 -0.3540
vn -0.4671 0.8478 -0.2512
vn -0.2625 0.9558 -0.1322
vn -0.6667 0.6725 -0.3214
vn -0.4885 0.8421 -0.2286
vn -0.2754 0.9539 -0.1196
vn 0.7016 0.6169 0.3566
vn 0.6779 0.6237 0.3892
vn 0.5165 0.8128 0.2694
vn 0.4963 0.8176 0.2919
vn 0.2858 0.9451 0.1583
vn 0.2727 0.9470 0.1698
vn -0.9072 0.4190 -0.0378
vn -0.7541 0.6378 -0.1570
vn -0.6839 0.7293 -0.0217
vn -0.5561 0.8236 -0.1116
vn -0.3689 0.9294 -0.0024
vn -0.3176 0.9465 -0.0576
vn -0.6852 0.6644 -0.2984
vn -0.5067 0.8352 -0.2138
vn -0.2872 0.9513 -0.1119
vn 0.7134 0.6116 0.3420
vn 0.5279 0.8088 0.2593
vn 0.2938 0.9435 0.1535
vn 0.4039 0.6297 0.6636
vn 0.2938 0.8216 0.4885
vn 0.1613 0.9476 0.2756
vn 0.3573 0.6205 0.6981
vn 0.2623 0.8147 0.5171
vn 0.1454 0.9448 0.2936
vn -0.4031 0.6958 -0.5945
vn -0.3730 0.6905 -0.6198
vn -0.2922 0.8567 -0.4251
vn -0.2715 0.8528 -0.4461
vn -0.1632 0.9596 -0.2292
vn -0.1513 0.9586 -0.2414
vn -0.0587 0.4340 -0.8990
vn -0.0448 0.7394 -0.6718
vn -0.0243 0.9353 -0.3529
vn -0.1974 0.6655 -0.7199
vn -0.1464 0.8397 -0.5229
vn -0.0852 0.9531 -0.2905
vn 0.3344 0.6113 0.7173
vn 0.2477 0.8071 0.5359
vn 0.1383 0.9418 0.3064
vn -0.3521 0.6854 -0.6374
vn -0.2579 0.8485 -0.4621
vn -0.1446 0.9569 -0.2517
vn 0.8127 0.3505 0.4656
vn 0.4501 -0.1201 -0.8849
vn 0.4857 0.3501 0.8009
vn 0.9473 0.1813 -0.2642
vn 0.0591 -0.2418 -0.9685
vn 0.6934 0.3579 0.6253
vn -0.9688 -0.2357 0.0760
vn 0.4477 0.3509 0.8225
vn -0.3958 0.9182 0.0134
vn -0.7174 0.6966 0.0096
vn -0.9275 0.3738 0.0045
vn -0.3797 0.0162 -0.9250
vn -0.9229 0.0067 -0.3851
vn -0.7048 0.0125 -0.7093
vn 0.2673 -0.6922 0.6704
vn 0.0245 -0.7625 0.6465
vn -0.8780 -0.3448 0.3319
vn 0.0688 -0.7178 0.6929
vn -0.5701 -0.5915 0.5702
vn 0.0001 0.3958 -0.9183
vn -0.0006 0.7186 -0.6955
vn -0.0012 0.9305 -0.3663
vn 0.6833 -0.2637 0.6809
vn 0.6584 -0.0080 0.7526
vn 0.2897 0.9069 0.3061
vn 0.7055 -0.0511 0.7069
vn 0.6807 -0.6872 0.2539
vn 0.7498 -0.6616 0.0077
vn 0.3631 -0.3485 -0.8641
vn 0.6111 -0.6031 -0.5127
vn 0.7047 -0.7078 0.0489
vn 0.9162 0.4006 0.0056
vn 0.9094 0.4158 0.0057
vn 0.6724 0.7401 0.0101
vn 0.8903 0.4553 0.0062
vn 0.4345 0.9006 0.0123
vn 0.3254 0.9455 0.0128
vn 0.0843 0.9933 -0.0788
vn -0.1227 0.9924 0.0076
vn -0.0022 0.9290 0.3702
vn -0.0025 0.8174 0.5761
vn -0.0026 0.7104 0.7038
vn -0.0025 0.3804 0.9248
vn -0.3214 0.8944 -0.3112
vn -0.5358 0.7090 -0.4585
vn -0.5601 0.6137 -0.5565
vn -0.6584 0.3628 -0.6595
vn -0.6820 0.2564 -0.6850
vn -0.4642 0.7586 -0.4573
vn 0.9156 0.0080 -0.4021
vn 0.6846 0.0135 -0.7288
vn 0.3637 0.0166 -0.9314
vn 0.4562 0.0158 -0.8897
vn 0.0734 0.1186 -0.9902
vn 0.0024 -0.9079 -0.4192
vn 0.0025 -0.7469 -0.6649
vn 0.0025 -0.6723 -0.7403
vn 0.0026 -0.5484 -0.8362
vn 0.0025 -0.3499 -0.9368
vn -0.1325 0.0317 -0.9907
vn -0.3250 0.3427 -0.8815
vn -0.4320 0.4480 -0.7827
vn -0.5509 0.5635 -0.6156
vn -0.5306 0.5445 -0.6496
vn -0.6704 0.6770 -0.3038
vn -0.4440 0.4598 -0.7691
vn -0.9922 -0.0695 -0.1030
vn -0.9338 -0.3578 -0.0076
vn -0.7343 -0.6787 -0.0130
vn -0.8642 0.3457 -0.3656
vn -0.4078 -0.9129 -0.0166
vn -0.9840 -0.1171 0.1343
vn -0.9331 -0.0102 0.3594
vn -0.7290 -0.0118 0.6844
vn -0.4025 -0.0159 0.9153
vn -0.9920 0.1260 -0.0088
vn -0.8250 -0.0097 0.5651
vn -0.5188 -0.0148 0.8548
vn -0.9005 0.3128 -0.3022
vn -0.7944 0.4369 -0.4220
vn -0.6212 0.5848 -0.5216
vn -0.3107 0.6852 -0.6588
vn -0.8005 0.4310 -0.4165
vn 0.3812 0.9244 0.0162
vn 0.7059 0.7082 0.0125
vn 0.9235 0.3835 0.0069
vn -0.0025 0.3667 0.9303
vn -0.0026 0.6947 0.7193
vn -0.0026 0.9167 0.3996
vn -0.6716 0.3207 -0.6679
vn -0.5229 0.6817 -0.5117
vn -0.2818 0.9223 -0.2645
vn 0.3846 0.0165 -0.9229
vn 0.7084 0.0131 -0.7057
vn 0.9248 0.0076 -0.3804
vn 0.0025 -0.3664 -0.9305
vn 0.0026 -0.6946 -0.7194
vn 0.0023 -0.9169 -0.3991
vn -0.6522 0.6601 -0.3728
vn -0.4985 0.5125 -0.6992
vn -0.2684 0.2868 -0.9196
vn -0.3823 -0.9239 -0.0167
vn -0.7067 -0.7074 -0.0134
vn -0.9238 -0.3828 -0.0081
vn -0.3884 -0.0160 0.9214
vn -0.7107 -0.0121 0.7034
vn -0.9245 -0.0065 0.3811
vn -0.3812 0.6660 -0.6412
vn -0.7059 0.5100 -0.4916
vn -0.9236 0.2757 -0.2663
vn 0.9237 -0.0051 0.3830
vn 0.7060 -0.0113 0.7081
vn 0.7069 -0.0112 0.7072
vn 0.3804 -0.0155 0.9247
vn -0.8101 0.0088 -0.5863
vn -0.9247 -0.0080 0.3807
vn -0.9249 -0.0082 0.3801
vn -0.9251 -0.0082 0.3795
vn -0.1637 -0.0174 0.9864
vn 0.3816 0.9240 0.0266
vn 0.3817 0.9239 0.0266
vn 0.3815 0.9240 0.0265
vn 0.9226 0.3857 0.0128
vn 0.8350 0.5498 0.0242
vn -0.3802 0.9247 0.0195
vn -0.2017 0.9790 0.0295
vn -0.5216 0.8502 -0.0712
vn -0.1603 -0.9869 -0.0176
vn -0.1579 -0.9734 -0.1658
vn -0.9234 -0.3837 -0.0086
vn -0.9189 -0.3799 -0.1059
vn -0.8118 0.5839 0.0085
vn -0.9235 -0.3836 -0.0086
vn -0.9236 -0.3832 -0.0086
vn -0.0014 -0.3992 0.9169
vn -0.0012 -0.7194 0.6946
vn -0.0012 -0.7193 0.6947
vn -0.0007 -0.9303 0.3668
vn -0.0023 0.4013 -0.9160
vn -0.0032 -0.9174 -0.3979
vn 0.0111 -0.3650 -0.9310
vn -0.0002 -0.9822 -0.1878
vn 0.9021 -0.0971 -0.4205
vn 0.7422 -0.1476 -0.6538
vn -0.3638 -0.2064 -0.9083
vn 0.9226 -0.0846 -0.3764
vn -0.3607 -0.2083 -0.9091
vn 0.3846 -0.9230 -0.0153
vn 0.7082 -0.7059 -0.0108
vn 0.9242 -0.3818 -0.0048
vn 0.7086 -0.7055 -0.0109
vn -0.0004 0.9164 0.4002
vn 0.0120 0.9153 0.4026
vn -0.0004 0.9162 0.4007
vn -0.0014 0.1423 0.9898
vn -0.0014 0.1449 0.9894
vn 0.0011 0.8244 -0.5660
vn 0.0099 0.9832 -0.1821
vn 0.0087 0.5479 0.8365
vn 0.0120 0.9168 0.3992
vn 0.8988 0.3058 -0.3141
vn 0.8989 0.3235 -0.2955
vn 0.7634 0.4541 -0.4593
vn 0.7636 0.4796 -0.4323
vn 0.2470 0.7237 -0.6444
vn -0.0102 0.7081 -0.7060
vn -0.0106 0.7479 -0.6637
vn 0.8980 0.2899 -0.3310
vn 0.7629 0.4290 -0.4837
vn 0.2464 0.6845 -0.6861
vn -0.0097 0.6684 -0.7438
vn 0.9121 -0.3106 0.2676
vn 0.9111 -0.3286 0.2489
vn 0.7845 -0.4671 0.4078
vn 0.3253 -0.7457 0.5815
vn 0.0801 -0.7459 0.6612
vn 0.3244 -0.7092 0.6259
vn 0.9113 -0.3441 0.2263
vn 0.7833 -0.4933 0.3782
vn 0.3238 -0.7820 0.5325
vn 0.0799 -0.7852 0.6140
vn 0.8987 0.3564 -0.2556
vn 0.8990 0.3406 -0.2753
vn 0.7631 0.5269 -0.3742
vn 0.2463 0.7614 -0.5997
vn -0.0103 0.8208 -0.5711
vn 0.2459 0.7951 -0.5545
vn 0.7636 0.5042 -0.4034
vn -0.0102 0.7867 -0.6173
vn 0.9115 -0.2953 0.2864
vn 0.9110 -0.2793 0.3032
vn 0.7839 -0.4421 0.4360
vn 0.7835 -0.4171 0.4606
vn 0.3266 -0.6319 0.7029
vn 0.0815 -0.7048 0.7047
vn 0.0828 -0.6645 0.7427
vn 0.3248 -0.6705 0.6670
vn 0.9105 -0.2631 0.3190
vn 0.9104 -0.2424 0.3353
vn 0.7821 -0.3917 0.4847
vn 0.7804 -0.3614 0.5103
vn 0.3250 -0.5471 0.7714
vn 0.0839 -0.6221 0.7785
vn 0.0852 -0.5726 0.8154
vn 0.3267 -0.5926 0.7363
vn 0.8980 0.2701 -0.3474
vn 0.7614 0.4034 -0.5076
vn 0.2469 0.6455 -0.7227
vn -0.0082 0.6260 -0.7798
vn 0.8963 0.2518 -0.3651
vn 0.7600 0.3744 -0.5312
vn 0.2451 0.6043 -0.7581
vn -0.0065 0.5784 -0.8157
vn 0.8941 0.2315 -0.3834
vn 0.7554 0.3449 -0.5572
vn 0.2461 0.5570 -0.7932
vn -0.0047 0.5297 -0.8482
vn 0.8904 0.2129 -0.4024
vn 0.7491 0.3194 -0.5804
vn 0.2446 0.5092 -0.8252
vn -0.0055 0.4819 -0.8762
vn 0.9085 -0.2229 0.3536
vn 0.9053 -0.2065 0.3711
vn 0.7763 -0.3280 0.5383
vn 0.7702 -0.3028 0.5613
vn 0.3187 -0.4550 0.8315
vn 0.0866 -0.5167 0.8518
vn 0.0843 -0.4734 0.8768
vn 0.3246 -0.4955 0.8057
vn 0.8837 0.1227 -0.4518
vn 0.9217 0.0061 -0.3879
vn 0.5323 0.2100 -0.8201
vn 0.6978 0.0119 -0.7161
vn 0.0547 0.2288 -0.9719
vn 0.3575 0.0163 -0.9338
vn 0.9775 0.0918 -0.1900
vn 0.7382 0.3021 -0.6031
vn 0.2378 0.4614 -0.8547
vn -0.0111 0.4472 -0.8944
vn 0.7300 0.2968 -0.6157
vn 0.2216 0.4289 -0.8757
vn 0.9024 -0.1998 0.3817
vn 0.7654 -0.2938 0.5726
vn 0.0822 -0.4524 0.8880
vn 0.3140 -0.4349 0.8440
vn 0.9104 -0.3628 0.1989
vn 0.7828 -0.5181 0.3448
vn 0.3216 -0.8231 0.4680
vn 0.0800 -0.8236 0.5615
vn 0.9058 -0.3854 0.1762
vn 0.7798 -0.5488 0.3012
vn 0.3151 -0.8564 0.4089
vn 0.0799 -0.8674 0.4911
vn 0.8953 0.3890 -0.2171
vn 0.8980 0.3720 -0.2352
vn 0.7562 0.5704 -0.3205
vn 0.2440 0.8267 -0.5070
vn -0.0118 0.8787 -0.4771
vn 0.2366 0.8557 -0.4602
vn 0.7608 0.5495 -0.3454
vn -0.0091 0.8528 -0.5221
vn 0.9250 0.3799 0.0061
vn 0.7030 0.7109 0.0207
vn 0.3626 0.9314 0.0316
vn 0.8877 0.4458 -0.1148
vn 0.5316 0.8251 -0.1911
vn 0.0392 0.9787 -0.2016
vn 0.9007 -0.4017 0.1653
vn 0.7696 -0.5820 0.2626
vn 0.3044 -0.8748 0.3768
vn 0.0751 -0.9021 0.4250
vn 0.0676 -0.9176 0.3918
vn 0.7593 -0.6017 0.2478
vn 0.3083 -0.8767 0.3692
vn 0.8907 0.4050 -0.2066
vn 0.2208 0.8757 -0.4294
vn 0.7475 0.5907 -0.3039
vn -0.0182 0.8955 -0.4447
vn -0.6926 0.5426 -0.4752
vn -0.6926 0.5135 -0.5066
vn -0.8544 0.3927 -0.3404
vn -0.8541 0.3716 -0.3639
vn -0.9583 0.2179 -0.1849
vn -0.9584 0.2061 -0.1972
vn -0.6908 0.4862 -0.5352
vn -0.8539 0.3513 -0.3839
vn -0.9579 0.1960 -0.2098
vn -0.6414 -0.6012 0.4767
vn -0.6412 -0.5712 0.5124
vn -0.8295 -0.4361 0.3491
vn -0.8293 -0.4143 0.3750
vn -0.9512 -0.2384 0.1959
vn -0.9510 -0.2269 0.2100
vn -0.6407 -0.6310 0.4374
vn -0.8295 -0.4574 0.3205
vn -0.9513 -0.2500 0.1803
vn -0.6922 0.5709 -0.4414
vn -0.6907 0.5972 -0.4077
vn -0.8538 0.4135 -0.3163
vn -0.8529 0.4325 -0.2923
vn -0.9578 0.2307 -0.1715
vn -0.9577 0.2403 -0.1583
vn -0.6379 -0.5107 0.5764
vn -0.6396 -0.5403 0.5467
vn -0.8271 -0.3710 0.4222
vn -0.8284 -0.3922 0.4000
vn -0.9499 -0.2044 0.2364
vn -0.9506 -0.2150 0.2238
vn -0.6310 -0.4431 0.6368
vn -0.6351 -0.4796 0.6055
vn -0.8230 -0.3225 0.4676
vn -0.8255 -0.3491 0.4435
vn -0.9488 -0.1778 0.2610
vn -0.9496 -0.1915 0.2482
vn -0.6892 0.4558 -0.5633
vn -0.8520 0.3306 -0.4059
vn -0.9576 0.1836 -0.2221
vn -0.6852 0.4230 -0.5929
vn -0.8504 0.3075 -0.4270
vn -0.9569 0.1713 -0.2344
vn -0.6801 0.3898 -0.6209
vn -0.8471 0.2830 -0.4499
vn -0.9560 0.1580 -0.2471
vn -0.6730 0.3579 -0.6473
vn -0.8419 0.2618 -0.4719
vn -0.9542 0.1464 -0.2610
vn -0.6164 -0.3720 0.6940
vn -0.6243 -0.4040 0.6686
vn -0.8130 -0.2740 0.5137
vn -0.8186 -0.2954 0.4925
vn -0.9450 -0.1526 0.2895
vn -0.9473 -0.1634 0.2755
vn -0.4260 0.0795 -0.9012
vn -0.6419 0.1962 -0.7413
vn -0.7340 0.0600 -0.6764
vn -0.8267 0.1464 -0.5432
vn -0.9325 0.0324 -0.3597
vn -0.9485 0.0858 -0.3049
vn -0.6656 0.3353 -0.6668
vn -0.8355 0.2478 -0.4904
vn -0.9519 0.1392 -0.2729
vn -0.6105 -0.3577 0.7066
vn -0.8083 -0.2647 0.5259
vn -0.9430 -0.1476 0.2982
vn -0.6377 -0.6670 0.3853
vn -0.8276 -0.4844 0.2837
vn -0.9508 -0.2651 0.1606
vn -0.6297 -0.6998 0.3373
vn -0.8209 -0.5129 0.2511
vn -0.9486 -0.2819 0.1439
vn -0.6881 0.6217 -0.3741
vn -0.6833 0.6446 -0.3429
vn -0.8511 0.4515 -0.2681
vn -0.8478 0.4698 -0.2460
vn -0.9568 0.2522 -0.1447
vn -0.9555 0.2634 -0.1328
vn -0.4187 0.9079 -0.0209
vn -0.7282 0.6852 -0.0124
vn -0.9293 0.3693 -0.0018
vn -0.6541 0.7384 -0.1640
vn -0.8318 0.5422 -0.1185
vn -0.9484 0.3104 -0.0648
vn -0.6219 -0.7176 0.3136
vn -0.8148 -0.5298 0.2353
vn -0.9458 -0.2947 0.1365
vn -0.6777 0.6616 -0.3209
vn -0.8423 0.4865 -0.2320
vn -0.9533 0.2745 -0.1260
vn -0.3659 -0.7330 0.5735
vn 0.1401 0.8649 0.4820
vn -0.3592 -0.8156 0.4537
vn -0.1592 0.2316 0.9597
vn 0.2196 0.9450 0.2424
vn -0.3616 -0.6384 0.6795
vn 0.0624 -0.4965 -0.8658
vn 0.1508 -0.2435 -0.9581
vn -0.3444 -0.5033 0.7925
vn 0.0848 -0.4418 -0.8931
vn -0.3924 0.3681 0.8429
vn -0.4100 0.3494 0.8425
vn -0.5244 0.5064 0.6845
vn -0.5501 0.4793 0.6839
vn -0.7375 0.6624 0.1319
vn -0.6948 0.7087 -0.1223
vn -0.7348 0.6663 -0.1269
vn -0.3753 0.3847 0.8433
vn -0.4993 0.5302 0.6853
vn -0.6977 0.7033 0.1360
vn -0.6549 0.7460 -0.1208
vn 0.2131 -0.2160 0.9529
vn 0.2294 -0.1963 0.9533
vn 0.3791 -0.3637 0.8509
vn 0.7016 -0.5659 0.4331
vn 0.7255 -0.6599 0.1955
vn 0.6637 -0.6096 0.4335
vn 0.2459 -0.1750 0.9534
vn 0.4041 -0.3339 0.8516
vn 0.7380 -0.5166 0.4341
vn 0.7653 -0.6130 0.1965
vn -0.4438 0.3099 0.8409
vn -0.4272 0.3297 0.8419
vn -0.5979 0.4211 0.6820
vn -0.7750 0.6180 0.1322
vn -0.8090 0.5740 -0.1263
vn -0.8095 0.5723 0.1310
vn -0.5747 0.4505 0.6832
vn -0.7736 0.6208 -0.1270
vn 0.1961 -0.2339 0.9523
vn 0.1803 -0.2499 0.9513
vn 0.3525 -0.3903 0.8505
vn 0.3286 -0.4152 0.8483
vn 0.5864 -0.6851 0.4322
vn 0.6841 -0.7029 0.1949
vn 0.6436 -0.7403 0.1945
vn 0.6245 -0.6496 0.4336
vn 0.1628 -0.2649 0.9504
vn 0.1432 -0.2790 0.9495
vn 0.3012 -0.4376 0.8472
vn 0.2710 -0.4630 0.8439
vn 0.4985 -0.7542 0.4275
vn 0.6007 -0.7754 0.1948
vn 0.5480 -0.8137 0.1938
vn 0.5468 -0.7183 0.4302
vn -0.3569 0.4015 0.8435
vn -0.4727 0.5541 0.6853
vn -0.6586 0.7399 0.1374
vn -0.6120 0.7821 -0.1174
vn -0.3378 0.4192 0.8427
vn -0.4444 0.5788 0.6838
vn -0.6167 0.7749 0.1384
vn -0.5652 0.8172 -0.1129
vn -0.3158 0.4343 0.8436
vn -0.4133 0.6006 0.6844
vn -0.5707 0.8089 0.1417
vn -0.5152 0.8501 -0.1086
vn -0.2895 0.4385 0.8508
vn -0.3821 0.6134 0.6911
vn -0.5210 0.8417 0.1419
vn -0.4684 0.8772 -0.1056
vn 0.1276 -0.2920 0.9479
vn 0.1250 -0.3121 0.9418
vn 0.2399 -0.4906 0.8377
vn 0.2217 -0.5188 0.8256
vn 0.3914 -0.8239 0.4099
vn 0.4805 -0.8558 0.1917
vn 0.4215 -0.8879 0.1840
vn 0.4408 -0.7928 0.4209
vn -0.1623 0.3963 0.9037
vn -0.0407 0.3958 0.9174
vn -0.2367 0.8207 0.5200
vn -0.0345 0.7323 0.6801
vn -0.2165 0.9762 -0.0119
vn -0.0226 0.9491 0.3142
vn -0.1550 0.1782 0.9717
vn -0.3531 0.6106 0.7089
vn -0.4724 0.8701 0.1404
vn -0.4332 0.8948 -0.1077
vn -0.3479 0.6230 0.7005
vn -0.4384 0.8894 0.1296
vn 0.1308 -0.3374 0.9322
vn 0.2212 -0.5438 0.8095
vn 0.3943 -0.9020 0.1756
vn 0.3668 -0.8408 0.3982
vn 0.2654 -0.1478 0.9527
vn 0.4304 -0.3016 0.8508
vn 0.7792 -0.4537 0.4325
vn 0.8043 -0.5604 0.1977
vn 0.2888 -0.1252 0.9492
vn 0.4627 -0.2582 0.8481
vn 0.8152 -0.3948 0.4237
vn 0.8485 -0.4910 0.1974
vn -0.4767 0.2714 0.8361
vn -0.4592 0.2898 0.8398
vn -0.6411 0.3677 0.6737
vn -0.8412 0.5252 0.1287
vn -0.8672 0.4811 -0.1281
vn -0.8698 0.4784 0.1210
vn -0.6200 0.3925 0.6794
vn -0.8407 0.5263 -0.1275
vn -0.4725 0.0500 0.8799
vn -0.7795 0.0248 0.6259
vn -0.9639 -0.0047 0.2663
vn -0.5327 0.1697 0.8291
vn -0.8729 0.2270 0.4319
vn -0.9751 0.2096 -0.0729
vn 0.3051 -0.1147 0.9454
vn 0.4965 -0.2204 0.8396
vn 0.8346 -0.3637 0.4137
vn 0.8848 -0.4249 0.1914
vn 0.9011 -0.3926 0.1841
vn 0.5161 -0.2057 0.8314
vn 0.8358 -0.3557 0.4182
vn -0.4915 0.2608 0.8309
vn -0.8884 0.4469 0.1053
vn -0.6608 0.3506 0.6636
vn -0.8838 0.4477 -0.1358
vn -0.4630 0.4369 -0.7712
vn -0.4345 0.4683 -0.7694
vn -0.2994 0.2926 -0.9082
vn -0.2781 0.3149 -0.9075
vn -0.1176 0.1303 -0.9845
vn -0.1051 0.1423 -0.9842
vn -0.4064 0.4967 -0.7669
vn -0.2582 0.3363 -0.9057
vn -0.0945 0.1547 -0.9834
vn 0.6576 -0.5168 -0.5482
vn 0.6270 -0.5526 -0.5491
vn 0.5139 -0.3996 -0.7591
vn 0.4913 -0.4249 -0.7603
vn 0.3321 -0.2526 -0.9088
vn 0.3197 -0.2663 -0.9093
vn 0.6880 -0.4774 -0.5466
vn 0.5359 -0.3711 -0.7583
vn 0.3443 -0.2372 -0.9084
vn -0.4915 0.4037 -0.7717
vn -0.5182 0.3705 -0.7708
vn -0.3202 0.2686 -0.9084
vn -0.3395 0.2445 -0.9083
vn -0.1292 0.1170 -0.9847
vn -0.1401 0.1034 -0.9847
vn 0.5659 -0.6157 -0.5483
vn 0.5959 -0.5860 -0.5492
vn 0.4480 -0.4713 -0.7597
vn 0.4694 -0.4495 -0.7600
vn 0.2965 -0.2918 -0.9093
vn 0.3079 -0.2798 -0.9094
vn 0.4943 -0.6770 -0.5453
vn 0.5344 -0.6444 -0.5471
vn 0.3959 -0.5171 -0.7589
vn 0.4253 -0.4921 -0.7596
vn 0.2674 -0.3181 -0.9096
vn 0.2836 -0.3025 -0.9100
vn -0.3767 0.5251 -0.7631
vn -0.2373 0.3576 -0.9032
vn -0.0830 0.1667 -0.9825
vn -0.3447 0.5541 -0.7577
vn -0.2142 0.3791 -0.9002
vn -0.0702 0.1796 -0.9812
vn -0.3112 0.5832 -0.7504
vn -0.1919 0.4033 -0.8947
vn -0.0589 0.1953 -0.9790
vn -0.2825 0.6143 -0.7367
vn -0.1760 0.4361 -0.8825
vn -0.0572 0.2271 -0.9722
vn 0.3810 -0.7567 -0.5313
vn 0.4368 -0.7199 -0.5394
vn 0.3069 -0.5873 -0.7490
vn 0.3522 -0.5539 -0.7544
vn 0.2051 -0.3648 -0.9082
vn 0.2386 -0.3422 -0.9088
vn -0.0462 0.8792 -0.4742
vn -0.1466 0.7253 -0.6727
vn -0.0221 0.6559 -0.7545
vn -0.1003 0.5585 -0.8234
vn 0.0045 0.3565 -0.9343
vn -0.0483 0.3646 -0.9299
vn -0.2660 0.6437 -0.7176
vn -0.1752 0.4797 -0.8598
vn -0.0714 0.2820 -0.9567
vn 0.3529 -0.7735 -0.5264
vn 0.2816 -0.6000 -0.7488
vn 0.1823 -0.3665 -0.9124
vn 0.7241 -0.4259 -0.5425
vn 0.5630 -0.3344 -0.7558
vn 0.3587 -0.2174 -0.9078
vn 0.7570 -0.3775 -0.5333
vn 0.5906 -0.3015 -0.7485
vn 0.3757 -0.2007 -0.9048
vn -0.5441 0.3373 -0.7682
vn -0.5674 0.3061 -0.7644
vn -0.3590 0.2207 -0.9069
vn -0.3777 0.1986 -0.9044
vn -0.1511 0.0899 -0.9844
vn -0.1632 0.0783 -0.9835
vn -0.8603 0.0019 -0.5098
vn -0.6073 -0.0260 -0.7941
vn -0.2728 -0.0503 -0.9608
vn -0.6656 0.1301 -0.7349
vn -0.4527 0.0728 -0.8887
vn -0.2103 0.0110 -0.9776
vn 0.7735 -0.3536 -0.5260
vn 0.6075 -0.2857 -0.7412
vn 0.3883 -0.1929 -0.9011
vn -0.5846 0.2846 -0.7598
vn -0.3949 0.1854 -0.8998
vn -0.1741 0.0716 -0.9821
vn 0.7571 -0.6023 -0.2532
vn 0.7486 -0.6125 -0.2537
vn -0.9647 -0.2230 0.1403
vn 0.4662 -0.8503 -0.2442
vn 0.4845 0.8722 0.0672
vn 0.5290 0.8468 0.0552
vn 0.5305 0.8459 0.0550
vn 0.4332 0.8976 0.0812
vn 0.4838 0.8725 0.0678
vn 0.7758 0.0820 -0.6256
vn 0.4370 -0.7328 0.5216
vn 0.6051 0.7951 -0.0413
vn 0.6460 0.7618 0.0483
vn -0.6907 0.5028 -0.5197
vn -0.6907 0.5027 -0.5198
vn 0.4347 -0.5040 0.7464
vn 0.4347 -0.5039 0.7464
vn -0.6420 0.5881 -0.4919
vn -0.0202 0.9735 0.2280
vn 0.4937 -0.7113 0.5003
vn 0.7841 -0.5742 -0.2354
vn 0.8201 -0.2351 -0.5217
vn -0.6328 -0.6303 -0.4498
vn -0.8509 -0.4276 -0.3053
vn -0.6592 0.4621 0.5932
vn -0.7240 0.4372 -0.5335
vn 0.8847 0.4631 -0.0541
vn -0.8881 -0.1390 0.4382
vn 0.1159 0.8843 0.4523
vn 0.1303 -0.4264 -0.8951
vn -0.8868 -0.4466 0.1186
vn -0.2678 0.3156 -0.9103
vn 0.2006 0.8849 -0.4203
vn 0.5308 0.3535 -0.7703
vn -0.3827 0.4137 -0.8261
vn 0.7066 -0.5307 0.4681
vn 0.5867 0.1959 0.7858
vn -0.7772 -0.0768 -0.6245
vn 0.1155 0.5706 -0.8131
vn 0.4901 -0.3383 -0.8033
vn -0.9252 -0.0082 0.3795
vn -0.9236 -0.3832 -0.0087
vn 0.0083 0.5360 0.8442
vn 0.0854 -0.4409 -0.8935
vn 0.4322 0.8981 0.0814
vt 0.119812 0.758602
vt 0.123736 0.748633
vt 0.125584 0.754213
vt 0.015201 0.874516
vt 0.015538 0.855390
vt 0.018779 0.873841
vt 0.129410 0.743816
vt 0.133137 0.732975
vt 0.134982 0.738547
vt 0.050927 0.810761
vt 0.047341 0.790575
vt 0.051567 0.790475
vt 0.145532 0.726943
vt 0.152158 0.726530
vt 0.147380 0.732522
vt 0.019321 0.891736
vt 0.022673 0.891027
vt 0.054801 0.887620
vt 0.054377 0.905205
vt 0.051523 0.887929
vt 0.051650 0.851083
vt 0.047037 0.831355
vt 0.050957 0.831149
vt 0.142240 0.738438
vt 0.136828 0.744119
vt 0.138546 0.727288
vt 0.140393 0.732863
vt 0.048614 0.770269
vt 0.052963 0.770248
vt 0.007874 0.756116
vt 0.011135 0.776076
vt 0.006703 0.776409
vt 0.006567 0.796427
vt 0.011544 0.815927
vt 0.007397 0.816427
vt 0.050940 0.748616
vt 0.055395 0.748676
vt 0.055313 0.719430
vt 0.059853 0.719527
vt 0.013525 0.713282
vt 0.014792 0.735061
vt 0.010138 0.735184
vt 0.150309 0.720948
vt 0.156613 0.720413
vt 0.062095 0.677491
vt 0.066709 0.677557
vt 0.069795 0.627631
vt 0.074447 0.627674
vt 0.018348 0.690766
vt 0.018264 0.713324
vt 0.159079 0.708299
vt 0.164887 0.707340
vt 0.160823 0.714064
vt 0.023929 0.907667
vt 0.027054 0.906947
vt 0.028980 0.922791
vt 0.031892 0.922078
vt 0.062263 0.926354
vt 0.067560 0.954828
vt 0.059559 0.926773
vt 0.127563 0.738241
vt 0.034451 0.937563
vt 0.037174 0.936828
vt 0.040451 0.951793
vt 0.042911 0.950873
vt 0.069889 0.954541
vt 0.073697 0.982095
vt 0.110392 0.757756
vt 0.115734 0.747603
vt 0.117773 0.753102
vt 0.019314 0.854806
vt 0.022347 0.873209
vt 0.029108 0.813140
vt 0.015713 0.795521
vt 0.029008 0.793035
vt 0.046844 0.810920
vt 0.043102 0.790703
vt 0.043650 0.770384
vt 0.031589 0.752067
vt 0.045845 0.748664
vt 0.026020 0.890364
vt 0.030176 0.906271
vt 0.047918 0.851327
vt 0.045933 0.870588
vt 0.044179 0.851610
vt 0.043110 0.831595
vt 0.049458 0.870271
vt 0.048235 0.888286
vt 0.013109 0.835902
vt 0.010866 0.796003
vt 0.015680 0.815462
vt 0.015150 0.795611
vt 0.046473 0.748574
vt 0.042533 0.790768
vt 0.029772 0.772949
vt 0.012423 0.755885
vt 0.015549 0.775773
vt 0.016952 0.755681
vt 0.057487 0.677432
vt 0.035035 0.727175
vt 0.050163 0.719535
vt 0.019427 0.734963
vt 0.023060 0.691242
vt 0.022961 0.713388
vt 0.065141 0.627588
vt 0.026463 0.890303
vt 0.034065 0.871676
vt 0.037077 0.889089
vt 0.051357 0.905624
vt 0.056851 0.927227
vt 0.034803 0.921402
vt 0.039884 0.936124
vt 0.040762 0.905709
vt 0.035249 0.921421
vt 0.030602 0.906229
vt 0.065238 0.955158
vt 0.072727 0.981815
vt 0.045313 0.949994
vt 0.052976 0.869996
vt 0.057771 0.970331
vt 0.059253 0.968876
vt 0.060756 0.967451
vt 0.045468 0.870622
vt 0.047796 0.888320
vt 0.042751 0.811111
vt 0.043674 0.851654
vt 0.100692 0.763059
vt 0.107026 0.752837
vt 0.131257 0.749391
vt 0.056429 0.927161
vt 0.053109 0.945361
vt 0.046018 0.924068
vt 0.176115 0.678294
vt 0.180662 0.664600
vt 0.177291 0.678584
vt 0.182023 0.665449
vt 0.178467 0.678875
vt 0.016126 0.775678
vt 0.009132 0.836466
vt 0.022815 0.873138
vt 0.031649 0.853011
vt 0.017076 0.835375
vt 0.089802 0.768669
vt 0.094098 0.759556
vt 0.100766 0.770254
vt 0.107291 0.766565
vt 0.045434 0.949891
vt 0.040393 0.936202
vt 0.064727 0.954754
vt 0.060595 0.966585
vt 0.163870 0.700283
vt 0.168894 0.700156
vt 0.148460 0.715367
vt 0.154764 0.714832
vt 0.044249 0.770316
vt 0.023770 0.713027
vt 0.040296 0.695660
vt 0.143684 0.721364
vt 0.152916 0.709251
vt 0.029990 0.833314
vt 0.042583 0.831649
vt 0.057383 0.904832
vt 0.173683 0.835189
vt 0.184143 0.875234
vt 0.183319 0.876031
vt 0.050913 0.905652
vt 0.169645 0.689963
vt 0.172736 0.692971
vt 0.170396 0.679768
vt 0.175879 0.678532
vt 0.056833 0.677898
vt 0.045918 0.660753
vt 0.064335 0.629117
vt 0.027871 0.691758
vt 0.073683 0.982066
vt 0.073827 0.983174
vt 0.113760 0.762676
vt 0.073729 0.981142
vt 0.020102 0.734771
vt 0.011751 0.856014
vt 0.042205 0.811172
vt 0.017552 0.755565
vt 0.038039 0.655717
vt 0.157334 0.702534
vt 0.050775 0.719342
vt 0.041857 0.657672
vt 0.027659 0.691721
vt 0.016228 0.815375
vt 0.017598 0.835291
vt 0.019806 0.854728
vt 0.121887 0.743053
vt 0.162854 0.693226
vt 0.133945 0.792520
vt 0.088292 0.860563
vt 0.137890 0.774251
vt 0.094412 0.940474
vt 0.133448 0.909488
vt 0.134123 0.910284
vt 0.095457 0.938443
vt 0.132776 0.908692
vt 0.161746 0.880303
vt 0.128181 0.871224
vt 0.143290 0.848296
vt 0.265930 0.929221
vt 0.197451 0.971437
vt 0.196233 0.966680
vt 0.168512 0.785165
vt 0.174775 0.834866
vt 0.262688 0.929089
vt 0.218090 0.909404
vt 0.218477 0.908424
vt 0.111423 0.866691
vt 0.124851 0.816320
vt 0.275278 0.895220
vt 0.240972 0.819515
vt 0.289264 0.908415
vt 0.148654 0.925004
vt 0.120351 0.964030
vt 0.118324 0.965078
vt 0.222074 0.872896
vt 0.222071 0.836490
vt 0.258479 0.872844
vt 0.178348 0.896020
vt 0.150241 0.926358
vt 0.149447 0.925683
vt 0.155768 0.769885
vt 0.245278 0.815318
vt 0.100576 0.971177
vt 0.198809 0.976727
vt 0.082685 0.976843
vt 0.284382 0.926256
vt 0.168756 0.785049
vt 0.235703 0.824411
vt 0.170329 0.787533
vt 0.224586 0.887076
vt 0.184262 0.875356
vt 0.224799 0.886043
vt 0.170357 0.882571
vt 0.137167 0.921600
vt 0.135543 0.915718
vt 0.082975 0.859045
vt 0.142286 0.755053
vt 0.183201 0.876271
vt 0.168210 0.833433
vt 0.173497 0.835169
vt 0.236855 0.823471
vt 0.272606 0.893276
vt 0.231542 0.789386
vt 0.301475 0.773315
vt 0.292994 0.842705
vt 0.176724 0.889134
vt 0.137342 0.921776
vt 0.175474 0.884094
vt 0.157332 0.835906
vt 0.153355 0.839814
vt 0.226092 0.892730
vt 0.224611 0.887267
vt 0.162120 0.831545
vt 0.142636 0.754952
vt 0.161876 0.831603
vt 0.178235 0.894863
vt 0.178514 0.895977
vt 0.196155 0.966370
vt 0.120454 0.964231
vt 0.195842 0.965088
vt 0.088185 0.958401
vt 0.082391 0.976605
vt 0.265099 0.929351
vt 0.262690 0.929337
vt 0.265114 0.929096
vt 0.218862 0.907441
vt 0.179191 0.880254
vt 0.227644 0.898926
vt 0.175532 0.883887
vt 0.117682 0.965548
vt 0.143206 0.923494
vt 0.148478 0.924933
vt 0.164918 0.881072
vt 0.303842 0.922572
vt 0.170115 0.787653
vt 0.175866 0.834548
vt 0.163546 0.880788
vt 0.164650 0.881091
vt 0.093399 0.862017
vt 0.133668 0.795905
vt 0.094698 0.862364
vt 0.240022 0.719996
vt 0.170089 0.736068
vt 0.095255 0.938341
vt 0.094203 0.940348
vt 0.164697 0.880920
vt 0.152213 0.840279
vt 0.153203 0.839932
vt 0.227572 0.899168
vt 0.223067 0.903507
vt 0.178062 0.894907
vt 0.303698 0.922924
vt 0.309956 0.703925
vt 0.257680 0.760899
vt 0.175324 0.883941
vt 0.162478 0.880492
vt 0.096111 0.936605
vt 0.095982 0.862709
vt 0.185053 0.874581
vt 0.225008 0.885013
vt 0.234562 0.825343
vt 0.171705 0.789632
vt 0.270823 0.892070
vt 0.195531 0.963820
vt 0.178786 0.897051
vt 0.260554 0.929358
vt 0.168206 0.784429
vt 0.237103 0.823256
vt 0.272464 0.893484
vt 0.274521 0.894868
vt 0.270704 0.892244
vt 0.184938 0.874463
vt 0.178087 0.894638
vt 0.178571 0.898171
vt 0.187010 0.932000
vt 0.159493 0.929790
vt 0.191223 0.948889
vt 0.140433 0.961378
vt 0.134193 0.910461
vt 0.093937 0.941121
vt 0.129855 0.898692
vt 0.097994 0.917064
vt 0.163591 0.880623
vt 0.151228 0.840627
vt 0.185648 0.836524
vt 0.185663 0.800135
vt 0.185633 0.872949
vt 0.209937 0.848631
vt 0.218988 0.907293
vt 0.210307 0.917296
vt 0.242012 0.936401
vt 0.122074 0.963175
vt 0.093086 0.861930
vt 0.133919 0.795917
vt 0.134024 0.793425
vt 0.133785 0.798058
vt 0.133954 0.671319
vt 0.130725 0.681456
vt 0.127953 0.675718
vt 0.415644 0.790717
vt 0.412276 0.811223
vt 0.411612 0.790876
vt 0.124888 0.686295
vt 0.121989 0.697328
vt 0.119220 0.691598
vt 0.372203 0.853349
vt 0.374897 0.872687
vt 0.370979 0.872658
vt 0.108689 0.703305
vt 0.101238 0.703623
vt 0.105917 0.697567
vt 0.414013 0.770754
vt 0.410063 0.770983
vt 0.372471 0.770884
vt 0.374595 0.749896
vt 0.376329 0.770804
vt 0.373439 0.812013
vt 0.377081 0.832945
vt 0.373061 0.832944
vt 0.111017 0.691596
vt 0.116452 0.685868
vt 0.116556 0.703061
vt 0.113787 0.697329
vt 0.373173 0.890951
vt 0.369367 0.890893
vt 0.406940 0.905872
vt 0.406425 0.888438
vt 0.410352 0.888668
vt 0.413023 0.870687
vt 0.410872 0.851636
vt 0.414943 0.851709
vt 0.370787 0.909282
vt 0.367139 0.909186
vt 0.366945 0.932267
vt 0.363522 0.932170
vt 0.398011 0.939022
vt 0.399128 0.922216
vt 0.402809 0.922585
vt 0.104010 0.709362
vt 0.096939 0.709811
vt 0.361721 0.962299
vt 0.358694 0.962361
vt 0.358877 0.991808
vt 0.357002 0.992435
vt 0.392442 0.954941
vt 0.394477 0.938557
vt 0.095622 0.722167
vt 0.089163 0.723056
vt 0.092945 0.716241
vt 0.411567 0.751371
vt 0.407726 0.751657
vt 0.408336 0.732104
vt 0.404612 0.732434
vt 0.367081 0.722548
vt 0.363885 0.684459
vt 0.370593 0.722337
vt 0.127657 0.692028
vt 0.404351 0.712504
vt 0.400743 0.712920
vt 0.399377 0.692945
vt 0.395982 0.693679
vt 0.360689 0.684549
vt 0.359123 0.644962
vt 0.144722 0.672333
vt 0.139911 0.682636
vt 0.136933 0.676978
vt 0.408211 0.811298
vt 0.407595 0.791022
vt 0.393575 0.852411
vt 0.404485 0.870421
vt 0.391978 0.871454
vt 0.376192 0.853363
vt 0.378822 0.872735
vt 0.377515 0.890995
vt 0.386880 0.907169
vt 0.374966 0.909353
vt 0.406127 0.771194
vt 0.403896 0.751920
vt 0.377450 0.811994
vt 0.381151 0.791100
vt 0.381466 0.811969
vt 0.381106 0.832947
vt 0.377188 0.791157
vt 0.380198 0.770701
vt 0.411998 0.831684
vt 0.409009 0.870536
vt 0.406816 0.851570
vt 0.405012 0.870399
vt 0.374446 0.909411
vt 0.379348 0.872698
vt 0.389795 0.889483
vt 0.403128 0.905569
vt 0.402518 0.888229
vt 0.399333 0.905291
vt 0.364742 0.962297
vt 0.382724 0.926923
vt 0.370882 0.932243
vt 0.395464 0.921875
vt 0.389152 0.954214
vt 0.390975 0.938120
vt 0.360350 0.991285
vt 0.405609 0.771196
vt 0.394456 0.791134
vt 0.393231 0.771058
vt 0.378323 0.749716
vt 0.374111 0.722101
vt 0.400898 0.732743
vt 0.397159 0.713315
vt 0.391149 0.750960
vt 0.400351 0.732643
vt 0.403384 0.751902
vt 0.367077 0.684329
vt 0.360702 0.645447
vt 0.392671 0.694383
vt 0.373231 0.791200
vt 0.380000 0.664977
vt 0.377656 0.666645
vt 0.375299 0.668285
vt 0.381675 0.791103
vt 0.380714 0.770707
vt 0.380186 0.853387
vt 0.382009 0.811962
vt 0.155059 0.667060
vt 0.149132 0.677418
vt 0.122118 0.680562
vt 0.374632 0.722234
vt 0.381624 0.699101
vt 0.387371 0.727606
vt 0.375989 0.977341
vt 0.359548 0.992092
vt 0.373834 0.975706
vt 0.359203 0.990706
vt 0.371658 0.974118
vt 0.402001 0.888256
vt 0.416092 0.831681
vt 0.407069 0.791031
vt 0.394934 0.811662
vt 0.407919 0.831687
vt 0.166705 0.661491
vt 0.162950 0.670748
vt 0.154098 0.659697
vt 0.147160 0.663369
vt 0.392499 0.694473
vt 0.396520 0.713118
vt 0.367679 0.684871
vt 0.375310 0.669379
vt 0.091173 0.730292
vt 0.085501 0.730343
vt 0.106783 0.715102
vt 0.099711 0.715550
vt 0.376990 0.891036
vt 0.390349 0.938317
vt 0.377291 0.949961
vt 0.111461 0.709042
vt 0.102484 0.721290
vt 0.394600 0.832297
vt 0.381647 0.832929
vt 0.370884 0.750050
vt 0.113408 0.667097
vt 0.111743 0.674037
vt 0.108539 0.670520
vt 0.378863 0.749733
vt 0.085890 0.740760
vt 0.082026 0.737634
vt 0.086279 0.751178
vt 0.080222 0.752357
vt 0.365313 0.961787
vt 0.371702 0.973056
vt 0.359773 0.990896
vt 0.385765 0.953407
vt 0.359932 0.644614
vt 0.360648 0.642699
vt 0.140309 0.667245
vt 0.359433 0.646096
vt 0.394916 0.921980
vt 0.416357 0.811141
vt 0.380718 0.853359
vt 0.398821 0.905333
vt 0.098299 0.728092
vt 0.370371 0.932401
vt 0.385942 0.953527
vt 0.406278 0.851588
vt 0.407381 0.831704
vt 0.407679 0.811312
vt 0.133497 0.687195
vt 0.093182 0.737529
vt 0.367266 0.785921
vt 0.364123 0.806409
vt 0.363247 0.786121
vt 0.107076 0.677734
vt 0.105818 0.685231
vt 0.102619 0.681720
vt 0.324681 0.848984
vt 0.327708 0.868235
vt 0.323804 0.868277
vt 0.094566 0.690341
vt 0.087889 0.691216
vt 0.091362 0.686825
vt 0.365445 0.766035
vt 0.361511 0.766301
vt 0.324005 0.766512
vt 0.325994 0.745548
vt 0.327858 0.766403
vt 0.325351 0.807633
vt 0.329253 0.828520
vt 0.325234 0.828574
vt 0.095225 0.682451
vt 0.099420 0.678208
vt 0.101626 0.689478
vt 0.098426 0.685965
vt 0.326329 0.886442
vt 0.322551 0.886440
vt 0.360121 0.900619
vt 0.359315 0.883359
vt 0.363213 0.883524
vt 0.365603 0.865634
vt 0.363207 0.846709
vt 0.367261 0.846730
vt 0.324180 0.904843
vt 0.320575 0.904741
vt 0.320173 0.928858
vt 0.316807 0.928670
vt 0.352051 0.933522
vt 0.352731 0.916926
vt 0.356372 0.917207
vt 0.091093 0.694734
vt 0.084774 0.695661
vt 0.314062 0.961329
vt 0.311103 0.961254
vt 0.310201 0.993376
vt 0.308555 0.993888
vt 0.347155 0.949398
vt 0.348552 0.933173
vt 0.085105 0.703919
vt 0.079391 0.705048
vt 0.081964 0.700236
vt 0.362833 0.746750
vt 0.359012 0.747067
vt 0.359458 0.727610
vt 0.355759 0.727968
vt 0.318392 0.718349
vt 0.315112 0.680575
vt 0.321883 0.718127
vt 0.110276 0.681247
vt 0.355348 0.708177
vt 0.351771 0.708616
vt 0.350277 0.688823
vt 0.346919 0.689573
vt 0.311954 0.680666
vt 0.310431 0.641795
vt 0.123236 0.666800
vt 0.120166 0.673990
vt 0.116787 0.670544
vt 0.360070 0.806528
vt 0.359242 0.786307
vt 0.345987 0.847718
vt 0.357112 0.865492
vt 0.344686 0.866714
vt 0.328665 0.848934
vt 0.331617 0.868212
vt 0.330638 0.886423
vt 0.340205 0.902394
vt 0.328355 0.904919
vt 0.357590 0.766546
vt 0.355200 0.747361
vt 0.329361 0.807568
vt 0.332845 0.786642
vt 0.333376 0.807498
vt 0.333274 0.828468
vt 0.328885 0.786736
vt 0.331720 0.766272
vt 0.364081 0.826816
vt 0.361611 0.865540
vt 0.359168 0.846697
vt 0.357636 0.865463
vt 0.327811 0.904978
vt 0.332130 0.868165
vt 0.342820 0.884686
vt 0.356344 0.900390
vt 0.355435 0.883216
vt 0.352583 0.900187
vt 0.317016 0.961458
vt 0.336110 0.922656
vt 0.324062 0.928908
vt 0.349104 0.916673
vt 0.343867 0.948861
vt 0.345078 0.932850
vt 0.311518 0.992992
vt 0.357073 0.766553
vt 0.346133 0.786549
vt 0.344729 0.766524
vt 0.329710 0.745346
vt 0.325378 0.717878
vt 0.352068 0.728303
vt 0.348217 0.709033
vt 0.342498 0.746503
vt 0.351524 0.728206
vt 0.354690 0.747347
vt 0.318265 0.680443
vt 0.311931 0.642285
vt 0.343644 0.690292
vt 0.324930 0.786816
vt 0.330911 0.661280
vt 0.328616 0.662946
vt 0.326308 0.664582
vt 0.333370 0.786641
vt 0.332236 0.766273
vt 0.332651 0.848894
vt 0.333920 0.807485
vt 0.131906 0.662416
vt 0.127837 0.669741
vt 0.103875 0.674220
vt 0.325899 0.718009
vt 0.332731 0.695029
vt 0.338587 0.723284
vt 0.328693 0.975473
vt 0.310736 0.993604
vt 0.326442 0.974062
vt 0.310296 0.992412
vt 0.324181 0.972690
vt 0.354922 0.883252
vt 0.368161 0.826764
vt 0.358717 0.786321
vt 0.346825 0.807039
vt 0.360015 0.826868
vt 0.141718 0.657721
vt 0.139471 0.664130
vt 0.130135 0.657671
vt 0.124333 0.660701
vt 0.343473 0.690385
vt 0.347582 0.708842
vt 0.318871 0.680994
vt 0.326331 0.665688
vt 0.082091 0.709892
vt 0.076983 0.710157
vt 0.094297 0.698251
vt 0.087978 0.699178
vt 0.330124 0.886472
vt 0.344469 0.933084
vt 0.330386 0.946952
vt 0.097768 0.693858
vt 0.091182 0.702695
vt 0.346738 0.827642
vt 0.333816 0.828442
vt 0.322295 0.745720
vt 0.330248 0.745360
vt 0.078613 0.717826
vt 0.074741 0.715243
vt 0.080243 0.725487
vt 0.074928 0.726727
vt 0.317569 0.960906
vt 0.324259 0.971629
vt 0.310945 0.992504
vt 0.340383 0.948221
vt 0.311066 0.641523
vt 0.311618 0.639690
vt 0.118635 0.663857
vt 0.310636 0.642950
vt 0.348565 0.916804
vt 0.368192 0.806283
vt 0.333181 0.848855
vt 0.352075 0.900242
vt 0.088245 0.707601
vt 0.323550 0.929081
vt 0.340637 0.948355
vt 0.358633 0.846723
vt 0.359478 0.826892
vt 0.359539 0.806548
vt 0.114946 0.677554
vt 0.084791 0.714733
vt 0.179301 0.663752
vt 0.179247 0.663759
vt 0.179314 0.663713
vt 0.179233 0.663825
vt 0.179184 0.663815
vt 0.179251 0.663719
vt 0.179200 0.663772
vt 0.179050 0.663996
vt 0.179082 0.664010
vt 0.179022 0.664092
vt 0.074601 0.628272
vt 0.074708 0.628246
vt 0.074665 0.628581
vt 0.179120 0.663895
vt 0.179156 0.663916
vt 0.179163 0.663805
vt 0.074550 0.627764
vt 0.074535 0.627954
vt 0.074433 0.627506
vt 0.074562 0.627645
vt 0.074634 0.627981
vt 0.074637 0.627838
vt 0.074166 0.982986
vt 0.074203 0.983049
vt 0.074017 0.982917
vt 0.074288 0.982843
vt 0.074313 0.982955
vt 0.074303 0.982942
vt 0.074341 0.982907
vt 0.074750 0.982578
vt 0.074473 0.982789
vt 0.074408 0.982675
vt 0.074490 0.982848
vt 0.074381 0.982912
vt 0.074277 0.982864
vt 0.074308 0.982850
vt 0.074180 0.982860
vt 0.074329 0.982916
vt 0.074363 0.982894
vt 0.182043 0.665516
vt 0.182027 0.665584
vt 0.065110 0.627374
vt 0.064932 0.627583
vt 0.064797 0.627665
vt 0.064642 0.627851
vt 0.064685 0.627999
vt 0.064524 0.628283
vt 0.064787 0.627853
vt 0.064937 0.627733
vt 0.065131 0.627447
vt 0.064938 0.627956
vt 0.064771 0.628033
vt 0.064405 0.628720
vt 0.064525 0.628780
vt 0.064606 0.628353
vt 0.064729 0.628374
vt 0.073431 0.981430
vt 0.073389 0.981247
vt 0.073478 0.981475
vt 0.073353 0.981574
vt 0.073257 0.981475
vt 0.073309 0.981563
vt 0.073310 0.981583
vt 0.073317 0.981578
vt 0.073314 0.981568
vt 0.073288 0.981629
vt 0.073322 0.981602
vt 0.073361 0.981576
vt 0.073289 0.981618
vt 0.073142 0.981624
vt 0.073152 0.981703
vt 0.073143 0.981372
vt 0.183340 0.876070
vt 0.183294 0.876098
vt 0.183369 0.876106
vt 0.183310 0.876125
vt 0.183266 0.876174
vt 0.183376 0.876181
vt 0.183404 0.876136
vt 0.183443 0.876158
vt 0.183300 0.876207
vt 0.183349 0.876165
vt 0.183304 0.876170
vt 0.183329 0.876145
vt 0.183264 0.876209
vt 0.183234 0.876232
vt 0.183241 0.876239
vt 0.118311 0.965161
vt 0.118143 0.965237
vt 0.118143 0.965280
vt 0.118013 0.965366
vt 0.117942 0.965407
vt 0.118450 0.965289
vt 0.118150 0.965333
vt 0.118367 0.965259
vt 0.118154 0.965306
vt 0.118326 0.965217
vt 0.118045 0.965355
vt 0.168451 0.784883
vt 0.168534 0.785066
vt 0.168391 0.784736
vt 0.168415 0.784775
vt 0.168647 0.785006
vt 0.168506 0.784830
vt 0.168580 0.785018
vt 0.168475 0.784867
vt 0.168491 0.784841
vt 0.168381 0.784720
vt 0.168346 0.784641
vt 0.274605 0.894838
vt 0.274763 0.894956
vt 0.274650 0.894796
vt 0.274803 0.894934
vt 0.274949 0.895010
vt 0.275022 0.895055
vt 0.274653 0.894641
vt 0.274848 0.894901
vt 0.274668 0.894736
vt 0.274861 0.894889
vt 0.275063 0.895070
vt 0.274978 0.895026
vt 0.274821 0.894912
vt 0.274922 0.894987
vt 0.133953 0.793369
vt 0.133974 0.793174
vt 0.133892 0.793352
vt 0.133934 0.793150
vt 0.133925 0.792947
vt 0.133928 0.792903
vt 0.133757 0.793432
vt 0.133880 0.793125
vt 0.133831 0.793369
vt 0.133921 0.792839
vt 0.133863 0.793118
vt 0.178076 0.894837
vt 0.178101 0.894884
vt 0.178108 0.894767
vt 0.178103 0.894822
vt 0.178131 0.894814
vt 0.178144 0.894868
vt 0.178122 0.894779
vt 0.178139 0.894745
vt 0.178109 0.894725
vt 0.178105 0.894687
vt 0.178095 0.894689
vt 0.178092 0.894757
vt 0.178190 0.894861
vt 0.178190 0.894808
vt 0.178159 0.894808
vt 0.265379 0.929194
vt 0.265166 0.929166
vt 0.265360 0.929156
vt 0.265581 0.929214
vt 0.265543 0.929211
vt 0.265382 0.929223
vt 0.265179 0.929225
vt 0.265162 0.929282
vt 0.265400 0.929263
vt 0.265397 0.929246
vt 0.265662 0.929225
vt 0.164751 0.880966
vt 0.164698 0.880965
vt 0.164795 0.881028
vt 0.164751 0.880997
vt 0.164744 0.881025
vt 0.164690 0.881010
vt 0.164778 0.881034
vt 0.164866 0.881064
vt 0.164790 0.881049
vt 0.164832 0.881049
vt 0.164869 0.881054
vt 0.164812 0.881019
vt 0.164673 0.881053
vt 0.164720 0.881079
vt 0.164736 0.881052
vt 0.164800 0.881065
vt 0.094252 0.940656
vt 0.094330 0.940487
vt 0.094123 0.940789
vt 0.094211 0.940656
vt 0.094185 0.940645
vt 0.094274 0.940472
vt 0.094233 0.940432
vt 0.094142 0.940642
vt 0.094158 0.940647
vt 0.094103 0.940820
vt 0.094056 0.940886
vt 0.094135 0.940756
vt 0.303927 0.922556
vt 0.303817 0.922664
vt 0.303994 0.922586
vt 0.303934 0.922700
vt 0.303787 0.922752
vt 0.304016 0.922743
vt 0.303919 0.922805
vt 0.292999 0.842732
vt 0.292960 0.842716
vt 0.303921 0.923078
vt 0.303965 0.922926
vt 0.304076 0.922988
vt 0.292975 0.842752
vt 0.292930 0.842723
vt 0.292998 0.842754
vt 0.303747 0.922838
vt 0.303745 0.922991
vt 0.303861 0.922898
vt 0.303815 0.923035
vt 0.303979 0.922824
vt 0.142227 0.755002
vt 0.142374 0.755018
vt 0.142192 0.754925
vt 0.142335 0.754908
vt 0.142460 0.754991
vt 0.142328 0.754821
vt 0.142426 0.754867
vt 0.170062 0.736066
vt 0.170091 0.736037
vt 0.170082 0.736100
vt 0.170044 0.736091
vt 0.170051 0.736044
vt 0.170093 0.736020
vt 0.170041 0.736070
vt 0.142547 0.754971
vt 0.142654 0.754870
vt 0.142521 0.754859
vt 0.142628 0.754805
vt 0.142412 0.754814
vt 0.142486 0.754784
vt 0.175527 0.883942
vt 0.175476 0.883890
vt 0.175516 0.883994
vt 0.175477 0.883941
vt 0.175425 0.883900
vt 0.175443 0.883974
vt 0.175436 0.883945
vt 0.175428 0.884063
vt 0.175498 0.884044
vt 0.175389 0.884027
vt 0.175455 0.884019
vt 0.175472 0.883982
vt 0.175374 0.883917
vt 0.175355 0.883987
vt 0.175398 0.883961
vt 0.175422 0.883995
vt 0.082672 0.976923
vt 0.082604 0.976789
vt 0.082627 0.976994
vt 0.082535 0.976884
vt 0.082530 0.976733
vt 0.082469 0.976938
vt 0.082447 0.976837
vt 0.309966 0.703915
vt 0.309983 0.703950
vt 0.082203 0.976831
vt 0.082345 0.976843
vt 0.082351 0.976964
vt 0.082530 0.977085
vt 0.082413 0.976882
vt 0.082460 0.976673
vt 0.082304 0.976627
vt 0.082379 0.976764
vt 0.082219 0.976695
vt 0.171525 0.789737
vt 0.171605 0.789741
vt 0.171585 0.789806
vt 0.171595 0.789655
vt 0.171629 0.789705
vt 0.171646 0.789783
vt 0.171641 0.789859
vt 0.171653 0.789746
vt 0.171672 0.789704
vt 0.171634 0.789640
vt 0.171736 0.789726
vt 0.171689 0.789761
vt 0.171697 0.789905
vt 0.171758 0.789873
vt 0.171937 0.788853
vt 0.171695 0.789824
vt 0.171750 0.789802
vt 0.184977 0.874445
vt 0.184962 0.874499
vt 0.185016 0.874433
vt 0.184997 0.874480
vt 0.184988 0.874530
vt 0.185030 0.874489
vt 0.185014 0.874504
vt 0.185093 0.874465
vt 0.185055 0.874426
vt 0.183762 0.875682
vt 0.185085 0.874505
vt 0.185054 0.874466
vt 0.185050 0.874495
vt 0.185024 0.874469
vt 0.185018 0.874557
vt 0.185072 0.874543
vt 0.185038 0.874522
vt 0.270698 0.892164
vt 0.270761 0.892208
vt 0.270633 0.892178
vt 0.270650 0.892119
vt 0.270737 0.892144
vt 0.270789 0.892178
vt 0.270691 0.892115
vt 0.270554 0.891997
vt 0.270521 0.892055
vt 0.271582 0.891553
vt 0.270635 0.892012
vt 0.270605 0.892064
vt 0.270574 0.892116
vt 0.270675 0.892077
vt 0.270739 0.892099
vt 0.270721 0.892033
vt 0.178665 0.897074
vt 0.178650 0.897127
vt 0.178626 0.897092
vt 0.178704 0.897061
vt 0.178685 0.897108
vt 0.178677 0.897157
vt 0.178713 0.897097
vt 0.178703 0.897132
vt 0.178782 0.897094
vt 0.178744 0.897054
vt 0.178773 0.897133
vt 0.178742 0.897094
vt 0.178738 0.897123
vt 0.178707 0.897184
vt 0.178760 0.897171
vt 0.178323 0.895438
vt 0.178726 0.897150
vt 0.178718 0.897117
vt 0.122135 0.963227
vt 0.122072 0.963251
vt 0.122154 0.963163
vt 0.122195 0.963204
vt 0.122082 0.963286
vt 0.122178 0.963233
vt 0.122135 0.963257
vt 0.122340 0.963161
vt 0.122317 0.963123
vt 0.122071 0.964224
vt 0.122282 0.963224
vt 0.122256 0.963186
vt 0.122234 0.963146
vt 0.122171 0.963363
vt 0.122161 0.963274
vt 0.122227 0.963290
vt 0.122105 0.963315
vt 0.122212 0.963232
vt 0.260551 0.929151
vt 0.260502 0.929213
vt 0.260456 0.929166
vt 0.260579 0.929211
vt 0.260524 0.929251
vt 0.260438 0.929224
vt 0.260373 0.929185
vt 0.260469 0.929249
vt 0.260501 0.929289
vt 0.260580 0.929292
vt 0.260450 0.929333
vt 0.260436 0.929272
vt 0.260296 0.929207
vt 0.260291 0.929272
vt 0.260897 0.929906
vt 0.260371 0.929245
vt 0.260367 0.929304
vt 0.133721 0.798105
vt 0.133725 0.798029
vt 0.133767 0.798154
vt 0.133707 0.798170
vt 0.133684 0.798082
vt 0.133683 0.798137
vt 0.133654 0.798314
vt 0.133720 0.798312
vt 0.132816 0.797645
vt 0.133625 0.798238
vt 0.133685 0.798236
vt 0.133744 0.798236
vt 0.133720 0.798313
vt 0.133659 0.798170
vt 0.133578 0.798048
vt 0.133645 0.798104
vt 0.133599 0.798153
vt 0.133686 0.798021
vt 0.162518 0.880376
vt 0.162479 0.880336
vt 0.162521 0.880333
vt 0.162510 0.880415
vt 0.162478 0.880376
vt 0.162439 0.880344
vt 0.162474 0.880406
vt 0.162448 0.880379
vt 0.162443 0.880468
vt 0.162496 0.880454
vt 0.162413 0.880440
vt 0.162462 0.880433
vt 0.162454 0.880400
vt 0.162401 0.880357
vt 0.162386 0.880410
vt 0.164204 0.880897
vt 0.162421 0.880391
vt 0.162439 0.880415
vt 0.096301 0.936701
vt 0.096248 0.936640
vt 0.096312 0.936622
vt 0.096225 0.936703
vt 0.096190 0.936694
vt 0.096272 0.936580
vt 0.096330 0.936542
vt 0.096218 0.936640
vt 0.096242 0.936598
vt 0.096202 0.936615
vt 0.096161 0.936671
vt 0.096185 0.936548
vt 0.096244 0.936564
vt 0.096353 0.936459
vt 0.096315 0.936435
vt 0.095112 0.936602
vt 0.096290 0.936519
vt 0.096252 0.936494
vt 0.360018 0.993889
vt 0.360001 0.994171
vt 0.359356 0.993542
vt 0.360216 0.993999
vt 0.360313 0.994135
vt 0.359579 0.994309
vt 0.360214 0.994313
vt 0.078414 0.767182
vt 0.078376 0.767167
vt 0.078419 0.767080
vt 0.078404 0.767294
vt 0.078367 0.767287
vt 0.360493 0.994012
vt 0.360431 0.993942
vt 0.360610 0.993876
vt 0.360395 0.994213
vt 0.078376 0.767487
vt 0.078359 0.767457
vt 0.078391 0.767402
vt 0.078347 0.767525
vt 0.078336 0.767486
vt 0.078360 0.767386
vt 0.078341 0.767423
vt 0.360765 0.642450
vt 0.360876 0.642672
vt 0.179740 0.663177
vt 0.179686 0.663208
vt 0.179656 0.663193
vt 0.360986 0.642609
vt 0.361080 0.642762
vt 0.179614 0.663224
vt 0.179572 0.663215
vt 0.179709 0.663227
vt 0.179657 0.663233
vt 0.179742 0.663208
vt 0.179604 0.663265
vt 0.179572 0.663250
vt 0.179383 0.663241
vt 0.179383 0.663295
vt 0.179300 0.663283
vt 0.179490 0.663205
vt 0.179484 0.663249
vt 0.179490 0.663289
vt 0.359566 0.990948
vt 0.359536 0.990985
vt 0.359853 0.990899
vt 0.359752 0.990991
vt 0.359682 0.991057
vt 0.359694 0.991024
vt 0.359718 0.991055
vt 0.359892 0.991116
vt 0.360091 0.991041
vt 0.359893 0.991177
vt 0.359749 0.991091
vt 0.359760 0.990963
vt 0.359753 0.990959
vt 0.359731 0.991038
vt 0.359757 0.991061
vt 0.359842 0.645836
vt 0.359846 0.646016
vt 0.359817 0.645805
vt 0.359979 0.645730
vt 0.360045 0.645793
vt 0.360013 0.645725
vt 0.360069 0.645879
vt 0.360082 0.645873
vt 0.360103 0.645967
vt 0.360063 0.645747
vt 0.360039 0.645771
vt 0.360002 0.645784
vt 0.360049 0.645694
vt 0.360202 0.645652
vt 0.360201 0.645596
vt 0.360153 0.645902
vt 0.074974 0.738516
vt 0.075006 0.738493
vt 0.074972 0.738543
vt 0.075005 0.738445
vt 0.075038 0.738437
vt 0.310199 0.994722
vt 0.308410 0.994610
vt 0.308863 0.994342
vt 0.308235 0.994132
vt 0.308212 0.993370
vt 0.308131 0.993386
vt 0.308156 0.993200
vt 0.308257 0.993582
vt 0.308173 0.993585
vt 0.075070 0.738365
vt 0.075040 0.738361
vt 0.075076 0.738276
vt 0.308192 0.993854
vt 0.308039 0.993915
vt 0.308454 0.994075
vt 0.308348 0.993823
vt 0.309825 0.994362
vt 0.153567 0.657628
vt 0.153549 0.657662
vt 0.153503 0.657660
vt 0.310076 0.640557
vt 0.308601 0.640492
vt 0.308040 0.639320
vt 0.153500 0.657694
vt 0.153428 0.657697
vt 0.153532 0.657692
vt 0.308543 0.641209
vt 0.308279 0.641010
vt 0.309387 0.640870
vt 0.308314 0.641341
vt 0.308175 0.641386
vt 0.308039 0.641127
vt 0.153354 0.657735
vt 0.153361 0.657770
vt 0.153290 0.657770
vt 0.153437 0.657728
vt 0.308183 0.641568
vt 0.308252 0.641573
vt 0.308204 0.641779
vt 0.153506 0.657717
vt 0.310699 0.992640
vt 0.310677 0.992668
vt 0.310972 0.992622
vt 0.310887 0.992692
vt 0.310836 0.992733
vt 0.310854 0.992680
vt 0.310867 0.992739
vt 0.311041 0.992808
vt 0.311228 0.992760
vt 0.311045 0.992850
vt 0.310903 0.992764
vt 0.310927 0.992592
vt 0.310919 0.992585
vt 0.310892 0.992690
vt 0.310916 0.992709
vt 0.311050 0.642678
vt 0.311057 0.642868
vt 0.311020 0.642641
vt 0.311185 0.642561
vt 0.311258 0.642636
vt 0.311222 0.642559
vt 0.311268 0.642686
vt 0.311278 0.642682
vt 0.311295 0.642765
vt 0.311269 0.642565
vt 0.311242 0.642590
vt 0.311202 0.642606
vt 0.311258 0.642522
vt 0.311418 0.642488
vt 0.311417 0.642424
vt 0.311371 0.642752
vt 0.142259 0.738477
vt 0.136847 0.744158
vt 0.142286 0.738507
vt 0.136874 0.744188
vt 0.142318 0.738523
vt 0.136906 0.744204
vt 0.136937 0.744204
vt 0.147399 0.732561
vt 0.147427 0.732591
vt 0.147458 0.732608
vt 0.142348 0.738523
vt 0.053344 0.869958
vt 0.051936 0.851070
vt 0.052041 0.851067
vt 0.053245 0.869970
vt 0.051844 0.851073
vt 0.053159 0.869980
vt 0.051753 0.851077
vt 0.055140 0.887560
vt 0.055049 0.887581
vt 0.054970 0.887598
vt 0.053074 0.869989
vt 0.125603 0.754252
vt 0.131276 0.749430
vt 0.125631 0.754282
vt 0.131303 0.749460
vt 0.125662 0.754298
vt 0.131365 0.749476
vt 0.125693 0.754298
vt 0.131335 0.749476
vt 0.051354 0.810796
vt 0.051257 0.831151
vt 0.051240 0.810778
vt 0.051160 0.831147
vt 0.051139 0.810766
vt 0.051065 0.831146
vt 0.051040 0.810760
vt 0.051367 0.831158
vt 0.053409 0.770344
vt 0.051888 0.790509
vt 0.053291 0.770303
vt 0.051786 0.790488
vt 0.053188 0.770272
vt 0.051683 0.790477
vt 0.053083 0.770253
vt 0.052005 0.790538
vt 0.152177 0.726569
vt 0.152205 0.726599
vt 0.152236 0.726616
vt 0.147489 0.732608
vt 0.156632 0.720452
vt 0.156660 0.720482
vt 0.156692 0.720499
vt 0.152267 0.726616
vt 0.160842 0.714105
vt 0.160869 0.714136
vt 0.160900 0.714154
vt 0.156723 0.720500
vt 0.164900 0.707391
vt 0.164923 0.707430
vt 0.164951 0.707453
vt 0.160931 0.714155
vt 0.060289 0.719771
vt 0.055727 0.748760
vt 0.060180 0.719672
vt 0.055624 0.748714
vt 0.060082 0.719594
vt 0.055518 0.748687
vt 0.059977 0.719545
vt 0.055842 0.748819
vt 0.172773 0.692976
vt 0.175941 0.678434
vt 0.172816 0.692978
vt 0.176007 0.678354
vt 0.172858 0.692975
vt 0.176068 0.678305
vt 0.172893 0.692969
vt 0.168894 0.700230
vt 0.168905 0.700290
vt 0.168926 0.700326
vt 0.168954 0.700334
vt 0.164981 0.707456
vt 0.074750 0.628841
vt 0.067021 0.677826
vt 0.066932 0.677683
vt 0.066833 0.677590
vt 0.067117 0.678002
vt 0.057691 0.904744
vt 0.057606 0.904773
vt 0.057536 0.904799
vt 0.054891 0.887610
vt 0.115727 0.747568
vt 0.062451 0.926251
vt 0.062395 0.926300
vt 0.057465 0.904819
vt 0.113789 0.762709
vt 0.119832 0.758640
vt 0.113825 0.762733
vt 0.119860 0.758669
vt 0.113862 0.762745
vt 0.028906 0.922818
vt 0.119892 0.758685
vt 0.023848 0.907689
vt 0.057474 0.970323
vt 0.057605 0.970353
vt 0.057707 0.970358
vt 0.057327 0.970280
vt 0.040286 0.951889
vt 0.040332 0.951849
vt 0.040384 0.951817
vt 0.107010 0.752808
vt 0.070038 0.954387
vt 0.069998 0.954466
vt 0.062336 0.926335
vt 0.069951 0.954519
vt 0.078847 0.767086
vt 0.094062 0.759537
vt 0.100766 0.770302
vt 0.107339 0.766585
vt 0.100777 0.770340
vt 0.107391 0.766600
vt 0.100797 0.770362
vt 0.107439 0.766606
vt 0.034385 0.937599
vt 0.019431 0.854788
vt 0.017200 0.835357
vt 0.019559 0.854768
vt 0.017336 0.835336
vt 0.019688 0.854747
vt 0.017473 0.835313
vt 0.015810 0.815445
vt 0.015953 0.815423
vt 0.016097 0.815399
vt 0.045822 0.870597
vt 0.044059 0.851620
vt 0.045702 0.870606
vt 0.043928 0.851631
vt 0.045580 0.870615
vt 0.043797 0.851643
vt 0.048131 0.888297
vt 0.048017 0.888306
vt 0.047902 0.888314
vt 0.022457 0.873191
vt 0.026124 0.890347
vt 0.022579 0.873172
vt 0.026240 0.890331
vt 0.022702 0.873154
vt 0.026356 0.890316
vt 0.042621 0.811121
vt 0.042985 0.831605
vt 0.042480 0.811135
vt 0.042848 0.831619
vt 0.042337 0.811153
vt 0.042711 0.831634
vt 0.044106 0.770322
vt 0.042966 0.790711
vt 0.043951 0.770338
vt 0.042819 0.790727
vt 0.043795 0.770360
vt 0.042671 0.790747
vt 0.015284 0.795596
vt 0.015431 0.795573
vt 0.015578 0.795547
vt 0.015686 0.775759
vt 0.015837 0.775735
vt 0.015988 0.775707
vt 0.017095 0.755666
vt 0.017251 0.755638
vt 0.017408 0.755602
vt 0.019586 0.734948
vt 0.019761 0.734904
vt 0.019938 0.734841
vt 0.050632 0.719356
vt 0.046323 0.748580
vt 0.050474 0.719398
vt 0.046161 0.748601
vt 0.050313 0.719462
vt 0.045997 0.748631
vt 0.045849 0.659785
vt 0.027715 0.691708
vt 0.045913 0.660035
vt 0.027777 0.691711
vt 0.045930 0.660371
vt 0.027833 0.691729
vt 0.178490 0.678907
vt 0.023146 0.713373
vt 0.023354 0.713296
vt 0.023568 0.713173
vt 0.057339 0.677470
vt 0.057171 0.677573
vt 0.056998 0.677724
vt 0.051252 0.905637
vt 0.051138 0.905646
vt 0.051022 0.905650
vt 0.056754 0.927230
vt 0.056646 0.927217
vt 0.056535 0.927192
vt 0.030276 0.906256
vt 0.034905 0.921390
vt 0.030387 0.906244
vt 0.035019 0.921391
vt 0.030499 0.906235
vt 0.035138 0.921402
vt 0.060763 0.967292
vt 0.060733 0.967087
vt 0.060673 0.966846
vt 0.045345 0.949977
vt 0.045380 0.949952
vt 0.045412 0.949923
vt 0.065126 0.955098
vt 0.064997 0.955005
vt 0.064861 0.954887
vt 0.039994 0.936103
vt 0.040123 0.936114
vt 0.040260 0.936151
vt 0.073692 0.982097
vt 0.072939 0.981543
vt 0.073693 0.982089
vt 0.074189 0.982784
vt 0.073693 0.982077
vt 0.074437 0.627563
vt 0.180670 0.664558
vt 0.069808 0.627519
vt 0.182038 0.665411
vt 0.162052 0.831534
vt 0.161989 0.831540
vt 0.161930 0.831563
vt 0.137281 0.921750
vt 0.137193 0.921662
vt 0.137231 0.921712
vt 0.309927 0.703901
vt 0.240008 0.719969
vt 0.309900 0.703892
vt 0.082856 0.859011
vt 0.239996 0.719956
vt 0.082733 0.858976
vt 0.227615 0.899115
vt 0.227642 0.899057
vt 0.227651 0.898994
vt 0.231522 0.789409
vt 0.170077 0.736130
vt 0.231495 0.789441
vt 0.170077 0.736153
vt 0.245368 0.815229
vt 0.231505 0.789428
vt 0.292909 0.842727
vt 0.293025 0.842701
vt 0.198901 0.977085
vt 0.198839 0.976844
vt 0.301504 0.773326
vt 0.198871 0.976965
vt 0.173639 0.835197
vt 0.168437 0.784913
vt 0.173593 0.835195
vt 0.168355 0.784679
vt 0.173547 0.835185
vt 0.168277 0.784566
vt 0.275139 0.895140
vt 0.224596 0.887216
vt 0.224586 0.887169
vt 0.224581 0.887121
vt 0.168283 0.784539
vt 0.237041 0.823315
vt 0.236979 0.823369
vt 0.236918 0.823419
vt 0.275169 0.895140
vt 0.148617 0.924979
vt 0.148574 0.924960
vt 0.148529 0.924945
vt 0.117815 0.965467
vt 0.218883 0.907400
vt 0.218913 0.907363
vt 0.265622 0.929213
vt 0.218948 0.907328
vt 0.265770 0.929209
vt 0.265794 0.929227
vt 0.196212 0.966600
vt 0.196192 0.966523
vt 0.196174 0.966448
vt 0.117801 0.965493
vt 0.117910 0.965435
vt 0.118154 0.965350
vt 0.133953 0.792693
vt 0.153318 0.839852
vt 0.153283 0.839885
vt 0.153244 0.839912
vt 0.134181 0.910411
vt 0.134167 0.910364
vt 0.134148 0.910321
vt 0.094020 0.940987
vt 0.094085 0.940856
vt 0.093994 0.941000
vt 0.093167 0.861953
vt 0.093245 0.861975
vt 0.093321 0.861996
vt 0.133933 0.792659
vt 0.175998 0.834548
vt 0.175953 0.834540
vt 0.175909 0.834540
vt 0.179227 0.834869
vt 0.225013 0.884969
vt 0.225010 0.884924
vt 0.225001 0.884877
vt 0.224520 0.881840
vt 0.234501 0.825392
vt 0.234441 0.825442
vt 0.234383 0.825494
vt 0.231794 0.828595
vt 0.152903 0.927799
vt 0.150363 0.926417
vt 0.150318 0.926403
vt 0.150277 0.926383
vt 0.218009 0.909515
vt 0.218042 0.909480
vt 0.218070 0.909443
vt 0.216345 0.911982
vt 0.195513 0.963746
vt 0.195495 0.963672
vt 0.195476 0.963598
vt 0.194642 0.960155
vt 0.151188 0.840645
vt 0.151150 0.840671
vt 0.151115 0.840703
vt 0.148693 0.842683
vt 0.132752 0.908657
vt 0.132733 0.908616
vt 0.132718 0.908570
vt 0.131582 0.905875
vt 0.096057 0.862729
vt 0.096131 0.862750
vt 0.096206 0.862770
vt 0.099699 0.863475
vt 0.184172 0.875264
vt 0.184202 0.875295
vt 0.184232 0.875325
vt 0.272565 0.893336
vt 0.270808 0.892141
vt 0.272507 0.893421
vt 0.272537 0.893378
vt 0.120423 0.964171
vt 0.120381 0.964090
vt 0.120402 0.964130
vt 0.262689 0.929165
vt 0.262689 0.929214
vt 0.260585 0.929251
vt 0.262689 0.929265
vt 0.163557 0.880746
vt 0.163568 0.880705
vt 0.163580 0.880664
vt 0.133741 0.795908
vt 0.133644 0.798025
vt 0.133845 0.795913
vt 0.133793 0.795911
vt 0.170184 0.787628
vt 0.171563 0.789681
vt 0.170231 0.787608
vt 0.170274 0.787580
vt 0.178473 0.895988
vt 0.178390 0.896009
vt 0.178432 0.895998
vt 0.095397 0.938413
vt 0.095314 0.938371
vt 0.095356 0.938392
vt 0.111005 0.691559
vt 0.116440 0.685831
vt 0.416647 0.811140
vt 0.416291 0.831688
vt 0.416555 0.811139
vt 0.416200 0.831683
vt 0.416464 0.811140
vt 0.105905 0.697530
vt 0.416382 0.831697
vt 0.415140 0.851724
vt 0.415050 0.851714
vt 0.122014 0.697367
vt 0.127682 0.692068
vt 0.122045 0.697397
vt 0.127714 0.692097
vt 0.122077 0.697411
vt 0.373328 0.812013
vt 0.133523 0.687234
vt 0.133554 0.687263
vt 0.127746 0.692111
vt 0.373122 0.791202
vt 0.127941 0.675681
vt 0.415930 0.790697
vt 0.414204 0.770735
vt 0.414292 0.770719
vt 0.415840 0.790705
vt 0.414117 0.770746
vt 0.122106 0.680525
vt 0.415751 0.790712
vt 0.116581 0.703101
vt 0.111486 0.709082
vt 0.116612 0.703130
vt 0.111517 0.709111
vt 0.116645 0.703144
vt 0.111550 0.709125
vt 0.372950 0.832942
vt 0.372093 0.853346
vt 0.106808 0.715141
vt 0.102509 0.721330
vt 0.106840 0.715171
vt 0.102541 0.721359
vt 0.106872 0.715185
vt 0.102573 0.721374
vt 0.370871 0.872653
vt 0.369260 0.890888
vt 0.101225 0.703586
vt 0.415231 0.851741
vt 0.413217 0.870711
vt 0.413129 0.870695
vt 0.096926 0.709774
vt 0.413305 0.870735
vt 0.410542 0.888700
vt 0.410456 0.888680
vt 0.410720 0.888781
vt 0.407201 0.905956
vt 0.410626 0.888732
vt 0.407123 0.905914
vt 0.407041 0.905887
vt 0.407291 0.906012
vt 0.403047 0.922716
vt 0.402979 0.922650
vt 0.402905 0.922607
vt 0.098324 0.728134
vt 0.093202 0.737580
vt 0.098355 0.728165
vt 0.093229 0.737619
vt 0.098387 0.728180
vt 0.093258 0.737640
vt 0.093286 0.737640
vt 0.098416 0.728178
vt 0.376556 0.977189
vt 0.392694 0.954981
vt 0.392778 0.955004
vt 0.376374 0.977273
vt 0.392616 0.954969
vt 0.376210 0.977337
vt 0.392534 0.954958
vt 0.376079 0.977364
vt 0.360766 0.993832
vt 0.403122 0.922801
vt 0.398205 0.939247
vt 0.398160 0.939134
vt 0.398099 0.939057
vt 0.398254 0.939388
vt 0.086287 0.751253
vt 0.086304 0.751312
vt 0.086326 0.751347
vt 0.086352 0.751351
vt 0.139937 0.682675
vt 0.139969 0.682703
vt 0.133586 0.687278
vt 0.372365 0.770888
vt 0.149168 0.677451
vt 0.149209 0.677475
vt 0.140002 0.682718
vt 0.370781 0.750058
vt 0.140287 0.667215
vt 0.411835 0.751315
vt 0.408511 0.732048
vt 0.408585 0.731994
vt 0.411752 0.751341
vt 0.408433 0.732085
vt 0.133941 0.671283
vt 0.411668 0.751359
vt 0.166794 0.661453
vt 0.361276 0.642842
vt 0.380233 0.664986
vt 0.380096 0.664954
vt 0.154107 0.659651
vt 0.380403 0.665059
vt 0.399550 0.692915
vt 0.399470 0.692928
vt 0.163009 0.670770
vt 0.163068 0.670786
vt 0.149247 0.677487
vt 0.360603 0.684574
vt 0.366985 0.722564
vt 0.163119 0.670791
vt 0.357002 0.644616
vt 0.404566 0.712293
vt 0.399626 0.692900
vt 0.404509 0.712399
vt 0.147118 0.663350
vt 0.404442 0.712471
vt 0.408085 0.811300
vt 0.407792 0.831689
vt 0.407946 0.811304
vt 0.407651 0.831693
vt 0.407807 0.811308
vt 0.407510 0.831698
vt 0.406689 0.851570
vt 0.406549 0.851574
vt 0.406408 0.851581
vt 0.381275 0.791100
vt 0.381595 0.811968
vt 0.381411 0.791100
vt 0.381736 0.811967
vt 0.381548 0.791101
vt 0.381878 0.811965
vt 0.380320 0.770699
vt 0.380454 0.770700
vt 0.380589 0.770703
vt 0.407470 0.791026
vt 0.406005 0.771197
vt 0.407333 0.791028
vt 0.405869 0.771198
vt 0.407195 0.791030
vt 0.405733 0.771198
vt 0.380312 0.853385
vt 0.381235 0.832946
vt 0.380450 0.853379
vt 0.381375 0.832942
vt 0.380590 0.853369
vt 0.381516 0.832935
vt 0.377115 0.891035
vt 0.378947 0.872733
vt 0.377251 0.891025
vt 0.379083 0.872724
vt 0.377388 0.891011
vt 0.379220 0.872712
vt 0.404888 0.870399
vt 0.404750 0.870403
vt 0.404612 0.870411
vt 0.402396 0.888228
vt 0.402261 0.888234
vt 0.402125 0.888244
vt 0.399213 0.905290
vt 0.399079 0.905299
vt 0.398945 0.905314
vt 0.395338 0.921876
vt 0.395196 0.921898
vt 0.395051 0.921935
vt 0.370491 0.932388
vt 0.374569 0.909409
vt 0.370623 0.932352
vt 0.374704 0.909396
vt 0.370756 0.932301
vt 0.374840 0.909376
vt 0.371614 0.973937
vt 0.385894 0.953512
vt 0.371614 0.973688
vt 0.385843 0.953486
vt 0.371648 0.973387
vt 0.385798 0.953449
vt 0.390837 0.938114
vt 0.390677 0.938153
vt 0.390510 0.938226
vt 0.364871 0.962221
vt 0.365017 0.962103
vt 0.365167 0.961953
vt 0.378451 0.749712
vt 0.378591 0.749715
vt 0.378732 0.749723
vt 0.374233 0.722108
vt 0.374367 0.722137
vt 0.374504 0.722182
vt 0.403775 0.751922
vt 0.400770 0.732741
vt 0.403642 0.751919
vt 0.400629 0.732720
vt 0.403507 0.751911
vt 0.400485 0.732685
vt 0.375247 0.668471
vt 0.375238 0.668727
vt 0.375264 0.669038
vt 0.392628 0.694394
vt 0.392579 0.694414
vt 0.392533 0.694442
vt 0.367213 0.684407
vt 0.367366 0.684531
vt 0.367525 0.684692
vt 0.397014 0.713320
vt 0.396851 0.713282
vt 0.396681 0.713209
vt 0.359330 0.644857
vt 0.360417 0.645731
vt 0.358004 0.643867
vt 0.359527 0.644771
vt 0.358947 0.643355
vt 0.359902 0.642959
vt 0.359722 0.644690
vt 0.357880 0.992917
vt 0.359373 0.992031
vt 0.359049 0.991896
vt 0.359578 0.990811
vt 0.095204 0.682428
vt 0.099399 0.678184
vt 0.095185 0.682408
vt 0.099381 0.678164
vt 0.095166 0.682390
vt 0.099362 0.678145
vt 0.099341 0.678123
vt 0.091341 0.686801
vt 0.091322 0.686782
vt 0.091302 0.686764
vt 0.367368 0.846733
vt 0.368268 0.826766
vt 0.324515 0.786837
vt 0.325044 0.807633
vt 0.324930 0.807632
vt 0.324627 0.786829
vt 0.325142 0.807634
vt 0.324724 0.786823
vt 0.325240 0.807634
vt 0.323604 0.766557
vt 0.323712 0.766539
vt 0.323806 0.766526
vt 0.324820 0.786819
vt 0.108517 0.670497
vt 0.103853 0.674196
vt 0.108500 0.670476
vt 0.103836 0.674176
vt 0.108484 0.670455
vt 0.103798 0.674132
vt 0.108465 0.670430
vt 0.103818 0.674156
vt 0.324264 0.848942
vt 0.324926 0.828562
vt 0.324376 0.848961
vt 0.325025 0.828570
vt 0.324474 0.848975
vt 0.325122 0.828574
vt 0.324571 0.848983
vt 0.324812 0.828551
vt 0.322163 0.886356
vt 0.323506 0.868243
vt 0.322266 0.886393
vt 0.323601 0.868263
vt 0.322356 0.886420
vt 0.323696 0.868274
vt 0.322447 0.886436
vt 0.323398 0.868216
vt 0.087867 0.691193
vt 0.087848 0.691174
vt 0.087827 0.691157
vt 0.365708 0.865640
vt 0.084752 0.695637
vt 0.084733 0.695618
vt 0.084711 0.695602
vt 0.363316 0.883534
vt 0.081943 0.700211
vt 0.081923 0.700192
vt 0.081902 0.700176
vt 0.360221 0.900632
vt 0.079373 0.705015
vt 0.079357 0.704989
vt 0.079337 0.704971
vt 0.356466 0.917227
vt 0.316490 0.928461
vt 0.320308 0.904667
vt 0.316568 0.928543
vt 0.320391 0.904706
vt 0.316639 0.928609
vt 0.320476 0.904731
vt 0.316716 0.928652
vt 0.320215 0.904617
vt 0.074710 0.715243
vt 0.074896 0.726805
vt 0.074684 0.715248
vt 0.074864 0.726873
vt 0.074658 0.715254
vt 0.328785 0.975486
vt 0.347245 0.949408
vt 0.075110 0.738203
vt 0.074833 0.726920
vt 0.311423 0.995103
vt 0.076974 0.710107
vt 0.076965 0.710067
vt 0.076950 0.710039
vt 0.352138 0.933555
vt 0.310900 0.961057
vt 0.310958 0.961161
vt 0.311023 0.961230
vt 0.310838 0.960930
vt 0.321917 0.745808
vt 0.322017 0.745774
vt 0.322105 0.745747
vt 0.323899 0.766516
vt 0.318055 0.718530
vt 0.318140 0.718460
vt 0.318217 0.718403
vt 0.322193 0.745729
vt 0.118605 0.663838
vt 0.113385 0.667074
vt 0.118581 0.663822
vt 0.113367 0.667054
vt 0.118561 0.663802
vt 0.113334 0.667006
vt 0.118545 0.663775
vt 0.113351 0.667033
vt 0.141787 0.657687
vt 0.141847 0.657654
vt 0.141887 0.657621
vt 0.311786 0.639746
vt 0.130132 0.657640
vt 0.130131 0.657612
vt 0.130132 0.657584
vt 0.331005 0.661256
vt 0.311669 0.680979
vt 0.311738 0.680856
vt 0.311800 0.680756
vt 0.318297 0.718366
vt 0.311869 0.680690
vt 0.308141 0.641949
vt 0.124287 0.660691
vt 0.124248 0.660683
vt 0.124201 0.660642
vt 0.130123 0.657553
vt 0.124220 0.660668
vt 0.359944 0.806532
vt 0.359888 0.826871
vt 0.359806 0.806537
vt 0.359748 0.826877
vt 0.359667 0.806543
vt 0.359607 0.826884
vt 0.359042 0.846699
vt 0.358902 0.846705
vt 0.358761 0.846714
vt 0.332970 0.786641
vt 0.333505 0.807496
vt 0.333106 0.786640
vt 0.333646 0.807492
vt 0.333243 0.786640
vt 0.333788 0.807489
vt 0.331843 0.766269
vt 0.331976 0.766269
vt 0.332111 0.766271
vt 0.359118 0.786312
vt 0.357467 0.766551
vt 0.358981 0.786316
vt 0.357332 0.766553
vt 0.358843 0.786319
vt 0.357197 0.766554
vt 0.332777 0.848889
vt 0.333403 0.828465
vt 0.332914 0.848880
vt 0.333543 0.828458
vt 0.333053 0.848868
vt 0.333685 0.828450
vt 0.330246 0.886469
vt 0.331739 0.868207
vt 0.330379 0.886458
vt 0.331872 0.868196
vt 0.330513 0.886441
vt 0.332005 0.868181
vt 0.357512 0.865464
vt 0.357375 0.865471
vt 0.357238 0.865481
vt 0.355314 0.883217
vt 0.355180 0.883225
vt 0.355045 0.883238
vt 0.352463 0.900190
vt 0.352331 0.900202
vt 0.352198 0.900220
vt 0.348980 0.916679
vt 0.348840 0.916707
vt 0.348698 0.916752
vt 0.323669 0.929068
vt 0.327941 0.904978
vt 0.323801 0.929030
vt 0.328081 0.904965
vt 0.323935 0.928973
vt 0.328222 0.904944
vt 0.324144 0.972518
vt 0.340571 0.948339
vt 0.324151 0.972271
vt 0.340499 0.948309
vt 0.324194 0.971966
vt 0.340433 0.948268
vt 0.344944 0.932851
vt 0.344788 0.932899
vt 0.344624 0.932983
vt 0.317139 0.961379
vt 0.317279 0.961252
vt 0.317426 0.961089
vt 0.329837 0.745342
vt 0.329976 0.745344
vt 0.330117 0.745351
vt 0.325499 0.717885
vt 0.325633 0.717914
vt 0.325770 0.717957
vt 0.355080 0.747364
vt 0.351942 0.728302
vt 0.354947 0.747362
vt 0.351801 0.728282
vt 0.354813 0.747356
vt 0.351658 0.728248
vt 0.326259 0.664772
vt 0.326254 0.665031
vt 0.326283 0.665345
vt 0.343601 0.690303
vt 0.343552 0.690325
vt 0.343506 0.690353
vt 0.318401 0.680524
vt 0.318555 0.680651
vt 0.318715 0.680813
vt 0.348074 0.709039
vt 0.347911 0.709002
vt 0.347743 0.708931
vt 0.310593 0.641711
vt 0.311640 0.642576
vt 0.310900 0.641582
vt 0.310337 0.993446
vt 0.309281 0.994114
vt 0.310596 0.993553
vt 0.311260 0.995170
vt 0.310683 0.992532
vt 0.094053 0.940913
vt 0.265688 0.929215
vt 0.117885 0.965438
vt 0.275079 0.895091
vt 0.168325 0.784627
vt 0.045682 0.659633
vt 0.357068 0.644428
vt 0.183285 0.876173
vt 0.183301 0.876188
vt 0.117986 0.965383
vt 0.178129 0.894762
vt 0.293023 0.842741
vt 0.078360 0.767518
vt 0.179753 0.663191
vt 0.153595 0.657627
vt 0.153578 0.657667
vt 0.019236 0.891758
vt 0.040241 0.951941
vt 0.078788 0.767078
vt 0.133939 0.792805
vt 0.102602 0.721372
vt 0.095143 0.682368
vt 0.350364 0.688793
vt 0.310530 0.640118
s 1
usemtl Holocron_Corners.001
f 1220/1/1 1/2/2 202/3/3
f 1171/4/4 20/5/5 106/6/6
f 89/7/2 227/8/7 3/9/2
f 216/10/8 114/11/9 1181/12/10
f 4/13/2 1185/14/11 206/15/12
f 201/16/13 106/6/6 16/17/14
f 212/18/15 102/19/16 14/20/17
f 226/21/18 109/22/19 1176/23/20
f 3/9/2 1160/24/21 222/25/22
f 1175/26/23 4/13/2 88/27/2
f 1181/12/10 22/28/24 231/29/25
f 1191/30/26 19/31/27 237/32/28
f 1186/33/29 26/34/30 207/35/31
f 231/29/25 108/36/32 1196/37/33
f 1196/37/33 23/38/34 241/39/35
f 1206/40/36 18/41/37 247/42/38
f 90/43/2 236/44/39 1185/14/11
f 241/39/35 115/45/40 1211/46/41
f 1211/46/41 1323/47/42 253/48/43
f 268/49/44 113/50/45 1206/40/36
f 91/51/2 246/52/46 1190/53/47
f 1221/54/48 16/17/14 104/55/49
f 273/56/50 104/55/49 17/57/51
f 279/58/52 110/59/53 13/60/54
f 1/2/2 1165/61/55 89/7/2
f 1236/62/56 17/57/51 112/63/57
f 284/64/58 112/63/57 21/65/59
f 1231/66/60 1320/67/61 110/59/53
f 6/68/2 1215/69/62 93/70/2
f 106/6/6 327/71/63 1250/72/64
f 10/73/65 1266/74/66 97/75/65
f 24/76/67 1260/77/68 114/11/9
f 336/78/69 98/79/65 1276/80/70
f 104/55/49 307/81/71 1300/82/72
f 15/83/73 1245/84/74 332/85/75
f 15/83/73 1255/86/76 109/22/19
f 103/87/77 316/88/78 1245/84/74
f 116/89/79 327/71/63 20/5/5
f 117/90/80 311/91/81 26/34/30
f 19/31/27 1265/92/82 117/90/80
f 22/28/24 1275/93/83 108/36/32
f 1261/94/84 8/95/65 336/78/69
f 105/96/85 341/97/86 19/31/27
f 18/41/37 1270/98/87 105/96/85
f 23/38/34 1290/99/88 115/45/40
f 1276/80/70 11/100/65 346/101/89
f 113/50/45 351/102/90 18/41/37
f 25/103/91 1285/104/92 113/50/45
f 115/45/40 357/105/93 1323/47/42
f 306/106/94 96/107/65 7/108/65
f 14/20/17 1295/109/95 316/88/78
f 102/19/16 383/110/96 1295/109/95
f 112/63/57 379/111/97 1315/112/98
f 100/113/65 378/114/99 1301/115/100
f 13/60/54 1310/116/101 383/110/96
f 110/59/53 395/117/102 1310/116/101
f 21/65/59 1315/112/98 388/118/103
f 1166/119/104 14/20/17 103/87/77
f 1226/120/105 21/65/59 107/121/106
f 107/121/106 388/118/103 1305/122/107
f 7/108/65 1246/123/108 317/124/109
f 227/8/7 88/27/2 3/9/2
f 1176/23/20 24/76/67 216/10/8
f 109/22/19 322/125/110 24/76/67
f 96/107/65 331/126/111 1246/123/108
f 94/127/112 278/128/113 6/68/2
f 202/3/3 89/7/2 1170/129/114
f 16/17/14 1250/72/64 307/81/71
f 384/130/115 101/131/65 12/132/65
f 237/32/28 117/90/80 1186/33/29
f 1201/133/116 1324/134/117 111/135/118
f 111/135/118 356/136/119 1280/137/120
f 97/75/65 342/138/121 8/95/65
f 207/35/31 116/89/79 1161/139/122
f 226/21/18 103/87/77 15/83/73
f 1251/140/123 9/141/65 96/107/65
f 26/34/30 1240/142/124 116/89/79
f 1225/143/125 1230/144/126 94/127/112
f 283/145/127 94/127/112 1235/146/128
f 101/131/65 389/147/129 1316/148/130
f 1311/149/131 1306/150/132 101/131/65
f 5/151/2 1205/152/133 246/52/46
f 1180/153/134 2/154/2 90/43/2
f 114/11/9 337/155/135 22/28/24
f 11/100/65 1286/156/136 99/157/137
f 217/158/138 90/43/2 4/13/2
f 232/159/139 91/51/2 2/154/2
f 95/160/65 331/126/111 9/141/65
f 10/73/65 1256/161/140 95/160/65
f 1216/162/141 13/60/54 102/19/16
f 7/108/65 1301/115/100 306/106/94
f 1353/163/142 1443/164/143 410/165/144
f 1296/166/145 12/132/65 100/113/65
f 92/167/146 269/168/147 1205/152/133
f 1210/169/148 1200/170/149 92/167/146
f 1291/171/150 1281/172/151 358/173/152
f 99/157/137 373/174/153 1281/172/151
f 1226/120/105 1321/175/154 288/176/155
f 274/177/156 93/70/2 1220/1/1
f 17/57/51 1300/82/72 379/111/97
f 107/121/106 393/178/157 1321/175/154
f 247/42/38 105/96/85 1191/30/26
f 1235/146/128 6/68/2 274/177/156
f 12/132/65 1316/148/130 378/114/99
f 98/79/65 352/179/158 11/100/65
f 2/154/2 1190/53/47 236/44/39
f 1161/139/122 20/5/5 221/180/159
f 321/181/160 97/75/65 1261/94/84
f 8/95/65 1271/182/161 98/79/65
f 1201/183/116 25/103/91 268/49/44
f 1195/184/162 5/151/2 91/51/2
f 108/36/32 347/185/163 23/38/34
f 111/186/118 374/187/164 25/103/91
f 1170/129/114 3/9/2 222/25/22
f 88/27/2 206/15/12 1160/24/21
f 312/188/165 95/160/65 1241/189/166
f 1241/189/166 9/141/65 326/190/167
f 93/70/2 211/191/168 1/2/2
f 242/192/169 92/167/146 5/151/2
f 346/101/89 99/157/137 1291/171/150
f 317/124/109 100/113/65 7/108/65
f 457/193/170 130/194/171 34/195/172
f 503/196/173 136/197/174 1389/198/175
f 1477/199/176 1433/200/177 136/197/174
f 711/201/178 131/202/179 1429/203/180
f 480/204/181 127/205/182 1378/206/183
f 436/207/184 137/208/185 1353/163/142
f 1455/209/186 1419/210/187 138/211/188
f 1429/203/180 1439/212/189 693/213/190
f 447/214/191 124/215/192 29/216/193
f 1368/217/194 1452/218/195 425/219/196
f 1404/220/197 1409/221/198 622/222/199
f 1472/223/200 1414/224/201 135/225/202
f 27/226/203 1346/227/204 124/215/192
f 31/228/205 1350/229/206 567/230/207
f 32/231/208 1350/229/206 127/205/182
f 438/232/209 134/233/210 1468/234/211
f 1359/235/212 1444/236/213 120/237/214
f 33/238/215 1332/239/216 129/240/179
f 34/195/172 1337/241/217 530/242/218
f 412/243/219 122/244/220 1354/245/221
f 1364/246/222 1448/247/223 134/233/210
f 1345/248/224 1349/249/225 514/250/226
f 30/251/227 1331/252/228 549/253/229
f 457/193/170 128/254/230 1383/255/231
f 447/214/191 123/256/232 1358/257/233
f 27/226/203 1326/258/234 532/259/235
f 34/195/172 1327/260/236 128/254/230
f 467/261/237 138/211/188 1471/262/238
f 1379/263/239 1453/264/240 119/265/241
f 35/266/242 1337/241/217 130/194/171
f 35/266/242 1332/239/216 569/267/243
f 481/268/244 119/265/241 1456/269/245
f 479/270/246 138/211/188 1373/271/247
f 28/272/248 1341/273/249 548/274/250
f 29/216/193 1341/273/249 123/256/232
f 427/275/251 125/276/252 1369/277/253
f 489/278/254 128/254/230 33/238/215
f 29/216/193 1346/227/204 513/279/255
f 1467/280/256 1399/281/257 137/208/185
f 1389/198/175 1459/282/258 490/283/259
f 1394/284/260 1464/285/261 139/286/262
f 1336/287/263 1345/248/224 531/288/264
f 28/272/248 1326/258/234 122/244/220
f 1394/284/260 1476/289/265 505/290/266
f 488/291/267 118/292/268 1384/293/269
f 30/251/227 1340/294/270 126/295/271
f 31/228/205 1331/252/228 125/276/252
f 465/296/272 135/225/202 1368/217/194
f 32/231/208 1340/294/270 200/297/273
f 568/298/274 121/299/275 1336/287/263
f 33/238/215 1327/260/236 550/300/276
f 1459/282/258 1433/200/177 710/301/277
f 139/286/262 728/302/278 1476/289/265
f 1464/285/261 1438/303/279 139/286/262
f 120/237/214 605/304/280 1403/305/281
f 1468/234/211 1408/306/282 586/307/283
f 134/233/210 623/308/284 1408/306/282
f 1453/264/240 1423/309/285 119/265/241
f 138/211/188 640/310/286 1471/262/238
f 119/265/241 675/311/287 1456/269/245
f 437/312/288 124/215/192 1363/313/289
f 1359/235/212 1449/314/290 445/315/291
f 120/237/214 621/316/292 1449/314/290
f 137/208/185 603/317/293 1443/164/143
f 427/275/251 127/205/182 31/228/205
f 466/318/294 125/276/252 30/251/227
f 641/319/295 133/320/252 1413/321/296
f 1413/321/296 1424/322/297 658/323/298
f 489/278/254 129/240/179 1388/324/299
f 504/325/300 129/240/179 35/266/242
f 1439/212/189 1434/326/301 729/327/302
f 1460/328/303 1428/329/304 118/292/268
f 412/243/219 123/256/232 28/272/248
f 437/312/288 122/244/220 27/226/203
f 1409/221/198 1398/330/305 587/331/306
f 604/332/307 132/333/308 1404/220/197
f 466/318/294 126/295/271 1374/334/309
f 480/204/181 126/295/271 32/231/208
f 1424/322/297 1418/335/310 676/336/311
f 135/225/202 657/337/312 1452/218/195
f 504/325/300 130/194/171 1393/338/313
f 1384/293/269 1465/339/314 455/340/315
f 118/292/268 692/341/316 1465/339/314
f 1540/342/317 36/343/318 744/344/319
f 1491/345/320 55/346/321 158/347/322
f 141/348/318 769/349/323 38/350/318
f 758/351/324 166/352/325 1501/353/326
f 39/354/318 1505/355/327 748/356/328
f 743/357/329 158/347/322 51/358/330
f 754/359/331 154/360/332 49/361/333
f 768/362/334 161/363/335 1496/364/336
f 38/350/318 1480/365/337 764/366/338
f 1495/367/339 39/354/318 140/368/318
f 1501/353/326 57/369/340 773/370/341
f 1511/371/342 54/372/343 779/373/344
f 1506/374/345 61/375/346 749/376/347
f 773/370/341 160/377/348 1516/378/349
f 1516/378/349 58/379/350 783/380/351
f 1526/381/352 53/382/353 789/383/354
f 142/384/318 778/385/355 1505/355/327
f 783/380/351 167/386/356 1531/387/357
f 1531/387/357 1643/388/358 795/389/359
f 810/390/360 165/391/361 1526/381/352
f 143/392/318 788/393/362 1510/394/363
f 1541/395/364 51/358/330 156/396/365
f 815/397/366 156/396/365 52/398/367
f 821/399/368 162/400/369 48/401/370
f 36/343/318 1485/402/371 141/348/318
f 1556/403/372 52/398/367 164/404/373
f 826/405/374 164/404/373 56/406/375
f 1551/407/376 1640/408/377 162/400/369
f 41/409/318 1535/410/378 145/411/318
f 158/347/322 869/412/379 1570/413/380
f 45/414/381 1586/415/382 149/416/381
f 59/417/383 1580/418/384 166/352/325
f 878/419/385 150/420/386 1596/421/387
f 156/396/365 849/422/388 1620/423/389
f 50/424/390 1565/425/391 874/426/392
f 50/424/390 1575/427/393 161/363/335
f 155/428/394 858/429/395 1565/425/391
f 168/430/396 869/412/379 55/346/321
f 169/431/397 853/432/398 61/375/346
f 54/372/343 1585/433/399 169/431/397
f 57/369/340 1595/434/400 160/377/348
f 1581/435/401 43/436/381 878/419/385
f 157/437/402 883/438/403 54/372/343
f 53/382/353 1590/439/404 157/437/402
f 58/379/350 1610/440/405 167/386/356
f 1596/421/387 46/441/386 888/442/406
f 165/391/361 893/443/407 53/382/353
f 60/444/408 1605/445/409 165/391/361
f 167/386/356 899/446/410 1643/388/358
f 848/447/411 148/448/381 42/449/381
f 49/361/333 1615/450/412 858/429/395
f 154/360/332 925/451/413 1615/450/412
f 164/404/373 921/452/414 1635/453/415
f 152/454/381 920/455/416 1621/456/417
f 48/401/370 1630/457/418 925/451/413
f 162/400/369 937/458/419 1630/457/418
f 56/406/375 1635/453/415 930/459/420
f 1486/460/421 49/361/333 155/428/394
f 1546/461/422 56/406/375 159/462/423
f 159/462/423 930/459/420 1625/463/424
f 42/449/381 1566/464/425 859/465/426
f 769/349/323 140/368/318 38/350/318
f 1496/364/336 59/417/383 758/351/324
f 161/363/335 864/466/427 59/417/383
f 148/448/381 873/467/428 1566/464/425
f 146/468/318 820/469/429 41/409/318
f 744/344/319 141/348/318 1490/470/430
f 51/358/330 1570/413/380 849/422/388
f 926/471/431 153/472/381 47/473/381
f 779/373/344 169/431/397 1506/374/345
f 1521/474/432 1644/475/433 163/476/434
f 163/476/434 898/477/435 1600/478/436
f 149/416/381 884/479/437 43/436/381
f 749/376/347 168/430/396 1481/480/438
f 768/362/334 155/428/394 50/424/390
f 1571/481/439 44/482/381 148/448/381
f 61/375/346 1560/483/440 168/430/396
f 1545/484/441 1550/485/442 146/468/318
f 825/486/443 146/468/318 1555/487/444
f 153/472/381 931/488/445 1636/489/446
f 1631/490/447 1626/491/448 153/472/381
f 40/492/449 1525/493/450 788/393/362
f 1500/494/451 37/495/318 142/384/318
f 166/352/325 879/496/452 57/369/340
f 46/441/386 1606/497/453 151/498/454
f 759/499/455 142/384/318 39/354/318
f 774/500/456 143/392/318 37/495/318
f 147/501/381 873/467/428 44/482/381
f 45/414/381 1576/502/457 147/501/381
f 1536/503/458 48/401/370 154/360/332
f 42/449/381 1621/456/417 848/447/411
f 1706/504/459 62/505/460 953/506/461
f 1616/507/462 47/473/381 152/454/381
f 144/508/463 811/509/464 1525/493/450
f 1530/510/465 1520/511/466 144/508/463
f 1611/512/467 1601/513/468 900/514/469
f 151/498/454 915/515/470 1601/513/468
f 1546/461/422 1641/516/471 830/517/472
f 816/518/473 145/411/318 1540/342/317
f 52/398/367 1620/423/389 921/452/414
f 159/462/423 935/519/474 1641/516/471
f 789/383/354 157/437/402 1511/371/342
f 1555/487/444 41/409/318 816/518/473
f 47/473/381 1636/489/446 920/455/416
f 150/420/386 894/520/475 46/441/386
f 37/495/318 1510/394/363 778/385/355
f 1481/480/438 55/346/321 763/521/476
f 863/522/477 149/416/381 1581/435/401
f 43/436/381 1591/523/478 150/420/386
f 1521/474/432 60/444/408 810/390/360
f 1515/524/479 40/492/449 143/392/318
f 160/377/348 889/525/480 58/379/350
f 163/476/434 916/526/481 60/444/408
f 1490/470/430 38/350/318 764/366/338
f 140/368/318 748/356/328 1480/365/337
f 854/527/482 147/501/381 1561/528/483
f 1561/528/483 44/482/381 868/529/484
f 145/411/318 753/530/485 36/343/318
f 784/531/486 144/508/463 40/492/449
f 888/442/406 151/498/454 1611/512/467
f 859/465/426 152/454/381 42/449/381
f 1657/532/487 81/533/488 188/534/489
f 171/535/460 978/536/490 64/537/460
f 967/538/491 196/539/492 1667/540/493
f 65/541/460 1671/542/494 957/543/495
f 952/544/496 188/534/489 77/545/497
f 963/546/498 184/547/499 75/548/500
f 977/549/501 191/550/502 1662/551/503
f 64/537/460 1646/552/504 973/553/505
f 1661/554/506 65/541/460 170/555/460
f 1667/540/493 83/556/507 982/557/508
f 1677/558/509 80/559/510 988/560/511
f 1672/561/512 87/562/513 958/563/514
f 982/557/508 190/564/515 1682/565/516
f 1682/565/516 84/566/517 992/567/518
f 1692/568/519 79/569/520 998/570/521
f 172/571/460 987/572/522 1671/542/494
f 992/567/518 197/573/523 1697/574/524
f 1697/574/524 1809/575/525 1004/576/526
f 1019/577/527 195/578/528 1692/568/519
f 173/579/529 997/580/530 1676/581/531
f 1707/582/532 77/545/497 186/583/533
f 1024/584/534 186/583/533 78/585/535
f 1030/586/536 192/587/537 74/588/538
f 62/505/460 1651/589/539 171/535/460
f 1722/590/540 78/585/535 194/591/541
f 1035/592/542 194/591/541 82/593/543
f 1717/594/544 1806/595/545 192/587/537
f 67/596/460 1701/597/546 175/598/460
f 188/534/489 1077/599/547 1736/600/548
f 71/601/549 1752/602/550 179/603/549
f 85/604/551 1746/605/552 196/539/492
f 1086/606/553 180/607/554 1762/608/555
f 186/583/533 1057/609/556 1786/610/557
f 76/611/558 1731/612/559 1082/613/560
f 76/611/558 1741/614/561 191/550/502
f 185/615/562 1066/616/563 1731/612/559
f 198/617/564 1077/599/547 81/533/488
f 199/618/565 1061/619/566 87/562/513
f 80/559/510 1751/620/567 199/618/565
f 83/556/507 1761/621/568 190/564/515
f 1747/622/569 69/623/570 1086/606/553
f 187/624/571 1091/625/572 80/559/510
f 79/569/520 1756/626/573 187/624/571
f 84/566/517 1776/627/574 197/573/523
f 1762/608/555 72/628/575 1096/629/576
f 195/578/528 1101/630/577 79/569/520
f 86/631/578 1771/632/579 195/578/528
f 197/573/523 1107/633/580 1809/575/525
f 1056/634/581 178/635/549 68/636/549
f 75/548/500 1781/637/582 1066/616/563
f 184/547/499 1133/638/583 1781/637/582
f 194/591/541 1129/639/584 1801/640/585
f 182/641/549 1128/642/586 1787/643/587
f 74/588/538 1796/644/588 1133/638/583
f 192/587/537 1145/645/589 1796/644/588
f 82/593/543 1801/640/585 1138/646/590
f 1652/647/591 75/548/500 185/615/562
f 1712/648/592 82/593/543 189/649/593
f 189/649/593 1138/646/590 1791/650/594
f 68/636/549 1732/651/595 1067/652/596
f 978/536/490 170/555/460 64/537/460
f 1662/551/503 85/604/551 967/538/491
f 191/550/502 1072/653/597 85/604/551
f 178/635/549 1081/654/598 1732/651/595
f 176/655/460 1029/656/599 67/596/460
f 953/506/461 171/535/460 1656/657/600
f 77/545/497 1736/600/548 1057/609/556
f 1134/658/601 183/659/549 73/660/549
f 988/560/511 199/618/565 1672/561/512
f 1687/661/602 1810/662/603 193/663/604
f 193/663/604 1106/664/605 1766/665/606
f 179/603/549 1092/666/607 69/623/570
f 958/563/514 198/617/564 1647/667/608
f 977/549/501 185/615/562 76/611/558
f 1737/668/609 70/669/549 178/635/549
f 87/562/513 1726/670/610 198/617/564
f 1711/671/611 1716/672/612 176/655/460
f 1034/673/613 176/655/460 1721/674/614
f 183/659/549 1139/675/615 1802/676/616
f 1797/677/617 1792/678/618 183/659/549
f 66/679/619 1691/680/620 997/580/530
f 1666/681/621 63/682/622 172/571/460
f 196/539/492 1087/683/623 83/556/507
f 72/628/575 1772/684/624 181/685/625
f 968/686/626 172/571/460 65/541/460
f 983/687/627 173/579/529 63/682/622
f 177/688/549 1081/654/598 70/669/549
f 71/601/549 1742/689/628 177/688/549
f 1702/690/629 74/588/538 184/547/499
f 68/636/549 1787/643/587 1056/634/581
f 1782/691/630 73/660/549 182/641/549
f 174/692/631 1020/693/632 1691/680/620
f 1696/694/633 1686/695/634 174/692/631
f 1777/696/635 1767/697/636 1108/698/637
f 181/685/625 1123/699/638 1767/697/636
f 1712/648/592 1807/700/639 1039/701/640
f 1025/702/641 175/598/460 1706/504/459
f 78/585/535 1786/610/557 1129/639/584
f 189/649/593 1143/703/642 1807/700/639
f 998/570/521 187/624/571 1677/558/509
f 1721/674/614 67/596/460 1025/702/641
f 73/660/549 1802/676/616 1128/642/586
f 180/607/554 1102/704/643 72/628/575
f 63/682/622 1676/581/531 987/572/522
f 1647/667/608 81/533/488 972/705/644
f 1071/706/645 179/603/549 1747/622/569
f 69/623/570 1757/707/646 180/607/554
f 1687/661/602 86/631/578 1019/577/527
f 1681/708/647 66/679/619 173/579/529
f 190/564/515 1097/709/648 84/566/517
f 193/663/604 1124/710/649 86/631/578
f 1656/657/600 64/537/460 973/553/505
f 170/555/460 957/543/495 1646/552/504
f 1062/711/650 177/688/549 1727/712/651
f 1727/712/651 70/669/549 1076/713/652
f 175/598/460 962/714/653 62/505/460
f 993/715/654 174/692/631 66/679/619
f 1096/629/576 181/685/625 1777/696/635
f 1067/652/596 182/641/549 68/636/549
f 251/716/655 256/717/656 264/718/657
f 254/719/658 257/720/659 256/717/656
f 264/718/657 256/717/656 267/721/660
f 256/717/656 258/722/661 267/721/660
f 259/723/662 261/724/663 252/725/664
f 260/726/665 262/727/666 259/728/662
f 262/729/666 255/730/667 261/724/663
f 263/731/668 257/720/659 262/729/666
f 253/48/43 266/732/669 265/733/670
f 264/734/671 267/735/672 266/732/669
f 265/733/670 263/736/673 260/726/674
f 266/732/669 258/737/675 263/736/673
f 288/176/155 293/738/676 292/739/677
f 291/740/678 294/741/679 293/738/676
f 292/739/677 305/742/680 302/743/681
f 293/738/676 295/744/682 305/742/680
f 289/745/683 299/746/684 298/747/685
f 296/748/686 300/749/687 299/746/684
f 298/747/685 299/746/684 294/741/688
f 299/746/684 295/744/689 294/741/688
f 301/750/690 303/751/691 290/752/692
f 302/743/681 304/753/693 301/750/690
f 304/753/693 297/754/694 303/751/691
f 305/742/680 300/749/695 304/753/693
f 356/136/119 361/755/696 360/756/697
f 359/757/698 362/758/699 361/759/696
f 360/760/697 372/761/700 369/762/701
f 361/759/696 363/763/702 372/761/700
f 357/105/93 366/764/703 359/765/704
f 364/766/705 367/767/706 366/764/703
f 359/765/704 366/764/703 362/758/707
f 366/764/703 363/763/708 362/758/709
f 368/768/710 370/769/711 358/173/152
f 369/762/701 371/770/712 368/768/710
f 371/770/712 365/771/713 370/769/711
f 372/761/714 367/767/706 371/770/712
f 393/178/157 398/772/715 406/773/716
f 396/774/717 399/775/718 398/772/715
f 406/773/716 398/772/715 409/776/719
f 398/772/715 400/777/720 409/776/721
f 401/778/722 403/779/723 394/780/724
f 402/781/725 404/782/726 401/778/722
f 404/782/726 397/783/727 403/779/723
f 405/784/728 399/775/729 404/782/726
f 395/117/102 408/785/730 407/786/731
f 406/787/732 409/776/733 408/785/730
f 407/786/731 405/784/728 402/781/725
f 408/785/730 400/777/734 405/784/728
f 413/788/735 415/789/736 410/165/144
f 413/788/735 414/790/737 416/791/738
f 416/791/738 422/792/739 415/789/736
f 418/793/740 420/794/741 411/795/742
f 419/796/743 421/797/744 418/793/740
f 421/797/744 414/790/737 420/794/741
f 421/797/744 417/798/745 416/799/738
f 422/792/739 424/800/746 423/801/747
f 424/800/746 419/796/743 423/802/747
f 425/219/196 428/803/748 429/804/749
f 429/805/750 430/806/750 433/807/750
f 426/808/751 432/809/752 431/810/753
f 431/810/754 429/811/755 428/812/756
f 432/809/757 430/813/758 429/811/755
f 436/207/759 439/814/760 443/815/761
f 439/814/762 1813/816/762 440/817/762
f 438/232/763 443/818/764 444/819/763
f 443/820/761 439/821/760 444/822/765
f 444/822/766 1813/823/766 442/824/766
f 445/315/291 448/825/767 449/826/768
f 448/825/769 453/827/770 449/828/771
f 449/828/771 450/829/772 1814/830/773
f 446/831/774 451/832/775 453/833/776
f 451/834/777 452/835/778 1814/836/779
f 453/833/770 451/832/780 449/837/771
f 451/832/780 450/838/772 449/837/771
f 458/839/781 459/840/782 455/340/315
f 458/839/783 461/841/784 460/842/783
f 459/840/785 464/843/786 1815/844/787
f 456/845/788 460/846/789 461/847/790
f 463/848/791 464/843/792 460/849/793
f 468/850/794 470/851/795 465/296/272
f 468/850/794 469/852/796 478/853/797
f 470/851/795 478/854/797 476/855/798
f 478/853/797 469/852/799 471/856/800
f 472/857/801 474/858/802 473/859/803
f 473/860/803 474/858/802 469/861/804
f 474/858/802 471/856/800 469/852/804
f 475/862/805 477/863/806 467/261/237
f 475/862/805 476/855/798 478/864/797
f 478/864/797 472/857/801 477/863/806
f 479/270/246 487/865/807 482/866/808
f 487/867/809 1816/868/809 483/869/809
f 482/866/810 487/870/811 486/871/812
f 481/268/244 486/872/813 487/873/814
f 487/874/815 1816/868/816 484/875/817
f 491/876/818 493/877/819 488/291/267
f 491/876/818 492/878/820 494/879/821
f 493/877/819 494/880/821 500/881/822
f 494/879/821 492/878/820 495/882/823
f 496/883/824 497/884/825 498/885/826
f 496/886/824 498/885/826 492/887/820
f 497/884/825 492/878/820 498/885/826
f 499/888/827 501/889/828 490/283/259
f 500/881/822 502/890/829 499/888/827
f 501/889/828 502/890/829 497/891/825
f 502/890/829 495/882/823 497/884/825
f 506/892/830 507/893/831 503/196/832
f 506/892/833 508/894/834 512/895/835
f 507/893/836 512/896/836 511/897/836
f 505/290/266 511/898/837 512/899/838
f 512/900/839 1812/901/840 510/902/841
f 512/896/839 508/903/842 1812/901/840
f 515/904/843 517/905/844 513/279/255
f 516/906/845 518/907/846 515/904/843
f 518/907/846 526/908/847 517/905/844
f 518/907/846 519/909/848 529/910/849
f 514/250/226 523/911/850 522/912/851
f 520/913/852 524/914/853 523/915/850
f 522/912/851 519/916/854 516/917/855
f 523/911/856 529/918/857 519/916/858
f 525/919/859 527/920/860 200/297/273
f 526/908/847 528/921/861 525/919/859
f 528/921/861 521/922/862 527/920/860
f 528/921/861 529/923/863 524/914/864
f 533/924/865 535/925/866 530/242/218
f 534/926/867 536/927/868 533/924/865
f 536/927/868 545/928/869 535/925/866
f 536/927/868 537/929/870 538/930/871
f 531/288/264 542/931/872 541/932/873
f 539/933/874 543/934/875 542/931/872
f 541/932/873 537/935/876 534/936/877
f 542/931/872 538/937/878 537/935/876
f 544/938/879 546/939/880 532/259/235
f 545/928/869 547/940/881 544/938/879
f 547/940/881 540/941/882 546/939/880
f 547/940/881 538/942/871 543/943/883
f 551/944/884 553/945/885 548/274/250
f 552/946/886 554/947/887 551/944/884
f 554/947/887 563/948/888 553/945/885
f 554/947/887 556/949/889 566/950/890
f 557/951/891 559/952/892 549/253/229
f 558/953/893 560/954/894 557/951/891
f 560/954/894 552/946/886 559/952/892
f 560/954/894 556/949/889 555/955/895
f 562/956/896 564/957/897 550/300/276
f 563/948/888 565/958/898 562/956/896
f 565/958/898 558/953/893 564/957/897
f 565/958/898 556/949/889 561/959/899
f 570/960/900 572/961/901 567/230/207
f 571/962/902 573/963/903 570/960/900
f 573/963/903 582/964/904 572/961/901
f 573/963/903 574/965/905 575/966/906
f 568/298/274 579/967/907 578/968/908
f 576/969/909 580/970/910 579/971/907
f 578/972/908 574/965/911 571/962/912
f 579/971/907 575/973/913 574/965/911
f 581/974/914 583/975/915 569/267/243
f 582/964/904 584/976/916 581/974/914
f 584/976/916 577/977/917 583/975/915
f 584/976/916 575/973/906 580/970/918
f 585/978/919 590/979/920 589/980/921
f 588/981/922 591/982/923 590/979/920
f 589/980/921 602/983/924 599/984/925
f 590/979/920 592/985/926 602/983/924
f 586/307/283 596/986/927 595/987/928
f 593/988/929 597/989/930 596/986/927
f 595/987/931 591/982/932 588/981/933
f 596/986/927 592/985/934 591/982/935
f 598/990/936 600/991/937 587/992/306
f 599/984/925 601/993/938 598/990/936
f 601/993/938 594/994/939 600/991/937
f 602/983/940 597/989/941 601/993/938
f 606/995/942 608/996/943 603/317/293
f 607/997/944 609/998/945 606/995/942
f 609/998/945 617/999/946 608/996/943
f 609/998/945 610/1000/947 620/1001/948
f 611/1002/949 613/1003/950 604/1004/307
f 612/1005/951 614/1006/952 611/1002/949
f 614/1006/952 607/997/944 613/1003/950
f 614/1006/952 615/1007/953 610/1008/947
f 616/1009/954 618/1010/955 605/304/280
f 617/999/946 619/1011/956 616/1009/954
f 619/1011/956 612/1005/951 618/1010/955
f 620/1001/948 615/1007/953 619/1011/956
f 621/316/292 627/1012/957 626/1013/958
f 624/1014/959 628/1015/960 627/1012/957
f 626/1013/961 638/1016/962 635/1017/963
f 627/1012/957 629/1018/964 638/1016/962
f 630/1019/965 632/1020/966 622/1021/199
f 631/1022/967 633/1023/968 630/1019/965
f 633/1023/968 625/1024/969 632/1020/966
f 634/1025/970 628/1015/960 633/1023/968
f 623/308/284 637/1026/971 636/1027/972
f 635/1017/973 638/1016/974 637/1026/971
f 636/1027/972 634/1025/970 631/1022/967
f 637/1026/971 629/1018/964 634/1025/970
f 642/1028/975 644/1029/976 639/1030/977
f 643/1031/978 645/1032/979 642/1028/975
f 645/1032/979 653/1033/980 644/1029/976
f 645/1032/979 646/1034/981 656/1035/982
f 647/1036/983 649/1037/984 640/310/286
f 648/1038/985 650/1039/986 647/1036/983
f 650/1039/986 643/1031/978 649/1037/984
f 651/1040/987 646/1034/981 650/1039/986
f 652/1041/988 654/1042/989 641/1043/295
f 653/1033/980 655/1044/990 652/1041/988
f 655/1044/990 648/1038/985 654/1042/989
f 655/1044/990 656/1045/982 651/1040/987
f 657/337/312 663/1046/991 662/1047/992
f 660/1048/993 664/1049/994 663/1046/991
f 663/1046/995 671/1050/996 662/1047/997
f 663/1046/995 665/1051/998 673/1052/999
f 666/1053/1000 668/1054/1001 658/1055/298
f 667/1056/1002 669/1057/1003 666/1053/1000
f 669/1057/1004 661/1058/1005 668/1054/1001
f 659/1059/1006 673/1060/1007 672/1061/1008
f 670/1062/1009 671/1050/1010 673/1060/1011
f 672/1061/1008 664/1063/1012 667/1056/1002
f 673/1052/1013 665/1051/1013 664/1063/1013
f 674/1064/1014 679/1065/1015 678/1066/1016
f 677/1067/1017 680/1068/1018 679/1065/1015
f 678/1066/1016 691/1069/1019 688/1070/1020
f 679/1065/1015 681/1071/1021 691/1069/1019
f 675/311/287 685/1072/1022 684/1073/1023
f 682/1074/1024 686/1075/1025 685/1072/1022
f 684/1073/1023 685/1072/1022 680/1068/1026
f 685/1072/1022 681/1071/1021 680/1068/1026
f 687/1076/1027 689/1077/1028 676/1078/311
f 688/1070/1020 690/1079/1029 687/1076/1027
f 690/1079/1029 683/1080/1030 689/1077/1028
f 691/1069/1019 686/1075/1025 690/1079/1029
f 692/341/316 697/1081/1031 705/1082/1032
f 695/1083/1033 698/1084/1034 697/1081/1031
f 705/1082/1032 697/1081/1031 708/1085/1035
f 697/1081/1031 699/1086/1036 708/1085/1035
f 700/1087/1037 702/1088/1038 693/1089/190
f 701/1090/1039 703/1091/1040 700/1087/1037
f 703/1091/1040 696/1092/1041 702/1093/1038
f 704/1094/1042 698/1084/1034 703/1091/1040
f 694/1095/1043 707/1096/1044 706/1097/1045
f 705/1098/1046 708/1085/1047 707/1096/1044
f 706/1097/1045 704/1094/1042 701/1090/1039
f 707/1096/1044 699/1086/1036 704/1094/1042
f 712/1099/1048 714/1100/1049 709/1101/1050
f 713/1102/1051 715/1103/1052 712/1099/1048
f 715/1103/1052 723/1104/1053 714/1100/1049
f 716/1105/1054 726/1106/1055 715/1103/1052
f 717/1107/1056 719/1108/1057 710/301/277
f 718/1109/1058 720/1110/1059 717/1107/1056
f 720/1110/1059 713/1102/1051 719/1108/1057
f 720/1110/1059 721/1111/1060 716/1105/1054
f 722/1112/1061 724/1113/1062 711/1114/178
f 723/1104/1053 725/1115/1063 722/1112/1061
f 725/1115/1063 718/1109/1058 724/1113/1062
f 725/1115/1063 726/1106/1055 721/1116/1060
f 727/1117/1064 733/1118/1065 732/1119/1066
f 730/1120/1067 731/1121/1068 733/1118/1065
f 732/1119/1066 738/1122/1069 740/1123/1070
f 733/1124/1071 734/1125/1071 738/1122/1071
f 728/302/278 733/1126/1072 737/1127/1073
f 735/1128/1074 738/1129/1075 733/1126/1072
f 737/1127/1073 733/1124/1072 731/1121/1076
f 739/1130/1077 741/1131/1078 729/1132/302
f 740/1123/1070 742/1133/1079 739/1130/1077
f 742/1133/1080 736/1134/1081 741/1131/1078
f 793/1135/1082 798/1136/1083 806/1137/1084
f 796/1138/1085 799/1139/1086 798/1136/1083
f 806/1137/1084 798/1136/1083 809/1140/1087
f 798/1136/1083 800/1141/1088 809/1140/1087
f 801/1142/1089 803/1143/1090 794/1144/1091
f 802/1145/1092 804/1146/1093 801/1142/1089
f 804/1147/1093 797/1148/1094 803/1149/1090
f 805/1150/1095 799/1139/1086 804/1147/1093
f 795/1151/359 808/1152/1096 807/1153/1097
f 806/1154/1098 809/1155/1099 808/1152/1096
f 807/1153/1097 805/1156/1100 802/1145/1101
f 808/1152/1096 800/1157/1102 805/1156/1100
f 830/517/472 835/1158/1103 834/1159/1104
f 833/1160/1105 836/1161/1106 835/1162/1103
f 834/1159/1104 847/1163/1107 844/1164/1108
f 835/1162/1103 837/1165/1109 847/1166/1107
f 831/1167/1110 841/1168/1111 840/1169/1112
f 838/1170/1113 842/1171/1114 841/1168/1111
f 840/1169/1112 841/1168/1111 836/1161/1115
f 841/1168/1111 837/1165/1116 836/1161/1115
f 843/1172/1117 845/1173/1118 832/1174/1119
f 844/1175/1108 846/1176/1120 843/1172/1117
f 846/1176/1120 839/1177/1121 845/1173/1118
f 847/1166/1107 842/1171/1122 846/1176/1120
f 898/477/435 902/1178/1123 901/1179/1124
f 907/1180/1125 903/1181/1126 902/1178/1123
f 901/1179/1124 914/1182/1127 911/1183/1128
f 902/1178/1123 904/1184/1129 914/1182/1127
f 899/446/410 908/1185/1130 907/1186/1131
f 905/1187/1132 909/1188/1133 908/1185/1130
f 907/1186/1131 908/1185/1130 903/1181/1134
f 908/1185/1130 904/1184/1135 903/1181/1134
f 910/1189/1136 912/1190/1137 900/514/469
f 911/1183/1128 913/1191/1138 910/1189/1136
f 913/1191/1138 906/1192/1139 912/1190/1137
f 914/1182/1140 909/1188/1133 913/1191/1138
f 935/519/474 940/1193/1141 948/1194/1142
f 938/1195/1143 941/1196/1144 940/1193/1141
f 948/1194/1142 940/1193/1141 951/1197/1145
f 940/1193/1141 942/1198/1146 951/1197/1147
f 943/1199/1148 945/1200/1149 936/1201/1150
f 944/1202/1151 946/1203/1152 943/1199/1148
f 946/1203/1152 939/1204/1153 945/1200/1149
f 947/1205/1154 941/1196/1155 946/1203/1152
f 937/458/419 950/1206/1156 949/1207/1157
f 948/1208/1158 951/1197/1159 950/1206/1156
f 949/1207/1157 947/1205/1154 944/1202/1151
f 950/1206/1156 942/1198/1160 947/1205/1154
f 1002/1209/1161 1007/1210/1162 1015/1211/1163
f 1005/1212/1164 1008/1213/1165 1007/1210/1162
f 1015/1214/1163 1007/1215/1162 1018/1216/1166
f 1007/1215/1162 1009/1217/1167 1018/1216/1168
f 1010/1218/1169 1012/1219/1170 1003/1220/1171
f 1011/1221/1172 1013/1222/1173 1010/1218/1169
f 1013/1223/1173 1006/1224/1174 1012/1225/1170
f 1014/1226/1175 1008/1227/1165 1013/1222/1173
f 1004/576/526 1017/1228/1176 1016/1229/1177
f 1015/1230/1178 1018/1216/1179 1017/1228/1176
f 1016/1229/1177 1014/1226/1180 1011/1221/1181
f 1017/1228/1176 1009/1217/1182 1014/1226/1180
f 1039/1231/640 1044/1232/1183 1043/1233/1184
f 1042/1234/1185 1045/1235/1186 1044/1236/1183
f 1043/1233/1184 1055/1237/1187 1052/1238/1188
f 1044/1232/1183 1046/1239/1189 1055/1237/1187
f 1040/1240/1190 1049/1241/1191 1042/1242/1192
f 1047/1243/1193 1050/1244/1194 1049/1241/1191
f 1042/1242/1192 1049/1241/1191 1045/1235/1195
f 1049/1241/1191 1046/1245/1196 1045/1235/1197
f 1051/1246/1198 1053/1247/1199 1041/1248/1200
f 1052/1238/1188 1054/1249/1201 1051/1246/1198
f 1054/1250/1201 1048/1251/1202 1053/1252/1199
f 1055/1237/1187 1050/1253/1203 1054/1249/1201
f 1106/664/605 1110/1254/1204 1109/1255/1205
f 1115/1256/1206 1111/1257/1207 1110/1254/1204
f 1109/1255/1205 1122/1258/1208 1119/1259/1209
f 1110/1254/1204 1112/1260/1210 1122/1258/1208
f 1107/633/580 1116/1261/1211 1115/1262/1212
f 1113/1263/1213 1117/1264/1214 1116/1261/1211
f 1115/1262/1212 1116/1261/1211 1111/1257/1215
f 1116/1261/1211 1112/1260/1216 1111/1257/1215
f 1118/1265/1217 1120/1266/1218 1108/698/637
f 1119/1259/1209 1121/1267/1219 1118/1265/1217
f 1121/1267/1219 1114/1268/1220 1120/1266/1218
f 1122/1258/1221 1117/1264/1214 1121/1267/1219
f 1143/703/642 1149/1269/1222 1148/1270/1223
f 1146/1271/1224 1150/1272/1225 1149/1269/1222
f 1148/1270/1223 1149/1269/1222 1159/1273/1226
f 1149/1269/1222 1151/1274/1227 1159/1273/1226
f 1152/1275/1228 1154/1276/1229 1144/1277/1230
f 1153/1278/1231 1155/1279/1232 1152/1275/1228
f 1155/1279/1232 1147/1280/1233 1154/1276/1229
f 1156/1281/1234 1150/1272/1235 1155/1279/1232
f 1145/645/589 1158/1282/1236 1157/1283/1237
f 1148/1284/1238 1159/1273/1239 1158/1282/1236
f 1157/1283/1237 1156/1281/1234 1153/1278/1231
f 1158/1282/1236 1151/1274/1240 1156/1281/1234
f 222/25/22 1162/1285/1241 225/1286/1242
f 225/1286/1242 1163/1287/1243 224/1288/1244
f 224/1288/1245 1164/1289/1246 223/1290/1247
f 1164/1289/1246 221/1291/159 223/1290/1247
f 1160/24/21 208/1292/1248 1162/1285/1241
f 1162/1285/1241 209/1293/1249 1163/1287/1243
f 1163/1287/1250 210/1294/1251 1164/1289/1246
f 210/1294/1251 1161/1295/122 1164/1289/1246
f 1165/1296/55 230/1297/1252 227/1298/7
f 1167/1299/1253 229/1300/1254 230/1297/1252
f 1168/1301/1255 228/1302/1256 229/1300/1257
f 228/1302/1256 1166/119/104 226/21/18
f 211/1303/168 1167/1299/1253 1165/1296/55
f 213/1304/1258 1168/1301/1259 1167/1299/1253
f 214/1305/1260 1169/1306/1261 1168/1301/1255
f 1169/1306/1261 212/18/15 1166/119/104
f 1170/129/114 205/1307/1262 202/3/3
f 1172/1308/1263 204/1309/1264 205/1307/1262
f 1173/1310/1265 203/1311/1266 204/1309/1267
f 203/1311/1266 1171/1312/4 201/1313/13
f 222/25/22 1172/1308/1263 1170/129/114
f 225/1286/1242 1173/1310/1268 1172/1308/1263
f 224/1288/1245 1174/1314/1269 1173/1310/1265
f 1174/1314/1269 221/1291/159 1171/1312/4
f 217/1315/138 1177/1316/1270 220/1317/1271
f 220/1317/1271 1178/1318/1272 219/1319/1273
f 219/1319/1274 1179/1320/1275 218/1321/1276
f 1179/1320/1275 216/10/8 218/1321/1276
f 1175/1322/23 230/1297/1252 1177/1316/1270
f 1177/1316/1270 229/1300/1254 1178/1318/1272
f 1178/1318/1277 228/1302/1256 1179/1320/1275
f 228/1302/1256 1176/23/20 1179/1320/1275
f 232/1323/139 1182/1324/1278 235/1325/1279
f 235/1325/1279 1183/1326/1280 234/1327/1281
f 234/1327/1282 1184/1328/1283 233/1329/1284
f 1184/1328/1283 231/29/25 233/1329/1284
f 1180/1330/134 220/1317/1271 1182/1324/1278
f 1182/1324/1278 219/1319/1273 1183/1326/1280
f 1183/1326/1285 218/1321/1276 1184/1328/1283
f 218/1321/1276 1181/12/10 1184/1328/1283
f 206/15/12 1187/1331/1286 208/1292/1248
f 208/1292/1248 1188/1332/1287 209/1293/1249
f 209/1293/1288 1189/1333/1289 210/1294/1251
f 1189/1333/1289 207/1334/31 210/1294/1251
f 1185/14/11 238/1335/1290 1187/1331/1286
f 1187/1331/1286 239/1336/1291 1188/1332/1287
f 1188/1332/1292 240/1337/1293 1189/1333/1289
f 240/1337/1293 1186/1338/29 1189/1333/1289
f 236/44/39 1192/1339/1294 238/1335/1290
f 238/1335/1290 1193/1340/1295 239/1336/1291
f 239/1336/1296 1194/1341/1297 240/1337/1293
f 1194/1341/1297 237/1342/28 240/1337/1293
f 1190/53/47 248/1343/1298 1192/1339/1294
f 1192/1339/1294 249/1344/1299 1193/1340/1295
f 1193/1340/1300 250/1345/1301 1194/1341/1297
f 250/1345/1301 1191/1346/26 1194/1341/1297
f 242/1347/169 1197/1348/1302 245/1349/1303
f 245/1349/1303 1198/1350/1304 244/1351/1305
f 244/1351/1306 1199/1352/1307 243/1353/1308
f 1199/1352/1307 241/39/35 243/1353/1308
f 1195/1354/162 235/1325/1279 1197/1348/1302
f 1197/1348/1302 234/1327/1281 1198/1350/1304
f 1198/1350/1309 233/1329/1284 1199/1352/1307
f 233/1329/1284 1196/37/33 1199/1352/1307
f 1200/170/149 272/1355/1310 269/168/147
f 1202/1356/1311 271/1357/1312 272/1355/1310
f 1203/1358/1313 270/1359/1314 271/1357/1312
f 1204/1360/1315 268/1361/44 270/1359/1314
f 252/725/664 1202/1356/1311 1200/170/149
f 261/724/663 1203/1358/1313 1202/1356/1311
f 255/730/667 1204/1360/1315 1203/1358/1313
f 254/719/658 1201/133/116 1204/1360/1315
f 246/52/46 1207/1362/1316 248/1343/1298
f 248/1343/1298 1208/1363/1317 249/1344/1299
f 249/1344/1318 1209/1364/1319 250/1345/1301
f 250/1345/1301 1206/1365/36 247/1366/38
f 1205/152/133 272/1355/1310 1207/1362/1316
f 1207/1362/1320 271/1357/1312 1208/1363/1317
f 1208/1363/1321 270/1359/1314 1209/1364/1319
f 270/1359/1314 1206/1365/36 1209/1364/1319
f 252/1367/664 1212/1368/1322 259/728/662
f 259/728/662 1213/1369/1323 260/726/665
f 260/726/674 1214/1370/1324 265/733/670
f 265/733/670 1211/46/41 253/48/43
f 1210/1371/148 245/1349/1303 1212/1368/1322
f 1212/1368/1322 244/1351/1305 1213/1369/1323
f 1213/1369/1325 243/1353/1308 1214/1370/1324
f 1214/1370/1324 241/39/35 1211/46/41
f 1215/1372/62 213/1304/1258 211/1303/168
f 1217/1373/1326 214/1305/1327 213/1304/1258
f 1218/1374/1328 215/1375/1329 214/1305/1260
f 215/1375/1329 1216/162/141 212/18/15
f 278/128/113 1217/1376/1326 1215/69/62
f 280/1377/1330 1218/1374/1331 1217/1373/1326
f 281/1378/1332 1219/1379/1333 1218/1374/1328
f 1219/1379/1333 279/58/52 1216/162/141
f 1220/1/1 277/1380/1334 274/177/156
f 1222/1381/1335 276/1382/1336 277/1380/1334
f 1223/1383/1337 275/1384/1338 276/1382/1339
f 275/1385/1338 1221/54/48 273/56/50
f 202/3/3 1222/1381/1335 1220/1/1
f 205/1307/1262 1223/1383/1340 1222/1381/1335
f 204/1309/1267 1224/1386/1341 1223/1383/1337
f 1224/1387/1341 201/16/13 1221/54/48
f 290/752/692 1227/1388/1342 301/750/690
f 301/750/690 1228/1389/1343 302/743/681
f 302/743/681 1229/1390/1344 292/739/677
f 292/739/677 1226/120/105 288/176/155
f 1225/1391/125 285/1392/1345 1227/1388/1342
f 1227/1388/1342 286/1393/1346 1228/1389/1343
f 1228/1389/1343 287/1394/1347 1229/1390/1344
f 1229/1390/1344 284/64/58 1226/120/105
f 1230/144/126 280/1395/1330 278/128/113
f 1232/1396/1348 281/1378/1349 280/1377/1330
f 1233/1397/1350 282/1398/1351 281/1378/1332
f 1234/1399/1352 279/58/52 282/1398/1351
f 290/1400/692 1232/1401/1348 1230/144/126
f 303/751/691 1233/1397/1353 1232/1396/1348
f 297/754/1354 1234/1399/1352 1233/1397/1350
f 296/748/686 1231/66/60 1234/1399/1352
f 1235/146/128 285/1402/1345 283/145/127
f 1237/1403/1355 286/1404/1346 285/1402/1345
f 1238/1405/1356 287/1406/1347 286/1404/1346
f 287/1394/1347 1236/62/56 284/64/58
f 274/177/156 1237/1403/1355 1235/146/128
f 277/1380/1334 1238/1405/1357 1237/1403/1355
f 276/1382/1339 1239/1407/1358 1238/1405/1356
f 275/1385/1338 1236/62/56 1239/1408/1358
f 1240/142/124 330/1409/1359 327/71/63
f 1242/1410/1360 329/1411/1361 330/1409/1359
f 1243/1412/1362 328/1413/1363 329/1411/1361
f 1244/1414/1364 326/190/167 328/1413/1363
f 311/91/81 1242/1410/1360 1240/142/124
f 313/1415/1365 1243/1412/1362 1242/1410/1360
f 314/1416/1366 1244/1414/1364 1243/1412/1362
f 315/1417/1367 1241/189/166 1244/1414/1364
f 332/85/75 1247/1418/1368 335/1419/1369
f 335/1419/1369 1248/1420/1370 334/1421/1371
f 334/1421/1371 1249/1422/1372 333/1423/1373
f 333/1423/1373 1246/123/108 331/126/111
f 1245/84/74 318/1424/1374 1247/1418/1368
f 1247/1418/1368 319/1425/1375 1248/1420/1370
f 1248/1420/1370 320/1426/1376 1249/1422/1372
f 1249/1422/1372 317/124/109 1246/123/108
f 307/81/71 1252/1427/1377 310/1428/1378
f 310/1428/1378 1253/1429/1379 309/1430/1380
f 309/1430/1380 1254/1431/1381 308/1432/1382
f 308/1432/1382 1251/140/123 306/106/94
f 1250/72/64 330/1409/1359 1252/1427/1377
f 1252/1427/1377 329/1411/1361 1253/1429/1379
f 1253/1429/1379 328/1413/1363 1254/1431/1381
f 1254/1431/1381 326/190/167 1251/140/123
f 1255/86/76 325/1433/1383 322/125/110
f 1257/1434/1384 324/1435/1385 325/1433/1383
f 1258/1436/1386 323/1437/1387 324/1435/1385
f 1259/1438/1388 321/181/160 323/1437/1387
f 332/85/75 1257/1434/1384 1255/86/76
f 335/1419/1369 1258/1436/1386 1257/1434/1384
f 334/1421/1371 1259/1438/1388 1258/1436/1386
f 333/1423/1373 1256/161/140 1259/1438/1388
f 1260/77/68 340/1439/1389 337/155/135
f 1262/1440/1390 339/1441/1391 340/1439/1389
f 1263/1442/1392 338/1443/1393 339/1441/1391
f 1264/1444/1394 336/78/69 338/1443/1393
f 322/125/110 1262/1440/1390 1260/77/68
f 325/1433/1383 1263/1442/1392 1262/1440/1390
f 324/1435/1385 1264/1444/1394 1263/1442/1392
f 323/1437/1387 1261/94/84 1264/1444/1394
f 1265/92/82 313/1415/1365 311/91/81
f 1267/1445/1395 314/1416/1366 313/1415/1365
f 1268/1446/1396 315/1417/1367 314/1416/1366
f 1269/1447/1397 312/188/165 315/1417/1367
f 341/97/86 1267/1445/1395 1265/92/82
f 343/1448/1398 1268/1446/1396 1267/1445/1395
f 344/1449/1399 1269/1447/1397 1268/1446/1396
f 345/1450/1400 1266/74/66 1269/1447/1397
f 1270/98/87 343/1448/1398 341/97/86
f 1272/1451/1401 344/1449/1399 343/1448/1398
f 1273/1452/1402 345/1450/1400 344/1449/1399
f 1274/1453/1403 342/138/121 345/1450/1400
f 351/102/90 1272/1451/1401 1270/98/87
f 353/1454/1404 1273/1452/1402 1272/1451/1401
f 354/1455/1405 1274/1453/1403 1273/1452/1402
f 355/1456/1406 1271/182/161 1274/1453/1403
f 1275/93/83 350/1457/1407 347/185/163
f 1277/1458/1408 349/1459/1409 350/1457/1407
f 1278/1460/1410 348/1461/1411 349/1459/1409
f 1279/1462/1412 346/101/89 348/1461/1411
f 337/155/135 1277/1458/1408 1275/93/83
f 340/1439/1389 1278/1460/1410 1277/1458/1408
f 339/1441/1391 1279/1462/1412 1278/1460/1410
f 338/1443/1393 1276/80/70 1279/1462/1412
f 374/187/164 1282/1463/1413 377/1464/1414
f 377/1464/1414 1283/1465/1415 376/1466/1416
f 376/1466/1416 1284/1467/1417 375/1468/1418
f 375/1468/1418 1281/172/151 373/174/153
f 1280/137/120 360/756/697 1282/1469/1413
f 1282/1463/1413 369/762/701 1283/1465/1415
f 1283/1465/1415 368/768/710 1284/1467/1417
f 1284/1467/1417 358/173/152 1281/172/151
f 1285/104/92 353/1454/1404 351/102/90
f 1287/1470/1419 354/1455/1405 353/1454/1404
f 1288/1471/1420 355/1456/1406 354/1455/1405
f 1289/1472/1421 352/179/158 355/1456/1406
f 374/187/164 1287/1470/1419 1285/104/92
f 377/1464/1414 1288/1471/1420 1287/1470/1419
f 376/1466/1416 1289/1472/1421 1288/1471/1420
f 375/1468/1418 1286/156/136 1289/1472/1421
f 1290/99/88 364/766/705 357/105/93
f 1292/1473/1422 365/771/713 364/766/705
f 1293/1474/1423 370/769/711 365/771/713
f 1294/1475/1424 358/173/152 370/769/711
f 347/185/163 1292/1473/1422 1290/99/88
f 350/1457/1407 1293/1474/1423 1292/1473/1422
f 349/1459/1409 1294/1475/1424 1293/1474/1423
f 348/1461/1411 1291/171/150 1294/1475/1424
f 316/88/78 1297/1476/1425 318/1424/1374
f 318/1424/1374 1298/1477/1426 319/1425/1375
f 319/1425/1375 1299/1478/1427 320/1426/1376
f 320/1426/1376 1296/166/145 317/124/109
f 1295/109/95 385/1479/1428 1297/1476/1425
f 1297/1476/1425 386/1480/1429 1298/1477/1426
f 1298/1477/1426 387/1481/1430 1299/1478/1427
f 1299/1478/1427 384/130/115 1296/166/145
f 379/111/97 1302/1482/1431 382/1483/1432
f 382/1483/1432 1303/1484/1433 381/1485/1434
f 381/1485/1434 1304/1486/1435 380/1487/1436
f 380/1487/1436 1301/115/100 378/114/99
f 1300/82/72 310/1428/1378 1302/1482/1431
f 1302/1482/1431 309/1430/1380 1303/1484/1433
f 1303/1484/1433 308/1432/1382 1304/1486/1435
f 1304/1486/1435 306/106/94 1301/115/100
f 1305/122/107 396/774/717 393/178/157
f 1307/1488/1437 397/783/727 396/774/717
f 1308/1489/1438 403/779/723 397/783/727
f 1309/1490/1439 394/780/724 403/779/723
f 388/118/103 1307/1488/1437 1305/122/107
f 390/1491/1440 1308/1489/1438 1307/1488/1437
f 391/1492/1441 1309/1490/1439 1308/1489/1438
f 392/1493/1442 1306/150/132 1309/1490/1439
f 383/110/96 1312/1494/1443 385/1479/1428
f 385/1479/1428 1313/1495/1444 386/1480/1429
f 386/1480/1429 1314/1496/1445 387/1481/1430
f 387/1481/1430 1311/149/131 384/130/115
f 1310/116/101 407/786/731 1312/1494/1443
f 1312/1494/1443 402/781/725 1313/1495/1444
f 1313/1495/1444 401/778/722 1314/1496/1445
f 1314/1496/1445 394/780/724 1311/149/131
f 388/118/103 1317/1497/1446 390/1491/1440
f 390/1491/1440 1318/1498/1447 391/1492/1441
f 391/1492/1441 1319/1499/1448 392/1493/1442
f 392/1493/1442 1316/148/130 389/147/129
f 1315/112/98 382/1483/1432 1317/1497/1446
f 1317/1497/1446 381/1485/1434 1318/1498/1447
f 1318/1498/1447 380/1487/1436 1319/1499/1448
f 1319/1499/1448 378/114/99 1316/148/130
f 395/117/102 1322/1500/1449 406/1501/732
f 406/773/1450 1321/175/154 393/178/157
f 1320/67/61 298/747/1451 1322/1500/1449
f 1322/1502/1452 298/1503/1452 291/740/1452
f 1322/1504/1453 288/176/155 1321/175/154
f 1323/47/42 264/1505/1454 253/48/43
f 1325/1506/1455 251/716/655 264/718/657
f 357/105/93 1325/1507/1456 1323/47/42
f 359/1508/698 1324/134/117 1325/1506/1455
f 532/259/235 1328/1509/1457 544/938/879
f 544/938/879 1329/1510/1458 545/928/869
f 1329/1510/1458 535/925/866 545/928/869
f 1330/1511/1459 530/242/218 535/925/866
f 1326/258/234 553/945/885 1328/1509/1457
f 1328/1509/1457 563/948/888 1329/1510/1458
f 563/948/888 1330/1511/1459 1329/1510/1458
f 562/956/896 1327/260/236 1330/1511/1459
f 1331/252/228 557/951/891 549/253/229
f 1333/1512/1460 558/953/893 557/951/891
f 558/953/893 1335/1513/1461 564/957/897
f 564/957/897 1332/239/216 550/300/276
f 567/230/207 1333/1512/1460 1331/252/228
f 572/961/901 1334/1514/1462 1333/1512/1460
f 1334/1514/1462 581/974/914 1335/1513/1461
f 1335/1513/1461 569/267/243 1332/239/216
f 1336/287/263 576/1515/909 568/298/274
f 1338/1516/1463 577/1517/1464 576/1515/909
f 577/977/917 1339/1518/1465 583/975/915
f 1339/1518/1465 569/267/243 583/975/915
f 1336/287/263 541/932/873 1338/1516/1463
f 1338/1516/1463 534/936/877 1339/1519/1466
f 1339/1520/1465 534/926/1467 533/924/865
f 1339/1518/1465 530/242/218 1337/241/217
f 200/297/273 1342/1521/1468 525/919/859
f 525/919/859 1343/1522/1469 526/908/847
f 1343/1522/1469 517/905/844 526/908/847
f 1344/1523/1470 513/279/255 517/905/844
f 1340/294/270 559/952/892 1342/1521/1468
f 1342/1521/1468 552/946/886 1343/1522/1469
f 552/946/886 1344/1523/1470 1343/1522/1469
f 551/944/884 1341/273/249 1344/1523/1470
f 1345/248/224 539/933/874 531/288/264
f 1347/1524/1471 540/1525/1472 539/933/874
f 540/1525/882 1348/1526/1473 546/1527/880
f 1348/1528/1473 532/259/235 546/939/880
f 1345/248/224 522/912/851 1347/1524/1471
f 1347/1524/1471 516/917/855 1348/1529/1474
f 1348/1529/1473 516/917/845 515/1530/843
f 1348/1528/1473 513/279/255 1346/227/204
f 1349/249/225 520/1531/852 514/250/226
f 1351/1532/1475 521/922/1476 520/913/852
f 521/922/862 1352/1533/1477 527/920/860
f 1352/1533/1477 200/297/1478 527/920/860
f 1349/249/225 578/968/908 1351/1534/1475
f 1351/1532/1475 571/962/912 1352/1535/1479
f 1352/1535/1477 571/962/902 570/960/900
f 1352/1533/1477 567/230/207 1350/229/206
f 436/207/184 1355/1536/1480 439/1537/1481
f 439/1537/1481 1356/1538/1482 1813/1539/1483
f 1813/1539/1484 1357/1540/1485 441/1541/1486
f 441/1541/1486 1354/245/221 437/312/288
f 410/165/144 1355/1536/1480 1353/163/142
f 415/789/736 1356/1538/1482 1355/1536/1480
f 422/792/739 1357/1540/1485 1356/1538/1482
f 423/801/747 1354/245/221 1357/1540/1485
f 1358/257/233 454/1542/1487 447/214/191
f 1360/1543/1488 1814/830/1489 454/1542/1487
f 1361/1544/1490 449/826/768 1814/830/1489
f 1362/1545/1491 445/315/291 449/826/768
f 1358/257/233 423/802/747 1360/1543/1488
f 1360/1543/1488 419/796/743 1361/1544/1490
f 1361/1544/1490 418/793/740 1362/1545/1491
f 1362/1545/1491 411/795/742 1359/235/212
f 1363/313/289 441/1546/1486 437/312/288
f 1365/1547/1492 442/824/1493 441/1546/1486
f 1366/1548/1494 444/819/1495 442/824/1493
f 1367/1549/1496 438/232/209 444/819/1495
f 1363/313/289 454/1550/1487 1365/1547/1492
f 1365/1547/1492 452/835/1497 1366/1548/1494
f 1366/1548/1494 451/834/775 1367/1549/1496
f 1367/1549/1496 446/831/774 1364/246/222
f 465/296/272 1370/1551/1498 468/850/794
f 468/850/794 1371/1552/1499 469/861/796
f 469/861/796 1372/1553/1500 473/860/803
f 473/860/803 1369/277/253 466/318/294
f 425/219/196 1370/1551/1498 1368/217/194
f 429/804/749 1371/1552/1499 1370/1551/1498
f 433/807/1501 1372/1553/1500 1371/1552/1499
f 434/1554/1502 1369/277/253 1372/1553/1500
f 479/270/246 1375/1555/1503 487/867/807
f 487/867/1504 1376/1556/1505 1816/1557/1506
f 1816/1557/1506 1377/1558/1507 485/1559/1508
f 485/1559/1508 1374/334/309 480/204/181
f 467/261/237 1375/1555/1503 1373/271/247
f 477/863/806 1376/1556/1505 1375/1555/1503
f 472/857/801 1377/1558/1507 1376/1556/1505
f 473/859/803 1374/334/309 1377/1558/1507
f 1378/206/183 485/1560/1508 480/204/181
f 1380/1561/1509 484/875/1510 485/1560/1508
f 1381/1562/1511 487/873/1512 484/875/1510
f 1382/1563/1513 481/268/244 487/873/814
f 1378/206/183 434/1564/1502 1380/1561/1509
f 1380/1561/1509 433/1565/1514 1381/1562/1511
f 1381/1562/1511 432/1566/752 1382/1563/1513
f 1382/1563/1513 426/808/751 1379/263/239
f 1383/255/231 462/1567/1515 457/193/170
f 1385/1568/1516 1386/1569/1517 1815/844/1518
f 1386/1569/1517 459/840/782 1815/844/1518
f 1387/1570/1519 455/340/315 459/840/782
f 1383/255/231 496/886/1520 1385/1568/1516
f 1385/1568/1516 492/887/820 1386/1569/1517
f 1386/1569/1517 491/876/818 1387/1570/1519
f 1387/1570/1519 488/291/267 1384/293/269
f 1388/324/299 496/883/1520 489/278/254
f 1390/1571/1521 497/891/825 496/883/1520
f 1391/1572/1522 501/889/828 497/891/825
f 1392/1573/1523 490/283/259 501/889/828
f 1388/324/299 509/1574/1524 1390/1571/1521
f 1390/1571/1521 1812/1575/1525 1391/1572/1522
f 1391/1572/1522 506/892/1526 1392/1573/1523
f 1392/1573/1523 503/196/173 1389/198/175
f 1393/338/313 509/1576/1524 504/325/300
f 1395/1577/1527 510/902/1528 509/1576/1524
f 1396/1578/1529 512/899/838 510/902/1528
f 1397/1579/1530 505/290/266 512/899/838
f 1393/338/313 462/1580/1515 1395/1577/1527
f 1395/1577/1527 463/848/1531 1396/1578/1529
f 1396/1578/1529 460/849/789 1397/1579/1530
f 1397/1579/1530 456/845/788 1394/284/260
f 587/992/306 1400/1581/1532 598/990/936
f 598/990/936 1401/1582/1533 599/984/925
f 599/984/925 1402/1583/1534 589/980/921
f 589/980/921 1399/281/257 585/978/919
f 1398/1584/305 613/1003/950 1400/1581/1532
f 1400/1581/1532 607/997/944 1401/1582/1533
f 1401/1582/1533 606/995/942 1402/1583/1534
f 606/995/942 1399/281/257 1402/1583/1534
f 1403/305/281 624/1014/959 621/316/292
f 1405/1585/1535 625/1024/969 624/1014/959
f 1406/1586/1536 632/1020/966 625/1024/969
f 1407/1587/1537 622/1021/199 632/1020/966
f 605/304/280 1405/1585/1535 1403/305/281
f 618/1010/955 1406/1586/1536 1405/1585/1535
f 612/1005/951 1407/1587/1537 1406/1586/1536
f 611/1002/949 1404/1588/197 1407/1587/1537
f 1408/306/282 593/988/929 586/307/283
f 1410/1589/1538 594/994/939 593/988/929
f 1411/1590/1539 600/991/937 594/994/939
f 1412/1591/1540 587/992/306 600/991/937
f 1408/306/282 636/1027/972 1410/1589/1538
f 1410/1589/1538 631/1022/967 1411/1590/1539
f 1411/1590/1539 630/1019/965 1412/1591/1540
f 1412/1591/1540 622/1021/199 1409/1592/198
f 1413/1593/296 652/1041/988 641/1043/295
f 1415/1594/1541 653/1033/980 652/1041/988
f 1416/1595/1542 644/1029/976 653/1033/980
f 1417/1596/1543 639/1030/977 644/1029/976
f 658/1055/298 1415/1594/1541 1413/1593/296
f 668/1054/1001 1416/1595/1542 1415/1594/1541
f 661/1058/1005 1417/1596/1543 1416/1595/1542
f 660/1048/993 1414/224/201 1417/1596/1543
f 676/1078/311 1420/1597/1544 687/1076/1027
f 687/1076/1027 1421/1598/1545 688/1070/1020
f 688/1070/1020 1422/1599/1546 678/1066/1016
f 678/1066/1016 1419/210/187 674/1064/1014
f 1418/1600/310 654/1042/989 1420/1597/1544
f 1420/1597/1544 648/1038/985 1421/1598/1545
f 1421/1598/1545 647/1036/983 1422/1599/1546
f 1422/1599/1546 640/310/286 1419/210/187
f 1423/309/285 682/1074/1024 675/311/287
f 1425/1601/1547 683/1080/1030 682/1074/1024
f 1426/1602/1548 689/1077/1028 683/1080/1030
f 1427/1603/1549 676/1078/311 689/1077/1028
f 1423/309/285 672/1061/1008 1425/1601/1547
f 1425/1601/1547 667/1056/1002 1426/1602/1548
f 1426/1602/1548 666/1053/1000 1427/1603/1549
f 1427/1603/1549 658/1055/298 1424/1604/297
f 1428/329/304 695/1083/1033 692/341/316
f 1430/1605/1550 696/1092/1041 695/1083/1033
f 1431/1606/1551 702/1093/1038 696/1092/1041
f 1432/1607/1552 693/1089/190 702/1088/1038
f 709/1101/1050 1430/1605/1550 1428/329/304
f 714/1100/1049 1431/1606/1551 1430/1605/1550
f 723/1104/1053 1432/1607/1552 1431/1606/1551
f 722/1112/1061 1429/1608/180 1432/1607/1552
f 710/301/277 1435/1609/1553 717/1107/1056
f 717/1107/1056 1436/1610/1554 718/1109/1058
f 718/1109/1058 1437/1611/1555 724/1113/1062
f 724/1113/1062 1434/1612/301 711/1114/178
f 1433/200/177 732/1119/1066 1435/1609/1553
f 1435/1609/1553 740/1123/1070 1436/1610/1554
f 1436/1610/1554 739/1130/1077 1437/1611/1555
f 1437/1611/1555 729/1132/302 1434/1612/301
f 1438/303/279 735/1128/1074 728/302/278
f 1440/1613/1556 736/1134/1081 735/1128/1074
f 1441/1614/1557 741/1131/1078 736/1134/1081
f 1442/1615/1558 729/1132/302 741/1131/1078
f 1438/303/279 706/1097/1045 1440/1613/1556
f 1440/1613/1556 701/1090/1039 1441/1614/1557
f 1441/1614/1557 700/1087/1037 1442/1615/1558
f 1442/1615/1558 693/1089/190 1439/1616/189
f 1443/164/143 413/788/735 410/165/144
f 1445/1617/1559 414/790/1560 413/788/735
f 1446/1618/1561 420/794/741 414/790/1560
f 1447/1619/1562 411/795/742 420/794/741
f 603/317/293 1445/1617/1559 1443/164/143
f 608/996/943 1446/1618/1561 1445/1617/1559
f 617/999/946 1447/1619/1562 1446/1618/1561
f 616/1009/954 1444/236/213 1447/1619/1562
f 623/308/284 1450/1620/1563 635/1621/973
f 635/1017/963 1451/1622/1564 626/1013/961
f 626/1013/958 1449/314/290 621/316/292
f 1448/247/223 453/833/776 1450/1620/1563
f 1450/1623/1565 448/825/1566 1451/1622/1564
f 1451/1622/1567 445/315/291 1449/314/290
f 1452/218/195 428/803/748 425/219/196
f 428/812/1568 1454/1624/1569 431/810/1570
f 431/810/753 1453/264/240 426/808/751
f 1452/218/195 662/1047/992 1454/1625/1571
f 1454/1625/1571 662/1047/992 671/1050/1572
f 1454/1626/1573 671/1050/1574 670/1062/1575
f 670/1062/1575 1453/264/240 1454/1624/1573
f 674/1064/1014 1457/1627/1576 677/1067/1577
f 677/1067/1017 1458/1628/1578 684/1629/1579
f 1458/1630/1580 675/311/287 684/1073/1023
f 1455/209/186 482/866/808 1457/1627/1576
f 1457/1627/1581 486/871/1582 1458/1628/1578
f 486/872/813 1456/269/245 1458/1630/1580
f 490/283/259 1461/1631/1583 499/888/827
f 1461/1631/1583 500/881/1584 499/888/827
f 1462/1632/1585 493/877/819 500/881/1584
f 1463/1633/1586 488/291/267 493/877/819
f 1459/282/258 719/1108/1057 1461/1631/1583
f 1461/1631/1583 713/1102/1051 1462/1632/1585
f 713/1102/1051 1463/1633/1586 1462/1632/1585
f 712/1099/1048 1460/328/303 1463/1633/1586
f 694/1095/1043 1466/1634/1587 705/1635/1046
f 1466/1636/1588 692/341/316 705/1082/1032
f 1464/285/261 461/847/790 1466/1634/1587
f 1466/1637/1589 461/841/1589 458/839/1589
f 458/839/1590 1465/339/314 1466/1636/1588
f 585/978/919 1469/1638/1591 588/1639/922
f 588/1639/933 1469/1638/1591 1470/1640/1592
f 588/981/933 1470/1641/1592 595/987/931
f 1470/1641/1593 586/307/283 595/987/928
f 1467/280/256 443/815/1594 1469/1638/1591
f 1469/1638/1591 443/820/1594 1470/1640/1592
f 443/818/1595 1468/234/211 1470/1641/1593
f 1471/262/238 475/862/805 467/261/237
f 1473/1642/1596 476/855/1597 475/862/805
f 476/855/1597 1475/1643/1598 470/851/795
f 1475/1643/1598 465/296/272 470/851/795
f 640/310/286 1473/1642/1596 1471/262/238
f 1473/1642/1596 643/1031/978 1474/1644/1599
f 1474/1644/1599 642/1028/975 1475/1643/1598
f 642/1028/975 1472/223/200 1475/1643/1598
f 1476/289/265 511/898/837 505/290/266
f 511/897/1600 1479/1645/1601 507/893/1602
f 1479/1645/1603 503/196/173 507/893/1604
f 728/302/278 1478/1646/1605 1476/289/265
f 1478/1646/1605 737/1127/1073 731/1121/1606
f 731/1121/1607 1479/1645/1601 1478/1647/1608
f 1479/1645/1603 727/1117/1064 1477/199/176
f 764/366/338 1482/1648/1609 767/1649/1610
f 767/1650/1610 1483/1651/1611 766/1652/1612
f 766/1652/1613 1484/1653/1614 765/1654/1615
f 1484/1653/1614 763/521/476 765/1654/1615
f 1480/365/337 750/1655/1616 1482/1648/1609
f 1482/1656/1609 751/1657/1617 1483/1651/1611
f 1483/1651/1618 752/1658/1619 1484/1653/1614
f 752/1658/1619 1481/480/438 1484/1653/1614
f 1485/402/371 772/1659/1620 769/349/323
f 1487/1660/1621 771/1661/1622 772/1659/1620
f 1488/1662/1623 770/1663/1624 771/1661/1625
f 770/1664/1624 1486/460/421 768/362/334
f 753/530/485 1487/1660/1621 1485/402/371
f 755/1665/1626 1488/1662/1627 1487/1660/1621
f 756/1666/1628 1489/1667/1629 1488/1662/1623
f 1489/1668/1629 754/359/331 1486/460/421
f 1490/470/430 747/1669/1630 744/344/319
f 1492/1670/1631 746/1671/1632 747/1672/1630
f 1493/1673/1633 745/1674/1634 746/1671/1635
f 745/1674/1634 1491/345/320 743/357/329
f 764/366/338 1492/1675/1631 1490/470/430
f 767/1650/1610 1493/1673/1636 1492/1670/1631
f 766/1652/1613 1494/1676/1637 1493/1673/1633
f 1494/1676/1637 763/521/476 1491/345/320
f 759/499/455 1497/1677/1638 762/1678/1639
f 762/1678/1639 1498/1679/1640 761/1680/1641
f 761/1680/1642 1499/1681/1643 760/1682/1644
f 1499/1683/1643 758/351/324 760/1684/1644
f 1495/367/339 772/1659/1620 1497/1677/1638
f 1497/1677/1638 771/1661/1622 1498/1679/1640
f 1498/1679/1645 770/1663/1624 1499/1681/1643
f 770/1664/1624 1496/364/336 1499/1683/1643
f 774/500/456 1502/1685/1646 777/1686/1647
f 777/1686/1647 1503/1687/1648 776/1688/1649
f 776/1688/1650 1504/1689/1651 775/1690/1652
f 1504/1691/1651 773/370/341 775/1692/1652
f 1500/494/451 762/1678/1639 1502/1685/1646
f 1502/1685/1646 761/1680/1641 1503/1687/1648
f 1503/1687/1653 760/1682/1644 1504/1689/1651
f 760/1684/1644 1501/353/326 1504/1691/1651
f 748/356/328 1507/1693/1654 750/1655/1616
f 750/1694/1616 1508/1695/1655 751/1657/1617
f 751/1657/1656 1509/1696/1657 752/1658/1619
f 1509/1696/1657 749/376/347 752/1658/1619
f 1505/355/327 780/1697/1658 1507/1693/1654
f 1507/1698/1654 781/1699/1659 1508/1695/1655
f 1508/1695/1660 782/1700/1661 1509/1696/1657
f 782/1700/1661 1506/374/345 1509/1696/1657
f 778/1701/355 1512/1702/1662 780/1703/1658
f 780/1703/1658 1513/1704/1663 781/1699/1659
f 781/1699/1664 1514/1705/1665 782/1700/1661
f 1514/1705/1665 779/373/344 782/1700/1661
f 1510/1706/363 790/1707/1666 1512/1702/1662
f 1512/1702/1662 791/1708/1667 1513/1704/1663
f 1513/1704/1668 792/1709/1669 1514/1705/1665
f 792/1709/1669 1511/371/342 1514/1705/1665
f 784/531/486 1517/1710/1670 787/1711/1671
f 787/1711/1671 1518/1712/1672 786/1713/1673
f 786/1713/1674 1519/1714/1675 785/1715/1676
f 1519/1714/1675 783/1716/351 785/1715/1676
f 1515/524/479 777/1686/1647 1517/1710/1670
f 1517/1710/1670 776/1688/1649 1518/1712/1672
f 1518/1712/1677 775/1690/1652 1519/1714/1675
f 775/1690/1652 1516/1717/349 1519/1714/1675
f 1520/1718/466 814/1719/1678 811/1720/464
f 1522/1721/1679 813/1722/1680 814/1719/1678
f 1523/1723/1681 812/1724/1682 813/1722/1680
f 1524/1725/1683 810/390/360 812/1724/1682
f 794/1726/1091 1522/1721/1679 1520/1718/466
f 803/1149/1090 1523/1723/1681 1522/1721/1679
f 797/1148/1094 1524/1725/1683 1523/1723/1681
f 796/1138/1085 1521/474/432 1524/1725/1683
f 788/1727/362 1527/1728/1684 790/1707/1666
f 790/1707/1666 1528/1729/1685 791/1708/1667
f 791/1708/1686 1529/1730/1687 792/1709/1669
f 792/1709/1669 1526/381/352 789/383/354
f 1525/1731/450 814/1719/1678 1527/1728/1684
f 1527/1728/1688 813/1722/1680 1528/1729/1685
f 1528/1729/1689 812/1724/1682 1529/1730/1687
f 812/1724/1682 1526/381/352 1529/1730/1687
f 794/1144/1091 1532/1732/1690 801/1142/1089
f 801/1142/1089 1533/1733/1691 802/1145/1092
f 802/1145/1101 1534/1734/1692 807/1153/1097
f 807/1153/1097 1531/1735/357 795/1151/359
f 1530/510/465 787/1711/1671 1532/1732/1690
f 1532/1732/1690 786/1713/1673 1533/1733/1691
f 1533/1733/1693 785/1715/1676 1534/1734/1692
f 1534/1734/1692 783/1716/351 1531/1735/357
f 1535/410/378 755/1665/1626 753/530/485
f 1537/1736/1694 756/1666/1695 755/1665/1626
f 1538/1737/1696 757/1738/1697 756/1666/1628
f 757/1739/1697 1536/503/458 754/359/331
f 820/469/429 1537/1736/1694 1535/410/378
f 822/1740/1698 1538/1737/1699 1537/1736/1694
f 823/1741/1700 1539/1742/1701 1538/1737/1696
f 1539/1743/1701 821/399/368 1536/503/458
f 1540/342/317 819/1744/1702 816/518/473
f 1542/1745/1703 818/1746/1704 819/1747/1702
f 1543/1748/1705 817/1749/1706 818/1746/1707
f 817/1749/1706 1541/395/364 815/397/366
f 744/344/319 1542/1750/1703 1540/342/317
f 747/1672/1630 1543/1748/1708 1542/1745/1703
f 746/1671/1635 1544/1751/1709 1543/1748/1705
f 1544/1751/1709 743/357/329 1541/395/364
f 832/1174/1119 1547/1752/1710 843/1172/1117
f 843/1753/1117 1548/1754/1711 844/1164/1108
f 844/1164/1108 1549/1755/1712 834/1159/1104
f 834/1159/1104 1546/461/422 830/517/472
f 1545/484/441 827/1756/1713 1547/1752/1710
f 1547/1757/1710 828/1758/1714 1548/1754/1711
f 1548/1754/1711 829/1759/1715 1549/1755/1712
f 1549/1755/1712 826/405/374 1546/461/422
f 1550/485/442 822/1740/1698 820/469/429
f 1552/1760/1716 823/1741/1717 822/1740/1698
f 1553/1761/1718 824/1762/1719 823/1741/1700
f 1554/1763/1720 821/399/368 824/1764/1719
f 832/1174/1119 1552/1760/1716 1550/485/442
f 845/1173/1118 1553/1761/1721 1552/1760/1716
f 839/1177/1722 1554/1765/1720 1553/1761/1718
f 838/1766/1113 1551/407/376 1554/1763/1720
f 1555/487/444 827/1756/1713 825/486/443
f 1557/1767/1723 828/1758/1714 827/1768/1713
f 1558/1769/1724 829/1759/1715 828/1758/1714
f 829/1759/1715 1556/403/372 826/405/374
f 816/518/473 1557/1770/1723 1555/487/444
f 819/1747/1702 1558/1769/1725 1557/1767/1723
f 818/1746/1707 1559/1771/1726 1558/1769/1724
f 817/1749/1706 1556/403/372 1559/1771/1726
f 1560/483/440 872/1772/1727 869/412/379
f 1562/1773/1728 871/1774/1729 872/1772/1727
f 1563/1775/1730 870/1776/1731 871/1774/1729
f 1564/1777/1732 868/529/484 870/1776/1731
f 853/432/398 1562/1773/1728 1560/483/440
f 855/1778/1733 1563/1775/1730 1562/1773/1728
f 856/1779/1734 1564/1777/1732 1563/1775/1730
f 857/1780/1735 1561/528/483 1564/1777/1732
f 874/426/392 1567/1781/1736 877/1782/1737
f 877/1782/1737 1568/1783/1738 876/1784/1739
f 876/1784/1739 1569/1785/1740 875/1786/1741
f 875/1786/1741 1566/464/425 873/467/428
f 1565/425/391 860/1787/1742 1567/1781/1736
f 1567/1781/1736 861/1788/1743 1568/1783/1738
f 1568/1783/1738 862/1789/1744 1569/1785/1740
f 1569/1785/1740 859/465/426 1566/464/425
f 849/422/388 1572/1790/1745 852/1791/1746
f 852/1791/1746 1573/1792/1747 851/1793/1748
f 851/1793/1748 1574/1794/1749 850/1795/1750
f 850/1795/1750 1571/481/439 848/447/411
f 1570/413/380 872/1772/1727 1572/1790/1745
f 1572/1790/1745 871/1774/1729 1573/1792/1747
f 1573/1792/1747 870/1776/1731 1574/1794/1749
f 1574/1794/1749 868/529/484 1571/481/439
f 1575/427/393 867/1796/1751 864/466/427
f 1577/1797/1752 866/1798/1753 867/1796/1751
f 1578/1799/1754 865/1800/1755 866/1798/1753
f 1579/1801/1756 863/522/477 865/1800/1755
f 874/426/392 1577/1797/1752 1575/427/393
f 877/1782/1737 1578/1799/1754 1577/1797/1752
f 876/1784/1739 1579/1801/1756 1578/1799/1754
f 875/1786/1741 1576/502/457 1579/1801/1756
f 1580/418/384 882/1802/1757 879/496/452
f 1582/1803/1758 881/1804/1759 882/1802/1757
f 1583/1805/1760 880/1806/1761 881/1804/1759
f 1584/1807/1762 878/419/385 880/1806/1761
f 864/466/427 1582/1803/1758 1580/418/384
f 867/1796/1751 1583/1805/1760 1582/1803/1758
f 866/1798/1753 1584/1807/1762 1583/1805/1760
f 865/1800/1755 1581/435/401 1584/1807/1762
f 1585/433/399 855/1778/1733 853/432/398
f 1587/1808/1763 856/1779/1734 855/1778/1733
f 1588/1809/1764 857/1780/1735 856/1779/1734
f 1589/1810/1765 854/527/482 857/1780/1735
f 883/438/403 1587/1808/1763 1585/433/399
f 885/1811/1766 1588/1809/1764 1587/1808/1763
f 886/1812/1767 1589/1810/1765 1588/1809/1764
f 887/1813/1768 1586/415/382 1589/1810/1765
f 1590/439/404 885/1811/1766 883/438/403
f 1592/1814/1769 886/1812/1767 885/1811/1766
f 1593/1815/1770 887/1813/1768 886/1812/1767
f 1594/1816/1771 884/479/437 887/1813/1768
f 893/443/407 1592/1814/1769 1590/439/404
f 895/1817/1772 1593/1815/1770 1592/1814/1769
f 896/1818/1773 1594/1816/1771 1593/1815/1770
f 897/1819/1774 1591/523/478 1594/1816/1771
f 1595/434/400 892/1820/1775 889/525/480
f 1597/1821/1776 891/1822/1777 892/1820/1775
f 1598/1823/1778 890/1824/1779 891/1822/1777
f 1599/1825/1780 888/442/406 890/1824/1779
f 879/496/452 1597/1821/1776 1595/434/400
f 882/1802/1757 1598/1823/1778 1597/1821/1776
f 881/1804/1759 1599/1825/1780 1598/1823/1778
f 880/1806/1761 1596/421/387 1599/1825/1780
f 916/526/481 1602/1826/1781 919/1827/1782
f 919/1827/1782 1603/1828/1783 918/1829/1784
f 918/1829/1784 1604/1830/1785 917/1831/1786
f 917/1831/1786 1601/513/468 915/515/470
f 1600/478/436 901/1179/1124 1602/1826/1781
f 1602/1826/1781 911/1183/1128 1603/1828/1783
f 1603/1828/1783 910/1189/1136 1604/1830/1785
f 1604/1830/1785 900/514/469 1601/513/468
f 1605/445/409 895/1817/1772 893/443/407
f 1607/1832/1787 896/1818/1773 895/1817/1772
f 1608/1833/1788 897/1819/1774 896/1818/1773
f 1609/1834/1789 894/520/475 897/1819/1774
f 916/526/481 1607/1832/1787 1605/445/409
f 919/1827/1782 1608/1833/1788 1607/1832/1787
f 918/1829/1784 1609/1834/1789 1608/1833/1788
f 917/1831/1786 1606/497/453 1609/1834/1789
f 1610/440/405 905/1187/1132 899/446/410
f 1612/1835/1790 906/1192/1139 905/1187/1132
f 1613/1836/1791 912/1190/1137 906/1192/1139
f 1614/1837/1792 900/514/469 912/1190/1137
f 889/525/480 1612/1835/1790 1610/440/405
f 892/1820/1775 1613/1836/1791 1612/1835/1790
f 891/1822/1777 1614/1837/1792 1613/1836/1791
f 890/1824/1779 1611/512/467 1614/1837/1792
f 858/429/395 1617/1838/1793 860/1787/1742
f 860/1787/1742 1618/1839/1794 861/1788/1743
f 861/1788/1743 1619/1840/1795 862/1789/1744
f 862/1789/1744 1616/507/462 859/465/426
f 1615/450/412 927/1841/1796 1617/1838/1793
f 1617/1838/1793 928/1842/1797 1618/1839/1794
f 1618/1839/1794 929/1843/1798 1619/1840/1795
f 1619/1840/1795 926/471/431 1616/507/462
f 921/452/414 1622/1844/1799 924/1845/1800
f 924/1845/1800 1623/1846/1801 923/1847/1802
f 923/1847/1802 1624/1848/1803 922/1849/1804
f 922/1849/1804 1621/456/417 920/455/416
f 1620/423/389 852/1791/1746 1622/1844/1799
f 1622/1844/1799 851/1793/1748 1623/1846/1801
f 1623/1846/1801 850/1795/1750 1624/1848/1803
f 1624/1848/1803 848/447/411 1621/456/417
f 1625/463/424 938/1195/1143 935/519/474
f 1627/1850/1805 939/1204/1153 938/1195/1143
f 1628/1851/1806 945/1200/1149 939/1204/1153
f 1629/1852/1807 936/1201/1150 945/1200/1149
f 930/459/420 1627/1850/1805 1625/463/424
f 932/1853/1808 1628/1851/1806 1627/1850/1805
f 933/1854/1809 1629/1852/1807 1628/1851/1806
f 934/1855/1810 1626/491/448 1629/1852/1807
f 925/451/413 1632/1856/1811 927/1841/1796
f 927/1841/1796 1633/1857/1812 928/1842/1797
f 928/1842/1797 1634/1858/1813 929/1843/1798
f 929/1843/1798 1631/490/447 926/471/431
f 1630/457/418 949/1207/1157 1632/1856/1811
f 1632/1856/1811 944/1202/1151 1633/1857/1812
f 1633/1857/1812 943/1199/1148 1634/1858/1813
f 1634/1858/1813 936/1201/1150 1631/490/447
f 930/459/420 1637/1859/1814 932/1853/1808
f 932/1853/1808 1638/1860/1815 933/1854/1809
f 933/1854/1809 1639/1861/1816 934/1855/1810
f 934/1855/1810 1636/489/446 931/488/445
f 1635/453/415 924/1845/1800 1637/1859/1814
f 1637/1859/1814 923/1847/1802 1638/1860/1815
f 1638/1860/1815 922/1849/1804 1639/1861/1816
f 1639/1861/1816 920/455/416 1636/489/446
f 937/458/419 1642/1862/1817 948/1863/1158
f 948/1194/1818 1641/516/471 935/519/474
f 1640/408/377 840/1864/1819 1642/1862/1817
f 1642/1865/1820 840/1866/1820 833/1867/1820
f 1642/1868/1821 830/517/472 1641/516/471
f 1643/388/358 806/1869/1822 795/389/359
f 1645/1870/1823 793/1135/1082 806/1137/1824
f 1643/388/358 907/1186/1131 1645/1871/1825
f 907/1872/1826 1644/475/433 1645/1870/1823
f 973/553/505 1648/1873/1827 976/1874/1828
f 976/1874/1828 1649/1875/1829 975/1876/1830
f 975/1876/1831 1650/1877/1832 974/1878/1833
f 1650/1877/1832 972/1879/644 974/1878/1833
f 1646/552/504 959/1880/1834 1648/1873/1827
f 1648/1873/1827 960/1881/1835 1649/1875/1829
f 1649/1875/1836 961/1882/1837 1650/1877/1832
f 961/1883/1837 1647/667/608 1650/1884/1832
f 1651/1885/539 981/1886/1838 978/1887/490
f 1653/1888/1839 980/1889/1840 981/1886/1838
f 1654/1890/1841 979/1891/1842 980/1889/1843
f 979/1891/1842 1652/647/591 977/549/501
f 962/1892/653 1653/1888/1839 1651/1885/539
f 964/1893/1844 1654/1890/1845 1653/1888/1839
f 965/1894/1846 1655/1895/1847 1654/1890/1841
f 1655/1895/1847 963/546/498 1652/647/591
f 1656/657/600 956/1896/1848 953/506/461
f 1658/1897/1849 955/1898/1850 956/1896/1848
f 1659/1899/1851 954/1900/1852 955/1898/1853
f 954/1900/1852 1657/1901/487 952/1902/496
f 973/553/505 1658/1897/1849 1656/657/600
f 976/1874/1828 1659/1899/1854 1658/1897/1849
f 975/1876/1831 1660/1903/1855 1659/1899/1851
f 1660/1903/1855 972/1879/644 1657/1901/487
f 968/1904/626 1663/1905/1856 971/1906/1857
f 971/1906/1857 1664/1907/1858 970/1908/1859
f 970/1908/1860 1665/1909/1861 969/1910/1862
f 1665/1909/1861 967/538/491 969/1910/1862
f 1661/1911/506 981/1886/1838 1663/1905/1856
f 1663/1905/1856 980/1889/1840 1664/1907/1858
f 1664/1907/1863 979/1891/1842 1665/1909/1861
f 979/1891/1842 1662/551/503 1665/1909/1861
f 983/1912/627 1668/1913/1864 986/1914/1865
f 986/1914/1865 1669/1915/1866 985/1916/1867
f 985/1916/1868 1670/1917/1869 984/1918/1870
f 1670/1917/1869 982/557/508 984/1918/1870
f 1666/1919/621 971/1906/1857 1668/1913/1864
f 1668/1913/1864 970/1908/1859 1669/1915/1866
f 1669/1915/1871 969/1910/1862 1670/1917/1869
f 969/1910/1862 1667/540/493 1670/1917/1869
f 957/543/495 1673/1920/1872 959/1880/1834
f 959/1880/1834 1674/1921/1873 960/1881/1835
f 960/1881/1874 1675/1922/1875 961/1882/1837
f 1675/1923/1875 958/563/514 961/1883/1837
f 1671/542/494 989/1924/1876 1673/1920/1872
f 1673/1920/1872 990/1925/1877 1674/1921/1873
f 1674/1921/1878 991/1926/1879 1675/1922/1875
f 991/1927/1879 1672/561/512 1675/1923/1875
f 987/572/522 1678/1928/1880 989/1924/1876
f 989/1924/1876 1679/1929/1881 990/1925/1877
f 990/1925/1882 1680/1930/1883 991/1926/1879
f 1680/1931/1883 988/560/511 991/1927/1879
f 1676/581/531 999/1932/1884 1678/1928/1880
f 1678/1928/1880 1000/1933/1885 1679/1929/1881
f 1679/1929/1886 1001/1934/1887 1680/1930/1883
f 1001/1935/1887 1677/558/509 1680/1931/1883
f 993/1936/654 1683/1937/1888 996/1938/1889
f 996/1938/1889 1684/1939/1890 995/1940/1891
f 995/1940/1892 1685/1941/1893 994/1942/1894
f 1685/1941/1893 992/567/518 994/1942/1894
f 1681/1943/647 986/1914/1865 1683/1937/1888
f 1683/1937/1888 985/1916/1867 1684/1939/1890
f 1684/1939/1895 984/1918/1870 1685/1941/1893
f 984/1918/1870 1682/565/516 1685/1941/1893
f 1686/695/634 1023/1944/1896 1020/693/632
f 1688/1945/1897 1022/1946/1898 1023/1944/1896
f 1689/1947/1899 1021/1948/1900 1022/1946/1898
f 1690/1949/1901 1019/577/527 1021/1950/1900
f 1003/1951/1171 1688/1945/1897 1686/695/634
f 1012/1225/1170 1689/1947/1899 1688/1945/1897
f 1006/1224/1174 1690/1952/1901 1689/1947/1899
f 1005/1953/1164 1687/661/602 1690/1949/1901
f 997/580/530 1693/1954/1902 999/1932/1884
f 999/1932/1884 1694/1955/1903 1000/1933/1885
f 1000/1933/1904 1695/1956/1905 1001/1934/1887
f 1001/1935/1887 1692/568/519 998/570/521
f 1691/680/620 1023/1944/1896 1693/1954/1902
f 1693/1954/1906 1022/1946/1898 1694/1955/1903
f 1694/1955/1907 1021/1948/1900 1695/1956/1905
f 1021/1950/1900 1692/568/519 1695/1957/1905
f 1003/1220/1171 1698/1958/1908 1010/1218/1169
f 1010/1218/1169 1699/1959/1909 1011/1221/1172
f 1011/1221/1181 1700/1960/1910 1016/1229/1177
f 1016/1229/1177 1697/574/524 1004/576/526
f 1696/1961/633 996/1938/1889 1698/1958/1908
f 1698/1958/1908 995/1940/1891 1699/1959/1909
f 1699/1959/1911 994/1942/1894 1700/1960/1910
f 1700/1960/1910 992/567/518 1697/574/524
f 1701/1962/546 964/1893/1844 962/1892/653
f 1703/1963/1912 965/1894/1913 964/1893/1844
f 1704/1964/1914 966/1965/1915 965/1894/1846
f 966/1965/1915 1702/690/629 963/546/498
f 1029/1966/599 1703/1963/1912 1701/1962/546
f 1031/1967/1916 1704/1964/1917 1703/1963/1912
f 1032/1968/1918 1705/1969/1919 1704/1964/1914
f 1705/1969/1919 1030/586/536 1702/690/629
f 1706/504/459 1028/1970/1920 1025/702/641
f 1708/1971/1921 1027/1972/1922 1028/1970/1920
f 1709/1973/1923 1026/1974/1924 1027/1972/1925
f 1026/1974/1924 1707/1975/532 1024/1976/534
f 953/506/461 1708/1971/1921 1706/504/459
f 956/1896/1848 1709/1973/1926 1708/1971/1921
f 955/1898/1853 1710/1977/1927 1709/1973/1923
f 1710/1977/1927 952/1902/496 1707/1975/532
f 1041/1248/1200 1713/1978/1928 1051/1246/1198
f 1051/1246/1198 1714/1979/1929 1052/1238/1188
f 1052/1238/1188 1715/1980/1930 1043/1233/1184
f 1043/1981/1184 1712/648/592 1039/701/640
f 1711/671/611 1036/1982/1931 1713/1978/1928
f 1713/1978/1928 1037/1983/1932 1714/1979/1929
f 1714/1979/1929 1038/1984/1933 1715/1980/1930
f 1715/1985/1930 1035/592/542 1712/648/592
f 1716/1986/612 1031/1967/1916 1029/1966/599
f 1718/1987/1934 1032/1968/1935 1031/1967/1916
f 1719/1988/1936 1033/1989/1937 1032/1968/1918
f 1720/1990/1938 1030/586/536 1033/1989/1937
f 1041/1991/1200 1718/1987/1934 1716/1986/612
f 1053/1252/1199 1719/1988/1939 1718/1987/1934
f 1048/1251/1940 1720/1990/1938 1719/1988/1936
f 1047/1243/1193 1717/594/544 1720/1990/1938
f 1721/674/614 1036/1982/1931 1034/673/613
f 1723/1992/1941 1037/1983/1932 1036/1982/1931
f 1724/1993/1942 1038/1984/1933 1037/1983/1932
f 1038/1984/1933 1722/1994/540 1035/1995/542
f 1025/702/641 1723/1992/1941 1721/674/614
f 1028/1970/1920 1724/1993/1943 1723/1992/1941
f 1027/1972/1925 1725/1996/1944 1724/1993/1942
f 1026/1974/1924 1722/1994/540 1725/1996/1944
f 1726/670/610 1080/1997/1945 1077/599/547
f 1728/1998/1946 1079/1999/1947 1080/1997/1945
f 1729/2000/1948 1078/2001/1949 1079/1999/1947
f 1730/2002/1950 1076/713/652 1078/2001/1949
f 1061/619/566 1728/1998/1946 1726/670/610
f 1063/2003/1951 1729/2000/1948 1728/1998/1946
f 1064/2004/1952 1730/2002/1950 1729/2000/1948
f 1065/2005/1953 1727/712/651 1730/2002/1950
f 1082/613/560 1733/2006/1954 1085/2007/1955
f 1085/2007/1955 1734/2008/1956 1084/2009/1957
f 1084/2009/1957 1735/2010/1958 1083/2011/1959
f 1083/2011/1959 1732/651/595 1081/654/598
f 1731/612/559 1068/2012/1960 1733/2006/1954
f 1733/2006/1954 1069/2013/1961 1734/2008/1956
f 1734/2008/1956 1070/2014/1962 1735/2010/1958
f 1735/2010/1958 1067/652/596 1732/651/595
f 1057/609/556 1738/2015/1963 1060/2016/1964
f 1060/2016/1964 1739/2017/1965 1059/2018/1966
f 1059/2018/1966 1740/2019/1967 1058/2020/1968
f 1058/2020/1968 1737/668/609 1056/634/581
f 1736/600/548 1080/1997/1945 1738/2015/1963
f 1738/2015/1963 1079/1999/1947 1739/2017/1965
f 1739/2017/1965 1078/2001/1949 1740/2019/1967
f 1740/2019/1967 1076/713/652 1737/668/609
f 1741/614/561 1075/2021/1969 1072/653/597
f 1743/2022/1970 1074/2023/1971 1075/2021/1969
f 1744/2024/1972 1073/2025/1973 1074/2023/1971
f 1745/2026/1974 1071/706/645 1073/2025/1973
f 1082/613/560 1743/2022/1970 1741/614/561
f 1085/2007/1955 1744/2024/1972 1743/2022/1970
f 1084/2009/1957 1745/2026/1974 1744/2024/1972
f 1083/2011/1959 1742/689/628 1745/2026/1974
f 1746/605/552 1090/2027/1975 1087/683/623
f 1748/2028/1976 1089/2029/1977 1090/2027/1975
f 1749/2030/1978 1088/2031/1979 1089/2029/1977
f 1750/2032/1980 1086/606/553 1088/2031/1979
f 1072/653/597 1748/2028/1976 1746/605/552
f 1075/2021/1969 1749/2030/1978 1748/2028/1976
f 1074/2023/1971 1750/2032/1980 1749/2030/1978
f 1073/2025/1973 1747/622/569 1750/2032/1980
f 1751/620/567 1063/2003/1951 1061/619/566
f 1753/2033/1981 1064/2004/1952 1063/2003/1951
f 1754/2034/1982 1065/2005/1953 1064/2004/1952
f 1755/2035/1983 1062/711/650 1065/2005/1953
f 1091/625/572 1753/2033/1981 1751/620/567
f 1093/2036/1984 1754/2034/1982 1753/2033/1981
f 1094/2037/1985 1755/2035/1983 1754/2034/1982
f 1095/2038/1986 1752/602/550 1755/2035/1983
f 1756/626/573 1093/2036/1984 1091/625/572
f 1758/2039/1987 1094/2037/1985 1093/2036/1984
f 1759/2040/1988 1095/2038/1986 1094/2037/1985
f 1760/2041/1989 1092/666/607 1095/2038/1986
f 1101/630/577 1758/2039/1987 1756/626/573
f 1103/2042/1990 1759/2040/1988 1758/2039/1987
f 1104/2043/1991 1760/2041/1989 1759/2040/1988
f 1105/2044/1992 1757/707/646 1760/2041/1989
f 1761/621/568 1100/2045/1993 1097/709/648
f 1763/2046/1994 1099/2047/1995 1100/2045/1993
f 1764/2048/1996 1098/2049/1997 1099/2047/1995
f 1765/2050/1998 1096/629/576 1098/2049/1997
f 1087/683/623 1763/2046/1994 1761/621/568
f 1090/2027/1975 1764/2048/1996 1763/2046/1994
f 1089/2029/1977 1765/2050/1998 1764/2048/1996
f 1088/2031/1979 1762/608/555 1765/2050/1998
f 1124/710/649 1768/2051/1999 1127/2052/2000
f 1127/2052/2000 1769/2053/2001 1126/2054/2002
f 1126/2054/2002 1770/2055/2003 1125/2056/2004
f 1125/2056/2004 1767/697/636 1123/699/638
f 1766/665/606 1109/1255/1205 1768/2051/1999
f 1768/2051/1999 1119/1259/1209 1769/2053/2001
f 1769/2053/2001 1118/1265/1217 1770/2055/2003
f 1770/2055/2003 1108/698/637 1767/697/636
f 1771/632/579 1103/2042/1990 1101/630/577
f 1773/2057/2005 1104/2043/1991 1103/2042/1990
f 1774/2058/2006 1105/2044/1992 1104/2043/1991
f 1775/2059/2007 1102/704/643 1105/2044/1992
f 1124/710/649 1773/2057/2005 1771/632/579
f 1127/2052/2000 1774/2058/2006 1773/2057/2005
f 1126/2054/2002 1775/2059/2007 1774/2058/2006
f 1125/2056/2004 1772/684/624 1775/2059/2007
f 1776/627/574 1113/1263/1213 1107/633/580
f 1778/2060/2008 1114/1268/1220 1113/1263/1213
f 1779/2061/2009 1120/1266/1218 1114/1268/1220
f 1780/2062/2010 1108/698/637 1120/1266/1218
f 1097/709/648 1778/2060/2008 1776/627/574
f 1100/2045/1993 1779/2061/2009 1778/2060/2008
f 1099/2047/1995 1780/2062/2010 1779/2061/2009
f 1098/2049/1997 1777/696/635 1780/2062/2010
f 1066/616/563 1783/2063/2011 1068/2012/1960
f 1068/2012/1960 1784/2064/2012 1069/2013/1961
f 1069/2013/1961 1785/2065/2013 1070/2014/1962
f 1070/2014/1962 1782/691/630 1067/652/596
f 1781/637/582 1135/2066/2014 1783/2063/2011
f 1783/2063/2011 1136/2067/2015 1784/2064/2012
f 1784/2064/2012 1137/2068/2016 1785/2065/2013
f 1785/2065/2013 1134/658/601 1782/691/630
f 1129/639/584 1788/2069/2017 1132/2070/2018
f 1132/2070/2018 1789/2071/2019 1131/2072/2020
f 1131/2072/2020 1790/2073/2021 1130/2074/2022
f 1130/2074/2022 1787/643/587 1128/642/586
f 1786/610/557 1060/2016/1964 1788/2069/2017
f 1788/2069/2017 1059/2018/1966 1789/2071/2019
f 1789/2071/2019 1058/2020/1968 1790/2073/2021
f 1790/2073/2021 1056/634/581 1787/643/587
f 1791/650/594 1146/1271/1224 1143/703/642
f 1793/2075/2023 1147/1280/1233 1146/1271/1224
f 1794/2076/2024 1154/1276/1229 1147/1280/1233
f 1795/2077/2025 1144/1277/1230 1154/1276/1229
f 1138/646/590 1793/2075/2023 1791/650/594
f 1140/2078/2026 1794/2076/2024 1793/2075/2023
f 1141/2079/2027 1795/2077/2025 1794/2076/2024
f 1142/2080/2028 1792/678/618 1795/2077/2025
f 1133/638/583 1798/2081/2029 1135/2066/2014
f 1135/2066/2014 1799/2082/2030 1136/2067/2015
f 1136/2067/2015 1800/2083/2031 1137/2068/2016
f 1137/2068/2016 1797/677/617 1134/658/601
f 1796/644/588 1157/1283/1237 1798/2081/2029
f 1798/2081/2029 1153/1278/1231 1799/2082/2030
f 1799/2082/2030 1152/1275/1228 1800/2083/2031
f 1800/2083/2031 1144/1277/1230 1797/677/617
f 1138/646/590 1803/2084/2032 1140/2078/2026
f 1140/2078/2026 1804/2085/2033 1141/2079/2027
f 1141/2079/2027 1805/2086/2034 1142/2080/2028
f 1142/2080/2028 1802/676/616 1139/675/615
f 1801/640/585 1132/2070/2018 1803/2084/2032
f 1803/2084/2032 1131/2072/2020 1804/2085/2033
f 1804/2085/2033 1130/2074/2022 1805/2086/2034
f 1805/2086/2034 1128/642/586 1802/676/616
f 1145/645/589 1808/2087/2035 1148/2088/1238
f 1148/1270/1223 1807/700/639 1143/703/642
f 1806/595/545 1042/1242/2036 1808/2087/2035
f 1808/2089/2037 1039/701/640 1807/700/639
f 1004/576/526 1811/2090/2038 1015/2091/1178
f 1811/2092/2039 1002/2093/2040 1015/1214/2041
f 1809/575/525 1115/1262/1212 1811/2090/2038
f 1115/2094/2042 1810/662/2043 1811/2092/2039
f 509/1574/2044 510/2095/2044 1812/1575/2044
f 485/1559/2045 484/2096/817 1816/1557/816
f 444/822/765 440/817/2046 1813/816/2047
f 434/1554/2048 433/807/2049 435/2097/2049
f 454/1542/2050 1814/830/2050 452/2098/2051
f 441/1541/1486 442/2099/1493 1813/1539/2052
f 216/10/8 24/76/67 114/11/9
f 212/18/15 1216/162/141 102/19/16
f 1191/30/26 105/96/85 19/31/27
f 10/73/65 312/188/165 1266/74/66
f 24/76/67 322/125/110 1260/77/68
f 336/78/69 8/95/65 98/79/65
f 15/83/73 103/87/77 1245/84/74
f 15/83/73 332/85/75 1255/86/76
f 103/87/77 14/20/17 316/88/78
f 1261/94/84 97/75/65 8/95/65
f 18/41/37 351/102/90 1270/98/87
f 23/38/34 347/185/163 1290/99/88
f 1276/80/70 98/79/65 11/100/65
f 113/50/45 1285/104/92 351/102/90
f 25/103/91 374/187/164 1285/104/92
f 115/45/40 1290/99/88 357/105/93
f 306/106/94 1251/140/123 96/107/65
f 14/20/17 102/19/16 1295/109/95
f 102/19/16 13/60/54 383/110/96
f 100/113/65 12/132/65 378/114/99
f 13/60/54 110/59/53 1310/116/101
f 110/59/53 1320/67/61 395/117/102
f 1166/119/104 212/18/15 14/20/17
f 7/108/65 96/107/65 1246/123/108
f 109/22/19 1255/86/76 322/125/110
f 96/107/65 9/141/65 331/126/111
f 384/130/115 1311/149/131 101/131/65
f 237/32/28 19/31/27 117/90/80
f 97/75/65 1266/74/66 342/138/121
f 226/21/18 1166/119/104 103/87/77
f 1251/140/123 326/190/167 9/141/65
f 26/34/30 311/91/81 1240/142/124
f 101/131/65 1306/150/132 389/147/129
f 1311/149/131 394/780/724 1306/150/132
f 11/100/65 352/179/158 1286/156/136
f 95/160/65 1256/161/140 331/126/111
f 10/73/65 321/181/160 1256/161/140
f 7/108/65 100/113/65 1301/115/100
f 1296/166/145 384/130/115 12/132/65
f 1291/171/150 99/157/137 1281/172/151
f 99/157/137 1286/156/136 373/174/153
f 12/132/65 101/131/65 1316/148/130
f 98/79/65 1271/182/161 352/179/158
f 321/181/160 10/73/65 97/75/65
f 8/95/65 342/138/121 1271/182/161
f 108/36/32 1275/93/83 347/185/163
f 312/188/165 10/73/65 95/160/65
f 1241/189/166 95/160/65 9/141/65
f 346/101/89 11/100/65 99/157/137
f 317/124/109 1296/166/145 100/113/65
f 457/193/170 1393/338/313 130/194/171
f 503/196/173 1477/199/176 136/197/174
f 1477/199/176 727/1117/1064 1433/200/177
f 711/201/178 1434/326/301 131/202/179
f 1429/203/180 131/202/179 1439/212/189
f 447/214/191 1363/313/289 124/215/192
f 1404/220/197 132/333/308 1409/221/198
f 27/226/203 532/259/235 1346/227/204
f 1359/235/212 411/795/742 1444/236/213
f 33/238/215 550/300/276 1332/239/216
f 34/195/172 130/194/171 1337/241/217
f 412/243/219 28/272/248 122/244/220
f 457/193/170 34/195/172 128/254/230
f 447/214/191 29/216/193 123/256/232
f 27/226/203 122/244/220 1326/258/234
f 34/195/172 530/242/218 1327/260/236
f 35/266/242 569/267/243 1337/241/217
f 35/266/242 129/240/179 1332/239/216
f 28/272/248 123/256/232 1341/273/249
f 29/216/193 513/279/255 1341/273/249
f 489/278/254 1383/255/231 128/254/230
f 29/216/193 124/215/192 1346/227/204
f 1389/198/175 136/197/174 1459/282/258
f 28/272/248 548/274/250 1326/258/234
f 568/298/274 1349/249/225 121/299/275
f 33/238/215 128/254/230 1327/260/236
f 1459/282/258 136/197/174 1433/200/177
f 120/237/214 1444/236/213 605/304/280
f 437/312/288 27/226/203 124/215/192
f 1359/235/212 120/237/214 1449/314/290
f 120/237/214 1403/305/281 621/316/292
f 489/278/254 33/238/215 129/240/179
f 504/325/300 1388/324/299 129/240/179
f 1439/212/189 131/202/179 1434/326/301
f 412/243/219 1358/257/233 123/256/232
f 437/312/288 1354/245/221 122/244/220
f 1409/221/198 132/333/308 1398/330/305
f 604/332/307 1398/330/305 132/333/308
f 504/325/300 35/266/242 130/194/171
f 758/351/324 59/417/383 166/352/325
f 1501/353/326 166/352/325 57/369/340
f 773/370/341 57/369/340 160/377/348
f 1516/378/349 160/377/348 58/379/350
f 783/380/351 58/379/350 167/386/356
f 1531/387/357 167/386/356 1643/388/358
f 1541/395/364 743/357/329 51/358/330
f 158/347/322 55/346/321 869/412/379
f 45/414/381 854/527/482 1586/415/382
f 59/417/383 864/466/427 1580/418/384
f 878/419/385 43/436/381 150/420/386
f 156/396/365 51/358/330 849/422/388
f 50/424/390 155/428/394 1565/425/391
f 50/424/390 874/426/392 1575/427/393
f 155/428/394 49/361/333 858/429/395
f 168/430/396 1560/483/440 869/412/379
f 57/369/340 879/496/452 1595/434/400
f 1581/435/401 149/416/381 43/436/381
f 58/379/350 889/525/480 1610/440/405
f 1596/421/387 150/420/386 46/441/386
f 167/386/356 1610/440/405 899/446/410
f 848/447/411 1571/481/439 148/448/381
f 49/361/333 154/360/332 1615/450/412
f 164/404/373 52/398/367 921/452/414
f 152/454/381 47/473/381 920/455/416
f 56/406/375 164/404/373 1635/453/415
f 42/449/381 148/448/381 1566/464/425
f 1496/364/336 161/363/335 59/417/383
f 161/363/335 1575/427/393 864/466/427
f 148/448/381 44/482/381 873/467/428
f 51/358/330 158/347/322 1570/413/380
f 926/471/431 1631/490/447 153/472/381
f 149/416/381 1586/415/382 884/479/437
f 1571/481/439 868/529/484 44/482/381
f 153/472/381 1626/491/448 931/488/445
f 1631/490/447 936/1201/1150 1626/491/448
f 166/352/325 1580/418/384 879/496/452
f 46/441/386 894/520/475 1606/497/453
f 147/501/381 1576/502/457 873/467/428
f 45/414/381 863/522/477 1576/502/457
f 42/449/381 152/454/381 1621/456/417
f 1616/507/462 926/471/431 47/473/381
f 1611/512/467 151/498/454 1601/513/468
f 151/498/454 1606/497/453 915/515/470
f 52/398/367 156/396/365 1620/423/389
f 47/473/381 153/472/381 1636/489/446
f 150/420/386 1591/523/478 894/520/475
f 863/522/477 45/414/381 149/416/381
f 43/436/381 884/479/437 1591/523/478
f 160/377/348 1595/434/400 889/525/480
f 854/527/482 45/414/381 147/501/381
f 1561/528/483 147/501/381 44/482/381
f 888/442/406 46/441/386 151/498/454
f 859/465/426 1616/507/462 152/454/381
f 333/1423/1373 331/126/111 1256/161/140
f 1263/1442/1392 1264/1444/1394 338/1443/1393
f 1264/1444/1394 1261/94/84 336/78/69
f 1268/1446/1396 1269/1447/1397 315/1417/1367
f 355/1456/1406 352/179/158 1271/182/161
f 1293/1474/1423 1294/1475/1424 370/769/711
f 320/1426/1376 1299/1478/1427 1296/166/145
f 1297/1476/1425 385/1479/1428 386/1480/1429
f 1299/1478/1427 387/1481/1430 384/130/115
f 1319/1499/1448 380/1487/1436 378/114/99
f 532/259/235 1326/258/234 1328/1509/1457
f 544/938/879 1328/1509/1457 1329/1510/1458
f 1329/1510/1458 1330/1511/1459 535/925/866
f 1330/1511/1459 1327/260/236 530/242/218
f 1328/1509/1457 553/945/885 563/948/888
f 563/948/888 562/956/896 1330/1511/1459
f 562/956/896 550/300/276 1327/260/236
f 564/957/897 1335/1513/1461 1332/239/216
f 1336/287/263 1338/1516/1463 576/1515/909
f 1339/1518/1465 1337/241/217 569/267/243
f 1338/1516/1463 541/932/873 534/936/877
f 1344/1523/1470 1341/273/249 513/279/255
f 1348/1528/1473 1346/227/204 532/259/235
f 1348/1528/1473 515/904/843 513/279/255
f 1813/1539/1484 1356/1538/1482 1357/1540/1485
f 423/801/747 412/243/219 1354/245/221
f 1358/257/233 1360/1543/1488 454/1542/1487
f 1360/1543/1488 1361/1544/1490 1814/830/1489
f 1361/1544/1490 1362/1545/1491 449/826/768
f 1362/1545/1491 1359/235/212 445/315/291
f 1360/1543/1488 423/802/747 419/796/743
f 1362/1545/1491 418/793/740 411/795/742
f 1363/313/289 447/214/191 454/1550/1487
f 1365/1547/1492 454/1550/1487 452/835/1497
f 1386/1569/1517 1387/1570/1519 459/840/782
f 1388/324/299 1390/1571/1521 496/883/1520
f 1391/1572/1522 1392/1573/1523 501/889/828
f 1392/1573/1523 1389/198/175 490/283/259
f 1390/1571/1521 509/1574/1524 1812/1575/1525
f 1391/1572/1522 1812/1575/1525 506/892/1526
f 1392/1573/1523 506/892/1526 503/196/173
f 1395/1577/1527 1396/1578/1529 510/902/1528
f 1393/338/313 457/193/170 462/1580/1515
f 1405/1585/1535 1406/1586/1536 625/1024/969
f 1406/1586/1536 1407/1587/1537 632/1020/966
f 605/304/280 618/1010/955 1405/1585/1535
f 618/1010/955 612/1005/951 1406/1586/1536
f 612/1005/951 611/1002/949 1407/1587/1537
f 611/1002/949 604/1004/307 1404/1588/197
f 710/301/277 1433/200/177 1435/1609/1553
f 718/1109/1058 1436/1610/1554 1437/1611/1555
f 724/1113/1062 1437/1611/1555 1434/1612/301
f 1435/1609/1553 732/1119/1066 740/1123/1070
f 851/1793/1748 1573/1792/1747 1574/1794/1749
f 875/1786/1741 873/467/428 1576/502/457
f 864/466/427 867/1796/1751 1582/1803/1758
f 1589/1810/1765 1586/415/382 854/527/482
f 882/1802/1757 881/1804/1759 1598/1823/1778
f 1610/440/405 1612/1835/1790 905/1187/1132
f 1614/1837/1792 1611/512/467 900/514/469
f 1617/1838/1793 927/1841/1796 928/1842/1797
f 1618/1839/1794 928/1842/1797 929/1843/1798
f 922/1849/1804 1624/1848/1803 1621/456/417
f 1220/1/1 93/70/2 1/2/2
f 1171/4/4 221/180/159 20/5/5
f 89/7/2 1165/61/55 227/8/7
f 4/13/2 90/43/2 1185/14/11
f 201/16/13 1171/4/4 106/6/6
f 226/21/18 15/83/73 109/22/19
f 3/9/2 88/27/2 1160/24/21
f 1175/26/23 217/158/138 4/13/2
f 1181/12/10 114/11/9 22/28/24
f 1186/33/29 117/90/80 26/34/30
f 231/29/25 22/28/24 108/36/32
f 1196/37/33 108/36/32 23/38/34
f 1206/40/36 113/50/45 18/41/37
f 90/43/2 2/154/2 236/44/39
f 241/39/35 23/38/34 115/45/40
f 1211/46/41 115/45/40 1323/47/42
f 268/49/44 25/103/91 113/50/45
f 91/51/2 5/151/2 246/52/46
f 1221/54/48 201/16/13 16/17/14
f 273/56/50 1221/54/48 104/55/49
f 279/58/52 1231/66/60 110/59/53
f 1/2/2 211/191/168 1165/61/55
f 1236/62/56 273/56/50 17/57/51
f 284/64/58 1236/62/56 112/63/57
f 1231/66/60 289/745/683 1320/67/61
f 6/68/2 278/128/113 1215/69/62
f 106/6/6 20/5/5 327/71/63
f 104/55/49 16/17/14 307/81/71
f 116/89/79 1240/142/124 327/71/63
f 117/90/80 1265/92/82 311/91/81
f 19/31/27 341/97/86 1265/92/82
f 22/28/24 337/155/135 1275/93/83
f 105/96/85 1270/98/87 341/97/86
f 112/63/57 17/57/51 379/111/97
f 21/65/59 112/63/57 1315/112/98
f 1226/120/105 284/64/58 21/65/59
f 107/121/106 21/65/59 388/118/103
f 227/8/7 1175/26/23 88/27/2
f 1176/23/20 109/22/19 24/76/67
f 94/127/112 1230/144/126 278/128/113
f 202/3/3 1/2/2 89/7/2
f 16/17/14 106/6/6 1250/72/64
f 1201/133/116 251/716/655 1324/134/117
f 111/135/118 1324/134/117 356/136/119
f 207/35/31 26/34/30 116/89/79
f 1225/143/125 290/1400/692 1230/144/126
f 283/145/127 1225/143/125 94/127/112
f 5/151/2 92/167/146 1205/152/133
f 1180/153/134 232/159/139 2/154/2
f 114/11/9 1260/77/68 337/155/135
f 217/158/138 1180/153/134 90/43/2
f 232/159/139 1195/184/162 91/51/2
f 1216/162/141 279/58/52 13/60/54
f 1353/163/142 137/208/185 1443/164/143
f 92/167/146 1200/170/149 269/168/147
f 1210/169/148 252/725/664 1200/170/149
f 1226/120/105 107/121/106 1321/175/154
f 274/177/156 6/68/2 93/70/2
f 17/57/51 104/55/49 1300/82/72
f 107/121/106 1305/122/107 393/178/157
f 247/42/38 18/41/37 105/96/85
f 1235/146/128 94/127/112 6/68/2
f 2/154/2 91/51/2 1190/53/47
f 1161/139/122 116/89/79 20/5/5
f 1201/183/116 111/186/118 25/103/91
f 1195/184/162 242/192/169 5/151/2
f 111/186/118 1280/2100/120 374/187/164
f 1170/129/114 89/7/2 3/9/2
f 88/27/2 4/13/2 206/15/12
f 93/70/2 1215/69/62 211/191/168
f 242/192/169 1210/169/148 92/167/146
f 480/204/181 32/231/208 127/205/182
f 436/207/184 1467/280/256 137/208/185
f 1455/209/186 674/1064/1014 1419/210/187
f 1368/217/194 135/225/202 1452/218/195
f 1472/223/200 639/1030/977 1414/224/201
f 31/228/205 127/205/182 1350/229/206
f 32/231/208 200/297/273 1350/229/206
f 438/232/209 1364/246/222 134/233/210
f 1364/246/222 446/831/774 1448/247/223
f 1345/248/224 121/299/275 1349/249/225
f 30/251/227 125/276/252 1331/252/228
f 467/261/237 1373/271/247 138/211/188
f 1379/263/239 426/808/751 1453/264/240
f 481/268/244 1379/263/239 119/265/241
f 479/270/246 1455/209/186 138/211/188
f 427/275/251 31/228/205 125/276/252
f 1467/280/256 585/978/919 1399/281/257
f 1394/284/260 456/845/788 1464/285/261
f 1336/287/263 121/299/275 1345/248/224
f 1394/284/260 139/286/262 1476/289/265
f 488/291/267 1460/328/303 118/292/268
f 30/251/227 549/253/229 1340/294/270
f 31/228/205 567/230/207 1331/252/228
f 465/296/272 1472/223/200 135/225/202
f 32/231/208 126/295/271 1340/294/270
f 139/286/262 1438/303/279 728/302/278
f 1464/285/261 694/1095/1043 1438/303/279
f 1468/234/211 134/233/210 1408/306/282
f 134/233/210 1448/247/223 623/308/284
f 1453/264/240 659/1059/1006 1423/309/285
f 138/211/188 1419/210/187 640/310/286
f 119/265/241 1423/309/285 675/311/287
f 137/208/185 1399/281/257 603/317/293
f 427/275/251 1378/206/183 127/205/182
f 466/318/294 1369/277/253 125/276/252
f 641/319/295 1418/335/310 133/320/252
f 1413/321/296 133/320/252 1424/322/297
f 1460/328/303 709/1101/1050 1428/329/304
f 466/318/294 30/251/227 126/295/271
f 480/204/181 1374/334/309 126/295/271
f 1424/322/297 133/320/252 1418/335/310
f 135/225/202 1414/224/201 657/337/312
f 1384/293/269 118/292/268 1465/339/314
f 118/292/268 1428/329/304 692/341/316
f 1540/342/317 145/411/318 36/343/318
f 1491/345/320 763/521/476 55/346/321
f 141/348/318 1485/402/371 769/349/323
f 39/354/318 142/384/318 1505/355/327
f 743/357/329 1491/345/320 158/347/322
f 754/359/331 1536/503/458 154/360/332
f 768/362/334 50/424/390 161/363/335
f 38/350/318 140/368/318 1480/365/337
f 1495/367/339 759/499/455 39/354/318
f 1511/371/342 157/437/402 54/372/343
f 1506/374/345 169/431/397 61/375/346
f 1526/381/352 165/391/361 53/382/353
f 142/384/318 37/495/318 778/385/355
f 810/390/360 60/444/408 165/391/361
f 143/392/318 40/492/449 788/393/362
f 815/397/366 1541/395/364 156/396/365
f 821/399/368 1551/407/376 162/400/369
f 36/343/318 753/530/485 1485/402/371
f 1556/403/372 815/397/366 52/398/367
f 826/405/374 1556/403/372 164/404/373
f 1551/407/376 831/2101/1110 1640/408/377
f 41/409/318 820/469/429 1535/410/378
f 169/431/397 1585/433/399 853/432/398
f 54/372/343 883/438/403 1585/433/399
f 157/437/402 1590/439/404 883/438/403
f 53/382/353 893/443/407 1590/439/404
f 165/391/361 1605/445/409 893/443/407
f 60/444/408 916/526/481 1605/445/409
f 154/360/332 48/401/370 925/451/413
f 48/401/370 162/400/369 1630/457/418
f 162/400/369 1640/408/377 937/458/419
f 1486/460/421 754/359/331 49/361/333
f 1546/461/422 826/405/374 56/406/375
f 159/462/423 56/406/375 930/459/420
f 769/349/323 1495/367/339 140/368/318
f 146/468/318 1550/485/442 820/469/429
f 744/344/319 36/343/318 141/348/318
f 779/373/344 54/372/343 169/431/397
f 1521/474/432 793/1135/1082 1644/475/433
f 163/476/434 1644/475/433 898/477/435
f 749/376/347 61/375/346 168/430/396
f 768/362/334 1486/460/421 155/428/394
f 61/375/346 853/432/398 1560/483/440
f 1545/484/441 832/1174/1119 1550/485/442
f 825/486/443 1545/484/441 146/468/318
f 40/492/449 144/508/463 1525/493/450
f 1500/494/451 774/500/456 37/495/318
f 759/499/455 1500/494/451 142/384/318
f 774/500/456 1515/524/479 143/392/318
f 1536/503/458 821/399/368 48/401/370
f 1706/504/459 175/598/460 62/505/460
f 144/508/463 1520/511/466 811/509/464
f 1530/510/465 794/1144/1091 1520/511/466
f 1546/461/422 159/462/423 1641/516/471
f 816/518/473 41/409/318 145/411/318
f 159/462/423 1625/463/424 935/519/474
f 789/383/354 53/382/353 157/437/402
f 1555/487/444 146/468/318 41/409/318
f 37/495/318 143/392/318 1510/394/363
f 1481/480/438 168/430/396 55/346/321
f 1521/474/432 163/476/434 60/444/408
f 1515/524/479 784/531/486 40/492/449
f 163/476/434 1600/478/436 916/526/481
f 1490/470/430 141/348/318 38/350/318
f 140/368/318 39/354/318 748/356/328
f 145/411/318 1535/410/378 753/530/485
f 784/531/486 1530/510/465 144/508/463
f 1657/532/487 972/705/644 81/533/488
f 171/535/460 1651/589/539 978/536/490
f 967/538/491 85/604/551 196/539/492
f 65/541/460 172/571/460 1671/542/494
f 952/544/496 1657/532/487 188/534/489
f 963/546/498 1702/690/629 184/547/499
f 977/549/501 76/611/558 191/550/502
f 64/537/460 170/555/460 1646/552/504
f 1661/554/506 968/686/626 65/541/460
f 1667/540/493 196/539/492 83/556/507
f 1677/558/509 187/624/571 80/559/510
f 1672/561/512 199/618/565 87/562/513
f 982/557/508 83/556/507 190/564/515
f 1682/565/516 190/564/515 84/566/517
f 1692/568/519 195/578/528 79/569/520
f 172/571/460 63/682/622 987/572/522
f 992/567/518 84/566/517 197/573/523
f 1697/574/524 197/573/523 1809/575/525
f 1019/577/527 86/631/578 195/578/528
f 173/579/529 66/679/619 997/580/530
f 1707/582/532 952/544/496 77/545/497
f 1024/584/534 1707/582/532 186/583/533
f 1030/586/536 1717/594/544 192/587/537
f 62/505/460 962/714/653 1651/589/539
f 1722/590/540 1024/584/534 78/585/535
f 1035/592/542 1722/590/540 194/591/541
f 1717/594/544 1040/1240/1190 1806/595/545
f 67/596/460 1029/656/599 1701/597/546
f 188/534/489 81/533/488 1077/599/547
f 71/601/549 1062/711/650 1752/602/550
f 85/604/551 1072/653/597 1746/605/552
f 1086/606/553 69/623/570 180/607/554
f 186/583/533 77/545/497 1057/609/556
f 76/611/558 185/615/562 1731/612/559
f 76/611/558 1082/613/560 1741/614/561
f 185/615/562 75/548/500 1066/616/563
f 198/617/564 1726/670/610 1077/599/547
f 199/618/565 1751/620/567 1061/619/566
f 80/559/510 1091/625/572 1751/620/567
f 83/556/507 1087/683/623 1761/621/568
f 1747/622/569 179/603/549 69/623/570
f 187/624/571 1756/626/573 1091/625/572
f 79/569/520 1101/630/577 1756/626/573
f 84/566/517 1097/709/648 1776/627/574
f 1762/608/555 180/607/554 72/628/575
f 195/578/528 1771/632/579 1101/630/577
f 86/631/578 1124/710/649 1771/632/579
f 197/573/523 1776/627/574 1107/633/580
f 1056/634/581 1737/668/609 178/635/549
f 75/548/500 184/547/499 1781/637/582
f 184/547/499 74/588/538 1133/638/583
f 194/591/541 78/585/535 1129/639/584
f 182/641/549 73/660/549 1128/642/586
f 74/588/538 192/587/537 1796/644/588
f 192/587/537 1806/595/545 1145/645/589
f 82/593/543 194/591/541 1801/640/585
f 1652/647/591 963/546/498 75/548/500
f 1712/648/592 1035/592/542 82/593/543
f 189/649/593 82/593/543 1138/646/590
f 68/636/549 178/635/549 1732/651/595
f 978/536/490 1661/554/506 170/555/460
f 1662/551/503 191/550/502 85/604/551
f 191/550/502 1741/614/561 1072/653/597
f 178/635/549 70/669/549 1081/654/598
f 176/655/460 1716/672/612 1029/656/599
f 953/506/461 62/505/460 171/535/460
f 77/545/497 188/534/489 1736/600/548
f 1134/658/601 1797/677/617 183/659/549
f 988/560/511 80/559/510 199/618/565
f 1687/661/602 1002/2093/2053 1810/662/603
f 193/663/604 1810/662/603 1106/664/605
f 179/603/549 1752/602/550 1092/666/607
f 958/563/514 87/562/513 198/617/564
f 977/549/501 1652/647/591 185/615/562
f 1737/668/609 1076/713/652 70/669/549
f 87/562/513 1061/619/566 1726/670/610
f 1711/671/611 1041/1248/1200 1716/672/612
f 1034/673/613 1711/671/611 176/655/460
f 183/659/549 1792/678/618 1139/675/615
f 1797/677/617 1144/1277/1230 1792/678/618
f 66/679/619 174/692/631 1691/680/620
f 1666/681/621 983/687/627 63/682/622
f 196/539/492 1746/605/552 1087/683/623
f 72/628/575 1102/704/643 1772/684/624
f 968/686/626 1666/681/621 172/571/460
f 983/687/627 1681/708/647 173/579/529
f 177/688/549 1742/689/628 1081/654/598
f 71/601/549 1071/706/645 1742/689/628
f 1702/690/629 1030/586/536 74/588/538
f 68/636/549 182/641/549 1787/643/587
f 1782/691/630 1134/658/601 73/660/549
f 174/692/631 1686/695/634 1020/693/632
f 1696/694/633 1003/1951/1171 1686/695/634
f 1777/696/635 181/685/625 1767/697/636
f 181/685/625 1772/684/624 1123/699/638
f 1712/648/592 189/649/593 1807/700/639
f 1025/702/641 67/596/460 175/598/460
f 78/585/535 186/583/533 1786/610/557
f 189/649/593 1791/650/594 1143/703/642
f 998/570/521 79/569/520 187/624/571
f 1721/674/614 176/655/460 67/596/460
f 73/660/549 183/659/549 1802/676/616
f 180/607/554 1757/707/646 1102/704/643
f 63/682/622 173/579/529 1676/581/531
f 1647/667/608 198/617/564 81/533/488
f 1071/706/645 71/601/549 179/603/549
f 69/623/570 1092/666/607 1757/707/646
f 1687/661/602 193/663/604 86/631/578
f 1681/708/647 993/715/654 66/679/619
f 190/564/515 1761/621/568 1097/709/648
f 193/663/604 1766/665/606 1124/710/649
f 1656/657/600 171/535/460 64/537/460
f 170/555/460 65/541/460 957/543/495
f 1062/711/650 71/601/549 177/688/549
f 1727/712/651 177/688/549 70/669/549
f 175/598/460 1701/597/546 962/714/653
f 993/715/654 1696/694/633 174/692/631
f 1096/629/576 72/628/575 181/685/625
f 1067/652/596 1782/691/630 182/641/549
f 251/716/655 254/719/658 256/717/656
f 254/719/658 255/730/667 257/720/659
f 256/717/656 257/720/659 258/722/661
f 259/723/662 262/729/666 261/724/663
f 260/726/665 263/736/668 262/727/666
f 262/729/666 257/720/659 255/730/667
f 263/731/668 258/722/661 257/720/659
f 253/48/43 264/1505/671 266/732/669
f 265/733/670 266/732/669 263/736/673
f 266/732/669 267/735/2054 258/737/675
f 288/176/155 291/740/678 293/738/676
f 291/740/678 298/1503/2055 294/741/679
f 292/739/677 293/738/676 305/742/680
f 293/738/676 294/741/679 295/744/682
f 289/745/683 296/748/686 299/746/684
f 296/748/686 297/754/1354 300/749/687
f 299/746/684 300/749/687 295/744/689
f 301/750/690 304/753/693 303/751/691
f 302/743/681 305/742/680 304/753/693
f 304/753/693 300/749/695 297/754/694
f 305/742/680 295/744/682 300/749/695
f 356/136/119 359/1508/698 361/755/696
f 360/760/697 361/759/696 372/761/700
f 361/759/696 362/758/699 363/763/702
f 357/105/93 364/766/705 366/764/703
f 364/766/705 365/771/713 367/767/706
f 366/764/703 367/767/706 363/763/708
f 368/768/710 371/770/712 370/769/711
f 369/762/701 372/761/714 371/770/712
f 371/770/712 367/767/706 365/771/713
f 372/761/714 363/763/708 367/767/706
f 393/178/157 396/774/717 398/772/715
f 396/774/717 397/783/727 399/775/718
f 398/772/715 399/775/718 400/777/720
f 401/778/722 404/782/726 403/779/723
f 402/781/725 405/784/728 404/782/726
f 404/782/726 399/775/729 397/783/727
f 405/784/728 400/777/734 399/775/729
f 395/117/102 406/1501/732 408/785/730
f 407/786/731 408/785/730 405/784/728
f 408/785/730 409/776/733 400/777/734
f 413/788/735 416/791/738 415/789/736
f 416/791/738 417/2102/745 422/792/739
f 418/793/740 421/797/744 420/794/741
f 419/796/743 417/2103/745 421/797/744
f 421/797/744 416/799/738 414/790/737
f 422/792/739 417/2102/745 424/800/746
f 424/800/746 417/2103/745 419/796/743
f 431/810/754 432/809/757 429/811/755
f 432/809/757 433/2104/2056 430/813/758
f 451/832/780 1814/836/773 450/838/772
f 458/839/781 460/842/2057 459/840/782
f 459/840/785 460/842/2058 464/843/786
f 463/848/791 1815/844/1518 464/843/792
f 468/850/794 478/853/797 470/851/795
f 472/857/801 471/2105/800 474/858/802
f 475/862/805 478/864/797 477/863/806
f 478/864/797 471/2105/800 472/857/801
f 491/876/818 494/879/821 493/877/819
f 497/884/825 495/882/823 492/878/820
f 499/888/827 502/890/829 501/889/828
f 500/881/822 494/880/821 502/890/829
f 502/890/829 494/880/821 495/882/823
f 506/892/830 512/895/2059 507/893/831
f 506/892/833 1812/901/2060 508/894/834
f 515/904/843 518/907/846 517/905/844
f 516/906/845 519/909/848 518/907/846
f 518/907/846 529/910/849 526/908/847
f 514/250/226 520/1531/852 523/911/850
f 520/913/852 521/922/1476 524/914/853
f 522/912/851 523/911/850 519/916/854
f 523/911/856 524/2106/2061 529/918/857
f 525/919/859 528/921/861 527/920/860
f 526/908/847 529/910/863 528/921/861
f 528/921/861 524/914/864 521/922/862
f 533/924/865 536/927/868 535/925/866
f 534/926/867 537/929/2062 536/927/868
f 536/927/868 538/930/871 545/928/869
f 531/288/264 539/933/874 542/931/872
f 539/933/874 540/1525/1472 543/934/875
f 541/932/873 542/931/872 537/935/876
f 542/931/872 543/934/875 538/937/878
f 544/938/879 547/940/881 546/939/880
f 545/928/869 538/930/871 547/940/881
f 547/940/881 543/943/2063 540/941/882
f 551/944/884 554/947/887 553/945/885
f 552/946/886 555/955/895 554/947/887
f 554/947/887 566/950/890 563/948/888
f 554/947/887 555/955/895 556/949/889
f 557/951/891 560/954/894 559/952/892
f 558/953/893 561/959/899 560/954/894
f 560/954/894 555/955/895 552/946/886
f 560/954/894 561/959/899 556/949/889
f 562/956/896 565/958/898 564/957/897
f 563/948/888 566/950/890 565/958/898
f 565/958/898 561/959/899 558/953/893
f 565/958/898 566/950/890 556/949/889
f 570/960/900 573/963/903 572/961/901
f 571/962/902 574/965/2064 573/963/903
f 573/963/903 575/966/906 582/964/904
f 568/298/274 576/1515/909 579/967/907
f 576/969/909 577/977/1464 580/970/910
f 578/972/908 579/971/907 574/965/911
f 579/971/907 580/970/910 575/973/913
f 581/974/914 584/976/916 583/975/915
f 582/964/904 575/966/906 584/976/916
f 584/976/916 580/970/2065 577/977/917
f 585/978/919 588/1639/922 590/979/920
f 589/980/921 590/979/920 602/983/924
f 590/979/920 591/982/923 592/985/926
f 586/307/283 593/988/929 596/986/927
f 593/988/929 594/994/939 597/989/930
f 595/987/931 596/986/2066 591/982/932
f 596/986/927 597/989/930 592/985/934
f 598/990/936 601/993/938 600/991/937
f 599/984/925 602/983/940 601/993/938
f 601/993/938 597/989/941 594/994/939
f 602/983/940 592/985/2067 597/989/941
f 606/995/942 609/998/945 608/996/943
f 607/997/944 610/1008/947 609/998/945
f 609/998/945 620/1001/948 617/999/946
f 611/1002/949 614/1006/952 613/1003/950
f 612/1005/951 615/1007/953 614/1006/952
f 614/1006/952 610/1008/947 607/997/944
f 616/1009/954 619/1011/956 618/1010/955
f 617/999/946 620/1001/948 619/1011/956
f 619/1011/956 615/1007/953 612/1005/951
f 620/1001/948 610/1000/947 615/1007/953
f 621/316/292 624/1014/959 627/1012/957
f 624/1014/959 625/1024/969 628/1015/960
f 626/1013/961 627/1012/957 638/1016/962
f 627/1012/957 628/1015/960 629/1018/964
f 630/1019/965 633/1023/968 632/1020/966
f 631/1022/967 634/1025/970 633/1023/968
f 633/1023/968 628/1015/960 625/1024/969
f 634/1025/970 629/1018/964 628/1015/960
f 623/308/284 635/1621/973 637/1026/971
f 636/1027/972 637/1026/971 634/1025/970
f 637/1026/971 638/1016/974 629/1018/964
f 642/1028/975 645/1032/979 644/1029/976
f 643/1031/978 646/1034/981 645/1032/979
f 645/1032/979 656/1035/982 653/1033/980
f 647/1036/983 650/1039/986 649/1037/984
f 648/1038/985 651/1040/987 650/1039/986
f 650/1039/986 646/1034/981 643/1031/978
f 651/1040/987 656/1045/982 646/1034/981
f 652/1041/988 655/1044/990 654/1042/989
f 653/1033/980 656/1035/982 655/1044/990
f 655/1044/990 651/1040/987 648/1038/985
f 657/337/312 660/1048/993 663/1046/991
f 660/1048/993 661/1058/1005 664/1049/994
f 663/1046/995 673/1052/999 671/1050/996
f 663/1046/995 664/1049/2068 665/1051/998
f 666/1053/1000 669/1057/1004 668/1054/1001
f 667/1056/1002 664/1063/1012 669/1057/1003
f 669/1057/1004 664/1049/994 661/1058/1005
f 659/1059/1006 670/1062/1575 673/1060/1007
f 672/1061/1008 673/1060/2069 664/1063/1012
f 674/1064/1014 677/1067/1577 679/1065/1015
f 677/1067/1017 684/1629/1579 680/1068/1018
f 678/1066/1016 679/1065/1015 691/1069/1019
f 679/1065/1015 680/1068/1018 681/1071/1021
f 675/311/287 682/1074/1024 685/1072/1022
f 682/1074/1024 683/1080/1030 686/1075/1025
f 685/1072/1022 686/1075/1025 681/1071/1021
f 687/1076/1027 690/1079/1029 689/1077/1028
f 688/1070/1020 691/1069/1019 690/1079/1029
f 690/1079/1029 686/1075/1025 683/1080/1030
f 691/1069/1019 681/1071/1021 686/1075/1025
f 692/341/316 695/1083/1033 697/1081/1031
f 695/1083/1033 696/1092/1041 698/1084/1034
f 697/1081/1031 698/1084/1034 699/1086/1036
f 700/1087/1037 703/1091/1040 702/1088/1038
f 701/1090/1039 704/1094/1042 703/1091/1040
f 703/1091/1040 698/1084/1034 696/1092/1041
f 704/1094/1042 699/1086/1036 698/1084/1034
f 694/1095/1043 705/1635/1046 707/1096/1044
f 706/1097/1045 707/1096/1044 704/1094/1042
f 707/1096/1044 708/1085/1047 699/1086/1036
f 712/1099/1048 715/1103/1052 714/1100/1049
f 713/1102/1051 716/1105/1054 715/1103/1052
f 715/1103/1052 726/1106/1055 723/1104/1053
f 716/1105/1054 721/1111/1060 726/1106/1055
f 717/1107/1056 720/1110/1059 719/1108/1057
f 718/1109/1058 721/1116/1060 720/1110/1059
f 720/1110/1059 716/1105/1054 713/1102/1051
f 722/1112/1061 725/1115/1063 724/1113/1062
f 723/1104/1053 726/1106/1055 725/1115/1063
f 725/1115/1063 721/1116/1060 718/1109/1058
f 727/1117/1064 730/1120/1067 733/1118/1065
f 732/1119/1066 733/1118/1065 738/1122/1069
f 728/302/278 735/1128/1074 733/1126/1072
f 735/1128/1074 736/1134/1081 738/1129/1075
f 739/1130/1077 742/1133/1080 741/1131/1078
f 740/1123/1070 738/1122/1069 742/1133/1079
f 742/1133/1080 738/1129/1075 736/1134/1081
f 793/1135/1082 796/1138/1085 798/1136/1083
f 796/1138/1085 797/1148/1094 799/1139/1086
f 798/1136/1083 799/1139/1086 800/1141/1088
f 801/1142/1089 804/1146/1093 803/1143/1090
f 802/1145/1092 805/1156/1095 804/1146/1093
f 804/1147/1093 799/1139/1086 797/1148/1094
f 805/1150/1095 800/1141/1088 799/1139/1086
f 795/1151/359 806/2107/1098 808/1152/1096
f 807/1153/1097 808/1152/1096 805/1156/1100
f 808/1152/1096 809/1155/2070 800/1157/1102
f 830/517/472 833/1867/1105 835/1158/1103
f 833/1160/1105 840/2108/2071 836/1161/1106
f 834/1159/1104 835/1158/1103 847/1163/1107
f 835/1162/1103 836/1161/1106 837/1165/1109
f 831/1167/1110 838/1170/1113 841/1168/1111
f 838/1170/1113 839/1177/1722 842/1171/1114
f 841/1168/1111 842/1171/1114 837/1165/1116
f 843/1172/1117 846/1176/1120 845/1173/1118
f 844/1175/1108 847/1166/1107 846/1176/1120
f 846/1176/1120 842/1171/1122 839/1177/1121
f 847/1166/1107 837/1165/1109 842/1171/1122
f 898/477/435 907/1872/1125 902/1178/1123
f 901/1179/1124 902/1178/1123 914/1182/1127
f 902/1178/1123 903/1181/2072 904/1184/1129
f 899/446/410 905/1187/1132 908/1185/1130
f 905/1187/1132 906/1192/1139 909/1188/1133
f 908/1185/1130 909/1188/1133 904/1184/1135
f 910/1189/1136 913/1191/1138 912/1190/1137
f 911/1183/1128 914/1182/1140 913/1191/1138
f 913/1191/1138 909/1188/1133 906/1192/1139
f 914/1182/1140 904/1184/1135 909/1188/1133
f 935/519/474 938/1195/1143 940/1193/1141
f 938/1195/1143 939/1204/1153 941/1196/1144
f 940/1193/1141 941/1196/1144 942/1198/1146
f 943/1199/1148 946/1203/1152 945/1200/1149
f 944/1202/1151 947/1205/1154 946/1203/1152
f 946/1203/1152 941/1196/1155 939/1204/1153
f 947/1205/1154 942/1198/1160 941/1196/1155
f 937/458/419 948/1863/1158 950/1206/1156
f 949/1207/1157 950/1206/1156 947/1205/1154
f 950/1206/1156 951/1197/1159 942/1198/1160
f 1002/1209/1161 1005/1212/1164 1007/1210/1162
f 1005/1212/1164 1006/1224/1174 1008/1213/1165
f 1007/1215/1162 1008/1227/1165 1009/1217/1167
f 1010/1218/1169 1013/1222/1173 1012/1219/1170
f 1011/1221/1172 1014/1226/1175 1013/1222/1173
f 1013/1223/1173 1008/1213/1165 1006/1224/1174
f 1014/1226/1175 1009/1217/1167 1008/1227/1165
f 1004/576/526 1015/2091/1178 1017/1228/1176
f 1016/1229/1177 1017/1228/1176 1014/1226/1180
f 1017/1228/1176 1018/1216/1179 1009/1217/1182
f 1039/1231/640 1042/2109/1185 1044/1232/1183
f 1043/1233/1184 1044/1232/1183 1055/1237/1187
f 1044/1232/1183 1045/2110/1186 1046/1239/1189
f 1040/1240/1190 1047/1243/1193 1049/1241/1191
f 1047/1243/1193 1048/1251/1940 1050/1244/1194
f 1049/1241/1191 1050/1244/1194 1046/1245/1196
f 1051/1246/1198 1054/1249/1201 1053/1247/1199
f 1052/1238/1188 1055/1237/1187 1054/1249/1201
f 1054/1250/1201 1050/1244/1203 1048/1251/1202
f 1055/1237/1187 1046/1239/1189 1050/1253/1203
f 1106/664/605 1115/2094/1206 1110/1254/1204
f 1109/1255/1205 1110/1254/1204 1122/1258/1208
f 1110/1254/1204 1111/1257/2073 1112/1260/1210
f 1107/633/580 1113/1263/1213 1116/1261/1211
f 1113/1263/1213 1114/1268/1220 1117/1264/1214
f 1116/1261/1211 1117/1264/1214 1112/1260/1216
f 1118/1265/1217 1121/1267/1219 1120/1266/1218
f 1119/1259/1209 1122/1258/1221 1121/1267/1219
f 1121/1267/1219 1117/1264/1214 1114/1268/1220
f 1122/1258/1221 1112/1260/1216 1117/1264/1214
f 1143/703/642 1146/1271/1224 1149/1269/1222
f 1146/1271/1224 1147/1280/1233 1150/1272/1225
f 1149/1269/1222 1150/1272/1225 1151/1274/1227
f 1152/1275/1228 1155/1279/1232 1154/1276/1229
f 1153/1278/1231 1156/1281/1234 1155/1279/1232
f 1155/1279/1232 1150/1272/1235 1147/1280/1233
f 1156/1281/1234 1151/1274/1240 1150/1272/1235
f 1145/645/589 1148/2088/1238 1158/1282/1236
f 1157/1283/1237 1158/1282/1236 1156/1281/1234
f 1158/1282/1236 1159/1273/2074 1151/1274/1240
f 222/25/22 1160/24/21 1162/1285/1241
f 225/1286/1242 1162/1285/1241 1163/1287/1243
f 224/1288/1245 1163/1287/1250 1164/1289/1246
f 1164/1289/1246 1161/1295/122 221/1291/159
f 1160/24/21 206/15/12 208/1292/1248
f 1162/1285/1241 208/1292/1248 209/1293/1249
f 1163/1287/1250 209/1293/1288 210/1294/1251
f 210/1294/1251 207/1334/31 1161/1295/122
f 1165/1296/55 1167/1299/1253 230/1297/1252
f 1167/1299/1253 1168/1301/1259 229/1300/1254
f 1168/1301/1255 1169/1306/1261 228/1302/1256
f 228/1302/1256 1169/1306/1261 1166/119/104
f 211/1303/168 213/1304/1258 1167/1299/1253
f 213/1304/1258 214/1305/1327 1168/1301/1259
f 214/1305/1260 215/1375/1329 1169/1306/1261
f 1169/1306/1261 215/1375/1329 212/18/15
f 1170/129/114 1172/1308/1263 205/1307/1262
f 1172/1308/1263 1173/1310/1268 204/1309/1264
f 1173/1310/1265 1174/1314/1269 203/1311/1266
f 203/1311/1266 1174/1314/1269 1171/1312/4
f 222/25/22 225/1286/1242 1172/1308/1263
f 225/1286/1242 224/1288/1244 1173/1310/1268
f 224/1288/1245 223/1290/1247 1174/1314/1269
f 1174/1314/1269 223/1290/1247 221/1291/159
f 217/1315/138 1175/1322/23 1177/1316/1270
f 220/1317/1271 1177/1316/1270 1178/1318/1272
f 219/1319/1274 1178/1318/1277 1179/1320/1275
f 1179/1320/1275 1176/23/20 216/10/8
f 1175/1322/23 227/1298/7 230/1297/1252
f 1177/1316/1270 230/1297/1252 229/1300/1254
f 1178/1318/1277 229/1300/1257 228/1302/1256
f 228/1302/1256 226/21/18 1176/23/20
f 232/1323/139 1180/1330/134 1182/1324/1278
f 235/1325/1279 1182/1324/1278 1183/1326/1280
f 234/1327/1282 1183/1326/1285 1184/1328/1283
f 1184/1328/1283 1181/12/10 231/29/25
f 1180/1330/134 217/1315/138 220/1317/1271
f 1182/1324/1278 220/1317/1271 219/1319/1273
f 1183/1326/1285 219/1319/1274 218/1321/1276
f 218/1321/1276 216/10/8 1181/12/10
f 206/15/12 1185/14/11 1187/1331/1286
f 208/1292/1248 1187/1331/1286 1188/1332/1287
f 209/1293/1288 1188/1332/1292 1189/1333/1289
f 1189/1333/1289 1186/1338/29 207/1334/31
f 1185/14/11 236/44/39 238/1335/1290
f 1187/1331/1286 238/1335/1290 239/1336/1291
f 1188/1332/1292 239/1336/1296 240/1337/1293
f 240/1337/1293 237/1342/28 1186/1338/29
f 236/44/39 1190/53/47 1192/1339/1294
f 238/1335/1290 1192/1339/1294 1193/1340/1295
f 239/1336/1296 1193/1340/1300 1194/1341/1297
f 1194/1341/1297 1191/1346/26 237/1342/28
f 1190/53/47 246/52/46 248/1343/1298
f 1192/1339/1294 248/1343/1298 249/1344/1299
f 1193/1340/1300 249/1344/1318 250/1345/1301
f 250/1345/1301 247/1366/38 1191/1346/26
f 242/1347/169 1195/1354/162 1197/1348/1302
f 245/1349/1303 1197/1348/1302 1198/1350/1304
f 244/1351/1306 1198/1350/1309 1199/1352/1307
f 1199/1352/1307 1196/37/33 241/39/35
f 1195/1354/162 232/1323/139 235/1325/1279
f 1197/1348/1302 235/1325/1279 234/1327/1281
f 1198/1350/1309 234/1327/1282 233/1329/1284
f 233/1329/1284 231/29/25 1196/37/33
f 1200/170/149 1202/1356/1311 272/1355/1310
f 1202/1356/1311 1203/1358/1313 271/1357/1312
f 1203/1358/1313 1204/1360/1315 270/1359/1314
f 1204/1360/1315 1201/133/116 268/1361/44
f 252/725/664 261/724/663 1202/1356/1311
f 261/724/663 255/730/667 1203/1358/1313
f 255/730/667 254/719/658 1204/1360/1315
f 254/719/658 251/716/655 1201/133/116
f 246/52/46 1205/152/133 1207/1362/1316
f 248/1343/1298 1207/1362/1320 1208/1363/1317
f 249/1344/1318 1208/1363/1321 1209/1364/1319
f 250/1345/1301 1209/1364/1319 1206/1365/36
f 1205/152/133 269/168/147 272/1355/1310
f 1207/1362/1320 272/1355/1310 271/1357/1312
f 1208/1363/1321 271/1357/1312 270/1359/1314
f 270/1359/1314 268/1361/44 1206/1365/36
f 252/1367/664 1210/1371/148 1212/1368/1322
f 259/728/662 1212/1368/1322 1213/1369/1323
f 260/726/674 1213/1369/1325 1214/1370/1324
f 265/733/670 1214/1370/1324 1211/46/41
f 1210/1371/148 242/1347/169 245/1349/1303
f 1212/1368/1322 245/1349/1303 244/1351/1305
f 1213/1369/1325 244/1351/1306 243/1353/1308
f 1214/1370/1324 243/1353/1308 241/39/35
f 1215/1372/62 1217/1373/1326 213/1304/1258
f 1217/1373/1326 1218/1374/1331 214/1305/1327
f 1218/1374/1328 1219/1379/1333 215/1375/1329
f 215/1375/1329 1219/1379/1333 1216/162/141
f 278/128/113 280/1395/1330 1217/1376/1326
f 280/1377/1330 281/1378/1349 1218/1374/1331
f 281/1378/1332 282/1398/1351 1219/1379/1333
f 1219/1379/1333 282/1398/1351 279/58/52
f 1220/1/1 1222/1381/1335 277/1380/1334
f 1222/1381/1335 1223/1383/1340 276/1382/1336
f 1223/1383/1337 1224/1386/1341 275/1384/1338
f 275/1385/1338 1224/1387/1341 1221/54/48
f 202/3/3 205/1307/1262 1222/1381/1335
f 205/1307/1262 204/1309/1264 1223/1383/1340
f 204/1309/1267 203/1311/1266 1224/1386/1341
f 1224/1387/1341 203/2111/1266 201/16/13
f 290/752/692 1225/1391/125 1227/1388/1342
f 301/750/690 1227/1388/1342 1228/1389/1343
f 302/743/681 1228/1389/1343 1229/1390/1344
f 292/739/677 1229/1390/1344 1226/120/105
f 1225/1391/125 283/2112/127 285/1392/1345
f 1227/1388/1342 285/1392/1345 286/1393/1346
f 1228/1389/1343 286/1393/1346 287/1394/1347
f 1229/1390/1344 287/1394/1347 284/64/58
f 1230/144/126 1232/1401/1348 280/1395/1330
f 1232/1396/1348 1233/1397/1353 281/1378/1349
f 1233/1397/1350 1234/1399/1352 282/1398/1351
f 1234/1399/1352 1231/66/60 279/58/52
f 290/1400/692 303/2113/691 1232/1401/1348
f 303/751/691 297/754/694 1233/1397/1353
f 297/754/1354 296/748/686 1234/1399/1352
f 296/748/686 289/745/683 1231/66/60
f 1235/146/128 1237/1403/1355 285/1402/1345
f 1237/1403/1355 1238/1405/1357 286/1404/1346
f 1238/1405/1356 1239/1407/1358 287/1406/1347
f 287/1394/1347 1239/1408/1358 1236/62/56
f 274/177/156 277/1380/1334 1237/1403/1355
f 277/1380/1334 276/1382/1336 1238/1405/1357
f 276/1382/1339 275/1384/1338 1239/1407/1358
f 275/1385/1338 273/56/50 1236/62/56
f 1240/142/124 1242/1410/1360 330/1409/1359
f 1242/1410/1360 1243/1412/1362 329/1411/1361
f 1243/1412/1362 1244/1414/1364 328/1413/1363
f 1244/1414/1364 1241/189/166 326/190/167
f 311/91/81 313/1415/1365 1242/1410/1360
f 313/1415/1365 314/1416/1366 1243/1412/1362
f 314/1416/1366 315/1417/1367 1244/1414/1364
f 315/1417/1367 312/188/165 1241/189/166
f 332/85/75 1245/84/74 1247/1418/1368
f 335/1419/1369 1247/1418/1368 1248/1420/1370
f 334/1421/1371 1248/1420/1370 1249/1422/1372
f 333/1423/1373 1249/1422/1372 1246/123/108
f 1245/84/74 316/88/78 318/1424/1374
f 1247/1418/1368 318/1424/1374 319/1425/1375
f 1248/1420/1370 319/1425/1375 320/1426/1376
f 1249/1422/1372 320/1426/1376 317/124/109
f 307/81/71 1250/72/64 1252/1427/1377
f 310/1428/1378 1252/1427/1377 1253/1429/1379
f 309/1430/1380 1253/1429/1379 1254/1431/1381
f 308/1432/1382 1254/1431/1381 1251/140/123
f 1250/72/64 327/71/63 330/1409/1359
f 1252/1427/1377 330/1409/1359 329/1411/1361
f 1253/1429/1379 329/1411/1361 328/1413/1363
f 1254/1431/1381 328/1413/1363 326/190/167
f 1255/86/76 1257/1434/1384 325/1433/1383
f 1257/1434/1384 1258/1436/1386 324/1435/1385
f 1258/1436/1386 1259/1438/1388 323/1437/1387
f 1259/1438/1388 1256/161/140 321/181/160
f 332/85/75 335/1419/1369 1257/1434/1384
f 335/1419/1369 334/1421/1371 1258/1436/1386
f 334/1421/1371 333/1423/1373 1259/1438/1388
f 1260/77/68 1262/1440/1390 340/1439/1389
f 1262/1440/1390 1263/1442/1392 339/1441/1391
f 322/125/110 325/1433/1383 1262/1440/1390
f 325/1433/1383 324/1435/1385 1263/1442/1392
f 324/1435/1385 323/1437/1387 1264/1444/1394
f 323/1437/1387 321/181/160 1261/94/84
f 1265/92/82 1267/1445/1395 313/1415/1365
f 1267/1445/1395 1268/1446/1396 314/1416/1366
f 1269/1447/1397 1266/74/66 312/188/165
f 341/97/86 343/1448/1398 1267/1445/1395
f 343/1448/1398 344/1449/1399 1268/1446/1396
f 344/1449/1399 345/1450/1400 1269/1447/1397
f 345/1450/1400 342/138/121 1266/74/66
f 1270/98/87 1272/1451/1401 343/1448/1398
f 1272/1451/1401 1273/1452/1402 344/1449/1399
f 1273/1452/1402 1274/1453/1403 345/1450/1400
f 1274/1453/1403 1271/182/161 342/138/121
f 351/102/90 353/1454/1404 1272/1451/1401
f 353/1454/1404 354/1455/1405 1273/1452/1402
f 354/1455/1405 355/1456/1406 1274/1453/1403
f 1275/93/83 1277/1458/1408 350/1457/1407
f 1277/1458/1408 1278/1460/1410 349/1459/1409
f 1278/1460/1410 1279/1462/1412 348/1461/1411
f 1279/1462/1412 1276/80/70 346/101/89
f 337/155/135 340/1439/1389 1277/1458/1408
f 340/1439/1389 339/1441/1391 1278/1460/1410
f 339/1441/1391 338/1443/1393 1279/1462/1412
f 338/1443/1393 336/78/69 1276/80/70
f 374/187/164 1280/2100/120 1282/1463/1413
f 377/1464/1414 1282/1463/1413 1283/1465/1415
f 376/1466/1416 1283/1465/1415 1284/1467/1417
f 375/1468/1418 1284/1467/1417 1281/172/151
f 1280/137/120 356/136/119 360/756/697
f 1282/1463/1413 360/760/697 369/762/701
f 1283/1465/1415 369/762/701 368/768/710
f 1284/1467/1417 368/768/710 358/173/152
f 1285/104/92 1287/1470/1419 353/1454/1404
f 1287/1470/1419 1288/1471/1420 354/1455/1405
f 1288/1471/1420 1289/1472/1421 355/1456/1406
f 1289/1472/1421 1286/156/136 352/179/158
f 374/187/164 377/1464/1414 1287/1470/1419
f 377/1464/1414 376/1466/1416 1288/1471/1420
f 376/1466/1416 375/1468/1418 1289/1472/1421
f 375/1468/1418 373/174/153 1286/156/136
f 1290/99/88 1292/1473/1422 364/766/705
f 1292/1473/1422 1293/1474/1423 365/771/713
f 1294/1475/1424 1291/171/150 358/173/152
f 347/185/163 350/1457/1407 1292/1473/1422
f 350/1457/1407 349/1459/1409 1293/1474/1423
f 349/1459/1409 348/1461/1411 1294/1475/1424
f 348/1461/1411 346/101/89 1291/171/150
f 316/88/78 1295/109/95 1297/1476/1425
f 318/1424/1374 1297/1476/1425 1298/1477/1426
f 319/1425/1375 1298/1477/1426 1299/1478/1427
f 1295/109/95 383/110/96 385/1479/1428
f 1298/1477/1426 386/1480/1429 387/1481/1430
f 379/111/97 1300/82/72 1302/1482/1431
f 382/1483/1432 1302/1482/1431 1303/1484/1433
f 381/1485/1434 1303/1484/1433 1304/1486/1435
f 380/1487/1436 1304/1486/1435 1301/115/100
f 1300/82/72 307/81/71 310/1428/1378
f 1302/1482/1431 310/1428/1378 309/1430/1380
f 1303/1484/1433 309/1430/1380 308/1432/1382
f 1304/1486/1435 308/1432/1382 306/106/94
f 1305/122/107 1307/1488/1437 396/774/717
f 1307/1488/1437 1308/1489/1438 397/783/727
f 1308/1489/1438 1309/1490/1439 403/779/723
f 1309/1490/1439 1306/150/132 394/780/724
f 388/118/103 390/1491/1440 1307/1488/1437
f 390/1491/1440 391/1492/1441 1308/1489/1438
f 391/1492/1441 392/1493/1442 1309/1490/1439
f 392/1493/1442 389/147/129 1306/150/132
f 383/110/96 1310/116/101 1312/1494/1443
f 385/1479/1428 1312/1494/1443 1313/1495/1444
f 386/1480/1429 1313/1495/1444 1314/1496/1445
f 387/1481/1430 1314/1496/1445 1311/149/131
f 1310/116/101 395/117/102 407/786/731
f 1312/1494/1443 407/786/731 402/781/725
f 1313/1495/1444 402/781/725 401/778/722
f 1314/1496/1445 401/778/722 394/780/724
f 388/118/103 1315/112/98 1317/1497/1446
f 390/1491/1440 1317/1497/1446 1318/1498/1447
f 391/1492/1441 1318/1498/1447 1319/1499/1448
f 392/1493/1442 1319/1499/1448 1316/148/130
f 1315/112/98 379/111/97 382/1483/1432
f 1317/1497/1446 382/1483/1432 381/1485/1434
f 1318/1498/1447 381/1485/1434 380/1487/1436
f 395/117/102 1320/67/61 1322/1500/1449
f 406/773/1450 1322/1504/1453 1321/175/154
f 1320/67/61 289/745/683 298/747/1451
f 1322/1504/1453 291/740/678 288/176/155
f 1323/47/42 1325/1507/1456 264/1505/1454
f 1325/1506/1455 1324/134/117 251/716/655
f 357/105/93 359/765/704 1325/1507/1456
f 359/1508/698 356/136/119 1324/134/117
f 1326/258/234 548/274/250 553/945/885
f 1331/252/228 1333/1512/1460 557/951/891
f 1333/1512/1460 1334/1514/1462 558/953/893
f 558/953/893 1334/1514/1462 1335/1513/1461
f 567/230/207 572/961/901 1333/1512/1460
f 572/961/901 582/964/904 1334/1514/1462
f 1334/1514/1462 582/964/904 581/974/914
f 1335/1513/1461 581/974/914 569/267/243
f 1338/1516/1463 1339/1519/1466 577/1517/1464
f 1336/287/263 531/288/264 541/932/873
f 1339/1518/1465 533/924/865 530/242/218
f 200/297/273 1340/294/270 1342/1521/1468
f 525/919/859 1342/1521/1468 1343/1522/1469
f 1343/1522/1469 1344/1523/1470 517/905/844
f 1340/294/270 549/253/229 559/952/892
f 1342/1521/1468 559/952/892 552/946/886
f 552/946/886 551/944/884 1344/1523/1470
f 551/944/884 548/274/250 1341/273/249
f 1345/248/224 1347/1524/1471 539/933/874
f 1347/1524/1471 1348/1529/1474 540/1525/1472
f 1345/248/224 514/250/226 522/912/851
f 1347/1524/1471 522/912/851 516/917/855
f 1349/249/225 1351/1534/1475 520/1531/852
f 1351/1532/1475 1352/1535/1479 521/922/1476
f 1352/1533/1477 1350/229/206 200/297/1478
f 1349/249/225 568/298/274 578/968/908
f 1351/1532/1475 578/972/908 571/962/912
f 1352/1533/1477 570/960/900 567/230/207
f 436/207/184 1353/163/142 1355/1536/1480
f 439/1537/1481 1355/1536/1480 1356/1538/1482
f 441/1541/1486 1357/1540/1485 1354/245/221
f 410/165/144 415/789/736 1355/1536/1480
f 415/789/736 422/792/739 1356/1538/1482
f 422/792/739 423/801/747 1357/1540/1485
f 1358/257/233 412/243/219 423/802/747
f 1361/1544/1490 419/796/743 418/793/740
f 1363/313/289 1365/1547/1492 441/1546/1486
f 1365/1547/1492 1366/1548/1494 442/824/1493
f 1366/1548/1494 1367/1549/1496 444/819/1495
f 1367/1549/1496 1364/246/222 438/232/209
f 1366/1548/1494 452/835/1497 451/834/775
f 1367/1549/1496 451/834/775 446/831/774
f 465/296/272 1368/217/194 1370/1551/1498
f 468/850/794 1370/1551/1498 1371/1552/1499
f 469/861/796 1371/1552/1499 1372/1553/1500
f 473/860/803 1372/1553/1500 1369/277/253
f 425/219/196 429/804/749 1370/1551/1498
f 429/804/749 433/807/1501 1371/1552/1499
f 433/807/1501 434/1554/1502 1372/1553/1500
f 434/1554/1502 427/275/251 1369/277/253
f 479/270/246 1373/271/247 1375/1555/1503
f 487/867/1504 1375/1555/1503 1376/1556/1505
f 1816/1557/1506 1376/1556/1505 1377/1558/1507
f 485/1559/1508 1377/1558/1507 1374/334/309
f 467/261/237 477/863/806 1375/1555/1503
f 477/863/806 472/857/801 1376/1556/1505
f 472/857/801 473/859/803 1377/1558/1507
f 473/859/803 466/318/294 1374/334/309
f 1378/206/183 1380/1561/1509 485/1560/1508
f 1380/1561/1509 1381/1562/1511 484/875/1510
f 1381/1562/1511 1382/1563/1513 487/873/1512
f 1382/1563/1513 1379/263/239 481/268/244
f 1378/206/183 427/275/251 434/1564/1502
f 1380/1561/1509 434/1564/1502 433/1565/1514
f 1381/1562/1511 433/1565/1514 432/1566/752
f 1382/1563/1513 432/1566/752 426/808/751
f 1383/255/231 1385/1568/1516 462/1567/1515
f 463/2114/791 462/1567/1515 1815/844/1518
f 462/1567/1515 1385/1568/1516 1815/844/1518
f 1387/1570/1519 1384/293/269 455/340/315
f 1383/255/231 489/278/254 496/886/1520
f 1385/1568/1516 496/886/1520 492/887/820
f 1386/1569/1517 492/887/820 491/876/818
f 1387/1570/1519 491/876/818 488/291/267
f 1390/1571/1521 1391/1572/1522 497/891/825
f 1388/324/299 504/325/300 509/1574/1524
f 1393/338/313 1395/1577/1527 509/1576/1524
f 1396/1578/1529 1397/1579/1530 512/899/838
f 1397/1579/1530 1394/284/260 505/290/266
f 1395/1577/1527 462/1580/1515 463/848/1531
f 1396/1578/1529 463/848/1531 460/849/789
f 1397/1579/1530 460/849/789 456/845/788
f 587/992/306 1398/1584/305 1400/1581/1532
f 598/990/936 1400/1581/1532 1401/1582/1533
f 599/984/925 1401/1582/1533 1402/1583/1534
f 589/980/921 1402/1583/1534 1399/281/257
f 1398/1584/305 604/1004/307 613/1003/950
f 1400/1581/1532 613/1003/950 607/997/944
f 1401/1582/1533 607/997/944 606/995/942
f 606/995/942 603/317/293 1399/281/257
f 1403/305/281 1405/1585/1535 624/1014/959
f 1407/1587/1537 1404/1588/197 622/1021/199
f 1408/306/282 1410/1589/1538 593/988/929
f 1410/1589/1538 1411/1590/1539 594/994/939
f 1411/1590/1539 1412/1591/1540 600/991/937
f 1412/1591/1540 1409/1592/198 587/992/306
f 1408/306/282 623/308/284 636/1027/972
f 1410/1589/1538 636/1027/972 631/1022/967
f 1411/1590/1539 631/1022/967 630/1019/965
f 1412/1591/1540 630/1019/965 622/1021/199
f 1413/1593/296 1415/1594/1541 652/1041/988
f 1415/1594/1541 1416/1595/1542 653/1033/980
f 1416/1595/1542 1417/1596/1543 644/1029/976
f 1417/1596/1543 1414/224/201 639/1030/977
f 658/1055/298 668/1054/1001 1415/1594/1541
f 668/1054/1001 661/1058/1005 1416/1595/1542
f 661/1058/1005 660/1048/993 1417/1596/1543
f 660/1048/993 657/337/312 1414/224/201
f 676/1078/311 1418/1600/310 1420/1597/1544
f 687/1076/1027 1420/1597/1544 1421/1598/1545
f 688/1070/1020 1421/1598/1545 1422/1599/1546
f 678/1066/1016 1422/1599/1546 1419/210/187
f 1418/1600/310 641/1043/295 654/1042/989
f 1420/1597/1544 654/1042/989 648/1038/985
f 1421/1598/1545 648/1038/985 647/1036/983
f 1422/1599/1546 647/1036/983 640/310/286
f 1423/309/285 1425/1601/1547 682/1074/1024
f 1425/1601/1547 1426/1602/1548 683/1080/1030
f 1426/1602/1548 1427/1603/1549 689/1077/1028
f 1427/1603/1549 1424/1604/297 676/1078/311
f 1423/309/285 659/1059/1006 672/1061/1008
f 1425/1601/1547 672/1061/1008 667/1056/1002
f 1426/1602/1548 667/1056/1002 666/1053/1000
f 1427/1603/1549 666/1053/1000 658/1055/298
f 1428/329/304 1430/1605/1550 695/1083/1033
f 1430/1605/1550 1431/1606/1551 696/1092/1041
f 1431/1606/1551 1432/1607/1552 702/1093/1038
f 1432/1607/1552 1429/1608/180 693/1089/190
f 709/1101/1050 714/1100/1049 1430/1605/1550
f 714/1100/1049 723/1104/1053 1431/1606/1551
f 723/1104/1053 722/1112/1061 1432/1607/1552
f 722/1112/1061 711/1114/178 1429/1608/180
f 717/1107/1056 1435/1609/1553 1436/1610/1554
f 1433/200/177 727/1117/1064 732/1119/1066
f 1436/1610/1554 740/1123/1070 739/1130/1077
f 1437/1611/1555 739/1130/1077 729/1132/302
f 1438/303/279 1440/1613/1556 735/1128/1074
f 1440/1613/1556 1441/1614/1557 736/1134/1081
f 1441/1614/1557 1442/1615/1558 741/1131/1078
f 1442/1615/1558 1439/1616/189 729/1132/302
f 1438/303/279 694/1095/1043 706/1097/1045
f 1440/1613/1556 706/1097/1045 701/1090/1039
f 1441/1614/1557 701/1090/1039 700/1087/1037
f 1442/1615/1558 700/1087/1037 693/1089/190
f 1443/164/143 1445/1617/1559 413/788/735
f 1445/1617/1559 1446/1618/1561 414/790/1560
f 1446/1618/1561 1447/1619/1562 420/794/741
f 1447/1619/1562 1444/236/213 411/795/742
f 603/317/293 608/996/943 1445/1617/1559
f 608/996/943 617/999/946 1446/1618/1561
f 617/999/946 616/1009/954 1447/1619/1562
f 616/1009/954 605/304/280 1444/236/213
f 623/308/284 1448/247/223 1450/1620/1563
f 635/1017/963 1450/1623/1565 1451/1622/1564
f 626/1013/958 1451/1622/1567 1449/314/290
f 1448/247/223 446/831/774 453/833/776
f 1450/1623/1565 453/827/2075 448/825/1566
f 1451/1622/1567 448/825/767 445/315/291
f 1452/218/195 1454/1625/1571 428/803/748
f 431/810/753 1454/1624/1573 1453/264/240
f 1452/218/195 657/337/312 662/1047/992
f 670/1062/1575 659/1059/1006 1453/264/240
f 674/1064/1014 1455/209/186 1457/1627/1576
f 677/1067/1017 1457/1627/1581 1458/1628/1578
f 1458/1630/1580 1456/269/245 675/311/287
f 1455/209/186 479/270/246 482/866/808
f 1457/1627/1581 482/866/2076 486/871/1582
f 486/872/813 481/268/244 1456/269/245
f 490/283/259 1459/282/258 1461/1631/1583
f 1461/1631/1583 1462/1632/1585 500/881/1584
f 1462/1632/1585 1463/1633/1586 493/877/819
f 1463/1633/1586 1460/328/303 488/291/267
f 1459/282/258 710/301/277 719/1108/1057
f 1461/1631/1583 719/1108/1057 713/1102/1051
f 713/1102/1051 712/1099/1048 1463/1633/1586
f 712/1099/1048 709/1101/1050 1460/328/303
f 694/1095/1043 1464/285/261 1466/1634/1587
f 1466/1636/1588 1465/339/314 692/341/316
f 1464/285/261 456/845/788 461/847/790
f 458/839/1590 455/340/315 1465/339/314
f 585/978/919 1467/280/256 1469/1638/1591
f 1470/1641/1593 1468/234/211 586/307/283
f 1467/280/256 436/207/184 443/815/1594
f 443/818/1595 438/232/209 1468/234/211
f 1471/262/238 1473/1642/1596 475/862/805
f 1473/1642/1596 1474/1644/1599 476/855/1597
f 476/855/1597 1474/1644/1599 1475/1643/1598
f 1475/1643/1598 1472/223/200 465/296/272
f 640/310/286 649/1037/984 1473/1642/1596
f 1473/1642/1596 649/1037/984 643/1031/978
f 1474/1644/1599 643/1031/978 642/1028/975
f 642/1028/975 639/1030/977 1472/223/200
f 1476/289/265 1478/1646/1605 511/898/837
f 511/897/1600 1478/1647/1608 1479/1645/1601
f 1479/1645/1603 1477/199/176 503/196/173
f 728/302/278 737/1127/1073 1478/1646/1605
f 731/1121/1607 730/1120/2077 1479/1645/1601
f 1479/1645/1603 730/1120/1067 727/1117/1064
f 764/366/338 1480/365/337 1482/1648/1609
f 767/1650/1610 1482/1656/1609 1483/1651/1611
f 766/1652/1613 1483/1651/1618 1484/1653/1614
f 1484/1653/1614 1481/480/438 763/521/476
f 1480/365/337 748/356/328 750/1655/1616
f 1482/1656/1609 750/1694/1616 751/1657/1617
f 1483/1651/1618 751/1657/1656 752/1658/1619
f 752/1658/1619 749/376/347 1481/480/438
f 1485/402/371 1487/1660/1621 772/1659/1620
f 1487/1660/1621 1488/1662/1627 771/1661/1622
f 1488/1662/1623 1489/1667/1629 770/1663/1624
f 770/1664/1624 1489/1668/1629 1486/460/421
f 753/530/485 755/1665/1626 1487/1660/1621
f 755/1665/1626 756/1666/1695 1488/1662/1627
f 756/1666/1628 757/1738/1697 1489/1667/1629
f 1489/1668/1629 757/1739/1697 754/359/331
f 1490/470/430 1492/1675/1631 747/1669/1630
f 1492/1670/1631 1493/1673/1636 746/1671/1632
f 1493/1673/1633 1494/1676/1637 745/1674/1634
f 745/1674/1634 1494/1676/1637 1491/345/320
f 764/366/338 767/1649/1610 1492/1675/1631
f 767/1650/1610 766/1652/1612 1493/1673/1636
f 766/1652/1613 765/1654/1615 1494/1676/1637
f 1494/1676/1637 765/1654/1615 763/521/476
f 759/499/455 1495/367/339 1497/1677/1638
f 762/1678/1639 1497/1677/1638 1498/1679/1640
f 761/1680/1642 1498/1679/1645 1499/1681/1643
f 1499/1683/1643 1496/364/336 758/351/324
f 1495/367/339 769/349/323 772/1659/1620
f 1497/1677/1638 772/1659/1620 771/1661/1622
f 1498/1679/1645 771/1661/1625 770/1663/1624
f 770/1664/1624 768/362/334 1496/364/336
f 774/500/456 1500/494/451 1502/1685/1646
f 777/1686/1647 1502/1685/1646 1503/1687/1648
f 776/1688/1650 1503/1687/1653 1504/1689/1651
f 1504/1691/1651 1501/353/326 773/370/341
f 1500/494/451 759/499/455 762/1678/1639
f 1502/1685/1646 762/1678/1639 761/1680/1641
f 1503/1687/1653 761/1680/1642 760/1682/1644
f 760/1684/1644 758/351/324 1501/353/326
f 748/356/328 1505/355/327 1507/1693/1654
f 750/1694/1616 1507/1698/1654 1508/1695/1655
f 751/1657/1656 1508/1695/1660 1509/1696/1657
f 1509/1696/1657 1506/374/345 749/376/347
f 1505/355/327 778/385/355 780/1697/1658
f 1507/1698/1654 780/1703/1658 781/1699/1659
f 1508/1695/1660 781/1699/1664 782/1700/1661
f 782/1700/1661 779/373/344 1506/374/345
f 778/1701/355 1510/1706/363 1512/1702/1662
f 780/1703/1658 1512/1702/1662 1513/1704/1663
f 781/1699/1664 1513/1704/1668 1514/1705/1665
f 1514/1705/1665 1511/371/342 779/373/344
f 1510/1706/363 788/1727/362 790/1707/1666
f 1512/1702/1662 790/1707/1666 791/1708/1667
f 1513/1704/1668 791/1708/1686 792/1709/1669
f 792/1709/1669 789/383/354 1511/371/342
f 784/531/486 1515/524/479 1517/1710/1670
f 787/1711/1671 1517/1710/1670 1518/1712/1672
f 786/1713/1674 1518/1712/1677 1519/1714/1675
f 1519/1714/1675 1516/1717/349 783/1716/351
f 1515/524/479 774/500/456 777/1686/1647
f 1517/1710/1670 777/1686/1647 776/1688/1649
f 1518/1712/1677 776/1688/1650 775/1690/1652
f 775/1690/1652 773/2115/341 1516/1717/349
f 1520/1718/466 1522/1721/1679 814/1719/1678
f 1522/1721/1679 1523/1723/1681 813/1722/1680
f 1523/1723/1681 1524/1725/1683 812/1724/1682
f 1524/1725/1683 1521/474/432 810/390/360
f 794/1726/1091 803/1149/1090 1522/1721/1679
f 803/1149/1090 797/1148/1094 1523/1723/1681
f 797/1148/1094 796/1138/1085 1524/1725/1683
f 796/1138/1085 793/1135/1082 1521/474/432
f 788/1727/362 1525/1731/450 1527/1728/1684
f 790/1707/1666 1527/1728/1688 1528/1729/1685
f 791/1708/1686 1528/1729/1689 1529/1730/1687
f 792/1709/1669 1529/1730/1687 1526/381/352
f 1525/1731/450 811/1720/464 814/1719/1678
f 1527/1728/1688 814/1719/1678 813/1722/1680
f 1528/1729/1689 813/1722/1680 812/1724/1682
f 812/1724/1682 810/390/360 1526/381/352
f 794/1144/1091 1530/510/465 1532/1732/1690
f 801/1142/1089 1532/1732/1690 1533/1733/1691
f 802/1145/1101 1533/1733/1693 1534/1734/1692
f 807/1153/1097 1534/1734/1692 1531/1735/357
f 1530/510/465 784/531/486 787/1711/1671
f 1532/1732/1690 787/1711/1671 786/1713/1673
f 1533/1733/1693 786/1713/1674 785/1715/1676
f 1534/1734/1692 785/1715/1676 783/1716/351
f 1535/410/378 1537/1736/1694 755/1665/1626
f 1537/1736/1694 1538/1737/1699 756/1666/1695
f 1538/1737/1696 1539/1742/1701 757/1738/1697
f 757/1739/1697 1539/1743/1701 1536/503/458
f 820/469/429 822/1740/1698 1537/1736/1694
f 822/1740/1698 823/1741/1717 1538/1737/1699
f 823/1741/1700 824/1762/1719 1539/1742/1701
f 1539/1743/1701 824/1764/1719 821/399/368
f 1540/342/317 1542/1750/1703 819/1744/1702
f 1542/1745/1703 1543/1748/1708 818/1746/1704
f 1543/1748/1705 1544/1751/1709 817/1749/1706
f 817/1749/1706 1544/1751/1709 1541/395/364
f 744/344/319 747/1669/1630 1542/1750/1703
f 747/1672/1630 746/1671/1632 1543/1748/1708
f 746/1671/1635 745/1674/1634 1544/1751/1709
f 1544/1751/1709 745/1674/1634 743/357/329
f 832/1174/1119 1545/484/441 1547/1752/1710
f 843/1753/1117 1547/1757/1710 1548/1754/1711
f 844/1164/1108 1548/1754/1711 1549/1755/1712
f 834/1159/1104 1549/1755/1712 1546/461/422
f 1545/484/441 825/486/443 827/1756/1713
f 1547/1757/1710 827/1768/1713 828/1758/1714
f 1548/1754/1711 828/1758/1714 829/1759/1715
f 1549/1755/1712 829/1759/1715 826/405/374
f 1550/485/442 1552/1760/1716 822/1740/1698
f 1552/1760/1716 1553/1761/1721 823/1741/1717
f 1553/1761/1718 1554/1765/1720 824/1762/1719
f 1554/1763/1720 1551/407/376 821/399/368
f 832/1174/1119 845/1173/1118 1552/1760/1716
f 845/1173/1118 839/1177/1121 1553/1761/1721
f 839/1177/1722 838/1170/1113 1554/1765/1720
f 838/1766/1113 831/2101/1110 1551/407/376
f 1555/487/444 1557/1770/1723 827/1756/1713
f 1557/1767/1723 1558/1769/1725 828/1758/1714
f 1558/1769/1724 1559/1771/1726 829/1759/1715
f 829/1759/1715 1559/1771/1726 1556/403/372
f 816/518/473 819/1744/1702 1557/1770/1723
f 819/1747/1702 818/1746/1704 1558/1769/1725
f 818/1746/1707 817/1749/1706 1559/1771/1726
f 817/1749/1706 815/397/366 1556/403/372
f 1560/483/440 1562/1773/1728 872/1772/1727
f 1562/1773/1728 1563/1775/1730 871/1774/1729
f 1563/1775/1730 1564/1777/1732 870/1776/1731
f 1564/1777/1732 1561/528/483 868/529/484
f 853/432/398 855/1778/1733 1562/1773/1728
f 855/1778/1733 856/1779/1734 1563/1775/1730
f 856/1779/1734 857/1780/1735 1564/1777/1732
f 857/1780/1735 854/527/482 1561/528/483
f 874/426/392 1565/425/391 1567/1781/1736
f 877/1782/1737 1567/1781/1736 1568/1783/1738
f 876/1784/1739 1568/1783/1738 1569/1785/1740
f 875/1786/1741 1569/1785/1740 1566/464/425
f 1565/425/391 858/429/395 860/1787/1742
f 1567/1781/1736 860/1787/1742 861/1788/1743
f 1568/1783/1738 861/1788/1743 862/1789/1744
f 1569/1785/1740 862/1789/1744 859/465/426
f 849/422/388 1570/413/380 1572/1790/1745
f 852/1791/1746 1572/1790/1745 1573/1792/1747
f 850/1795/1750 1574/1794/1749 1571/481/439
f 1570/413/380 869/412/379 872/1772/1727
f 1572/1790/1745 872/1772/1727 871/1774/1729
f 1573/1792/1747 871/1774/1729 870/1776/1731
f 1574/1794/1749 870/1776/1731 868/529/484
f 1575/427/393 1577/1797/1752 867/1796/1751
f 1577/1797/1752 1578/1799/1754 866/1798/1753
f 1578/1799/1754 1579/1801/1756 865/1800/1755
f 1579/1801/1756 1576/502/457 863/522/477
f 874/426/392 877/1782/1737 1577/1797/1752
f 877/1782/1737 876/1784/1739 1578/1799/1754
f 876/1784/1739 875/1786/1741 1579/1801/1756
f 1580/418/384 1582/1803/1758 882/1802/1757
f 1582/1803/1758 1583/1805/1760 881/1804/1759
f 1583/1805/1760 1584/1807/1762 880/1806/1761
f 1584/1807/1762 1581/435/401 878/419/385
f 867/1796/1751 866/1798/1753 1583/1805/1760
f 866/1798/1753 865/1800/1755 1584/1807/1762
f 865/1800/1755 863/522/477 1581/435/401
f 1585/433/399 1587/1808/1763 855/1778/1733
f 1587/1808/1763 1588/1809/1764 856/1779/1734
f 1588/1809/1764 1589/1810/1765 857/1780/1735
f 883/438/403 885/1811/1766 1587/1808/1763
f 885/1811/1766 886/1812/1767 1588/1809/1764
f 886/1812/1767 887/1813/1768 1589/1810/1765
f 887/1813/1768 884/479/437 1586/415/382
f 1590/439/404 1592/1814/1769 885/1811/1766
f 1592/1814/1769 1593/1815/1770 886/1812/1767
f 1593/1815/1770 1594/1816/1771 887/1813/1768
f 1594/1816/1771 1591/523/478 884/479/437
f 893/443/407 895/1817/1772 1592/1814/1769
f 895/1817/1772 896/1818/1773 1593/1815/1770
f 896/1818/1773 897/1819/1774 1594/1816/1771
f 897/1819/1774 894/520/475 1591/523/478
f 1595/434/400 1597/1821/1776 892/1820/1775
f 1597/1821/1776 1598/1823/1778 891/1822/1777
f 1598/1823/1778 1599/1825/1780 890/1824/1779
f 1599/1825/1780 1596/421/387 888/442/406
f 879/496/452 882/1802/1757 1597/1821/1776
f 881/1804/1759 880/1806/1761 1599/1825/1780
f 880/1806/1761 878/419/385 1596/421/387
f 916/526/481 1600/478/436 1602/1826/1781
f 919/1827/1782 1602/1826/1781 1603/1828/1783
f 918/1829/1784 1603/1828/1783 1604/1830/1785
f 917/1831/1786 1604/1830/1785 1601/513/468
f 1600/478/436 898/477/435 901/1179/1124
f 1602/1826/1781 901/1179/1124 911/1183/1128
f 1603/1828/1783 911/1183/1128 910/1189/1136
f 1604/1830/1785 910/1189/1136 900/514/469
f 1605/445/409 1607/1832/1787 895/1817/1772
f 1607/1832/1787 1608/1833/1788 896/1818/1773
f 1608/1833/1788 1609/1834/1789 897/1819/1774
f 1609/1834/1789 1606/497/453 894/520/475
f 916/526/481 919/1827/1782 1607/1832/1787
f 919/1827/1782 918/1829/1784 1608/1833/1788
f 918/1829/1784 917/1831/1786 1609/1834/1789
f 917/1831/1786 915/515/470 1606/497/453
f 1612/1835/1790 1613/1836/1791 906/1192/1139
f 1613/1836/1791 1614/1837/1792 912/1190/1137
f 889/525/480 892/1820/1775 1612/1835/1790
f 892/1820/1775 891/1822/1777 1613/1836/1791
f 891/1822/1777 890/1824/1779 1614/1837/1792
f 890/1824/1779 888/442/406 1611/512/467
f 858/429/395 1615/450/412 1617/1838/1793
f 860/1787/1742 1617/1838/1793 1618/1839/1794
f 861/1788/1743 1618/1839/1794 1619/1840/1795
f 862/1789/1744 1619/1840/1795 1616/507/462
f 1615/450/412 925/451/413 927/1841/1796
f 1619/1840/1795 929/1843/1798 926/471/431
f 921/452/414 1620/423/389 1622/1844/1799
f 924/1845/1800 1622/1844/1799 1623/1846/1801
f 923/1847/1802 1623/1846/1801 1624/1848/1803
f 1620/423/389 849/422/388 852/1791/1746
f 1622/1844/1799 852/1791/1746 851/1793/1748
f 1623/1846/1801 851/1793/1748 850/1795/1750
f 1624/1848/1803 850/1795/1750 848/447/411
f 1625/463/424 1627/1850/1805 938/1195/1143
f 1627/1850/1805 1628/1851/1806 939/1204/1153
f 1628/1851/1806 1629/1852/1807 945/1200/1149
f 1629/1852/1807 1626/491/448 936/1201/1150
f 930/459/420 932/1853/1808 1627/1850/1805
f 932/1853/1808 933/1854/1809 1628/1851/1806
f 933/1854/1809 934/1855/1810 1629/1852/1807
f 934/1855/1810 931/488/445 1626/491/448
f 925/451/413 1630/457/418 1632/1856/1811
f 927/1841/1796 1632/1856/1811 1633/1857/1812
f 928/1842/1797 1633/1857/1812 1634/1858/1813
f 929/1843/1798 1634/1858/1813 1631/490/447
f 1630/457/418 937/458/419 949/1207/1157
f 1632/1856/1811 949/1207/1157 944/1202/1151
f 1633/1857/1812 944/1202/1151 943/1199/1148
f 1634/1858/1813 943/1199/1148 936/1201/1150
f 930/459/420 1635/453/415 1637/1859/1814
f 932/1853/1808 1637/1859/1814 1638/1860/1815
f 933/1854/1809 1638/1860/1815 1639/1861/1816
f 934/1855/1810 1639/1861/1816 1636/489/446
f 1635/453/415 921/452/414 924/1845/1800
f 1637/1859/1814 924/1845/1800 923/1847/1802
f 1638/1860/1815 923/1847/1802 922/1849/1804
f 1639/1861/1816 922/1849/1804 920/455/416
f 937/458/419 1640/408/377 1642/1862/1817
f 948/1194/1818 1642/1868/1821 1641/516/471
f 1640/408/377 831/2101/1110 840/1864/1819
f 1642/1868/1821 833/1867/1105 830/517/472
f 1643/388/358 1645/1871/1825 806/1869/1822
f 1645/1870/1823 1644/475/433 793/1135/1082
f 1643/388/358 899/446/410 907/1186/1131
f 907/1872/1826 898/477/2078 1644/475/433
f 973/553/505 1646/552/504 1648/1873/1827
f 976/1874/1828 1648/1873/1827 1649/1875/1829
f 975/1876/1831 1649/1875/1836 1650/1877/1832
f 1650/1877/1832 1647/2116/608 972/1879/644
f 1646/552/504 957/543/495 959/1880/1834
f 1648/1873/1827 959/1880/1834 960/1881/1835
f 1649/1875/1836 960/1881/1874 961/1882/1837
f 961/1883/1837 958/563/514 1647/667/608
f 1651/1885/539 1653/1888/1839 981/1886/1838
f 1653/1888/1839 1654/1890/1845 980/1889/1840
f 1654/1890/1841 1655/1895/1847 979/1891/1842
f 979/1891/1842 1655/1895/1847 1652/647/591
f 962/1892/653 964/1893/1844 1653/1888/1839
f 964/1893/1844 965/1894/1913 1654/1890/1845
f 965/1894/1846 966/1965/1915 1655/1895/1847
f 1655/1895/1847 966/1965/1915 963/546/498
f 1656/657/600 1658/1897/1849 956/1896/1848
f 1658/1897/1849 1659/1899/1854 955/1898/1850
f 1659/1899/1851 1660/1903/1855 954/1900/1852
f 954/1900/1852 1660/1903/1855 1657/1901/487
f 973/553/505 976/1874/1828 1658/1897/1849
f 976/1874/1828 975/1876/1830 1659/1899/1854
f 975/1876/1831 974/1878/1833 1660/1903/1855
f 1660/1903/1855 974/1878/1833 972/1879/644
f 968/1904/626 1661/1911/506 1663/1905/1856
f 971/1906/1857 1663/1905/1856 1664/1907/1858
f 970/1908/1860 1664/1907/1863 1665/1909/1861
f 1665/1909/1861 1662/551/503 967/538/491
f 1661/1911/506 978/1887/490 981/1886/1838
f 1663/1905/1856 981/1886/1838 980/1889/1840
f 1664/1907/1863 980/1889/1843 979/1891/1842
f 979/1891/1842 977/549/501 1662/551/503
f 983/1912/627 1666/1919/621 1668/1913/1864
f 986/1914/1865 1668/1913/1864 1669/1915/1866
f 985/1916/1868 1669/1915/1871 1670/1917/1869
f 1670/1917/1869 1667/540/493 982/557/508
f 1666/1919/621 968/1904/626 971/1906/1857
f 1668/1913/1864 971/1906/1857 970/1908/1859
f 1669/1915/1871 970/1908/1860 969/1910/1862
f 969/1910/1862 967/538/491 1667/540/493
f 957/543/495 1671/542/494 1673/1920/1872
f 959/1880/1834 1673/1920/1872 1674/1921/1873
f 960/1881/1874 1674/1921/1878 1675/1922/1875
f 1675/1923/1875 1672/561/512 958/563/514
f 1671/542/494 987/572/522 989/1924/1876
f 1673/1920/1872 989/1924/1876 990/1925/1877
f 1674/1921/1878 990/1925/1882 991/1926/1879
f 991/1927/1879 988/560/511 1672/561/512
f 987/572/522 1676/581/531 1678/1928/1880
f 989/1924/1876 1678/1928/1880 1679/1929/1881
f 990/1925/1882 1679/1929/1886 1680/1930/1883
f 1680/1931/1883 1677/558/509 988/560/511
f 1676/581/531 997/580/530 999/1932/1884
f 1678/1928/1880 999/1932/1884 1000/1933/1885
f 1679/1929/1886 1000/1933/1904 1001/1934/1887
f 1001/1935/1887 998/570/521 1677/558/509
f 993/1936/654 1681/1943/647 1683/1937/1888
f 996/1938/1889 1683/1937/1888 1684/1939/1890
f 995/1940/1892 1684/1939/1895 1685/1941/1893
f 1685/1941/1893 1682/565/516 992/567/518
f 1681/1943/647 983/1912/627 986/1914/1865
f 1683/1937/1888 986/1914/1865 985/1916/1867
f 1684/1939/1895 985/1916/1868 984/1918/1870
f 984/1918/1870 982/557/508 1682/565/516
f 1686/695/634 1688/1945/1897 1023/1944/1896
f 1688/1945/1897 1689/1947/1899 1022/1946/1898
f 1689/1947/1899 1690/1952/1901 1021/1948/1900
f 1690/1949/1901 1687/661/602 1019/577/527
f 1003/1951/1171 1012/1225/1170 1688/1945/1897
f 1012/1225/1170 1006/1224/1174 1689/1947/1899
f 1006/1224/1174 1005/1212/1164 1690/1952/1901
f 1005/1953/1164 1002/2093/2053 1687/661/602
f 997/580/530 1691/680/620 1693/1954/1902
f 999/1932/1884 1693/1954/1906 1694/1955/1903
f 1000/1933/1904 1694/1955/1907 1695/1956/1905
f 1001/1935/1887 1695/1957/1905 1692/568/519
f 1691/680/620 1020/693/632 1023/1944/1896
f 1693/1954/1906 1023/1944/1896 1022/1946/1898
f 1694/1955/1907 1022/1946/1898 1021/1948/1900
f 1021/1950/1900 1019/577/527 1692/568/519
f 1003/1220/1171 1696/1961/633 1698/1958/1908
f 1010/1218/1169 1698/1958/1908 1699/1959/1909
f 1011/1221/1181 1699/1959/1911 1700/1960/1910
f 1016/1229/1177 1700/1960/1910 1697/574/524
f 1696/1961/633 993/1936/654 996/1938/1889
f 1698/1958/1908 996/1938/1889 995/1940/1891
f 1699/1959/1911 995/1940/1892 994/1942/1894
f 1700/1960/1910 994/1942/1894 992/567/518
f 1701/1962/546 1703/1963/1912 964/1893/1844
f 1703/1963/1912 1704/1964/1917 965/1894/1913
f 1704/1964/1914 1705/1969/1919 966/1965/1915
f 966/1965/1915 1705/1969/1919 1702/690/629
f 1029/1966/599 1031/1967/1916 1703/1963/1912
f 1031/1967/1916 1032/1968/1935 1704/1964/1917
f 1032/1968/1918 1033/1989/1937 1705/1969/1919
f 1705/1969/1919 1033/1989/1937 1030/586/536
f 1706/504/459 1708/1971/1921 1028/1970/1920
f 1708/1971/1921 1709/1973/1926 1027/1972/1922
f 1709/1973/1923 1710/1977/1927 1026/1974/1924
f 1026/1974/1924 1710/1977/1927 1707/1975/532
f 953/506/461 956/1896/1848 1708/1971/1921
f 956/1896/1848 955/1898/1850 1709/1973/1926
f 955/1898/1853 954/1900/1852 1710/1977/1927
f 1710/1977/1927 954/1900/1852 952/1902/496
f 1041/1248/1200 1711/671/611 1713/1978/1928
f 1051/1246/1198 1713/1978/1928 1714/1979/1929
f 1052/1238/1188 1714/1979/1929 1715/1980/1930
f 1043/1981/1184 1715/1985/1930 1712/648/592
f 1711/671/611 1034/673/613 1036/1982/1931
f 1713/1978/1928 1036/1982/1931 1037/1983/1932
f 1714/1979/1929 1037/1983/1932 1038/1984/1933
f 1715/1985/1930 1038/2117/1933 1035/592/542
f 1716/1986/612 1718/1987/1934 1031/1967/1916
f 1718/1987/1934 1719/1988/1939 1032/1968/1935
f 1719/1988/1936 1720/1990/1938 1033/1989/1937
f 1720/1990/1938 1717/594/544 1030/586/536
f 1041/1991/1200 1053/1252/1199 1718/1987/1934
f 1053/1252/1199 1048/1251/1202 1719/1988/1939
f 1048/1251/1940 1047/1243/1193 1720/1990/1938
f 1047/1243/1193 1040/1240/1190 1717/594/544
f 1721/674/614 1723/1992/1941 1036/1982/1931
f 1723/1992/1941 1724/1993/1943 1037/1983/1932
f 1724/1993/1942 1725/1996/1944 1038/1984/1933
f 1038/1984/1933 1725/1996/1944 1722/1994/540
f 1025/702/641 1028/1970/1920 1723/1992/1941
f 1028/1970/1920 1027/1972/1922 1724/1993/1943
f 1027/1972/1925 1026/1974/1924 1725/1996/1944
f 1026/1974/1924 1024/1976/534 1722/1994/540
f 1726/670/610 1728/1998/1946 1080/1997/1945
f 1728/1998/1946 1729/2000/1948 1079/1999/1947
f 1729/2000/1948 1730/2002/1950 1078/2001/1949
f 1730/2002/1950 1727/712/651 1076/713/652
f 1061/619/566 1063/2003/1951 1728/1998/1946
f 1063/2003/1951 1064/2004/1952 1729/2000/1948
f 1064/2004/1952 1065/2005/1953 1730/2002/1950
f 1065/2005/1953 1062/711/650 1727/712/651
f 1082/613/560 1731/612/559 1733/2006/1954
f 1085/2007/1955 1733/2006/1954 1734/2008/1956
f 1084/2009/1957 1734/2008/1956 1735/2010/1958
f 1083/2011/1959 1735/2010/1958 1732/651/595
f 1731/612/559 1066/616/563 1068/2012/1960
f 1733/2006/1954 1068/2012/1960 1069/2013/1961
f 1734/2008/1956 1069/2013/1961 1070/2014/1962
f 1735/2010/1958 1070/2014/1962 1067/652/596
f 1057/609/556 1736/600/548 1738/2015/1963
f 1060/2016/1964 1738/2015/1963 1739/2017/1965
f 1059/2018/1966 1739/2017/1965 1740/2019/1967
f 1058/2020/1968 1740/2019/1967 1737/668/609
f 1736/600/548 1077/599/547 1080/1997/1945
f 1738/2015/1963 1080/1997/1945 1079/1999/1947
f 1739/2017/1965 1079/1999/1947 1078/2001/1949
f 1740/2019/1967 1078/2001/1949 1076/713/652
f 1741/614/561 1743/2022/1970 1075/2021/1969
f 1743/2022/1970 1744/2024/1972 1074/2023/1971
f 1744/2024/1972 1745/2026/1974 1073/2025/1973
f 1745/2026/1974 1742/689/628 1071/706/645
f 1082/613/560 1085/2007/1955 1743/2022/1970
f 1085/2007/1955 1084/2009/1957 1744/2024/1972
f 1084/2009/1957 1083/2011/1959 1745/2026/1974
f 1083/2011/1959 1081/654/598 1742/689/628
f 1746/605/552 1748/2028/1976 1090/2027/1975
f 1748/2028/1976 1749/2030/1978 1089/2029/1977
f 1749/2030/1978 1750/2032/1980 1088/2031/1979
f 1750/2032/1980 1747/622/569 1086/606/553
f 1072/653/597 1075/2021/1969 1748/2028/1976
f 1075/2021/1969 1074/2023/1971 1749/2030/1978
f 1074/2023/1971 1073/2025/1973 1750/2032/1980
f 1073/2025/1973 1071/706/645 1747/622/569
f 1751/620/567 1753/2033/1981 1063/2003/1951
f 1753/2033/1981 1754/2034/1982 1064/2004/1952
f 1754/2034/1982 1755/2035/1983 1065/2005/1953
f 1755/2035/1983 1752/602/550 1062/711/650
f 1091/625/572 1093/2036/1984 1753/2033/1981
f 1093/2036/1984 1094/2037/1985 1754/2034/1982
f 1094/2037/1985 1095/2038/1986 1755/2035/1983
f 1095/2038/1986 1092/666/607 1752/602/550
f 1756/626/573 1758/2039/1987 1093/2036/1984
f 1758/2039/1987 1759/2040/1988 1094/2037/1985
f 1759/2040/1988 1760/2041/1989 1095/2038/1986
f 1760/2041/1989 1757/707/646 1092/666/607
f 1101/630/577 1103/2042/1990 1758/2039/1987
f 1103/2042/1990 1104/2043/1991 1759/2040/1988
f 1104/2043/1991 1105/2044/1992 1760/2041/1989
f 1105/2044/1992 1102/704/643 1757/707/646
f 1761/621/568 1763/2046/1994 1100/2045/1993
f 1763/2046/1994 1764/2048/1996 1099/2047/1995
f 1764/2048/1996 1765/2050/1998 1098/2049/1997
f 1765/2050/1998 1762/608/555 1096/629/576
f 1087/683/623 1090/2027/1975 1763/2046/1994
f 1090/2027/1975 1089/2029/1977 1764/2048/1996
f 1089/2029/1977 1088/2031/1979 1765/2050/1998
f 1088/2031/1979 1086/606/553 1762/608/555
f 1124/710/649 1766/665/606 1768/2051/1999
f 1127/2052/2000 1768/2051/1999 1769/2053/2001
f 1126/2054/2002 1769/2053/2001 1770/2055/2003
f 1125/2056/2004 1770/2055/2003 1767/697/636
f 1766/665/606 1106/664/605 1109/1255/1205
f 1768/2051/1999 1109/1255/1205 1119/1259/1209
f 1769/2053/2001 1119/1259/1209 1118/1265/1217
f 1770/2055/2003 1118/1265/1217 1108/698/637
f 1771/632/579 1773/2057/2005 1103/2042/1990
f 1773/2057/2005 1774/2058/2006 1104/2043/1991
f 1774/2058/2006 1775/2059/2007 1105/2044/1992
f 1775/2059/2007 1772/684/624 1102/704/643
f 1124/710/649 1127/2052/2000 1773/2057/2005
f 1127/2052/2000 1126/2054/2002 1774/2058/2006
f 1126/2054/2002 1125/2056/2004 1775/2059/2007
f 1125/2056/2004 1123/699/638 1772/684/624
f 1776/627/574 1778/2060/2008 1113/1263/1213
f 1778/2060/2008 1779/2061/2009 1114/1268/1220
f 1779/2061/2009 1780/2062/2010 1120/1266/1218
f 1780/2062/2010 1777/696/635 1108/698/637
f 1097/709/648 1100/2045/1993 1778/2060/2008
f 1100/2045/1993 1099/2047/1995 1779/2061/2009
f 1099/2047/1995 1098/2049/1997 1780/2062/2010
f 1098/2049/1997 1096/629/576 1777/696/635
f 1066/616/563 1781/637/582 1783/2063/2011
f 1068/2012/1960 1783/2063/2011 1784/2064/2012
f 1069/2013/1961 1784/2064/2012 1785/2065/2013
f 1070/2014/1962 1785/2065/2013 1782/691/630
f 1781/637/582 1133/638/583 1135/2066/2014
f 1783/2063/2011 1135/2066/2014 1136/2067/2015
f 1784/2064/2012 1136/2067/2015 1137/2068/2016
f 1785/2065/2013 1137/2068/2016 1134/658/601
f 1129/639/584 1786/610/557 1788/2069/2017
f 1132/2070/2018 1788/2069/2017 1789/2071/2019
f 1131/2072/2020 1789/2071/2019 1790/2073/2021
f 1130/2074/2022 1790/2073/2021 1787/643/587
f 1786/610/557 1057/609/556 1060/2016/1964
f 1788/2069/2017 1060/2016/1964 1059/2018/1966
f 1789/2071/2019 1059/2018/1966 1058/2020/1968
f 1790/2073/2021 1058/2020/1968 1056/634/581
f 1791/650/594 1793/2075/2023 1146/1271/1224
f 1793/2075/2023 1794/2076/2024 1147/1280/1233
f 1794/2076/2024 1795/2077/2025 1154/1276/1229
f 1795/2077/2025 1792/678/618 1144/1277/1230
f 1138/646/590 1140/2078/2026 1793/2075/2023
f 1140/2078/2026 1141/2079/2027 1794/2076/2024
f 1141/2079/2027 1142/2080/2028 1795/2077/2025
f 1142/2080/2028 1139/675/615 1792/678/618
f 1133/638/583 1796/644/588 1798/2081/2029
f 1135/2066/2014 1798/2081/2029 1799/2082/2030
f 1136/2067/2015 1799/2082/2030 1800/2083/2031
f 1137/2068/2016 1800/2083/2031 1797/677/617
f 1796/644/588 1145/645/589 1157/1283/1237
f 1798/2081/2029 1157/1283/1237 1153/1278/1231
f 1799/2082/2030 1153/1278/1231 1152/1275/1228
f 1800/2083/2031 1152/1275/1228 1144/1277/1230
f 1138/646/590 1801/640/585 1803/2084/2032
f 1140/2078/2026 1803/2084/2032 1804/2085/2033
f 1141/2079/2027 1804/2085/2033 1805/2086/2034
f 1142/2080/2028 1805/2086/2034 1802/676/616
f 1801/640/585 1129/639/584 1132/2070/2018
f 1803/2084/2032 1132/2070/2018 1131/2072/2020
f 1804/2085/2033 1131/2072/2020 1130/2074/2022
f 1805/2086/2034 1130/2074/2022 1128/642/586
f 1145/645/589 1806/595/545 1808/2087/2035
f 1148/1270/1223 1808/2089/2037 1807/700/639
f 1806/595/545 1040/1240/1190 1042/1242/2036
f 1808/2089/2037 1042/2118/1185 1039/701/640
f 1004/576/526 1809/575/525 1811/2090/2038
f 1811/2092/2039 1810/662/2043 1002/2093/2040
f 1809/575/525 1107/633/580 1115/1262/1212
f 1115/2094/2042 1106/664/2079 1810/662/2043
f 444/822/765 439/821/760 440/817/2046
