# Blender 5.2.2 LTS
# www.blender.org
mtllib Holocron_Esquina_5.mtl
o Holocron.006
v -53.016262 2.463989 -3.273659
v -53.020729 1.289780 -2.066676
v -53.017963 2.014574 -2.906140
v -53.019478 1.616568 -2.492161
v -53.021847 0.996064 -1.562920
v -53.014130 3.028468 -3.617857
v -53.127941 2.468027 -3.269578
v -53.132404 1.293814 -2.062594
v -53.129642 2.018612 -2.902059
v -53.131157 1.620602 -2.488079
v -53.133522 1.000100 -1.558838
v -53.125809 3.032504 -3.613775
v -53.069199 3.239836 -3.485414
v -53.071590 2.605821 -3.113625
v -53.073292 2.156182 -2.746360
v -53.072613 2.326195 -3.429612
v -53.070744 2.821135 -3.746217
v -53.078110 0.883914 -1.770711
v -53.077080 1.151918 -2.222702
v -53.074314 1.877004 -3.061838
v -53.068604 3.388543 -4.040842
v -53.076054 1.431676 -1.906568
v -53.077259 1.112247 -1.351046
v -53.074806 1.758389 -2.332135
v -53.079018 0.649077 -1.273386
v -53.075829 1.478780 -2.648104
v -53.166988 0.426601 0.066826
v -53.166431 0.496518 -4.338947
v -53.157269 4.905038 -4.257349
v -52.926022 0.498997 -4.581002
v -48.514614 0.500997 -4.577282
v -52.916832 4.916191 -4.499239
v -52.927498 0.256204 -4.346178
v -52.910599 0.192971 0.069398
v -48.531281 0.271553 -4.378127
v -51.930843 0.356344 -2.277529
v -50.727161 0.360624 -3.455123
v -51.564587 0.358356 -2.727971
v -51.151726 0.359787 -3.127141
v -50.224232 0.360909 -3.750257
v -52.273457 0.353355 -1.712093
v -51.927185 0.244614 -2.274781
v -50.723503 0.248891 -3.452375
v -51.560928 0.246624 -2.725224
v -51.148071 0.248055 -3.124393
v -50.213997 0.256336 -3.756318
v -52.269798 0.241625 -1.709346
v -52.140640 0.295363 -1.501744
v -51.770634 0.298780 -2.136793
v -51.404633 0.300792 -2.587460
v -52.087399 0.302180 -2.415517
v -52.402615 0.299616 -1.919695
v -50.425987 0.310572 -3.868319
v -50.883789 0.306459 -3.593176
v -51.720886 0.304187 -2.865736
v -52.695644 0.296411 -1.351468
v -50.566875 0.303058 -3.314323
v -50.012241 0.306674 -3.638257
v -50.991524 0.302220 -2.986412
v -51.308273 0.305621 -3.265121
v -50.833755 1.473749 -4.463504
v -52.018478 2.669725 -4.422621
v -51.286030 1.837723 -4.458995
v -51.687660 2.247935 -4.444563
v -52.316055 3.165220 -4.393182
v -50.267139 1.133178 -4.455319
v -50.820648 1.491060 -4.573200
v -52.005371 2.687037 -4.532318
v -51.272919 1.855031 -4.568692
v -51.674549 2.265247 -4.554260
v -52.302948 3.182533 -4.502881
v -50.254028 1.150489 -4.565016
v -50.053627 1.271760 -4.476698
v -50.689861 1.639580 -4.487637
v -51.142357 2.003299 -4.483176
v -50.964542 1.325230 -4.549068
v -50.467545 1.011909 -4.543638
v -52.421909 2.969364 -4.478052
v -52.149330 2.521132 -4.508200
v -51.416592 1.689454 -4.544510
v -49.898617 0.720565 -4.529354
v -51.874519 2.835629 -4.446738
v -52.197090 3.378388 -4.418012
v -51.543774 2.413759 -4.468698
v -52.662010 3.462684 -4.439692
v -51.818439 2.099426 -4.530126
v -53.018753 1.807504 -2.702460
v -53.017132 2.234263 -3.097017
v -53.020134 1.444476 -2.280798
v -53.021275 1.146662 -1.839635
v -53.022491 0.821827 -1.208114
v -53.015324 2.711950 -3.440146
v -53.012531 3.453474 -3.825126
v -53.130428 1.811538 -2.698379
v -53.128807 2.238299 -3.092935
v -53.131813 1.448514 -2.276716
v -53.132954 1.150696 -1.835553
v -53.134171 0.825862 -1.204032
v -53.127003 2.715986 -3.436064
v -53.124207 3.457510 -3.821045
v -53.070618 2.862529 -3.283499
v -53.072460 2.375953 -2.937141
v -53.071709 2.565405 -3.592714
v -53.077614 1.012015 -2.002132
v -53.073483 2.096607 -3.252811
v -53.066525 3.945210 -4.048820
v -53.076611 1.285344 -1.673057
v -53.074078 1.949191 -2.542589
v -53.067039 3.812452 -3.751495
v -53.079029 0.634682 -0.804726
v -53.069698 3.098533 -3.894677
v -53.078571 0.764317 -1.525907
v -53.075462 1.586365 -2.120700
v -53.078094 0.883373 -0.886239
v -53.075100 1.669854 -2.858249
v -53.076485 1.306626 -2.436814
v -52.679443 0.269059 -2.262242
v -50.843712 2.573910 -4.493333
v -53.114323 2.566060 -4.057291
v -51.447666 1.956555 -2.837592
v -53.166710 0.461559 -2.136061
v -53.161850 2.700778 -4.298149
v -53.162128 2.665820 -2.095263
v -50.720318 0.499997 -4.579144
v -52.921425 2.707595 -4.540121
v -50.715721 2.708595 -4.538261
v -52.919048 0.224587 -2.138391
v -50.729389 0.263877 -4.362153
v -50.720940 0.232262 -2.154366
v -51.463097 0.318827 -2.875885
v -53.068027 1.933326 -2.846339
v -51.457535 1.960203 -4.457367
v -53.114563 2.534458 -2.223358
v -50.847637 0.730547 -4.528521
v -50.858147 0.299218 -4.123592
v -53.118465 0.699767 -2.258382
v -52.681236 2.578882 -4.493492
v -51.361488 0.359148 -2.935614
v -51.754845 0.357417 -2.507750
v -50.940845 0.360278 -3.299824
v -50.500523 0.360832 -3.598879
v -49.869919 0.360878 -3.925491
v -52.096634 0.355093 -2.029105
v -52.479534 0.350900 -1.286511
v -51.357834 0.247415 -2.932866
v -51.751190 0.245685 -2.505002
v -50.937191 0.248545 -3.297076
v -50.496044 0.249996 -3.597233
v -49.845699 0.271516 -3.950271
v -52.092979 0.243360 -2.026357
v -52.475880 0.239169 -1.283763
v -51.939785 0.297473 -1.879612
v -51.594795 0.299852 -2.367153
v -52.249828 0.300980 -2.175851
v -50.662792 0.307146 -3.734434
v -51.911243 0.303249 -2.645598
v -52.702065 0.292153 -0.794795
v -50.333775 0.303681 -3.461679
v -51.201443 0.301581 -2.795022
v -52.405117 0.292004 -0.928389
v -49.447540 0.326396 -4.140838
v -52.550297 0.298065 -1.641884
v -50.167564 0.318673 -4.001070
v -50.780571 0.302711 -3.159032
v -49.548054 0.313719 -3.874692
v -51.517879 0.304978 -3.073458
v -51.097466 0.306113 -3.437868
v -51.494843 2.039524 -4.452867
v -51.064804 1.648656 -4.462522
v -51.861717 2.457442 -4.434505
v -52.163708 2.894350 -4.408784
v -52.491344 3.508481 -4.376153
v -50.584671 1.308962 -4.461713
v -49.841164 0.928270 -4.443038
v -51.481731 2.056837 -4.562562
v -51.051697 1.665967 -4.572219
v -51.848606 2.474752 -4.544203
v -52.150597 2.911660 -4.518483
v -52.478233 3.525792 -4.485851
v -50.571556 1.326273 -4.571409
v -49.828053 0.945581 -4.552735
v -50.432014 1.471448 -4.485488
v -50.921047 1.814330 -4.486685
v -50.724213 1.163786 -4.547633
v -52.291431 2.739849 -4.494275
v -51.195454 1.500295 -4.548056
v -49.343933 0.713826 -4.482190
v -52.022873 3.066162 -4.432992
v -51.351089 2.205193 -4.477030
v -49.479866 1.008770 -4.458596
v -52.674572 3.903512 -4.413220
v -50.189346 0.865085 -4.537177
v -52.544086 3.212188 -4.459515
v -51.717766 2.623334 -4.458626
v -52.425491 3.822081 -4.402493
v -51.625484 1.891168 -4.538399
v -51.992558 2.308860 -4.520083
v -53.020679 2.308920 -3.448911
v -53.016823 2.310529 -3.447076
v -53.019207 2.308649 -3.449211
v -53.017960 2.308860 -3.448967
v -53.017120 2.309518 -3.448216
v -53.020039 1.463130 -2.665550
v -53.023895 1.461505 -2.667403
v -53.020336 1.462115 -2.666698
v -53.021172 1.461451 -2.667453
v -53.022423 1.461236 -2.667701
v -53.015701 2.617440 -3.100256
v -53.019665 2.619309 -3.098161
v -53.015999 2.618471 -3.099092
v -53.016857 2.619189 -3.098284
v -53.018143 2.619483 -3.097958
v -53.022881 1.771878 -2.316673
v -53.018917 1.770003 -2.318773
v -53.021362 1.772049 -2.316470
v -53.020073 1.771756 -2.316798
v -53.019215 1.771035 -2.317607
v -53.022377 1.859728 -3.081139
v -53.018524 1.861336 -3.079305
v -53.020908 1.859458 -3.081437
v -53.019657 1.859670 -3.081193
v -53.018822 1.860328 -3.080445
v -53.021366 2.169668 -2.730896
v -53.017406 2.167807 -2.732983
v -53.019848 2.169842 -2.730692
v -53.018559 2.169550 -2.731017
v -53.017704 2.168836 -2.731821
v -53.024136 1.445160 -1.891107
v -53.020164 1.443255 -1.893242
v -53.022614 1.445332 -1.890907
v -53.021324 1.445031 -1.891241
v -53.020466 1.444301 -1.892062
v -53.021286 1.136305 -2.240108
v -53.025162 1.134647 -2.241996
v -53.021584 1.135275 -2.241271
v -53.022427 1.134602 -2.242037
v -53.023682 1.134382 -2.242292
v -53.025349 1.125731 -1.335587
v -53.021370 1.124306 -1.338704
v -53.023823 1.125941 -1.335459
v -53.022530 1.125742 -1.336007
v -53.021667 1.125167 -1.337147
v -53.022320 0.867822 -1.787137
v -53.026215 0.866652 -1.789997
v -53.022621 0.866979 -1.788673
v -53.023464 0.866460 -1.789757
v -53.024727 0.866346 -1.790222
v -53.027153 0.633745 -0.325050
v -53.023129 0.638987 -0.337617
v -53.027122 0.635627 -0.324493
v -53.025616 0.634453 -0.327887
v -53.024311 0.635698 -0.331271
v -53.025784 0.634667 -0.325665
v -53.024509 0.635673 -0.327866
v -53.024910 0.635804 -0.326383
v -53.023430 0.639033 -0.334351
v -53.024296 0.638412 -0.330711
v -53.023438 0.637291 -0.334688
v -53.023880 0.637159 -0.330802
v -53.024502 0.636825 -0.327627
v -53.027496 0.634213 -0.323155
v -53.025593 0.637215 -0.327249
v -53.025772 0.635965 -0.325362
v -53.025879 0.635020 -0.324347
v -53.027153 0.631824 -1.292660
v -53.023224 0.634785 -1.293819
v -53.025654 0.631651 -1.293195
v -53.024384 0.632153 -1.293602
v -53.023529 0.633253 -1.293822
v -53.018826 2.803863 -3.765512
v -53.014950 2.806560 -3.764318
v -53.017345 2.803674 -3.765861
v -53.016090 2.804121 -3.765755
v -53.015247 2.805135 -3.765213
v -53.013313 3.250291 -3.471448
v -53.017273 3.253323 -3.469950
v -53.013611 3.251768 -3.470512
v -53.014465 3.252862 -3.469900
v -53.015755 3.253408 -3.469702
v -53.012825 3.370620 -4.057296
v -53.016708 3.371282 -4.060126
v -53.013119 3.370477 -4.058823
v -53.013962 3.370553 -4.059896
v -53.015224 3.370836 -4.060352
v -53.012558 4.510958 -4.041420
v -53.012539 4.511441 -4.039598
v -53.008617 4.497500 -4.036242
v -53.012772 4.512282 -4.041324
v -53.011044 4.507915 -4.040707
v -53.011185 4.510169 -4.040464
v -53.011265 4.511497 -4.040103
v -53.010326 4.509327 -4.039322
v -53.011032 4.508461 -4.037990
v -53.009754 4.504764 -4.036788
v -53.012764 4.512547 -4.040338
v -53.011181 4.510426 -4.039190
v -53.009937 4.507993 -4.038319
v -53.008911 4.500636 -4.037902
v -53.009762 4.504292 -4.039469
v -53.008907 4.500916 -4.036171
v -53.009335 4.504672 -4.038002
v -53.009941 4.507792 -4.039455
v -53.128380 2.347645 -3.405614
v -53.124550 2.343473 -3.410311
v -53.128090 2.346440 -3.406973
v -53.127262 2.345224 -3.408344
v -53.126019 2.344182 -3.409515
v -53.127762 1.496056 -2.628804
v -53.131599 1.500243 -2.624089
v -53.129234 1.496767 -2.628007
v -53.130478 1.497813 -2.626832
v -53.131310 1.499034 -2.625456
v -53.123516 2.592333 -3.129089
v -53.127499 2.588396 -3.133556
v -53.125038 2.591718 -3.129792
v -53.126328 2.590753 -3.130887
v -53.127193 2.589586 -3.132209
v -53.130714 1.740962 -2.352070
v -53.126732 1.744903 -2.347599
v -53.130409 1.742154 -2.350722
v -53.129543 1.743321 -2.349399
v -53.128250 1.744288 -2.348302
v -53.130081 1.898451 -3.037843
v -53.126251 1.894283 -3.042536
v -53.129795 1.897246 -3.039202
v -53.128963 1.896034 -3.040571
v -53.127724 1.894992 -3.041742
v -53.129204 2.138766 -2.766280
v -53.125217 2.142694 -2.761825
v -53.128895 2.139952 -2.764938
v -53.128033 2.141115 -2.763620
v -53.126740 2.142079 -2.762526
v -53.131966 1.414215 -1.926539
v -53.127972 1.418190 -1.922029
v -53.131657 1.415418 -1.925177
v -53.130791 1.416596 -1.923842
v -53.129498 1.417571 -1.922737
v -53.128998 1.169191 -2.203407
v -53.132847 1.173419 -2.198646
v -53.130474 1.169908 -2.202605
v -53.131721 1.170961 -2.201418
v -53.132557 1.172194 -2.200028
v -53.133167 1.095397 -1.372255
v -53.129173 1.098763 -1.366506
v -53.132858 1.096367 -1.370420
v -53.131992 1.097348 -1.368683
v -53.130699 1.098189 -1.367309
v -53.130013 0.901181 -1.751423
v -53.133881 0.904800 -1.745423
v -53.131493 0.901853 -1.750525
v -53.132751 0.902773 -1.749069
v -53.133587 0.903810 -1.747277
v -53.130932 0.607111 -0.355922
v -53.130943 0.608661 -0.355410
v -53.134918 0.611510 -0.374145
v -53.131279 0.607351 -0.354051
v -53.132462 0.607292 -0.360071
v -53.132526 0.607340 -0.357804
v -53.132545 0.607564 -0.356427
v -53.133305 0.608084 -0.359328
v -53.132465 0.609715 -0.359616
v -53.133755 0.610627 -0.364655
v -53.132526 0.608478 -0.357586
v -53.133617 0.608973 -0.361035
v -53.134624 0.609674 -0.369935
v -53.133759 0.608191 -0.364990
v -53.134617 0.611258 -0.369755
v -53.134182 0.609350 -0.365135
v -53.133621 0.607941 -0.361180
v -53.134781 0.671887 -1.252411
v -53.130894 0.666335 -1.254107
v -53.134491 0.670160 -1.252615
v -53.133648 0.668498 -1.253010
v -53.132385 0.667156 -1.253534
v -53.126507 2.843952 -3.723019
v -53.122665 2.838408 -3.726922
v -53.126221 2.842223 -3.724073
v -53.125389 2.840562 -3.725184
v -53.124142 2.839223 -3.726184
v -53.121120 3.226348 -3.500876
v -53.125114 3.220952 -3.504591
v -53.122643 3.225622 -3.501523
v -53.123936 3.224340 -3.502454
v -53.124805 3.222700 -3.503531
v -53.120506 3.405810 -4.021554
v -53.124382 3.407750 -4.015881
v -53.121990 3.406354 -4.020679
v -53.123245 3.406912 -4.019294
v -53.124084 3.407403 -4.017611
v -53.116371 4.484015 -4.072041
v -53.120430 4.465259 -4.068089
v -53.116383 4.484468 -4.070523
v -53.117912 4.479756 -4.071980
v -53.119225 4.474699 -4.071208
v -53.117950 4.482069 -4.071889
v -53.119068 4.478606 -4.071384
v -53.118740 4.480493 -4.071198
v -53.120110 4.469729 -4.068248
v -53.119228 4.474954 -4.068769
v -53.120110 4.469605 -4.069839
v -53.119652 4.474517 -4.070065
v -53.119068 4.478715 -4.070354
v -53.116661 4.485886 -4.071773
v -53.117920 4.480126 -4.069569
v -53.117950 4.482247 -4.070760
v -53.117958 4.483467 -4.071644
v -53.161720 0.731385 -4.088060
v -53.161713 0.735717 -4.092239
v -53.165989 0.727054 -4.096954
v -53.161720 0.731738 -4.089684
v -53.161716 0.732685 -4.091049
v -53.163353 0.731081 -4.090017
v -53.163292 0.731418 -4.091033
v -53.163345 0.733806 -4.092622
v -53.164734 0.731489 -4.093652
v -53.161716 0.734084 -4.091946
v -53.163292 0.732766 -4.092323
v -53.165661 0.728734 -4.094830
v -53.165188 0.730116 -4.093753
v -53.164555 0.730855 -4.092377
v -49.014362 0.726420 -4.571854
v -49.013103 0.729434 -4.571795
v -49.000591 0.722160 -4.576136
v -49.012962 0.726645 -4.571849
v -49.011223 0.726113 -4.573484
v -49.009274 0.726006 -4.574303
v -49.007103 0.724984 -4.574875
v -49.012280 0.728276 -4.571817
v -49.010448 0.726876 -4.573412
v -49.003651 0.723228 -4.575813
v -49.006264 0.724660 -4.575328
v -53.162201 0.668331 -0.428712
v -53.166473 0.663642 -0.415054
v -53.162193 0.671324 -0.427409
v -53.163834 0.667944 -0.425666
v -53.162201 0.668538 -0.427307
v -53.166145 0.664751 -0.418014
v -53.165668 0.666304 -0.420669
v -53.162197 0.670158 -0.426602
v -53.163773 0.668657 -0.424765
v -53.153927 4.396584 -4.022355
v -53.153923 4.397776 -4.019315
v -53.158161 4.410466 -4.026753
v -53.153923 4.398696 -4.021430
v -53.155552 4.399566 -4.022653
v -53.156364 4.401680 -4.022803
v -53.155548 4.400651 -4.021720
v -53.157845 4.407076 -4.025033
v -53.157375 4.404717 -4.024209
v -52.655464 0.204953 -0.423497
v -52.652420 0.205122 -0.422438
v -52.658024 0.200874 -0.411048
v -52.654465 0.204773 -0.421426
v -52.655106 0.203429 -0.420778
v -52.654938 0.202635 -0.418691
v -52.654316 0.203517 -0.419485
v -52.656044 0.202147 -0.416284
v -52.656494 0.201221 -0.414042
v -52.655426 0.202098 -0.417443
v -52.657349 0.201219 -0.413321
v -52.680897 0.736339 -4.572168
v -52.689651 0.731997 -4.576513
v -52.685146 0.740608 -4.572086
v -52.682846 0.736034 -4.573804
v -52.682526 0.736667 -4.572163
v -52.683865 0.736359 -4.573741
v -52.685192 0.735805 -4.575012
v -52.686470 0.736411 -4.575182
v -52.687584 0.733687 -4.576157
v -52.686543 0.735059 -4.575659
v -52.684830 0.738977 -4.572118
v -52.683907 0.737593 -4.572145
v -52.685493 0.738713 -4.573755
v -52.685177 0.737681 -4.573716
v -52.677315 4.418814 -4.501873
v -52.681980 4.432775 -4.505919
v -52.674305 4.420050 -4.501851
v -52.677666 4.421823 -4.503451
v -52.677086 4.420214 -4.501847
v -52.677856 4.423954 -4.504235
v -52.680191 4.429379 -4.505641
v -52.679317 4.427009 -4.505202
v -52.675453 4.420882 -4.501834
v -52.676971 4.422825 -4.503376
v -52.688053 0.255041 -4.102444
v -52.691853 0.250924 -4.110521
v -52.683834 0.255118 -4.106786
v -52.688362 0.253441 -4.104483
v -52.687744 0.255074 -4.104078
v -52.688034 0.253518 -4.105431
v -52.688553 0.252276 -4.106714
v -52.690132 0.251215 -4.109090
v -52.688007 0.252116 -4.107878
v -52.689217 0.251665 -4.107913
v -52.685463 0.255115 -4.106430
v -52.686832 0.255100 -4.105478
v -52.685795 0.253485 -4.107069
v -52.686760 0.253540 -4.106717
v -49.046566 0.270391 -4.174536
v -49.035477 0.267662 -4.180917
v -49.045212 0.270371 -4.171377
v -49.045097 0.270408 -4.174309
v -49.043434 0.269376 -4.175755
v -49.040131 0.268456 -4.178391
v -49.037666 0.267855 -4.179499
v -49.044365 0.270398 -4.172599
v -49.044323 0.270410 -4.173628
v -53.156372 5.399612 -4.487947
v -53.152885 5.402215 -4.489069
v -53.151695 5.399632 -4.492560
v -53.156105 5.400702 -4.487421
v -53.155350 5.401580 -4.487447
v -53.156017 5.399632 -4.489726
v -53.155609 5.401593 -4.489467
v -53.154991 5.402874 -4.489409
v -53.151833 5.402143 -4.490399
v -53.151237 5.401628 -4.491529
v -53.154221 5.402112 -4.488027
v -53.153625 5.402794 -4.489800
v -53.153229 5.402894 -4.491157
v -53.153484 5.399642 -4.492221
v -53.155003 5.399642 -4.491225
v -53.151188 5.400745 -4.492288
v -53.153263 5.401610 -4.491787
v -53.154835 5.402040 -4.491019
v -53.162865 0.185081 0.549259
v -53.164024 0.188535 0.551208
v -53.167507 0.189555 0.548711
v -53.162369 0.185334 0.550113
v -53.162415 0.186081 0.550783
v -53.164642 0.185418 0.549120
v -53.164425 0.185797 0.550882
v -53.164391 0.186392 0.552015
v -53.165356 0.189523 0.551185
v -53.166485 0.190064 0.550702
v -53.162994 0.187203 0.551168
v -53.164780 0.187741 0.551867
v -53.166138 0.188097 0.551975
v -53.167156 0.187840 0.548823
v -53.166153 0.186388 0.548967
v -53.167240 0.190075 0.549833
v -53.166748 0.188056 0.550741
v -53.165985 0.186531 0.551232
v -53.166878 0.265987 -4.580935
v -53.162357 0.266030 -4.585490
v -53.162807 0.261476 -4.581499
v -53.166534 0.266011 -4.582679
v -53.165554 0.266028 -4.584157
v -53.166573 0.264268 -4.581081
v -53.166077 0.264350 -4.582727
v -53.165413 0.264410 -4.584044
v -53.165058 0.263438 -4.583707
v -53.162464 0.264318 -4.585210
v -53.162590 0.262849 -4.584352
v -53.164085 0.266035 -4.585144
v -53.164104 0.264375 -4.584715
v -53.164131 0.263041 -4.584131
v -53.164371 0.261828 -4.581387
v -53.165691 0.262808 -4.581240
v -53.162708 0.261851 -4.583050
v -53.164242 0.262352 -4.582912
v -53.165474 0.263021 -4.582787
v -48.028660 0.279842 -4.578431
v -48.026089 0.278920 -4.574921
v -48.027885 0.275435 -4.575027
v -48.027493 0.280393 -4.578138
v -48.026596 0.280412 -4.577366
v -48.028454 0.278168 -4.578182
v -48.026531 0.278423 -4.577782
v -48.025269 0.278490 -4.577174
v -48.025867 0.277575 -4.574242
v -48.026131 0.276443 -4.574022
v -48.026104 0.279891 -4.576237
v -48.025295 0.278131 -4.575909
v -48.025066 0.276792 -4.575745
v -48.028034 0.275784 -4.576340
v -48.028233 0.276742 -4.577448
v -48.026840 0.275691 -4.574298
v -48.026215 0.276183 -4.575956
v -48.025967 0.276926 -4.577209
v -53.075211 0.668146 -0.428704
v -53.075203 0.671141 -0.427401
v -53.070938 0.672500 -0.434638
v -53.075211 0.668152 -0.426843
v -53.075207 0.668724 -0.425942
v -53.073578 0.668673 -0.429612
v -53.073620 0.669188 -0.427014
v -53.072746 0.669670 -0.428124
v -53.073570 0.671439 -0.428408
v -53.072189 0.671803 -0.430137
v -53.075207 0.669773 -0.426138
v -53.071266 0.671030 -0.432823
v -53.072193 0.669687 -0.431059
v -53.071262 0.672175 -0.432325
v -53.071659 0.670652 -0.430389
v -53.072411 0.669574 -0.429069
v -53.074730 0.731200 -4.088052
v -53.070457 0.735450 -4.087970
v -53.074718 0.735532 -4.092230
v -53.073097 0.731520 -4.088046
v -53.071712 0.732440 -4.088028
v -53.074730 0.731553 -4.089676
v -53.073055 0.731939 -4.089708
v -53.071930 0.732685 -4.089611
v -53.070786 0.735478 -4.089602
v -53.071709 0.735505 -4.090982
v -53.070786 0.733819 -4.088001
v -53.071178 0.733810 -4.089674
v -53.071926 0.733914 -4.090796
v -53.074722 0.733897 -4.091938
v -53.074726 0.732500 -4.091042
v -53.073090 0.735525 -4.091906
v -53.073051 0.733846 -4.091547
v -53.073139 0.732708 -4.090818
v -53.066936 4.396399 -4.022346
v -53.062687 4.390295 -4.018198
v -53.066933 4.397591 -4.019308
v -53.065308 4.395465 -4.021846
v -53.063927 4.393980 -4.020885
v -53.066933 4.398259 -4.022269
v -53.065262 4.397295 -4.021717
v -53.064140 4.395975 -4.020925
v -53.064476 4.396914 -4.020795
v -53.063007 4.392619 -4.018442
v -53.063927 4.394823 -4.018735
v -53.063007 4.392161 -4.019602
v -53.063393 4.394609 -4.019893
v -53.066929 4.398903 -4.020627
v -53.066929 4.399137 -4.021667
v -53.065304 4.396567 -4.019041
v -53.065262 4.397820 -4.020380
v -52.680908 0.734674 -4.485191
v -52.685162 0.738946 -4.485109
v -52.680901 0.738853 -4.480850
v -52.682541 0.735003 -4.485186
v -52.683918 0.735929 -4.485168
v -52.680908 0.734968 -4.483555
v -52.682579 0.735363 -4.483508
v -52.683701 0.736115 -4.483577
v -52.684837 0.738914 -4.483480
v -52.683914 0.738886 -4.482098
v -52.684841 0.737315 -4.485141
v -52.684448 0.737241 -4.483472
v -52.683701 0.737303 -4.482346
v -52.680904 0.737231 -4.481206
v -52.680908 0.735866 -4.482155
v -52.682529 0.738863 -4.481174
v -52.682575 0.737200 -4.481598
v -52.682495 0.736091 -4.482368
v -49.014378 0.724760 -4.484875
v -49.020370 0.728954 -4.480536
v -49.013115 0.727773 -4.484818
v -49.015289 0.725245 -4.483236
v -49.016750 0.726213 -4.481834
v -49.012516 0.724793 -4.484875
v -49.013458 0.725337 -4.483192
v -49.013817 0.726247 -4.482386
v -49.018051 0.728669 -4.480865
v -49.015862 0.728343 -4.481794
v -49.018536 0.727515 -4.480886
v -49.016094 0.727180 -4.481284
v -49.014404 0.726989 -4.482037
v -49.011833 0.726424 -4.484844
v -49.011623 0.725379 -4.484864
v -49.014126 0.728029 -4.483182
v -49.012905 0.726662 -4.483168
v -52.677330 4.417152 -4.414897
v -52.674316 4.418386 -4.414875
v -52.673080 4.411008 -4.410755
v -52.677097 4.418552 -4.414873
v -52.677010 4.415732 -4.413294
v -52.676651 4.417428 -4.413320
v -52.676140 4.418509 -4.413341
v -52.675655 4.417312 -4.412446
v -52.673573 4.417141 -4.413269
v -52.673073 4.415304 -4.411920
v -52.675468 4.419221 -4.414858
v -52.675018 4.418098 -4.413308
v -52.674690 4.416788 -4.412073
v -52.674709 4.412407 -4.411051
v -52.676086 4.414065 -4.411944
v -52.672901 4.413148 -4.411038
v -52.674641 4.414824 -4.411478
v -52.675976 4.416258 -4.412081
v -52.686497 0.274242 -0.422196
v -52.683979 0.278223 -0.428173
v -52.683273 0.274032 -0.421094
v -52.686840 0.275754 -0.423556
v -52.686481 0.277041 -0.425169
v -52.686157 0.273993 -0.420811
v -52.686401 0.275557 -0.421876
v -52.686256 0.276797 -0.423014
v -52.685719 0.276378 -0.422016
v -52.683495 0.277876 -0.426218
v -52.683189 0.276959 -0.424186
v -52.685478 0.277909 -0.426791
v -52.685131 0.277418 -0.424478
v -52.684853 0.276760 -0.422593
v -52.684414 0.273880 -0.420214
v -52.685429 0.273864 -0.420114
v -52.683113 0.275608 -0.422387
v -52.684631 0.275486 -0.421319
v -52.685810 0.275430 -0.420834
v -52.687756 0.341998 -4.100832
v -52.683495 0.342061 -4.105092
v -52.683479 0.346241 -4.100753
v -52.687431 0.342028 -4.102462
v -52.686508 0.342050 -4.103844
v -52.687428 0.343626 -4.100801
v -52.687035 0.343697 -4.102472
v -52.686287 0.343630 -4.103598
v -52.683491 0.343685 -4.104736
v -52.683487 0.345049 -4.103788
v -52.685127 0.342062 -4.104767
v -52.685162 0.343726 -4.104345
v -52.685074 0.344833 -4.103577
v -52.685112 0.345922 -4.100760
v -52.686497 0.345006 -4.100777
v -52.683479 0.345946 -4.102388
v -52.685154 0.345562 -4.102438
v -52.686283 0.344817 -4.102367
v -49.019077 0.329295 -4.107969
v -49.017765 0.329232 -4.104813
v -49.023563 0.332057 -4.100518
v -49.017612 0.329285 -4.107728
v -49.016846 0.329268 -4.107042
v -49.020103 0.330375 -4.106422
v -49.018272 0.330323 -4.106098
v -49.017097 0.330283 -4.105616
v -49.017986 0.330884 -4.104469
v -49.018288 0.330304 -4.103020
v -49.019573 0.331216 -4.101575
v -49.016899 0.329252 -4.106019
v -49.022533 0.331869 -4.102390
v -49.021320 0.331276 -4.104464
v -49.021427 0.331831 -4.100695
v -49.020119 0.331545 -4.102723
v -49.019020 0.331148 -4.104495
v -52.106544 0.354383 -2.432145
v -52.104691 0.358211 -2.430496
v -52.106838 0.355858 -2.432397
v -52.106586 0.357105 -2.432172
v -52.105835 0.357930 -2.431505
v -51.325542 0.361653 -3.280084
v -51.327419 0.357830 -3.281750
v -51.326694 0.361373 -3.281099
v -51.327457 0.360548 -3.281772
v -51.327709 0.359304 -3.282001
v -51.757011 0.354479 -2.124574
v -51.754929 0.350487 -2.122756
v -51.755848 0.354164 -2.123549
v -51.755039 0.353297 -2.122844
v -51.754719 0.352005 -2.122566
v -50.975822 0.353927 -2.972377
v -50.977913 0.357921 -2.974199
v -50.975613 0.355443 -2.972186
v -50.975937 0.356737 -2.972465
v -50.976742 0.357605 -2.973172
v -51.740036 0.356399 -2.882365
v -51.738178 0.360219 -2.880716
v -51.740326 0.357872 -2.882616
v -51.740074 0.359115 -2.882391
v -51.739323 0.359939 -2.881724
v -51.388927 0.352500 -2.573423
v -51.391003 0.356493 -2.575233
v -51.388718 0.354019 -2.573232
v -51.389038 0.355309 -2.573509
v -51.389839 0.356180 -2.574211
v -50.551174 0.354756 -3.300290
v -50.553299 0.358757 -3.302142
v -50.550968 0.356277 -3.300101
v -50.551296 0.357572 -3.300386
v -50.552116 0.358441 -3.301103
v -50.901020 0.362491 -3.608105
v -50.902931 0.358661 -3.609803
v -50.902187 0.362208 -3.609132
v -50.902962 0.361382 -3.609816
v -50.903221 0.360136 -3.610052
v -49.996597 0.355147 -3.621538
v -49.999660 0.359050 -3.622654
v -49.996449 0.356629 -3.621213
v -49.996979 0.357893 -3.621312
v -49.998108 0.358743 -3.621818
v -50.448807 0.362772 -3.877861
v -50.451099 0.358925 -3.879419
v -50.450302 0.362489 -3.878730
v -50.451263 0.361660 -3.879332
v -50.451542 0.360408 -3.879573
v -48.987743 0.355802 -4.117908
v -48.999943 0.358959 -4.110790
v -48.986992 0.355967 -4.115884
v -48.990540 0.357012 -4.116487
v -48.993839 0.358037 -4.114636
v -48.986370 0.355671 -4.117877
v -48.988235 0.356915 -4.116316
v -48.990372 0.357893 -4.114737
v -48.988873 0.357594 -4.114768
v -48.996761 0.358718 -4.110847
v -48.993187 0.358068 -4.111835
v -48.997143 0.358719 -4.112635
v -48.993259 0.358377 -4.112951
v -48.985962 0.355762 -4.116783
v -48.989754 0.357100 -4.113604
v -48.987862 0.356959 -4.114961
v -49.941486 0.358831 -4.118523
v -49.957069 0.358604 -4.115012
v -49.956146 0.362619 -4.112289
v -49.945187 0.358840 -4.118251
v -49.949444 0.358800 -4.117489
v -49.944847 0.360283 -4.117439
v -49.948517 0.360226 -4.117065
v -49.951698 0.360170 -4.116671
v -49.952835 0.360990 -4.116020
v -49.957191 0.360152 -4.115101
v -49.957058 0.361460 -4.114615
v -49.953621 0.358716 -4.116350
v -49.954510 0.360159 -4.115913
v -49.955021 0.361317 -4.115409
v -49.952782 0.362332 -4.114065
v -49.948814 0.361512 -4.115874
v -49.956692 0.362328 -4.113627
v -49.954105 0.361902 -4.114808
v -49.951424 0.361343 -4.115970
v -52.421753 0.351808 -1.936318
v -52.420536 0.355644 -1.933580
v -52.422096 0.353287 -1.936489
v -52.421986 0.354538 -1.936028
v -52.421440 0.355366 -1.935007
v -52.126431 0.351070 -1.490690
v -52.124939 0.347068 -1.487708
v -52.125488 0.350753 -1.489219
v -52.124878 0.349881 -1.488136
v -52.124683 0.348588 -1.487605
v -52.711933 0.352455 -1.368708
v -52.714775 0.348574 -1.368083
v -52.713459 0.352167 -1.368850
v -52.714539 0.351329 -1.368782
v -52.715000 0.350067 -1.368512
v -52.692883 0.339622 -0.228489
v -52.691055 0.339625 -0.228011
v -52.687725 0.343693 -0.241913
v -52.692398 0.339309 -0.226608
v -52.692169 0.341169 -0.231515
v -52.691925 0.340998 -0.229266
v -52.691559 0.340900 -0.227937
v -52.690781 0.341859 -0.230099
v -52.689449 0.341163 -0.230980
v -52.688251 0.342475 -0.234665
v -52.690647 0.340995 -0.229012
v -52.689777 0.342262 -0.231433
v -52.689377 0.343373 -0.238780
v -52.690937 0.342487 -0.235129
v -52.687645 0.343366 -0.238505
v -52.689465 0.342902 -0.234748
v -52.690914 0.342266 -0.231632
v -52.063564 0.246077 -2.394779
v -52.068253 0.249968 -2.398888
v -52.064922 0.246384 -2.395975
v -52.066292 0.247231 -2.397176
v -52.067459 0.248488 -2.398199
v -51.289120 0.253400 -3.248488
v -51.284428 0.249517 -3.244375
v -51.288330 0.251927 -3.247799
v -51.287163 0.250669 -3.246776
v -51.285789 0.249825 -3.245574
v -51.786339 0.247072 -2.150829
v -51.790829 0.243149 -2.154798
v -51.787045 0.245559 -2.151460
v -51.788151 0.244282 -2.152436
v -51.789478 0.243435 -2.153608
v -51.011719 0.246592 -3.004416
v -51.007225 0.250516 -3.000447
v -51.010368 0.246879 -3.003227
v -51.009041 0.247725 -3.002055
v -51.007938 0.249003 -3.001079
v -51.697056 0.248085 -2.845003
v -51.701736 0.251969 -2.849103
v -51.698414 0.248390 -2.846196
v -51.699780 0.249237 -2.847394
v -51.700947 0.250493 -2.848415
v -51.424812 0.245162 -2.605453
v -51.420334 0.249084 -2.601496
v -51.423470 0.245450 -2.604268
v -51.422142 0.246295 -2.603100
v -51.421043 0.247572 -2.602127
v -50.587105 0.247428 -3.332355
v -50.582577 0.251361 -3.328357
v -50.585739 0.247716 -3.331155
v -50.584404 0.248566 -3.329974
v -50.583290 0.249846 -3.328992
v -50.864639 0.254240 -3.576543
v -50.859913 0.250356 -3.572402
v -50.863846 0.252765 -3.575852
v -50.862671 0.251509 -3.574823
v -50.861290 0.250662 -3.573611
v -50.033520 0.254382 -3.658682
v -50.027885 0.258204 -3.654975
v -50.031750 0.254660 -3.657672
v -50.030056 0.255483 -3.656614
v -50.028698 0.256728 -3.655666
v -50.400848 0.262176 -3.857208
v -50.394493 0.258293 -3.853967
v -50.399754 0.260705 -3.856690
v -50.398163 0.259449 -3.855894
v -50.396317 0.258603 -3.854937
v -49.018414 0.290648 -4.177543
v -49.017818 0.290311 -4.175901
v -49.033981 0.287288 -4.175646
v -49.022030 0.289461 -4.178201
v -49.019917 0.289362 -4.178083
v -49.018635 0.289286 -4.177803
v -49.021202 0.288667 -4.177734
v -49.021473 0.289107 -4.175688
v -49.025829 0.288109 -4.175565
v -49.016762 0.290247 -4.176738
v -49.019650 0.289194 -4.176905
v -49.022682 0.288342 -4.177041
v -49.030453 0.287642 -4.177174
v -49.026257 0.288404 -4.178072
v -49.030220 0.287473 -4.175549
v -49.026264 0.287934 -4.177094
v -49.022865 0.288466 -4.178103
v -49.835262 0.300362 -4.149465
v -49.835785 0.295753 -4.147061
v -49.849945 0.299627 -4.145796
v -49.835419 0.298829 -4.149832
v -49.835571 0.297414 -4.149505
v -49.838760 0.300229 -4.149150
v -49.837982 0.298765 -4.149373
v -49.837494 0.297551 -4.149310
v -49.839520 0.297831 -4.148847
v -49.839142 0.296126 -4.147183
v -49.843010 0.296997 -4.146986
v -49.835701 0.296332 -4.148531
v -49.838165 0.296792 -4.148420
v -49.840744 0.297369 -4.148222
v -49.846710 0.299830 -4.147165
v -49.842781 0.300043 -4.148342
v -49.846806 0.298223 -4.146499
v -49.843521 0.298473 -4.147769
v -49.840645 0.298685 -4.148812
v -52.379574 0.243506 -1.897587
v -52.383472 0.247421 -1.903070
v -52.380630 0.243817 -1.899308
v -52.381741 0.244670 -1.900954
v -52.382740 0.245934 -1.902275
v -52.156345 0.243658 -1.515779
v -52.160088 0.239741 -1.521209
v -52.156998 0.242146 -1.516522
v -52.157940 0.240872 -1.517815
v -52.159023 0.240027 -1.519461
v -52.676514 0.244235 -1.334849
v -52.670849 0.240320 -1.332979
v -52.675644 0.242743 -1.334327
v -52.674263 0.241475 -1.333788
v -52.672577 0.240624 -1.333314
v -52.723984 0.236238 -0.256528
v -52.720097 0.232382 -0.275338
v -52.722462 0.236219 -0.256081
v -52.723938 0.234746 -0.260803
v -52.723186 0.233489 -0.265876
v -52.723843 0.234684 -0.258490
v -52.723351 0.233603 -0.261968
v -52.723160 0.233909 -0.260080
v -52.720245 0.232651 -0.270862
v -52.720745 0.233475 -0.265632
v -52.721836 0.232659 -0.270982
v -52.722046 0.233063 -0.266065
v -52.722321 0.233596 -0.261862
v -52.723709 0.235931 -0.254663
v -52.721523 0.234727 -0.260441
v -52.722713 0.234675 -0.258316
v -52.723595 0.234662 -0.257096
v -50.985771 1.299863 -4.501387
v -50.984505 1.301229 -4.497219
v -50.986156 1.299390 -4.499986
v -50.986050 1.299485 -4.498702
v -50.985470 1.300131 -4.497730
v -51.838387 2.075444 -4.478273
v -51.839664 2.074060 -4.482449
v -51.839355 2.074337 -4.478787
v -51.839943 2.073685 -4.479761
v -51.840050 2.073587 -4.481047
v -50.683022 1.646255 -4.429791
v -50.680859 1.648808 -4.433310
v -50.681984 1.647448 -4.429863
v -50.681210 1.648353 -4.430557
v -50.680813 1.648829 -4.431767
v -51.534771 2.422987 -4.414372
v -51.536938 2.420429 -4.410853
v -51.534725 2.423007 -4.412830
v -51.535118 2.422529 -4.411620
v -51.535896 2.421623 -4.410927
v -51.437820 1.664085 -4.496825
v -51.436558 1.665452 -4.492661
v -51.438210 1.663615 -4.495425
v -51.438103 1.663709 -4.494143
v -51.437523 1.664353 -4.493172
v -51.133354 2.012530 -4.428849
v -51.135506 2.009984 -4.425330
v -51.133305 2.012552 -4.427309
v -51.133698 2.012074 -4.426098
v -51.134472 2.011173 -4.425404
v -51.865520 2.844857 -4.392416
v -51.867714 2.842268 -4.388903
v -51.865479 2.844877 -4.390875
v -51.865875 2.844393 -4.389665
v -51.866661 2.843475 -4.388972
v -52.169243 2.497189 -4.456339
v -52.170547 2.495775 -4.460537
v -52.170227 2.496068 -4.456858
v -52.170822 2.495407 -4.457837
v -52.170933 2.495306 -4.459128
v -52.188091 3.387618 -4.363690
v -52.189831 3.384110 -4.360166
v -52.188011 3.387568 -4.362146
v -52.188316 3.386883 -4.360933
v -52.188953 3.385670 -4.360240
v -52.442276 2.946347 -4.426198
v -52.443119 2.944025 -4.430415
v -52.443085 2.944874 -4.426715
v -52.443531 2.943916 -4.427697
v -52.443542 2.943618 -4.428997
v -52.678158 4.349214 -4.332644
v -52.673332 4.336957 -4.329110
v -52.676216 4.349741 -4.332550
v -52.677597 4.346428 -4.331255
v -52.676487 4.343122 -4.330099
v -52.678036 4.350554 -4.332777
v -52.677353 4.348567 -4.331262
v -52.676476 4.346370 -4.330088
v -52.676300 4.347815 -4.330382
v -52.673252 4.340124 -4.329207
v -52.673771 4.343666 -4.329895
v -52.674988 4.339797 -4.329343
v -52.675064 4.343526 -4.329556
v -52.675323 4.346601 -4.330000
v -52.676987 4.350842 -4.332725
v -52.674812 4.347043 -4.331069
v -52.676044 4.348857 -4.331173
v -52.676979 4.349836 -4.331248
v -52.683201 3.437361 -4.392091
v -52.680550 3.435789 -4.388574
v -52.683495 3.436651 -4.390717
v -52.683090 3.436104 -4.389565
v -52.682056 3.435801 -4.388813
v -50.488766 0.986547 -4.495968
v -50.486408 0.987278 -4.491770
v -50.489071 0.986024 -4.494563
v -50.488728 0.985980 -4.493271
v -50.487797 0.986421 -4.492291
v -50.047951 1.279023 -4.418882
v -50.044624 1.280987 -4.422374
v -50.046467 1.279993 -4.418942
v -50.045315 1.280706 -4.419628
v -50.044666 1.281055 -4.420833
v -49.920841 0.697565 -4.477580
v -49.919830 0.695218 -4.481705
v -49.920940 0.696084 -4.478065
v -49.920784 0.695117 -4.479020
v -49.920395 0.694814 -4.480298
v -48.784634 0.716219 -4.381113
v -48.784176 0.718030 -4.380839
v -48.798428 0.720860 -4.377717
v -48.783295 0.716348 -4.381206
v -48.787796 0.716743 -4.379779
v -48.785542 0.717004 -4.379708
v -48.784214 0.717378 -4.379635
v -48.786465 0.718038 -4.378794
v -48.787289 0.719440 -4.379403
v -48.791092 0.720475 -4.378305
v -48.783047 0.717328 -4.381058
v -48.785301 0.718269 -4.379530
v -48.787842 0.718983 -4.378400
v -48.795261 0.719254 -4.377942
v -48.791527 0.717805 -4.378666
v -48.795002 0.720973 -4.377713
v -48.791203 0.719219 -4.378040
v -48.788025 0.717854 -4.378553
v -50.938900 1.355730 -4.599648
v -50.943314 1.350599 -4.596753
v -50.940105 1.354340 -4.599622
v -50.941368 1.352879 -4.599063
v -50.942497 1.351563 -4.598056
v -51.797211 2.124789 -4.577806
v -51.792782 2.129940 -4.580701
v -51.796391 2.125758 -4.579110
v -51.795261 2.127078 -4.580118
v -51.793995 2.128546 -4.580677
v -50.698864 1.630349 -4.541962
v -50.702404 1.626379 -4.546756
v -50.699345 1.629832 -4.543602
v -50.700184 1.628895 -4.545088
v -50.701260 1.627684 -4.546196
v -51.556316 2.400556 -4.527817
v -51.552773 2.404527 -4.523024
v -51.555172 2.401858 -4.527257
v -51.554096 2.403070 -4.526148
v -51.553253 2.404011 -4.524662
v -51.390953 1.719951 -4.595090
v -51.395363 1.714827 -4.592197
v -51.392159 1.718565 -4.595065
v -51.393421 1.717103 -4.594505
v -51.394547 1.715791 -4.593499
v -51.154888 1.990108 -4.542294
v -51.151356 1.994070 -4.537504
v -51.153748 1.991407 -4.541734
v -51.152676 1.992617 -4.540628
v -51.151836 1.993551 -4.539142
v -51.887096 2.822392 -4.505867
v -51.883522 2.826400 -4.501061
v -51.885941 2.823709 -4.505303
v -51.884853 2.824934 -4.504191
v -51.884007 2.825880 -4.502703
v -52.128109 2.546490 -4.555865
v -52.123638 2.551688 -4.558770
v -52.127285 2.547463 -4.557175
v -52.126144 2.548795 -4.558187
v -52.124866 2.550277 -4.558744
v -52.209084 3.364001 -4.477126
v -52.206093 3.369159 -4.472332
v -52.208153 3.365760 -4.476565
v -52.207253 3.367357 -4.475460
v -52.206532 3.368551 -4.473970
v -52.400703 2.994712 -4.525692
v -52.396801 3.001081 -4.528633
v -52.399918 2.995779 -4.527012
v -52.398903 2.997364 -4.528035
v -52.397804 2.999224 -4.528604
v -52.695850 4.330760 -4.441381
v -52.694218 4.331285 -4.441185
v -52.691170 4.314023 -4.446099
v -52.695847 4.332098 -4.441483
v -52.695549 4.327031 -4.443114
v -52.695477 4.329226 -4.443006
v -52.695232 4.330556 -4.442908
v -52.694656 4.327887 -4.443828
v -52.693058 4.327482 -4.442904
v -52.692074 4.322865 -4.444441
v -52.694305 4.329444 -4.442904
v -52.693741 4.326300 -4.444191
v -52.693016 4.317972 -4.445667
v -52.694553 4.322537 -4.444621
v -52.691410 4.318140 -4.445563
v -52.693344 4.322474 -4.444974
v -52.694790 4.326158 -4.444270
v -52.634972 3.490259 -4.491153
v -52.640816 3.488010 -4.487298
v -52.636715 3.489986 -4.490785
v -52.638439 3.489465 -4.489923
v -52.639881 3.488770 -4.488698
v -50.440529 1.041616 -4.594195
v -50.446320 1.037271 -4.591314
v -50.442261 1.040532 -4.594178
v -50.443970 1.039325 -4.593624
v -50.445396 1.038178 -4.592619
v -50.062626 1.262529 -4.531020
v -50.067635 1.259304 -4.535853
v -50.063217 1.262069 -4.532661
v -50.064377 1.261292 -4.534158
v -50.065929 1.260323 -4.535278
v -49.877399 0.745920 -4.577012
v -49.875221 0.752018 -4.580015
v -49.876747 0.746964 -4.578331
v -49.876106 0.748489 -4.579365
v -49.875568 0.750267 -4.579956
v -48.802608 0.698065 -4.489686
v -48.821018 0.702423 -4.494786
v -48.802177 0.699574 -4.489482
v -48.806725 0.698297 -4.491558
v -48.811668 0.699206 -4.493184
v -48.804420 0.698397 -4.491390
v -48.807785 0.699020 -4.492724
v -48.805935 0.699171 -4.492223
v -48.816586 0.702235 -4.494119
v -48.811447 0.701628 -4.492877
v -48.816689 0.700654 -4.494318
v -48.811829 0.700390 -4.493484
v -48.807690 0.700047 -4.492595
v -48.801041 0.698894 -4.489677
v -48.806389 0.700692 -4.491248
v -48.804256 0.699515 -4.491246
v -48.803032 0.698643 -4.491253
v -53.019310 1.654190 -2.875708
v -53.023167 1.652578 -2.877550
v -53.019608 1.653180 -2.876851
v -53.020447 1.652519 -2.877602
v -53.021694 1.652308 -2.877847
v -53.016571 2.387579 -2.923765
v -53.020535 2.389441 -2.921677
v -53.016869 2.388608 -2.922603
v -53.017727 2.389323 -2.921799
v -53.019012 2.389617 -2.921473
v -53.017693 2.080937 -3.270280
v -53.021545 2.079330 -3.272112
v -53.017990 2.079931 -3.271418
v -53.018826 2.079272 -3.272166
v -53.020073 2.079063 -3.272410
v -53.018188 1.960811 -2.529216
v -53.022156 1.962679 -2.527126
v -53.018490 1.961842 -2.528054
v -53.019348 1.962559 -2.527248
v -53.020634 1.962853 -2.526922
v -53.019573 1.597963 -2.107354
v -53.023540 1.599851 -2.105238
v -53.019875 1.599003 -2.106180
v -53.020729 1.599727 -2.105367
v -53.022018 1.600025 -2.105035
v -53.020699 1.290992 -2.454242
v -53.024559 1.289353 -2.456110
v -53.020992 1.289972 -2.455396
v -53.021832 1.289303 -2.456156
v -53.023087 1.289086 -2.456407
v -53.021828 0.996352 -2.019402
v -53.025707 0.994748 -2.021422
v -53.022125 0.995343 -2.020616
v -53.022964 0.994684 -2.021426
v -53.024223 0.994475 -2.021710
v -53.020725 1.296975 -1.659864
v -53.024696 1.298828 -1.657596
v -53.021023 1.298001 -1.658632
v -53.021885 1.298715 -1.657768
v -53.023174 1.299004 -1.657405
v -53.023174 0.636886 -0.815723
v -53.027325 0.632813 -0.806616
v -53.023495 0.635281 -0.812282
v -53.024399 0.633944 -0.809345
v -53.025742 0.633078 -0.807355
v -53.022789 0.747211 -1.540196
v -53.026691 0.747059 -1.545187
v -53.023087 0.746754 -1.542552
v -53.023933 0.746565 -1.544327
v -53.025200 0.746673 -1.545253
v -53.022198 0.896451 -0.876013
v -53.026180 0.896855 -0.870780
v -53.022499 0.896922 -0.873646
v -53.023361 0.897167 -0.871821
v -53.024654 0.897142 -0.870814
v -53.014732 2.873998 -3.270052
v -53.018696 2.876015 -3.268035
v -53.015030 2.875087 -3.268918
v -53.015888 2.875853 -3.268136
v -53.017174 2.876179 -3.267826
v -53.015919 2.549882 -3.610261
v -53.019783 2.548131 -3.612010
v -53.016216 2.548818 -3.611370
v -53.017056 2.548113 -3.612092
v -53.018307 2.547873 -3.612317
v -53.010719 3.934308 -4.046764
v -53.014835 3.943341 -4.050707
v -53.011024 3.937719 -4.048320
v -53.011909 3.940634 -4.049616
v -53.013248 3.942609 -4.050456
v -53.011166 3.820472 -3.736419
v -53.015118 3.825938 -3.736032
v -53.011459 3.822881 -3.735909
v -53.012314 3.824765 -3.735656
v -53.013599 3.825839 -3.735699
v -53.013897 3.086124 -3.913918
v -53.017788 3.081264 -3.913967
v -53.014198 3.083870 -3.914379
v -53.015045 3.082156 -3.914548
v -53.016308 3.081240 -3.914403
v -53.127041 1.687130 -2.838948
v -53.130871 1.691306 -2.834248
v -53.128510 1.687841 -2.838152
v -53.129753 1.688884 -2.836980
v -53.130581 1.690099 -2.835608
v -53.124386 2.362467 -2.952605
v -53.128368 2.358537 -2.957063
v -53.125908 2.361852 -2.953307
v -53.127197 2.360888 -2.954401
v -53.128063 2.359725 -2.955719
v -53.125420 2.113885 -3.233510
v -53.129250 2.118053 -3.228818
v -53.126888 2.114594 -3.232715
v -53.128132 2.115636 -3.231544
v -53.128960 2.116849 -3.230176
v -53.126003 1.935703 -2.558053
v -53.129990 1.931771 -2.562513
v -53.127525 1.935087 -2.558755
v -53.128819 1.934124 -2.559849
v -53.129684 1.932959 -2.561169
v -53.127384 1.572877 -2.136163
v -53.131371 1.568923 -2.140651
v -53.128906 1.572260 -2.136868
v -53.130199 1.571291 -2.137968
v -53.131065 1.570120 -2.139297
v -53.128414 1.323901 -2.417516
v -53.132256 1.328106 -2.412781
v -53.129887 1.324614 -2.416717
v -53.131134 1.325663 -2.415536
v -53.131966 1.326890 -2.414155
v -53.129528 1.029284 -1.982840
v -53.133385 1.033450 -1.977908
v -53.131004 1.029994 -1.982024
v -53.132259 1.031036 -1.980801
v -53.133095 1.032249 -1.979356
v -53.128529 1.271860 -1.688517
v -53.132523 1.267950 -1.693192
v -53.130054 1.271245 -1.689236
v -53.131348 1.270286 -1.690377
v -53.132217 1.269129 -1.691766
v -53.130714 0.636550 -0.802837
v -53.134850 0.641701 -0.813293
v -53.132301 0.636987 -0.803586
v -53.133648 0.638122 -0.805837
v -53.134541 0.639775 -0.809246
v -53.130463 0.781580 -1.506623
v -53.134346 0.783910 -1.497912
v -53.131950 0.782152 -1.505519
v -53.133209 0.782798 -1.503475
v -53.134052 0.783415 -1.500805
v -53.130005 0.869889 -0.901698
v -53.133995 0.867819 -0.910127
v -53.131531 0.869412 -0.902704
v -53.132824 0.868853 -0.904660
v -53.133690 0.868293 -0.907265
v -53.122543 2.849041 -3.298962
v -53.126530 2.844917 -3.303329
v -53.124065 2.848410 -3.299657
v -53.125359 2.847405 -3.300732
v -53.126225 2.846180 -3.302021
v -53.123638 2.582682 -3.573414
v -53.127476 2.587033 -3.568822
v -53.125111 2.583406 -3.572627
v -53.126358 2.584485 -3.571477
v -53.127186 2.585759 -3.570141
v -53.118198 3.947076 -4.046930
v -53.122406 3.936862 -4.042000
v -53.119797 3.946343 -4.046508
v -53.121155 3.944148 -4.045424
v -53.122070 3.940817 -4.043840
v -53.118961 3.798965 -3.766959
v -53.122971 3.790545 -3.769291
v -53.120487 3.798007 -3.767498
v -53.121784 3.796072 -3.768133
v -53.122658 3.793451 -3.768761
v -53.121613 3.115802 -3.875383
v -53.125450 3.123994 -3.872876
v -53.123089 3.116819 -3.874753
v -53.124336 3.118734 -3.874053
v -53.125168 3.121252 -3.873394
v -53.064461 4.497952 -4.055059
v -53.064465 4.497485 -4.056735
v -53.064457 4.499117 -4.055720
v -53.079033 0.622143 -0.339951
v -53.079041 0.620422 -0.340489
v -53.079041 0.620868 -0.338500
v -53.167191 0.227763 -2.016051
v -53.162842 0.223275 -2.015924
v -53.166862 0.226037 -2.015331
v -53.165924 0.224578 -2.015054
v -53.164509 0.223607 -2.015263
v -50.595425 0.272931 -4.581961
v -50.595345 0.268455 -4.578243
v -50.594677 0.271243 -4.581694
v -50.594398 0.269799 -4.580893
v -50.594635 0.268819 -4.579681
v -50.595058 0.233727 -2.011856
v -50.595581 0.230255 -2.012727
v -50.594566 0.232388 -2.011406
v -50.594849 0.230507 -2.011878
v -53.157040 2.832958 -4.539022
v -53.161625 2.832855 -4.534452
v -53.158794 2.833699 -4.538671
v -53.160282 2.833939 -4.537675
v -53.161274 2.833642 -4.536194
v -53.158455 2.795374 -1.968930
v -53.161942 2.794552 -1.969628
v -53.159790 2.795835 -1.968440
v -53.161674 2.795389 -1.968819
v -50.589485 2.840569 -4.531994
v -50.590237 2.839760 -4.535495
v -50.589008 2.841057 -4.533317
v -50.588982 2.841074 -4.534446
v -53.161961 0.699858 -2.258386
v -53.166229 0.695358 -2.256072
v -53.163593 0.699517 -2.258210
v -53.164978 0.698544 -2.257708
v -53.165901 0.697083 -2.256957
v -53.162075 2.568703 -4.061842
v -53.157818 2.566152 -4.057296
v -53.161755 2.567729 -4.060102
v -53.160831 2.566904 -4.058629
v -53.159451 2.566349 -4.057642
v -53.162315 2.537088 -2.220896
v -53.158058 2.534552 -2.223362
v -53.161995 2.536120 -2.221839
v -53.161072 2.535299 -2.222639
v -53.159691 2.534747 -2.223174
v -50.847630 0.731380 -4.572011
v -50.845222 0.727083 -4.576324
v -50.847446 0.731076 -4.573645
v -50.846924 0.730155 -4.575039
v -50.846146 0.728752 -4.575979
v -52.681232 2.579710 -4.536983
v -52.685806 2.582225 -4.541218
v -52.681580 2.579929 -4.538610
v -52.682571 2.580481 -4.539987
v -52.684055 2.581289 -4.540903
v -50.841209 2.577430 -4.541027
v -50.843704 2.574740 -4.536821
v -50.842163 2.576425 -4.540723
v -50.842976 2.575562 -4.539817
v -50.843513 2.574970 -4.538446
v -52.674946 0.225902 -2.261011
v -52.671722 0.230102 -2.262968
v -52.673458 0.226228 -2.261784
v -52.672325 0.227141 -2.262427
v -52.671715 0.228501 -2.262843
v -50.863628 0.259294 -4.145753
v -50.865040 0.263075 -4.140490
v -50.864391 0.259561 -4.144291
v -50.864929 0.260373 -4.142776
v -50.865158 0.261609 -4.141443
v -50.845543 0.238378 -2.299717
v -50.846478 0.234272 -2.296204
v -50.851826 0.238260 -2.293174
v -50.846394 0.236820 -2.299244
v -50.846870 0.235494 -2.298409
v -50.847115 0.238348 -2.298080
v -50.847416 0.236853 -2.298074
v -50.847683 0.235651 -2.297826
v -50.847931 0.234579 -2.296268
v -50.849461 0.235443 -2.295713
v -50.846901 0.234597 -2.297342
v -50.848827 0.235631 -2.296635
v -50.850254 0.238290 -2.294810
v -50.848682 0.238319 -2.296445
v -50.850826 0.236736 -2.294628
v -50.849590 0.236814 -2.295812
v -50.848495 0.236872 -2.296976
v -53.070698 0.703961 -2.260426
v -53.074970 0.699673 -2.258378
v -53.071030 0.702314 -2.259641
v -53.071953 0.700923 -2.258977
v -53.073338 0.699994 -2.258533
v -53.070827 2.565966 -4.057288
v -53.066574 2.563754 -4.053069
v -53.069199 2.565795 -4.056966
v -53.067818 2.565313 -4.056051
v -53.066895 2.564599 -4.054682
v -53.071068 2.534365 -2.223355
v -53.066814 2.531399 -2.226420
v -53.069439 2.534136 -2.223587
v -53.068058 2.533494 -2.224251
v -53.067135 2.532532 -2.225247
v -50.849758 0.733902 -4.480692
v -50.847641 0.729715 -4.485034
v -50.848949 0.732275 -4.481047
v -50.848263 0.730908 -4.481997
v -50.847805 0.730011 -4.483397
v -52.676991 2.575820 -4.445785
v -52.681244 2.578049 -4.450006
v -52.678619 2.576649 -4.446094
v -52.679996 2.577363 -4.447002
v -52.680923 2.577857 -4.448377
v -50.843716 2.573080 -4.449844
v -50.846733 2.569988 -4.445644
v -50.843948 2.572820 -4.448219
v -50.844601 2.572141 -4.446850
v -50.845577 2.571147 -4.445947
v -52.687164 0.308015 -2.261517
v -52.683731 0.312217 -2.263577
v -52.687157 0.309616 -2.261649
v -52.686501 0.310978 -2.262088
v -52.685299 0.311890 -2.262764
v -50.851257 0.335358 -4.106698
v -50.852646 0.339146 -4.100636
v -50.851139 0.336831 -4.105684
v -50.851360 0.338068 -4.104176
v -50.851891 0.338881 -4.102404
v -50.847450 0.301111 -2.266638
v -50.853848 0.301018 -2.260221
v -50.853779 0.305140 -2.264338
v -50.849049 0.301087 -2.265034
v -50.850647 0.301065 -2.263429
v -50.848293 0.302642 -2.265493
v -50.849701 0.302568 -2.264212
v -50.850906 0.302512 -2.262962
v -50.853222 0.302569 -2.260548
v -50.852989 0.303897 -2.261446
v -50.852249 0.301041 -2.261826
v -50.852100 0.302534 -2.261806
v -50.851952 0.303733 -2.262112
v -50.851719 0.304824 -2.264248
v -50.849792 0.303946 -2.264655
v -50.853188 0.304800 -2.262777
v -50.851799 0.304353 -2.263072
v -50.850552 0.303754 -2.263515
v -53.118225 0.731291 -4.088057
v -53.118217 0.735626 -4.092236
v -53.118225 0.731644 -4.089680
v -53.118221 0.732591 -4.091043
v -53.118217 0.733990 -4.091942
v -53.110428 4.397684 -4.019310
v -53.110432 4.396492 -4.022349
v -53.110428 4.398532 -4.020450
v -53.110428 4.397889 -4.022092
v -49.014370 0.725588 -4.528365
v -49.013111 0.728601 -4.528307
v -49.012238 0.726467 -4.528347
v -52.677322 4.417984 -4.458386
v -52.674313 4.419219 -4.458364
v -52.676437 4.420110 -4.458346
v -52.683666 0.298588 -4.105938
v -52.687904 0.298520 -4.101637
v -52.685295 0.298583 -4.105598
v -52.686672 0.298567 -4.104662
v -52.687588 0.298545 -4.103271
v -52.667850 0.239581 -0.421766
v -52.670979 0.239598 -0.422847
v -52.669041 0.239565 -0.420874
v -52.670055 0.239563 -0.420766
v -53.118706 0.668238 -0.428708
v -53.118698 0.671233 -0.427405
v -53.118706 0.669086 -0.426562
v -52.685154 0.739779 -4.528598
v -52.680904 0.735507 -4.528679
v -52.684834 0.738147 -4.528629
v -52.683914 0.736763 -4.528656
v -52.682533 0.735837 -4.528673
v -49.031490 0.299797 -4.138102
v -49.032822 0.299846 -4.141249
v -49.030636 0.299817 -4.139318
v -49.030590 0.299834 -4.140345
v -49.031357 0.299843 -4.141022
v -51.535164 0.361012 -3.088433
v -51.537025 0.357189 -3.090088
v -51.536312 0.360734 -3.089443
v -51.537067 0.359908 -3.090112
v -51.537319 0.358665 -3.090339
v -51.581165 0.355553 -2.354928
v -51.579090 0.351563 -2.353117
v -51.580006 0.355237 -2.353906
v -51.579201 0.354369 -2.353202
v -51.578880 0.353078 -2.352925
v -51.928535 0.359282 -2.660580
v -51.930389 0.355459 -2.662227
v -51.929680 0.359000 -2.661587
v -51.930431 0.358176 -2.662254
v -51.930683 0.356929 -2.662479
v -51.187817 0.357282 -2.782799
v -51.185738 0.353290 -2.780985
v -51.186653 0.356967 -2.781776
v -51.185848 0.356099 -2.781072
v -51.185528 0.354805 -2.780795
v -50.766975 0.358411 -3.146833
v -50.764870 0.354414 -3.144997
v -50.765800 0.358095 -3.145801
v -50.764988 0.357225 -3.145090
v -50.764664 0.355930 -3.144807
v -51.114719 0.362144 -3.452814
v -51.116611 0.358318 -3.454495
v -51.115875 0.361864 -3.453835
v -51.116642 0.361038 -3.454513
v -51.116901 0.359793 -3.454744
v -50.680710 0.362699 -3.748678
v -50.682686 0.358863 -3.750367
v -50.681923 0.362419 -3.749689
v -50.682724 0.361590 -3.750366
v -50.682991 0.360343 -3.750604
v -50.320335 0.358966 -3.449080
v -50.318081 0.354973 -3.447309
v -50.319103 0.358654 -3.448063
v -50.318241 0.357782 -3.447369
v -50.317883 0.356493 -3.447104
v -49.478050 0.360790 -4.111538
v -49.466946 0.357339 -4.118297
v -49.474464 0.360526 -4.113354
v -49.471092 0.359776 -4.115277
v -49.468452 0.358658 -4.117013
v -50.202206 0.362726 -3.999169
v -50.204987 0.358829 -4.000639
v -50.204391 0.362442 -3.999718
v -50.205688 0.361598 -4.000191
v -50.205894 0.360331 -4.000514
v -49.537613 0.359032 -3.851811
v -49.532516 0.355429 -3.852302
v -49.535255 0.358746 -3.851412
v -49.533459 0.357958 -3.851366
v -49.532497 0.356795 -3.851678
v -51.926086 0.353173 -1.867542
v -51.924084 0.349180 -1.865576
v -51.924953 0.352859 -1.866460
v -51.924171 0.351986 -1.865707
v -51.923866 0.350696 -1.865396
v -52.267200 0.357012 -2.190688
v -52.268970 0.353179 -2.192477
v -52.268311 0.356732 -2.191750
v -52.269039 0.355905 -2.192463
v -52.269272 0.354658 -2.192718
v -52.699821 0.348073 -0.805064
v -52.703758 0.343869 -0.796067
v -52.701370 0.347736 -0.801651
v -52.702663 0.346821 -0.798743
v -52.703503 0.345463 -0.796781
v -52.389801 0.347724 -0.919774
v -52.389416 0.343708 -0.914354
v -52.389282 0.347402 -0.917370
v -52.389030 0.346524 -0.915497
v -52.389076 0.345228 -0.914438
v -52.569355 0.354080 -1.653600
v -52.569431 0.350244 -1.658504
v -52.569820 0.353805 -1.655857
v -52.570000 0.352978 -1.657581
v -52.569862 0.351727 -1.658511
v -51.498730 0.252760 -3.056825
v -51.494045 0.248878 -3.052721
v -51.497940 0.251286 -3.056137
v -51.496773 0.250029 -3.055115
v -51.495403 0.249185 -3.053916
v -51.610497 0.248144 -2.381189
v -51.614979 0.244223 -2.385149
v -51.611206 0.246633 -2.381820
v -51.612309 0.245356 -2.382794
v -51.613632 0.244510 -2.383963
v -51.892094 0.251033 -2.628968
v -51.887413 0.247148 -2.624866
v -51.891304 0.249557 -2.628279
v -51.890137 0.248300 -2.627258
v -51.888771 0.247455 -2.626059
v -51.217144 0.249876 -2.809058
v -51.221626 0.245952 -2.813018
v -51.217854 0.248363 -2.809688
v -51.218956 0.247087 -2.810663
v -51.220280 0.246241 -2.811832
v -50.796276 0.251009 -3.173067
v -50.800781 0.247081 -3.177049
v -50.796989 0.249496 -3.173700
v -50.798096 0.248218 -3.174679
v -50.799427 0.247372 -3.175854
v -51.078316 0.253893 -3.421235
v -51.073605 0.250010 -3.417108
v -51.077522 0.252419 -3.420545
v -51.076351 0.251163 -3.419518
v -51.074974 0.250318 -3.418312
v -50.642891 0.255404 -3.718494
v -50.637955 0.251520 -3.714453
v -50.642059 0.253929 -3.717823
v -50.640831 0.252675 -3.716820
v -50.639389 0.251828 -3.715637
v -50.349468 0.252389 -3.476048
v -50.354145 0.248468 -3.480018
v -50.350197 0.250880 -3.476691
v -50.351341 0.249602 -3.477671
v -50.352726 0.248756 -3.478839
v -49.428165 0.295503 -4.163342
v -49.434822 0.291572 -4.161344
v -49.428001 0.294130 -4.163970
v -49.429207 0.292902 -4.163812
v -49.431602 0.292004 -4.162889
v -50.130005 0.278365 -4.001505
v -50.119923 0.274514 -4.000348
v -50.128159 0.276912 -4.001430
v -50.125591 0.275670 -4.001183
v -50.122700 0.274827 -4.000803
v -49.563591 0.272013 -3.897084
v -49.571552 0.268518 -3.900209
v -49.564606 0.270654 -3.897908
v -49.566475 0.269514 -3.898791
v -49.568916 0.268764 -3.899600
v -51.955490 0.245765 -1.893648
v -51.959881 0.241843 -1.897803
v -51.956192 0.244254 -1.894294
v -51.957272 0.242978 -1.895310
v -51.958569 0.242130 -1.896543
v -52.230682 0.248777 -2.159224
v -52.226097 0.244877 -2.154933
v -52.229900 0.247296 -2.158520
v -52.228752 0.246036 -2.157457
v -52.227417 0.245186 -2.156198
v -52.700375 0.240454 -0.793523
v -52.695488 0.236348 -0.803798
v -52.699963 0.238864 -0.794273
v -52.698887 0.237526 -0.796490
v -52.697319 0.236641 -0.799834
v -52.420822 0.240298 -0.942425
v -52.423191 0.236400 -0.950880
v -52.421371 0.238789 -0.943399
v -52.422012 0.237518 -0.945348
v -52.422653 0.236679 -0.947975
v -52.531158 0.245880 -1.625262
v -52.528641 0.241942 -1.617129
v -52.530529 0.244390 -1.624264
v -52.529831 0.243119 -1.622368
v -52.529167 0.242260 -1.619863
v -52.706760 0.287923 -0.242046
v -52.708435 0.287931 -0.242511
v -52.708324 0.287923 -0.241130
v -49.002403 0.323141 -4.145890
v -49.003075 0.323239 -4.147717
v -49.001286 0.323168 -4.146609
v -49.001648 0.323222 -4.147597
v -49.903812 0.329291 -4.130301
v -49.888252 0.329525 -4.134017
v -49.900387 0.329400 -4.131684
v -49.896221 0.329482 -4.132875
v -49.891964 0.329526 -4.133694
v -51.645443 1.867172 -4.486549
v -51.646713 1.865799 -4.490717
v -51.646412 1.866072 -4.487061
v -51.646992 1.865425 -4.488033
v -51.647099 1.865329 -4.489316
v -50.914200 1.821013 -4.428839
v -50.912048 1.823560 -4.432359
v -50.913166 1.822205 -4.428913
v -50.912392 1.823107 -4.429607
v -50.911999 1.823583 -4.430817
v -51.215420 1.476290 -4.496208
v -51.216682 1.474926 -4.500371
v -51.216385 1.475193 -4.496719
v -51.216965 1.474550 -4.497689
v -51.217068 1.474455 -4.498972
v -51.344242 2.211874 -4.419185
v -51.342087 2.214423 -4.422704
v -51.343204 2.213067 -4.419258
v -51.342434 2.213968 -4.419952
v -51.342041 2.214447 -4.421163
v -51.710941 2.629992 -4.400785
v -51.708763 2.632564 -4.404304
v -51.709896 2.631194 -4.400856
v -51.709118 2.632103 -4.401550
v -51.708717 2.632585 -4.402761
v -52.012489 2.284894 -4.468226
v -52.013779 2.283497 -4.472413
v -52.013466 2.283782 -4.468742
v -52.014053 2.283126 -4.469718
v -52.014164 2.283026 -4.471006
v -52.311390 2.716036 -4.442412
v -52.312645 2.714499 -4.446626
v -52.312359 2.714867 -4.442933
v -52.312935 2.714164 -4.443915
v -52.313038 2.714035 -4.445211
v -52.016018 3.072674 -4.375155
v -52.013874 3.075391 -4.378672
v -52.014984 3.073931 -4.375226
v -52.014214 3.074888 -4.375917
v -52.013824 3.075400 -4.377130
v -52.676941 3.886328 -4.358767
v -52.680649 3.895491 -4.362393
v -52.678505 3.889638 -4.358922
v -52.679760 3.892544 -4.359665
v -52.680511 3.894598 -4.360887
v -52.565422 3.191200 -4.407678
v -52.565285 3.186853 -4.411894
v -52.565861 3.188949 -4.408189
v -52.565987 3.187333 -4.409172
v -52.565784 3.186597 -4.410472
v -52.417244 3.825829 -4.344625
v -52.416489 3.831310 -4.348174
v -52.416744 3.828143 -4.344707
v -52.416428 3.829997 -4.345407
v -52.416336 3.831110 -4.346625
v -50.425323 1.478201 -4.427647
v -50.423016 1.480680 -4.431163
v -50.424229 1.479364 -4.427718
v -50.423409 1.480247 -4.428411
v -50.422981 1.480705 -4.429621
v -50.744030 1.139706 -4.495781
v -50.745438 1.138422 -4.499956
v -50.745052 1.138637 -4.496294
v -50.745678 1.138019 -4.497267
v -50.745811 1.137944 -4.498554
v -49.359390 0.709219 -4.427627
v -49.350002 0.705814 -4.431417
v -49.355946 0.707718 -4.427828
v -49.352951 0.706545 -4.428619
v -49.350864 0.705878 -4.429879
v -49.476631 1.017132 -4.400860
v -49.470863 1.017997 -4.404274
v -49.474213 1.017679 -4.400891
v -49.472267 1.018037 -4.401551
v -49.471092 1.018149 -4.402739
v -50.206043 0.839325 -4.485255
v -50.210567 0.839727 -4.489515
v -50.208260 0.838900 -4.485796
v -50.209896 0.838826 -4.486795
v -50.210709 0.839118 -4.488102
v -51.604256 1.916537 -4.586084
v -51.599838 1.921669 -4.588978
v -51.603439 1.917501 -4.587388
v -51.602310 1.918816 -4.588395
v -51.601048 1.920280 -4.588953
v -50.930050 1.805100 -4.541012
v -50.933582 1.801137 -4.545804
v -50.930531 1.804582 -4.542650
v -50.931370 1.803648 -4.544136
v -50.932442 1.802436 -4.545243
v -51.174225 1.525666 -4.595743
v -51.169815 1.530791 -4.598636
v -51.173409 1.526630 -4.597045
v -51.172283 1.527946 -4.598051
v -51.171021 1.529405 -4.598610
v -51.360088 2.195961 -4.531357
v -51.363625 2.191999 -4.536149
v -51.360569 2.195445 -4.532995
v -51.361408 2.194510 -4.534481
v -51.362480 2.193300 -4.535588
v -51.726768 2.614108 -4.512950
v -51.730324 2.610116 -4.517750
v -51.727249 2.613588 -4.514592
v -51.728096 2.612646 -4.516078
v -51.729176 2.611428 -4.517190
v -51.971333 2.334222 -4.567759
v -51.966885 2.339392 -4.570656
v -51.970512 2.335195 -4.569064
v -51.969379 2.336518 -4.570074
v -51.968102 2.337991 -4.570632
v -52.270218 2.765203 -4.541929
v -52.265800 2.770562 -4.544842
v -52.269398 2.766191 -4.543242
v -52.268269 2.767558 -4.544258
v -52.267006 2.769092 -4.544818
v -52.031876 3.056932 -4.487313
v -52.035385 3.052772 -4.492119
v -52.032352 3.056399 -4.488955
v -52.033188 3.055421 -4.490445
v -52.034252 3.054147 -4.491556
v -52.668503 3.911529 -4.464026
v -52.663059 3.902075 -4.468534
v -52.667938 3.911005 -4.465610
v -52.666706 3.909024 -4.467021
v -52.664993 3.905887 -4.468050
v -52.522881 3.237525 -4.507141
v -52.520226 3.246490 -4.510118
v -52.522190 3.238795 -4.508466
v -52.521442 3.240943 -4.509500
v -52.520752 3.243647 -4.510077
v -52.434490 3.812851 -4.456810
v -52.436226 3.805182 -4.461578
v -52.434834 3.812053 -4.458450
v -52.435284 3.810314 -4.459930
v -52.435776 3.807902 -4.461030
v -50.441017 1.462222 -4.539814
v -50.444748 1.458349 -4.544613
v -50.441513 1.461709 -4.541453
v -50.442394 1.460794 -4.542942
v -50.443531 1.459615 -4.544050
v -50.702984 1.189155 -4.595316
v -50.698391 1.194180 -4.598210
v -50.702152 1.190113 -4.596618
v -50.700985 1.191403 -4.597627
v -50.699665 1.192832 -4.598186
v -49.337868 0.721837 -4.532946
v -49.347763 0.727203 -4.537372
v -49.338470 0.722443 -4.534537
v -49.340561 0.723676 -4.535938
v -49.343826 0.725348 -4.536933
v -49.488865 0.999538 -4.512918
v -49.496899 0.997680 -4.517851
v -49.489689 0.999183 -4.514570
v -49.491505 0.998703 -4.516086
v -49.494034 0.998175 -4.517239
v -50.168129 0.890442 -4.584844
v -50.159683 0.893412 -4.587669
v -50.167000 0.891247 -4.586146
v -50.165001 0.892096 -4.587141
v -50.162430 0.892855 -4.587676
v -48.793175 0.708800 -4.435161
v -48.793625 0.707139 -4.435398
v -48.792007 0.708149 -4.435138
v -52.685219 4.340513 -4.386868
v -52.687012 4.339983 -4.387012
v -52.685940 4.341647 -4.386842
v -52.686913 4.341361 -4.386920
v -49.041405 0.268555 -4.177423
v -49.042198 0.268815 -4.176759
v -53.165276 0.666940 -0.422001
v -50.852837 0.269635 -2.276698
v -50.846497 0.269741 -2.283179
v -50.851250 0.269663 -2.278318
v -50.849667 0.269688 -2.279938
v -50.848080 0.269716 -2.281559
v -49.008423 0.725622 -4.574697
v -53.156799 4.402608 -4.023257
v -52.678318 4.424898 -4.504640
v -53.164974 0.667432 -0.422984
vn 0.9951 -0.0554 -0.0824
vn 1.0000 -0.0037 0.0001
vn 0.9951 -0.0606 -0.0785
vn -0.3551 -0.5914 -0.7240
vn -0.4463 -0.6066 -0.6579
vn -0.4460 -0.5660 -0.6934
vn 0.9958 0.0594 0.0691
vn -0.2689 0.7311 0.6271
vn -0.3611 0.7405 0.5668
vn -0.2669 0.7656 0.5853
vn 0.9950 -0.0805 -0.0583
vn 0.9950 -0.0775 -0.0631
vn -0.3547 -0.5481 -0.7575
vn -0.4444 -0.5247 -0.7261
vn -0.2711 0.5600 0.7829
vn -0.3625 0.4785 0.7998
vn -0.3660 0.5414 0.7569
vn -0.2726 0.6531 0.7065
vn -0.3662 0.6720 0.6436
vn -0.2714 0.6950 0.6659
vn 0.9951 -0.0733 -0.0667
vn 0.9950 -0.0701 -0.0711
vn 0.9957 0.0644 0.0663
vn -0.3566 0.7753 0.5212
vn -0.2625 0.8008 0.5383
vn -0.3405 -0.8081 -0.4807
vn -0.4357 -0.7447 -0.5056
vn -0.3450 -0.7763 -0.5275
vn -0.3499 -0.7424 -0.5713
vn -0.4434 -0.6786 -0.5856
vn -0.3535 -0.7080 -0.6113
vn -0.3504 0.8101 0.4701
vn -0.2573 0.8361 0.4845
vn -0.3446 0.8349 0.4291
vn -0.2532 0.8604 0.4422
vn -0.3325 -0.8522 -0.4039
vn -0.4230 -0.8034 -0.4191
vn -0.3353 -0.8347 -0.4369
vn 0.9949 -0.0851 -0.0545
vn -0.3417 0.8458 0.4098
vn -0.2508 0.8712 0.4219
vn -0.3557 0.7808 0.5137
vn -0.0463 0.7720 0.6339
vn -0.2742 -0.9415 -0.1959
vn -0.4176 -0.8213 -0.3887
vn 1.0000 -0.0037 -0.0000
vn 0.9944 -0.0953 -0.0466
vn 0.9946 -0.0905 -0.0501
vn -0.3516 -0.5043 -0.7887
vn -0.4416 -0.4826 -0.7564
vn -0.3497 -0.4619 -0.8151
vn -0.4380 -0.4423 -0.7826
vn -0.2646 0.4309 0.8627
vn -0.3541 0.3875 0.8511
vn -0.3573 0.4184 0.8350
vn 0.9957 0.0567 0.0728
vn -0.3491 -0.4317 -0.8318
vn -0.4349 -0.4138 -0.7998
vn -0.2997 -0.2051 -0.9317
vn -0.3957 -0.2052 -0.8951
vn -0.2634 0.3999 0.8779
vn -0.3576 0.4209 0.8336
vn 0.9957 0.0455 0.0806
vn -0.5170 -0.5801 -0.6294
vn -0.5177 -0.5407 -0.6630
vn -1.0000 0.0037 -0.0001
vn -0.9968 -0.0621 -0.0500
vn -0.3642 0.7071 0.6062
vn -0.4411 0.7129 0.5452
vn -0.9962 0.0728 0.0469
vn -1.0000 0.0037 -0.0000
vn -0.9962 0.0760 0.0428
vn -0.5157 -0.5021 -0.6942
vn -0.5129 -0.4618 -0.7237
vn -0.3674 0.6322 0.6822
vn -0.4474 0.5667 0.6919
vn -0.4474 0.6080 0.6559
vn -0.4462 0.6467 0.6187
vn -0.3674 0.5891 0.7197
vn -0.4462 0.5204 0.7281
vn -0.4454 -0.6445 -0.6215
vn -0.4402 -0.7117 -0.5475
vn -0.5151 -0.6485 -0.5605
vn -0.5123 -0.6802 -0.5244
vn -0.4302 0.7809 0.4529
vn -0.9964 0.0688 0.0502
vn -0.4297 -0.7762 -0.4614
vn -0.5075 -0.7127 -0.4842
vn -0.5013 -0.7435 -0.4426
vn -0.4196 0.8170 0.3956
vn -1.0000 0.0038 -0.0000
vn -0.9959 0.0806 0.0402
vn -0.4948 -0.7702 -0.4024
vn -0.3703 -0.9074 -0.1989
vn -0.4869 -0.7893 -0.3740
vn -0.4870 0.7348 0.4720
vn -0.9968 -0.0442 -0.0666
vn -0.4432 0.4605 0.7691
vn -0.4359 0.4024 0.8050
vn -0.5087 -0.4235 -0.7496
vn -0.5046 -0.3970 -0.7667
vn -0.9966 -0.0369 -0.0732
vn -0.9968 -0.0400 -0.0696
vn -0.4300 0.3743 0.8216
vn -0.4999 0.4476 0.7414
vn -0.4684 -0.2082 -0.8586
vn -0.2728 0.6092 0.7446
vn 0.0639 0.0019 -0.9980
vn -0.0376 -0.0294 -0.9989
vn -0.1375 -0.0460 -0.9894
vn -0.9964 0.0556 0.0634
vn -0.9965 0.0515 0.0665
vn -0.4438 0.6807 0.5828
vn -0.9964 0.0596 0.0605
vn 0.9954 0.0412 0.0868
vn 0.9950 -0.0651 -0.0752
vn -0.9963 0.0424 0.0751
vn 0.0652 -0.9978 -0.0130
vn 0.2143 -0.9715 0.1018
vn -0.0379 -0.9982 -0.0469
vn 0.0283 -0.9981 0.0553
vn -0.1377 -0.9883 -0.0654
vn -0.9968 -0.0654 -0.0462
vn -0.3553 -0.6728 -0.6489
vn -0.9968 -0.0476 -0.0635
vn -0.5170 -0.6160 -0.5944
vn 0.9953 -0.0019 -0.0964
vn 0.9951 0.0383 0.0916
vn 0.9937 -0.0311 -0.1074
vn 0.9946 -0.0501 -0.0906
vn -0.9953 -0.0213 -0.0940
vn -0.9965 -0.0349 -0.0761
vn -0.9960 0.0403 0.0795
vn -0.9959 -0.0007 -0.0904
vn 0.9941 -0.0995 -0.0442
vn 0.9956 0.0729 0.0586
vn -0.4364 0.7470 0.5016
vn -0.9963 -0.0769 -0.0372
vn -1.0000 0.0038 0.0001
vn 0.9957 0.0688 0.0620
vn 0.9956 0.0762 0.0543
vn -0.9964 0.0628 0.0566
vn -0.2686 0.4932 0.8274
vn -0.1262 0.9881 0.0881
vn 0.0021 0.9998 0.0172
vn 0.0021 0.9934 0.1151
vn -0.9966 0.0452 0.0695
vn 1.0000 -0.0038 -0.0000
vn 0.9932 -0.1129 -0.0275
vn 0.9952 0.0869 0.0449
vn 0.9950 -0.1002 0.0003
vn -0.9958 0.0829 0.0390
vn -0.9959 -0.0904 -0.0063
vn -0.9994 -0.0127 0.0323
vn -0.9958 -0.0882 -0.0249
vn 0.2061 0.2714 -0.9401
vn 0.4416 0.1037 -0.8912
vn 0.9948 -0.0519 -0.0871
vn 0.0503 0.0755 -0.9959
vn -0.9965 -0.0732 -0.0392
vn -0.3563 -0.6333 -0.6870
vn -0.9964 0.0663 0.0535
vn -0.9967 -0.0698 -0.0424
vn 0.9956 0.0794 0.0493
vn -0.4229 0.8065 0.4132
vn -0.4455 -0.8719 -0.2031
vn -0.9969 -0.0583 -0.0533
vn -0.9968 -0.0559 -0.0567
vn -0.9969 -0.0511 -0.0594
vn 0.9957 0.0512 0.0766
vn 0.9953 0.0847 0.0461
vn 0.0024 -0.9996 -0.0292
vn 0.0019 -0.9999 -0.0158
vn 0.0020 -0.9999 -0.0150
vn -0.0136 -0.6742 0.7384
vn 0.0089 -0.4238 0.9057
vn 0.0158 -0.5050 0.8630
vn -0.0501 -0.6689 0.7417
vn 0.0013 -0.4648 0.8854
vn 0.0933 -0.9928 0.0746
vn -0.0039 -0.9998 -0.0185
vn 0.0960 -0.9952 -0.0184
vn 0.0053 0.0048 -1.0000
vn 0.0014 0.0197 -0.9998
vn -0.0806 -0.0612 -0.9949
vn -0.1010 0.9947 0.0171
vn 0.0041 0.9846 -0.1750
vn 1.0000 -0.0021 0.0001
vn 0.9816 -0.1027 -0.1611
vn 0.9953 -0.0003 -0.0971
vn -0.0725 -0.9936 -0.0872
vn 0.0300 -0.9954 -0.0915
vn -1.0000 -0.0081 0.0041
vn -1.0000 0.0018 -0.0004
vn -1.0000 0.0018 -0.0001
vn -0.0501 0.9932 -0.1047
vn 0.0027 0.9998 0.0191
vn -0.1891 0.9817 0.0207
vn -0.9950 0.0002 0.1000
vn -0.9951 -0.0677 -0.0727
vn -0.9973 -0.0684 0.0277
vn 0.1010 0.9947 0.0191
vn 0.0027 0.9968 -0.0797
vn -1.0000 0.0020 -0.0001
vn -0.9936 0.0797 0.0802
vn 0.0054 0.0173 -0.9998
vn 0.1797 0.1964 -0.9639
vn 0.1379 -0.0150 -0.9903
vn 0.0015 0.0146 -0.9999
vn -0.0664 -0.6924 -0.7184
vn 0.0009 -0.5432 -0.8396
vn -0.0714 -0.6548 -0.7524
vn -0.1056 -0.0188 0.9942
vn 0.0001 0.0793 0.9968
vn -0.0001 -0.0191 0.9998
vn -0.0008 -0.9998 -0.0185
vn 0.0032 -0.9912 -0.1327
vn 0.0038 -0.9998 -0.0188
vn 0.0817 -0.9946 0.0644
vn -0.0361 -0.9885 0.1469
vn -0.9995 0.0219 0.0219
vn -0.9940 0.1091 0.0018
vn -0.0015 -0.7505 -0.6609
vn -0.0014 -0.6940 -0.7200
vn 0.4598 0.7516 0.4729
vn 0.5767 0.5672 0.5880
vn 0.6061 0.5977 0.5248
vn 0.0017 0.0180 -0.9998
vn 0.0013 -0.0716 -0.9974
vn -0.0946 -0.0685 -0.9932
vn -0.0016 -0.9999 -0.0139
vn 0.1000 -0.9949 -0.0146
vn -1.0000 0.0021 0.0002
vn -0.9959 0.0004 0.0907
vn -0.9957 -0.0929 -0.0015
vn -0.9882 -0.0574 0.1420
vn -0.1015 -0.9947 -0.0145
vn 0.9945 -0.0001 -0.1048
vn 0.9954 0.0961 0.0020
vn 0.9893 0.0708 -0.1277
vn -0.7444 -0.6653 -0.0573
vn -0.7100 -0.7041 -0.0135
vn -0.7075 -0.7000 -0.0969
vn 0.0023 -0.9999 -0.0157
vn 0.1533 -0.9831 -0.1003
vn -0.6728 -0.7379 -0.0522
vn -0.5610 -0.8277 -0.0159
vn 0.9898 -0.0539 -0.1316
vn -1.0000 0.0021 -0.0001
vn -0.9952 0.0038 -0.0979
vn -0.9919 -0.0835 -0.0957
vn -0.0060 0.0222 -0.9997
vn 0.0005 0.0127 -0.9999
vn 0.0004 0.1081 -0.9941
vn 0.0273 -0.9996 0.0058
vn -0.9865 0.1536 -0.0572
vn -0.2066 0.9779 -0.0313
vn -0.0949 0.9953 0.0171
vn 0.1088 -0.1204 0.9868
vn 0.0885 -0.1822 0.9793
vn -0.6564 -0.0980 -0.7480
vn -0.7065 0.1664 -0.6878
vn -0.7190 0.0730 -0.6912
vn 0.6032 0.5095 0.6136
vn 0.5147 0.5954 0.6168
vn 0.4707 0.4707 0.7463
vn -0.6975 0.2556 -0.6695
vn -0.5329 0.7304 -0.4272
vn -0.4798 0.7864 -0.3890
vn 0.9971 0.0756 -0.0072
vn 0.9957 -0.0044 0.0922
vn 0.9809 0.1944 -0.0014
vn -0.0926 0.0184 -0.9955
vn 0.0053 0.0188 -0.9998
vn 0.0027 0.9966 -0.0822
vn -0.0551 0.1572 -0.9860
vn 0.7271 0.4831 0.4878
vn -0.1255 -0.9814 -0.1450
vn 0.0971 -0.2161 0.9715
vn -0.6763 0.3280 -0.6596
vn -0.5259 0.7164 -0.4585
vn -0.6524 -0.1152 -0.7491
vn -0.7045 0.1332 -0.6970
vn -0.0981 -0.0188 0.9950
vn -0.2005 -0.6440 -0.7383
vn -0.1527 -0.6970 -0.7006
vn -0.1271 -0.6881 -0.7144
vn -0.7116 -0.6805 -0.1746
vn -0.7066 -0.6987 -0.1119
vn 0.9907 0.0972 -0.0950
vn -0.6244 -0.7615 -0.1740
vn -0.9999 0.0033 -0.0121
vn -0.9932 -0.0798 -0.0850
vn -0.0970 -0.1240 0.9875
vn -0.0003 -0.1003 0.9950
vn -0.1607 -0.0349 0.9864
vn -0.0947 0.9889 0.1143
vn 0.0227 0.0392 -0.9990
vn 0.0973 0.1154 -0.9885
vn 0.0001 0.0191 -0.9998
vn 0.0004 0.1169 -0.9931
vn -0.0695 -0.0500 -0.9963
vn -0.0741 0.0493 -0.9960
vn 0.0058 -0.9970 0.0769
vn -0.0053 -1.0000 -0.0074
vn -0.0039 -0.9976 0.0688
vn -0.0626 -0.9980 -0.0132
vn 0.9904 -0.1019 0.0939
vn 0.9954 0.0959 0.0003
vn -0.9950 0.1003 0.0016
vn -0.9967 0.0337 -0.0733
vn -0.9903 0.0967 0.0995
vn 0.0967 0.0188 -0.9951
vn 0.0980 0.0188 -0.9950
vn 0.0298 -0.0552 -0.9980
vn -0.0128 0.9897 -0.1429
vn -0.1002 -0.9885 -0.1136
vn 0.9389 0.3237 -0.1166
vn 0.8952 0.4060 -0.1836
vn 0.9664 0.2213 -0.1309
vn -0.0788 0.9959 -0.0445
vn 0.0040 1.0000 0.0077
vn -0.0749 0.9960 -0.0490
vn -0.7268 -0.3462 -0.5932
vn -0.6613 -0.4368 -0.6098
vn -0.6967 -0.4367 -0.5691
vn 0.0730 0.9948 0.0711
vn 0.6277 -0.2807 0.7260
vn 0.5675 -0.3718 0.7347
vn 0.5869 -0.2774 0.7606
vn -0.0554 0.9960 -0.0698
vn -0.0591 0.9961 -0.0655
vn -0.7602 -0.3461 -0.5498
vn -0.7293 -0.4356 -0.5277
vn 0.7837 -0.2807 0.5542
vn 0.7997 -0.3709 0.4721
vn 0.7570 -0.3752 0.5350
vn 0.7067 -0.2825 0.6486
vn 0.6440 -0.3764 0.6660
vn 0.6667 -0.2819 0.6899
vn -0.0629 0.9961 -0.0616
vn -0.0672 0.9961 -0.0578
vn 0.0696 0.9947 0.0755
vn 0.5228 -0.3678 0.7690
vn 0.5395 -0.2748 0.7959
vn -0.4843 -0.3287 -0.8108
vn -0.5094 -0.4251 -0.7482
vn -0.5306 -0.3353 -0.7785
vn -0.5747 -0.3390 -0.7448
vn -0.5892 -0.4333 -0.6819
vn -0.6145 -0.3426 -0.7106
vn 0.4717 -0.3806 0.7954
vn 0.4855 -0.2821 0.8275
vn 0.4258 -0.4350 0.7934
vn 0.4360 -0.3384 0.8339
vn -0.4153 -0.2774 -0.8663
vn -0.4261 -0.4048 -0.8091
vn -0.4411 -0.3172 -0.8395
vn -0.0512 0.9959 -0.0741
vn 0.3807 -0.5573 0.7379
vn 0.3909 -0.4752 0.7883
vn 0.3729 -0.6749 0.6367
vn 0.3391 -0.6719 0.6585
vn -0.3851 -0.1705 -0.9070
vn -0.4068 -0.3703 -0.8351
vn -0.0424 0.9957 -0.0829
vn -0.0462 0.9959 -0.0776
vn -0.7917 -0.3425 -0.5059
vn -0.7594 -0.4331 -0.4855
vn -0.8179 -0.3410 -0.4635
vn -0.7856 -0.4298 -0.4451
vn 0.8629 -0.2730 0.4253
vn 0.8508 -0.3618 0.3810
vn 0.8348 -0.3654 0.4119
vn 0.0775 0.9947 0.0675
vn -0.8342 -0.3412 -0.4333
vn -0.8026 -0.4270 -0.4165
vn -0.9334 -0.2939 -0.2060
vn -0.8973 -0.3899 -0.2071
vn 0.8782 -0.2725 0.3931
vn 0.6929 -0.3802 0.6127
vn 0.0847 0.9948 0.0562
vn -0.6328 -0.5085 -0.5839
vn -0.6666 -0.5087 -0.5449
vn -0.0040 -1.0000 -0.0077
vn -0.0539 -0.9959 -0.0728
vn 0.6067 -0.3746 0.7011
vn 0.5453 -0.4517 0.7061
vn 0.0442 -0.9972 0.0596
vn 0.0033 -0.9998 -0.0188
vn 0.0462 -0.9974 0.0556
vn -0.6980 -0.5071 -0.5056
vn -0.7273 -0.5042 -0.4656
vn 0.6825 -0.3772 0.6260
vn 0.6917 -0.4565 0.5596
vn 0.6554 -0.4579 0.6007
vn 0.6190 -0.4555 0.6398
vn 0.7199 -0.3768 0.5829
vn 0.7277 -0.4544 0.5137
vn -0.6251 -0.4355 -0.6478
vn -0.5512 -0.4299 -0.7151
vn -0.5636 -0.5066 -0.6524
vn -0.5279 -0.5023 -0.6848
vn 0.4579 -0.4537 0.7645
vn 0.0473 -0.9972 0.0583
vn -0.0028 -1.0000 -0.0091
vn -0.4652 -0.4190 -0.7797
vn -0.4880 -0.4976 -0.7171
vn -0.4455 -0.4918 -0.7481
vn 0.3707 -0.6240 0.6879
vn 0.0086 -0.9989 -0.0457
vn 0.0454 -0.9984 0.0339
vn -0.4089 -0.4776 -0.7777
vn -0.3900 -0.2465 -0.8872
vn -0.3902 -0.4436 -0.8068
vn 0.3489 -0.7589 0.5499
vn -0.0703 -0.9960 -0.0553
vn 0.7690 -0.4510 0.4530
vn 0.8041 -0.4440 0.3953
vn -0.7527 -0.5007 -0.4275
vn -0.7697 -0.4971 -0.4006
vn -0.0772 -0.9959 -0.0482
vn -0.0737 -0.9959 -0.0517
vn 0.8211 -0.4376 0.3665
vn 0.7405 -0.5042 0.4444
vn -0.8613 -0.4624 -0.2106
vn 0.7454 -0.2823 0.6039
vn -0.9977 0.0678 0.0054
vn -0.9991 -0.0333 -0.0270
vn -0.9902 -0.1323 -0.0449
vn 0.0594 -0.9973 0.0438
vn 0.0623 -0.9973 0.0395
vn 0.5829 -0.4544 0.6736
vn 0.0564 -0.9973 0.0478
vn 0.0905 0.9946 0.0516
vn -0.0714 0.9960 -0.0536
vn 0.0716 -0.9970 0.0307
vn 0.0588 0.7457 -0.6637
vn -0.0089 0.5849 -0.8110
vn -0.0007 0.6436 -0.7653
vn 0.0332 0.6617 -0.7491
vn -0.0201 0.5026 -0.8643
vn -0.0492 -0.9958 -0.0778
vn -0.6520 -0.3453 -0.6751
vn -0.0672 -0.9960 -0.0591
vn -0.5981 -0.5076 -0.6201
vn -0.0925 0.9957 0.0094
vn 0.0951 0.9942 0.0493
vn -0.1035 0.9944 -0.0194
vn -0.0868 0.9955 -0.0383
vn -0.0944 -0.9950 -0.0323
vn -0.0808 -0.9956 -0.0466
vn 0.0759 -0.9967 0.0289
vn -0.0986 -0.9951 -0.0120
vn 0.0039 1.0000 0.0077
vn -0.0400 0.9955 -0.0864
vn 0.0626 0.9946 0.0832
vn 0.5033 -0.4468 0.7396
vn -0.0287 -0.9847 -0.1721
vn 0.0021 -0.9962 -0.0874
vn 0.0660 0.9947 0.0792
vn 0.0580 0.9946 0.0866
vn 0.0535 -0.9972 0.0517
vn 0.8272 -0.2781 0.4882
vn -0.1363 -0.2000 0.9703
vn -0.0856 -0.1186 0.9893
vn -0.1410 -0.1963 0.9703
vn 0.0665 -0.9972 0.0346
vn 0.0039 1.0000 0.0076
vn -0.0177 0.9928 -0.1182
vn 0.0463 0.9945 0.0938
vn 0.0039 0.9979 -0.0645
vn 0.0384 -0.9993 0.0048
vn -0.0137 -0.9789 -0.2041
vn 0.0143 -0.9924 -0.1226
vn -0.0530 -0.9601 -0.2747
vn -0.9615 0.2715 0.0434
vn -0.8747 0.4439 0.1946
vn -0.0828 0.9958 -0.0403
vn -0.9954 0.0535 0.0793
vn -0.0248 -0.9923 -0.1213
vn -0.6901 -0.3456 -0.6359
vn 0.0501 -0.9972 0.0547
vn -0.0384 -0.9951 -0.0910
vn -0.0410 0.4094 -0.9114
vn -0.0315 0.4889 -0.8718
vn 0.0530 0.9945 0.0903
vn 0.4141 -0.5148 0.7507
vn -0.0563 0.3298 -0.9424
vn -0.0572 -0.9959 -0.0695
vn -0.0606 -0.9960 -0.0664
vn -0.0636 -0.9960 -0.0626
vn 0.0807 0.9948 0.0623
vn 0.0497 0.9943 0.0947
vn -0.5511 -0.6781 -0.4862
vn -0.5599 -0.6019 -0.5695
vn -0.5190 -0.6371 -0.5700
vn -0.0222 -0.0490 0.9986
vn 0.7429 0.6563 -0.1319
vn 0.7605 0.6076 -0.2292
vn 0.7772 0.6153 -0.1316
vn -0.1621 -0.1772 0.9707
vn -0.1581 -0.1811 0.9707
vn -0.5079 -0.7116 -0.4855
vn -0.4776 -0.6696 -0.5688
vn 0.5702 0.8113 -0.1294
vn 0.4967 0.8384 -0.2247
vn 0.5601 0.7964 -0.2281
vn 0.6649 0.7350 -0.1327
vn 0.6918 0.6842 -0.2309
vn 0.7066 0.6951 -0.1325
vn -0.1540 -0.1846 0.9707
vn -0.1497 -0.1887 0.9706
vn -0.0181 -0.0528 0.9984
vn 0.7954 0.5619 -0.2272
vn 0.8129 0.5678 -0.1293
vn -0.7712 -0.4388 -0.4612
vn -0.7002 -0.4523 -0.5524
vn -0.7389 -0.4844 -0.4684
vn -0.7042 -0.5276 -0.4752
vn -0.6327 -0.5306 -0.5640
vn -0.6693 -0.5667 -0.4805
vn 0.8303 0.5102 -0.2243
vn 0.8478 0.5146 -0.1279
vn 0.8556 0.4679 -0.2213
vn 0.8724 0.4723 -0.1261
vn -0.8164 -0.3634 -0.4488
vn -0.7609 -0.3680 -0.5345
vn -0.7990 -0.3955 -0.4529
vn -0.1666 -0.1729 0.9707
vn 0.8669 0.4474 -0.2197
vn 0.8831 0.4521 -0.1253
vn 0.8455 0.4854 -0.2224
vn 0.8410 0.5408 0.0149
vn -0.9126 -0.1633 -0.3749
vn -0.7795 -0.3385 -0.5271
vn -0.0864 -0.1131 0.9898
vn -0.1636 -0.1553 0.9742
vn -0.1694 -0.1671 0.9713
vn -0.4638 -0.7429 -0.4826
vn -0.4355 -0.6999 -0.5662
vn -0.4216 -0.7688 -0.4808
vn -0.3953 -0.7263 -0.5624
vn 0.4403 0.8891 -0.1250
vn 0.4046 0.8881 -0.2179
vn 0.4358 0.8726 -0.2205
vn -0.0265 -0.0452 0.9986
vn -0.3914 -0.7856 -0.4792
vn -0.3669 -0.7436 -0.5589
vn -0.1681 -0.8897 -0.4245
vn -0.1610 -0.8424 -0.5142
vn 0.4081 0.9044 -0.1244
vn 0.4382 0.8713 -0.2207
vn -0.0375 -0.0379 0.9986
vn -0.5278 -0.5651 -0.6342
vn -0.4886 -0.5986 -0.6348
vn 0.0856 0.1186 -0.9893
vn 0.0205 0.0685 -0.9974
vn 0.7269 0.6469 -0.2303
vn 0.7400 0.5954 -0.3127
vn 0.1541 0.1636 -0.9744
vn 0.0857 0.1129 -0.9899
vn 0.1613 0.1521 -0.9751
vn -0.4493 -0.6299 -0.6335
vn -0.4090 -0.6590 -0.6312
vn 0.6516 0.7226 -0.2307
vn 0.5927 0.7414 -0.3146
vn 0.6344 0.7057 -0.3155
vn 0.6733 0.6690 -0.3150
vn 0.6083 0.7597 -0.2299
vn 0.5466 0.7770 -0.3122
vn -0.5981 -0.5660 -0.5674
vn -0.6664 -0.4933 -0.5591
vn -0.5975 -0.4969 -0.6294
vn -0.6299 -0.4615 -0.6247
vn 0.8091 0.5013 -0.3066
vn 0.1497 0.1683 -0.9743
vn 0.0858 0.1180 -0.9893
vn -0.7327 -0.4091 -0.5438
vn -0.6631 -0.4227 -0.6177
vn -0.6948 -0.3821 -0.6093
vn 0.8465 0.4392 -0.3009
vn 0.0773 0.0980 -0.9922
vn 0.1649 0.1334 -0.9773
vn -0.7231 -0.3435 -0.5993
vn -0.8705 -0.1590 -0.4658
vn -0.7435 -0.3170 -0.5888
vn 0.6453 0.6446 -0.4099
vn 0.0382 0.0521 -0.9979
vn 0.4854 0.8176 -0.3096
vn 0.4272 0.8521 -0.3025
vn -0.3716 -0.6849 -0.6268
vn -0.3448 -0.7021 -0.6230
vn 0.0455 0.0454 -0.9979
vn 0.0422 0.0492 -0.9979
vn 0.3976 0.8680 -0.2976
vn 0.4182 0.8416 -0.3418
vn -0.1581 -0.7975 -0.5822
vn 0.6203 0.7733 -0.1312
vn 0.0089 -0.9985 -0.0534
vn -0.0139 -0.9874 -0.1575
vn -0.0225 -0.9663 -0.2565
vn 0.1363 0.1815 -0.9739
vn 0.1318 0.1840 -0.9741
vn 0.7072 0.6333 -0.3142
vn 0.1400 0.1779 -0.9740
vn -0.0423 -0.0323 0.9986
vn -0.1452 -0.1925 0.9705
vn 0.1225 0.1928 -0.9736
vn -0.9998 -0.0093 -0.0154
vn -0.9881 0.0203 0.1523
vn -0.9915 -0.0379 -0.1246
vn -0.9998 -0.0141 -0.0157
vn -0.9728 -0.0515 -0.2258
vn 0.0164 0.0717 -0.9973
vn -0.6337 -0.6039 -0.4834
vn 0.0346 0.0553 -0.9979
vn -0.5646 -0.5309 -0.6320
vn -0.0822 -0.2133 0.9735
vn -0.0442 -0.0270 0.9987
vn -0.1109 -0.2245 0.9681
vn -0.1303 -0.2083 0.9693
vn 0.0613 0.0278 -0.9977
vn 0.0474 0.0422 -0.9980
vn 0.1207 0.1969 -0.9730
vn 0.0817 0.0234 -0.9964
vn -0.0817 -0.0997 0.9917
vn -0.1374 -0.1361 0.9811
vn -0.0109 -0.0602 0.9981
vn -0.0858 -0.1179 0.9893
vn 0.7740 0.5517 -0.3108
vn -0.0443 0.0494 -0.9978
vn 0.0510 0.0750 -0.9959
vn -0.0139 -0.0560 0.9983
vn -0.0083 -0.0632 0.9980
vn 0.1436 0.1750 -0.9740
vn 0.5039 0.8544 -0.1267
vn 0.1267 0.1878 -0.9740
vn -0.0635 -0.0805 0.9947
vn -0.1042 -0.0987 0.9897
vn 0.0093 -0.0313 0.9995
vn -0.1478 -0.0663 0.9868
vn 0.1510 0.1136 -0.9820
vn -0.0556 0.0528 -0.9971
vn 0.0413 0.0927 -0.9948
vn -0.1092 0.0355 -0.9934
vn 0.2666 -0.9573 0.1115
vn 0.0790 -0.9371 0.3401
vn -0.1325 -0.2047 0.9698
vn 0.1906 -0.9508 -0.2442
vn -0.0060 0.0677 -0.9977
vn -0.5940 -0.6416 -0.4853
vn 0.1466 0.1717 -0.9742
vn 0.0114 0.0740 -0.9972
vn -0.0076 -0.0594 0.9982
vn 0.8349 0.4595 -0.3030
vn -0.8329 -0.1595 -0.5300
vn 0.0242 0.0657 -0.9975
vn 0.0275 0.0621 -0.9977
vn 0.0310 0.0588 -0.9978
vn -0.0315 -0.0420 0.9986
vn -0.0048 -0.0467 0.9989
vn 0.4087 -0.8936 0.1855
vn 0.7114 -0.6764 0.1907
vn 0.3539 -0.8934 0.2768
vn 0.6011 -0.7977 0.0478
vn 0.9094 -0.3842 0.1594
vn 0.6470 -0.7240 0.2393
vn 0.8793 -0.3987 0.2604
vn 0.9343 0.2951 0.2001
vn 0.9656 -0.2548 0.0521
vn 0.9989 0.0010 0.0464
vn 0.9122 0.3246 0.2500
vn 0.9867 -0.0088 0.1623
vn 0.8438 -0.5354 0.0369
vn 0.9752 -0.0066 0.2214
vn 0.4399 0.6734 0.5941
vn 0.1633 0.8598 0.4838
vn 0.2430 0.6583 0.7124
vn 0.1454 0.7160 0.6828
vn 0.4795 0.7313 0.4851
vn 0.3179 0.8530 0.4139
vn 0.7283 0.4058 0.5522
vn 0.7375 0.1702 -0.6536
vn 0.6200 0.0538 -0.7827
vn 0.6723 0.5262 -0.5207
vn 0.7339 0.3281 -0.5948
vn 0.9173 0.1508 -0.3686
vn 0.8525 0.0388 -0.5213
vn 0.8907 0.2462 -0.3822
vn -0.1001 0.5060 0.8567
vn 0.4435 0.5491 0.7084
vn 0.2590 0.6020 0.7554
vn 0.1510 0.4554 0.8774
vn 0.4680 0.4531 0.7587
vn 0.4033 0.6111 0.6811
vn 0.7372 0.5213 0.4298
vn 0.9679 0.0497 -0.2465
vn 0.9333 0.1864 0.3070
vn 0.9992 0.0406 0.0058
vn 0.9883 0.1525 0.0033
vn 0.9127 0.2325 0.3362
vn 0.9783 0.2070 0.0039
vn -0.4983 -0.8644 0.0671
vn -0.2272 -0.9733 -0.0342
vn 0.0603 -0.9873 0.1467
vn -0.4138 -0.8996 0.1400
vn -0.5052 -0.8629 -0.0139
vn -0.7253 -0.6882 -0.0182
vn -0.8352 -0.5221 0.1729
vn -0.7558 0.5454 0.3624
vn -0.4941 0.6804 0.5412
vn -0.6371 0.6860 0.3515
vn -0.9231 0.2995 0.2411
vn -0.7431 0.5320 0.4059
vn -0.9133 0.2738 0.3016
vn -0.9483 -0.3167 0.0200
vn -0.9668 0.2125 0.1418
vn -0.9926 -0.0426 0.1140
vn -0.8558 0.4574 0.2415
vn -0.9889 -0.0504 0.1396
vn -0.4838 0.0868 -0.8708
vn 0.0956 0.1677 -0.9812
vn -0.2053 -0.0131 -0.9786
vn -0.4864 0.0041 -0.8737
vn -0.3831 0.1579 -0.9101
vn -0.8303 0.1870 -0.5251
vn -0.7674 0.1070 -0.6322
vn -0.9674 0.1379 0.2123
vn -0.9459 0.0286 -0.3232
vn -0.9992 0.0358 -0.0153
vn -0.8586 0.2305 0.4580
vn -0.9923 0.1160 -0.0445
vn -0.7160 -0.0026 -0.6981
vn -0.9244 0.2338 0.3012
vn -0.9885 0.1431 -0.0485
vn -0.7602 0.3461 0.5497
vn -0.6441 0.3316 0.6893
vn -0.5009 0.5181 0.6933
vn -0.7442 0.3907 0.5418
vn -0.9129 0.2955 0.2815
vn -0.2417 0.9009 0.3606
vn -0.3271 0.9369 0.1233
vn -0.5337 0.5872 0.6085
vn -0.5801 0.7101 0.3991
vn -0.7752 0.5315 0.3415
vn -0.4682 0.0796 0.8800
vn -0.2426 0.3286 0.9128
vn -0.1303 0.0525 0.9901
vn -0.8687 0.3680 0.3315
vn -0.6442 0.3753 0.6664
vn -0.7388 0.1496 0.6571
vn -0.9636 0.1717 0.2049
vn -0.9557 0.1678 0.2419
vn -0.1554 0.9534 -0.2587
vn -0.0101 0.8301 -0.5576
vn -0.6138 0.2712 -0.7414
vn -0.5504 0.3237 -0.7696
vn -0.4140 0.3920 -0.8216
vn -0.3974 -0.6401 -0.6575
vn -0.2154 0.4443 -0.8696
vn -0.2481 0.3715 -0.8947
vn -0.6161 -0.5871 -0.5251
vn -0.7928 -0.5542 -0.2536
vn 0.3961 0.8860 -0.2412
vn 0.3960 0.8861 -0.2409
vn -0.3388 0.4420 -0.8306
vn -0.1238 0.9916 -0.0367
vn -0.5037 0.8639 0.0016
vn -0.2721 0.9515 -0.1434
vn -0.8445 -0.3295 -0.4222
vn -0.8445 -0.3292 -0.4224
vn -0.8445 -0.3293 -0.4224
vn -0.2403 -0.5498 -0.8000
vn -0.4810 -0.6008 -0.6385
vn -0.7687 0.3360 -0.5443
vn -0.8238 0.4195 -0.3813
vn -0.8422 0.4483 -0.2996
vn -0.4566 0.8459 0.2755
vn -0.4862 0.8343 0.2599
vn -0.4548 0.8466 0.2763
vn -0.6691 -0.2969 0.6813
vn -0.6739 -0.3451 0.6532
vn -0.7493 -0.3943 0.5320
vn -0.9166 -0.3377 0.2140
vn -0.9228 -0.3427 0.1758
vn -0.7175 -0.6384 -0.2787
vn -0.7736 0.0032 0.6337
vn -0.6841 0.1266 0.7183
vn -0.8527 -0.1522 0.4998
vn -0.8081 -0.3820 0.4483
vn 0.7351 -0.5457 -0.4024
vn 0.7338 -0.5456 -0.4048
vn 0.7100 -0.5848 -0.3923
vn 0.0983 -0.9276 -0.3605
vn 0.0983 -0.9275 -0.3606
vn -0.1209 -0.8374 -0.5330
vn -0.1209 -0.8375 -0.5329
vn 0.8816 -0.0113 0.4718
vn 0.6736 -0.6672 -0.3179
vn 0.8283 -0.5596 0.0284
vn 0.3248 0.8632 0.3866
vn 0.1968 0.9518 0.2353
vn 0.1635 0.9669 0.1957
vn 0.1106 0.9451 -0.3076
vn 0.3475 0.9102 -0.2255
vn 0.0739 0.9912 -0.1098
vn 0.3351 0.5529 -0.7629
vn 0.3908 0.7256 -0.5664
vn 0.6000 0.6068 -0.5213
vn 0.3269 0.3908 -0.8605
vn 0.2430 0.1889 -0.9515
vn 0.2045 0.1936 -0.9595
vn 0.9076 0.3480 -0.2350
vn 0.8812 0.1029 -0.4614
vn 0.6621 0.3990 -0.6344
vn 0.6575 0.1743 -0.7330
vn 0.9020 -0.0074 -0.4317
vn 0.9485 -0.1561 -0.2756
vn 0.4296 -0.3606 -0.8279
vn 0.4164 -0.1780 -0.8916
vn 0.4904 -0.1412 -0.8600
vn -0.5669 -0.7828 -0.2565
vn -0.6141 -0.6132 -0.4968
vn 0.3411 -0.5313 -0.7755
vn 0.4920 -0.2591 -0.8312
vn 0.8520 0.2866 -0.4381
vn 0.9566 -0.2868 0.0520
vn 0.9122 -0.2377 0.3337
vn 0.9898 -0.1386 0.0322
vn 0.5828 -0.7443 0.3260
vn 0.7288 -0.5595 0.3947
vn 0.6897 -0.2838 0.6662
vn 0.2578 -0.8372 0.4824
vn 0.3423 -0.9286 0.1434
vn 0.1592 -0.9793 0.1251
vn -0.4058 -0.7029 0.5842
vn -0.4058 -0.7028 0.5842
vn 0.3647 -0.2448 0.8984
vn 0.1350 -0.5314 0.8363
vn 0.4180 -0.6225 0.6616
vn -0.0277 -0.8212 0.5700
vn -0.1365 -0.8329 0.5363
vn -0.6558 -0.1230 -0.7448
vn -0.2817 -0.9040 0.3215
vn -0.5939 0.6994 -0.3977
vn -0.4334 0.8246 -0.3637
vn -0.7944 -0.6061 -0.0390
vn 0.6087 -0.0815 0.7892
vn 0.5944 -0.1594 0.7882
vn 0.6097 -0.0751 0.7891
vn -0.8649 0.4469 0.2287
vn -0.9180 0.1288 -0.3750
vn -0.4309 0.7407 0.5154
vn -0.9202 0.3403 -0.1933
vn -0.7002 0.0989 -0.7071
vn -0.8940 0.4350 -0.1078
vn -0.8965 0.2241 -0.3823
vn 0.3090 0.8944 0.3232
vn 0.1793 0.7847 0.5933
vn 0.5808 0.7913 0.1910
vn 0.4337 0.8966 0.0897
vn 0.0764 0.8909 0.4477
vn -0.2897 0.9151 -0.2806
vn -0.2886 0.9151 -0.2816
vn -0.0830 0.8815 -0.4648
vn -0.3660 0.1335 -0.9210
vn 0.2202 0.4548 -0.8629
vn -0.1920 0.3463 -0.9183
vn 0.2445 0.5992 -0.7624
vn -0.3763 0.2302 -0.8975
vn -0.1097 0.4418 -0.8904
vn -0.1855 -0.9106 0.3693
vn -0.3832 -0.9168 0.1124
vn 0.1357 -0.7268 0.6733
vn 0.0723 -0.9068 0.4154
vn -0.7042 -0.7054 0.0808
vn -0.0904 -0.8806 0.4652
vn -0.3759 -0.9011 0.2162
vn 0.3306 0.3368 0.8816
vn 0.5849 0.1890 0.7888
vn 0.1513 0.5819 0.7990
vn 0.0890 0.4451 0.8910
vn 0.4511 0.1432 0.8809
vn 0.6557 -0.2096 0.7254
vn -0.2553 -0.2375 0.9372
vn -0.2515 -0.2417 0.9372
vn -0.4427 -0.0288 0.8962
vn -0.9203 -0.3746 0.1129
vn -0.8692 0.2158 0.4450
vn -0.9204 -0.1875 0.3431
vn -0.5008 0.4805 0.7200
vn -0.8980 -0.3778 0.2257
vn -0.8902 -0.0989 0.4446
vn -0.9174 -0.0992 -0.3855
vn -0.9264 -0.3529 -0.1313
vn -0.7069 -0.0758 -0.7032
vn -0.8731 -0.3117 -0.3750
vn -0.7441 -0.6583 -0.1135
vn -0.6026 -0.5177 -0.6073
vn -0.7067 -0.6006 -0.3741
vn -0.1243 -0.3354 -0.9338
vn -0.3884 -0.0904 -0.9171
vn -0.0997 -0.6402 -0.7617
vn -0.3746 -0.3048 -0.8757
vn -0.6803 -0.2721 -0.6806
vn -0.3877 -0.8306 -0.3998
vn -0.1408 -0.8953 -0.4226
vn -0.4011 -0.9020 -0.1598
vn -0.3673 -0.5957 -0.7143
vn 0.4305 0.2517 -0.8668
vn 0.1210 -0.2852 -0.9508
vn 0.5734 0.3114 -0.7578
vn 0.3395 -0.0919 -0.9361
vn 0.0840 -0.5988 -0.7965
vn 0.4328 0.0039 -0.9015
vn 0.2520 -0.2613 -0.9318
vn 0.8823 0.3547 0.3096
vn 0.7792 0.5972 0.1904
vn 0.7946 0.1793 0.5800
vn 0.8984 0.0999 0.4276
vn 0.8760 0.4780 0.0642
vn 0.7461 0.6656 -0.0195
vn 0.9308 -0.1705 -0.3233
vn 0.9302 -0.1652 -0.3279
vn 0.9093 -0.4053 -0.0945
vn 0.4180 -0.8796 -0.2272
vn 0.4679 -0.8649 0.1817
vn 0.1158 -0.8833 -0.4543
vn 0.3204 -0.8125 -0.4870
vn 0.5999 -0.7558 0.2623
vn 0.4817 -0.8681 -0.1198
vn -0.5082 0.8410 -0.1856
vn -0.4591 0.8863 -0.0615
vn -0.2691 0.9250 -0.2681
vn -0.5205 0.7212 -0.4571
vn -0.6418 0.7613 -0.0923
vn -0.7353 0.6775 -0.0210
vn -0.7365 0.5945 -0.3228
vn -0.7364 0.5945 -0.3229
vn -0.7364 0.5946 -0.3226
vn -0.5989 -0.4036 -0.6916
vn -0.2714 -0.4332 -0.8595
vn -0.5307 -0.4872 -0.6935
vn -0.7681 -0.2630 -0.5838
vn -0.5213 -0.1553 -0.8391
vn -0.9422 0.3293 -0.0616
vn -0.9450 -0.1726 -0.2778
vn -0.8904 0.4487 -0.0767
vn -0.8069 -0.2537 -0.5334
vn -0.7351 -0.3957 -0.5505
vn -0.3759 0.9197 0.1133
vn -0.0950 0.9139 0.3946
vn -0.7018 0.7047 0.1043
vn -0.3711 0.8437 0.3879
vn -0.0908 0.6914 0.7167
vn -0.6597 0.6558 0.3669
vn -0.3541 0.6500 0.6724
vn -0.9204 0.0919 0.3801
vn -0.9199 0.3781 0.1044
vn -0.7042 0.0793 0.7056
vn -0.8489 0.3674 0.3801
vn -0.6606 0.3439 0.6673
vn -0.0968 0.3605 0.9277
vn -0.3784 0.0801 0.9222
vn -0.0970 0.0780 0.9922
vn -0.3733 0.3583 0.8558
vn -0.4827 -0.0952 0.8706
vn -0.1364 -0.0404 0.9898
vn -0.4590 -0.0346 0.8878
vn -0.6959 -0.1067 0.7102
vn -0.5136 -0.4838 0.7087
vn -0.7785 -0.3476 0.5226
vn -0.9457 -0.2681 -0.1836
vn -0.9438 -0.0714 0.3227
vn -0.7337 -0.5376 -0.4155
vn -0.8071 -0.5220 -0.2758
vn -0.8916 -0.0907 0.4436
vn -0.7364 -0.0435 0.6752
vn -0.3292 -0.6771 -0.6581
vn -0.5256 -0.6332 -0.5681
vn -0.6137 -0.7894 -0.0132
vn -0.7724 -0.6344 -0.0292
vn -0.5149 -0.8363 -0.1884
vn -0.7797 -0.5106 -0.3624
vn -0.7088 -0.3281 -0.6245
vn 0.3802 0.9215 -0.0798
vn 0.0999 0.9272 -0.3610
vn 0.0995 0.9920 -0.0778
vn 0.7058 0.7040 -0.0784
vn 0.3752 0.8557 -0.3564
vn 0.0940 0.7169 -0.6909
vn 0.6626 0.6661 -0.3424
vn 0.3571 0.6729 -0.6478
vn 0.9208 0.1024 -0.3764
vn 0.9214 0.3780 -0.0901
vn 0.7042 0.1039 -0.7023
vn 0.8499 0.3787 -0.3663
vn 0.6625 0.3657 -0.6538
vn 0.0983 0.3952 -0.9133
vn 0.3785 0.1136 -0.9186
vn 0.3745 0.3883 -0.8420
vn -0.0293 0.9502 -0.3104
vn -0.2285 0.9713 -0.0665
vn -0.0601 0.8492 -0.5247
vn -0.1787 0.6114 -0.7709
vn -0.0089 0.5698 -0.8217
vn -0.4711 0.7271 -0.4994
vn -0.4713 0.7270 -0.4993
vn 0.5377 0.6668 -0.5160
vn 0.5378 0.6667 -0.5161
vn 0.5378 0.6666 -0.5161
vn -0.2782 -0.1635 -0.9465
vn -0.0664 0.3430 -0.9370
vn -0.5027 -0.4382 -0.7452
vn -0.3752 -0.2367 -0.8962
vn -0.1849 0.5772 -0.7954
vn -0.0950 0.6861 -0.7213
vn -0.6669 -0.6099 -0.4282
vn -0.6443 -0.6023 -0.4713
vn -0.7916 0.0161 -0.6109
vn -0.7012 0.1697 -0.6925
vn -0.8415 -0.1599 -0.5161
vn -0.5558 -0.4803 -0.6785
vn -0.6617 0.0420 -0.7486
vn -0.6151 -0.1188 -0.7795
vn 0.7866 -0.2729 -0.5538
vn 0.9017 -0.0751 -0.4258
vn 0.9520 -0.2099 -0.2227
vn 0.7170 -0.3512 -0.6022
vn 0.4969 -0.2399 -0.8340
vn 0.6392 -0.0546 -0.7671
vn 0.2246 -0.5318 -0.8165
vn -0.3609 -0.7431 -0.5635
vn -0.5771 -0.8004 -0.1621
vn -0.5836 -0.6844 -0.4371
vn -0.1746 -0.5157 -0.8388
vn 0.2603 -0.9430 -0.2075
vn -0.0698 -0.8428 -0.5337
vn 0.3780 -0.9178 -0.1212
vn 0.3176 -0.0712 -0.9456
vn -0.1635 -0.2682 -0.9494
vn 0.1041 -0.2353 -0.9663
vn -0.4063 -0.4838 -0.7752
vn 0.8633 -0.3143 -0.3950
vn 0.8658 0.1246 -0.4847
vn 0.9872 -0.1093 -0.1160
vn 0.8462 -0.4442 -0.2944
vn 0.7735 -0.3187 -0.5479
vn 0.6630 -0.1733 -0.7283
vn 0.6110 -0.5954 -0.5216
vn -0.1364 -0.9447 -0.2983
vn 0.3543 -0.9285 -0.1114
vn -0.3318 -0.7967 -0.5052
vn 0.0895 -0.9581 -0.2721
vn 0.4235 -0.8912 -0.1626
vn -0.1618 -0.8489 -0.5032
vn 0.1560 -0.9359 -0.3159
vn -0.5356 -0.3694 -0.7594
vn -0.3234 -0.6243 -0.7111
vn -0.5238 -0.5768 -0.6269
vn -0.1617 -0.5356 -0.8288
vn -0.3672 -0.4734 -0.8007
vn -0.0697 -0.8054 -0.5887
vn 0.9203 -0.1072 0.3762
vn 0.9196 -0.3822 0.0903
vn 0.7041 -0.1077 0.7019
vn 0.8480 -0.3830 0.3664
vn 0.7013 -0.7085 0.0789
vn 0.6599 -0.3699 0.6540
vn 0.6582 -0.6702 0.3429
vn 0.1606 -0.4453 0.8809
vn 0.3781 -0.1154 0.9186
vn 0.1234 -0.7455 0.6550
vn 0.3715 -0.3903 0.8424
vn 0.3521 -0.6749 0.6485
vn 0.3747 -0.9237 0.0803
vn 0.0935 -0.9361 0.3390
vn 0.3696 -0.8578 0.3572
vn -0.1033 -0.7744 0.6243
vn -0.1739 -0.8775 0.4470
vn -0.0459 -0.8625 0.5039
vn -0.4168 -0.7489 0.5153
vn -0.3626 -0.7125 0.6007
vn -0.1115 -0.9338 0.3400
vn -0.0356 -0.9335 0.3569
vn -0.2170 -0.9106 0.3518
vn -0.8763 -0.0169 -0.4815
vn -0.9202 -0.0313 -0.3901
vn -0.9567 -0.0876 -0.2776
vn -0.8328 0.0576 -0.5506
vn -0.9847 -0.1652 -0.0547
vn -0.0565 -0.9858 0.1580
vn -0.3081 -0.9240 -0.2266
vn -0.3021 -0.9521 0.0476
vn -0.4635 -0.8801 -0.1031
vn -0.4171 -0.8625 -0.2867
vn -0.4865 -0.8535 -0.1866
vn 0.3390 0.8841 -0.3215
vn 0.0843 0.7250 -0.6836
vn 0.0298 0.8366 -0.5471
vn 0.0644 0.9148 -0.3988
vn 0.3524 0.9354 -0.0289
vn 0.5129 0.8575 -0.0408
vn 0.0950 0.9886 -0.1168
vn 0.3948 0.9016 0.1768
vn 0.2042 0.9220 0.3291
vn 0.0417 0.9851 -0.1670
vn 0.0421 0.9989 0.0182
vn 0.2976 0.9160 0.2689
vn 0.1977 0.9796 0.0352
vn 0.0255 0.9344 -0.3553
vn 0.3324 0.8257 0.4557
vn 0.3010 0.8507 0.4308
vn 0.5497 -0.2571 0.7948
vn 0.3683 -0.5735 0.7318
vn -0.6329 0.1518 -0.7592
vn 0.4705 0.8366 -0.2806
vn -0.1254 0.3556 -0.9262
vn -0.0386 0.6556 -0.7541
vn -0.2083 0.1909 -0.9593
vn -0.1071 0.5270 -0.8431
vn -0.0188 0.8172 -0.5761
vn -0.1908 0.3397 -0.9210
vn -0.0755 0.7258 -0.6837
vn -0.2825 0.1852 -0.9412
vn -0.3182 -0.0101 -0.9480
vn -0.3603 0.1329 -0.9233
vn -0.2017 0.5702 -0.7963
vn -0.1757 0.5483 -0.8177
vn -0.0805 0.8578 -0.5076
vn -0.1178 0.9059 -0.4069
vn -0.0248 0.9482 -0.3167
vn -0.2232 0.7722 -0.5948
vn -0.6532 0.7323 0.1924
vn -0.7797 0.6229 0.0633
vn -0.8750 0.3932 0.2826
vn -0.6982 0.6739 0.2416
vn -0.3645 0.9169 0.1626
vn -0.5181 0.8538 0.0507
vn -0.3774 0.8895 0.2578
vn 0.7983 -0.0599 0.5992
vn 0.7067 0.4292 0.5625
vn 0.6964 0.2410 0.6760
vn 0.8792 0.1434 0.4544
vn 0.7618 0.4596 0.4566
vn 0.7492 0.1441 0.6464
vn 0.4331 0.7300 0.5287
vn 0.5130 0.7012 0.4952
vn -0.2420 0.9683 0.0614
vn 0.3126 0.9293 0.1967
vn 0.0102 0.9986 0.0523
vn 0.0082 0.9863 0.1646
vn 0.3411 0.9083 0.2423
vn 0.0082 0.9759 0.2182
vn 0.2656 0.3446 -0.9004
vn 0.1270 0.2483 -0.9603
vn 0.0097 0.2105 -0.9776
vn 0.4545 0.3778 -0.8066
vn 0.2130 0.5088 -0.8341
vn 0.0040 -0.1013 -0.9948
vn -0.0328 0.0090 -0.9994
vn 0.1414 -0.6397 -0.7555
vn 0.2183 -0.7283 -0.6496
vn 0.2292 -0.7398 -0.6326
vn 0.2776 -0.9172 0.2857
vn 0.3605 -0.7986 0.4821
vn 0.3018 -0.8696 0.3908
vn 0.1844 -0.9786 0.0910
vn 0.2951 -0.9251 0.2390
vn 0.2391 -0.9682 0.0739
vn 0.0139 -0.8937 -0.4484
vn 0.1105 -0.9916 0.0672
vn 0.0331 -0.8873 -0.4600
vn 0.0897 -0.9795 -0.1806
vn 0.1748 -0.9586 0.2249
vn 0.1181 -0.9783 -0.1700
vn -0.1782 -0.0217 -0.9838
vn -0.1413 0.1771 -0.9740
vn -0.0974 0.0227 -0.9950
vn -0.1911 -0.4247 -0.8849
vn -0.2545 -0.1746 -0.9512
vn -0.2522 -0.0192 -0.9675
vn -0.2284 -0.3992 -0.8879
vn -0.1783 -0.7527 -0.6338
vn -0.0969 -0.8202 -0.5638
vn -0.1425 -0.8725 -0.4674
vn -0.2602 -0.5890 -0.7651
vn -0.0751 -0.6624 -0.7453
vn -0.3158 -0.1880 -0.9300
vn -0.3245 -0.5085 -0.7976
vn -0.3810 -0.3277 -0.8645
vn -0.2993 -0.3693 -0.8798
vn -0.2633 -0.6966 -0.6674
vn -0.8724 -0.4815 0.0839
vn -0.9811 0.0993 0.1660
vn -0.9795 -0.2011 -0.0131
vn -0.8748 -0.4845 0.0013
vn -0.9111 -0.3815 0.1559
vn -0.5268 -0.8310 0.1790
vn -0.6338 -0.7669 0.1007
vn 0.2086 -0.9699 0.1259
vn -0.3268 -0.9449 0.0187
vn -0.0189 -0.9995 0.0242
vn 0.4546 -0.8635 0.2185
vn -0.0471 -0.9934 0.1049
vn -0.7003 -0.7138 -0.0087
vn 0.2970 -0.9287 0.2221
vn -0.0527 -0.9899 0.1319
vn 0.5470 -0.7663 0.3369
vn 0.6875 -0.6506 0.3225
vn 0.6949 -0.5020 0.5149
vn 0.5400 -0.7504 0.3811
vn 0.2783 -0.9173 0.2850
vn -0.9356 0.0772 0.3445
vn -0.7190 0.1457 0.6796
vn -0.9286 0.1341 0.3461
vn -0.8411 0.0187 0.5406
vn -0.4416 0.1108 0.8904
vn -0.7031 0.2005 0.6823
vn -0.4437 0.2189 0.8690
vn 0.2270 0.1444 0.9631
vn -0.3179 -0.0051 0.9481
vn -0.0652 -0.0160 0.9977
vn 0.2672 0.1985 0.9430
vn -0.0699 0.1067 0.9918
vn -0.5914 -0.0105 0.8063
vn -0.0595 0.1676 0.9841
vn 0.6410 0.5547 0.5306
vn 0.8338 0.4780 0.2761
vn -0.0367 0.8260 0.5624
vn 0.4732 0.6897 0.5481
vn 0.6814 0.4581 0.5709
vn 0.8103 0.3989 0.4293
vn 0.3547 0.5084 0.7847
vn 0.1183 -0.7353 0.6673
vn 0.0130 -0.8505 0.5259
vn 0.1466 -0.8056 0.5740
vn 0.1677 -0.7271 0.6657
vn 0.0806 -0.4737 0.8770
vn -0.0241 -0.6190 0.7850
vn 0.1781 -0.4833 0.8571
vn 0.5010 0.8643 0.0438
vn 0.5021 0.6519 0.5683
vn 0.5441 0.7724 0.3277
vn 0.4300 0.8547 0.2910
vn 0.4033 0.6987 0.5908
vn 0.7682 -0.0876 0.6342
vn 0.6340 0.5121 0.5794
vn 0.7367 -0.2801 0.6155
vn 0.4534 0.3401 0.8238
vn -0.0264 -0.3584 0.9332
vn 0.1054 0.1944 0.9752
vn -0.0408 -0.1118 0.9929
vn 0.0714 -0.1128 0.9911
vn 0.1530 0.2267 0.9619
vn 0.1266 -0.1111 0.9857
vn -0.8096 0.1153 -0.5756
vn -0.9461 -0.0081 -0.3239
vn -0.9995 0.0299 -0.0116
vn -0.7768 0.1849 -0.6020
vn -0.8047 0.0360 -0.5926
vn -0.6294 0.0322 -0.7764
vn -0.4602 0.2426 -0.8540
vn 0.5874 0.4560 -0.6685
vn 0.5009 0.7644 -0.4061
vn 0.7309 0.4109 -0.5450
vn 0.3596 0.3156 -0.8781
vn 0.7244 0.6015 -0.3368
vn 0.3315 0.3807 -0.8632
vn 0.4548 0.3751 -0.8077
vn -0.2575 0.0797 -0.9630
vn 0.2694 0.2075 -0.9404
vn 0.0205 0.1821 -0.9831
vn 0.5143 0.3082 -0.8003
vn 0.0076 0.2104 -0.9776
vn 0.1537 -0.8094 -0.5668
vn 0.3474 -0.8254 -0.4449
vn 0.0156 -0.9475 -0.3195
vn 0.0549 -0.8093 -0.5849
vn 0.1808 -0.9809 -0.0720
vn 0.2600 -0.4239 -0.8676
vn 0.1769 -0.5391 -0.8235
vn 0.2138 0.3261 -0.9209
vn 0.1099 -0.2085 -0.9718
vn 0.1174 0.1041 -0.9876
vn 0.2937 0.5574 -0.7765
vn 0.1975 0.0752 -0.9774
vn 0.0648 -0.6080 -0.7913
vn 0.3049 0.4092 -0.8600
vn 0.2240 0.0696 -0.9721
vn 0.3951 0.6376 -0.6614
vn 0.3748 0.7613 -0.5291
vn 0.4521 0.8165 -0.3590
vn 0.4224 0.5991 -0.6802
vn 0.3660 0.3882 -0.8458
vn -0.7290 -0.0520 -0.6825
vn -0.7051 0.2405 -0.6671
vn -0.6280 -0.4335 -0.6463
vn -0.7152 0.0452 -0.6975
vn -0.7208 0.0807 -0.6884
vn -0.7040 0.2377 -0.6692
vn -0.6634 -0.0109 -0.7482
vn -0.3797 -0.8452 -0.3761
vn -0.3901 -0.8321 -0.3942
vn -0.6469 -0.4840 -0.5893
vn -0.5501 -0.6509 -0.5231
vn -0.5358 -0.6468 -0.5428
vn -0.6974 0.2445 -0.6737
vn -0.7052 -0.1315 -0.6967
vn -0.7237 0.0355 -0.6892
vn -0.7520 -0.0322 -0.6584
vn -0.6869 0.2206 -0.6924
vn -0.6940 -0.1018 -0.7128
vn -0.6906 0.2335 -0.6845
vn -0.6957 0.2116 -0.6865
vn -0.7127 -0.0624 -0.6987
vn -0.7114 -0.2733 -0.6475
vn -0.7094 -0.0050 -0.7048
vn -0.7182 -0.2364 -0.6545
vn -0.7470 -0.1653 -0.6439
vn -0.6965 0.2147 -0.6847
vn -0.5780 -0.6119 -0.5399
vn -0.6993 -0.0464 -0.7134
vn -0.5750 -0.4405 -0.6894
vn -0.2995 -0.9109 -0.2839
vn -0.2662 -0.9148 -0.3037
vn -0.4680 -0.7862 -0.4035
vn -0.4359 -0.7786 -0.4514
vn 0.9007 -0.3150 -0.2993
vn 0.9005 -0.2970 -0.3176
vn 0.7655 -0.4645 -0.4452
vn 0.7663 -0.4377 -0.4704
vn 0.2503 -0.6578 -0.7104
vn -0.0068 -0.7206 -0.6933
vn -0.0070 -0.6789 -0.7342
vn 0.9004 -0.3315 -0.2818
vn 0.7652 -0.4886 -0.4191
vn 0.2499 -0.6978 -0.6713
vn -0.0052 -0.7574 -0.6530
vn 0.9103 0.2789 0.3058
vn 0.9098 0.2607 0.3228
vn 0.7822 0.4214 0.4590
vn 0.3227 0.5982 0.7335
vn 0.0767 0.6768 0.7322
vn 0.3216 0.6420 0.6960
vn 0.9100 0.2391 0.3388
vn 0.7815 0.3924 0.4851
vn 0.3213 0.5496 0.7712
vn 0.0766 0.6299 0.7729
vn 0.9001 -0.2578 -0.3512
vn 0.9007 -0.2767 -0.3350
vn 0.7643 -0.3814 -0.5200
vn 0.2492 -0.6142 -0.7488
vn -0.0072 -0.5866 -0.8098
vn 0.2492 -0.5687 -0.7839
vn 0.7658 -0.4094 -0.4960
vn -0.0065 -0.6342 -0.7731
vn 0.9098 0.2978 0.2891
vn 0.9097 0.3132 0.2728
vn 0.7819 0.4491 0.4324
vn 0.7815 0.4728 0.4072
vn 0.3210 0.7173 0.6184
vn 0.0775 0.7191 0.6905
vn 0.0780 0.7559 0.6500
vn 0.3217 0.6823 0.6565
vn 0.9091 0.3291 0.2555
vn 0.9084 0.3452 0.2357
vn 0.7802 0.4962 0.3807
vn 0.7787 0.5206 0.3501
vn 0.3206 0.7844 0.5310
vn 0.0791 0.7913 0.6062
vn 0.0806 0.8272 0.5560
vn 0.3221 0.7501 0.5776
vn 0.8998 -0.3475 -0.2638
vn 0.7645 -0.5107 -0.3932
vn 0.2516 -0.7344 -0.6304
vn -0.0034 -0.7928 -0.6095
vn 0.8980 -0.3657 -0.2447
vn 0.7601 -0.5378 -0.3647
vn 0.2510 -0.7688 -0.5882
vn -0.0009 -0.8272 -0.5619
vn 0.8966 -0.3823 -0.2237
vn 0.7591 -0.5590 -0.3337
vn 0.2503 -0.8028 -0.5411
vn 0.0006 -0.8589 -0.5121
vn 0.8928 -0.4011 -0.2051
vn 0.7529 -0.5820 -0.3072
vn 0.2499 -0.8335 -0.4928
vn -0.0006 -0.8853 -0.4651
vn 0.9067 0.3633 0.2145
vn 0.9030 0.3809 0.1989
vn 0.7737 0.5484 0.3172
vn 0.7666 0.5721 0.2914
vn 0.3155 0.8421 0.4374
vn 0.0816 0.8623 0.4998
vn 0.0800 0.8870 0.4549
vn 0.3182 0.8180 0.4792
vn 0.8861 -0.4494 -0.1136
vn 0.9239 -0.3827 0.0015
vn 0.5369 -0.8212 -0.1933
vn 0.7024 -0.7118 0.0025
vn 0.0615 -0.9761 -0.2084
vn 0.3633 -0.9317 0.0027
vn 0.9783 -0.1873 -0.0882
vn 0.7423 -0.6044 -0.2893
vn 0.2415 -0.8629 -0.4439
vn -0.0071 -0.9036 -0.4283
vn 0.7342 -0.6166 -0.2841
vn 0.2253 -0.8833 -0.4111
vn 0.9003 0.3907 0.1919
vn 0.7622 0.5828 0.2818
vn 0.0764 0.8974 0.4346
vn 0.3089 0.8544 0.4178
vn 0.9091 0.2118 0.3588
vn 0.7813 0.3596 0.5101
vn 0.3192 0.4867 0.8132
vn 0.0770 0.5784 0.8121
vn 0.9048 0.1898 0.3812
vn 0.7775 0.3170 0.5431
vn 0.3111 0.4275 0.8488
vn 0.0769 0.5098 0.8569
vn 0.8964 -0.2196 -0.3850
vn 0.8991 -0.2379 -0.3674
vn 0.7578 -0.3281 -0.5640
vn 0.2468 -0.5225 -0.8162
vn -0.0086 -0.4950 -0.8688
vn 0.2405 -0.4766 -0.8456
vn 0.7626 -0.3524 -0.5424
vn -0.0064 -0.5403 -0.8414
vn 0.9250 0.0036 -0.3801
vn 0.7027 0.0101 -0.7114
vn 0.3618 0.0148 -0.9321
vn 0.8886 -0.1192 -0.4430
vn 0.5317 -0.2054 -0.8216
vn 0.0399 -0.2219 -0.9742
vn 0.8996 0.1788 0.3985
vn 0.7683 0.2787 0.5763
vn 0.3017 0.3960 0.8673
vn 0.0722 0.4433 0.8935
vn 0.0656 0.4109 0.9093
vn 0.7579 0.2648 0.5962
vn 0.3063 0.3884 0.8691
vn 0.8917 -0.2097 -0.4011
vn 0.2248 -0.4458 -0.8665
vn 0.7484 -0.3117 -0.5854
vn -0.0158 -0.4624 -0.8865
vn -0.6900 -0.4904 -0.5324
vn -0.6901 -0.5202 -0.5032
vn -0.8523 -0.3536 -0.3854
vn -0.8523 -0.3755 -0.3641
vn -0.9572 -0.1946 -0.2144
vn -0.9571 -0.2071 -0.2025
vn -0.6885 -0.5483 -0.4747
vn -0.8513 -0.3963 -0.3438
vn -0.9568 -0.2187 -0.1914
vn -0.6440 0.4855 0.5912
vn -0.6438 0.5204 0.5611
vn -0.8317 0.3530 0.4287
vn -0.8317 0.3787 0.4061
vn -0.9522 0.1954 0.2349
vn -0.9522 0.2091 0.2228
vn -0.6432 0.4460 0.6224
vn -0.8309 0.3257 0.4512
vn -0.9521 0.1806 0.2469
vn -0.6902 -0.4569 -0.5611
vn -0.6886 -0.4238 -0.5884
vn -0.8524 -0.3291 -0.4064
vn -0.8515 -0.3060 -0.4258
vn -0.9569 -0.1817 -0.2264
vn -0.9568 -0.1677 -0.2374
vn -0.6410 0.5835 0.4985
vn -0.6425 0.5540 0.5294
vn -0.8296 0.4244 0.3627
vn -0.8305 0.4031 0.3844
vn -0.9513 0.2355 0.1989
vn -0.9519 0.2227 0.2105
vn -0.6346 0.6419 0.4304
vn -0.6385 0.6114 0.4674
vn -0.8259 0.4683 0.3139
vn -0.8282 0.4455 0.3401
vn -0.9501 0.2595 0.1729
vn -0.9511 0.2460 0.1866
vn -0.6857 -0.5763 -0.4447
vn -0.8499 -0.4170 -0.3222
vn -0.9562 -0.2313 -0.1794
vn -0.6823 -0.6045 -0.4113
vn -0.8477 -0.4384 -0.2988
vn -0.9557 -0.2428 -0.1663
vn -0.6767 -0.6323 -0.3771
vn -0.8444 -0.4600 -0.2747
vn -0.9544 -0.2563 -0.1529
vn -0.6690 -0.6588 -0.3442
vn -0.8389 -0.4826 -0.2518
vn -0.9529 -0.2685 -0.1408
vn -0.6204 0.6981 0.3576
vn -0.6277 0.6738 0.3898
vn -0.8161 0.5145 0.2633
vn -0.8215 0.4937 0.2855
vn -0.9467 0.2868 0.1467
vn -0.9487 0.2741 0.1576
vn -0.4205 -0.9053 -0.0607
vn -0.6376 -0.7489 -0.1808
vn -0.7296 -0.6823 -0.0461
vn -0.8235 -0.5509 -0.1353
vn -0.9309 -0.3643 -0.0250
vn -0.9467 -0.3121 -0.0794
vn -0.6612 -0.6780 -0.3211
vn -0.8335 -0.4989 -0.2373
vn -0.9503 -0.2812 -0.1337
vn -0.6151 0.7098 0.3433
vn -0.8107 0.5273 0.2542
vn -0.9447 0.2956 0.1421
vn -0.6394 0.3958 0.6592
vn -0.8289 0.2890 0.4790
vn -0.9517 0.1605 0.2616
vn -0.6313 0.3472 0.6935
vn -0.8222 0.2569 0.5080
vn -0.9493 0.1442 0.2793
vn -0.6855 -0.3906 -0.6144
vn -0.6814 -0.3594 -0.6376
vn -0.8495 -0.2820 -0.4458
vn -0.8461 -0.2604 -0.4651
vn -0.9562 -0.1549 -0.2485
vn -0.9547 -0.1437 -0.2606
vn -0.4189 -0.0416 -0.9071
vn -0.7305 -0.0303 -0.6822
vn -0.9382 -0.0135 -0.3458
vn -0.6535 -0.1827 -0.7346
vn -0.8248 -0.1344 -0.5492
vn -0.9426 -0.0773 -0.3248
vn -0.6227 0.3245 0.7120
vn -0.8155 0.2413 0.5261
vn -0.9464 0.1369 0.2924
vn -0.6759 -0.3379 -0.6550
vn -0.8413 -0.2463 -0.4811
vn -0.9529 -0.1357 -0.2714
vn -0.3612 0.4622 0.8099
vn -0.3616 0.4652 0.8080
vn -0.1724 0.9523 -0.2519
vn -0.1724 0.9523 -0.2518
vn 0.1197 0.5201 -0.8457
vn -0.3654 0.6891 0.6258
vn 0.1829 -0.9592 0.2156
vn -0.3644 0.7006 0.6135
vn -0.9280 -0.3725 -0.0057
vn -0.7165 -0.6975 -0.0105
vn -0.3922 -0.9198 -0.0137
vn 0.0022 -0.3280 -0.9447
vn 0.0030 -0.8942 -0.4476
vn 0.0028 -0.6439 -0.7651
vn 0.6939 -0.2004 0.6917
vn 0.7680 -0.0554 0.6381
vn 0.5233 -0.6808 0.5125
vn 0.6270 0.4494 0.6364
vn 0.6931 -0.2047 0.6911
vn 0.6138 -0.5056 0.6063
vn 0.1604 -0.9766 0.1435
vn -0.3791 0.0175 -0.9252
vn -0.7056 0.0143 -0.7084
vn -0.9240 0.0088 -0.3822
vn -0.2399 0.6751 0.6977
vn -0.2367 0.6756 0.6982
vn -0.9746 0.1567 0.1598
vn 0.4507 0.6199 0.6423
vn 0.6868 0.6827 0.2494
vn 0.6607 0.7506 0.0052
vn 0.3460 0.3607 -0.8661
vn 0.7069 0.7068 0.0265
vn -0.3927 0.9195 0.0158
vn -0.7304 0.6830 0.0117
vn -0.8589 0.5120 0.0088
vn -0.9379 0.3468 0.0059
vn -0.9942 0.0481 -0.0962
vn -0.8903 0.4553 0.0077
vn -0.9842 0.1393 0.1096
vn -0.9930 -0.1178 -0.0082
vn -0.9315 -0.0049 0.3638
vn -0.8263 -0.0090 0.5632
vn -0.7073 -0.0120 0.7068
vn -0.4862 -0.0157 0.8737
vn -0.4074 -0.0034 0.9132
vn -0.7786 -0.0103 0.6275
vn -0.9163 -0.2771 -0.2892
vn -0.7014 -0.5364 -0.4694
vn -0.6877 -0.5032 -0.5234
vn -0.3290 -0.6549 -0.6803
vn -0.8069 -0.4087 -0.4264
vn -0.4490 -0.6195 -0.6439
vn -0.0758 -0.7624 -0.6427
vn 0.0025 0.9274 -0.3741
vn 0.0020 0.7100 -0.7042
vn 0.0014 0.4745 -0.8802
vn 0.0012 0.3872 -0.9220
vn 0.1143 0.1594 -0.9806
vn 0.0016 0.5195 -0.8545
vn -0.0916 0.0915 -0.9916
vn 0.9149 0.0057 -0.4036
vn 0.6852 0.0125 -0.7282
vn 0.5641 0.0145 -0.8256
vn 0.3654 0.0170 -0.9307
vn -0.0012 -0.0985 -0.9951
vn 0.6770 0.0127 -0.7358
vn -0.3074 -0.2878 -0.9070
vn -0.3487 -0.3293 -0.8775
vn -0.5388 -0.5220 -0.6613
vn -0.6692 -0.6573 -0.3466
vn -0.4498 -0.4317 -0.7818
vn 0.2964 -0.9551 0.0068
vn 0.4269 -0.9042 -0.0119
vn 0.6212 -0.7835 -0.0162
vn 0.6881 -0.7251 0.0289
vn 0.9311 -0.3645 -0.0133
vn 0.9820 -0.1888 -0.0116
vn 0.9652 -0.2612 -0.0124
vn 0.9810 -0.1936 -0.0114
vn 0.5738 -0.8188 -0.0163
vn 0.0104 -0.9478 0.3186
vn 0.0146 -0.8178 0.5753
vn 0.0456 -0.6419 0.7654
vn -0.1219 -0.9921 -0.0280
vn 0.0124 -0.8985 0.4389
vn -0.4113 -0.8143 -0.4096
vn -0.6787 -0.3262 -0.6579
vn -0.2394 -0.9390 -0.2468
vn -0.5208 -0.6825 -0.5127
vn -0.6646 -0.3758 -0.6458
vn -0.9229 0.3850 0.0065
vn -0.7056 0.7085 0.0121
vn -0.3799 0.9249 0.0158
vn -0.3830 -0.0169 0.9236
vn -0.7071 -0.0121 0.7070
vn -0.9225 -0.0054 0.3860
vn -0.3832 -0.6168 -0.6875
vn -0.7069 -0.4900 -0.5101
vn -0.9245 -0.2695 -0.2696
vn 0.0012 0.4002 -0.9164
vn 0.0020 0.7208 -0.6932
vn 0.0025 0.9309 -0.3653
vn 0.3832 0.0168 -0.9235
vn 0.7069 0.0120 -0.7072
vn 0.9240 0.0053 -0.3824
vn -0.6561 -0.6432 -0.3948
vn -0.5020 -0.4844 -0.7164
vn -0.2717 -0.2518 -0.9289
vn 0.9742 -0.2259 -0.0043
vn 0.9516 -0.3054 -0.0328
vn 0.7707 -0.6371 -0.0118
vn 0.4068 -0.9134 -0.0169
vn -0.0031 -0.8399 0.5428
vn -0.0037 -0.9524 0.3047
vn -0.0020 -0.6487 0.7611
vn -0.5527 0.6343 -0.5405
vn -0.7047 0.1150 -0.7001
vn -0.7047 0.1153 -0.7001
vn -0.4478 -0.7727 -0.4499
vn 0.0014 0.6942 0.7198
vn 0.0014 0.6941 0.7199
vn 0.0007 0.3658 0.9307
vn 0.0019 0.9170 0.3990
vn -0.0014 -0.8041 -0.5945
vn -0.0862 -0.8380 -0.5388
vn 0.0074 -0.9758 -0.2185
vn 0.0086 -0.5770 0.8167
vn 0.0057 -0.9295 0.3687
vn 0.0081 -0.5651 0.8250
vn -0.0003 -0.1819 0.9833
vn 0.0057 -0.9311 0.3646
vn -0.0117 -0.9309 0.3650
vn -0.9229 0.3848 0.0170
vn -0.9227 0.3851 0.0170
vn -0.8318 -0.5551 -0.0087
vn -0.3822 0.9238 0.0217
vn -0.5481 0.8359 0.0287
vn -0.9256 -0.3785 -0.0032
vn -0.9802 -0.1977 0.0089
vn -0.8508 -0.5168 -0.0948
vn 0.9810 -0.1942 -0.0036
vn 0.3800 -0.9246 -0.0273
vn 0.9232 -0.3843 -0.0072
vn 0.3797 -0.9251 -0.0079
vn -0.3872 -0.9218 -0.0176
vn 0.3909 -0.0191 0.9202
vn 0.7119 -0.0159 0.7021
vn 0.9258 -0.0105 0.3778
vn -0.3592 -0.1401 -0.9227
vn -0.0977 -0.0248 -0.9949
vn -0.1057 -0.0282 -0.9940
vn -0.0976 -0.0247 -0.9949
vn 0.6823 0.3183 -0.6581
vn 0.8435 0.3889 -0.3706
vn -0.4140 -0.1675 -0.8948
vn 0.0062 0.9295 -0.3689
vn 0.0147 0.8441 -0.5361
vn 0.0125 -0.1836 -0.9829
vn 0.0034 -0.3641 -0.9314
vn 0.0107 0.3990 -0.9169
vn 0.9250 0.3799 0.0074
vn 0.7087 0.7054 0.0136
vn 0.7086 0.7055 0.0136
vn 0.3856 0.9225 0.0177
vn -0.5774 0.7151 -0.3939
vn -0.8920 0.4510 -0.0311
vn -0.8906 0.4535 -0.0337
vn -0.8923 0.4504 -0.0302
vn -0.5799 -0.4766 0.6608
vn -0.5878 -0.4700 0.6585
vn -0.5798 -0.4766 0.6608
vn -0.5716 0.7175 -0.3981
vn -0.8902 0.4543 -0.0342
vn -0.8882 0.4577 -0.0388
vn -0.5879 -0.4699 0.6584
vn -0.1069 -0.7228 0.6827
vn -0.2959 0.9059 -0.3030
vn -0.3142 0.9055 -0.2853
vn -0.4420 0.7741 -0.4532
vn -0.4678 0.7740 -0.4267
vn -0.7113 0.2601 -0.6530
vn -0.6955 0.0042 -0.7185
vn -0.7362 0.0040 -0.6767
vn -0.2786 0.9056 -0.3197
vn -0.4170 0.7734 -0.4775
vn -0.6711 0.2626 -0.6933
vn -0.6550 0.0071 -0.7556
vn 0.3102 0.9057 0.2888
vn 0.3270 0.9057 0.2697
vn 0.4636 0.7748 0.4297
vn 0.7366 0.3125 0.5998
vn 0.7343 0.0668 0.6755
vn 0.6988 0.3120 0.6437
vn 0.3427 0.9061 0.2479
vn 0.4879 0.7762 0.3992
vn 0.7740 0.3114 0.5513
vn 0.7746 0.0663 0.6290
vn -0.3480 0.9046 -0.2461
vn -0.3320 0.9050 -0.2661
vn -0.5169 0.7720 -0.3699
vn -0.7497 0.2594 -0.6088
vn -0.8110 0.0035 -0.5851
vn -0.7845 0.2588 -0.5636
vn -0.4931 0.7734 -0.3983
vn -0.7754 0.0028 -0.6314
vn 0.2942 0.9048 0.3078
vn 0.2776 0.9046 0.3236
vn 0.4369 0.7750 0.4566
vn 0.4120 0.7739 0.4810
vn 0.6214 0.3109 0.7192
vn 0.6925 0.0662 0.7183
vn 0.6517 0.0665 0.7555
vn 0.6598 0.3110 0.6841
vn 0.2602 0.9042 0.3387
vn 0.2402 0.9036 0.3548
vn 0.3853 0.7728 0.5043
vn 0.3546 0.7705 0.5296
vn 0.5345 0.3096 0.7865
vn 0.6087 0.0685 0.7905
vn 0.5585 0.0681 0.8267
vn 0.5810 0.3109 0.7522
vn -0.2607 0.9049 -0.3364
vn -0.3900 0.7730 -0.5004
vn -0.6314 0.2630 -0.7294
vn -0.6118 0.0094 -0.7909
vn -0.2409 0.9040 -0.3533
vn -0.3608 0.7717 -0.5238
vn -0.5890 0.2643 -0.7637
vn -0.5642 0.0107 -0.8256
vn -0.2198 0.9029 -0.3694
vn -0.3306 0.7691 -0.5470
vn -0.5424 0.2645 -0.7974
vn -0.5140 0.0142 -0.8577
vn -0.2009 0.9001 -0.3865
vn -0.3033 0.7643 -0.5691
vn -0.4931 0.2646 -0.8287
vn -0.4665 0.0203 -0.8843
vn 0.2193 0.9014 0.3735
vn 0.2058 0.8956 0.3944
vn 0.3222 0.7639 0.5591
vn 0.3006 0.7504 0.5887
vn 0.4482 0.2554 0.8567
vn 0.5025 0.0635 0.8622
vn 0.4590 0.0101 0.8884
vn 0.4834 0.3029 0.8213
vn 0.0040 0.9687 -0.2482
vn 0.0038 0.8932 -0.4496
vn 0.0032 0.7763 -0.6303
vn -0.1874 0.8985 -0.3970
vn -0.2816 0.7611 -0.5843
vn -0.4464 0.2645 -0.8548
vn -0.4315 0.0526 -0.9006
vn -0.3562 0.3572 -0.8634
vn -0.4113 0.2876 -0.8649
vn 0.0881 0.9794 0.1816
vn 0.3009 0.7238 0.6209
vn 0.4324 -0.1039 0.8957
vn 0.4347 -0.1370 0.8901
vn 0.4324 -0.1038 0.8957
vn 0.3031 0.7283 0.6146
vn 0.4385 0.1240 0.8901
vn 0.3632 0.9051 0.2213
vn 0.5133 0.7760 0.3665
vn 0.8157 0.3103 0.4881
vn 0.8140 0.0670 0.5769
vn 0.3856 0.9011 0.1983
vn 0.5479 0.7709 0.3248
vn 0.8506 0.3041 0.4290
vn 0.8589 0.0677 0.5077
vn -0.3822 0.9003 -0.2085
vn -0.3639 0.9036 -0.2261
vn -0.5626 0.7631 -0.3180
vn -0.8165 0.2574 -0.5168
vn -0.8702 -0.0002 -0.4927
vn -0.8465 0.2480 -0.4711
vn -0.5399 0.7693 -0.3417
vn -0.8432 0.0038 -0.5376
vn -0.3764 0.9263 0.0152
vn -0.7078 0.7061 0.0202
vn -0.9303 0.3662 0.0215
vn -0.4388 0.8922 -0.1073
vn -0.8192 0.5388 -0.1965
vn -0.9748 0.0476 -0.2181
vn 0.4024 0.8960 0.1877
vn 0.5803 0.7626 0.2858
vn 0.8694 0.2942 0.3970
vn 0.8950 0.0638 0.4416
vn 0.9107 0.0575 0.4090
vn 0.6002 0.7525 0.2711
vn 0.8713 0.2984 0.3895
vn -0.3980 0.8957 -0.1984
vn -0.8669 0.2330 -0.4408
vn -0.5824 0.7551 -0.3011
vn -0.8878 -0.0073 -0.4602
vn -0.5366 -0.6825 -0.4962
vn -0.5072 -0.6820 -0.5268
vn -0.3897 -0.8469 -0.3619
vn -0.3681 -0.8469 -0.3837
vn -0.2186 -0.9541 -0.2049
vn -0.2066 -0.9540 -0.2172
vn -0.4785 -0.6806 -0.5548
vn -0.3483 -0.8453 -0.4052
vn -0.1953 -0.9536 -0.2290
vn 0.5903 -0.6516 0.4764
vn 0.5592 -0.6523 0.5116
vn 0.4270 -0.8366 0.3431
vn 0.4046 -0.8370 0.3686
vn 0.2321 -0.9551 0.1843
vn 0.2195 -0.9553 0.1979
vn 0.6214 -0.6500 0.4374
vn 0.4493 -0.8362 0.3147
vn 0.2433 -0.9552 0.1682
vn -0.5652 -0.6827 -0.4631
vn -0.5916 -0.6821 -0.4297
vn -0.4104 -0.8470 -0.3378
vn -0.4301 -0.8465 -0.3139
vn -0.2305 -0.9540 -0.1917
vn -0.2415 -0.9539 -0.1784
vn 0.4982 -0.6491 0.5748
vn 0.5285 -0.6506 0.5453
vn 0.3609 -0.8351 0.4151
vn 0.3824 -0.8362 0.3932
vn 0.1962 -0.9547 0.2237
vn 0.2079 -0.9549 0.2118
vn 0.4317 -0.6426 0.6330
vn 0.4666 -0.6466 0.6034
vn 0.3144 -0.8311 0.4587
vn 0.3384 -0.8338 0.4363
vn 0.1713 -0.9538 0.2468
vn 0.1843 -0.9542 0.2358
vn -0.4485 -0.6778 -0.5826
vn -0.3264 -0.8442 -0.4253
vn -0.1833 -0.9531 -0.2406
vn -0.4151 -0.6735 -0.6116
vn -0.3025 -0.8413 -0.4479
vn -0.1696 -0.9521 -0.2544
vn -0.3777 -0.6682 -0.6410
vn -0.2731 -0.8371 -0.4740
vn -0.1498 -0.9499 -0.2744
vn -0.3445 -0.6538 -0.6737
vn -0.2469 -0.8231 -0.5115
vn -0.1289 -0.9424 -0.3085
vn 0.3598 -0.6825 0.6362
vn 0.3968 -0.6430 0.6550
vn 0.2692 -0.8462 0.4599
vn 0.2919 -0.8308 0.4739
vn 0.1508 -0.9604 0.2342
vn 0.1627 -0.9536 0.2534
vn -0.0358 -0.0936 -0.9950
vn -0.0773 -0.2163 -0.9733
vn -0.0283 -0.8390 -0.5434
vn -0.0326 0.1661 -0.9856
vn -0.0337 -0.6709 -0.7408
vn -0.3297 -0.6238 -0.7086
vn -0.2400 -0.7942 -0.5582
vn -0.1296 -0.9216 -0.3658
vn 0.3207 -0.7537 0.5737
vn 0.2255 -0.8973 0.3795
vn 0.1364 -0.9714 0.1942
vn 0.6581 -0.6463 0.3863
vn 0.4776 -0.8332 0.2788
vn 0.2591 -0.9542 0.1493
vn 0.6915 -0.6381 0.3385
vn 0.5052 -0.8272 0.2460
vn 0.2767 -0.9517 0.1329
vn -0.6177 -0.6791 -0.3966
vn -0.6414 -0.6745 -0.3656
vn -0.4499 -0.8445 -0.2904
vn -0.4690 -0.8414 -0.2685
vn -0.2533 -0.9531 -0.1656
vn -0.2643 -0.9522 -0.1531
vn -0.9089 -0.4147 -0.0440
vn -0.6874 -0.7254 -0.0368
vn -0.3727 -0.9276 -0.0241
vn -0.7379 -0.6482 -0.1880
vn -0.5436 -0.8272 -0.1421
vn -0.3117 -0.9462 -0.0863
vn 0.7101 -0.6294 0.3156
vn 0.5235 -0.8201 0.2311
vn 0.2898 -0.9488 0.1256
vn -0.6585 -0.6693 -0.3440
vn -0.4847 -0.8369 -0.2545
vn -0.2758 -0.9500 -0.1468
vn 0.4734 -0.3671 0.8007
vn 0.7063 -0.3772 0.5991
vn -0.9607 0.2657 0.0807
vn 0.3742 -0.7153 0.5902
vn 0.9301 -0.1197 -0.3473
vn 0.9326 -0.1297 -0.3368
vn 0.9326 -0.1298 -0.3368
vn 0.0716 0.6502 -0.7564
vn 0.3907 -0.7151 0.5797
vn 0.9302 -0.1194 -0.3472
vn 0.9301 -0.1194 -0.3473
vn -0.3209 -0.0892 -0.9429
vn -0.2326 0.0866 -0.9687
vn -0.1353 0.2584 -0.9565
vn -0.3845 -0.4053 0.8294
vn -0.3658 -0.4229 0.8291
vn -0.5203 -0.5339 0.6665
vn -0.4932 -0.5594 0.6662
vn -0.6674 -0.7367 0.1088
vn -0.7090 -0.6897 -0.1473
vn -0.6668 -0.7300 -0.1500
vn -0.4007 -0.3879 0.8300
vn -0.5436 -0.5084 0.6679
vn -0.7084 -0.6971 0.1111
vn -0.7462 -0.6496 -0.1457
vn 0.2001 0.1965 0.9599
vn 0.1809 0.2131 0.9601
vn 0.3505 0.3639 0.8629
vn 0.5610 0.6923 0.4539
vn 0.6590 0.7196 0.2187
vn 0.6050 0.6544 0.4537
vn 0.1592 0.2292 0.9603
vn 0.3208 0.3888 0.8637
vn 0.5120 0.7290 0.4542
vn 0.6125 0.7597 0.2185
vn -0.3262 -0.4562 0.8279
vn -0.3461 -0.4401 0.8286
vn -0.4354 -0.6076 0.6642
vn -0.6229 -0.7749 0.1076
vn -0.5748 -0.8043 -0.1506
vn -0.5775 -0.8093 0.1069
vn -0.4648 -0.5844 0.6651
vn -0.6211 -0.7690 -0.1511
vn 0.2190 0.1804 0.9589
vn 0.2349 0.1639 0.9581
vn 0.3792 0.3389 0.8610
vn 0.4020 0.3127 0.8606
vn 0.6811 0.5779 0.4496
vn 0.7021 0.6780 0.2177
vn 0.7395 0.6376 0.2161
vn 0.6451 0.6154 0.4529
vn 0.2509 0.1472 0.9568
vn 0.2651 0.1288 0.9556
vn 0.4269 0.2875 0.8574
vn 0.4506 0.2587 0.8544
vn 0.7484 0.4927 0.4439
vn 0.7746 0.5944 0.2159
vn 0.8106 0.5454 0.2133
vn 0.7138 0.5371 0.4494
vn -0.4183 -0.3703 0.8294
vn -0.5685 -0.4825 0.6663
vn -0.7447 -0.6580 0.1118
vn -0.7821 -0.6069 -0.1412
vn -0.4355 -0.3503 0.8292
vn -0.5923 -0.4531 0.6663
vn -0.7794 -0.6159 0.1147
vn -0.8172 -0.5597 -0.1378
vn -0.4520 -0.3294 0.8290
vn -0.6156 -0.4233 0.6647
vn -0.8137 -0.5696 0.1155
vn -0.8499 -0.5102 -0.1317
vn -0.4589 -0.3046 0.8347
vn -0.6304 -0.3924 0.6698
vn -0.8457 -0.5201 0.1193
vn -0.8770 -0.4628 -0.1292
vn 0.2770 0.1165 0.9538
vn 0.2894 0.1174 0.9500
vn 0.4713 0.2343 0.8503
vn 0.4890 0.2254 0.8427
vn 0.8005 0.4138 0.4337
vn 0.8437 0.4931 0.2120
vn 0.8660 0.4544 0.2088
vn 0.7792 0.4468 0.4397
vn -0.4286 -0.1793 0.8855
vn -0.4174 -0.0565 0.9070
vn -0.8351 -0.2392 0.4954
vn -0.7468 -0.0382 0.6639
vn -0.9780 -0.2066 -0.0298
vn -0.9545 -0.0133 0.2978
vn -0.2098 -0.1775 0.9615
vn -0.6316 -0.3655 0.6837
vn -0.8741 -0.4717 0.1159
vn -0.8944 -0.4277 -0.1309
vn -0.6430 -0.3599 0.6761
vn -0.8927 -0.4374 0.1081
vn 0.3057 0.1256 0.9438
vn 0.5047 0.2285 0.8325
vn 0.8758 0.4377 0.2037
vn 0.8114 0.3998 0.4263
vn 0.1320 0.2485 0.9596
vn 0.2880 0.4150 0.8630
vn 0.4490 0.7712 0.4513
vn 0.5600 0.7987 0.2200
vn 0.1095 0.2720 0.9560
vn 0.2450 0.4470 0.8603
vn 0.3907 0.8065 0.4439
vn 0.4905 0.8433 0.2197
vn -0.2881 -0.4896 0.8230
vn -0.3060 -0.4721 0.8267
vn -0.3821 -0.6506 0.6563
vn -0.5305 -0.8413 0.1039
vn -0.4820 -0.8628 -0.1526
vn -0.4838 -0.8696 0.0982
vn -0.4066 -0.6299 0.6618
vn -0.5271 -0.8364 -0.1506
vn -0.0674 -0.4877 0.8704
vn -0.0386 -0.7901 0.6118
vn -0.0035 -0.9682 0.2500
vn -0.1858 -0.5453 0.8174
vn -0.2377 -0.8792 0.4129
vn -0.2120 -0.9728 -0.0937
vn 0.0993 0.2891 0.9521
vn 0.2078 0.4823 0.8510
vn 0.3597 0.8265 0.4331
vn 0.4250 0.8797 0.2133
vn 0.3930 0.8963 0.2054
vn 0.1933 0.5019 0.8430
vn 0.3515 0.8275 0.4378
vn -0.2769 -0.5044 0.8179
vn -0.4518 -0.8883 0.0826
vn -0.3643 -0.6702 0.6466
vn -0.4486 -0.8795 -0.1590
vn -0.4251 -0.4484 -0.7863
vn -0.4567 -0.4196 -0.7845
vn -0.2775 -0.2827 -0.9182
vn -0.3000 -0.2615 -0.9174
vn -0.1133 -0.1001 -0.9885
vn -0.1256 -0.0880 -0.9882
vn -0.4848 -0.3911 -0.7823
vn -0.3212 -0.2415 -0.9157
vn -0.1374 -0.0769 -0.9875
vn 0.5290 0.6648 -0.5274
vn 0.5646 0.6342 -0.5282
vn 0.4149 0.5253 -0.7430
vn 0.4406 0.5032 -0.7434
vn 0.2699 0.3469 -0.8982
vn 0.2840 0.3345 -0.8986
vn 0.4900 0.6956 -0.5254
vn 0.3866 0.5477 -0.7420
vn 0.2544 0.3585 -0.8982
vn -0.3920 -0.4767 -0.7868
vn -0.3593 -0.5040 -0.7855
vn -0.2535 -0.3032 -0.9186
vn -0.2296 -0.3230 -0.9181
vn -0.0998 -0.1118 -0.9887
vn -0.0868 -0.1230 -0.9886
vn 0.6275 0.5730 -0.5272
vn 0.5982 0.6032 -0.5276
vn 0.4868 0.4593 -0.7430
vn 0.4651 0.4809 -0.7432
vn 0.3096 0.3112 -0.8985
vn 0.2975 0.3228 -0.8985
vn 0.6870 0.5043 -0.5232
vn 0.6564 0.5409 -0.5260
vn 0.5319 0.4104 -0.7407
vn 0.5080 0.4366 -0.7425
vn 0.3355 0.2839 -0.8982
vn 0.3213 0.2988 -0.8986
vn -0.5131 -0.3617 -0.7784
vn -0.3422 -0.2205 -0.9134
vn -0.1494 -0.0652 -0.9866
vn -0.5424 -0.3295 -0.7728
vn -0.3641 -0.1975 -0.9102
vn -0.1625 -0.0530 -0.9853
vn -0.5715 -0.2962 -0.7652
vn -0.3878 -0.1745 -0.9051
vn -0.1772 -0.0409 -0.9833
vn -0.6010 -0.2668 -0.7534
vn -0.4183 -0.1579 -0.8945
vn -0.2047 -0.0366 -0.9781
vn 0.7474 0.4211 -0.5139
vn 0.7210 0.4596 -0.5185
vn 0.5840 0.3435 -0.7355
vn 0.5610 0.3758 -0.7376
vn 0.3703 0.2363 -0.8983
vn 0.3548 0.2616 -0.8976
vn -0.8705 -0.0311 -0.4913
vn -0.7120 -0.1288 -0.6902
vn -0.6403 -0.0012 -0.7681
vn -0.5374 -0.0787 -0.8396
vn -0.3347 0.0286 -0.9419
vn -0.3363 -0.0242 -0.9414
vn -0.6289 -0.2497 -0.7363
vn -0.4569 -0.1544 -0.8760
vn -0.2525 -0.0475 -0.9664
vn 0.7583 0.4013 -0.5137
vn 0.5917 0.3244 -0.7380
vn 0.3698 0.2176 -0.9033
vn 0.4382 0.7314 -0.5225
vn 0.3500 0.5747 -0.7397
vn 0.2349 0.3736 -0.8974
vn 0.3898 0.7644 -0.5136
vn 0.3167 0.6019 -0.7331
vn 0.2177 0.3902 -0.8946
vn -0.3255 -0.5295 -0.7834
vn -0.2947 -0.5530 -0.7793
vn -0.2060 -0.3428 -0.9165
vn -0.1843 -0.3619 -0.9138
vn -0.0732 -0.1338 -0.9883
vn -0.0615 -0.1461 -0.9874
vn 0.0039 -0.8513 -0.5247
vn 0.0377 -0.5940 -0.8035
vn 0.0661 -0.2566 -0.9642
vn -0.1193 -0.6522 -0.7486
vn -0.0590 -0.4375 -0.8973
vn 0.0052 -0.1939 -0.9810
vn 0.3658 0.7814 -0.5055
vn 0.3010 0.6191 -0.7254
vn 0.2102 0.4029 -0.8908
vn -0.2736 -0.5709 -0.7741
vn -0.1710 -0.3790 -0.9095
vn -0.0547 -0.1568 -0.9861
vn 0.4773 0.8499 -0.2234
vn 0.4673 -0.8813 0.0700
vn 0.4662 -0.8819 0.0702
vn 0.4835 0.8463 -0.2237
vn 0.9665 -0.2262 -0.1217
vn 0.5193 -0.8527 0.0571
vn 0.8226 0.5577 -0.1105
vn -0.2558 0.9592 -0.1206
vn -0.2720 0.9551 -0.1177
vn -0.2559 0.9591 -0.1206
vn -0.2724 0.9550 -0.1174
vn -0.9867 0.0613 0.1506
vn 0.8166 0.5314 -0.2254
vn -0.2725 0.9550 -0.1175
vn -0.6115 -0.0777 0.7874
vn -0.6112 -0.0778 0.7876
vn -0.5948 -0.6420 -0.4838
vn -0.6788 0.3245 -0.6588
vn -0.6786 0.3253 -0.6585
vn -0.6786 0.3254 -0.6585
vn 0.3949 0.8072 0.4387
vn 0.3949 0.8071 0.4389
vn 0.3949 0.8073 0.4386
vn -0.5005 -0.7842 -0.3667
vn -0.8574 0.4294 -0.2837
vn 0.7984 -0.0544 -0.5997
vn 0.7050 0.4814 0.5207
vn 0.5819 0.7845 -0.2143
vn -0.7743 -0.6264 0.0902
vn -0.7300 0.2737 -0.6263
vn -0.8944 0.4416 -0.0711
vn -0.6679 0.1460 0.7298
vn 0.8588 -0.4978 0.1209
vn 0.3500 0.8391 0.4165
vn 0.2643 -0.6313 -0.7291
vn 0.5738 -0.2464 0.7811
vn -0.4735 0.8775 -0.0755
vn -0.0415 -0.4310 0.9014
vn 0.8518 0.0828 -0.5173
vn -0.6905 -0.6733 0.2643
vn -0.6699 0.2924 -0.6825
vn -0.2816 -0.5956 -0.7523
vn -0.2133 -0.8686 0.4473
vn -0.9688 -0.0803 -0.2346
vn -0.2173 -0.8897 -0.4014
vn 0.1299 -0.6255 -0.7693
vn -0.2465 0.8006 0.5461
vn 0.2405 0.1098 -0.9644
vn 0.7462 0.5495 0.3757
vn 0.0055 -0.9167 -0.3994
vn 0.0065 -0.4008 0.9161
vn 0.8439 0.3849 -0.3738
vn -0.8882 0.4578 -0.0389
vn 0.1027 -0.9857 0.1333
vt 0.804176 0.053784
vt 0.800411 0.059951
vt 0.798445 0.055530
vt 0.864542 0.344510
vt 0.849199 0.342331
vt 0.864366 0.341481
vt 0.794701 0.062003
vt 0.790950 0.068841
vt 0.789065 0.064343
vt 0.817222 0.313404
vt 0.802785 0.315517
vt 0.802807 0.312558
vt 0.778304 0.069754
vt 0.771659 0.068135
vt 0.776534 0.065256
vt 0.879667 0.343082
vt 0.879450 0.340045
vt 0.878326 0.311075
vt 0.894777 0.311562
vt 0.878584 0.314026
vt 0.847657 0.313499
vt 0.832349 0.316700
vt 0.832270 0.313741
vt 0.781744 0.062480
vt 0.787197 0.059887
vt 0.785392 0.071476
vt 0.783563 0.066957
vt 0.788816 0.314143
vt 0.788897 0.311191
vt 0.777678 0.341105
vt 0.791290 0.339988
vt 0.791261 0.343029
vt 0.805036 0.344398
vt 0.819223 0.342214
vt 0.819279 0.345250
vt 0.774383 0.312057
vt 0.774523 0.309129
vt 0.755616 0.308501
vt 0.755788 0.305626
vt 0.749929 0.335273
vt 0.764119 0.335494
vt 0.763970 0.338549
vt 0.773380 0.072651
vt 0.767075 0.071144
vt 0.729669 0.303326
vt 0.729772 0.300436
vt 0.698909 0.298502
vt 0.698335 0.295358
vt 0.735936 0.331148
vt 0.750180 0.332201
vt 0.764219 0.078987
vt 0.758416 0.077814
vt 0.762694 0.074343
vt 0.894747 0.341046
vt 0.894486 0.338007
vt 0.910237 0.338335
vt 0.909929 0.335290
vt 0.916501 0.303788
vt 0.948831 0.298409
vt 0.916909 0.306690
vt 0.796642 0.066479
vt 0.926518 0.334832
vt 0.926164 0.331797
vt 0.943109 0.330810
vt 0.942730 0.327786
vt 0.948415 0.295532
vt 0.986533 0.288819
vt 0.813680 0.056450
vt 0.808629 0.062559
vt 0.806377 0.058151
vt 0.849062 0.339311
vt 0.864190 0.338458
vt 0.818237 0.329314
vt 0.804975 0.337932
vt 0.803901 0.328468
vt 0.817251 0.316364
vt 0.802762 0.318488
vt 0.788765 0.317511
vt 0.776066 0.325060
vt 0.774280 0.315398
vt 0.879231 0.337014
vt 0.894224 0.334974
vt 0.847789 0.316458
vt 0.863431 0.318532
vt 0.847922 0.319424
vt 0.832428 0.319670
vt 0.863240 0.315565
vt 0.878841 0.316990
vt 0.834044 0.342557
vt 0.805020 0.341361
vt 0.819167 0.339186
vt 0.805005 0.338333
vt 0.774237 0.314998
vt 0.802792 0.318889
vt 0.790049 0.327094
vt 0.777761 0.338058
vt 0.791322 0.336958
vt 0.777846 0.335022
vt 0.729561 0.306189
vt 0.759873 0.321902
vt 0.755544 0.311778
vt 0.764270 0.332453
vt 0.736408 0.328257
vt 0.750424 0.329173
vt 0.700195 0.301452
vt 0.879217 0.336614
vt 0.863815 0.328552
vt 0.879039 0.327060
vt 0.895118 0.314518
vt 0.917322 0.309599
vt 0.909618 0.332253
vt 0.925813 0.328768
vt 0.894665 0.324806
vt 0.909690 0.331834
vt 0.894223 0.334570
vt 0.949251 0.301284
vt 0.986647 0.291872
vt 0.942348 0.324763
vt 0.863050 0.312611
vt 0.833409 0.052023
vt 0.823071 0.048878
vt 0.833653 0.051030
vt 0.823601 0.047889
vt 0.833894 0.050035
vt 0.863449 0.318932
vt 0.878858 0.317391
vt 0.817281 0.319335
vt 0.847943 0.319824
vt 0.822972 0.054688
vt 0.817279 0.060612
vt 0.792783 0.057566
vt 0.917249 0.310014
vt 0.937556 0.314855
vt 0.913448 0.320945
vt 0.746065 0.094058
vt 0.741192 0.102187
vt 0.745099 0.093655
vt 0.740312 0.101466
vt 0.744134 0.093246
vt 0.791288 0.336556
vt 0.834140 0.345591
vt 0.864172 0.338059
vt 0.848498 0.329427
vt 0.833948 0.339531
vt 0.833208 0.052111
vt 0.829716 0.058035
vt 0.822512 0.049973
vt 0.816490 0.050924
vt 0.942205 0.324401
vt 0.926039 0.328313
vt 0.949007 0.301733
vt 0.964316 0.308460
vt 0.759147 0.083129
vt 0.754186 0.081602
vt 0.775108 0.077212
vt 0.768749 0.075676
vt 0.788733 0.317109
vt 0.750174 0.328718
vt 0.740046 0.317395
vt 0.780082 0.074294
vt 0.770426 0.080258
vt 0.833197 0.329656
vt 0.832453 0.320070
vt 0.894438 0.308621
vt 0.846891 0.182066
vt 0.860997 0.137109
vt 0.848135 0.181724
vt 0.895122 0.314920
vt 0.753073 0.088409
vt 0.750299 0.085336
vt 0.751745 0.095217
vt 0.746260 0.093946
vt 0.729825 0.306602
vt 0.718607 0.313617
vt 0.701066 0.301942
vt 0.737001 0.325083
vt 0.844467 0.053387
vt 0.844354 0.054533
vt 0.810147 0.052237
vt 0.844482 0.052261
vt 0.764165 0.332033
vt 0.849336 0.345363
vt 0.817309 0.319735
vt 0.777802 0.334616
vt 0.715364 0.318145
vt 0.765736 0.083677
vt 0.755436 0.311375
vt 0.716672 0.315882
vt 0.736867 0.325424
vt 0.819139 0.338787
vt 0.833923 0.339133
vt 0.849041 0.338913
vt 0.802412 0.064406
vt 0.759832 0.088459
vt 0.844007 0.075967
vt 0.757201 0.116539
vt 0.859248 0.060305
vt 0.719197 0.203258
vt 0.778491 0.189522
vt 0.778946 0.190580
vt 0.721480 0.201212
vt 0.778045 0.188468
vt 0.823211 0.174226
vt 0.796273 0.146012
vt 0.824095 0.132786
vt 0.901768 0.277142
vt 0.810185 0.286748
vt 0.811396 0.280772
vt 0.859895 0.136707
vt 0.882655 0.087795
vt 0.864633 0.232894
vt 0.896393 0.274449
vt 0.863748 0.233677
vt 0.782824 0.131925
vt 0.824978 0.091385
vt 0.927669 0.248535
vt 0.932336 0.159132
vt 0.934782 0.268194
vt 0.731066 0.237286
vt 0.785149 0.213970
vt 0.733752 0.237325
vt 0.887188 0.202025
vt 0.907320 0.165753
vt 0.923486 0.222106
vt 0.831079 0.199392
vt 0.785594 0.215103
vt 0.879421 0.064635
vt 0.938617 0.157614
vt 0.708107 0.234720
vt 0.808840 0.293389
vt 0.684650 0.231444
vt 0.921310 0.283157
vt 0.926321 0.160596
vt 0.882907 0.087784
vt 0.882820 0.085291
vt 0.881683 0.214793
vt 0.848186 0.181909
vt 0.882427 0.213887
vt 0.830550 0.181504
vt 0.774730 0.203567
vt 0.776901 0.196800
vt 0.752350 0.111038
vt 0.875473 0.044110
vt 0.846642 0.182239
vt 0.855458 0.132078
vt 0.859728 0.136570
vt 0.926135 0.245459
vt 0.924890 0.160988
vt 0.988743 0.053896
vt 0.941022 0.084511
vt 0.937342 0.050844
vt 0.833175 0.191541
vt 0.774813 0.203847
vt 0.834669 0.185774
vt 0.843371 0.128674
vt 0.837417 0.130160
vt 0.880246 0.221216
vt 0.881610 0.214996
vt 0.850599 0.127131
vt 0.875842 0.044309
vt 0.850332 0.127046
vt 0.865514 0.232109
vt 0.831270 0.199438
vt 0.831582 0.198155
vt 0.731075 0.237574
vt 0.811821 0.278914
vt 0.811474 0.280409
vt 0.701775 0.216861
vt 0.684435 0.231061
vt 0.900872 0.276863
vt 0.898443 0.275680
vt 0.901013 0.276612
vt 0.840479 0.183991
vt 0.878596 0.228195
vt 0.834844 0.185593
vt 0.730107 0.237432
vt 0.779934 0.208564
vt 0.784562 0.212667
vt 0.826106 0.177033
vt 0.941956 0.288813
vt 0.882784 0.089948
vt 0.862096 0.137515
vt 0.824888 0.175996
vt 0.825831 0.176910
vt 0.843373 0.076726
vt 0.763395 0.122046
vt 0.761984 0.121436
vt 0.917162 0.099818
vt 0.968563 0.102870
vt 0.948383 0.151844
vt 0.761634 0.121752
vt 0.721424 0.200919
vt 0.719192 0.202923
vt 0.837208 0.130191
vt 0.825023 0.175855
vt 0.836171 0.129999
vt 0.878401 0.228399
vt 0.871729 0.230374
vt 0.784709 0.212836
vt 0.941659 0.289122
vt 0.885941 0.047792
vt 0.834609 0.185540
vt 0.823984 0.175124
vt 0.763128 0.122350
vt 0.723305 0.199180
vt 0.842212 0.078869
vt 0.764933 0.122576
vt 0.883170 0.212974
vt 0.883021 0.089938
vt 0.925110 0.243539
vt 0.923475 0.161375
vt 0.736043 0.237647
vt 0.812164 0.277434
vt 0.830968 0.200668
vt 0.896293 0.274658
vt 0.882664 0.084401
vt 0.926667 0.160507
vt 0.927123 0.247823
vt 0.925910 0.245580
vt 0.924900 0.243653
vt 0.849334 0.181398
vt 0.831552 0.197848
vt 0.829953 0.201963
vt 0.821460 0.241070
vt 0.794257 0.224821
vt 0.817219 0.260595
vt 0.758596 0.247658
vt 0.778947 0.190800
vt 0.718457 0.203709
vt 0.781920 0.173345
vt 0.740669 0.172466
vt 0.824114 0.174988
vt 0.835133 0.129810
vt 0.871013 0.145644
vt 0.891153 0.109399
vt 0.850854 0.181924
vt 0.888516 0.171138
vt 0.865716 0.232026
vt 0.852908 0.237765
vt 0.875842 0.273532
vt 0.736046 0.237395
vt 0.761447 0.121346
vt 0.843606 0.076918
vt 0.842423 0.079073
vt 0.841350 0.080938
vt 0.793308 0.034341
vt 0.789494 0.040475
vt 0.787548 0.036069
vt 0.871618 0.424528
vt 0.856350 0.422371
vt 0.871447 0.421512
vt 0.783816 0.042518
vt 0.780155 0.049313
vt 0.778238 0.044887
vt 0.824105 0.393727
vt 0.809649 0.396102
vt 0.809611 0.393129
vt 0.767664 0.050468
vt 0.761005 0.049061
vt 0.765781 0.046040
vt 0.886636 0.423159
vt 0.886442 0.420142
vt 0.885561 0.391171
vt 0.902032 0.391844
vt 0.885793 0.394133
vt 0.854714 0.393523
vt 0.839340 0.396848
vt 0.839231 0.393875
vt 0.770920 0.043149
vt 0.776325 0.040473
vt 0.774717 0.052004
vt 0.772817 0.047570
vt 0.795595 0.395052
vt 0.795594 0.392081
vt 0.785105 0.422137
vt 0.798640 0.420786
vt 0.798664 0.423817
vt 0.812420 0.424938
vt 0.826514 0.422510
vt 0.826615 0.425527
vt 0.780968 0.393415
vt 0.780991 0.390443
vt 0.761549 0.390758
vt 0.761596 0.387898
vt 0.757361 0.416829
vt 0.771064 0.416923
vt 0.771420 0.419808
vt 0.762873 0.053488
vt 0.756573 0.052233
vt 0.733952 0.386798
vt 0.734094 0.384129
vt 0.701690 0.382161
vt 0.702300 0.379846
vt 0.743418 0.413607
vt 0.756116 0.414242
vt 0.754061 0.060100
vt 0.748296 0.059194
vt 0.752369 0.055578
vt 0.901610 0.421309
vt 0.901392 0.418286
vt 0.917025 0.418887
vt 0.916770 0.415850
vt 0.923818 0.384564
vt 0.955820 0.380473
vt 0.924144 0.387446
vt 0.785752 0.046938
vt 0.933274 0.415731
vt 0.932957 0.412673
vt 0.949940 0.411715
vt 0.949366 0.408803
vt 0.955543 0.377623
vt 0.993391 0.373247
vt 0.802834 0.037164
vt 0.797623 0.043124
vt 0.795460 0.038728
vt 0.856205 0.419363
vt 0.871275 0.418501
vt 0.825351 0.409659
vt 0.812245 0.418489
vt 0.811008 0.409052
vt 0.824179 0.396699
vt 0.809687 0.399082
vt 0.795640 0.398431
vt 0.783038 0.406314
vt 0.781004 0.396790
vt 0.886248 0.417129
vt 0.901173 0.415268
vt 0.854858 0.396499
vt 0.870569 0.398575
vt 0.855001 0.399479
vt 0.839449 0.399829
vt 0.870386 0.395598
vt 0.886027 0.397105
vt 0.841264 0.422685
vt 0.812351 0.421907
vt 0.826415 0.419498
vt 0.812283 0.418885
vt 0.780946 0.396388
vt 0.809725 0.399482
vt 0.797138 0.407966
vt 0.785079 0.419125
vt 0.798617 0.417765
vt 0.785056 0.416124
vt 0.733811 0.389470
vt 0.766155 0.403866
vt 0.761616 0.394031
vt 0.770713 0.414044
vt 0.740988 0.411403
vt 0.754872 0.411646
vt 0.701241 0.384656
vt 0.886237 0.416731
vt 0.870923 0.408613
vt 0.886135 0.407195
vt 0.902328 0.394800
vt 0.924478 0.390330
vt 0.916513 0.412822
vt 0.932642 0.409651
vt 0.901738 0.405116
vt 0.916592 0.412408
vt 0.901177 0.414867
vt 0.956105 0.383304
vt 0.993099 0.376626
vt 0.948805 0.405951
vt 0.870204 0.392629
vt 0.974213 0.396035
vt 0.972865 0.393832
vt 0.971521 0.391623
vt 0.870587 0.398977
vt 0.886041 0.397506
vt 0.824254 0.399678
vt 0.855024 0.399879
vt 0.812453 0.035656
vt 0.806333 0.041428
vt 0.781887 0.038109
vt 0.924395 0.390738
vt 0.944327 0.396114
vt 0.920463 0.401591
vt 0.733404 0.085179
vt 0.735983 0.076266
vt 0.736845 0.076175
vt 0.732687 0.084554
vt 0.735123 0.076356
vt 0.798576 0.417368
vt 0.841384 0.425702
vt 0.871258 0.418104
vt 0.855610 0.409498
vt 0.841144 0.419673
vt 0.823165 0.034022
vt 0.819138 0.039570
vt 0.812219 0.030617
vt 0.805802 0.031656
vt 0.948680 0.405597
vt 0.932871 0.409208
vt 0.955845 0.383730
vt 0.970910 0.391630
vt 0.749226 0.064419
vt 0.744283 0.063140
vt 0.764731 0.057937
vt 0.758402 0.056649
vt 0.795597 0.398030
vt 0.754509 0.411197
vt 0.744506 0.400557
vt 0.769547 0.054911
vt 0.760224 0.061097
vt 0.840310 0.409824
vt 0.839478 0.400230
vt 0.901741 0.388898
vt 0.783439 0.012334
vt 0.779714 0.018460
vt 0.777745 0.014103
vt 0.902326 0.395201
vt 0.743404 0.070006
vt 0.740480 0.067127
vt 0.742409 0.076786
vt 0.737070 0.076023
vt 0.734428 0.389874
vt 0.720436 0.396759
vt 0.702953 0.384844
vt 0.737927 0.408682
vt 0.995199 0.378630
vt 0.997248 0.380438
vt 0.799348 0.032884
vt 0.993161 0.376815
vt 0.770572 0.413631
vt 0.856497 0.425388
vt 0.824287 0.400079
vt 0.785001 0.415724
vt 0.739234 0.068088
vt 0.740234 0.067348
vt 0.755741 0.064650
vt 0.761502 0.393617
vt 0.738242 0.068842
vt 0.826382 0.419102
vt 0.841116 0.419277
vt 0.856182 0.418967
vt 0.791448 0.044891
vt 0.750113 0.069647
vt 0.872511 0.383383
vt 0.856995 0.381377
vt 0.872303 0.380324
vt 0.774085 0.020531
vt 0.770466 0.027313
vt 0.768547 0.022908
vt 0.823806 0.352719
vt 0.809102 0.355386
vt 0.809012 0.352353
vt 0.758027 0.028447
vt 0.751418 0.027009
vt 0.756177 0.024041
vt 0.887739 0.381837
vt 0.887510 0.378775
vt 0.886287 0.349311
vt 0.902997 0.349788
vt 0.886559 0.352316
vt 0.854958 0.352087
vt 0.839369 0.355674
vt 0.839218 0.352649
vt 0.761279 0.021187
vt 0.766638 0.018528
vt 0.765045 0.029995
vt 0.763159 0.025578
vt 0.794731 0.354563
vt 0.794683 0.351528
vt 0.784792 0.382543
vt 0.798448 0.380731
vt 0.798556 0.383795
vt 0.812482 0.384614
vt 0.826716 0.381947
vt 0.826863 0.385009
vt 0.779844 0.353167
vt 0.779850 0.350141
vt 0.760641 0.350855
vt 0.760686 0.347873
vt 0.756446 0.378609
vt 0.770784 0.377733
vt 0.770849 0.380829
vt 0.753240 0.031427
vt 0.746961 0.030120
vt 0.734390 0.347731
vt 0.734393 0.344772
vt 0.703879 0.345184
vt 0.703438 0.341964
vt 0.741627 0.375917
vt 0.756407 0.375491
vt 0.744399 0.037963
vt 0.738609 0.037038
vt 0.742725 0.033434
vt 0.902925 0.379810
vt 0.902667 0.376740
vt 0.918532 0.377181
vt 0.918229 0.374096
vt 0.924815 0.342156
vt 0.956513 0.338412
vt 0.925169 0.345047
vt 0.776036 0.024922
vt 0.934912 0.373679
vt 0.934532 0.370608
vt 0.951432 0.369174
vt 0.950773 0.366329
vt 0.956411 0.335528
vt 0.991508 0.334423
vt 0.792929 0.015022
vt 0.787818 0.020993
vt 0.785621 0.016660
vt 0.856808 0.378328
vt 0.872095 0.377270
vt 0.825331 0.368913
vt 0.812181 0.378093
vt 0.810736 0.368545
vt 0.823929 0.355747
vt 0.809194 0.358426
vt 0.794830 0.358019
vt 0.782268 0.366394
vt 0.779899 0.356614
vt 0.887281 0.375717
vt 0.902409 0.373676
vt 0.855143 0.355111
vt 0.871140 0.357020
vt 0.855328 0.358138
vt 0.839522 0.358705
vt 0.870916 0.353995
vt 0.886833 0.355331
vt 0.841691 0.381905
vt 0.812354 0.381553
vt 0.826570 0.378890
vt 0.812227 0.378497
vt 0.779835 0.356206
vt 0.809240 0.358834
vt 0.796591 0.367733
vt 0.784705 0.379468
vt 0.798342 0.377671
vt 0.784622 0.376396
vt 0.734374 0.350662
vt 0.765701 0.364294
vt 0.760716 0.354248
vt 0.770724 0.374642
vt 0.741791 0.372859
vt 0.756377 0.372400
vt 0.704724 0.348545
vt 0.887265 0.375313
vt 0.871620 0.367224
vt 0.887054 0.365605
vt 0.903335 0.352767
vt 0.925538 0.347932
vt 0.917925 0.371022
vt 0.934165 0.367578
vt 0.902856 0.363310
vt 0.917999 0.370602
vt 0.902409 0.373269
vt 0.956660 0.341299
vt 0.988495 0.335857
vt 0.950142 0.363542
vt 0.870692 0.350978
vt 0.974156 0.352925
vt 0.972574 0.350897
vt 0.971036 0.348840
vt 0.871163 0.357428
vt 0.886853 0.355738
vt 0.824052 0.358782
vt 0.855357 0.358545
vt 0.802525 0.013423
vt 0.796454 0.019223
vt 0.772146 0.016164
vt 0.925457 0.348337
vt 0.945469 0.353860
vt 0.921699 0.359486
vt 0.720646 0.364437
vt 0.702042 0.350798
vt 0.721730 0.361963
vt 0.704676 0.348740
vt 0.722800 0.359495
vt 0.798289 0.377265
vt 0.841857 0.384965
vt 0.872073 0.376867
vt 0.856077 0.368314
vt 0.841525 0.378849
vt 0.813235 0.011836
vt 0.809204 0.017318
vt 0.802263 0.008353
vt 0.795812 0.009508
vt 0.950010 0.363201
vt 0.934386 0.367129
vt 0.956421 0.341683
vt 0.970499 0.348868
vt 0.739580 0.042208
vt 0.734528 0.040982
vt 0.755067 0.035872
vt 0.748756 0.034549
vt 0.794779 0.357609
vt 0.756092 0.371950
vt 0.745367 0.361372
vt 0.759883 0.032878
vt 0.750554 0.039003
vt 0.840538 0.368855
vt 0.839556 0.359112
vt 0.902669 0.346821
vt 0.903338 0.353172
vt 0.733836 0.047681
vt 0.730615 0.044977
vt 0.733205 0.054328
vt 0.727708 0.053653
vt 0.734658 0.351065
vt 0.723412 0.359445
vt 0.705583 0.348947
vt 0.742058 0.369472
vt 0.991592 0.334679
vt 0.995286 0.332667
vt 0.789412 0.010819
vt 0.988550 0.336027
vt 0.770592 0.374221
vt 0.857182 0.384435
vt 0.824093 0.359189
vt 0.784554 0.375987
vt 0.746071 0.042508
vt 0.760587 0.353841
vt 0.741951 0.369852
vt 0.826530 0.378487
vt 0.841491 0.378446
vt 0.856780 0.377925
vt 0.781699 0.022838
vt 0.740556 0.047377
vt 0.742135 0.102887
vt 0.742175 0.102885
vt 0.742123 0.102915
vt 0.742193 0.102840
vt 0.742227 0.102854
vt 0.742169 0.102912
vt 0.742212 0.102884
vt 0.742345 0.102759
vt 0.742317 0.102739
vt 0.742372 0.102701
vt 0.742305 0.102825
vt 0.742281 0.102810
vt 0.742256 0.102789
vt 0.742247 0.102870
vt 0.698389 0.295293
vt 0.698511 0.295302
vt 0.742125 0.102934
vt 0.742199 0.102914
vt 0.742256 0.102898
vt 0.844328 0.054562
vt 0.844282 0.054551
vt 0.844382 0.054540
vt 0.844354 0.054572
vt 0.844271 0.054585
vt 0.844200 0.054569
vt 0.844304 0.054590
vt 0.986199 0.285853
vt 0.986129 0.285797
vt 0.986271 0.285849
vt 0.844290 0.054633
vt 0.844272 0.054611
vt 0.844337 0.054597
vt 0.844391 0.054565
vt 0.844120 0.054587
vt 0.844119 0.054621
vt 0.844053 0.054607
vt 0.844200 0.054602
vt 0.844198 0.054628
vt 0.700120 0.301644
vt 0.700285 0.301654
vt 0.700378 0.301736
vt 0.700083 0.301506
vt 0.700235 0.301594
vt 0.700465 0.301718
vt 0.700619 0.301817
vt 0.700389 0.301661
vt 0.700316 0.301580
vt 0.700115 0.301480
vt 0.700447 0.301579
vt 0.700487 0.301673
vt 0.700856 0.301894
vt 0.700892 0.301830
vt 0.700660 0.301773
vt 0.700676 0.301706
vt 0.844450 0.052222
vt 0.844508 0.052263
vt 0.986521 0.292181
vt 0.986422 0.292174
vt 0.986609 0.292064
vt 0.986756 0.291930
vt 0.986643 0.291993
vt 0.986498 0.292096
vt 0.985955 0.292333
vt 0.985999 0.292398
vt 0.985775 0.292467
vt 0.986183 0.292180
vt 0.986207 0.292252
vt 0.986255 0.292295
vt 0.986392 0.292127
vt 0.986560 0.291998
vt 0.986425 0.292020
vt 0.986758 0.291891
vt 0.846890 0.182116
vt 0.846830 0.182118
vt 0.846898 0.182167
vt 0.846830 0.182153
vt 0.846760 0.182179
vt 0.846865 0.182246
vt 0.846917 0.182216
vt 0.846944 0.182258
vt 0.846775 0.182230
vt 0.846847 0.182215
vt 0.846800 0.182195
vt 0.846838 0.182184
vt 0.846697 0.182218
vt 0.846780 0.182188
vt 0.846739 0.182212
vt 0.846700 0.182229
vt 0.731004 0.237365
vt 0.730768 0.237360
vt 0.730987 0.237430
vt 0.730751 0.237395
vt 0.730528 0.237425
vt 0.730458 0.237425
vt 0.730753 0.237428
vt 0.730604 0.237426
vt 0.730540 0.237426
vt 0.730740 0.237458
vt 0.731007 0.237495
vt 0.730744 0.237484
vt 0.730431 0.237435
vt 0.882552 0.085287
vt 0.882645 0.084998
vt 0.882625 0.085228
vt 0.882612 0.085017
vt 0.882666 0.084787
vt 0.882667 0.084804
vt 0.882746 0.085228
vt 0.882724 0.084982
vt 0.882676 0.084997
vt 0.882703 0.084982
vt 0.882675 0.084699
vt 0.927216 0.247836
vt 0.927306 0.248024
vt 0.927349 0.248025
vt 0.927467 0.248181
vt 0.927503 0.248247
vt 0.927354 0.247679
vt 0.927411 0.248013
vt 0.927322 0.247773
vt 0.927430 0.248006
vt 0.927474 0.248199
vt 0.927379 0.248011
vt 0.843584 0.076796
vt 0.843694 0.076630
vt 0.843657 0.076548
vt 0.843733 0.076441
vt 0.843757 0.076413
vt 0.843648 0.076515
vt 0.843483 0.076699
vt 0.843638 0.076498
vt 0.843813 0.076274
vt 0.843766 0.076381
vt 0.843921 0.076161
vt 0.843919 0.076101
vt 0.831435 0.198043
vt 0.831434 0.198105
vt 0.831383 0.198107
vt 0.831504 0.197990
vt 0.831470 0.198043
vt 0.831503 0.198049
vt 0.831487 0.198112
vt 0.831547 0.197984
vt 0.831527 0.197948
vt 0.831543 0.197907
vt 0.831532 0.197904
vt 0.831494 0.197971
vt 0.831538 0.198129
vt 0.831566 0.198075
vt 0.831534 0.198058
vt 0.831528 0.197996
vt 0.901231 0.276844
vt 0.901030 0.276709
vt 0.901229 0.276796
vt 0.901423 0.276963
vt 0.901387 0.276942
vt 0.900968 0.276825
vt 0.901217 0.276924
vt 0.901219 0.276874
vt 0.901223 0.276905
vt 0.901498 0.277015
vt 0.901349 0.276929
vt 0.826001 0.176840
vt 0.825950 0.176806
vt 0.825974 0.176760
vt 0.826012 0.176925
vt 0.825984 0.176869
vt 0.825962 0.176893
vt 0.825916 0.176848
vt 0.825996 0.176963
vt 0.826035 0.176964
vt 0.826061 0.176996
vt 0.826069 0.176990
vt 0.826033 0.176926
vt 0.825875 0.176883
vt 0.825910 0.176935
vt 0.825939 0.176915
vt 0.825995 0.176941
vt 0.718959 0.203333
vt 0.719127 0.203215
vt 0.718974 0.203360
vt 0.718789 0.203461
vt 0.718852 0.203412
vt 0.718951 0.203305
vt 0.719114 0.203152
vt 0.719132 0.203064
vt 0.718913 0.203283
vt 0.718929 0.203290
vt 0.718806 0.203451
vt 0.718706 0.203504
vt 0.942054 0.288833
vt 0.941889 0.288899
vt 0.942146 0.288896
vt 0.941996 0.288991
vt 0.941819 0.288977
vt 0.942050 0.289078
vt 0.941932 0.289084
vt 0.942159 0.289302
vt 0.942048 0.289195
vt 0.942262 0.289046
vt 0.941909 0.289415
vt 0.941932 0.289202
vt 0.941980 0.289129
vt 0.941743 0.289050
vt 0.941685 0.289219
vt 0.941842 0.289153
vt 0.941754 0.289308
vt 0.875609 0.044023
vt 0.875570 0.044145
vt 0.948336 0.151845
vt 0.948344 0.151869
vt 0.948321 0.151845
vt 0.875663 0.044190
vt 0.875664 0.043945
vt 0.875722 0.044053
vt 0.948381 0.151865
vt 0.948358 0.151845
vt 0.876014 0.044059
vt 0.875849 0.044014
vt 0.875915 0.043898
vt 0.948360 0.151875
vt 0.948374 0.151881
vt 0.875752 0.044246
vt 0.875918 0.044253
vt 0.875818 0.044124
vt 0.875967 0.044173
vt 0.875745 0.043992
vt 0.834807 0.185646
vt 0.834786 0.185568
vt 0.834767 0.185693
vt 0.834756 0.185618
vt 0.834729 0.185551
vt 0.834704 0.185633
vt 0.834713 0.185600
vt 0.834642 0.185716
vt 0.834721 0.185735
vt 0.834623 0.185660
vt 0.834691 0.185685
vt 0.834728 0.185656
vt 0.834668 0.185597
vt 0.834612 0.185602
vt 0.834671 0.185541
vt 0.834671 0.185643
vt 0.684582 0.231534
vt 0.684581 0.231347
vt 0.684487 0.231598
vt 0.684435 0.231419
vt 0.684525 0.231250
vt 0.684299 0.231456
vt 0.684356 0.231306
vt 0.885918 0.047781
vt 0.885946 0.047770
vt 0.885925 0.047809
vt 0.885899 0.047792
vt 0.684356 0.231661
vt 0.885901 0.047778
vt 0.885915 0.047765
vt 0.684327 0.231192
vt 0.684317 0.231029
vt 0.684477 0.231154
vt 0.684222 0.231054
vt 0.684276 0.231334
vt 0.684223 0.231241
vt 0.882868 0.089978
vt 0.882817 0.090031
vt 0.882857 0.089904
vt 0.882896 0.089894
vt 0.882879 0.090050
vt 0.882843 0.090119
vt 0.882898 0.089962
vt 0.882897 0.090016
vt 0.882928 0.089978
vt 0.882937 0.089901
vt 0.882980 0.090034
vt 0.882915 0.090050
vt 0.882866 0.090213
vt 0.882916 0.090215
vt 0.883814 0.089316
vt 0.882894 0.090119
vt 0.882945 0.090123
vt 0.849381 0.181402
vt 0.849337 0.181446
vt 0.849425 0.181411
vt 0.849382 0.181446
vt 0.849346 0.181490
vt 0.849409 0.181473
vt 0.849386 0.181479
vt 0.848624 0.181451
vt 0.849468 0.181425
vt 0.847397 0.182089
vt 0.849455 0.181518
vt 0.849445 0.181463
vt 0.849426 0.181490
vt 0.849415 0.181450
vt 0.849361 0.181533
vt 0.849422 0.181549
vt 0.849382 0.181576
vt 0.849399 0.181510
vt 0.924958 0.243583
vt 0.924986 0.243653
vt 0.924886 0.243564
vt 0.924930 0.243516
vt 0.924992 0.243582
vt 0.925025 0.243641
vt 0.924963 0.243535
vt 0.924878 0.243354
vt 0.924836 0.243381
vt 0.926037 0.243292
vt 0.924950 0.243418
vt 0.924908 0.243448
vt 0.924864 0.243474
vt 0.925009 0.243553
vt 0.925026 0.243478
vt 0.925057 0.243615
vt 0.924961 0.243497
vt 0.830833 0.200625
vt 0.830789 0.200671
vt 0.830784 0.200623
vt 0.830879 0.200633
vt 0.830835 0.200671
vt 0.830800 0.200716
vt 0.830863 0.200698
vt 0.830840 0.200704
vt 0.830940 0.200708
vt 0.830923 0.200647
vt 0.830911 0.200743
vt 0.830900 0.200687
vt 0.830881 0.200714
vt 0.830869 0.200674
vt 0.830816 0.200759
vt 0.830877 0.200774
vt 0.831190 0.198703
vt 0.830854 0.200735
vt 0.736081 0.237484
vt 0.736002 0.237474
vt 0.736136 0.237428
vt 0.736157 0.237493
vt 0.736064 0.237516
vt 0.735992 0.237516
vt 0.736122 0.237514
vt 0.736332 0.237528
vt 0.736329 0.237476
vt 0.735671 0.238537
vt 0.736236 0.237562
vt 0.736231 0.237508
vt 0.736230 0.237454
vt 0.736082 0.237547
vt 0.736143 0.237601
vt 0.736000 0.237559
vt 0.736159 0.237532
vt 0.896313 0.274487
vt 0.896290 0.274417
vt 0.896378 0.274567
vt 0.896316 0.274536
vt 0.896243 0.274466
vt 0.896197 0.274395
vt 0.896262 0.274507
vt 0.896274 0.274563
vt 0.896352 0.274605
vt 0.896201 0.274582
vt 0.896217 0.274513
vt 0.896109 0.274378
vt 0.896072 0.274442
vt 0.896396 0.275607
vt 0.896165 0.274453
vt 0.896132 0.274511
vt 0.841279 0.080944
vt 0.841315 0.080869
vt 0.841285 0.081018
vt 0.841237 0.080997
vt 0.841261 0.080899
vt 0.841285 0.080831
vt 0.841234 0.080951
vt 0.841099 0.081098
vt 0.841169 0.081135
vt 0.840522 0.079365
vt 0.841105 0.081003
vt 0.841178 0.081042
vt 0.841227 0.081079
vt 0.841191 0.080963
vt 0.841164 0.080777
vt 0.841208 0.080887
vt 0.841121 0.080898
vt 0.841248 0.080802
vt 0.824087 0.175029
vt 0.824069 0.174968
vt 0.824057 0.175064
vt 0.824047 0.175008
vt 0.824026 0.174954
vt 0.824027 0.175035
vt 0.824016 0.174995
vt 0.823962 0.175081
vt 0.824024 0.175095
vt 0.823946 0.175037
vt 0.824001 0.175056
vt 0.823986 0.175025
vt 0.823980 0.174946
vt 0.823936 0.174992
vt 0.825310 0.176847
vt 0.823982 0.174992
vt 0.824010 0.175019
vt 0.723382 0.199397
vt 0.723393 0.199276
vt 0.723471 0.199310
vt 0.723314 0.199297
vt 0.723325 0.199340
vt 0.723442 0.199209
vt 0.723539 0.199216
vt 0.723399 0.199202
vt 0.723364 0.199196
vt 0.723311 0.199255
vt 0.723354 0.199243
vt 0.723592 0.199123
vt 0.723543 0.199057
vt 0.722723 0.198562
vt 0.723493 0.199142
vt 0.723468 0.199097
vt 0.723421 0.199159
vt 0.733444 0.085185
vt 0.733392 0.085205
vt 0.733459 0.085141
vt 0.733495 0.085158
vt 0.733439 0.085214
vt 0.733392 0.085220
vt 0.733481 0.085186
vt 0.733618 0.085068
vt 0.733587 0.085047
vt 0.733642 0.085008
vt 0.733572 0.085130
vt 0.733551 0.085118
vt 0.733523 0.085094
vt 0.733514 0.085174
vt 0.702365 0.379794
vt 0.702487 0.379794
vt 0.702200 0.379858
vt 0.702286 0.379800
vt 0.733467 0.085207
vt 0.740263 0.067281
vt 0.740291 0.067299
vt 0.740300 0.067202
vt 0.740321 0.067232
vt 0.740356 0.067239
vt 0.740348 0.067173
vt 0.740371 0.067188
vt 0.740383 0.067054
vt 0.740378 0.067120
vt 0.740340 0.067122
vt 0.740412 0.067072
vt 0.740406 0.067123
vt 0.740377 0.067159
vt 0.740415 0.067147
vt 0.740457 0.067107
vt 0.740421 0.067178
vt 0.740435 0.067089
vt 0.834371 0.037435
vt 0.834344 0.037464
vt 0.834299 0.037449
vt 0.834410 0.037449
vt 0.834372 0.037476
vt 0.834286 0.037482
vt 0.834215 0.037462
vt 0.834319 0.037489
vt 0.993068 0.370278
vt 0.993004 0.370218
vt 0.993136 0.370278
vt 0.992887 0.370231
vt 0.992863 0.370171
vt 0.993079 0.370206
vt 0.992953 0.370168
vt 0.834130 0.037474
vt 0.834126 0.037509
vt 0.834060 0.037488
vt 0.834213 0.037496
vt 0.834209 0.037524
vt 0.834286 0.037506
vt 0.732024 0.083896
vt 0.732010 0.083860
vt 0.732025 0.083823
vt 0.732003 0.083928
vt 0.732000 0.083883
vt 0.732012 0.083802
vt 0.732034 0.083742
vt 0.732002 0.083833
vt 0.701287 0.384774
vt 0.701168 0.384658
vt 0.731958 0.083822
vt 0.731992 0.083801
vt 0.731981 0.083865
vt 0.731989 0.083926
vt 0.732046 0.083655
vt 0.732013 0.083646
vt 0.732046 0.083577
vt 0.732014 0.083733
vt 0.731981 0.083733
vt 0.738233 0.068781
vt 0.738266 0.068777
vt 0.738214 0.068828
vt 0.738206 0.068780
vt 0.738253 0.068729
vt 0.738296 0.068700
vt 0.738227 0.068743
vt 0.738137 0.068782
vt 0.738193 0.068756
vt 0.738164 0.068799
vt 0.738063 0.408795
vt 0.738091 0.408911
vt 0.737979 0.408828
vt 0.738189 0.068814
vt 0.738355 0.409135
vt 0.738395 0.409052
vt 0.738537 0.409169
vt 0.738274 0.068670
vt 0.738328 0.068623
vt 0.738213 0.409014
vt 0.738228 0.408923
vt 0.738228 0.068713
vt 0.993001 0.376827
vt 0.993214 0.376730
vt 0.992905 0.376909
vt 0.992819 0.376893
vt 0.993053 0.376767
vt 0.992897 0.376836
vt 0.992383 0.377017
vt 0.992421 0.377080
vt 0.992205 0.377134
vt 0.992603 0.376887
vt 0.992620 0.376954
vt 0.992662 0.376996
vt 0.992797 0.376849
vt 0.992971 0.376754
vt 0.992837 0.376755
vt 0.993229 0.376681
vt 0.724716 0.062395
vt 0.724751 0.062379
vt 0.724720 0.062426
vt 0.724750 0.062329
vt 0.724788 0.062335
vt 0.724756 0.062405
vt 0.724783 0.062367
vt 0.724893 0.062233
vt 0.724863 0.062215
vt 0.724913 0.062173
vt 0.724862 0.062300
vt 0.724836 0.062287
vt 0.724808 0.062269
vt 0.724811 0.062348
vt 0.724774 0.062430
vt 0.724781 0.062396
vt 0.724825 0.062373
vt 0.724746 0.062442
vt 0.824352 0.015274
vt 0.824319 0.015291
vt 0.824279 0.015264
vt 0.824383 0.015305
vt 0.824338 0.015308
vt 0.824260 0.015295
vt 0.824190 0.015269
vt 0.824289 0.015309
vt 0.995125 0.332415
vt 0.995084 0.332346
vt 0.995220 0.332468
vt 0.824269 0.015341
vt 0.824256 0.015319
vt 0.824316 0.015323
vt 0.824373 0.015317
vt 0.824104 0.015281
vt 0.824100 0.015316
vt 0.824034 0.015295
vt 0.824187 0.015304
vt 0.824182 0.015332
vt 0.704819 0.348732
vt 0.704913 0.348803
vt 0.704602 0.348618
vt 0.704768 0.348679
vt 0.704990 0.348775
vt 0.705143 0.348861
vt 0.704916 0.348727
vt 0.704844 0.348655
vt 0.704639 0.348583
vt 0.704970 0.348642
vt 0.705010 0.348728
vt 0.705374 0.348916
vt 0.705407 0.348848
vt 0.705180 0.348812
vt 0.705194 0.348745
vt 0.988406 0.336040
vt 0.988577 0.335957
vt 0.988324 0.336112
vt 0.988249 0.336100
vt 0.988451 0.335986
vt 0.988314 0.336049
vt 0.987881 0.336211
vt 0.987914 0.336264
vt 0.987733 0.336313
vt 0.988064 0.336098
vt 0.988080 0.336155
vt 0.988117 0.336190
vt 0.988229 0.336062
vt 0.988378 0.335974
vt 0.988262 0.335978
vt 0.988580 0.335924
vt 0.761586 0.121667
vt 0.761700 0.121660
vt 0.761544 0.121570
vt 0.761641 0.121594
vt 0.761707 0.121527
vt 0.761786 0.121574
vt 0.761598 0.121524
vt 0.761593 0.121453
vt 0.761502 0.121464
vt 0.761594 0.121374
vt 0.761733 0.121391
vt 0.761680 0.121445
vt 0.761658 0.121496
vt 0.761884 0.121500
vt 0.761864 0.121410
vt 0.761782 0.121465
vt 0.764690 0.122838
vt 0.764724 0.122921
vt 0.764620 0.122929
vt 0.764764 0.122748
vt 0.764781 0.122845
vt 0.764828 0.122898
vt 0.764875 0.122796
vt 0.764859 0.122840
vt 0.764958 0.122659
vt 0.764844 0.122660
vt 0.764973 0.122739
vt 0.764894 0.122718
vt 0.764835 0.122777
vt 0.764923 0.122771
vt 0.764926 0.122880
vt 0.764990 0.122813
vt 0.767985 0.124354
vt 0.764924 0.122824
vt 0.781732 0.062450
vt 0.787185 0.059857
vt 0.781721 0.062425
vt 0.787174 0.059832
vt 0.781710 0.062400
vt 0.787163 0.059807
vt 0.834141 0.345671
vt 0.849339 0.345443
vt 0.776522 0.065225
vt 0.776511 0.065200
vt 0.776499 0.065176
vt 0.819279 0.345330
vt 0.790963 0.068872
vt 0.796655 0.066510
vt 0.790974 0.068899
vt 0.796666 0.066536
vt 0.790986 0.068925
vt 0.847653 0.313417
vt 0.802425 0.064437
vt 0.802437 0.064464
vt 0.796677 0.066563
vt 0.863044 0.312529
vt 0.798432 0.055501
vt 0.792770 0.057536
vt 0.798421 0.055476
vt 0.792760 0.057511
vt 0.798412 0.055450
vt 0.879673 0.343162
vt 0.792750 0.057486
vt 0.864547 0.344590
vt 0.785405 0.071507
vt 0.780094 0.074325
vt 0.785416 0.071534
vt 0.780105 0.074352
vt 0.785429 0.071560
vt 0.780118 0.074378
vt 0.832269 0.313659
vt 0.817223 0.313322
vt 0.775119 0.077244
vt 0.770437 0.080290
vt 0.775131 0.077271
vt 0.770449 0.080317
vt 0.775144 0.077296
vt 0.770463 0.080342
vt 0.802811 0.312476
vt 0.788903 0.311109
vt 0.771647 0.068105
vt 0.771636 0.068080
vt 0.771623 0.068056
vt 0.805033 0.344478
vt 0.767063 0.071113
vt 0.767052 0.071088
vt 0.767038 0.071065
vt 0.791256 0.343110
vt 0.762684 0.074311
vt 0.762673 0.074285
vt 0.762659 0.074262
vt 0.777671 0.341186
vt 0.758411 0.077777
vt 0.758405 0.077747
vt 0.758393 0.077722
vt 0.763957 0.338629
vt 0.765746 0.083709
vt 0.759836 0.088496
vt 0.765757 0.083737
vt 0.759841 0.088527
vt 0.765771 0.083761
vt 0.759853 0.088554
vt 0.774532 0.309049
vt 0.755802 0.305548
vt 0.750271 0.085323
vt 0.746201 0.093995
vt 0.750244 0.085314
vt 0.746146 0.094035
vt 0.750217 0.085306
vt 0.715352 0.318234
vt 0.735925 0.331230
vt 0.746100 0.094058
vt 0.754195 0.081553
vt 0.754201 0.081513
vt 0.754196 0.081481
vt 0.749903 0.335350
vt 0.751734 0.095265
vt 0.751727 0.095306
vt 0.751730 0.095339
vt 0.729794 0.300359
vt 0.808645 0.062589
vt 0.808657 0.062615
vt 0.802447 0.064490
vt 0.878317 0.310994
vt 0.817303 0.060639
vt 0.817323 0.060663
vt 0.808667 0.062642
vt 0.894425 0.308541
vt 0.810124 0.052211
vt 0.804161 0.053755
vt 0.810105 0.052188
vt 0.804150 0.053731
vt 0.810092 0.052163
vt 0.804133 0.053675
vt 0.810085 0.052133
vt 0.804141 0.053705
vt 0.798404 0.055420
vt 0.833280 0.052094
vt 0.833343 0.052074
vt 0.833388 0.052051
vt 0.822517 0.049944
vt 0.822523 0.049918
vt 0.822530 0.049893
vt 0.822538 0.049863
vt 0.829761 0.058056
vt 0.829799 0.058075
vt 0.817337 0.060688
vt 0.948384 0.295457
vt 0.916481 0.303710
vt 0.829824 0.058097
vt 0.986011 0.285818
vt 0.816449 0.050901
vt 0.816416 0.050881
vt 0.816384 0.050829
vt 0.816394 0.050859
vt 0.849058 0.339217
vt 0.833943 0.339437
vt 0.849052 0.339113
vt 0.833937 0.339333
vt 0.849046 0.339008
vt 0.833930 0.339228
vt 0.819163 0.339092
vt 0.819156 0.338987
vt 0.819148 0.338883
vt 0.863436 0.318627
vt 0.847926 0.319519
vt 0.863441 0.318731
vt 0.847932 0.319623
vt 0.863446 0.318835
vt 0.847938 0.319727
vt 0.878848 0.317085
vt 0.878853 0.317189
vt 0.878856 0.317294
vt 0.864185 0.338364
vt 0.879226 0.336920
vt 0.864180 0.338259
vt 0.879222 0.336815
vt 0.864176 0.338155
vt 0.879219 0.336710
vt 0.817284 0.319430
vt 0.832432 0.319765
vt 0.817291 0.319534
vt 0.832438 0.319869
vt 0.817299 0.319638
vt 0.832445 0.319973
vt 0.788734 0.317205
vt 0.802764 0.318584
vt 0.788741 0.317308
vt 0.802771 0.318687
vt 0.788752 0.317413
vt 0.802781 0.318792
vt 0.805003 0.338238
vt 0.804995 0.338133
vt 0.804985 0.338028
vt 0.791320 0.336863
vt 0.791312 0.336758
vt 0.791301 0.336652
vt 0.777844 0.334927
vt 0.777834 0.334821
vt 0.777819 0.334714
vt 0.764265 0.332356
vt 0.764242 0.332247
vt 0.764206 0.332136
vt 0.755441 0.311469
vt 0.774238 0.315092
vt 0.755464 0.311573
vt 0.774247 0.315196
vt 0.755501 0.311679
vt 0.774263 0.315300
vt 0.718065 0.313558
vt 0.736887 0.325336
vt 0.718205 0.313552
vt 0.736917 0.325244
vt 0.718393 0.313576
vt 0.736956 0.325158
vt 0.717990 0.313605
vt 0.750410 0.329074
vt 0.750355 0.328957
vt 0.750272 0.328835
vt 0.729580 0.306282
vt 0.729637 0.306387
vt 0.729724 0.306497
vt 0.895126 0.314613
vt 0.895128 0.314717
vt 0.895126 0.314822
vt 0.917325 0.309694
vt 0.917311 0.309801
vt 0.917284 0.309911
vt 0.894218 0.334878
vt 0.909617 0.332156
vt 0.894217 0.334773
vt 0.909631 0.332047
vt 0.894219 0.334667
vt 0.909658 0.331937
vt 0.844405 0.052213
vt 0.964870 0.308373
vt 0.964726 0.308373
vt 0.964534 0.308406
vt 0.964951 0.308419
vt 0.942323 0.324672
vt 0.942289 0.324575
vt 0.942248 0.324483
vt 0.949241 0.301381
vt 0.949190 0.301495
vt 0.949107 0.301616
vt 0.925823 0.328668
vt 0.925871 0.328551
vt 0.925947 0.328429
vt 0.986605 0.288808
vt 0.986722 0.291878
vt 0.844507 0.053402
vt 0.844395 0.054549
vt 0.844494 0.053396
vt 0.698260 0.295367
vt 0.741181 0.102214
vt 0.698831 0.298517
vt 0.740297 0.101489
vt 0.850540 0.127082
vt 0.850476 0.127051
vt 0.850406 0.127039
vt 0.774761 0.203787
vt 0.774718 0.203647
vt 0.774728 0.203720
vt 0.917143 0.099830
vt 0.885911 0.047824
vt 0.917115 0.099844
vt 0.885903 0.047834
vt 0.917126 0.099839
vt 0.752254 0.110927
vt 0.878471 0.228368
vt 0.878527 0.228325
vt 0.878569 0.228267
vt 0.948405 0.151848
vt 0.939019 0.157518
vt 0.938750 0.157583
vt 0.988756 0.053921
vt 0.968580 0.102884
vt 0.938885 0.157551
vt 0.988727 0.053873
vt 0.808755 0.293809
vt 0.808812 0.293527
vt 0.937337 0.050822
vt 0.808784 0.293669
vt 0.859849 0.136684
vt 0.859807 0.136652
vt 0.882665 0.084734
vt 0.859768 0.136614
vt 0.882657 0.084573
vt 0.927574 0.248388
vt 0.881622 0.214938
vt 0.881636 0.214886
vt 0.881656 0.214836
vt 0.882675 0.084553
vt 0.926576 0.160530
vt 0.926491 0.160551
vt 0.926407 0.160573
vt 0.927603 0.248402
vt 0.927534 0.248280
vt 0.784684 0.212789
vt 0.784650 0.212746
vt 0.784609 0.212707
vt 0.730291 0.237420
vt 0.865556 0.232079
vt 0.865605 0.232057
vt 0.901465 0.276984
vt 0.865658 0.232040
vt 0.901615 0.277053
vt 0.901630 0.277081
vt 0.811415 0.280677
vt 0.811434 0.280587
vt 0.811453 0.280499
vt 0.730278 0.237440
vt 0.837361 0.130177
vt 0.837309 0.130189
vt 0.843790 0.076363
vt 0.837258 0.130195
vt 0.778963 0.190740
vt 0.778967 0.190684
vt 0.778961 0.190631
vt 0.718632 0.203605
vt 0.718742 0.203505
vt 0.718599 0.203595
vt 0.862221 0.137601
vt 0.862182 0.137565
vt 0.862140 0.137536
vt 0.865017 0.139271
vt 0.883198 0.212933
vt 0.883218 0.212886
vt 0.884122 0.210831
vt 0.850834 0.181960
vt 0.887186 0.202071
vt 0.923393 0.161398
vt 0.923311 0.161420
vt 0.923229 0.161443
vt 0.919571 0.162208
vt 0.787589 0.217747
vt 0.785687 0.215231
vt 0.785648 0.215191
vt 0.785617 0.215148
vt 0.863610 0.233746
vt 0.863661 0.233728
vt 0.863708 0.233706
vt 0.860438 0.235351
vt 0.812184 0.277348
vt 0.812203 0.277262
vt 0.812223 0.277175
vt 0.813303 0.273246
vt 0.835085 0.129806
vt 0.835035 0.129812
vt 0.834983 0.129826
vt 0.830316 0.130974
vt 0.778023 0.188364
vt 0.778025 0.188307
vt 0.778348 0.185469
vt 0.778030 0.188419
vt 0.723398 0.199137
vt 0.848161 0.181816
vt 0.848173 0.181863
vt 0.848148 0.181770
vt 0.926068 0.245495
vt 0.926022 0.245520
vt 0.925977 0.245544
vt 0.733749 0.237460
vt 0.733746 0.237595
vt 0.733750 0.237405
vt 0.733748 0.237515
vt 0.898562 0.275431
vt 0.896391 0.274523
vt 0.898479 0.275605
vt 0.898527 0.275504
vt 0.898503 0.275554
vt 0.901015 0.276775
vt 0.824922 0.175961
vt 0.824956 0.175926
vt 0.824990 0.175891
vt 0.842272 0.078935
vt 0.842308 0.078983
vt 0.842349 0.079025
vt 0.843545 0.076728
vt 0.882780 0.087790
vt 0.882832 0.087787
vt 0.882729 0.087792
vt 0.882685 0.085212
vt 0.831222 0.199426
vt 0.831174 0.199415
vt 0.831127 0.199403
vt 0.721453 0.201006
vt 0.721451 0.201068
vt 0.721451 0.201127
vt 0.770907 0.043119
vt 0.776312 0.040444
vt 0.770895 0.043094
vt 0.776301 0.040419
vt 0.856503 0.425535
vt 0.841386 0.425782
vt 0.856500 0.425467
vt 0.765768 0.046010
vt 0.765757 0.045985
vt 0.841385 0.425849
vt 0.826616 0.425607
vt 0.780168 0.049344
vt 0.785765 0.046968
vt 0.780180 0.049370
vt 0.870192 0.392475
vt 0.854710 0.393441
vt 0.854708 0.393369
vt 0.791462 0.044922
vt 0.785776 0.046995
vt 0.885542 0.391018
vt 0.870199 0.392547
vt 0.787535 0.036040
vt 0.781874 0.038080
vt 0.787524 0.036015
vt 0.871629 0.424674
vt 0.886642 0.423239
vt 0.886651 0.423305
vt 0.781864 0.038055
vt 0.871623 0.424607
vt 0.774730 0.052035
vt 0.769560 0.054941
vt 0.774742 0.052061
vt 0.769572 0.054968
vt 0.824111 0.393573
vt 0.839230 0.393793
vt 0.824106 0.393645
vt 0.839231 0.393721
vt 0.764744 0.057967
vt 0.760237 0.061128
vt 0.764756 0.057994
vt 0.760249 0.061154
vt 0.795610 0.391928
vt 0.809613 0.393047
vt 0.795598 0.391999
vt 0.809622 0.392976
vt 0.760993 0.049031
vt 0.760981 0.049006
vt 0.826612 0.425674
vt 0.812419 0.425018
vt 0.756560 0.052202
vt 0.756548 0.052178
vt 0.756533 0.052156
vt 0.760967 0.048984
vt 0.798661 0.423897
vt 0.752357 0.055548
vt 0.752346 0.055523
vt 0.752330 0.055501
vt 0.785100 0.422217
vt 0.748289 0.059159
vt 0.748279 0.059131
vt 0.748263 0.059110
vt 0.771422 0.419889
vt 0.755753 0.064682
vt 0.750119 0.069684
vt 0.761689 0.387689
vt 0.781015 0.390291
vt 0.761639 0.387751
vt 0.780997 0.390361
vt 0.761607 0.387817
vt 0.781045 0.390222
vt 0.737010 0.076076
vt 0.736947 0.076125
vt 0.736890 0.076160
vt 0.744287 0.063093
vt 0.744282 0.063060
vt 0.744263 0.063041
vt 0.757388 0.416917
vt 0.743403 0.413687
vt 0.742400 0.076834
vt 0.702893 0.379746
vt 0.734180 0.383997
vt 0.702695 0.379769
vt 0.734119 0.384052
vt 0.734272 0.383949
vt 0.797638 0.043154
vt 0.791473 0.044948
vt 0.901711 0.388748
vt 0.885553 0.391090
vt 0.806357 0.041456
vt 0.797650 0.043180
vt 0.923766 0.384421
vt 0.901729 0.388818
vt 0.799325 0.032857
vt 0.793294 0.034312
vt 0.799307 0.032834
vt 0.901633 0.421455
vt 0.917040 0.418966
vt 0.917069 0.419030
vt 0.793283 0.034287
vt 0.901619 0.421389
vt 0.823242 0.034011
vt 0.823308 0.033997
vt 0.823355 0.033978
vt 0.823379 0.033951
vt 0.812225 0.030586
vt 0.812233 0.030559
vt 0.812247 0.030535
vt 0.974227 0.396125
vt 0.819182 0.039594
vt 0.806376 0.041481
vt 0.955452 0.377490
vt 0.923800 0.384486
vt 0.955516 0.377548
vt 0.819219 0.039616
vt 0.992677 0.370200
vt 0.805760 0.031633
vt 0.933361 0.415865
vt 0.949954 0.411796
vt 0.949947 0.411868
vt 0.805726 0.031612
vt 0.933301 0.415808
vt 0.856200 0.419269
vt 0.841139 0.419579
vt 0.856194 0.419166
vt 0.841132 0.419475
vt 0.856188 0.419062
vt 0.841124 0.419372
vt 0.826410 0.419404
vt 0.826402 0.419300
vt 0.826392 0.419196
vt 0.870574 0.398671
vt 0.855006 0.399574
vt 0.870579 0.398775
vt 0.855012 0.399678
vt 0.870583 0.398880
vt 0.855018 0.399782
vt 0.886033 0.397200
vt 0.886037 0.397304
vt 0.886040 0.397409
vt 0.871270 0.418407
vt 0.886243 0.417035
vt 0.871266 0.418304
vt 0.886240 0.416931
vt 0.871262 0.418200
vt 0.886238 0.416827
vt 0.824258 0.399774
vt 0.839454 0.399925
vt 0.824266 0.399877
vt 0.839461 0.400028
vt 0.824276 0.399982
vt 0.839470 0.400133
vt 0.795600 0.398126
vt 0.809691 0.399177
vt 0.795611 0.398230
vt 0.809700 0.399281
vt 0.795625 0.398334
vt 0.809712 0.399385
vt 0.812278 0.418791
vt 0.812269 0.418688
vt 0.812258 0.418584
vt 0.798613 0.417671
vt 0.798603 0.417568
vt 0.798590 0.417463
vt 0.785051 0.416029
vt 0.785038 0.415925
vt 0.785020 0.415820
vt 0.770693 0.413947
vt 0.770659 0.413839
vt 0.770616 0.413730
vt 0.761511 0.393714
vt 0.780950 0.396484
vt 0.761537 0.393821
vt 0.780964 0.396588
vt 0.761574 0.393930
vt 0.780983 0.396693
vt 0.735080 0.076317
vt 0.735075 0.076262
vt 0.735072 0.076190
vt 0.735094 0.076348
vt 0.754808 0.411541
vt 0.754715 0.411423
vt 0.754610 0.411305
vt 0.701405 0.384781
vt 0.733826 0.389570
vt 0.701599 0.384922
vt 0.730496 0.071186
vt 0.734334 0.389765
vt 0.702796 0.384723
vt 0.733879 0.389685
vt 0.729120 0.060395
vt 0.730532 0.071143
vt 0.729156 0.060369
vt 0.730563 0.071096
vt 0.902334 0.394895
vt 0.902335 0.394999
vt 0.902332 0.395103
vt 0.924478 0.390424
vt 0.924461 0.390529
vt 0.924432 0.390637
vt 0.901169 0.415173
vt 0.916514 0.412726
vt 0.901169 0.415069
vt 0.916530 0.412618
vt 0.901172 0.414964
vt 0.916558 0.412509
vt 0.971445 0.391576
vt 0.971307 0.391568
vt 0.971121 0.391591
vt 0.948784 0.405862
vt 0.948755 0.405768
vt 0.948720 0.405677
vt 0.956090 0.383398
vt 0.956035 0.383507
vt 0.955948 0.383621
vt 0.932653 0.409553
vt 0.932701 0.409439
vt 0.932779 0.409320
vt 0.993470 0.373241
vt 0.993188 0.376653
vt 0.834908 0.035173
vt 0.834624 0.036311
vt 0.834881 0.035165
vt 0.834650 0.036325
vt 0.702234 0.379854
vt 0.732675 0.084597
vt 0.732676 0.084582
vt 0.701617 0.382149
vt 0.732010 0.083917
vt 0.740798 0.411362
vt 0.739299 0.067941
vt 0.739264 0.068020
vt 0.743228 0.413566
vt 0.739335 0.067862
vt 0.761267 0.021157
vt 0.766625 0.018499
vt 0.857192 0.384654
vt 0.841860 0.385114
vt 0.857190 0.384584
vt 0.841860 0.385046
vt 0.857187 0.384516
vt 0.756164 0.024012
vt 0.841857 0.385183
vt 0.826861 0.385158
vt 0.826864 0.385089
vt 0.770480 0.027343
vt 0.776049 0.024952
vt 0.770491 0.027369
vt 0.776061 0.024978
vt 0.770503 0.027395
vt 0.854953 0.352004
vt 0.781712 0.022868
vt 0.781724 0.022894
vt 0.776072 0.025005
vt 0.870686 0.350895
vt 0.777732 0.014074
vt 0.872531 0.383600
vt 0.887756 0.381986
vt 0.887769 0.382053
vt 0.872523 0.383531
vt 0.887746 0.381918
vt 0.772133 0.016135
vt 0.872517 0.383463
vt 0.765058 0.030026
vt 0.759895 0.032908
vt 0.765069 0.030052
vt 0.759907 0.032934
vt 0.765082 0.030077
vt 0.759920 0.032959
vt 0.839215 0.352565
vt 0.823805 0.352636
vt 0.755079 0.035903
vt 0.750566 0.039034
vt 0.755091 0.035929
vt 0.750578 0.039060
vt 0.755105 0.035954
vt 0.750593 0.039084
vt 0.809013 0.352269
vt 0.794686 0.351445
vt 0.751406 0.026980
vt 0.826853 0.385227
vt 0.812476 0.384764
vt 0.812482 0.384695
vt 0.746949 0.030090
vt 0.812463 0.384832
vt 0.798546 0.383945
vt 0.798555 0.383877
vt 0.742714 0.033403
vt 0.798527 0.384013
vt 0.784775 0.382693
vt 0.784789 0.382625
vt 0.738603 0.037002
vt 0.784749 0.382759
vt 0.770814 0.380976
vt 0.770842 0.380910
vt 0.746083 0.042539
vt 0.740562 0.047413
vt 0.746095 0.042566
vt 0.740570 0.047444
vt 0.746110 0.042590
vt 0.740582 0.047470
vt 0.779856 0.350057
vt 0.760697 0.347791
vt 0.730585 0.044966
vt 0.727656 0.053705
vt 0.730559 0.044963
vt 0.727608 0.053749
vt 0.730532 0.044964
vt 0.720643 0.364529
vt 0.741626 0.376002
vt 0.727566 0.053777
vt 0.700165 0.353071
vt 0.734534 0.040934
vt 0.770768 0.381038
vt 0.756372 0.378748
vt 0.756428 0.378689
vt 0.756284 0.378799
vt 0.741646 0.376072
vt 0.733199 0.054376
vt 0.733196 0.054416
vt 0.733202 0.054449
vt 0.703606 0.341895
vt 0.734412 0.344691
vt 0.787833 0.021022
vt 0.787845 0.021048
vt 0.781734 0.022921
vt 0.886278 0.349228
vt 0.796478 0.019251
vt 0.924763 0.342013
vt 0.902656 0.346740
vt 0.902634 0.346671
vt 0.789389 0.010792
vt 0.902970 0.380025
vt 0.918579 0.377325
vt 0.918624 0.377386
vt 0.902949 0.379959
vt 0.918548 0.377261
vt 0.783425 0.012305
vt 0.902934 0.379891
vt 0.813310 0.011825
vt 0.813376 0.011811
vt 0.995166 0.333036
vt 0.974180 0.353010
vt 0.995235 0.332839
vt 0.802269 0.008321
vt 0.802278 0.008295
vt 0.974157 0.353135
vt 0.951449 0.369253
vt 0.809248 0.017343
vt 0.796497 0.019275
vt 0.956328 0.335389
vt 0.924798 0.342078
vt 0.956388 0.335451
vt 0.809284 0.017365
vt 0.994755 0.332286
vt 0.994960 0.332340
vt 0.935094 0.373861
vt 0.951461 0.369322
vt 0.951451 0.369394
vt 0.935004 0.373814
vt 0.795770 0.009486
vt 0.934941 0.373757
vt 0.856802 0.378232
vt 0.841519 0.378753
vt 0.856795 0.378127
vt 0.841510 0.378648
vt 0.856787 0.378021
vt 0.841500 0.378543
vt 0.826563 0.378794
vt 0.826554 0.378689
vt 0.826542 0.378583
vt 0.871146 0.357117
vt 0.855334 0.358235
vt 0.871153 0.357222
vt 0.855342 0.358340
vt 0.871158 0.357329
vt 0.855349 0.358446
vt 0.886841 0.355427
vt 0.886846 0.355533
vt 0.886850 0.355639
vt 0.872089 0.377175
vt 0.887275 0.375621
vt 0.872083 0.377070
vt 0.887271 0.375516
vt 0.872078 0.376964
vt 0.887267 0.375410
vt 0.824058 0.358879
vt 0.839528 0.358802
vt 0.824068 0.358984
vt 0.839536 0.358907
vt 0.824080 0.359090
vt 0.839546 0.359014
vt 0.794784 0.357707
vt 0.809200 0.358523
vt 0.794796 0.357813
vt 0.809211 0.358629
vt 0.794813 0.357920
vt 0.809225 0.358735
vt 0.812221 0.378401
vt 0.812209 0.378296
vt 0.812195 0.378190
vt 0.798335 0.377575
vt 0.798322 0.377469
vt 0.798306 0.377362
vt 0.784614 0.376299
vt 0.784598 0.376192
vt 0.784577 0.376085
vt 0.770712 0.374543
vt 0.770682 0.374433
vt 0.770639 0.374322
vt 0.760597 0.353937
vt 0.779840 0.356303
vt 0.760625 0.354042
vt 0.779855 0.356409
vt 0.760667 0.354149
vt 0.779876 0.356515
vt 0.722870 0.359438
vt 0.741963 0.369757
vt 0.723007 0.359417
vt 0.741985 0.369654
vt 0.723196 0.359422
vt 0.742018 0.369556
vt 0.756354 0.372299
vt 0.756291 0.372181
vt 0.756199 0.372061
vt 0.734397 0.350757
vt 0.734459 0.350860
vt 0.734551 0.350966
vt 0.903343 0.352862
vt 0.903345 0.352967
vt 0.903343 0.353073
vt 0.925539 0.348026
vt 0.925522 0.348130
vt 0.925493 0.348236
vt 0.902404 0.373580
vt 0.917925 0.370925
vt 0.902403 0.373474
vt 0.917939 0.370815
vt 0.902405 0.373367
vt 0.917966 0.370704
vt 0.970968 0.348801
vt 0.970846 0.348799
vt 0.970683 0.348826
vt 0.950118 0.363456
vt 0.950087 0.363366
vt 0.950050 0.363278
vt 0.956645 0.341384
vt 0.956594 0.341482
vt 0.956514 0.341585
vt 0.934174 0.367480
vt 0.934221 0.367364
vt 0.934296 0.367243
vt 0.991554 0.334498
vt 0.988561 0.335895
vt 0.995232 0.332519
vt 0.991574 0.334587
vt 0.703361 0.341981
vt 0.703759 0.345205
vt 0.703322 0.341994
vt 0.724728 0.062442
vt 0.723422 0.062666
vt 0.723414 0.062651
vt 0.703798 0.345193
vt 0.722038 0.062887
vt 0.704621 0.348668
vt 0.701976 0.350747
vt 0.901530 0.277018
vt 0.882665 0.084665
vt 0.763329 0.122121
vt 0.763262 0.122197
vt 0.763195 0.122274
vt 0.927442 0.248134
vt 0.718692 0.203528
vt 0.730389 0.237428
vt 0.927540 0.248310
vt 0.885023 0.208774
vt 0.729189 0.060341
vt 0.700086 0.352928
vt 0.700069 0.301551
vt 0.846787 0.182211
vt 0.843851 0.076268
vt 0.875450 0.044030
vt 0.948394 0.151877
vt 0.684173 0.231535
vt 0.834398 0.037442
vt 0.738177 0.068724
vt 0.824376 0.015291
vt 0.833886 0.050000
vt 0.812414 0.425085
vt 0.795635 0.391857
vt 0.741670 0.376139
vt 0.787855 0.021075
vt 0.995245 0.332569
vt 0.723401 0.062621
s 1
usemtl Holocron_Corners.001
f 1244/1/1 1/2/2 199/3/3
f 1195/4/4 20/5/5 105/6/6
f 88/7/2 224/8/7 3/9/2
f 213/10/8 113/11/9 1205/12/10
f 4/13/2 1209/14/11 203/15/12
f 198/16/13 105/6/6 16/17/14
f 209/18/15 101/19/16 14/20/17
f 223/21/18 108/22/19 1200/23/20
f 3/9/2 1184/24/21 219/25/22
f 1199/26/23 4/13/2 87/27/2
f 1205/12/10 22/28/24 228/29/25
f 1215/30/26 19/31/27 234/32/28
f 1210/33/29 26/34/30 204/35/31
f 228/29/25 107/36/32 1220/37/33
f 1220/37/33 23/38/34 238/39/35
f 1230/40/36 18/41/37 244/42/38
f 89/43/2 233/44/39 1209/14/11
f 238/39/35 114/45/40 1235/46/41
f 1235/46/41 1347/47/42 250/48/43
f 265/49/44 112/50/45 1230/40/36
f 90/51/46 243/52/47 1214/53/48
f 1245/54/49 16/17/14 103/55/50
f 270/56/51 103/55/50 17/57/52
f 276/58/53 109/59/54 13/60/55
f 1/2/2 1189/61/56 88/7/2
f 1260/62/57 17/57/52 111/63/58
f 281/64/59 111/63/58 21/65/60
f 1255/66/61 1344/67/62 109/59/54
f 6/68/2 1239/69/63 92/70/2
f 105/6/6 324/71/64 1274/72/65
f 10/73/66 1290/74/67 96/75/66
f 24/76/68 1284/77/69 113/11/9
f 333/78/70 97/79/71 1300/80/72
f 103/55/50 304/81/73 1324/82/74
f 15/83/75 1269/84/76 329/85/77
f 15/83/75 1279/86/78 108/22/19
f 102/87/79 313/88/80 1269/84/76
f 115/89/81 324/71/64 20/5/5
f 116/90/82 308/91/83 26/34/30
f 19/31/27 1289/92/84 116/90/82
f 22/28/24 1299/93/85 107/36/32
f 1285/94/86 8/95/66 333/78/70
f 104/96/87 338/97/88 19/31/27
f 18/41/37 1294/98/89 104/96/87
f 23/38/34 1314/99/90 114/45/40
f 1300/80/72 11/100/91 343/101/92
f 112/50/45 348/102/93 18/41/37
f 25/103/94 1309/104/95 112/50/45
f 114/45/40 354/105/96 1347/47/42
f 303/106/97 95/107/66 7/108/66
f 14/20/17 1319/109/98 313/88/80
f 101/19/16 380/110/99 1319/109/98
f 111/63/58 376/111/100 1339/112/101
f 99/113/66 375/114/102 1325/115/103
f 13/60/55 1334/116/104 380/110/99
f 109/59/54 392/117/105 1334/116/104
f 21/65/60 1339/112/101 385/118/106
f 1190/119/107 14/20/17 102/87/79
f 1250/120/108 21/121/60 106/122/109
f 106/122/109 385/123/106 1329/124/110
f 7/108/66 1270/125/111 314/126/112
f 224/8/7 87/27/2 3/9/2
f 1200/23/20 24/76/68 213/10/8
f 108/22/19 319/127/113 24/76/68
f 95/107/66 328/128/114 1270/125/111
f 93/129/2 275/130/115 6/68/2
f 199/3/3 88/7/2 1194/131/116
f 16/17/14 1274/72/65 304/81/73
f 381/132/117 100/133/66 12/134/66
f 234/32/28 116/90/82 1210/33/29
f 1225/135/118 1348/136/119 110/137/120
f 110/137/120 353/138/121 1304/139/122
f 96/75/66 339/140/123 8/95/66
f 204/35/31 115/89/81 1185/141/124
f 223/21/18 102/87/79 15/83/75
f 1275/142/125 9/143/66 95/107/66
f 26/34/30 1264/144/126 115/89/81
f 1249/145/127 1254/146/128 93/129/2
f 280/147/129 93/129/2 1259/148/130
f 100/133/66 386/149/131 1340/150/132
f 1335/151/133 1330/152/134 100/133/66
f 5/153/46 1229/154/135 243/52/47
f 1204/155/136 2/156/2 89/43/2
f 113/11/9 334/157/137 22/28/24
f 11/100/91 1310/158/138 98/159/139
f 214/160/140 89/43/2 4/13/2
f 229/161/141 90/51/46 2/156/2
f 94/162/66 328/128/114 9/143/66
f 10/73/66 1280/163/142 94/162/66
f 1240/164/143 13/60/55 101/19/16
f 7/108/66 1325/115/103 303/106/97
f 407/165/144 136/166/145 1492/167/146
f 1320/168/147 12/134/66 99/113/66
f 91/169/148 266/170/149 1229/154/135
f 1234/171/150 1224/172/151 91/169/148
f 1315/173/152 1305/174/153 355/175/154
f 98/159/139 370/176/155 1305/174/153
f 1250/120/108 1345/177/156 285/178/157
f 271/179/158 92/70/2 1244/1/1
f 17/57/52 1324/82/74 376/111/100
f 106/122/109 390/180/159 1345/177/156
f 244/42/38 104/96/87 1215/30/26
f 1259/148/130 6/68/2 271/179/158
f 12/134/66 1340/150/132 375/114/102
f 97/79/71 349/181/160 11/100/91
f 2/156/2 1214/53/48 233/44/39
f 1185/141/124 20/5/5 218/182/161
f 318/183/162 96/75/66 1285/94/86
f 8/95/66 1295/184/163 97/79/71
f 1225/185/118 25/103/94 265/49/44
f 1219/186/164 5/153/46 90/51/46
f 107/36/32 344/187/165 23/38/34
f 110/188/120 371/189/166 25/103/94
f 1194/131/116 3/9/2 219/25/22
f 87/27/2 203/15/12 1184/24/21
f 309/190/167 94/162/66 1265/191/168
f 1265/191/168 9/143/66 323/192/169
f 92/70/2 208/193/170 1/2/2
f 239/194/171 91/169/148 5/153/46
f 343/101/92 98/159/139 1315/173/152
f 314/126/112 99/113/66 7/108/66
f 452/195/172 129/196/173 34/197/174
f 499/198/175 135/199/176 1413/200/177
f 1525/201/178 1469/202/179 135/199/176
f 706/203/180 130/204/181 1465/205/182
f 476/206/183 126/207/184 1402/208/185
f 1377/209/186 1516/210/187 136/166/145
f 137/211/188 667/212/189 1455/213/190
f 1465/205/182 1476/214/191 686/215/192
f 443/216/193 123/217/194 29/218/195
f 421/219/196 134/220/197 1501/221/198
f 1440/222/199 1445/223/200 616/224/201
f 1520/225/202 1450/226/203 134/220/197
f 27/227/204 1370/228/205 123/217/194
f 31/229/206 1374/230/207 563/231/208
f 32/232/209 1374/230/207 126/207/184
f 1388/233/210 1517/234/211 434/235/212
f 1383/236/213 1493/237/214 119/238/215
f 33/239/216 1356/240/217 128/241/218
f 34/197/174 1361/242/219 526/243/220
f 409/244/221 121/245/204 1378/246/222
f 1388/233/210 1497/247/223 133/248/224
f 509/249/225 120/250/226 1373/251/227
f 30/252/228 1355/253/229 545/254/230
f 452/195/172 127/255/231 1407/256/232
f 443/216/193 122/257/233 1382/258/234
f 27/227/204 1350/259/235 528/260/236
f 34/197/174 1351/261/237 127/255/231
f 1397/262/238 1519/263/239 463/264/240
f 422/265/241 118/266/242 1403/267/243
f 35/268/244 1361/242/219 129/196/173
f 35/268/244 1356/240/217 565/269/245
f 477/270/246 118/266/242 1505/271/247
f 475/272/248 137/211/188 1397/262/238
f 28/273/249 1365/274/250 544/275/251
f 29/218/195 1365/274/250 122/257/233
f 423/276/252 124/277/253 1393/278/254
f 486/279/255 127/255/231 33/239/216
f 29/218/195 1370/228/205 508/280/256
f 136/166/145 581/281/257 1435/282/258
f 1413/200/177 1507/283/259 487/284/260
f 451/285/261 1871/286/262 1419/287/263
f 1360/288/264 1369/289/265 527/290/266
f 28/273/249 1350/259/235 121/245/204
f 1417/291/267 1524/292/268 501/293/269
f 1408/294/270 1508/295/271 117/296/272
f 30/252/228 1364/297/273 125/298/274
f 31/229/206 1355/253/229 124/277/253
f 1392/299/275 1520/225/202 134/220/197
f 32/232/209 1364/297/273 510/300/276
f 1373/251/227 1360/288/264 564/301/277
f 33/239/216 1351/261/237 546/302/278
f 135/199/176 705/303/279 1507/283/259
f 1872/304/280 723/305/281 1524/292/268
f 1512/306/282 1475/307/283 1871/286/262
f 1493/237/214 1439/308/284 119/238/215
f 133/248/224 582/309/285 1517/234/211
f 133/248/224 617/310/286 1444/311/287
f 118/266/242 652/312/288 1459/313/289
f 1519/263/239 1455/213/190 633/314/290
f 118/266/242 668/315/291 1505/271/247
f 433/316/292 123/217/194 1387/317/293
f 441/318/294 119/238/215 1498/319/295
f 119/238/215 615/320/296 1498/319/295
f 136/166/145 597/321/297 1492/167/146
f 423/276/252 126/207/184 31/229/206
f 462/322/298 124/277/253 30/252/228
f 634/323/299 132/324/300 1449/325/301
f 1449/325/301 1460/326/302 651/327/303
f 486/279/255 128/241/218 1412/328/304
f 500/329/305 128/241/218 35/268/244
f 1476/214/191 1470/330/306 724/331/307
f 117/296/272 704/332/308 1464/333/309
f 409/244/221 122/257/233 28/273/249
f 433/316/292 121/245/204 27/227/204
f 1445/223/200 1434/334/310 583/335/311
f 598/336/312 131/337/249 1440/222/199
f 462/322/298 125/298/274 1398/338/313
f 476/206/183 125/298/274 32/232/209
f 1460/326/302 1454/339/314 669/340/315
f 134/220/197 650/341/316 1501/221/198
f 500/329/305 129/196/173 1418/342/317
f 450/343/318 117/296/272 1513/344/319
f 1513/344/319 1464/333/309 685/345/320
f 1589/346/321 36/347/322 740/348/323
f 1540/349/324 55/350/325 156/351/326
f 139/352/322 765/353/327 38/354/322
f 754/355/328 164/356/329 1550/357/330
f 39/358/322 1554/359/331 744/360/332
f 739/361/333 156/351/326 51/362/334
f 750/363/335 152/364/336 49/365/337
f 764/366/338 159/367/339 1545/368/340
f 38/354/322 1529/369/341 760/370/342
f 1544/371/343 39/358/322 138/372/322
f 1550/357/330 57/373/344 769/374/345
f 1560/375/346 54/376/347 775/377/348
f 1555/378/349 60/379/350 745/380/351
f 769/374/345 158/381/352 1565/382/353
f 1565/382/353 58/383/354 779/384/355
f 1575/385/356 53/386/357 785/387/358
f 140/388/322 774/389/359 1554/359/331
f 779/384/355 165/390/360 1580/391/361
f 1580/391/361 1692/392/362 791/393/363
f 806/394/364 163/395/365 1575/385/356
f 141/396/322 784/397/366 1559/398/367
f 1590/399/368 51/362/334 154/400/369
f 824/401/370 154/400/369 52/402/371
f 830/403/372 160/404/373 48/405/374
f 36/347/322 1534/406/375 139/352/322
f 1605/407/376 52/402/371 162/408/377
f 835/409/378 162/408/377 56/410/379
f 1600/411/380 1689/412/381 160/404/373
f 41/413/322 1584/414/382 143/415/322
f 156/351/326 877/416/383 1619/417/384
f 45/418/385 1635/419/386 147/420/385
f 59/421/387 1629/422/388 164/356/329
f 886/423/389 148/424/390 1645/425/391
f 154/400/369 857/426/392 1669/427/393
f 50/428/394 1614/429/395 882/430/396
f 50/428/394 1624/431/397 159/367/339
f 153/432/398 866/433/399 1614/429/395
f 166/434/400 877/416/383 55/350/325
f 167/435/401 861/436/402 60/379/350
f 54/376/347 1634/437/403 167/435/401
f 57/373/344 1644/438/404 158/381/352
f 1630/439/405 43/440/406 886/423/389
f 155/441/407 891/442/408 54/376/347
f 53/386/357 1639/443/409 155/441/407
f 58/383/354 1659/444/410 165/390/360
f 1645/425/391 46/445/411 896/446/412
f 163/395/365 901/447/413 53/386/357
f 1696/448/414 1654/449/415 163/395/365
f 165/390/360 907/450/416 1692/392/362
f 856/451/417 146/452/385 42/453/385
f 49/365/337 1664/454/418 866/433/399
f 152/364/336 947/455/419 1664/454/418
f 162/408/377 943/456/420 1684/457/421
f 150/458/385 942/459/422 1670/460/423
f 48/405/374 1679/461/424 947/455/419
f 160/404/373 959/462/425 1679/461/424
f 56/410/379 1684/457/421 952/463/426
f 1535/464/427 49/365/337 153/432/398
f 1595/465/428 56/410/379 157/466/429
f 157/466/429 952/463/426 1674/467/430
f 42/453/385 1615/468/431 867/469/432
f 765/353/327 138/372/322 38/354/322
f 1545/368/340 59/421/387 754/355/328
f 159/367/339 872/470/433 59/421/387
f 146/452/385 881/471/434 1615/468/431
f 144/472/322 829/473/435 41/413/322
f 740/348/323 139/352/322 1539/474/436
f 51/362/334 1619/417/384 857/426/392
f 948/475/437 151/476/385 47/477/385
f 775/377/348 167/435/401 1555/378/349
f 789/478/438 161/479/439 1570/480/440
f 1693/481/441 1649/482/442 161/479/439
f 147/420/385 892/483/443 43/440/406
f 745/380/351 166/434/400 1530/484/444
f 764/366/338 153/432/398 50/428/394
f 1620/485/445 44/486/385 146/452/385
f 60/379/350 1609/487/446 166/434/400
f 1594/488/447 1599/489/448 144/472/322
f 834/490/449 144/472/322 1604/491/450
f 151/476/385 953/492/451 1685/493/452
f 1680/494/453 1675/495/454 151/476/385
f 40/496/455 1574/497/456 784/397/366
f 1549/498/457 37/499/322 140/388/322
f 164/356/329 887/500/458 57/373/344
f 46/445/411 1655/501/459 149/502/460
f 755/503/461 140/388/322 39/358/322
f 770/504/462 141/396/322 37/499/322
f 145/505/385 881/471/434 44/486/385
f 45/418/385 1625/506/463 145/505/385
f 1585/507/464 48/405/374 152/364/336
f 42/453/385 1670/460/423 856/451/417
f 1761/508/465 61/509/466 975/510/467
f 1665/511/468 47/477/385 150/458/385
f 142/512/469 807/513/470 1574/497/456
f 1579/514/471 1569/515/472 142/512/469
f 1660/516/473 1650/517/474 908/518/475
f 149/502/460 924/519/476 1650/517/474
f 1595/465/428 1690/520/477 839/521/478
f 825/522/479 143/415/322 1589/346/321
f 52/402/371 1669/427/393 943/456/420
f 157/466/429 957/523/480 1690/520/477
f 785/387/358 155/441/407 1560/375/346
f 1604/491/450 41/413/322 825/522/479
f 47/477/385 1685/493/452 942/459/422
f 148/424/390 902/524/481 46/445/411
f 37/499/322 1559/398/367 774/389/359
f 1530/484/444 55/350/325 759/525/482
f 871/526/483 147/420/385 1630/439/405
f 43/440/406 1640/527/484 148/424/390
f 1570/480/440 1697/528/485 805/529/486
f 1564/530/487 40/496/455 141/396/322
f 158/381/352 897/531/488 58/383/354
f 161/479/439 923/532/489 1697/528/485
f 1539/474/436 38/354/322 760/370/342
f 138/372/322 744/360/332 1529/369/341
f 862/533/490 145/505/385 1610/534/491
f 1610/534/491 44/486/385 876/535/492
f 143/415/322 749/536/493 36/347/322
f 780/537/494 142/512/469 40/496/455
f 896/446/412 149/502/460 1660/516/473
f 867/469/432 150/458/385 42/453/385
f 1712/538/495 80/539/496 186/540/497
f 169/541/466 1000/542/498 63/543/466
f 989/544/499 194/545/500 1722/546/501
f 64/547/466 1726/548/502 979/549/503
f 974/550/504 186/540/497 76/551/505
f 985/552/506 182/553/507 74/554/508
f 999/555/509 189/556/510 1717/557/511
f 63/543/466 1701/558/512 995/559/513
f 1716/560/514 64/547/466 168/561/466
f 1722/546/501 82/562/515 1004/563/516
f 1732/564/517 79/565/518 1010/566/519
f 1727/567/520 86/568/521 980/569/522
f 1004/563/516 188/570/523 1737/571/524
f 1737/571/524 83/572/525 1014/573/526
f 1747/574/527 78/575/528 1020/576/529
f 170/577/466 1009/578/530 1726/548/502
f 1014/573/526 195/579/531 1752/580/532
f 1752/580/532 1864/581/533 1026/582/534
f 1042/583/535 193/584/536 1747/574/527
f 171/585/537 1019/586/538 1731/587/539
f 1762/588/540 76/551/505 184/589/541
f 1047/590/542 184/589/541 77/591/543
f 1053/592/544 190/593/545 73/594/546
f 61/509/466 1706/595/547 169/541/466
f 1777/596/548 77/591/543 192/597/549
f 1058/598/550 192/597/549 81/599/551
f 1772/600/552 1861/601/553 190/593/545
f 66/602/466 1756/603/554 173/604/466
f 186/540/497 1101/605/555 1791/606/556
f 70/607/557 1807/608/558 177/609/557
f 84/610/559 1801/611/560 194/545/500
f 1110/612/561 178/613/562 1817/614/563
f 184/589/541 1081/615/564 1841/616/565
f 75/617/566 1786/618/567 1106/619/568
f 75/617/566 1796/620/569 189/556/510
f 183/621/570 1090/622/571 1786/618/567
f 196/623/572 1101/605/555 80/539/496
f 197/624/573 1085/625/574 86/568/521
f 79/565/518 1806/626/575 197/624/573
f 82/562/515 1816/627/576 188/570/523
f 1802/628/577 68/629/578 1110/612/561
f 185/630/579 1115/631/580 79/565/518
f 78/575/528 1811/632/581 185/630/579
f 83/572/525 1831/633/582 195/579/531
f 1817/614/563 71/634/583 1120/635/584
f 193/584/536 1125/636/585 78/575/528
f 85/637/586 1826/638/587 193/584/536
f 195/579/531 1131/639/588 1864/581/533
f 1080/640/589 176/641/557 67/642/557
f 74/554/508 1836/643/590 1090/622/571
f 182/553/507 1157/644/591 1836/643/590
f 192/597/549 1153/645/592 1856/646/593
f 180/647/557 1152/648/594 1842/649/595
f 73/594/546 1851/650/596 1157/644/591
f 190/593/545 1169/651/597 1851/650/596
f 81/599/551 1856/646/593 1162/652/598
f 1707/653/599 74/554/508 183/621/570
f 1767/654/600 81/599/551 187/655/601
f 187/655/601 1162/652/598 1846/656/602
f 67/642/557 1787/657/603 1091/658/604
f 1000/542/498 168/561/466 63/543/466
f 1717/557/511 84/610/559 989/544/499
f 189/556/510 1096/659/605 84/610/559
f 176/641/557 1105/660/606 1787/657/603
f 174/661/466 1052/662/607 66/602/466
f 975/510/467 169/541/466 1711/663/608
f 76/551/505 1791/606/556 1081/615/564
f 1158/664/609 181/665/557 72/666/557
f 1010/566/519 197/624/573 1727/567/520
f 1742/667/610 1865/668/611 191/669/612
f 191/669/612 1130/670/613 1821/671/614
f 177/609/557 1116/672/615 68/629/578
f 980/569/522 196/623/572 1702/673/616
f 999/555/509 183/621/570 75/617/566
f 1792/674/617 69/675/557 176/641/557
f 86/568/521 1781/676/618 196/623/572
f 1766/677/619 1771/678/620 174/661/466
f 1057/679/621 174/661/466 1776/680/622
f 181/665/557 1163/681/623 1857/682/624
f 1852/683/625 1847/684/626 181/665/557
f 65/685/627 1746/686/628 1019/586/538
f 1721/687/629 62/688/630 170/577/466
f 194/545/500 1111/689/631 82/562/515
f 71/634/583 1827/690/632 179/691/633
f 990/692/634 170/577/466 64/547/466
f 1005/693/635 171/585/537 62/688/630
f 175/694/557 1105/660/606 69/675/557
f 70/607/557 1797/695/636 175/694/557
f 1757/696/637 73/594/546 182/553/507
f 67/642/557 1842/649/595 1080/640/589
f 1837/697/638 72/666/557 180/647/557
f 172/698/639 1043/699/640 1746/686/628
f 1751/700/641 1741/701/642 172/698/639
f 1832/702/643 1822/703/644 1132/704/645
f 179/691/633 1147/705/646 1822/703/644
f 1767/654/600 1862/706/647 1062/707/648
f 1048/708/649 173/604/466 1761/508/465
f 77/591/543 1841/616/565 1153/645/592
f 187/655/601 1167/709/650 1862/706/647
f 1020/576/529 185/630/579 1732/564/517
f 1776/680/622 66/602/466 1048/708/649
f 72/666/557 1857/682/624 1152/648/594
f 178/613/562 1126/710/651 71/634/583
f 62/688/630 1731/587/539 1009/578/530
f 1702/673/616 80/539/496 994/711/652
f 1095/712/653 177/609/557 1802/628/577
f 68/629/578 1812/713/654 178/613/562
f 1742/667/610 85/637/586 1042/583/535
f 1736/714/655 65/685/627 171/585/537
f 188/570/523 1121/715/656 83/572/525
f 191/669/612 1148/716/657 85/637/586
f 1711/663/608 63/543/466 995/559/513
f 168/561/466 979/549/503 1701/558/512
f 1086/717/658 175/694/557 1782/718/659
f 1782/718/659 69/675/557 1100/719/660
f 173/604/466 984/720/661 61/509/466
f 1015/721/662 172/698/639 65/685/627
f 1120/635/584 179/691/633 1832/702/643
f 1091/658/604 180/647/557 67/642/557
f 248/722/663 253/723/664 261/724/665
f 251/725/666 254/726/667 253/723/664
f 261/724/665 253/723/664 264/727/668
f 253/723/664 255/728/669 264/727/668
f 256/729/670 258/730/671 249/731/672
f 257/732/673 259/733/674 256/729/670
f 259/733/674 252/734/675 258/730/671
f 260/735/676 254/726/667 259/733/674
f 250/48/43 263/736/677 262/737/678
f 261/738/679 264/727/680 263/739/677
f 262/740/678 260/735/681 257/732/682
f 263/739/677 255/728/683 260/735/681
f 285/178/157 290/741/684 289/742/685
f 288/743/686 291/744/687 290/741/684
f 289/742/685 302/745/688 299/746/689
f 290/741/684 292/747/690 302/745/688
f 286/748/691 296/749/692 295/750/693
f 293/751/694 297/752/695 296/753/692
f 295/754/693 296/753/692 291/744/696
f 296/753/692 292/747/697 291/744/696
f 298/755/698 300/756/699 287/757/700
f 299/746/689 301/758/701 298/755/698
f 301/758/701 294/759/702 300/756/699
f 302/745/688 297/752/703 301/758/701
f 353/760/121 358/761/704 357/762/705
f 356/763/706 359/764/707 358/761/704
f 357/762/705 369/765/708 366/766/709
f 358/761/704 360/767/710 369/765/708
f 354/105/96 363/768/711 356/769/712
f 361/770/713 364/771/714 363/768/711
f 356/769/712 363/768/711 359/764/715
f 363/768/711 360/767/716 359/764/715
f 365/772/717 367/773/718 355/175/154
f 366/766/709 368/774/719 365/772/717
f 368/774/719 362/775/720 367/773/718
f 369/765/721 364/771/714 368/774/719
f 390/180/159 395/776/722 403/777/723
f 393/778/724 396/779/725 395/780/722
f 403/781/723 395/780/722 406/782/726
f 395/780/722 397/783/727 406/782/728
f 398/784/729 400/785/730 391/786/731
f 399/787/732 401/788/733 398/784/729
f 401/788/733 394/789/734 400/785/730
f 402/790/735 396/779/736 401/788/733
f 392/117/105 405/791/737 404/792/738
f 403/793/739 406/782/740 405/791/737
f 404/792/738 402/790/735 399/787/732
f 405/791/737 397/783/741 402/790/735
f 410/794/742 412/795/743 407/165/144
f 410/794/742 411/796/744 413/797/745
f 412/795/743 413/797/745 420/798/746
f 414/799/747 416/800/748 408/801/749
f 415/802/750 417/803/751 414/799/752
f 417/803/751 411/796/744 416/800/748
f 417/803/751 420/804/746 413/805/745
f 418/806/753 420/807/746 419/808/754
f 419/808/754 415/802/750 418/809/753
f 421/219/196 424/810/755 425/811/756
f 424/810/757 428/812/758 425/813/759
f 425/813/760 1876/814/760 427/815/760
f 425/816/759 426/817/761 1876/818/762
f 422/265/241 429/819/763 428/820/764
f 429/821/765 427/822/765 1876/818/766
f 428/820/758 429/819/767 425/816/759
f 432/823/768 435/824/769 436/825/770
f 435/826/771 1870/827/772 1879/828/773
f 434/235/212 439/829/774 440/830/775
f 439/829/776 435/831/777 440/832/778
f 1879/828/779 438/833/780 440/832/781
f 441/318/782 444/834/783 445/835/784
f 445/836/784 446/837/785 1877/838/786
f 442/839/787 447/840/787 444/841/787
f 447/842/788 1877/843/789 446/837/790
f 444/841/783 447/840/791 445/844/784
f 450/343/792 453/845/793 454/846/794
f 454/847/795 455/848/796 459/849/796
f 451/285/797 456/850/798 453/851/797
f 456/852/799 457/853/799 459/854/799
f 453/851/793 456/850/800 454/847/794
f 456/850/800 455/848/801 454/847/794
f 458/855/802 460/856/803 452/195/804
f 464/857/805 465/858/806 461/859/807
f 464/857/805 467/860/808 466/861/809
f 465/858/806 466/862/809 472/863/810
f 468/864/811 470/865/812 469/866/813
f 469/867/813 470/865/812 467/868/808
f 471/869/814 473/870/815 463/264/240
f 472/863/810 474/871/816 471/869/814
f 474/871/816 468/864/811 473/870/817
f 474/871/816 466/862/809 467/872/808
f 475/272/248 478/873/818 479/874/819
f 478/875/820 1878/876/821 480/877/822
f 477/270/246 483/878/823 484/879/824
f 483/878/825 478/880/820 484/881/826
f 484/881/827 1878/876/827 482/882/827
f 484/881/826 480/883/822 1878/876/821
f 488/884/828 489/885/829 485/886/830
f 488/884/828 491/887/831 490/888/832
f 489/885/829 490/889/832 496/890/833
f 493/891/834 494/892/835 492/893/836
f 492/894/837 494/892/838 491/895/838
f 495/896/839 497/897/840 487/284/260
f 496/890/833 498/898/841 495/896/839
f 498/898/841 493/891/834 497/897/840
f 498/898/841 490/889/832 491/899/831
f 499/198/175 503/900/842 502/901/843
f 503/902/844 1868/903/844 1869/904/844
f 502/901/843 503/905/842 507/906/845
f 501/293/269 506/907/846 503/908/847
f 506/907/848 507/906/848 503/909/848
f 1869/910/849 504/911/850 503/909/851
f 511/912/852 513/913/853 508/280/256
f 512/914/854 514/915/855 511/912/852
f 514/915/855 522/916/856 513/913/853
f 514/915/855 515/917/857 525/918/858
f 509/919/225 519/920/859 518/921/860
f 516/922/861 520/923/862 519/920/859
f 518/921/860 515/917/863 512/914/854
f 519/920/864 525/924/865 515/917/866
f 521/925/867 523/926/868 510/300/276
f 522/916/856 524/927/869 521/925/867
f 524/927/869 517/928/870 523/926/868
f 524/927/869 525/924/871 520/923/872
f 526/243/220 532/929/873 531/930/874
f 530/931/875 532/932/873 529/933/876
f 532/929/873 540/934/877 531/930/874
f 532/929/873 533/935/878 543/936/879
f 527/290/266 537/937/880 536/938/881
f 534/939/882 538/940/883 537/941/880
f 536/938/881 533/942/884 530/931/885
f 537/937/886 543/943/887 533/942/888
f 539/944/889 541/945/890 528/260/236
f 540/934/877 542/946/891 539/944/889
f 542/946/891 535/947/892 541/945/890
f 542/946/891 543/948/893 538/940/894
f 547/949/895 549/950/896 544/275/251
f 548/951/897 550/952/898 547/949/895
f 550/952/898 559/953/899 549/950/896
f 550/952/898 552/954/900 562/955/901
f 553/956/902 555/957/903 545/254/230
f 554/958/904 556/959/905 553/956/902
f 556/959/905 548/951/897 555/957/903
f 556/959/905 552/954/900 551/960/906
f 546/302/278 561/961/907 560/962/908
f 558/963/909 562/955/901 561/961/907
f 560/962/908 557/964/910 554/958/904
f 561/961/907 552/954/900 557/964/910
f 566/965/911 568/966/912 563/231/208
f 567/967/913 569/968/914 566/965/911
f 569/968/914 577/969/915 568/966/912
f 569/968/914 570/970/916 580/971/917
f 564/301/277 574/972/918 573/973/919
f 571/974/920 575/975/921 574/972/918
f 573/976/919 570/970/922 567/967/923
f 574/972/924 580/977/925 570/978/926
f 565/269/245 579/979/927 578/980/928
f 576/981/929 580/971/930 579/979/927
f 579/979/927 572/982/931 578/980/928
f 579/979/927 580/983/930 575/984/932
f 581/281/257 587/985/933 586/986/934
f 584/987/935 585/988/936 587/985/933
f 586/986/934 596/989/937 593/990/938
f 587/991/939 588/992/940 596/989/941
f 582/309/285 587/993/942 591/994/943
f 589/995/944 596/996/945 587/993/942
f 591/994/943 587/991/942 585/988/946
f 592/997/947 594/998/948 583/999/311
f 593/990/938 595/1000/949 592/997/947
f 595/1000/950 590/1001/951 594/998/948
f 600/1002/952 602/1003/953 597/321/297
f 601/1004/954 603/1005/955 600/1002/952
f 603/1005/955 611/1006/956 602/1003/953
f 603/1005/955 604/1007/957 614/1008/958
f 605/1009/959 607/1010/960 598/1011/312
f 606/1012/961 608/1013/962 605/1009/959
f 608/1013/962 601/1004/954 607/1010/960
f 608/1013/962 609/1014/963 604/1015/957
f 610/1016/964 612/1017/965 599/1018/966
f 611/1006/956 613/1019/967 610/1016/964
f 613/1019/967 606/1012/961 612/1017/965
f 614/1008/958 609/1014/963 613/1019/967
f 615/320/296 621/1020/968 620/1021/969
f 618/1022/970 622/1023/971 621/1020/968
f 620/1021/972 621/1024/972 629/1025/972
f 621/1020/968 622/1023/971 623/1026/973
f 624/1027/974 626/1028/975 616/1029/201
f 625/1030/976 627/1031/977 624/1027/974
f 627/1031/978 619/1032/979 626/1028/975
f 617/310/286 631/1033/980 630/1034/981
f 629/1025/982 631/1033/983 628/1035/984
f 630/1034/981 622/1036/985 625/1030/976
f 631/1033/983 623/1026/986 622/1036/985
f 635/1037/987 637/1038/988 632/1039/989
f 636/1040/990 638/1041/991 635/1037/987
f 638/1041/991 646/1042/992 637/1038/988
f 638/1041/991 639/1043/993 649/1044/994
f 640/1045/995 642/1046/996 633/314/290
f 641/1047/997 643/1048/998 640/1045/995
f 643/1048/998 636/1040/990 642/1046/996
f 643/1048/998 644/1049/999 639/1050/993
f 645/1051/1000 647/1052/1001 634/1053/299
f 646/1042/992 648/1054/1002 645/1051/1000
f 648/1054/1002 641/1047/997 647/1052/1001
f 649/1044/994 644/1049/999 648/1054/1002
f 650/341/316 656/1055/1003 655/1056/1004
f 653/1057/1005 662/1058/1006 656/1055/1007
f 655/1056/1008 656/1059/1009 664/1060/1009
f 656/1055/1010 662/1058/1011 657/1061/1012
f 658/1062/1013 660/1063/1014 651/1064/303
f 659/1065/1015 661/1066/1016 658/1062/1013
f 661/1066/1017 654/1067/1018 660/1063/1014
f 652/312/288 666/1068/1019 665/1069/1020
f 664/1060/1021 666/1068/1022 663/1070/1023
f 665/1069/1020 662/1071/1024 659/1065/1015
f 666/1068/1022 657/1061/1025 662/1071/1026
f 667/212/189 672/1072/1027 671/1073/1028
f 670/1074/1029 673/1075/1030 672/1072/1027
f 671/1073/1028 684/1076/1031 681/1077/1032
f 672/1072/1027 674/1078/1033 684/1076/1031
f 668/315/291 678/1079/1034 677/1080/1035
f 675/1081/1036 679/1082/1037 678/1079/1034
f 677/1080/1038 673/1075/1039 670/1074/1040
f 678/1079/1034 674/1078/1033 673/1075/1039
f 680/1083/1041 682/1084/1042 669/1085/315
f 681/1077/1032 683/1086/1043 680/1083/1041
f 683/1086/1043 676/1087/1044 682/1084/1042
f 684/1076/1031 679/1082/1037 683/1086/1043
f 685/345/320 691/1088/1045 690/1089/1046
f 688/1090/1047 692/1091/1048 691/1088/1045
f 690/1089/1046 703/1092/1049 700/1093/1050
f 691/1088/1045 693/1094/1051 703/1092/1049
f 694/1095/1052 696/1096/1053 686/1097/192
f 695/1098/1054 697/1099/1055 694/1095/1052
f 697/1099/1055 689/1100/1056 696/1096/1053
f 698/1101/1057 692/1091/1058 697/1099/1055
f 687/1102/1059 702/1103/1060 701/1104/1061
f 700/1093/1062 702/1103/1060 699/1105/1063
f 701/1104/1061 698/1101/1057 695/1098/1054
f 702/1103/1060 693/1094/1064 698/1101/1057
f 707/1106/1065 709/1107/1066 704/332/308
f 708/1108/1067 710/1109/1068 707/1106/1065
f 710/1109/1068 718/1110/1069 709/1107/1066
f 710/1109/1068 711/1111/1070 721/1112/1071
f 712/1113/1072 714/1114/1073 705/303/279
f 713/1115/1074 715/1116/1075 712/1113/1072
f 715/1116/1075 708/1108/1067 714/1114/1073
f 716/1117/1076 711/1111/1070 715/1116/1075
f 717/1118/1077 719/1119/1078 706/1120/180
f 718/1110/1069 720/1121/1079 717/1118/1077
f 720/1121/1079 713/1115/1074 719/1119/1078
f 720/1121/1079 721/1122/1071 716/1117/1076
f 722/1123/1080 728/1124/1081 727/1125/1082
f 726/1126/1083 728/1124/1081 725/1127/1084
f 727/1125/1082 738/1128/1085 735/1129/1086
f 728/1124/1081 730/1130/1087 738/1128/1085
f 723/305/1088 730/1131/1089 733/1132/1090
f 733/1132/1090 729/1133/1091 726/1126/1092
f 734/1134/1093 736/1135/1094 724/1136/307
f 735/1129/1086 737/1137/1095 734/1134/1093
f 737/1137/1095 732/1138/1096 736/1135/1094
f 738/1128/1097 731/1139/1098 737/1137/1095
f 789/478/438 795/1140/1099 794/1141/1100
f 792/1142/1101 796/1143/1102 795/1140/1099
f 794/1141/1103 791/1144/1104 802/1145/1105
f 795/1140/1099 797/1146/1106 791/1144/1104
f 798/1147/1107 800/1148/1108 790/1149/1109
f 799/1150/1110 801/1151/1111 798/1147/1107
f 801/1151/1111 793/1152/1112 800/1148/1108
f 803/1153/1113 796/1143/1114 801/1151/1111
f 791/393/363 804/1154/1115 803/1155/1116
f 802/1156/1117 791/1157/1117 804/1154/1117
f 804/1158/1118 797/1146/1106 803/1153/1113
f 808/1159/1119 810/1160/1120 805/529/486
f 809/1161/1121 811/1162/1122 808/1159/1119
f 811/1162/1122 820/1163/1123 810/1160/1120
f 812/1164/1124 823/1165/1125 811/1162/1122
f 806/1166/364 817/1167/1126 816/1168/1127
f 814/1169/1128 818/1170/1129 817/1167/1126
f 816/1168/1127 812/1164/1124 809/1161/1121
f 817/1167/1126 813/1171/1130 812/1164/1124
f 807/513/470 822/1172/1131 821/1173/1132
f 819/1174/1133 823/1165/1125 822/1172/1131
f 821/1173/1132 818/1170/1129 815/1175/1134
f 822/1172/1131 813/1171/1130 818/1170/1129
f 839/1176/478 844/1177/1135 843/1178/1136
f 842/1179/1137 845/1180/1138 844/1177/1135
f 843/1178/1136 855/1181/1139 852/1182/1140
f 844/1177/1135 846/1183/1141 855/1181/1139
f 840/1184/1142 849/1185/1143 842/1186/1144
f 847/1187/1145 850/1188/1146 849/1185/1143
f 842/1186/1144 849/1185/1143 845/1189/1147
f 849/1185/1143 846/1190/1148 845/1189/1149
f 851/1191/1150 853/1192/1151 841/1193/1152
f 852/1182/1140 854/1194/1153 851/1191/1150
f 854/1194/1153 848/1195/1154 853/1192/1151
f 855/1181/1139 850/1196/1155 854/1194/1153
f 906/1197/1156 910/1198/1157 909/1199/1158
f 915/1200/1159 911/1201/1160 910/1198/1157
f 909/1199/1158 922/1202/1161 919/1203/1162
f 910/1198/1163 912/1204/1164 922/1202/1165
f 907/450/416 916/1205/1166 915/1206/1167
f 913/1207/1168 917/1208/1169 916/1209/1166
f 915/1210/1167 916/1209/1166 911/1201/1170
f 916/1209/1166 912/1204/1171 911/1201/1170
f 918/1211/1172 920/1212/1173 908/1213/475
f 919/1203/1174 921/1214/1175 918/1211/1172
f 921/1214/1175 914/1215/1176 920/1212/1173
f 922/1202/1177 917/1208/1169 921/1214/1175
f 923/532/489 929/1216/1178 928/1217/1179
f 926/1218/1180 930/1219/1181 929/1216/1178
f 928/1217/1179 941/1220/1182 938/1221/1183
f 929/1216/1178 931/1222/1184 941/1220/1182
f 924/1223/476 935/1224/1185 934/1225/1186
f 932/1226/1187 936/1227/1188 935/1228/1185
f 934/1225/1186 930/1219/1181 927/1229/1189
f 935/1224/1185 931/1222/1184 930/1219/1181
f 937/1230/1190 939/1231/1191 925/1232/1192
f 938/1221/1183 940/1233/1193 937/1234/1190
f 940/1235/1193 933/1236/1194 939/1231/1191
f 941/1220/1182 936/1237/1188 940/1233/1193
f 957/523/480 962/1238/1195 970/1239/1196
f 960/1240/1197 963/1241/1198 962/1238/1195
f 970/1239/1196 962/1238/1195 973/1242/1199
f 962/1238/1195 964/1243/1200 973/1242/1201
f 965/1244/1202 967/1245/1203 958/1246/1204
f 966/1247/1205 968/1248/1206 965/1244/1202
f 968/1248/1206 961/1249/1207 967/1245/1203
f 969/1250/1208 963/1241/1209 968/1248/1206
f 959/462/425 972/1251/1210 971/1252/1211
f 970/1253/1212 973/1242/1213 972/1251/1210
f 971/1252/1211 969/1250/1208 966/1247/1205
f 972/1251/1210 964/1243/1214 969/1250/1208
f 1024/1254/1215 1030/1255/1216 1029/1256/1217
f 1027/1257/1218 1031/1258/1219 1030/1255/1216
f 1029/1256/1217 1030/1255/1216 1041/1259/1220
f 1030/1255/1216 1032/1260/1221 1041/1259/1220
f 1033/1261/1222 1035/1262/1223 1025/1263/1224
f 1034/1264/1225 1036/1265/1226 1033/1261/1222
f 1036/1265/1226 1028/1266/1227 1035/1262/1223
f 1037/1267/1228 1031/1258/1219 1036/1265/1226
f 1026/1268/534 1040/1269/1229 1039/1270/1230
f 1038/1271/1231 1041/1259/1232 1040/1269/1229
f 1039/1270/1230 1037/1267/1233 1034/1264/1234
f 1040/1269/1229 1032/1260/1235 1037/1267/1233
f 1062/1272/648 1067/1273/1236 1066/1274/1237
f 1065/1275/1238 1068/1276/1239 1067/1273/1236
f 1066/1274/1237 1079/1277/1240 1076/1278/1241
f 1067/1273/1236 1069/1279/1242 1079/1277/1240
f 1063/1280/1243 1073/1281/1244 1072/1282/1245
f 1070/1283/1246 1074/1284/1247 1073/1285/1244
f 1072/1286/1248 1068/1276/1249 1065/1275/1250
f 1073/1285/1244 1069/1279/1251 1068/1276/1249
f 1075/1287/1252 1077/1288/1253 1064/1289/1254
f 1076/1278/1241 1078/1290/1255 1075/1287/1252
f 1078/1290/1255 1071/1291/1256 1077/1288/1253
f 1079/1277/1240 1074/1284/1257 1078/1290/1255
f 1130/670/613 1135/1292/1258 1134/1293/1259
f 1133/1294/1260 1136/1295/1261 1135/1292/1258
f 1134/1293/1259 1146/1296/1262 1143/1297/1263
f 1135/1292/1258 1137/1298/1264 1146/1296/1262
f 1131/639/588 1140/1299/1265 1133/1300/1266
f 1138/1301/1267 1141/1302/1268 1140/1299/1265
f 1133/1300/1266 1140/1299/1265 1136/1295/1269
f 1140/1299/1265 1137/1298/1270 1136/1295/1271
f 1142/1303/1272 1144/1304/1273 1132/704/645
f 1143/1297/1263 1145/1305/1274 1142/1303/1272
f 1145/1305/1274 1139/1306/1275 1144/1304/1273
f 1146/1296/1276 1141/1302/1268 1145/1305/1274
f 1167/709/650 1172/1307/1277 1180/1308/1278
f 1170/1309/1279 1173/1310/1280 1172/1307/1277
f 1180/1308/1278 1172/1307/1277 1183/1311/1281
f 1172/1307/1277 1174/1312/1282 1183/1311/1283
f 1175/1313/1284 1177/1314/1285 1168/1315/1286
f 1176/1316/1287 1178/1317/1288 1175/1313/1284
f 1178/1317/1288 1171/1318/1289 1177/1314/1285
f 1179/1319/1290 1173/1310/1291 1178/1317/1288
f 1169/651/597 1182/1320/1292 1181/1321/1293
f 1180/1322/1294 1183/1311/1295 1182/1320/1292
f 1181/1321/1293 1179/1319/1290 1176/1316/1287
f 1182/1320/1292 1174/1312/1296 1179/1319/1290
f 1420/1323/1297 1422/1324/1298 1417/291/267
f 1421/1325/1299 1423/1326/1300 1420/1323/1297
f 1422/1324/1298 1433/1327/1301 1430/1328/1302
f 1424/1329/1303 1433/1327/1301 1423/1326/1300
f 1418/342/317 1425/1330/1304 1427/1331/1305
f 1425/1332/1304 1426/1333/1306 1428/1334/1307
f 1427/1331/1305 1424/1329/1308 1421/1325/1299
f 1425/1330/1304 1428/1335/1307 1424/1329/1308
f 1429/1336/1309 1431/1337/1310 1419/287/263
f 1430/1328/1302 1432/1338/1311 1429/1336/1309
f 1432/1338/1311 1426/1333/1306 1431/1337/1310
f 1432/1338/1311 1433/1327/1301 1428/1334/1312
f 1477/1339/1313 1479/1340/1314 1474/1341/1315
f 1478/1342/1316 1480/1343/1317 1477/1339/1313
f 1480/1343/1317 1488/1344/1318 1479/1340/1314
f 1480/1343/1317 1481/1345/1319 1491/1346/1320
f 1482/1347/1321 1484/1348/1322 1475/307/283
f 1483/1349/1323 1485/1350/1324 1482/1347/1321
f 1484/1348/1322 1481/1351/1319 1478/1342/1316
f 1485/1350/1324 1486/1352/1325 1481/1351/1319
f 1487/1353/1326 1489/1354/1327 1476/1355/191
f 1487/1353/1326 1491/1346/1328 1490/1356/1329
f 1489/1354/1327 1486/1352/1325 1483/1349/1323
f 1491/1346/1320 1486/1352/1325 1490/1356/1329
f 219/25/22 1186/1357/1330 222/1358/1331
f 222/1358/1331 1187/1359/1332 221/1360/1333
f 221/1360/1334 1188/1361/1335 220/1362/1336
f 1188/1363/1335 218/182/161 220/1364/1336
f 1184/24/21 205/1365/1337 1186/1357/1330
f 1186/1357/1330 206/1366/1338 1187/1359/1332
f 1187/1359/1339 207/1367/1340 1188/1361/1335
f 207/1368/1340 1185/141/124 1188/1363/1335
f 1189/61/56 227/1369/1341 224/8/7
f 1191/1370/1342 226/1371/1343 227/1369/1341
f 1192/1372/1344 225/1373/1345 226/1371/1346
f 225/1374/1345 1190/119/107 223/21/18
f 208/193/170 1191/1370/1342 1189/61/56
f 210/1375/1347 1192/1372/1348 1191/1370/1342
f 211/1376/1349 1193/1377/1350 1192/1372/1344
f 1193/1378/1350 209/18/15 1190/119/107
f 1194/131/116 202/1379/1351 199/3/3
f 1196/1380/1352 201/1381/1353 202/1379/1351
f 1197/1382/1354 200/1383/1355 201/1381/1356
f 200/1384/1355 1195/4/4 198/16/13
f 219/25/22 1196/1380/1352 1194/131/116
f 222/1358/1331 1197/1382/1357 1196/1380/1352
f 221/1360/1334 1198/1385/1358 1197/1382/1354
f 1198/1386/1358 218/182/161 1195/4/4
f 214/160/140 1201/1387/1359 217/1388/1360
f 217/1388/1360 1202/1389/1361 216/1390/1362
f 216/1390/1363 1203/1391/1364 215/1392/1365
f 1203/1393/1364 213/10/8 215/1394/1365
f 1199/26/23 227/1369/1341 1201/1387/1359
f 1201/1387/1359 226/1371/1343 1202/1389/1361
f 1202/1389/1366 225/1373/1345 1203/1391/1364
f 225/1374/1345 1200/23/20 1203/1393/1364
f 229/161/141 1206/1395/1367 232/1396/1368
f 232/1396/1368 1207/1397/1369 231/1398/1370
f 231/1398/1371 1208/1399/1372 230/1400/1373
f 1208/1401/1372 228/29/25 230/1402/1373
f 1204/155/136 217/1388/1360 1206/1395/1367
f 1206/1395/1367 216/1390/1362 1207/1397/1369
f 1207/1397/1374 215/1392/1365 1208/1399/1372
f 215/1394/1365 1205/12/10 1208/1401/1372
f 203/15/12 1211/1403/1375 205/1365/1337
f 205/1365/1337 1212/1404/1376 206/1366/1338
f 206/1366/1377 1213/1405/1378 207/1367/1340
f 1213/1406/1378 204/35/31 207/1368/1340
f 1209/14/11 235/1407/1379 1211/1403/1375
f 1211/1403/1375 236/1408/1380 1212/1404/1376
f 1212/1404/1381 237/1409/1382 1213/1405/1378
f 237/1410/1382 1210/33/29 1213/1406/1378
f 233/44/39 1216/1411/1383 235/1407/1379
f 235/1407/1379 1217/1412/1384 236/1408/1380
f 236/1408/1385 1218/1413/1386 237/1409/1382
f 1218/1414/1386 234/32/28 237/1410/1382
f 1214/53/48 245/1415/1387 1216/1411/1383
f 1216/1411/1383 246/1416/1388 1217/1412/1384
f 1217/1412/1389 247/1417/1390 1218/1413/1386
f 247/1418/1390 1215/30/26 1218/1414/1386
f 239/194/171 1221/1419/1391 242/1420/1392
f 242/1420/1392 1222/1421/1393 241/1422/1394
f 241/1422/1395 1223/1423/1396 240/1424/1397
f 1223/1425/1396 238/39/35 240/1426/1397
f 1219/186/164 232/1396/1368 1221/1419/1391
f 1221/1419/1391 231/1398/1370 1222/1421/1393
f 1222/1421/1398 230/1400/1373 1223/1423/1396
f 230/1402/1373 1220/37/33 1223/1425/1396
f 1224/172/151 269/1427/1399 266/170/149
f 1226/1428/1400 268/1429/1401 269/1427/1399
f 1227/1430/1402 267/1431/1403 268/1429/1401
f 1228/1432/1404 265/49/44 267/1433/1403
f 249/731/672 1226/1428/1400 1224/172/151
f 258/730/671 1227/1430/1402 1226/1428/1400
f 252/734/675 1228/1434/1404 1227/1430/1402
f 251/725/666 1225/135/118 1228/1434/1404
f 243/52/47 1231/1435/1405 245/1415/1387
f 245/1415/1387 1232/1436/1406 246/1416/1388
f 246/1416/1407 1233/1437/1408 247/1417/1390
f 247/1418/1390 1230/40/36 244/42/38
f 1229/154/135 269/1427/1399 1231/1435/1405
f 1231/1435/1409 268/1429/1401 1232/1436/1406
f 1232/1436/1410 267/1431/1403 1233/1437/1408
f 267/1433/1403 1230/40/36 1233/1438/1408
f 249/731/672 1236/1439/1411 256/729/670
f 256/729/670 1237/1440/1412 257/732/673
f 257/732/682 1238/1441/1413 262/740/678
f 262/737/678 1235/46/41 250/48/43
f 1234/171/150 242/1420/1392 1236/1439/1411
f 1236/1439/1411 241/1422/1394 1237/1440/1412
f 1237/1440/1414 240/1424/1397 1238/1441/1413
f 1238/1442/1413 238/39/35 1235/46/41
f 1239/69/63 210/1375/1347 208/193/170
f 1241/1443/1415 211/1376/1416 210/1375/1347
f 1242/1444/1417 212/1445/1418 211/1376/1349
f 212/1446/1418 1240/164/143 209/18/15
f 275/130/115 1241/1443/1415 1239/69/63
f 277/1447/1419 1242/1444/1420 1241/1443/1415
f 278/1448/1421 1243/1449/1422 1242/1444/1417
f 1243/1450/1422 276/58/53 1240/164/143
f 1244/1/1 274/1451/1423 271/179/158
f 1246/1452/1424 273/1453/1425 274/1451/1423
f 1247/1454/1426 272/1455/1427 273/1453/1428
f 272/1455/1427 1245/1456/49 270/1457/51
f 199/3/3 1246/1452/1424 1244/1/1
f 202/1379/1351 1247/1454/1429 1246/1452/1424
f 201/1381/1356 1248/1458/1430 1247/1454/1426
f 1248/1458/1430 198/1459/13 1245/1456/49
f 287/757/700 1251/1460/1431 298/755/698
f 298/755/698 1252/1461/1432 299/746/689
f 299/746/689 1253/1462/1433 289/742/685
f 289/742/685 1250/120/108 285/178/157
f 1249/145/127 282/1463/1434 1251/1460/1431
f 1251/1460/1431 283/1464/1435 1252/1461/1432
f 1252/1461/1432 284/1465/1436 1253/1462/1433
f 1253/1462/1433 281/1466/59 1250/120/108
f 1254/146/128 277/1447/1419 275/130/115
f 1256/1467/1437 278/1448/1438 277/1447/1419
f 1257/1468/1439 279/1469/1440 278/1448/1421
f 1258/1470/1441 276/58/53 279/1471/1440
f 287/757/700 1256/1467/1437 1254/146/128
f 300/756/699 1257/1468/1442 1256/1467/1437
f 294/759/1443 1258/1472/1441 1257/1468/1439
f 293/1473/694 1255/66/61 1258/1470/1441
f 1259/148/130 282/1463/1434 280/147/129
f 1261/1474/1444 283/1464/1435 282/1463/1434
f 1262/1475/1445 284/1465/1436 283/1464/1435
f 284/1465/1436 1260/1476/57 281/1466/59
f 271/179/158 1261/1474/1444 1259/148/130
f 274/1451/1423 1262/1475/1446 1261/1474/1444
f 273/1453/1428 1263/1477/1447 1262/1475/1445
f 272/1455/1427 1260/1476/57 1263/1477/1447
f 1264/144/126 327/1478/1448 324/71/64
f 1266/1479/1449 326/1480/1450 327/1478/1448
f 1267/1481/1451 325/1482/1452 326/1480/1450
f 1268/1483/1453 323/192/169 325/1482/1452
f 308/91/83 1266/1479/1449 1264/144/126
f 310/1484/1454 1267/1481/1451 1266/1479/1449
f 311/1485/1455 1268/1483/1453 1267/1481/1451
f 312/1486/1456 1265/191/168 1268/1483/1453
f 329/85/77 1271/1487/1457 332/1488/1458
f 332/1488/1458 1272/1489/1459 331/1490/1460
f 331/1490/1460 1273/1491/1461 330/1492/1462
f 330/1492/1462 1270/125/111 328/128/114
f 1269/84/76 315/1493/1463 1271/1487/1457
f 1271/1487/1457 316/1494/1464 1272/1489/1459
f 1272/1489/1459 317/1495/1465 1273/1491/1461
f 1273/1491/1461 314/126/112 1270/125/111
f 304/81/73 1276/1496/1466 307/1497/1467
f 307/1497/1467 1277/1498/1468 306/1499/1469
f 306/1499/1469 1278/1500/1470 305/1501/1471
f 305/1501/1471 1275/142/125 303/106/97
f 1274/72/65 327/1478/1448 1276/1496/1466
f 1276/1496/1466 326/1480/1450 1277/1498/1468
f 1277/1498/1468 325/1482/1452 1278/1500/1470
f 1278/1500/1470 323/192/169 1275/142/125
f 1279/86/78 322/1502/1472 319/127/113
f 1281/1503/1473 321/1504/1474 322/1502/1472
f 1282/1505/1475 320/1506/1476 321/1504/1474
f 1283/1507/1477 318/183/162 320/1506/1476
f 329/85/77 1281/1503/1473 1279/86/78
f 332/1488/1458 1282/1505/1475 1281/1503/1473
f 331/1490/1460 1283/1507/1477 1282/1505/1475
f 330/1492/1462 1280/163/142 1283/1507/1477
f 1284/77/69 337/1508/1478 334/157/137
f 1286/1509/1479 336/1510/1480 337/1508/1478
f 1287/1511/1481 335/1512/1482 336/1510/1480
f 1288/1513/1483 333/78/70 335/1512/1482
f 319/127/113 1286/1509/1479 1284/77/69
f 322/1502/1472 1287/1511/1481 1286/1509/1479
f 321/1504/1474 1288/1513/1483 1287/1511/1481
f 320/1506/1476 1285/94/86 1288/1513/1483
f 1289/92/84 310/1484/1454 308/91/83
f 1291/1514/1484 311/1485/1455 310/1484/1454
f 1292/1515/1485 312/1486/1456 311/1485/1455
f 1293/1516/1486 309/190/167 312/1486/1456
f 338/97/88 1291/1514/1484 1289/92/84
f 340/1517/1487 1292/1515/1485 1291/1514/1484
f 341/1518/1488 1293/1516/1486 1292/1515/1485
f 342/1519/1489 1290/74/67 1293/1516/1486
f 1294/98/89 340/1517/1487 338/97/88
f 1296/1520/1490 341/1518/1488 340/1517/1487
f 1297/1521/1491 342/1519/1489 341/1518/1488
f 1298/1522/1492 339/140/123 342/1519/1489
f 348/102/93 1296/1520/1490 1294/98/89
f 350/1523/1493 1297/1521/1491 1296/1520/1490
f 351/1524/1494 1298/1522/1492 1297/1521/1491
f 352/1525/1495 1295/184/163 1298/1522/1492
f 1299/93/85 347/1526/1496 344/187/165
f 1301/1527/1497 346/1528/1498 347/1526/1496
f 1302/1529/1499 345/1530/1500 346/1528/1498
f 1303/1531/1501 343/101/92 345/1530/1500
f 334/157/137 1301/1527/1497 1299/93/85
f 337/1508/1478 1302/1529/1499 1301/1527/1497
f 336/1510/1480 1303/1531/1501 1302/1529/1499
f 335/1512/1482 1300/80/72 1303/1531/1501
f 371/189/166 1306/1532/1502 374/1533/1503
f 374/1533/1503 1307/1534/1504 373/1535/1505
f 373/1535/1505 1308/1536/1506 372/1537/1507
f 372/1537/1507 1305/174/153 370/176/155
f 1304/1538/122 357/762/705 1306/1532/1502
f 1306/1532/1502 366/766/709 1307/1534/1504
f 1307/1534/1504 365/772/717 1308/1536/1506
f 1308/1536/1506 355/175/154 1305/174/153
f 1309/104/95 350/1523/1493 348/102/93
f 1311/1539/1508 351/1524/1494 350/1523/1493
f 1312/1540/1509 352/1525/1495 351/1524/1494
f 1313/1541/1510 349/181/160 352/1525/1495
f 371/189/166 1311/1539/1508 1309/104/95
f 374/1533/1503 1312/1540/1509 1311/1539/1508
f 373/1535/1505 1313/1541/1510 1312/1540/1509
f 372/1537/1507 1310/158/138 1313/1541/1510
f 1314/99/90 361/770/713 354/105/96
f 1316/1542/1511 362/775/720 361/770/713
f 1317/1543/1512 367/773/718 362/775/720
f 1318/1544/1513 355/175/154 367/773/718
f 344/187/165 1316/1542/1511 1314/99/90
f 347/1526/1496 1317/1543/1512 1316/1542/1511
f 346/1528/1498 1318/1544/1513 1317/1543/1512
f 345/1530/1500 1315/173/152 1318/1544/1513
f 313/88/80 1321/1545/1514 315/1493/1463
f 315/1493/1463 1322/1546/1515 316/1494/1464
f 316/1494/1464 1323/1547/1516 317/1495/1465
f 317/1495/1465 1320/168/147 314/126/112
f 1319/109/98 382/1548/1517 1321/1545/1514
f 1321/1545/1514 383/1549/1518 1322/1546/1515
f 1322/1546/1515 384/1550/1519 1323/1547/1516
f 1323/1547/1516 381/132/117 1320/168/147
f 376/111/100 1326/1551/1520 379/1552/1521
f 379/1552/1521 1327/1553/1522 378/1554/1523
f 378/1554/1523 1328/1555/1524 377/1556/1525
f 377/1556/1525 1325/115/103 375/114/102
f 1324/82/74 307/1497/1467 1326/1551/1520
f 1326/1551/1520 306/1499/1469 1327/1553/1522
f 1327/1553/1522 305/1501/1471 1328/1555/1524
f 1328/1555/1524 303/106/97 1325/115/103
f 1329/124/110 393/1557/724 390/180/159
f 1331/1558/1526 394/789/734 393/778/724
f 1332/1559/1527 400/785/730 394/789/734
f 1333/1560/1528 391/786/731 400/785/730
f 385/118/106 1331/1558/1526 1329/1561/110
f 387/1562/1529 1332/1559/1527 1331/1558/1526
f 388/1563/1530 1333/1560/1528 1332/1559/1527
f 389/1564/1531 1330/152/134 1333/1560/1528
f 380/110/99 1336/1565/1532 382/1548/1517
f 382/1548/1517 1337/1566/1533 383/1549/1518
f 383/1549/1518 1338/1567/1534 384/1550/1519
f 384/1550/1519 1335/151/133 381/132/117
f 1334/116/104 404/792/738 1336/1565/1532
f 1336/1565/1532 399/787/732 1337/1566/1533
f 1337/1566/1533 398/784/729 1338/1567/1534
f 1338/1567/1534 391/786/731 1335/151/133
f 385/118/106 1341/1568/1535 387/1562/1529
f 387/1562/1529 1342/1569/1536 388/1563/1530
f 388/1563/1530 1343/1570/1537 389/1564/1531
f 389/1564/1531 1340/150/132 386/149/131
f 1339/112/101 379/1552/1521 1341/1568/1535
f 1341/1568/1535 378/1554/1523 1342/1569/1536
f 1342/1569/1536 377/1556/1525 1343/1570/1537
f 1343/1570/1537 375/114/102 1340/150/132
f 392/117/105 1346/1571/1538 403/1572/739
f 403/777/723 1345/177/156 390/180/159
f 1344/67/62 295/750/1539 1346/1571/1538
f 1346/1573/1540 295/1574/1541 288/743/1540
f 1346/1575/1542 285/178/157 1345/177/156
f 1347/47/42 261/1576/1543 250/48/43
f 1349/1577/1544 248/722/663 261/724/665
f 354/105/96 1349/1578/1545 1347/47/42
f 356/1579/706 1348/136/119 1349/1577/1544
f 528/260/236 1352/1580/1546 539/944/889
f 539/944/889 1353/1581/1547 540/934/877
f 1353/1581/1547 531/930/874 540/934/877
f 1354/1582/1548 526/243/220 531/930/874
f 1350/259/235 549/950/896 1352/1580/1546
f 1352/1580/1546 559/953/899 1353/1581/1547
f 559/953/899 1354/1582/1548 1353/1581/1547
f 558/963/909 1351/261/237 1354/1582/1548
f 1355/253/229 553/956/902 545/254/230
f 1357/1583/1549 554/958/904 553/956/902
f 554/958/904 1359/1584/1550 560/962/908
f 560/962/908 1356/240/217 546/302/278
f 563/231/208 1357/1583/1549 1355/253/229
f 568/966/912 1358/1585/1551 1357/1583/1549
f 1358/1585/1551 576/981/929 1359/1584/1550
f 1359/1584/1550 565/269/245 1356/240/217
f 1360/288/264 571/974/920 564/301/277
f 1362/1586/1552 572/1587/1553 571/974/920
f 572/1587/931 1363/1588/1554 578/1589/928
f 578/980/928 1361/242/219 565/269/245
f 1360/288/264 536/938/881 1362/1586/1555
f 1362/1586/1552 530/931/885 1363/1590/1556
f 1363/1590/1556 530/931/885 529/933/1557
f 1363/1591/1558 526/243/220 1361/242/219
f 510/300/276 1366/1592/1559 521/925/867
f 521/925/867 1367/1593/1560 522/916/856
f 1367/1593/1560 513/913/853 522/916/856
f 1368/1594/1561 508/280/256 513/913/853
f 1364/297/273 555/957/903 1366/1592/1559
f 1366/1592/1559 548/951/897 1367/1593/1560
f 548/951/897 1368/1594/1561 1367/1593/1560
f 547/949/895 1365/274/250 1368/1594/1561
f 1369/289/265 534/1595/882 527/290/266
f 1371/1596/1562 535/947/892 534/939/882
f 535/947/892 1372/1597/1563 541/945/890
f 1372/1597/1564 528/260/236 541/945/890
f 1369/289/265 518/1598/860 1371/1599/1565
f 1371/1596/1562 512/914/854 1372/1600/1563
f 1372/1600/1563 512/914/854 511/912/852
f 1372/1597/1564 508/280/256 1370/228/205
f 1373/251/227 516/1601/861 509/249/225
f 1375/1602/1566 517/928/1567 516/922/861
f 517/928/870 1376/1603/1568 523/926/868
f 1376/1603/1568 510/300/276 523/926/868
f 1373/251/227 573/973/919 1375/1604/1566
f 1375/1602/1566 567/967/923 1376/1605/1569
f 1376/1605/1568 567/967/913 566/965/911
f 1376/1603/1568 563/231/208 1374/230/207
f 432/823/768 1379/1606/1570 435/826/769
f 435/826/769 1380/1607/1571 1870/1608/1572
f 1870/1608/1572 1381/1609/1573 437/1610/1574
f 437/1610/1574 1378/246/222 433/316/292
f 407/165/144 1379/1606/1570 1377/209/186
f 412/795/743 1380/1607/1571 1379/1606/1570
f 420/798/1575 1381/1609/1573 1380/1607/1571
f 418/806/1576 1378/246/222 1381/1609/1573
f 1382/258/234 448/1611/1577 443/216/193
f 1384/1612/1578 1877/838/1579 448/1611/1577
f 1385/1613/1580 445/835/1581 1877/838/1579
f 1386/1614/1582 441/318/294 445/835/1581
f 1382/258/234 418/809/1576 1384/1612/1578
f 1384/1612/1578 415/802/1583 1385/1613/1580
f 1385/1613/1580 414/799/747 1386/1614/1582
f 1386/1614/1582 408/801/749 1383/236/213
f 1387/317/293 437/1615/1574 433/316/292
f 1389/1616/1584 438/833/1585 437/1615/1574
f 1390/1617/1586 440/830/775 438/833/1585
f 1391/1618/1587 434/235/212 440/830/775
f 1387/317/293 448/1619/1577 1389/1616/1584
f 1389/1616/1584 449/1620/1588 1390/1617/1586
f 1390/1617/1586 447/842/1589 1391/1618/1587
f 1391/1618/1587 442/839/1590 1388/233/210
f 461/859/807 1394/1621/1591 464/857/805
f 464/857/805 1395/1622/1592 467/868/808
f 467/868/1593 1396/1623/1594 469/867/1595
f 469/867/1595 1393/278/254 462/322/298
f 421/219/196 1394/1621/1591 1392/299/275
f 425/811/756 1395/1622/1592 1394/1621/1591
f 427/815/1596 1396/1623/1594 1395/1622/1592
f 430/1624/1597 1393/278/254 1396/1623/1594
f 475/272/248 1399/1625/1598 478/875/818
f 478/875/818 1400/1626/1599 1878/1627/1600
f 1878/1627/1600 1401/1628/1601 481/1629/1602
f 481/1629/1602 1398/338/313 476/206/183
f 463/264/240 1399/1625/1598 1397/262/238
f 473/870/815 1400/1626/1599 1399/1625/1598
f 468/864/1603 1401/1628/1601 1400/1626/1599
f 469/866/1595 1398/338/313 1401/1628/1601
f 1402/208/185 481/1630/1602 476/206/183
f 1404/1631/1604 482/882/1605 481/1630/1602
f 1405/1632/1606 484/879/824 482/882/1605
f 1406/1633/1607 477/270/246 484/879/824
f 1402/208/185 430/1634/1597 1404/1631/1604
f 1404/1631/1604 427/822/1608 1405/1632/1606
f 1405/1632/1606 429/821/763 1406/1633/1607
f 1406/1633/1607 422/265/241 1403/267/243
f 1407/256/232 458/855/1609 452/195/172
f 1409/1635/1610 1410/1636/1611 459/1637/1612
f 1410/1636/1613 454/846/1614 459/1637/1615
f 1411/1638/1616 450/343/318 454/846/1614
f 1407/256/232 492/894/836 1409/1635/1610
f 1409/1635/1610 491/895/1617 1410/1636/1611
f 1410/1636/1613 488/884/828 1411/1638/1616
f 1411/1638/1616 485/886/830 1408/294/270
f 1412/328/304 492/893/836 486/279/255
f 1414/1639/1618 493/891/834 492/893/836
f 1415/1640/1619 497/897/840 493/891/834
f 1416/1641/1620 487/284/260 497/897/840
f 1412/328/304 505/1642/1621 1414/1639/1618
f 1414/1639/1618 1868/1643/1622 1415/1640/1619
f 1415/1640/1619 503/902/842 1416/1641/1620
f 1416/1641/1620 499/198/175 1413/200/177
f 1418/342/317 505/1644/1621 500/329/305
f 1427/1331/1305 504/911/1623 505/1644/1621
f 1421/1325/1299 503/908/1624 504/911/1623
f 1420/1323/1297 501/293/269 503/908/847
f 1418/342/317 460/856/1625 1425/1332/1304
f 1425/1332/1304 457/853/1626 1426/1333/1306
f 1426/1333/1306 456/852/1627 1431/1337/1310
f 1431/1337/1310 451/285/261 1419/287/263
f 583/999/311 1436/1645/1628 592/997/947
f 592/997/947 1437/1646/1629 593/990/938
f 593/990/938 1438/1647/1630 586/986/934
f 586/986/934 1435/282/258 581/281/257
f 1434/1648/310 607/1010/960 1436/1645/1628
f 1436/1645/1628 601/1004/954 1437/1646/1629
f 1437/1646/1629 600/1002/952 1438/1647/1630
f 1438/1647/1630 597/321/297 1435/282/258
f 1439/308/284 618/1022/970 615/320/296
f 1441/1649/1631 619/1032/979 618/1022/970
f 1442/1650/1632 626/1028/975 619/1032/979
f 1443/1651/1633 616/1029/201 626/1028/975
f 599/1018/966 1441/1649/1631 1439/308/284
f 612/1017/965 1442/1650/1632 1441/1649/1631
f 606/1012/961 1443/1651/1633 1442/1650/1632
f 605/1652/959 1440/222/199 1443/1653/1633
f 1444/311/287 589/995/944 582/309/285
f 1446/1654/1634 590/1001/951 589/995/944
f 1447/1655/1635 594/998/948 590/1001/951
f 1448/1656/1636 583/999/311 594/998/948
f 1444/311/287 630/1034/981 1446/1654/1634
f 1446/1654/1634 625/1030/976 1447/1655/1635
f 1447/1655/1635 624/1027/974 1448/1656/1636
f 1448/1656/1636 616/1029/201 1445/1657/200
f 1449/1658/301 645/1051/1000 634/1053/299
f 1451/1659/1637 646/1042/992 645/1051/1000
f 1452/1660/1638 637/1038/988 646/1042/992
f 1453/1661/1639 632/1039/989 637/1038/988
f 651/1064/303 1451/1659/1637 1449/1658/301
f 660/1063/1014 1452/1660/1638 1451/1659/1637
f 654/1067/1018 1453/1661/1639 1452/1660/1638
f 653/1057/1005 1450/226/203 1453/1661/1639
f 669/1085/315 1456/1662/1640 680/1083/1041
f 680/1083/1041 1457/1663/1641 681/1077/1032
f 681/1077/1032 1458/1664/1642 671/1073/1028
f 671/1073/1028 1455/213/190 667/212/189
f 1454/1665/314 647/1052/1001 1456/1662/1640
f 1456/1662/1640 641/1047/997 1457/1663/1641
f 1457/1663/1641 640/1045/995 1458/1664/1642
f 1458/1664/1642 633/314/290 1455/213/190
f 1459/313/289 675/1081/1036 668/315/291
f 1461/1666/1643 676/1087/1044 675/1081/1036
f 1462/1667/1644 682/1084/1042 676/1087/1044
f 1463/1668/1645 669/1085/315 682/1084/1042
f 1459/313/289 665/1069/1020 1461/1666/1643
f 1461/1666/1643 659/1065/1015 1462/1667/1644
f 1462/1667/1644 658/1062/1013 1463/1668/1645
f 1463/1668/1645 651/1064/303 1460/1669/302
f 1464/333/309 688/1090/1047 685/345/320
f 1466/1670/1646 689/1100/1647 688/1090/1047
f 1467/1671/1648 696/1096/1053 689/1100/1056
f 1468/1672/1649 686/1097/192 696/1096/1053
f 704/332/308 1466/1670/1646 1464/333/309
f 709/1107/1066 1467/1671/1648 1466/1670/1646
f 718/1110/1069 1468/1672/1649 1467/1671/1648
f 717/1118/1077 1465/1673/182 1468/1672/1649
f 1469/202/179 712/1113/1072 705/303/279
f 712/1113/1072 1472/1674/1650 713/1115/1074
f 713/1115/1074 1473/1675/1651 719/1119/1078
f 719/1119/1078 1470/1676/306 706/1120/180
f 1469/202/179 727/1125/1082 1471/1677/1652
f 1471/1677/1652 735/1129/1086 1472/1674/1650
f 1472/1674/1650 734/1134/1093 1473/1675/1651
f 1473/1675/1651 724/1136/307 1470/1676/306
f 1474/1341/1315 731/1678/1653 723/305/281
f 1479/1340/1314 732/1138/1654 731/1678/1655
f 1488/1344/1656 736/1135/1094 732/1138/1096
f 1487/1353/1326 724/1136/307 736/1135/1094
f 1475/307/283 701/1104/1061 1482/1347/1321
f 1482/1347/1321 695/1098/1054 1483/1349/1323
f 1483/1349/1323 694/1095/1052 1489/1354/1327
f 1489/1354/1327 686/1097/192 1476/1355/191
f 1492/167/146 410/794/742 407/165/144
f 410/794/742 1495/1679/1657 411/796/1658
f 411/796/1658 1496/1680/1659 416/800/748
f 416/800/748 1493/237/214 408/801/749
f 597/321/297 1494/1681/1660 1492/167/146
f 1494/1681/1660 611/1006/956 1495/1679/1657
f 611/1006/956 1496/1680/1659 1495/1679/1657
f 1496/1680/1659 599/1018/966 1493/237/214
f 617/310/286 1499/1682/1661 628/1035/1662
f 628/1035/1662 1499/1683/1661 629/1025/1663
f 629/1025/1664 1500/1684/1665 620/1021/1666
f 1500/1684/1667 615/320/296 620/1021/969
f 442/839/1590 1499/1682/1661 1497/247/223
f 1499/1683/1668 444/834/1669 1500/1684/1665
f 1500/1684/1667 441/318/294 1498/319/295
f 1501/221/198 424/810/755 421/219/196
f 424/810/1670 1503/1685/1670 428/812/1671
f 428/820/764 1502/1686/1672 422/265/241
f 1501/221/198 655/1056/1004 1503/1687/1673
f 1503/1687/1673 655/1056/1004 664/1060/1674
f 1503/1685/1675 664/1060/1676 663/1070/1677
f 663/1070/1677 1502/1686/1672 1503/1688/1675
f 1504/1689/1678 670/1690/1029 667/212/189
f 670/1074/1040 1506/1691/1679 677/1080/1038
f 677/1080/1035 1505/271/247 668/315/291
f 1504/1689/1678 479/874/819 1506/1692/1680
f 1506/1693/1681 479/1694/1681 483/878/1681
f 483/878/823 1505/271/247 1506/1691/1682
f 487/284/260 1509/1695/1683 495/896/839
f 495/896/839 1510/1696/1684 496/890/833
f 496/890/833 1511/1697/1685 489/885/829
f 489/885/829 1508/295/271 485/886/830
f 1507/283/259 714/1114/1073 1509/1695/1683
f 1509/1695/1683 708/1108/1067 1510/1696/1684
f 708/1108/1067 1511/1697/1685 1510/1696/1684
f 707/1106/1065 1508/295/271 1511/1697/1685
f 687/1102/1059 1514/1698/1686 699/1105/1063
f 699/1105/1687 1515/1699/1688 700/1093/1689
f 700/1093/1690 1515/1700/1691 690/1089/1046
f 690/1089/1046 1513/344/319 685/345/320
f 1512/306/282 453/851/1692 1514/1698/1686
f 1514/1698/1686 453/1701/1692 1515/1699/1688
f 1515/1700/1691 450/343/318 1513/344/319
f 1516/210/187 584/987/935 581/281/257
f 584/987/935 1518/1702/1693 585/988/1694
f 585/988/1695 1518/1703/1696 591/994/943
f 591/994/943 1517/234/211 582/309/285
f 1516/210/187 436/825/770 1518/1704/1693
f 1518/1702/1697 436/1705/1697 439/829/1697
f 439/829/774 1517/234/211 1518/1703/1696
f 463/264/240 1521/1706/1698 471/869/814
f 471/869/814 1522/1707/1699 472/863/1700
f 1522/1707/1699 465/858/806 472/863/1700
f 1523/1708/1701 461/859/807 465/858/806
f 1519/263/239 642/1046/996 1521/1706/1698
f 1521/1706/1698 636/1040/990 1522/1707/1699
f 636/1040/990 1523/1708/1701 1522/1707/1699
f 635/1037/987 1520/225/202 1523/1708/1701
f 501/293/269 1526/1709/1702 506/907/846
f 506/907/1703 1527/1710/1704 507/906/1705
f 507/906/1706 1528/1711/1707 502/901/1708
f 502/901/843 1525/201/178 499/198/175
f 1524/292/268 733/1132/1709 1526/1709/1702
f 1526/1709/1710 726/1126/1711 1527/1710/1704
f 1527/1710/1712 725/1127/1084 1528/1711/1707
f 1528/1711/1713 722/1123/1080 1525/201/178
f 760/370/342 1531/1712/1714 763/1713/1715
f 763/1713/1715 1532/1714/1716 762/1715/1717
f 762/1716/1718 1533/1717/1719 761/1718/1720
f 1533/1717/1719 759/525/482 761/1718/1720
f 1529/369/341 746/1719/1721 1531/1712/1714
f 1531/1712/1714 747/1720/1722 1532/1714/1716
f 1532/1721/1723 748/1722/1724 1533/1717/1719
f 748/1722/1724 1530/484/444 1533/1717/1719
f 1534/406/375 768/1723/1725 765/353/327
f 1536/1724/1726 767/1725/1727 768/1723/1725
f 1537/1726/1728 766/1727/1729 767/1728/1730
f 766/1727/1729 1535/464/427 764/366/338
f 749/536/493 1536/1724/1726 1534/406/375
f 751/1729/1731 1537/1730/1732 1536/1724/1726
f 752/1731/1733 1538/1732/1734 1537/1726/1728
f 1538/1732/1734 750/363/335 1535/464/427
f 1539/474/436 743/1733/1735 740/348/323
f 1541/1734/1736 742/1735/1737 743/1733/1735
f 1542/1736/1738 741/1737/1739 742/1738/1740
f 741/1737/1739 1540/349/324 739/361/333
f 760/370/342 1541/1734/1736 1539/474/436
f 763/1713/1715 1542/1739/1741 1541/1734/1736
f 762/1716/1718 1543/1740/1742 1542/1736/1738
f 1543/1740/1742 759/525/482 1540/349/324
f 755/503/461 1546/1741/1743 758/1742/1744
f 758/1742/1744 1547/1743/1745 757/1744/1746
f 757/1745/1747 1548/1746/1748 756/1747/1749
f 1548/1746/1748 754/355/328 756/1747/1749
f 1544/371/343 768/1723/1725 1546/1741/1743
f 1546/1741/1743 767/1725/1727 1547/1743/1745
f 1547/1748/1750 766/1727/1729 1548/1746/1748
f 766/1727/1729 1545/368/340 1548/1746/1748
f 770/504/462 1551/1749/1751 773/1750/1752
f 773/1750/1752 1552/1751/1753 772/1752/1754
f 772/1753/1755 1553/1754/1756 771/1755/1757
f 1553/1754/1756 769/374/345 771/1755/1757
f 1549/498/457 758/1742/1744 1551/1749/1751
f 1551/1749/1751 757/1744/1746 1552/1751/1753
f 1552/1756/1758 756/1747/1749 1553/1754/1756
f 756/1747/1749 1550/357/330 1553/1754/1756
f 744/360/332 1556/1757/1759 746/1719/1721
f 746/1719/1721 1557/1758/1760 747/1720/1722
f 747/1759/1761 1558/1760/1762 748/1722/1724
f 1558/1760/1762 745/380/351 748/1722/1724
f 1554/359/331 776/1761/1763 1556/1757/1759
f 1556/1757/1759 777/1762/1764 1557/1758/1760
f 1557/1758/1765 778/1763/1766 1558/1764/1762
f 778/1765/1766 1555/378/349 1558/1760/1762
f 774/389/359 1561/1766/1767 776/1761/1763
f 776/1761/1763 1562/1767/1768 777/1762/1764
f 777/1762/1769 1563/1768/1770 778/1763/1766
f 1563/1769/1770 775/377/348 778/1765/1766
f 1559/398/367 786/1770/1771 1561/1766/1767
f 1561/1766/1767 787/1771/1772 1562/1767/1768
f 1562/1767/1773 788/1772/1774 1563/1768/1770
f 788/1773/1774 1560/375/346 1563/1769/1770
f 780/537/494 1566/1774/1775 783/1775/1776
f 783/1776/1776 1567/1777/1777 782/1778/1778
f 782/1778/1779 1568/1779/1780 781/1780/1781
f 1568/1779/1780 779/384/355 781/1780/1781
f 1564/530/487 773/1750/1752 1566/1774/1775
f 1566/1781/1775 772/1753/1754 1567/1777/1777
f 1567/1777/1782 771/1755/1757 1568/1779/1780
f 771/1755/1757 1565/382/353 1568/1779/1780
f 1569/515/472 819/1174/1133 807/513/470
f 1571/1782/1783 820/1163/1123 819/1174/1133
f 1572/1783/1784 810/1160/1120 820/1163/1123
f 1573/1784/1785 805/529/486 810/1160/1120
f 790/1149/1109 1571/1782/1783 1569/515/472
f 800/1148/1108 1572/1783/1784 1571/1782/1783
f 793/1152/1112 1573/1784/1785 1572/1783/1784
f 792/1142/1101 1570/480/440 1573/1784/1785
f 784/397/366 1576/1785/1786 786/1770/1771
f 786/1770/1771 1577/1786/1787 787/1771/1772
f 787/1771/1788 1578/1787/1789 788/1772/1774
f 1578/1788/1789 785/387/358 788/1773/1774
f 1574/497/456 821/1173/1132 1576/1785/1786
f 1576/1785/1786 815/1175/1134 1577/1786/1787
f 815/1175/1790 1578/1787/1789 1577/1786/1791
f 814/1789/1128 1575/385/356 1578/1788/1789
f 790/1149/1109 1581/1790/1792 798/1147/1107
f 798/1791/1107 1582/1792/1793 799/1793/1110
f 799/1793/1794 1583/1794/1795 803/1155/1796
f 803/1155/1116 1580/391/361 791/393/363
f 1579/514/471 783/1775/1776 1581/1790/1792
f 1581/1795/1797 782/1778/1778 1582/1792/1793
f 1582/1792/1798 781/1780/1781 1583/1794/1795
f 1583/1794/1795 779/384/355 1580/391/361
f 1584/414/382 751/1729/1731 749/536/493
f 1586/1796/1799 752/1797/1800 751/1729/1731
f 1587/1798/1801 753/1799/1802 752/1731/1733
f 753/1799/1802 1585/507/464 750/363/335
f 829/473/435 1586/1796/1799 1584/414/382
f 831/1800/1803 1587/1801/1804 1586/1796/1799
f 832/1802/1805 1588/1803/1806 1587/1798/1801
f 1588/1803/1806 830/403/372 1585/507/464
f 1589/346/321 828/1804/1807 825/522/479
f 1591/1805/1808 827/1806/1809 828/1804/1807
f 1592/1807/1810 826/1808/1811 827/1809/1812
f 826/1808/1811 1590/399/368 824/401/370
f 740/348/323 1591/1805/1808 1589/346/321
f 743/1733/1735 1592/1810/1813 1591/1805/1808
f 742/1738/1740 1593/1811/1814 1592/1807/1810
f 1593/1811/1814 739/361/333 1590/399/368
f 841/1193/1152 1596/1812/1815 851/1191/1150
f 851/1191/1150 1597/1813/1816 852/1182/1140
f 852/1182/1140 1598/1814/1817 843/1178/1136
f 843/1178/1136 1595/1815/428 839/1176/478
f 1594/488/447 836/1816/1818 1596/1812/1815
f 1596/1812/1815 837/1817/1819 1597/1813/1816
f 1597/1813/1816 838/1818/1820 1598/1814/1817
f 1598/1819/1817 835/409/378 1595/465/428
f 1599/489/448 831/1800/1803 829/473/435
f 1601/1820/1821 832/1821/1822 831/1800/1803
f 1602/1822/1823 833/1823/1824 832/1802/1805
f 1603/1824/1825 830/403/372 833/1823/1824
f 841/1193/1152 1601/1820/1821 1599/489/448
f 853/1192/1151 1602/1825/1826 1601/1820/1821
f 848/1826/1827 1603/1824/1825 1602/1822/1823
f 847/1187/1145 1600/411/380 1603/1824/1825
f 1604/491/450 836/1816/1818 834/490/449
f 1606/1827/1828 837/1817/1819 836/1816/1818
f 1607/1828/1829 838/1829/1820 837/1830/1819
f 838/1829/1820 1605/407/376 835/409/378
f 825/522/479 1606/1827/1828 1604/491/450
f 828/1804/1807 1607/1831/1830 1606/1827/1828
f 827/1809/1812 1608/1832/1831 1607/1828/1829
f 826/1808/1811 1605/407/376 1608/1832/1831
f 1609/487/446 880/1833/1832 877/416/383
f 1611/1834/1833 879/1835/1834 880/1833/1832
f 1612/1836/1835 878/1837/1836 879/1835/1834
f 1613/1838/1837 876/535/492 878/1837/1836
f 861/436/402 1611/1834/1833 1609/487/446
f 863/1839/1838 1612/1836/1835 1611/1834/1833
f 864/1840/1839 1613/1838/1837 1612/1836/1835
f 865/1841/1840 1610/534/491 1613/1838/1837
f 882/430/396 1616/1842/1841 885/1843/1842
f 885/1843/1842 1617/1844/1843 884/1845/1844
f 884/1845/1844 1618/1846/1845 883/1847/1846
f 883/1847/1846 1615/468/431 881/471/434
f 1614/429/395 868/1848/1847 1616/1842/1841
f 1616/1842/1841 869/1849/1848 1617/1844/1843
f 1617/1844/1843 870/1850/1849 1618/1846/1845
f 1618/1846/1845 867/469/432 1615/468/431
f 857/426/392 1621/1851/1850 860/1852/1851
f 860/1852/1851 1622/1853/1852 859/1854/1853
f 859/1854/1853 1623/1855/1854 858/1856/1855
f 858/1856/1855 1620/485/445 856/451/417
f 1619/417/384 880/1833/1832 1621/1851/1850
f 1621/1851/1850 879/1835/1834 1622/1853/1852
f 1622/1853/1852 878/1837/1836 1623/1855/1854
f 1623/1855/1854 876/535/492 1620/485/445
f 1624/431/397 875/1857/1856 872/470/433
f 1626/1858/1857 874/1859/1858 875/1857/1856
f 1627/1860/1859 873/1861/1860 874/1859/1858
f 1628/1862/1861 871/526/483 873/1861/1860
f 882/430/396 1626/1858/1857 1624/431/397
f 885/1843/1842 1627/1860/1859 1626/1858/1857
f 884/1845/1844 1628/1862/1861 1627/1860/1859
f 883/1847/1846 1625/506/463 1628/1862/1861
f 1629/422/388 890/1863/1862 887/500/458
f 1631/1864/1863 889/1865/1864 890/1863/1862
f 1632/1866/1865 888/1867/1866 889/1865/1864
f 1633/1868/1867 886/423/389 888/1867/1866
f 872/470/433 1631/1864/1863 1629/422/388
f 875/1857/1856 1632/1866/1865 1631/1864/1863
f 874/1859/1858 1633/1868/1867 1632/1866/1865
f 873/1861/1860 1630/439/405 1633/1868/1867
f 1634/437/403 863/1839/1838 861/436/402
f 1636/1869/1868 864/1840/1839 863/1839/1838
f 1637/1870/1869 865/1841/1840 864/1840/1839
f 1638/1871/1870 862/533/490 865/1841/1840
f 891/442/408 1636/1869/1868 1634/437/403
f 893/1872/1871 1637/1870/1869 1636/1869/1868
f 894/1873/1872 1638/1871/1870 1637/1870/1869
f 895/1874/1873 1635/419/386 1638/1871/1870
f 1639/443/409 893/1872/1871 891/442/408
f 1641/1875/1874 894/1873/1872 893/1872/1871
f 1642/1876/1875 895/1874/1873 894/1873/1872
f 1643/1877/1876 892/483/443 895/1874/1873
f 901/447/413 1641/1875/1874 1639/443/409
f 903/1878/1877 1642/1876/1875 1641/1875/1874
f 904/1879/1878 1643/1877/1876 1642/1876/1875
f 905/1880/1879 1640/527/484 1643/1877/1876
f 1644/438/404 900/1881/1880 897/531/488
f 1646/1882/1881 899/1883/1882 900/1881/1880
f 1647/1884/1883 898/1885/1884 899/1883/1882
f 1648/1886/1885 896/446/412 898/1885/1884
f 887/500/458 1646/1882/1881 1644/438/404
f 890/1863/1862 1647/1884/1883 1646/1882/1881
f 889/1865/1864 1648/1886/1885 1647/1884/1883
f 888/1867/1866 1645/425/391 1648/1886/1885
f 1649/482/442 926/1218/1180 923/532/489
f 926/1218/1180 1652/1887/1886 927/1229/1887
f 927/1229/1189 1653/1888/1888 934/1225/1186
f 934/1225/1186 1650/1889/474 924/1223/476
f 1649/482/442 909/1199/1158 1651/1890/1889
f 1651/1890/1889 919/1203/1162 1652/1887/1886
f 1652/1887/1890 918/1211/1172 1653/1888/1888
f 1653/1888/1888 908/1213/475 1650/1889/474
f 1654/449/415 903/1878/1877 901/447/413
f 1656/1891/1891 904/1879/1878 903/1878/1877
f 1657/1892/1892 905/1880/1879 904/1879/1878
f 1658/1893/1893 902/524/481 905/1880/1879
f 925/1232/1192 1656/1891/1891 1654/449/415
f 939/1231/1191 1657/1892/1892 1656/1891/1891
f 933/1236/1194 1658/1893/1893 1657/1892/1892
f 932/1226/1187 1655/501/459 1658/1893/1893
f 1659/444/410 913/1894/1168 907/450/416
f 1661/1895/1894 914/1896/1176 913/1894/1168
f 1662/1897/1895 920/1212/1173 914/1215/1176
f 1663/1898/1896 908/518/475 920/1899/1173
f 897/531/488 1661/1895/1894 1659/444/410
f 900/1881/1880 1662/1900/1895 1661/1895/1894
f 899/1901/1882 1663/1902/1896 1662/1897/1895
f 898/1903/1884 1660/1904/473 1663/1902/1896
f 866/433/399 1666/1905/1897 868/1848/1847
f 868/1848/1847 1667/1906/1898 869/1849/1848
f 869/1849/1848 1668/1907/1899 870/1850/1849
f 870/1850/1849 1665/511/468 867/469/432
f 1664/454/418 949/1908/1900 1666/1905/1897
f 1666/1905/1897 950/1909/1901 1667/1906/1898
f 1667/1906/1898 951/1910/1902 1668/1907/1899
f 1668/1907/1899 948/475/437 1665/511/468
f 943/456/420 1671/1911/1903 946/1912/1904
f 946/1912/1904 1672/1913/1905 945/1914/1906
f 945/1914/1906 1673/1915/1907 944/1916/1908
f 944/1916/1908 1670/460/423 942/459/422
f 1669/427/393 860/1852/1851 1671/1911/1903
f 1671/1911/1903 859/1854/1853 1672/1913/1905
f 1672/1913/1905 858/1856/1855 1673/1915/1907
f 1673/1915/1907 856/451/417 1670/460/423
f 1674/467/430 960/1240/1197 957/523/480
f 1676/1917/1909 961/1249/1207 960/1240/1197
f 1677/1918/1910 967/1245/1203 961/1249/1207
f 1678/1919/1911 958/1246/1204 967/1245/1203
f 952/463/426 1676/1917/1909 1674/467/430
f 954/1920/1912 1677/1918/1910 1676/1917/1909
f 955/1921/1913 1678/1919/1911 1677/1918/1910
f 956/1922/1914 1675/495/454 1678/1919/1911
f 947/455/419 1681/1923/1915 949/1908/1900
f 949/1908/1900 1682/1924/1916 950/1909/1901
f 950/1909/1901 1683/1925/1917 951/1910/1902
f 951/1910/1902 1680/494/453 948/475/437
f 1679/461/424 971/1252/1211 1681/1923/1915
f 1681/1923/1915 966/1247/1205 1682/1924/1916
f 1682/1924/1916 965/1244/1202 1683/1925/1917
f 1683/1925/1917 958/1246/1204 1680/494/453
f 952/463/426 1686/1926/1918 954/1920/1912
f 954/1920/1912 1687/1927/1919 955/1921/1913
f 955/1921/1913 1688/1928/1920 956/1922/1914
f 956/1922/1914 1685/493/452 953/492/451
f 1684/457/421 946/1912/1904 1686/1926/1918
f 1686/1926/1918 945/1914/1906 1687/1927/1919
f 1687/1927/1919 944/1916/1908 1688/1928/1920
f 1688/1928/1920 942/459/422 1685/493/452
f 959/462/425 1691/1929/1921 970/1930/1212
f 970/1931/1196 1690/1932/477 957/1933/480
f 1689/412/381 842/1186/1922 1691/1929/1921
f 1691/1934/1923 839/1176/478 1690/1932/477
f 1692/392/362 802/1935/1924 791/393/363
f 1694/1936/1925 794/1141/1926 802/1145/1927
f 1695/1937/1928 789/478/438 794/1141/1100
f 907/450/416 1694/1938/1929 1692/392/362
f 1694/1936/1925 915/1939/1930 1695/1937/1931
f 915/1939/1159 1693/481/441 1695/1937/1928
f 925/1232/1192 1698/1940/1932 937/1230/1190
f 937/1234/1190 1699/1941/1933 938/1221/1183
f 938/1221/1183 1700/1942/1934 928/1217/1179
f 928/1217/1179 1697/528/485 923/532/489
f 1696/448/414 816/1943/1127 1698/1940/1932
f 1698/1944/1932 809/1161/1121 1699/1941/1933
f 1699/1941/1933 808/1159/1119 1700/1942/1934
f 1700/1942/1934 805/529/486 1697/528/485
f 995/559/513 1703/1945/1935 998/1946/1936
f 998/1947/1936 1704/1948/1937 997/1949/1938
f 997/1949/1939 1705/1950/1940 996/1951/1941
f 1705/1950/1940 994/711/652 996/1951/1941
f 1701/558/512 981/1952/1942 1703/1945/1935
f 1703/1953/1935 982/1954/1943 1704/1948/1937
f 1704/1948/1944 983/1955/1945 1705/1950/1940
f 983/1955/1945 1702/673/616 1705/1950/1940
f 1706/595/547 1003/1956/1946 1000/542/498
f 1708/1957/1947 1002/1958/1948 1003/1956/1946
f 1709/1959/1949 1001/1960/1950 1002/1958/1951
f 1001/1961/1950 1707/653/599 999/555/509
f 984/720/661 1708/1957/1947 1706/595/547
f 986/1962/1952 1709/1959/1953 1708/1957/1947
f 987/1963/1954 1710/1964/1955 1709/1959/1949
f 1710/1965/1955 985/552/506 1707/653/599
f 1711/663/608 978/1966/1956 975/510/467
f 1713/1967/1957 977/1968/1958 978/1969/1956
f 1714/1970/1959 976/1971/1960 977/1968/1961
f 976/1971/1960 1712/538/495 974/550/504
f 995/559/513 1713/1972/1957 1711/663/608
f 998/1947/1936 1714/1970/1962 1713/1967/1957
f 997/1949/1939 1715/1973/1963 1714/1970/1959
f 1715/1973/1963 994/711/652 1712/538/495
f 990/692/634 1718/1974/1964 993/1975/1965
f 993/1975/1965 1719/1976/1966 992/1977/1967
f 992/1977/1968 1720/1978/1969 991/1979/1970
f 1720/1980/1969 989/544/499 991/1981/1970
f 1716/560/514 1003/1956/1946 1718/1974/1964
f 1718/1974/1964 1002/1958/1948 1719/1976/1966
f 1719/1976/1971 1001/1960/1950 1720/1978/1969
f 1001/1961/1950 1717/557/511 1720/1980/1969
f 1005/693/635 1723/1982/1972 1008/1983/1973
f 1008/1983/1973 1724/1984/1974 1007/1985/1975
f 1007/1985/1976 1725/1986/1977 1006/1987/1978
f 1725/1988/1977 1004/563/516 1006/1989/1978
f 1721/687/629 993/1975/1965 1723/1982/1972
f 1723/1982/1972 992/1977/1967 1724/1984/1974
f 1724/1984/1979 991/1979/1970 1725/1986/1977
f 991/1981/1970 1722/546/501 1725/1988/1977
f 979/549/503 1728/1990/1980 981/1952/1942
f 981/1991/1942 1729/1992/1981 982/1954/1943
f 982/1954/1982 1730/1993/1983 983/1955/1945
f 1730/1993/1983 980/569/522 983/1955/1945
f 1726/548/502 1011/1994/1984 1728/1990/1980
f 1728/1995/1980 1012/1996/1985 1729/1992/1981
f 1729/1992/1986 1013/1997/1987 1730/1993/1983
f 1013/1997/1987 1727/567/520 1730/1993/1983
f 1009/578/530 1733/1998/1988 1011/1994/1984
f 1011/1999/1984 1734/2000/1989 1012/1996/1985
f 1012/1996/1990 1735/2001/1991 1013/1997/1987
f 1735/2001/1991 1010/566/519 1013/1997/1987
f 1731/587/539 1021/2002/1992 1733/1998/1988
f 1733/2003/1988 1022/2004/1993 1734/2000/1989
f 1734/2000/1994 1023/2005/1995 1735/2001/1991
f 1023/2005/1995 1732/564/517 1735/2001/1991
f 1015/721/662 1738/2006/1996 1018/2007/1997
f 1018/2007/1997 1739/2008/1998 1017/2009/1999
f 1017/2009/2000 1740/2010/2001 1016/2011/2002
f 1740/2012/2001 1014/573/526 1016/2013/2002
f 1736/714/655 1008/1983/1973 1738/2006/1996
f 1738/2006/1996 1007/1985/1975 1739/2008/1998
f 1739/2008/2003 1006/1987/1978 1740/2010/2001
f 1006/1989/1978 1737/571/524 1740/2012/2001
f 1741/701/642 1046/2014/2004 1043/699/640
f 1743/2015/2005 1045/2016/2006 1046/2014/2004
f 1744/2017/2007 1044/2018/2008 1045/2016/2006
f 1745/2019/2009 1042/583/535 1044/2020/2008
f 1025/1263/1224 1743/2015/2005 1741/701/642
f 1035/1262/1223 1744/2017/2007 1743/2015/2005
f 1028/1266/1227 1745/2021/2009 1744/2017/2007
f 1027/2022/1218 1742/667/610 1745/2019/2009
f 1019/586/538 1748/2023/2010 1021/2002/1992
f 1021/2024/1992 1749/2025/2011 1022/2004/1993
f 1022/2004/2012 1750/2026/2013 1023/2005/1995
f 1023/2005/1995 1747/574/527 1020/576/529
f 1746/686/628 1046/2014/2004 1748/2023/2010
f 1748/2027/2014 1045/2028/2006 1749/2025/2011
f 1749/2025/2015 1044/2020/2008 1750/2026/2013
f 1044/2020/2008 1747/574/527 1750/2026/2013
f 1025/1263/1224 1753/2029/2016 1033/1261/1222
f 1033/1261/1222 1754/2030/2017 1034/1264/1225
f 1034/1264/1234 1755/2031/2018 1039/1270/1230
f 1039/2032/1230 1752/580/532 1026/582/534
f 1751/700/641 1018/2007/1997 1753/2029/2016
f 1753/2029/2016 1017/2009/1999 1754/2030/2017
f 1754/2030/2019 1016/2011/2002 1755/2031/2018
f 1755/2033/2018 1014/573/526 1752/580/532
f 1756/603/554 986/1962/1952 984/720/661
f 1758/2034/2020 987/1963/2021 986/1962/1952
f 1759/2035/2022 988/2036/2023 987/1963/1954
f 988/2037/2023 1757/696/637 985/552/506
f 1052/662/607 1758/2034/2020 1756/603/554
f 1054/2038/2024 1759/2035/2025 1758/2034/2020
f 1055/2039/2026 1760/2040/2027 1759/2041/2022
f 1760/2040/2027 1053/592/544 1757/696/637
f 1761/508/465 1051/2042/2028 1048/708/649
f 1763/2043/2029 1050/2044/2030 1051/2045/2028
f 1764/2046/2031 1049/2047/2032 1050/2044/2033
f 1049/2047/2032 1762/588/540 1047/590/542
f 975/510/467 1763/2048/2029 1761/508/465
f 978/1969/1956 1764/2046/2034 1763/2043/2029
f 977/1968/1961 1765/2049/2035 1764/2046/2031
f 1765/2049/2035 974/550/504 1762/588/540
f 1064/1289/1254 1768/2050/2036 1075/1287/1252
f 1075/1287/1252 1769/2051/2037 1076/1278/1241
f 1076/2052/1241 1770/2053/2038 1066/2054/1237
f 1066/2054/1237 1767/654/600 1062/707/648
f 1766/677/619 1059/2055/2039 1768/2050/2036
f 1768/2050/2036 1060/2056/2040 1769/2051/2037
f 1769/2057/2037 1061/2058/2041 1770/2053/2038
f 1770/2053/2038 1058/598/550 1767/654/600
f 1771/678/620 1054/2038/2024 1052/662/607
f 1773/2059/2042 1055/2060/2043 1054/2038/2024
f 1774/2061/2044 1056/2062/2045 1055/2039/2026
f 1775/2063/2046 1053/592/544 1056/2062/2045
f 1064/1289/1254 1773/2059/2042 1771/678/620
f 1077/1288/1253 1774/2064/2047 1773/2059/2042
f 1071/2065/2048 1775/2063/2046 1774/2061/2044
f 1070/2066/1246 1772/600/552 1775/2063/2046
f 1776/680/622 1059/2055/2039 1057/679/621
f 1778/2067/2049 1060/2068/2040 1059/2069/2039
f 1779/2070/2050 1061/2058/2041 1060/2068/2040
f 1061/2058/2041 1777/596/548 1058/598/550
f 1048/708/649 1778/2071/2049 1776/680/622
f 1051/2045/2028 1779/2070/2051 1778/2067/2049
f 1050/2044/2033 1780/2072/2052 1779/2070/2050
f 1049/2047/2032 1777/596/548 1780/2072/2052
f 1781/676/618 1104/2073/2053 1101/605/555
f 1783/2074/2054 1103/2075/2055 1104/2073/2053
f 1784/2076/2056 1102/2077/2057 1103/2075/2055
f 1785/2078/2058 1100/719/660 1102/2077/2057
f 1085/625/574 1783/2074/2054 1781/676/618
f 1087/2079/2059 1784/2076/2056 1783/2074/2054
f 1088/2080/2060 1785/2078/2058 1784/2076/2056
f 1089/2081/2061 1782/718/659 1785/2078/2058
f 1106/619/568 1788/2082/2062 1109/2083/2063
f 1109/2083/2063 1789/2084/2064 1108/2085/2065
f 1108/2085/2065 1790/2086/2066 1107/2087/2067
f 1107/2087/2067 1787/657/603 1105/660/606
f 1786/618/567 1092/2088/2068 1788/2082/2062
f 1788/2082/2062 1093/2089/2069 1789/2084/2064
f 1789/2084/2064 1094/2090/2070 1790/2086/2066
f 1790/2086/2066 1091/658/604 1787/657/603
f 1081/615/564 1793/2091/2071 1084/2092/2072
f 1084/2092/2072 1794/2093/2073 1083/2094/2074
f 1083/2094/2074 1795/2095/2075 1082/2096/2076
f 1082/2096/2076 1792/674/617 1080/640/589
f 1791/606/556 1104/2073/2053 1793/2091/2071
f 1793/2091/2071 1103/2075/2055 1794/2093/2073
f 1794/2093/2073 1102/2077/2057 1795/2095/2075
f 1795/2095/2075 1100/719/660 1792/674/617
f 1796/620/569 1099/2097/2077 1096/659/605
f 1798/2098/2078 1098/2099/2079 1099/2097/2077
f 1799/2100/2080 1097/2101/2081 1098/2099/2079
f 1800/2102/2082 1095/712/653 1097/2101/2081
f 1106/619/568 1798/2098/2078 1796/620/569
f 1109/2083/2063 1799/2100/2080 1798/2098/2078
f 1108/2085/2065 1800/2102/2082 1799/2100/2080
f 1107/2087/2067 1797/695/636 1800/2102/2082
f 1801/611/560 1114/2103/2083 1111/689/631
f 1803/2104/2084 1113/2105/2085 1114/2103/2083
f 1804/2106/2086 1112/2107/2087 1113/2105/2085
f 1805/2108/2088 1110/612/561 1112/2107/2087
f 1096/659/605 1803/2104/2084 1801/611/560
f 1099/2097/2077 1804/2106/2086 1803/2104/2084
f 1098/2099/2079 1805/2108/2088 1804/2106/2086
f 1097/2101/2081 1802/628/577 1805/2108/2088
f 1806/626/575 1087/2079/2059 1085/625/574
f 1808/2109/2089 1088/2080/2060 1087/2079/2059
f 1809/2110/2090 1089/2081/2061 1088/2080/2060
f 1810/2111/2091 1086/717/658 1089/2081/2061
f 1115/631/580 1808/2109/2089 1806/626/575
f 1117/2112/2092 1809/2110/2090 1808/2109/2089
f 1118/2113/2093 1810/2111/2091 1809/2110/2090
f 1119/2114/2094 1807/608/558 1810/2111/2091
f 1811/632/581 1117/2112/2092 1115/631/580
f 1813/2115/2095 1118/2113/2093 1117/2112/2092
f 1814/2116/2096 1119/2114/2094 1118/2113/2093
f 1815/2117/2097 1116/672/615 1119/2114/2094
f 1125/636/585 1813/2115/2095 1811/632/581
f 1127/2118/2098 1814/2116/2096 1813/2115/2095
f 1128/2119/2099 1815/2117/2097 1814/2116/2096
f 1129/2120/2100 1812/713/654 1815/2117/2097
f 1816/627/576 1124/2121/2101 1121/715/656
f 1818/2122/2102 1123/2123/2103 1124/2121/2101
f 1819/2124/2104 1122/2125/2105 1123/2123/2103
f 1820/2126/2106 1120/635/584 1122/2125/2105
f 1111/689/631 1818/2122/2102 1816/627/576
f 1114/2103/2083 1819/2124/2104 1818/2122/2102
f 1113/2105/2085 1820/2126/2106 1819/2124/2104
f 1112/2107/2087 1817/614/563 1820/2126/2106
f 1148/716/657 1823/2127/2107 1151/2128/2108
f 1151/2128/2108 1824/2129/2109 1150/2130/2110
f 1150/2130/2110 1825/2131/2111 1149/2132/2112
f 1149/2132/2112 1822/703/644 1147/705/646
f 1821/671/614 1134/1293/1259 1823/2127/2107
f 1823/2127/2107 1143/1297/1263 1824/2129/2109
f 1824/2129/2109 1142/1303/1272 1825/2131/2111
f 1825/2131/2111 1132/704/645 1822/703/644
f 1826/638/587 1127/2118/2098 1125/636/585
f 1828/2133/2113 1128/2119/2099 1127/2118/2098
f 1829/2134/2114 1129/2120/2100 1128/2119/2099
f 1830/2135/2115 1126/710/651 1129/2120/2100
f 1148/716/657 1828/2133/2113 1826/638/587
f 1151/2128/2108 1829/2134/2114 1828/2133/2113
f 1150/2130/2110 1830/2135/2115 1829/2134/2114
f 1149/2132/2112 1827/690/632 1830/2135/2115
f 1831/633/582 1138/1301/1267 1131/639/588
f 1833/2136/2116 1139/1306/1275 1138/1301/1267
f 1834/2137/2117 1144/1304/1273 1139/1306/1275
f 1835/2138/2118 1132/704/645 1144/1304/1273
f 1121/715/656 1833/2136/2116 1831/633/582
f 1124/2121/2101 1834/2137/2117 1833/2136/2116
f 1123/2123/2103 1835/2138/2118 1834/2137/2117
f 1122/2125/2105 1832/702/643 1835/2138/2118
f 1090/622/571 1838/2139/2119 1092/2088/2068
f 1092/2088/2068 1839/2140/2120 1093/2089/2069
f 1093/2089/2069 1840/2141/2121 1094/2090/2070
f 1094/2090/2070 1837/697/638 1091/658/604
f 1836/643/590 1159/2142/2122 1838/2139/2119
f 1838/2139/2119 1160/2143/2123 1839/2140/2120
f 1839/2140/2120 1161/2144/2124 1840/2141/2121
f 1840/2141/2121 1158/664/609 1837/697/638
f 1153/645/592 1843/2145/2125 1156/2146/2126
f 1156/2146/2126 1844/2147/2127 1155/2148/2128
f 1155/2148/2128 1845/2149/2129 1154/2150/2130
f 1154/2150/2130 1842/649/595 1152/648/594
f 1841/616/565 1084/2092/2072 1843/2145/2125
f 1843/2145/2125 1083/2094/2074 1844/2147/2127
f 1844/2147/2127 1082/2096/2076 1845/2149/2129
f 1845/2149/2129 1080/640/589 1842/649/595
f 1846/656/602 1170/1309/1279 1167/709/650
f 1848/2151/2131 1171/1318/1289 1170/1309/1279
f 1849/2152/2132 1177/1314/1285 1171/1318/1289
f 1850/2153/2133 1168/1315/1286 1177/1314/1285
f 1162/652/598 1848/2151/2131 1846/656/602
f 1164/2154/2134 1849/2152/2132 1848/2151/2131
f 1165/2155/2135 1850/2153/2133 1849/2152/2132
f 1166/2156/2136 1847/684/626 1850/2153/2133
f 1157/644/591 1853/2157/2137 1159/2142/2122
f 1159/2142/2122 1854/2158/2138 1160/2143/2123
f 1160/2143/2123 1855/2159/2139 1161/2144/2124
f 1161/2144/2124 1852/683/625 1158/664/609
f 1851/650/596 1181/1321/1293 1853/2157/2137
f 1853/2157/2137 1176/1316/1287 1854/2158/2138
f 1854/2158/2138 1175/1313/1284 1855/2159/2139
f 1855/2159/2139 1168/1315/1286 1852/683/625
f 1162/652/598 1858/2160/2140 1164/2154/2134
f 1164/2154/2134 1859/2161/2141 1165/2155/2135
f 1165/2155/2135 1860/2162/2142 1166/2156/2136
f 1166/2156/2136 1857/682/624 1163/681/623
f 1856/646/593 1156/2146/2126 1858/2160/2140
f 1858/2160/2140 1155/2148/2128 1859/2161/2141
f 1859/2161/2141 1154/2150/2130 1860/2162/2142
f 1860/2162/2142 1152/648/594 1857/682/624
f 1169/651/597 1863/2163/2143 1180/2164/1294
f 1180/1308/2144 1862/706/647 1167/709/2145
f 1861/601/553 1072/1282/2146 1863/2163/2143
f 1863/2163/2147 1072/1282/2147 1065/2165/2147
f 1863/2166/2148 1062/707/648 1862/706/647
f 1864/581/533 1038/2167/2149 1026/582/534
f 1038/2167/2150 1866/2168/2151 1029/2169/2152
f 1029/2170/2152 1866/2171/2151 1867/2172/2153
f 1867/2172/2154 1024/1254/1215 1029/1256/1217
f 1131/639/588 1866/2173/2155 1864/581/533
f 1866/2171/2151 1133/2174/2156 1867/2172/2153
f 1133/2175/1260 1865/668/611 1867/2176/2154
f 481/1629/2157 482/2177/2158 1878/1627/2158
f 437/1610/1574 438/2178/1585 1870/1608/2159
f 1419/287/263 1873/2179/2160 1429/1336/1309
f 1429/1336/1309 1874/2180/2161 1430/1328/1302
f 1430/1328/1302 1875/2181/2162 1422/1324/1298
f 1422/1324/1298 1872/304/280 1417/291/267
f 1474/1341/1315 1875/2181/2162 1477/1339/1313
f 1477/1339/1313 1874/2180/2161 1478/1342/1316
f 1478/1342/1316 1873/2179/2160 1484/1348/1322
f 1484/1348/1322 1871/286/262 1475/307/283
f 447/840/791 446/2182/785 445/844/784
f 429/819/767 426/817/761 425/816/759
f 505/1642/2163 504/2183/2164 1868/1643/2165
f 430/1624/2166 427/815/2166 431/2184/2166
f 440/832/778 435/831/777 1879/828/2167
f 448/1611/2168 1877/838/2168 449/2185/2168
f 213/10/8 24/76/68 113/11/9
f 1220/37/33 107/36/32 23/38/34
f 238/39/35 23/38/34 114/45/40
f 105/6/6 20/5/5 324/71/64
f 10/73/66 309/190/167 1290/74/67
f 24/76/68 319/127/113 1284/77/69
f 333/78/70 8/95/66 97/79/71
f 103/55/50 16/17/14 304/81/73
f 15/83/75 102/87/79 1269/84/76
f 15/83/75 329/85/77 1279/86/78
f 102/87/79 14/20/17 313/88/80
f 115/89/81 1264/144/126 324/71/64
f 116/90/82 1289/92/84 308/91/83
f 19/31/27 338/97/88 1289/92/84
f 22/28/24 334/157/137 1299/93/85
f 1285/94/86 96/75/66 8/95/66
f 104/96/87 1294/98/89 338/97/88
f 18/41/37 348/102/93 1294/98/89
f 23/38/34 344/187/165 1314/99/90
f 1300/80/72 97/79/71 11/100/91
f 112/50/45 1309/104/95 348/102/93
f 25/103/94 371/189/166 1309/104/95
f 114/45/40 1314/99/90 354/105/96
f 303/106/97 1275/142/125 95/107/66
f 14/20/17 101/19/16 1319/109/98
f 101/19/16 13/60/55 380/110/99
f 111/63/58 17/57/52 376/111/100
f 99/113/66 12/134/66 375/114/102
f 13/60/55 109/59/54 1334/116/104
f 109/59/54 1344/67/62 392/117/105
f 21/65/60 111/63/58 1339/112/101
f 7/108/66 95/107/66 1270/125/111
f 108/22/19 1279/86/78 319/127/113
f 95/107/66 9/143/66 328/128/114
f 16/17/14 105/6/6 1274/72/65
f 381/132/117 1335/151/133 100/133/66
f 234/32/28 19/31/27 116/90/82
f 96/75/66 1290/74/67 339/140/123
f 1275/142/125 323/192/169 9/143/66
f 26/34/30 308/91/83 1264/144/126
f 100/133/66 1330/152/134 386/149/131
f 1335/151/133 391/786/731 1330/152/134
f 113/11/9 1284/77/69 334/157/137
f 11/100/91 349/181/160 1310/158/138
f 94/162/66 1280/163/142 328/128/114
f 10/73/66 318/183/162 1280/163/142
f 7/108/66 99/113/66 1325/115/103
f 407/165/144 1377/209/186 136/166/145
f 1320/168/147 381/132/117 12/134/66
f 1315/173/152 98/159/139 1305/174/153
f 98/159/139 1310/158/138 370/176/155
f 17/57/52 103/55/50 1324/82/74
f 12/134/66 100/133/66 1340/150/132
f 97/79/71 1295/184/163 349/181/160
f 318/183/162 10/73/66 96/75/66
f 8/95/66 339/140/123 1295/184/163
f 107/36/32 1299/93/85 344/187/165
f 309/190/167 10/73/66 94/162/66
f 1265/191/168 94/162/66 9/143/66
f 343/101/92 11/100/91 98/159/139
f 314/126/112 1320/168/147 99/113/66
f 452/195/172 1418/342/317 129/196/173
f 499/198/175 1525/201/178 135/199/176
f 1525/201/178 722/1123/1080 1469/202/179
f 706/203/180 1470/330/306 130/204/181
f 1377/209/186 432/823/768 1516/210/187
f 1465/205/182 130/204/181 1476/214/191
f 443/216/193 1387/317/293 123/217/194
f 1440/222/199 131/337/249 1445/223/200
f 27/227/204 528/260/236 1370/228/205
f 1388/233/210 133/248/224 1517/234/211
f 1383/236/213 408/801/749 1493/237/214
f 33/239/216 546/302/278 1356/240/217
f 34/197/174 129/196/173 1361/242/219
f 409/244/221 28/273/249 121/245/204
f 1388/233/210 442/839/1590 1497/247/223
f 509/249/225 1369/289/265 120/250/226
f 452/195/172 34/197/174 127/255/231
f 443/216/193 29/218/195 122/257/233
f 27/227/204 121/245/204 1350/259/235
f 34/197/174 526/243/220 1351/261/237
f 35/268/244 565/269/245 1361/242/219
f 35/268/244 128/241/218 1356/240/217
f 28/273/249 122/257/233 1365/274/250
f 29/218/195 508/280/256 1365/274/250
f 486/279/255 1407/256/232 127/255/231
f 29/218/195 123/217/194 1370/228/205
f 136/166/145 1516/210/187 581/281/257
f 1413/200/177 135/199/176 1507/283/259
f 451/285/261 1512/306/282 1871/286/262
f 1360/288/264 120/250/226 1369/289/265
f 28/273/249 544/275/251 1350/259/235
f 30/252/228 545/254/230 1364/297/273
f 32/232/209 125/298/274 1364/297/273
f 1373/251/227 120/250/226 1360/288/264
f 33/239/216 127/255/231 1351/261/237
f 135/199/176 1469/202/179 705/303/279
f 1512/306/282 687/1102/1059 1475/307/283
f 1493/237/214 599/1018/966 1439/308/284
f 133/248/224 1444/311/287 582/309/285
f 133/248/224 1497/247/223 617/310/286
f 433/316/292 27/227/204 123/217/194
f 441/318/294 1383/236/213 119/238/215
f 119/238/215 1439/308/284 615/320/296
f 136/166/145 1435/282/258 597/321/297
f 486/279/255 33/239/216 128/241/218
f 500/329/305 1412/328/304 128/241/218
f 1476/214/191 130/204/181 1470/330/306
f 409/244/221 1382/258/234 122/257/233
f 433/316/292 1378/246/222 121/245/204
f 1445/223/200 131/337/249 1434/334/310
f 598/336/312 1434/334/310 131/337/249
f 500/329/305 35/268/244 129/196/173
f 1540/349/324 759/525/482 55/350/325
f 754/355/328 59/421/387 164/356/329
f 739/361/333 1540/349/324 156/351/326
f 1560/375/346 155/441/407 54/376/347
f 769/374/345 57/373/344 158/381/352
f 1565/382/353 158/381/352 58/383/354
f 779/384/355 58/383/354 165/390/360
f 1580/391/361 165/390/360 1692/392/362
f 1590/399/368 739/361/333 51/362/334
f 824/401/370 1590/399/368 154/400/369
f 1605/407/376 824/401/370 52/402/371
f 156/351/326 55/350/325 877/416/383
f 45/418/385 862/533/490 1635/419/386
f 886/423/389 43/440/406 148/424/390
f 154/400/369 51/362/334 857/426/392
f 50/428/394 153/432/398 1614/429/395
f 153/432/398 49/365/337 866/433/399
f 166/434/400 1609/487/446 877/416/383
f 167/435/401 1634/437/403 861/436/402
f 54/376/347 891/442/408 1634/437/403
f 1630/439/405 147/420/385 43/440/406
f 155/441/407 1639/443/409 891/442/408
f 53/386/357 901/447/413 1639/443/409
f 58/383/354 897/531/488 1659/444/410
f 1645/425/391 148/424/390 46/445/411
f 163/395/365 1654/449/415 901/447/413
f 165/390/360 1659/444/410 907/450/416
f 856/451/417 1620/485/445 146/452/385
f 162/408/377 52/402/371 943/456/420
f 150/458/385 47/477/385 942/459/422
f 56/410/379 162/408/377 1684/457/421
f 42/453/385 146/452/385 1615/468/431
f 159/367/339 1624/431/397 872/470/433
f 146/452/385 44/486/385 881/471/434
f 51/362/334 156/351/326 1619/417/384
f 948/475/437 1680/494/453 151/476/385
f 775/377/348 54/376/347 167/435/401
f 147/420/385 1635/419/386 892/483/443
f 745/380/351 60/379/350 166/434/400
f 1620/485/445 876/535/492 44/486/385
f 60/379/350 861/436/402 1609/487/446
f 151/476/385 1675/495/454 953/492/451
f 1680/494/453 958/1246/1204 1675/495/454
f 164/356/329 1629/422/388 887/500/458
f 46/445/411 902/524/481 1655/501/459
f 145/505/385 1625/506/463 881/471/434
f 45/418/385 871/526/483 1625/506/463
f 42/453/385 150/458/385 1670/460/423
f 1665/511/468 948/475/437 47/477/385
f 1660/516/473 149/502/460 1650/517/474
f 149/502/460 1655/501/459 924/519/476
f 52/402/371 154/400/369 1669/427/393
f 785/387/358 53/386/357 155/441/407
f 47/477/385 151/476/385 1685/493/452
f 148/424/390 1640/527/484 902/524/481
f 1530/484/444 166/434/400 55/350/325
f 871/526/483 45/418/385 147/420/385
f 43/440/406 892/483/443 1640/527/484
f 158/381/352 1644/438/404 897/531/488
f 862/533/490 45/418/385 145/505/385
f 1610/534/491 145/505/385 44/486/385
f 896/446/412 46/445/411 149/502/460
f 867/469/432 1665/511/468 150/458/385
f 1266/1479/1449 1267/1481/1451 326/1480/1450
f 310/1484/1454 311/1485/1455 1267/1481/1451
f 329/85/77 1269/84/76 1271/1487/1457
f 331/1490/1460 1272/1489/1459 1273/1491/1461
f 305/1501/1471 1278/1500/1470 1275/142/125
f 1276/1496/1466 327/1478/1448 326/1480/1450
f 1277/1498/1468 326/1480/1450 325/1482/1452
f 1279/86/78 1281/1503/1473 322/1502/1472
f 1282/1505/1475 1283/1507/1477 320/1506/1476
f 329/85/77 332/1488/1458 1281/1503/1473
f 330/1492/1462 328/128/114 1280/163/142
f 1286/1509/1479 1287/1511/1481 336/1510/1480
f 1287/1511/1481 1288/1513/1483 335/1512/1482
f 338/97/88 340/1517/1487 1291/1514/1484
f 1296/1520/1490 1297/1521/1491 341/1518/1488
f 1297/1521/1491 1298/1522/1492 342/1519/1489
f 1298/1522/1492 1295/184/163 339/140/123
f 351/1524/1494 352/1525/1495 1298/1522/1492
f 352/1525/1495 349/181/160 1295/184/163
f 1303/1531/1501 1300/80/72 343/101/92
f 337/1508/1478 336/1510/1480 1302/1529/1499
f 1309/104/95 1311/1539/1508 350/1523/1493
f 1314/99/90 1316/1542/1511 361/770/713
f 315/1493/1463 1321/1545/1514 1322/1546/1515
f 1319/109/98 380/110/99 382/1548/1517
f 1324/82/74 304/81/73 307/1497/1467
f 1328/1555/1524 305/1501/1471 303/106/97
f 388/1563/1530 389/1564/1531 1333/1560/1528
f 389/1564/1531 386/149/131 1330/152/134
f 380/110/99 1334/116/104 1336/1565/1532
f 382/1548/1517 1336/1565/1532 1337/1566/1533
f 383/1549/1518 1337/1566/1533 1338/1567/1534
f 384/1550/1519 1338/1567/1534 1335/151/133
f 1334/116/104 392/117/105 404/792/738
f 1342/1569/1536 378/1554/1523 377/1556/1525
f 528/260/236 1350/259/235 1352/1580/1546
f 539/944/889 1352/1580/1546 1353/1581/1547
f 1353/1581/1547 1354/1582/1548 531/930/874
f 1354/1582/1548 1351/261/237 526/243/220
f 1350/259/235 544/275/251 549/950/896
f 1352/1580/1546 549/950/896 559/953/899
f 559/953/899 558/963/909 1354/1582/1548
f 558/963/909 546/302/278 1351/261/237
f 1357/1583/1549 1358/1585/1551 554/958/904
f 554/958/904 1358/1585/1551 1359/1584/1550
f 560/962/908 1359/1584/1550 1356/240/217
f 1358/1585/1551 577/969/915 576/981/929
f 1359/1584/1550 576/981/929 565/269/245
f 578/980/928 1363/1591/1558 1361/242/219
f 1360/288/264 527/290/266 536/938/881
f 1362/1586/1552 536/938/881 530/931/885
f 1367/1593/1560 1368/1594/1561 513/913/853
f 1364/297/273 545/254/230 555/957/903
f 547/949/895 544/275/251 1365/274/250
f 1369/289/265 1371/1599/1565 534/1595/882
f 1371/1596/1562 1372/1600/1563 535/947/892
f 1372/1597/1564 1370/228/205 528/260/236
f 1369/289/265 509/249/225 518/1598/860
f 1372/1597/1564 511/912/852 508/280/256
f 435/826/769 1379/1606/1570 1380/1607/1571
f 1870/1608/1572 1380/1607/1571 1381/1609/1573
f 437/1610/1574 1381/1609/1573 1378/246/222
f 407/165/144 412/795/743 1379/1606/1570
f 1382/258/234 1384/1612/1578 448/1611/1577
f 1384/1612/1578 1385/1613/1580 1877/838/1579
f 1385/1613/1580 1386/1614/1582 445/835/1581
f 1384/1612/1578 418/809/1576 415/802/1583
f 1385/1613/1580 415/802/1583 414/799/747
f 1387/317/293 1389/1616/1584 437/1615/1574
f 1389/1616/1584 1390/1617/1586 438/833/1585
f 1390/1617/1586 1391/1618/1587 440/830/775
f 1391/1618/1587 1388/233/210 434/235/212
f 1389/1616/1584 448/1619/1577 449/1620/1588
f 1391/1618/1587 447/842/1589 442/839/1590
f 1407/256/232 486/279/255 492/894/836
f 1410/1636/1613 491/895/831 488/884/828
f 1411/1638/1616 488/884/828 485/886/830
f 1412/328/304 1414/1639/1618 492/893/836
f 1414/1639/1618 1415/1640/1619 493/891/834
f 1415/1640/1619 1416/1641/1620 497/897/840
f 1412/328/304 500/329/305 505/1642/1621
f 1414/1639/1618 505/1642/1621 1868/1643/1622
f 1415/1640/1619 1868/1643/1622 503/902/842
f 1416/1641/1620 503/902/842 499/198/175
f 1418/342/317 1427/1331/1305 505/1644/1621
f 1421/1325/1299 1420/1323/1297 503/908/1624
f 1418/342/317 452/195/172 460/856/1625
f 1425/1332/1304 460/856/1625 457/853/1626
f 1426/1333/1306 457/853/1626 456/852/1627
f 1431/1337/1310 456/852/1627 451/285/261
f 1434/1648/310 598/1011/312 607/1010/960
f 1436/1645/1628 607/1010/960 601/1004/954
f 1437/1646/1629 601/1004/954 600/1002/952
f 1438/1647/1630 600/1002/952 597/321/297
f 1443/1651/1633 1440/2186/199 616/1029/201
f 599/1018/966 612/1017/965 1441/1649/1631
f 612/1017/965 606/1012/961 1442/1650/1632
f 606/1012/961 605/1009/959 1443/1651/1633
f 605/1652/959 598/336/312 1440/222/199
f 1444/311/287 1446/1654/1634 589/995/944
f 1447/1655/1635 1448/1656/1636 594/998/948
f 1444/311/287 617/310/286 630/1034/981
f 1446/1654/1634 630/1034/981 625/1030/976
f 1447/1655/1635 625/1030/976 624/1027/974
f 1448/1656/1636 624/1027/974 616/1029/201
f 1469/202/179 1471/1677/1652 712/1113/1072
f 712/1113/1072 1471/1677/1652 1472/1674/1650
f 713/1115/1074 1472/1674/1650 1473/1675/1651
f 719/1119/1078 1473/1675/1651 1470/1676/306
f 1471/1677/1652 727/1125/1082 735/1129/1086
f 1482/1347/1321 701/1104/1061 695/1098/1054
f 1483/1349/1323 695/1098/1054 694/1095/1052
f 1489/1354/1327 694/1095/1052 686/1097/192
f 865/1841/1840 862/533/490 1610/534/491
f 860/1852/1851 1621/1851/1850 1622/1853/1852
f 1621/1851/1850 880/1833/1832 879/1835/1834
f 1628/1862/1861 1625/506/463 871/526/483
f 883/1847/1846 881/471/434 1625/506/463
f 872/470/433 875/1857/1856 1631/1864/1863
f 874/1859/1858 873/1861/1860 1633/1868/1867
f 894/1873/1872 895/1874/1873 1638/1871/1870
f 1643/1877/1876 1640/527/484 892/483/443
f 889/1865/1864 888/1867/1866 1648/1886/1885
f 1656/1891/1891 1657/1892/1892 904/1879/1878
f 1659/444/410 1661/1895/1894 913/1894/1168
f 1662/1897/1895 1663/1902/1896 920/1212/1173
f 897/531/488 900/1881/1880 1661/1895/1894
f 898/1903/1884 896/2187/412 1660/1904/473
f 868/1848/1847 1666/1905/1897 1667/1906/1898
f 946/1912/1904 1671/1911/1903 1672/1913/1905
f 1672/1913/1905 859/1854/1853 858/1856/1855
f 951/1910/1902 1683/1925/1917 1680/494/453
f 955/1921/1913 1687/1927/1919 1688/1928/1920
f 956/1922/1914 1688/1928/1920 1685/493/452
f 1687/1927/1919 945/1914/1906 944/1916/1908
f 1688/1928/1920 944/1916/1908 942/459/422
f 1244/1/1 92/70/2 1/2/2
f 1195/4/4 218/182/161 20/5/5
f 88/7/2 1189/61/56 224/8/7
f 4/13/2 89/43/2 1209/14/11
f 198/16/13 1195/4/4 105/6/6
f 209/18/15 1240/164/143 101/19/16
f 223/21/18 15/83/75 108/22/19
f 3/9/2 87/27/2 1184/24/21
f 1199/26/23 214/160/140 4/13/2
f 1205/12/10 113/11/9 22/28/24
f 1215/30/26 104/96/87 19/31/27
f 1210/33/29 116/90/82 26/34/30
f 228/29/25 22/28/24 107/36/32
f 1230/40/36 112/50/45 18/41/37
f 89/43/2 2/156/2 233/44/39
f 1235/46/41 114/45/40 1347/47/42
f 265/49/44 25/103/94 112/50/45
f 90/51/46 5/153/46 243/52/47
f 1245/54/49 198/16/13 16/17/14
f 270/56/51 1245/54/49 103/55/50
f 276/58/53 1255/66/61 109/59/54
f 1/2/2 208/193/170 1189/61/56
f 1260/62/57 270/56/51 17/57/52
f 281/64/59 1260/62/57 111/63/58
f 1255/66/61 286/748/691 1344/67/62
f 6/68/2 275/130/115 1239/69/63
f 1190/119/107 209/18/15 14/20/17
f 1250/120/108 281/1466/59 21/121/60
f 106/122/109 21/121/60 385/123/106
f 224/8/7 1199/26/23 87/27/2
f 1200/23/20 108/22/19 24/76/68
f 93/129/2 1254/146/128 275/130/115
f 199/3/3 1/2/2 88/7/2
f 1225/135/118 248/722/663 1348/136/119
f 110/137/120 1348/136/119 353/138/121
f 204/35/31 26/34/30 115/89/81
f 223/21/18 1190/119/107 102/87/79
f 1249/145/127 287/757/700 1254/146/128
f 280/147/129 1249/145/127 93/129/2
f 5/153/46 91/169/148 1229/154/135
f 1204/155/136 229/161/141 2/156/2
f 214/160/140 1204/155/136 89/43/2
f 229/161/141 1219/186/164 90/51/46
f 1240/164/143 276/58/53 13/60/55
f 91/169/148 1224/172/151 266/170/149
f 1234/171/150 249/731/672 1224/172/151
f 1250/120/108 106/122/109 1345/177/156
f 271/179/158 6/68/2 92/70/2
f 106/122/109 1329/124/110 390/180/159
f 244/42/38 18/41/37 104/96/87
f 1259/148/130 93/129/2 6/68/2
f 2/156/2 90/51/46 1214/53/48
f 1185/141/124 115/89/81 20/5/5
f 1225/185/118 110/188/120 25/103/94
f 1219/186/164 239/194/171 5/153/46
f 110/188/120 1304/1538/122 371/189/166
f 1194/131/116 88/7/2 3/9/2
f 87/27/2 4/13/2 203/15/12
f 92/70/2 1239/69/63 208/193/170
f 239/194/171 1234/171/150 91/169/148
f 476/206/183 32/232/209 126/207/184
f 137/211/188 1504/1689/1678 667/212/189
f 421/219/196 1392/299/275 134/220/197
f 1520/225/202 632/1039/989 1450/226/203
f 31/229/206 126/207/184 1374/230/207
f 32/232/209 510/300/276 1374/230/207
f 30/252/228 124/277/253 1355/253/229
f 1397/262/238 137/211/188 1519/263/239
f 422/265/241 1502/1686/1672 118/266/242
f 477/270/246 1403/267/243 118/266/242
f 475/272/248 1504/1689/1678 137/211/188
f 423/276/252 31/229/206 124/277/253
f 1417/291/267 1872/304/280 1524/292/268
f 1408/294/270 485/886/830 1508/295/271
f 31/229/206 563/231/208 1355/253/229
f 1392/299/275 461/859/807 1520/225/202
f 1872/304/280 1474/1341/1315 723/305/281
f 118/266/242 1502/1686/1672 652/312/288
f 1519/263/239 137/211/188 1455/213/190
f 118/266/242 1459/313/289 668/315/291
f 423/276/252 1402/208/185 126/207/184
f 462/322/298 1393/278/254 124/277/253
f 634/323/299 1454/339/314 132/324/300
f 1449/325/301 132/324/300 1460/326/302
f 117/296/272 1508/295/271 704/332/308
f 462/322/298 30/252/228 125/298/274
f 476/206/183 1398/338/313 125/298/274
f 1460/326/302 132/324/300 1454/339/314
f 134/220/197 1450/226/203 650/341/316
f 450/343/318 1408/294/270 117/296/272
f 1513/344/319 117/296/272 1464/333/309
f 1589/346/321 143/415/322 36/347/322
f 139/352/322 1534/406/375 765/353/327
f 39/358/322 140/388/322 1554/359/331
f 750/363/335 1585/507/464 152/364/336
f 764/366/338 50/428/394 159/367/339
f 38/354/322 138/372/322 1529/369/341
f 1544/371/343 755/503/461 39/358/322
f 1550/357/330 164/356/329 57/373/344
f 1555/378/349 167/435/401 60/379/350
f 1575/385/356 163/395/365 53/386/357
f 140/388/322 37/499/322 774/389/359
f 806/394/364 1696/448/414 163/395/365
f 141/396/322 40/496/455 784/397/366
f 830/403/372 1600/411/380 160/404/373
f 36/347/322 749/536/493 1534/406/375
f 835/409/378 1605/407/376 162/408/377
f 1600/411/380 840/1184/1142 1689/412/381
f 41/413/322 829/473/435 1584/414/382
f 59/421/387 872/470/433 1629/422/388
f 50/428/394 882/430/396 1624/431/397
f 57/373/344 887/500/458 1644/438/404
f 1696/448/414 925/1232/1192 1654/449/415
f 49/365/337 152/364/336 1664/454/418
f 152/364/336 48/405/374 947/455/419
f 48/405/374 160/404/373 1679/461/424
f 160/404/373 1689/412/381 959/462/425
f 1535/464/427 750/363/335 49/365/337
f 1595/465/428 835/409/378 56/410/379
f 157/466/429 56/410/379 952/463/426
f 765/353/327 1544/371/343 138/372/322
f 1545/368/340 159/367/339 59/421/387
f 144/472/322 1599/489/448 829/473/435
f 740/348/323 36/347/322 139/352/322
f 789/478/438 1693/481/441 161/479/439
f 1693/481/441 906/1197/1156 1649/482/442
f 764/366/338 1535/464/427 153/432/398
f 1594/488/447 841/1193/1152 1599/489/448
f 834/490/449 1594/488/447 144/472/322
f 40/496/455 142/512/469 1574/497/456
f 1549/498/457 770/504/462 37/499/322
f 755/503/461 1549/498/457 140/388/322
f 770/504/462 1564/530/487 141/396/322
f 1585/507/464 830/403/372 48/405/374
f 1761/508/465 173/604/466 61/509/466
f 142/512/469 1569/515/472 807/513/470
f 1579/514/471 790/1149/1109 1569/515/472
f 1595/465/428 157/466/429 1690/520/477
f 825/522/479 41/413/322 143/415/322
f 157/466/429 1674/467/430 957/523/480
f 1604/491/450 144/472/322 41/413/322
f 37/499/322 141/396/322 1559/398/367
f 1570/480/440 161/479/439 1697/528/485
f 1564/530/487 780/537/494 40/496/455
f 161/479/439 1649/482/442 923/532/489
f 1539/474/436 139/352/322 38/354/322
f 138/372/322 39/358/322 744/360/332
f 143/415/322 1584/414/382 749/536/493
f 780/537/494 1579/514/471 142/512/469
f 1712/538/495 994/711/652 80/539/496
f 169/541/466 1706/595/547 1000/542/498
f 989/544/499 84/610/559 194/545/500
f 64/547/466 170/577/466 1726/548/502
f 974/550/504 1712/538/495 186/540/497
f 985/552/506 1757/696/637 182/553/507
f 999/555/509 75/617/566 189/556/510
f 63/543/466 168/561/466 1701/558/512
f 1716/560/514 990/692/634 64/547/466
f 1722/546/501 194/545/500 82/562/515
f 1732/564/517 185/630/579 79/565/518
f 1727/567/520 197/624/573 86/568/521
f 1004/563/516 82/562/515 188/570/523
f 1737/571/524 188/570/523 83/572/525
f 1747/574/527 193/584/536 78/575/528
f 170/577/466 62/688/630 1009/578/530
f 1014/573/526 83/572/525 195/579/531
f 1752/580/532 195/579/531 1864/581/533
f 1042/583/535 85/637/586 193/584/536
f 171/585/537 65/685/627 1019/586/538
f 1762/588/540 974/550/504 76/551/505
f 1047/590/542 1762/588/540 184/589/541
f 1053/592/544 1772/600/552 190/593/545
f 61/509/466 984/720/661 1706/595/547
f 1777/596/548 1047/590/542 77/591/543
f 1058/598/550 1777/596/548 192/597/549
f 1772/600/552 1063/1280/1243 1861/601/553
f 66/602/466 1052/662/607 1756/603/554
f 186/540/497 80/539/496 1101/605/555
f 70/607/557 1086/717/658 1807/608/558
f 84/610/559 1096/659/605 1801/611/560
f 1110/612/561 68/629/578 178/613/562
f 184/589/541 76/551/505 1081/615/564
f 75/617/566 183/621/570 1786/618/567
f 75/617/566 1106/619/568 1796/620/569
f 183/621/570 74/554/508 1090/622/571
f 196/623/572 1781/676/618 1101/605/555
f 197/624/573 1806/626/575 1085/625/574
f 79/565/518 1115/631/580 1806/626/575
f 82/562/515 1111/689/631 1816/627/576
f 1802/628/577 177/609/557 68/629/578
f 185/630/579 1811/632/581 1115/631/580
f 78/575/528 1125/636/585 1811/632/581
f 83/572/525 1121/715/656 1831/633/582
f 1817/614/563 178/613/562 71/634/583
f 193/584/536 1826/638/587 1125/636/585
f 85/637/586 1148/716/657 1826/638/587
f 195/579/531 1831/633/582 1131/639/588
f 1080/640/589 1792/674/617 176/641/557
f 74/554/508 182/553/507 1836/643/590
f 182/553/507 73/594/546 1157/644/591
f 192/597/549 77/591/543 1153/645/592
f 180/647/557 72/666/557 1152/648/594
f 73/594/546 190/593/545 1851/650/596
f 190/593/545 1861/601/553 1169/651/597
f 81/599/551 192/597/549 1856/646/593
f 1707/653/599 985/552/506 74/554/508
f 1767/654/600 1058/598/550 81/599/551
f 187/655/601 81/599/551 1162/652/598
f 67/642/557 176/641/557 1787/657/603
f 1000/542/498 1716/560/514 168/561/466
f 1717/557/511 189/556/510 84/610/559
f 189/556/510 1796/620/569 1096/659/605
f 176/641/557 69/675/557 1105/660/606
f 174/661/466 1771/678/620 1052/662/607
f 975/510/467 61/509/466 169/541/466
f 76/551/505 186/540/497 1791/606/556
f 1158/664/609 1852/683/625 181/665/557
f 1010/566/519 79/565/518 197/624/573
f 1742/667/610 1024/2188/1215 1865/668/611
f 191/669/612 1865/668/611 1130/670/613
f 177/609/557 1807/608/558 1116/672/615
f 980/569/522 86/568/521 196/623/572
f 999/555/509 1707/653/599 183/621/570
f 1792/674/617 1100/719/660 69/675/557
f 86/568/521 1085/625/574 1781/676/618
f 1766/677/619 1064/1289/1254 1771/678/620
f 1057/679/621 1766/677/619 174/661/466
f 181/665/557 1847/684/626 1163/681/623
f 1852/683/625 1168/1315/1286 1847/684/626
f 65/685/627 172/698/639 1746/686/628
f 1721/687/629 1005/693/635 62/688/630
f 194/545/500 1801/611/560 1111/689/631
f 71/634/583 1126/710/651 1827/690/632
f 990/692/634 1721/687/629 170/577/466
f 1005/693/635 1736/714/655 171/585/537
f 175/694/557 1797/695/636 1105/660/606
f 70/607/557 1095/712/653 1797/695/636
f 1757/696/637 1053/592/544 73/594/546
f 67/642/557 180/647/557 1842/649/595
f 1837/697/638 1158/664/609 72/666/557
f 172/698/639 1741/701/642 1043/699/640
f 1751/700/641 1025/1263/1224 1741/701/642
f 1832/702/643 179/691/633 1822/703/644
f 179/691/633 1827/690/632 1147/705/646
f 1767/654/600 187/655/601 1862/706/647
f 1048/708/649 66/602/466 173/604/466
f 77/591/543 184/589/541 1841/616/565
f 187/655/601 1846/656/602 1167/709/650
f 1020/576/529 78/575/528 185/630/579
f 1776/680/622 174/661/466 66/602/466
f 72/666/557 181/665/557 1857/682/624
f 178/613/562 1812/713/654 1126/710/651
f 62/688/630 171/585/537 1731/587/539
f 1702/673/616 196/623/572 80/539/496
f 1095/712/653 70/607/557 177/609/557
f 68/629/578 1116/672/615 1812/713/654
f 1742/667/610 191/669/612 85/637/586
f 1736/714/655 1015/721/662 65/685/627
f 188/570/523 1816/627/576 1121/715/656
f 191/669/612 1821/671/614 1148/716/657
f 1711/663/608 169/541/466 63/543/466
f 168/561/466 64/547/466 979/549/503
f 1086/717/658 70/607/557 175/694/557
f 1782/718/659 175/694/557 69/675/557
f 173/604/466 1756/603/554 984/720/661
f 1015/721/662 1751/700/641 172/698/639
f 1120/635/584 71/634/583 179/691/633
f 1091/658/604 1837/697/638 180/647/557
f 248/722/663 251/725/666 253/723/664
f 251/725/666 252/734/675 254/726/667
f 253/723/664 254/726/667 255/728/669
f 256/729/670 259/733/674 258/730/671
f 257/732/673 260/735/676 259/733/674
f 259/733/674 254/726/667 252/734/675
f 260/735/676 255/728/669 254/726/667
f 250/48/43 261/1576/679 263/736/677
f 262/740/678 263/739/677 260/735/681
f 263/739/677 264/727/2169 255/728/683
f 285/178/157 288/743/686 290/741/684
f 288/743/686 295/1574/2170 291/744/687
f 289/742/685 290/741/684 302/745/688
f 290/741/684 291/744/687 292/747/690
f 286/748/691 293/1473/694 296/749/692
f 293/751/694 294/759/1443 297/752/695
f 296/753/692 297/752/695 292/747/697
f 298/755/698 301/758/701 300/756/699
f 299/746/689 302/745/688 301/758/701
f 301/758/701 297/752/703 294/759/702
f 302/745/688 292/747/690 297/752/703
f 353/760/121 356/2189/706 358/761/704
f 357/762/705 358/761/704 369/765/708
f 358/761/704 359/764/2171 360/767/710
f 354/105/96 361/770/713 363/768/711
f 361/770/713 362/775/720 364/771/714
f 363/768/711 364/771/714 360/767/716
f 365/772/717 368/774/719 367/773/718
f 366/766/709 369/765/721 368/774/719
f 368/774/719 364/771/714 362/775/720
f 369/765/721 360/767/716 364/771/714
f 390/180/159 393/1557/724 395/776/722
f 393/778/724 394/789/734 396/779/725
f 395/780/722 396/779/725 397/783/727
f 398/784/729 401/788/733 400/785/730
f 399/787/732 402/790/735 401/788/733
f 401/788/733 396/779/736 394/789/734
f 402/790/735 397/783/741 396/779/736
f 392/117/105 403/1572/739 405/791/737
f 404/792/738 405/791/737 402/790/735
f 405/791/737 406/782/740 397/783/741
f 410/794/742 413/797/745 412/795/743
f 414/799/747 417/803/751 416/800/748
f 415/802/750 420/2190/746 417/803/751
f 417/803/751 413/805/745 411/796/744
f 419/808/754 420/2190/746 415/802/750
f 439/829/776 436/1705/2172 435/831/777
f 1879/828/779 1870/827/2173 438/833/780
f 447/842/788 449/1620/2174 1877/843/789
f 456/850/800 459/854/2175 455/848/801
f 458/855/802 457/2191/2176 460/856/803
f 464/857/805 466/861/809 465/858/806
f 468/864/811 467/872/808 470/865/812
f 471/869/814 474/871/816 473/870/815
f 472/863/810 466/862/809 474/871/816
f 474/871/816 467/872/808 468/864/811
f 483/878/825 479/1694/2177 478/880/820
f 484/881/826 478/880/820 480/883/822
f 488/884/828 490/888/832 489/885/829
f 493/891/834 491/899/831 494/892/835
f 495/896/839 498/898/841 497/897/840
f 496/890/833 490/889/832 498/898/841
f 498/898/841 491/899/831 493/891/834
f 1869/910/849 1868/903/2178 504/911/850
f 511/912/852 514/915/855 513/913/853
f 512/914/854 515/917/857 514/915/855
f 514/915/855 525/918/858 522/916/856
f 509/919/225 516/922/861 519/920/859
f 516/922/861 517/928/1567 520/923/862
f 518/921/860 519/920/859 515/917/863
f 519/920/864 520/923/2179 525/924/865
f 521/925/867 524/927/869 523/926/868
f 522/916/856 525/918/871 524/927/869
f 524/927/869 520/923/872 517/928/870
f 526/243/220 529/2192/876 532/929/873
f 530/931/875 533/942/878 532/932/873
f 532/929/873 543/936/879 540/934/877
f 527/290/266 534/1595/882 537/937/880
f 534/939/882 535/947/892 538/940/883
f 536/938/881 537/937/880 533/942/884
f 537/937/886 538/2193/2180 543/943/887
f 539/944/889 542/946/891 541/945/890
f 540/934/877 543/936/893 542/946/891
f 542/946/891 538/940/894 535/947/892
f 547/949/895 550/952/898 549/950/896
f 548/951/897 551/960/906 550/952/898
f 550/952/898 562/955/901 559/953/899
f 550/952/898 551/960/906 552/954/900
f 553/956/902 556/959/905 555/957/903
f 554/958/904 557/964/910 556/959/905
f 556/959/905 551/960/906 548/951/897
f 556/959/905 557/964/910 552/954/900
f 546/302/278 558/963/909 561/961/907
f 558/963/909 559/953/899 562/955/901
f 560/962/908 561/961/907 557/964/910
f 561/961/907 562/955/901 552/954/900
f 566/965/911 569/968/914 568/966/912
f 567/967/913 570/970/916 569/968/914
f 569/968/914 580/971/917 577/969/915
f 564/301/277 571/974/920 574/972/918
f 571/974/920 572/1587/1553 575/975/921
f 573/976/919 574/2194/918 570/970/922
f 574/972/924 575/975/2181 580/977/925
f 565/269/245 576/981/929 579/979/927
f 576/981/929 577/969/915 580/971/930
f 579/979/927 575/984/932 572/982/931
f 581/281/257 584/987/935 587/985/933
f 586/986/934 587/985/933 596/989/937
f 582/309/285 589/995/944 587/993/942
f 589/995/944 590/1001/951 596/996/945
f 592/997/947 595/1000/949 594/998/948
f 593/990/938 596/989/937 595/1000/949
f 595/1000/950 596/996/945 590/1001/951
f 600/1002/952 603/1005/955 602/1003/953
f 601/1004/954 604/1015/957 603/1005/955
f 603/1005/955 614/1008/958 611/1006/956
f 605/1009/959 608/1013/962 607/1010/960
f 606/1012/961 609/1014/963 608/1013/962
f 608/1013/962 604/1015/957 601/1004/954
f 610/1016/964 613/1019/967 612/1017/965
f 611/1006/956 614/1008/958 613/1019/967
f 613/1019/967 609/1014/963 606/1012/961
f 614/1008/958 604/1007/957 609/1014/963
f 615/320/296 618/1022/970 621/1020/968
f 618/1022/970 619/1032/979 622/1023/971
f 624/1027/974 627/1031/978 626/1028/975
f 625/1030/976 622/1036/985 627/1031/977
f 627/1031/978 622/1023/971 619/1032/979
f 617/310/286 628/1035/1662 631/1033/980
f 629/1025/982 621/1024/2182 631/1033/983
f 630/1034/981 631/1033/983 622/1036/985
f 631/1033/983 621/1024/2182 623/1026/986
f 635/1037/987 638/1041/991 637/1038/988
f 636/1040/990 639/1050/993 638/1041/991
f 638/1041/991 649/1044/994 646/1042/992
f 640/1045/995 643/1048/998 642/1046/996
f 641/1047/997 644/1049/999 643/1048/998
f 643/1048/998 639/1050/993 636/1040/990
f 645/1051/1000 648/1054/1002 647/1052/1001
f 646/1042/992 649/1044/994 648/1054/1002
f 648/1054/1002 644/1049/999 641/1047/997
f 649/1044/994 639/1043/993 644/1049/999
f 650/341/316 653/1057/1005 656/1055/1003
f 653/1057/1005 654/1067/1018 662/1058/1006
f 658/1062/1013 661/1066/1016 660/1063/1014
f 659/1065/1015 662/1071/1024 661/1066/1016
f 661/1066/1017 662/1058/1006 654/1067/1018
f 652/312/288 663/1070/1677 666/1068/1019
f 664/1060/1021 656/1059/2183 666/1068/1022
f 665/1069/1020 666/1068/1019 662/1071/1024
f 666/1068/1022 656/1059/2183 657/1061/1025
f 667/212/189 670/1690/1029 672/1072/1027
f 671/1073/1028 672/1072/1027 684/1076/1031
f 672/1072/1027 673/1075/1030 674/1078/1033
f 668/315/291 675/1081/1036 678/1079/1034
f 675/1081/1036 676/1087/1044 679/1082/1037
f 677/1080/1038 678/1079/1034 673/1075/1039
f 678/1079/1034 679/1082/1037 674/1078/1033
f 680/1083/1041 683/1086/1043 682/1084/1042
f 681/1077/1032 684/1076/1031 683/1086/1043
f 683/1086/1043 679/1082/1037 676/1087/1044
f 684/1076/1031 674/1078/1033 679/1082/1037
f 685/345/320 688/1090/1047 691/1088/1045
f 688/1090/1047 689/1100/1647 692/1091/1048
f 690/1089/1046 691/1088/1045 703/1092/1049
f 691/1088/1045 692/1091/1048 693/1094/1051
f 694/1095/1052 697/1099/1055 696/1096/1053
f 695/1098/1054 698/1101/1057 697/1099/1055
f 697/1099/1055 692/1091/1058 689/1100/1056
f 698/1101/1057 693/1094/1064 692/1091/1058
f 687/1102/1059 699/1105/1063 702/1103/1060
f 700/1093/1062 703/1092/2184 702/1103/1060
f 701/1104/1061 702/1103/1060 698/1101/1057
f 702/1103/1060 703/1092/2184 693/1094/1064
f 707/1106/1065 710/1109/1068 709/1107/1066
f 708/1108/1067 711/1111/1070 710/1109/1068
f 710/1109/1068 721/1112/1071 718/1110/1069
f 712/1113/1072 715/1116/1075 714/1114/1073
f 713/1115/1074 716/1117/1076 715/1116/1075
f 715/1116/1075 711/1111/1070 708/1108/1067
f 716/1117/1076 721/1122/1071 711/1111/1070
f 717/1118/1077 720/1121/1079 719/1119/1078
f 718/1110/1069 721/1112/1071 720/1121/1079
f 720/1121/1079 716/1117/1076 713/1115/1074
f 722/1123/1080 725/1127/1084 728/1124/1081
f 726/1126/1083 729/1133/2185 728/1124/1081
f 727/1125/1082 728/1124/1081 738/1128/1085
f 728/1124/1081 729/1133/2185 730/1130/1087
f 723/305/1088 731/1678/2186 730/1131/1089
f 733/1132/1090 730/1131/1089 729/1133/1091
f 734/1134/1093 737/1137/1095 736/1135/1094
f 735/1129/1086 738/1128/1085 737/1137/1095
f 737/1137/1095 731/1139/1098 732/1138/1096
f 738/1128/1097 730/1130/2187 731/1139/1098
f 789/478/438 792/1142/1101 795/1140/1099
f 792/1142/1101 793/1152/1112 796/1143/1102
f 794/1141/1103 795/1140/1099 791/1144/1104
f 795/1140/1099 796/1143/1102 797/1146/1106
f 798/1147/1107 801/1151/1111 800/1148/1108
f 799/1150/1110 803/1153/1113 801/1151/1111
f 801/1151/1111 796/1143/1102 793/1152/1112
f 803/1153/1113 797/1146/1106 796/1143/1114
f 804/1158/1118 791/1144/1104 797/1146/1106
f 808/1159/1119 811/1162/1122 810/1160/1120
f 809/1161/1121 812/1164/1124 811/1162/1122
f 811/1162/1122 823/1165/1125 820/1163/1123
f 812/1164/1124 813/1171/1130 823/1165/1125
f 806/1166/364 814/1169/1128 817/1167/1126
f 814/1169/1128 815/1175/1790 818/1170/1129
f 816/1168/1127 817/1167/1126 812/1164/1124
f 817/1167/1126 818/1170/1129 813/1171/1130
f 807/513/470 819/1174/1133 822/1172/1131
f 819/1174/1133 820/1163/1123 823/1165/1125
f 821/1173/1132 822/1172/1131 818/1170/1129
f 822/1172/1131 823/1165/1125 813/1171/1130
f 839/1176/478 842/2195/1137 844/1177/1135
f 843/1178/1136 844/1177/1135 855/1181/1139
f 844/1177/1135 845/1180/1138 846/1183/1141
f 840/1184/1142 847/1187/1145 849/1185/1143
f 847/1187/1145 848/1826/1827 850/1188/1146
f 849/1185/1143 850/1188/1146 846/1190/1148
f 851/1191/1150 854/1194/1153 853/1192/1151
f 852/1182/1140 855/1181/1139 854/1194/1153
f 854/1194/1153 850/1196/1155 848/1195/1154
f 855/1181/1139 846/1183/1141 850/1196/1155
f 906/1197/1156 915/1939/1159 910/1198/1157
f 909/1199/1158 910/1198/1157 922/1202/1161
f 910/1198/1163 911/1201/2188 912/1204/1164
f 907/450/416 913/1894/1168 916/1205/1166
f 913/1207/1168 914/1215/1176 917/1208/1169
f 916/1209/1166 917/1208/1169 912/1204/1171
f 918/1211/1172 921/1214/1175 920/1212/1173
f 919/1203/1174 922/1202/1177 921/1214/1175
f 921/1214/1175 917/1208/1169 914/1215/1176
f 922/1202/1177 912/1204/1171 917/1208/1169
f 923/532/489 926/1218/1180 929/1216/1178
f 926/1218/1180 927/1229/1887 930/1219/1181
f 928/1217/1179 929/1216/1178 941/1220/1182
f 929/1216/1178 930/1219/1181 931/1222/1184
f 924/1223/476 932/2196/1187 935/1224/1185
f 932/1226/1187 933/1236/1194 936/1227/1188
f 934/1225/1186 935/1224/1185 930/1219/1181
f 935/1224/1185 936/1237/1188 931/1222/1184
f 937/1230/1190 940/1235/1193 939/1231/1191
f 938/1221/1183 941/1220/1182 940/1233/1193
f 940/1235/1193 936/1227/1188 933/1236/1194
f 941/1220/1182 931/1222/1184 936/1237/1188
f 957/523/480 960/1240/1197 962/1238/1195
f 960/1240/1197 961/1249/1207 963/1241/1198
f 962/1238/1195 963/1241/1198 964/1243/1200
f 965/1244/1202 968/1248/1206 967/1245/1203
f 966/1247/1205 969/1250/1208 968/1248/1206
f 968/1248/1206 963/1241/1209 961/1249/1207
f 969/1250/1208 964/1243/1214 963/1241/1209
f 959/462/425 970/1930/1212 972/1251/1210
f 971/1252/1211 972/1251/1210 969/1250/1208
f 972/1251/1210 973/1242/1213 964/1243/1214
f 1024/1254/1215 1027/1257/1218 1030/1255/1216
f 1027/1257/1218 1028/1266/1227 1031/1258/1219
f 1030/1255/1216 1031/1258/1219 1032/1260/1221
f 1033/1261/1222 1036/1265/1226 1035/1262/1223
f 1034/1264/1225 1037/1267/1228 1036/1265/1226
f 1036/1265/1226 1031/1258/1219 1028/1266/1227
f 1037/1267/1228 1032/1260/1221 1031/1258/1219
f 1026/1268/534 1038/1271/2149 1040/1269/1229
f 1038/1271/1231 1029/2170/2189 1041/1259/1232
f 1039/1270/1230 1040/1269/1229 1037/1267/1233
f 1040/1269/1229 1041/1259/1232 1032/1260/1235
f 1062/1272/648 1065/2197/1238 1067/1273/1236
f 1066/1274/1237 1067/1273/1236 1079/1277/1240
f 1067/1273/1236 1068/1276/1239 1069/1279/1242
f 1063/1280/1243 1070/2066/1246 1073/1281/1244
f 1070/1283/1246 1071/1291/2048 1074/1284/1247
f 1072/1286/1248 1073/1285/1244 1068/1276/1249
f 1073/1285/1244 1074/1284/1247 1069/1279/1251
f 1075/1287/1252 1078/1290/1255 1077/1288/1253
f 1076/1278/1241 1079/1277/1240 1078/1290/1255
f 1078/1290/1255 1074/1284/1257 1071/1291/1256
f 1079/1277/1240 1069/1279/1242 1074/1284/1257
f 1130/670/613 1133/2175/1260 1135/1292/1258
f 1134/1293/1259 1135/1292/1258 1146/1296/1262
f 1135/1292/1258 1136/1295/1261 1137/1298/1264
f 1131/639/588 1138/1301/1267 1140/1299/1265
f 1138/1301/1267 1139/1306/1275 1141/1302/1268
f 1140/1299/1265 1141/1302/1268 1137/1298/1270
f 1142/1303/1272 1145/1305/1274 1144/1304/1273
f 1143/1297/1263 1146/1296/1276 1145/1305/1274
f 1145/1305/1274 1141/1302/1268 1139/1306/1275
f 1146/1296/1276 1137/1298/1270 1141/1302/1268
f 1167/709/650 1170/1309/1279 1172/1307/1277
f 1170/1309/1279 1171/1318/1289 1173/1310/1280
f 1172/1307/1277 1173/1310/1280 1174/1312/1282
f 1175/1313/1284 1178/1317/1288 1177/1314/1285
f 1176/1316/1287 1179/1319/1290 1178/1317/1288
f 1178/1317/1288 1173/1310/1291 1171/1318/1289
f 1179/1319/1290 1174/1312/1296 1173/1310/1291
f 1169/651/597 1180/2164/1294 1182/1320/1292
f 1181/1321/1293 1182/1320/1292 1179/1319/1290
f 1182/1320/1292 1183/1311/1295 1174/1312/1296
f 1420/1323/1297 1423/1326/1300 1422/1324/1298
f 1421/1325/1299 1424/1329/1303 1423/1326/1300
f 1422/1324/1298 1423/1326/1300 1433/1327/1301
f 1424/1329/1303 1428/1335/1312 1433/1327/1301
f 1427/1331/1305 1425/1330/1304 1424/1329/1308
f 1429/1336/1309 1432/1338/1311 1431/1337/1310
f 1430/1328/1302 1433/1327/1301 1432/1338/1311
f 1432/1338/1311 1428/1334/1312 1426/1333/1306
f 1477/1339/1313 1480/1343/1317 1479/1340/1314
f 1478/1342/1316 1481/1351/1319 1480/1343/1317
f 1480/1343/1317 1491/1346/1320 1488/1344/1318
f 1482/1347/1321 1485/1350/1324 1484/1348/1322
f 1483/1349/1323 1486/1352/1325 1485/1350/1324
f 1484/1348/1322 1485/1350/1324 1481/1351/1319
f 1487/1353/1326 1490/1356/1329 1489/1354/1327
f 1487/1353/1326 1488/1344/1656 1491/1346/1328
f 1489/1354/1327 1490/1356/1329 1486/1352/1325
f 1491/1346/1320 1481/1345/1319 1486/1352/1325
f 219/25/22 1184/24/21 1186/1357/1330
f 222/1358/1331 1186/1357/1330 1187/1359/1332
f 221/1360/1334 1187/1359/1339 1188/1361/1335
f 1188/1363/1335 1185/141/124 218/182/161
f 1184/24/21 203/15/12 205/1365/1337
f 1186/1357/1330 205/1365/1337 206/1366/1338
f 1187/1359/1339 206/1366/1377 207/1367/1340
f 207/1368/1340 204/35/31 1185/141/124
f 1189/61/56 1191/1370/1342 227/1369/1341
f 1191/1370/1342 1192/1372/1348 226/1371/1343
f 1192/1372/1344 1193/1377/1350 225/1373/1345
f 225/1374/1345 1193/1378/1350 1190/119/107
f 208/193/170 210/1375/1347 1191/1370/1342
f 210/1375/1347 211/1376/1416 1192/1372/1348
f 211/1376/1349 212/1445/1418 1193/1377/1350
f 1193/1378/1350 212/1446/1418 209/18/15
f 1194/131/116 1196/1380/1352 202/1379/1351
f 1196/1380/1352 1197/1382/1357 201/1381/1353
f 1197/1382/1354 1198/1385/1358 200/1383/1355
f 200/1384/1355 1198/1386/1358 1195/4/4
f 219/25/22 222/1358/1331 1196/1380/1352
f 222/1358/1331 221/1360/1333 1197/1382/1357
f 221/1360/1334 220/1362/1336 1198/1385/1358
f 1198/1386/1358 220/1364/1336 218/182/161
f 214/160/140 1199/26/23 1201/1387/1359
f 217/1388/1360 1201/1387/1359 1202/1389/1361
f 216/1390/1363 1202/1389/1366 1203/1391/1364
f 1203/1393/1364 1200/23/20 213/10/8
f 1199/26/23 224/8/7 227/1369/1341
f 1201/1387/1359 227/1369/1341 226/1371/1343
f 1202/1389/1366 226/1371/1346 225/1373/1345
f 225/1374/1345 223/21/18 1200/23/20
f 229/161/141 1204/155/136 1206/1395/1367
f 232/1396/1368 1206/1395/1367 1207/1397/1369
f 231/1398/1371 1207/1397/1374 1208/1399/1372
f 1208/1401/1372 1205/12/10 228/29/25
f 1204/155/136 214/160/140 217/1388/1360
f 1206/1395/1367 217/1388/1360 216/1390/1362
f 1207/1397/1374 216/1390/1363 215/1392/1365
f 215/1394/1365 213/10/8 1205/12/10
f 203/15/12 1209/14/11 1211/1403/1375
f 205/1365/1337 1211/1403/1375 1212/1404/1376
f 206/1366/1377 1212/1404/1381 1213/1405/1378
f 1213/1406/1378 1210/33/29 204/35/31
f 1209/14/11 233/44/39 235/1407/1379
f 1211/1403/1375 235/1407/1379 236/1408/1380
f 1212/1404/1381 236/1408/1385 237/1409/1382
f 237/1410/1382 234/32/28 1210/33/29
f 233/44/39 1214/53/48 1216/1411/1383
f 235/1407/1379 1216/1411/1383 1217/1412/1384
f 236/1408/1385 1217/1412/1389 1218/1413/1386
f 1218/1414/1386 1215/30/26 234/32/28
f 1214/53/48 243/52/47 245/1415/1387
f 1216/1411/1383 245/1415/1387 246/1416/1388
f 1217/1412/1389 246/1416/1407 247/1417/1390
f 247/1418/1390 244/42/38 1215/30/26
f 239/194/171 1219/186/164 1221/1419/1391
f 242/1420/1392 1221/1419/1391 1222/1421/1393
f 241/1422/1395 1222/1421/1398 1223/1423/1396
f 1223/1425/1396 1220/37/33 238/39/35
f 1219/186/164 229/161/141 232/1396/1368
f 1221/1419/1391 232/1396/1368 231/1398/1370
f 1222/1421/1398 231/1398/1371 230/1400/1373
f 230/1402/1373 228/29/25 1220/37/33
f 1224/172/151 1226/1428/1400 269/1427/1399
f 1226/1428/1400 1227/1430/1402 268/1429/1401
f 1227/1430/1402 1228/1434/1404 267/1431/1403
f 1228/1432/1404 1225/185/118 265/49/44
f 249/731/672 258/730/671 1226/1428/1400
f 258/730/671 252/734/675 1227/1430/1402
f 252/734/675 251/725/666 1228/1434/1404
f 251/725/666 248/722/663 1225/135/118
f 243/52/47 1229/154/135 1231/1435/1405
f 245/1415/1387 1231/1435/1409 1232/1436/1406
f 246/1416/1407 1232/1436/1410 1233/1437/1408
f 247/1418/1390 1233/1438/1408 1230/40/36
f 1229/154/135 266/170/149 269/1427/1399
f 1231/1435/1409 269/1427/1399 268/1429/1401
f 1232/1436/1410 268/1429/1401 267/1431/1403
f 267/1433/1403 265/49/44 1230/40/36
f 249/731/672 1234/171/150 1236/1439/1411
f 256/729/670 1236/1439/1411 1237/1440/1412
f 257/732/682 1237/1440/1414 1238/1441/1413
f 262/737/678 1238/1442/1413 1235/46/41
f 1234/171/150 239/194/171 242/1420/1392
f 1236/1439/1411 242/1420/1392 241/1422/1394
f 1237/1440/1414 241/1422/1395 240/1424/1397
f 1238/1442/1413 240/1426/1397 238/39/35
f 1239/69/63 1241/1443/1415 210/1375/1347
f 1241/1443/1415 1242/1444/1420 211/1376/1416
f 1242/1444/1417 1243/1449/1422 212/1445/1418
f 212/1446/1418 1243/1450/1422 1240/164/143
f 275/130/115 277/1447/1419 1241/1443/1415
f 277/1447/1419 278/1448/1438 1242/1444/1420
f 278/1448/1421 279/1469/1440 1243/1449/1422
f 1243/1450/1422 279/1471/1440 276/58/53
f 1244/1/1 1246/1452/1424 274/1451/1423
f 1246/1452/1424 1247/1454/1429 273/1453/1425
f 1247/1454/1426 1248/1458/1430 272/1455/1427
f 272/1455/1427 1248/1458/1430 1245/1456/49
f 199/3/3 202/1379/1351 1246/1452/1424
f 202/1379/1351 201/1381/1353 1247/1454/1429
f 201/1381/1356 200/1383/1355 1248/1458/1430
f 1248/1458/1430 200/1383/1355 198/1459/13
f 287/757/700 1249/145/127 1251/1460/1431
f 298/755/698 1251/1460/1431 1252/1461/1432
f 299/746/689 1252/1461/1432 1253/1462/1433
f 289/742/685 1253/1462/1433 1250/120/108
f 1249/145/127 280/147/129 282/1463/1434
f 1251/1460/1431 282/1463/1434 283/1464/1435
f 1252/1461/1432 283/1464/1435 284/1465/1436
f 1253/1462/1433 284/1465/1436 281/1466/59
f 1254/146/128 1256/1467/1437 277/1447/1419
f 1256/1467/1437 1257/1468/1442 278/1448/1438
f 1257/1468/1439 1258/1472/1441 279/1469/1440
f 1258/1470/1441 1255/66/61 276/58/53
f 287/757/700 300/756/699 1256/1467/1437
f 300/756/699 294/759/702 1257/1468/1442
f 294/759/1443 293/751/694 1258/1472/1441
f 293/1473/694 286/748/691 1255/66/61
f 1259/148/130 1261/1474/1444 282/1463/1434
f 1261/1474/1444 1262/1475/1446 283/1464/1435
f 1262/1475/1445 1263/1477/1447 284/1465/1436
f 284/1465/1436 1263/1477/1447 1260/1476/57
f 271/179/158 274/1451/1423 1261/1474/1444
f 274/1451/1423 273/1453/1425 1262/1475/1446
f 273/1453/1428 272/1455/1427 1263/1477/1447
f 272/1455/1427 270/1457/51 1260/1476/57
f 1264/144/126 1266/1479/1449 327/1478/1448
f 1267/1481/1451 1268/1483/1453 325/1482/1452
f 1268/1483/1453 1265/191/168 323/192/169
f 308/91/83 310/1484/1454 1266/1479/1449
f 311/1485/1455 312/1486/1456 1268/1483/1453
f 312/1486/1456 309/190/167 1265/191/168
f 332/1488/1458 1271/1487/1457 1272/1489/1459
f 330/1492/1462 1273/1491/1461 1270/125/111
f 1269/84/76 313/88/80 315/1493/1463
f 1271/1487/1457 315/1493/1463 316/1494/1464
f 1272/1489/1459 316/1494/1464 317/1495/1465
f 1273/1491/1461 317/1495/1465 314/126/112
f 304/81/73 1274/72/65 1276/1496/1466
f 307/1497/1467 1276/1496/1466 1277/1498/1468
f 306/1499/1469 1277/1498/1468 1278/1500/1470
f 1274/72/65 324/71/64 327/1478/1448
f 1278/1500/1470 325/1482/1452 323/192/169
f 1281/1503/1473 1282/1505/1475 321/1504/1474
f 1283/1507/1477 1280/163/142 318/183/162
f 332/1488/1458 331/1490/1460 1282/1505/1475
f 331/1490/1460 330/1492/1462 1283/1507/1477
f 1284/77/69 1286/1509/1479 337/1508/1478
f 1288/1513/1483 1285/94/86 333/78/70
f 319/127/113 322/1502/1472 1286/1509/1479
f 322/1502/1472 321/1504/1474 1287/1511/1481
f 321/1504/1474 320/1506/1476 1288/1513/1483
f 320/1506/1476 318/183/162 1285/94/86
f 1289/92/84 1291/1514/1484 310/1484/1454
f 1291/1514/1484 1292/1515/1485 311/1485/1455
f 1292/1515/1485 1293/1516/1486 312/1486/1456
f 1293/1516/1486 1290/74/67 309/190/167
f 340/1517/1487 341/1518/1488 1292/1515/1485
f 341/1518/1488 342/1519/1489 1293/1516/1486
f 342/1519/1489 339/140/123 1290/74/67
f 1294/98/89 1296/1520/1490 340/1517/1487
f 348/102/93 350/1523/1493 1296/1520/1490
f 350/1523/1493 351/1524/1494 1297/1521/1491
f 1299/93/85 1301/1527/1497 347/1526/1496
f 1301/1527/1497 1302/1529/1499 346/1528/1498
f 1302/1529/1499 1303/1531/1501 345/1530/1500
f 334/157/137 337/1508/1478 1301/1527/1497
f 336/1510/1480 335/1512/1482 1303/1531/1501
f 335/1512/1482 333/78/70 1300/80/72
f 371/189/166 1304/1538/122 1306/1532/1502
f 374/1533/1503 1306/1532/1502 1307/1534/1504
f 373/1535/1505 1307/1534/1504 1308/1536/1506
f 372/1537/1507 1308/1536/1506 1305/174/153
f 1304/1538/122 353/760/121 357/762/705
f 1306/1532/1502 357/762/705 366/766/709
f 1307/1534/1504 366/766/709 365/772/717
f 1308/1536/1506 365/772/717 355/175/154
f 1311/1539/1508 1312/1540/1509 351/1524/1494
f 1312/1540/1509 1313/1541/1510 352/1525/1495
f 1313/1541/1510 1310/158/138 349/181/160
f 371/189/166 374/1533/1503 1311/1539/1508
f 374/1533/1503 373/1535/1505 1312/1540/1509
f 373/1535/1505 372/1537/1507 1313/1541/1510
f 372/1537/1507 370/176/155 1310/158/138
f 1316/1542/1511 1317/1543/1512 362/775/720
f 1317/1543/1512 1318/1544/1513 367/773/718
f 1318/1544/1513 1315/173/152 355/175/154
f 344/187/165 347/1526/1496 1316/1542/1511
f 347/1526/1496 346/1528/1498 1317/1543/1512
f 346/1528/1498 345/1530/1500 1318/1544/1513
f 345/1530/1500 343/101/92 1315/173/152
f 313/88/80 1319/109/98 1321/1545/1514
f 316/1494/1464 1322/1546/1515 1323/1547/1516
f 317/1495/1465 1323/1547/1516 1320/168/147
f 1321/1545/1514 382/1548/1517 383/1549/1518
f 1322/1546/1515 383/1549/1518 384/1550/1519
f 1323/1547/1516 384/1550/1519 381/132/117
f 376/111/100 1324/82/74 1326/1551/1520
f 379/1552/1521 1326/1551/1520 1327/1553/1522
f 378/1554/1523 1327/1553/1522 1328/1555/1524
f 377/1556/1525 1328/1555/1524 1325/115/103
f 1326/1551/1520 307/1497/1467 306/1499/1469
f 1327/1553/1522 306/1499/1469 305/1501/1471
f 1329/124/110 1331/2198/1526 393/1557/724
f 1331/1558/1526 1332/1559/1527 394/789/734
f 1332/1559/1527 1333/1560/1528 400/785/730
f 1333/1560/1528 1330/152/134 391/786/731
f 385/118/106 387/1562/1529 1331/1558/1526
f 387/1562/1529 388/1563/1530 1332/1559/1527
f 1336/1565/1532 404/792/738 399/787/732
f 1337/1566/1533 399/787/732 398/784/729
f 1338/1567/1534 398/784/729 391/786/731
f 385/118/106 1339/112/101 1341/1568/1535
f 387/1562/1529 1341/1568/1535 1342/1569/1536
f 388/1563/1530 1342/1569/1536 1343/1570/1537
f 389/1564/1531 1343/1570/1537 1340/150/132
f 1339/112/101 376/111/100 379/1552/1521
f 1341/1568/1535 379/1552/1521 378/1554/1523
f 1343/1570/1537 377/1556/1525 375/114/102
f 392/117/105 1344/67/62 1346/1571/1538
f 403/777/723 1346/1575/1542 1345/177/156
f 1344/67/62 286/748/691 295/750/1539
f 1346/1575/1542 288/743/2190 285/178/157
f 1347/47/42 1349/1578/1545 261/1576/1543
f 1349/1577/1544 1348/136/119 248/722/663
f 354/105/96 356/769/712 1349/1578/1545
f 356/1579/706 353/138/121 1348/136/119
f 1355/253/229 1357/1583/1549 553/956/902
f 563/231/208 568/966/912 1357/1583/1549
f 568/966/912 577/969/915 1358/1585/1551
f 1360/288/264 1362/1586/1555 571/974/920
f 1362/1586/1552 1363/1590/1556 572/1587/1553
f 1363/1591/1558 529/2192/876 526/243/220
f 510/300/276 1364/297/273 1366/1592/1559
f 521/925/867 1366/1592/1559 1367/1593/1560
f 1368/1594/1561 1365/274/250 508/280/256
f 1366/1592/1559 555/957/903 548/951/897
f 548/951/897 547/949/895 1368/1594/1561
f 1371/1596/1562 518/921/860 512/914/854
f 1373/251/227 1375/1604/1566 516/1601/861
f 1375/1602/1566 1376/1605/1569 517/928/1567
f 1376/1603/1568 1374/230/207 510/300/276
f 1373/251/227 564/301/277 573/973/919
f 1375/1602/1566 573/976/919 567/967/923
f 1376/1603/1568 566/965/911 563/231/208
f 432/823/768 1377/209/186 1379/1606/1570
f 412/795/743 420/798/746 1380/1607/1571
f 420/798/1575 418/806/1576 1381/1609/1573
f 418/806/1576 409/244/221 1378/246/222
f 1386/1614/1582 1383/236/213 441/318/294
f 1382/258/234 409/244/221 418/809/1576
f 1386/1614/1582 414/799/747 408/801/749
f 1387/317/293 443/216/193 448/1619/1577
f 1390/1617/1586 449/1620/1588 447/842/1589
f 461/859/807 1392/299/275 1394/1621/1591
f 464/857/805 1394/1621/1591 1395/1622/1592
f 467/868/1593 1395/1622/1592 1396/1623/1594
f 469/867/1595 1396/1623/1594 1393/278/254
f 421/219/196 425/811/756 1394/1621/1591
f 425/811/756 427/815/1596 1395/1622/1592
f 427/815/1596 430/1624/1597 1396/1623/1594
f 430/1624/1597 423/276/252 1393/278/254
f 475/272/248 1397/262/238 1399/1625/1598
f 478/875/818 1399/1625/1598 1400/1626/1599
f 1878/1627/1600 1400/1626/1599 1401/1628/1601
f 481/1629/1602 1401/1628/1601 1398/338/313
f 463/264/240 473/870/815 1399/1625/1598
f 473/870/815 468/864/1603 1400/1626/1599
f 468/864/1603 469/866/1595 1401/1628/1601
f 469/866/1595 462/322/298 1398/338/313
f 1402/208/185 1404/1631/1604 481/1630/1602
f 1404/1631/1604 1405/1632/1606 482/882/1605
f 1405/1632/1606 1406/1633/1607 484/879/824
f 1406/1633/1607 1403/267/243 477/270/246
f 1402/208/185 423/276/252 430/1634/1597
f 1404/1631/1604 430/1634/1597 427/822/1608
f 1405/1632/1606 427/822/1608 429/821/763
f 1406/1633/1607 429/821/763 422/265/241
f 1407/256/232 1409/1635/1610 458/855/1609
f 457/2191/2191 458/855/1609 459/1637/1612
f 458/855/1609 1409/1635/1610 459/1637/1612
f 1410/1636/1613 1411/1638/1616 454/846/1614
f 1411/1638/1616 1408/294/270 450/343/318
f 1409/1635/1610 492/894/836 491/895/1617
f 1416/1641/1620 1413/200/177 487/284/260
f 1427/1331/1305 1421/1325/1299 504/911/1623
f 1420/1323/1297 1417/291/267 501/293/269
f 583/999/311 1434/1648/310 1436/1645/1628
f 592/997/947 1436/1645/1628 1437/1646/1629
f 593/990/938 1437/1646/1629 1438/1647/1630
f 586/986/934 1438/1647/1630 1435/282/258
f 1439/308/284 1441/1649/1631 618/1022/970
f 1441/1649/1631 1442/1650/1632 619/1032/979
f 1442/1650/1632 1443/1651/1633 626/1028/975
f 1446/1654/1634 1447/1655/1635 590/1001/951
f 1448/1656/1636 1445/1657/200 583/999/311
f 1449/1658/301 1451/1659/1637 645/1051/1000
f 1451/1659/1637 1452/1660/1638 646/1042/992
f 1452/1660/1638 1453/1661/1639 637/1038/988
f 1453/1661/1639 1450/226/203 632/1039/989
f 651/1064/303 660/1063/1014 1451/1659/1637
f 660/1063/1014 654/1067/1018 1452/1660/1638
f 654/1067/1018 653/1057/1005 1453/1661/1639
f 653/1057/1005 650/341/316 1450/226/203
f 669/1085/315 1454/1665/314 1456/1662/1640
f 680/1083/1041 1456/1662/1640 1457/1663/1641
f 681/1077/1032 1457/1663/1641 1458/1664/1642
f 671/1073/1028 1458/1664/1642 1455/213/190
f 1454/1665/314 634/1053/299 647/1052/1001
f 1456/1662/1640 647/1052/1001 641/1047/997
f 1457/1663/1641 641/1047/997 640/1045/995
f 1458/1664/1642 640/1045/995 633/314/290
f 1459/313/289 1461/1666/1643 675/1081/1036
f 1461/1666/1643 1462/1667/1644 676/1087/1044
f 1462/1667/1644 1463/1668/1645 682/1084/1042
f 1463/1668/1645 1460/1669/302 669/1085/315
f 1459/313/289 652/312/288 665/1069/1020
f 1461/1666/1643 665/1069/1020 659/1065/1015
f 1462/1667/1644 659/1065/1015 658/1062/1013
f 1463/1668/1645 658/1062/1013 651/1064/303
f 1464/333/309 1466/1670/1646 688/1090/1047
f 1466/1670/1646 1467/1671/1648 689/1100/1647
f 1467/1671/1648 1468/1672/1649 696/1096/1053
f 1468/1672/1649 1465/1673/182 686/1097/192
f 704/332/308 709/1107/1066 1466/1670/1646
f 709/1107/1066 718/1110/1069 1467/1671/1648
f 718/1110/1069 717/1118/1077 1468/1672/1649
f 717/1118/1077 706/1120/180 1465/1673/182
f 1469/202/179 722/1123/1080 727/1125/1082
f 1472/1674/1650 735/1129/1086 734/1134/1093
f 1473/1675/1651 734/1134/1093 724/1136/307
f 1474/1341/1315 1479/1340/1314 731/1678/1653
f 1479/1340/1314 1488/1344/1318 732/1138/1654
f 1488/1344/1656 1487/1353/1326 736/1135/1094
f 1487/1353/1326 1476/1355/191 724/1136/307
f 1475/307/283 687/1102/1059 701/1104/1061
f 1492/167/146 1494/1681/1660 410/794/742
f 410/794/742 1494/1681/1660 1495/1679/1657
f 411/796/1658 1495/1679/1657 1496/1680/1659
f 416/800/748 1496/1680/1659 1493/237/214
f 597/321/297 602/1003/953 1494/1681/1660
f 1494/1681/1660 602/1003/953 611/1006/956
f 611/1006/956 610/1016/964 1496/1680/1659
f 1496/1680/1659 610/1016/964 599/1018/966
f 617/310/286 1497/247/223 1499/1682/1661
f 629/1025/1664 1499/1683/1668 1500/1684/1665
f 1500/1684/1667 1498/319/295 615/320/296
f 442/839/1590 444/841/2192 1499/1682/1661
f 1500/1684/1667 444/834/2193 441/318/294
f 1501/221/198 1503/1687/1673 424/810/755
f 428/820/764 1503/1688/1675 1502/1686/1672
f 1501/221/198 650/341/316 655/1056/1004
f 663/1070/1677 652/312/288 1502/1686/1672
f 1504/1689/1678 1506/1692/1680 670/1690/1029
f 677/1080/1035 1506/1691/1682 1505/271/247
f 1504/1689/1678 475/272/248 479/874/819
f 483/878/823 477/270/246 1505/271/247
f 487/284/260 1507/283/259 1509/1695/1683
f 495/896/839 1509/1695/1683 1510/1696/1684
f 496/890/833 1510/1696/1684 1511/1697/1685
f 489/885/829 1511/1697/1685 1508/295/271
f 1507/283/259 705/303/279 714/1114/1073
f 1509/1695/1683 714/1114/1073 708/1108/1067
f 708/1108/1067 707/1106/1065 1511/1697/1685
f 707/1106/1065 704/332/308 1508/295/271
f 687/1102/1059 1512/306/282 1514/1698/1686
f 699/1105/1687 1514/1698/1686 1515/1699/1688
f 690/1089/1046 1515/1700/1691 1513/344/319
f 1512/306/282 451/285/261 453/851/1692
f 1515/1700/1691 453/845/2194 450/343/318
f 1516/210/187 1518/1704/1693 584/987/935
f 591/994/943 1518/1703/1696 1517/234/211
f 1516/210/187 432/823/768 436/825/770
f 439/829/774 434/235/212 1517/234/211
f 463/264/240 1519/263/239 1521/1706/1698
f 471/869/814 1521/1706/1698 1522/1707/1699
f 1522/1707/1699 1523/1708/1701 465/858/806
f 1523/1708/1701 1520/225/202 461/859/807
f 1519/263/239 633/314/290 642/1046/996
f 1521/1706/1698 642/1046/996 636/1040/990
f 636/1040/990 635/1037/987 1523/1708/1701
f 635/1037/987 632/1039/989 1520/225/202
f 501/293/269 1524/292/268 1526/1709/1702
f 506/907/1703 1526/1709/1710 1527/1710/1704
f 507/906/1706 1527/1710/1712 1528/1711/1707
f 502/901/843 1528/1711/1713 1525/201/178
f 1524/292/268 723/305/281 733/1132/1709
f 1526/1709/1710 733/1132/2195 726/1126/1711
f 1527/1710/1712 726/1126/1083 725/1127/1084
f 1528/1711/1713 725/1127/1084 722/1123/1080
f 760/370/342 1529/369/341 1531/1712/1714
f 763/1713/1715 1531/1712/1714 1532/1714/1716
f 762/1716/1718 1532/1721/1723 1533/1717/1719
f 1533/1717/1719 1530/484/444 759/525/482
f 1529/369/341 744/360/332 746/1719/1721
f 1531/1712/1714 746/1719/1721 747/1720/1722
f 1532/1721/1723 747/1759/1761 748/1722/1724
f 748/1722/1724 745/380/351 1530/484/444
f 1534/406/375 1536/1724/1726 768/1723/1725
f 1536/1724/1726 1537/1730/1732 767/1725/1727
f 1537/1726/1728 1538/1732/1734 766/1727/1729
f 766/1727/1729 1538/1732/1734 1535/464/427
f 749/536/493 751/1729/1731 1536/1724/1726
f 751/1729/1731 752/1797/1800 1537/1730/1732
f 752/1731/1733 753/1799/1802 1538/1732/1734
f 1538/1732/1734 753/1799/1802 750/363/335
f 1539/474/436 1541/1734/1736 743/1733/1735
f 1541/1734/1736 1542/1739/1741 742/1735/1737
f 1542/1736/1738 1543/1740/1742 741/1737/1739
f 741/1737/1739 1543/1740/1742 1540/349/324
f 760/370/342 763/1713/1715 1541/1734/1736
f 763/1713/1715 762/1715/1717 1542/1739/1741
f 762/1716/1718 761/1718/1720 1543/1740/1742
f 1543/1740/1742 761/1718/1720 759/525/482
f 755/503/461 1544/371/343 1546/1741/1743
f 758/1742/1744 1546/1741/1743 1547/1743/1745
f 757/1745/1747 1547/1748/1750 1548/1746/1748
f 1548/1746/1748 1545/368/340 754/355/328
f 1544/371/343 765/353/327 768/1723/1725
f 1546/1741/1743 768/1723/1725 767/1725/1727
f 1547/1748/1750 767/1728/1730 766/1727/1729
f 766/1727/1729 764/366/338 1545/368/340
f 770/504/462 1549/498/457 1551/1749/1751
f 773/1750/1752 1551/1749/1751 1552/1751/1753
f 772/1753/1755 1552/1756/1758 1553/1754/1756
f 1553/1754/1756 1550/357/330 769/374/345
f 1549/498/457 755/503/461 758/1742/1744
f 1551/1749/1751 758/1742/1744 757/1744/1746
f 1552/1756/1758 757/1745/1747 756/1747/1749
f 756/1747/1749 754/355/328 1550/357/330
f 744/360/332 1554/359/331 1556/1757/1759
f 746/1719/1721 1556/1757/1759 1557/1758/1760
f 747/1759/1761 1557/2199/1765 1558/1760/1762
f 1558/1760/1762 1555/378/349 745/380/351
f 1554/359/331 774/389/359 776/1761/1763
f 1556/1757/1759 776/1761/1763 777/1762/1764
f 1557/1758/1765 777/1762/1769 778/1763/1766
f 778/1765/1766 775/377/348 1555/378/349
f 774/389/359 1559/398/367 1561/1766/1767
f 776/1761/1763 1561/1766/1767 1562/1767/1768
f 777/1762/1769 1562/1767/1773 1563/1768/1770
f 1563/1769/1770 1560/375/346 775/377/348
f 1559/398/367 784/397/366 786/1770/1771
f 1561/1766/1767 786/1770/1771 787/1771/1772
f 1562/1767/1773 787/1771/1788 788/1772/1774
f 788/1773/1774 785/387/358 1560/375/346
f 780/537/494 1564/530/487 1566/1774/1775
f 783/1776/1776 1566/1781/1775 1567/1777/1777
f 782/1778/1779 1567/1777/1782 1568/1779/1780
f 1568/1779/1780 1565/382/353 779/384/355
f 1564/530/487 770/504/462 773/1750/1752
f 1566/1781/1775 773/2200/1752 772/1753/1754
f 1567/1777/1782 772/1753/1755 771/1755/1757
f 771/1755/1757 769/374/345 1565/382/353
f 1569/515/472 1571/1782/1783 819/1174/1133
f 1571/1782/1783 1572/1783/1784 820/1163/1123
f 1572/1783/1784 1573/1784/1785 810/1160/1120
f 1573/1784/1785 1570/480/440 805/529/486
f 790/1149/1109 800/1148/1108 1571/1782/1783
f 800/1148/1108 793/1152/1112 1572/1783/1784
f 793/1152/1112 792/1142/1101 1573/1784/1785
f 792/1142/1101 789/478/438 1570/480/440
f 784/397/366 1574/497/456 1576/1785/1786
f 786/1770/1771 1576/1785/1786 1577/1786/1787
f 787/1771/1788 1577/1786/1791 1578/1787/1789
f 1578/1788/1789 1575/385/356 785/387/358
f 1574/497/456 807/513/470 821/1173/1132
f 1576/1785/1786 821/1173/1132 815/1175/1134
f 815/1175/1790 814/1169/1128 1578/1787/1789
f 814/1789/1128 806/394/364 1575/385/356
f 790/1149/1109 1579/514/471 1581/1790/1792
f 798/1791/1107 1581/1795/1797 1582/1792/1793
f 799/1793/1794 1582/1792/1798 1583/1794/1795
f 803/1155/1116 1583/1794/1795 1580/391/361
f 1579/514/471 780/537/494 783/1775/1776
f 1581/1795/1797 783/1776/1776 782/1778/1778
f 1582/1792/1798 782/1778/1779 781/1780/1781
f 1583/1794/1795 781/1780/1781 779/384/355
f 1584/414/382 1586/1796/1799 751/1729/1731
f 1586/1796/1799 1587/1801/1804 752/1797/1800
f 1587/1798/1801 1588/1803/1806 753/1799/1802
f 753/1799/1802 1588/1803/1806 1585/507/464
f 829/473/435 831/1800/1803 1586/1796/1799
f 831/1800/1803 832/1821/1822 1587/1801/1804
f 832/1802/1805 833/1823/1824 1588/1803/1806
f 1588/1803/1806 833/1823/1824 830/403/372
f 1589/346/321 1591/1805/1808 828/1804/1807
f 1591/1805/1808 1592/1810/1813 827/1806/1809
f 1592/1807/1810 1593/1811/1814 826/1808/1811
f 826/1808/1811 1593/1811/1814 1590/399/368
f 740/348/323 743/1733/1735 1591/1805/1808
f 743/1733/1735 742/1735/1737 1592/1810/1813
f 742/1738/1740 741/1737/1739 1593/1811/1814
f 1593/1811/1814 741/1737/1739 739/361/333
f 841/1193/1152 1594/488/447 1596/1812/1815
f 851/1191/1150 1596/1812/1815 1597/1813/1816
f 852/1182/1140 1597/1813/1816 1598/1814/1817
f 843/1178/1136 1598/1814/1817 1595/1815/428
f 1594/488/447 834/490/449 836/1816/1818
f 1596/1812/1815 836/1816/1818 837/1817/1819
f 1597/1813/1816 837/1817/1819 838/1818/1820
f 1598/1819/1817 838/1829/1820 835/409/378
f 1599/489/448 1601/1820/1821 831/1800/1803
f 1601/1820/1821 1602/1825/1826 832/1821/1822
f 1602/1822/1823 1603/1824/1825 833/1823/1824
f 1603/1824/1825 1600/411/380 830/403/372
f 841/1193/1152 853/1192/1151 1601/1820/1821
f 853/1192/1151 848/1195/1154 1602/1825/1826
f 848/1826/1827 847/1187/1145 1603/1824/1825
f 847/1187/1145 840/1184/1142 1600/411/380
f 1604/491/450 1606/1827/1828 836/1816/1818
f 1606/1827/1828 1607/1831/1830 837/1817/1819
f 1607/1828/1829 1608/1832/1831 838/1829/1820
f 838/1829/1820 1608/1832/1831 1605/407/376
f 825/522/479 828/1804/1807 1606/1827/1828
f 828/1804/1807 827/1806/1809 1607/1831/1830
f 827/1809/1812 826/1808/1811 1608/1832/1831
f 826/1808/1811 824/401/370 1605/407/376
f 1609/487/446 1611/1834/1833 880/1833/1832
f 1611/1834/1833 1612/1836/1835 879/1835/1834
f 1612/1836/1835 1613/1838/1837 878/1837/1836
f 1613/1838/1837 1610/534/491 876/535/492
f 861/436/402 863/1839/1838 1611/1834/1833
f 863/1839/1838 864/1840/1839 1612/1836/1835
f 864/1840/1839 865/1841/1840 1613/1838/1837
f 882/430/396 1614/429/395 1616/1842/1841
f 885/1843/1842 1616/1842/1841 1617/1844/1843
f 884/1845/1844 1617/1844/1843 1618/1846/1845
f 883/1847/1846 1618/1846/1845 1615/468/431
f 1614/429/395 866/433/399 868/1848/1847
f 1616/1842/1841 868/1848/1847 869/1849/1848
f 1617/1844/1843 869/1849/1848 870/1850/1849
f 1618/1846/1845 870/1850/1849 867/469/432
f 857/426/392 1619/417/384 1621/1851/1850
f 859/1854/1853 1622/1853/1852 1623/1855/1854
f 858/1856/1855 1623/1855/1854 1620/485/445
f 1619/417/384 877/416/383 880/1833/1832
f 1622/1853/1852 879/1835/1834 878/1837/1836
f 1623/1855/1854 878/1837/1836 876/535/492
f 1624/431/397 1626/1858/1857 875/1857/1856
f 1626/1858/1857 1627/1860/1859 874/1859/1858
f 1627/1860/1859 1628/1862/1861 873/1861/1860
f 882/430/396 885/1843/1842 1626/1858/1857
f 885/1843/1842 884/1845/1844 1627/1860/1859
f 884/1845/1844 883/1847/1846 1628/1862/1861
f 1629/422/388 1631/1864/1863 890/1863/1862
f 1631/1864/1863 1632/1866/1865 889/1865/1864
f 1632/1866/1865 1633/1868/1867 888/1867/1866
f 1633/1868/1867 1630/439/405 886/423/389
f 875/1857/1856 874/1859/1858 1632/1866/1865
f 873/1861/1860 871/526/483 1630/439/405
f 1634/437/403 1636/1869/1868 863/1839/1838
f 1636/1869/1868 1637/1870/1869 864/1840/1839
f 1637/1870/1869 1638/1871/1870 865/1841/1840
f 1638/1871/1870 1635/419/386 862/533/490
f 891/442/408 893/1872/1871 1636/1869/1868
f 893/1872/1871 894/1873/1872 1637/1870/1869
f 895/1874/1873 892/483/443 1635/419/386
f 1639/443/409 1641/1875/1874 893/1872/1871
f 1641/1875/1874 1642/1876/1875 894/1873/1872
f 1642/1876/1875 1643/1877/1876 895/1874/1873
f 901/447/413 903/1878/1877 1641/1875/1874
f 903/1878/1877 904/1879/1878 1642/1876/1875
f 904/1879/1878 905/1880/1879 1643/1877/1876
f 905/1880/1879 902/524/481 1640/527/484
f 1644/438/404 1646/1882/1881 900/1881/1880
f 1646/1882/1881 1647/1884/1883 899/1883/1882
f 1647/1884/1883 1648/1886/1885 898/1885/1884
f 1648/1886/1885 1645/425/391 896/446/412
f 887/500/458 890/1863/1862 1646/1882/1881
f 890/1863/1862 889/1865/1864 1647/1884/1883
f 888/1867/1866 886/423/389 1645/425/391
f 1649/482/442 1651/1890/1889 926/1218/1180
f 926/1218/1180 1651/1890/1889 1652/1887/1886
f 927/1229/1189 1652/1887/1890 1653/1888/1888
f 934/1225/1186 1653/1888/1888 1650/1889/474
f 1649/482/442 906/1197/1156 909/1199/1158
f 1651/1890/1889 909/1199/1158 919/1203/1162
f 1652/1887/1890 919/1203/1174 918/1211/1172
f 1653/1888/1888 918/1211/1172 908/1213/475
f 1654/449/415 1656/1891/1891 903/1878/1877
f 1657/1892/1892 1658/1893/1893 905/1880/1879
f 1658/1893/1893 1655/501/459 902/524/481
f 925/1232/1192 939/1231/1191 1656/1891/1891
f 939/1231/1191 933/1236/1194 1657/1892/1892
f 933/1236/1194 932/1226/1187 1658/1893/1893
f 932/1226/1187 924/519/476 1655/501/459
f 1661/1895/1894 1662/1900/1895 914/1896/1176
f 1663/1898/1896 1660/516/473 908/518/475
f 900/1881/1880 899/1883/1882 1662/1900/1895
f 899/1901/1882 898/1903/1884 1663/1902/1896
f 866/433/399 1664/454/418 1666/1905/1897
f 869/1849/1848 1667/1906/1898 1668/1907/1899
f 870/1850/1849 1668/1907/1899 1665/511/468
f 1664/454/418 947/455/419 949/1908/1900
f 1666/1905/1897 949/1908/1900 950/1909/1901
f 1667/1906/1898 950/1909/1901 951/1910/1902
f 1668/1907/1899 951/1910/1902 948/475/437
f 943/456/420 1669/427/393 1671/1911/1903
f 945/1914/1906 1672/1913/1905 1673/1915/1907
f 944/1916/1908 1673/1915/1907 1670/460/423
f 1669/427/393 857/426/392 860/1852/1851
f 1671/1911/1903 860/1852/1851 859/1854/1853
f 1673/1915/1907 858/1856/1855 856/451/417
f 1674/467/430 1676/1917/1909 960/1240/1197
f 1676/1917/1909 1677/1918/1910 961/1249/1207
f 1677/1918/1910 1678/1919/1911 967/1245/1203
f 1678/1919/1911 1675/495/454 958/1246/1204
f 952/463/426 954/1920/1912 1676/1917/1909
f 954/1920/1912 955/1921/1913 1677/1918/1910
f 955/1921/1913 956/1922/1914 1678/1919/1911
f 956/1922/1914 953/492/451 1675/495/454
f 947/455/419 1679/461/424 1681/1923/1915
f 949/1908/1900 1681/1923/1915 1682/1924/1916
f 950/1909/1901 1682/1924/1916 1683/1925/1917
f 1679/461/424 959/462/425 971/1252/1211
f 1681/1923/1915 971/1252/1211 966/1247/1205
f 1682/1924/1916 966/1247/1205 965/1244/1202
f 1683/1925/1917 965/1244/1202 958/1246/1204
f 952/463/426 1684/457/421 1686/1926/1918
f 954/1920/1912 1686/1926/1918 1687/1927/1919
f 1684/457/421 943/456/420 946/1912/1904
f 1686/1926/1918 946/1912/1904 945/1914/1906
f 959/462/425 1689/412/381 1691/1929/1921
f 970/1931/1196 1691/1934/1923 1690/1932/477
f 1689/412/381 840/1184/1142 842/1186/1922
f 1691/1934/1923 842/2195/1137 839/1176/478
f 1692/392/362 1694/1938/1929 802/1935/1924
f 1694/1936/1925 1695/1937/1931 794/1141/1926
f 1695/1937/1928 1693/481/441 789/478/438
f 907/450/416 915/1206/1167 1694/1938/1929
f 915/1939/1159 906/1197/1156 1693/481/441
f 925/1232/1192 1696/448/414 1698/1940/1932
f 937/1234/1190 1698/1944/1932 1699/1941/1933
f 938/1221/1183 1699/1941/1933 1700/1942/1934
f 928/1217/1179 1700/1942/1934 1697/528/485
f 1696/448/414 806/394/364 816/1943/1127
f 1698/1944/1932 816/1168/1127 809/1161/1121
f 1699/1941/1933 809/1161/1121 808/1159/1119
f 1700/1942/1934 808/1159/1119 805/529/486
f 995/559/513 1701/558/512 1703/1945/1935
f 998/1947/1936 1703/1953/1935 1704/1948/1937
f 997/1949/1939 1704/1948/1944 1705/1950/1940
f 1705/1950/1940 1702/673/616 994/711/652
f 1701/558/512 979/549/503 981/1952/1942
f 1703/1953/1935 981/1991/1942 982/1954/1943
f 1704/1948/1944 982/1954/1982 983/1955/1945
f 983/1955/1945 980/569/522 1702/673/616
f 1706/595/547 1708/1957/1947 1003/1956/1946
f 1708/1957/1947 1709/1959/1953 1002/1958/1948
f 1709/1959/1949 1710/1964/1955 1001/1960/1950
f 1001/1961/1950 1710/1965/1955 1707/653/599
f 984/720/661 986/1962/1952 1708/1957/1947
f 986/1962/1952 987/1963/2021 1709/1959/1953
f 987/1963/1954 988/2036/2023 1710/1964/1955
f 1710/1965/1955 988/2037/2023 985/552/506
f 1711/663/608 1713/1972/1957 978/1966/1956
f 1713/1967/1957 1714/1970/1962 977/1968/1958
f 1714/1970/1959 1715/1973/1963 976/1971/1960
f 976/1971/1960 1715/1973/1963 1712/538/495
f 995/559/513 998/1946/1936 1713/1972/1957
f 998/1947/1936 997/1949/1938 1714/1970/1962
f 997/1949/1939 996/1951/1941 1715/1973/1963
f 1715/1973/1963 996/1951/1941 994/711/652
f 990/692/634 1716/560/514 1718/1974/1964
f 993/1975/1965 1718/1974/1964 1719/1976/1966
f 992/1977/1968 1719/1976/1971 1720/1978/1969
f 1720/1980/1969 1717/557/511 989/544/499
f 1716/560/514 1000/542/498 1003/1956/1946
f 1718/1974/1964 1003/1956/1946 1002/1958/1948
f 1719/1976/1971 1002/1958/1951 1001/1960/1950
f 1001/1961/1950 999/555/509 1717/557/511
f 1005/693/635 1721/687/629 1723/1982/1972
f 1008/1983/1973 1723/1982/1972 1724/1984/1974
f 1007/1985/1976 1724/1984/1979 1725/1986/1977
f 1725/1988/1977 1722/546/501 1004/563/516
f 1721/687/629 990/692/634 993/1975/1965
f 1723/1982/1972 993/1975/1965 992/1977/1967
f 1724/1984/1979 992/1977/1968 991/1979/1970
f 991/1981/1970 989/544/499 1722/546/501
f 979/549/503 1726/548/502 1728/1990/1980
f 981/1991/1942 1728/1995/1980 1729/1992/1981
f 982/1954/1982 1729/1992/1986 1730/1993/1983
f 1730/1993/1983 1727/567/520 980/569/522
f 1726/548/502 1009/578/530 1011/1994/1984
f 1728/1995/1980 1011/1999/1984 1012/1996/1985
f 1729/1992/1986 1012/1996/1990 1013/1997/1987
f 1013/1997/1987 1010/566/519 1727/567/520
f 1009/578/530 1731/587/539 1733/1998/1988
f 1011/1999/1984 1733/2003/1988 1734/2000/1989
f 1012/1996/1990 1734/2000/1994 1735/2001/1991
f 1735/2001/1991 1732/564/517 1010/566/519
f 1731/587/539 1019/586/538 1021/2002/1992
f 1733/2003/1988 1021/2024/1992 1022/2004/1993
f 1734/2000/1994 1022/2004/2012 1023/2005/1995
f 1023/2005/1995 1020/576/529 1732/564/517
f 1015/721/662 1736/714/655 1738/2006/1996
f 1018/2007/1997 1738/2006/1996 1739/2008/1998
f 1017/2009/2000 1739/2008/2003 1740/2010/2001
f 1740/2012/2001 1737/571/524 1014/573/526
f 1736/714/655 1005/693/635 1008/1983/1973
f 1738/2006/1996 1008/1983/1973 1007/1985/1975
f 1739/2008/2003 1007/1985/1976 1006/1987/1978
f 1006/1989/1978 1004/563/516 1737/571/524
f 1741/701/642 1743/2015/2005 1046/2014/2004
f 1743/2015/2005 1744/2017/2007 1045/2016/2006
f 1744/2017/2007 1745/2021/2009 1044/2018/2008
f 1745/2019/2009 1742/667/610 1042/583/535
f 1025/1263/1224 1035/1262/1223 1743/2015/2005
f 1035/1262/1223 1028/1266/1227 1744/2017/2007
f 1028/1266/1227 1027/1257/1218 1745/2021/2009
f 1027/2022/1218 1024/2188/1215 1742/667/610
f 1019/586/538 1746/686/628 1748/2023/2010
f 1021/2024/1992 1748/2027/2014 1749/2025/2011
f 1022/2004/2012 1749/2025/2015 1750/2026/2013
f 1023/2005/1995 1750/2026/2013 1747/574/527
f 1746/686/628 1043/699/640 1046/2014/2004
f 1748/2027/2014 1046/2201/2004 1045/2028/2006
f 1749/2025/2015 1045/2028/2006 1044/2020/2008
f 1044/2020/2008 1042/583/535 1747/574/527
f 1025/1263/1224 1751/700/641 1753/2029/2016
f 1033/1261/1222 1753/2029/2016 1754/2030/2017
f 1034/1264/1234 1754/2030/2019 1755/2031/2018
f 1039/2032/1230 1755/2033/2018 1752/580/532
f 1751/700/641 1015/721/662 1018/2007/1997
f 1753/2029/2016 1018/2007/1997 1017/2009/1999
f 1754/2030/2019 1017/2009/2000 1016/2011/2002
f 1755/2033/2018 1016/2013/2002 1014/573/526
f 1756/603/554 1758/2034/2020 986/1962/1952
f 1758/2034/2020 1759/2035/2025 987/1963/2021
f 1759/2035/2022 1760/2202/2027 988/2036/2023
f 988/2037/2023 1760/2040/2027 1757/696/637
f 1052/662/607 1054/2038/2024 1758/2034/2020
f 1054/2038/2024 1055/2060/2043 1759/2035/2025
f 1055/2039/2026 1056/2062/2045 1760/2040/2027
f 1760/2040/2027 1056/2062/2045 1053/592/544
f 1761/508/465 1763/2048/2029 1051/2042/2028
f 1763/2043/2029 1764/2046/2034 1050/2044/2030
f 1764/2046/2031 1765/2049/2035 1049/2047/2032
f 1049/2047/2032 1765/2049/2035 1762/588/540
f 975/510/467 978/1966/1956 1763/2048/2029
f 978/1969/1956 977/1968/1958 1764/2046/2034
f 977/1968/1961 976/1971/1960 1765/2049/2035
f 1765/2049/2035 976/1971/1960 974/550/504
f 1064/1289/1254 1766/677/619 1768/2050/2036
f 1075/1287/1252 1768/2050/2036 1769/2051/2037
f 1076/2052/1241 1769/2057/2037 1770/2053/2038
f 1066/2054/1237 1770/2053/2038 1767/654/600
f 1766/677/619 1057/679/621 1059/2055/2039
f 1768/2050/2036 1059/2055/2039 1060/2056/2040
f 1769/2057/2037 1060/2068/2040 1061/2058/2041
f 1770/2053/2038 1061/2058/2041 1058/598/550
f 1771/678/620 1773/2059/2042 1054/2038/2024
f 1773/2059/2042 1774/2064/2047 1055/2060/2043
f 1774/2061/2044 1775/2063/2046 1056/2062/2045
f 1775/2063/2046 1772/600/552 1053/592/544
f 1064/1289/1254 1077/1288/1253 1773/2059/2042
f 1077/1288/1253 1071/1291/1256 1774/2064/2047
f 1071/2065/2048 1070/2066/1246 1775/2063/2046
f 1070/2066/1246 1063/1280/1243 1772/600/552
f 1776/680/622 1778/2071/2049 1059/2055/2039
f 1778/2067/2049 1779/2070/2051 1060/2068/2040
f 1779/2070/2050 1780/2072/2052 1061/2058/2041
f 1061/2058/2041 1780/2072/2052 1777/596/548
f 1048/708/649 1051/2042/2028 1778/2071/2049
f 1051/2045/2028 1050/2044/2030 1779/2070/2051
f 1050/2044/2033 1049/2047/2032 1780/2072/2052
f 1049/2047/2032 1047/590/542 1777/596/548
f 1781/676/618 1783/2074/2054 1104/2073/2053
f 1783/2074/2054 1784/2076/2056 1103/2075/2055
f 1784/2076/2056 1785/2078/2058 1102/2077/2057
f 1785/2078/2058 1782/718/659 1100/719/660
f 1085/625/574 1087/2079/2059 1783/2074/2054
f 1087/2079/2059 1088/2080/2060 1784/2076/2056
f 1088/2080/2060 1089/2081/2061 1785/2078/2058
f 1089/2081/2061 1086/717/658 1782/718/659
f 1106/619/568 1786/618/567 1788/2082/2062
f 1109/2083/2063 1788/2082/2062 1789/2084/2064
f 1108/2085/2065 1789/2084/2064 1790/2086/2066
f 1107/2087/2067 1790/2086/2066 1787/657/603
f 1786/618/567 1090/622/571 1092/2088/2068
f 1788/2082/2062 1092/2088/2068 1093/2089/2069
f 1789/2084/2064 1093/2089/2069 1094/2090/2070
f 1790/2086/2066 1094/2090/2070 1091/658/604
f 1081/615/564 1791/606/556 1793/2091/2071
f 1084/2092/2072 1793/2091/2071 1794/2093/2073
f 1083/2094/2074 1794/2093/2073 1795/2095/2075
f 1082/2096/2076 1795/2095/2075 1792/674/617
f 1791/606/556 1101/605/555 1104/2073/2053
f 1793/2091/2071 1104/2073/2053 1103/2075/2055
f 1794/2093/2073 1103/2075/2055 1102/2077/2057
f 1795/2095/2075 1102/2077/2057 1100/719/660
f 1796/620/569 1798/2098/2078 1099/2097/2077
f 1798/2098/2078 1799/2100/2080 1098/2099/2079
f 1799/2100/2080 1800/2102/2082 1097/2101/2081
f 1800/2102/2082 1797/695/636 1095/712/653
f 1106/619/568 1109/2083/2063 1798/2098/2078
f 1109/2083/2063 1108/2085/2065 1799/2100/2080
f 1108/2085/2065 1107/2087/2067 1800/2102/2082
f 1107/2087/2067 1105/660/606 1797/695/636
f 1801/611/560 1803/2104/2084 1114/2103/2083
f 1803/2104/2084 1804/2106/2086 1113/2105/2085
f 1804/2106/2086 1805/2108/2088 1112/2107/2087
f 1805/2108/2088 1802/628/577 1110/612/561
f 1096/659/605 1099/2097/2077 1803/2104/2084
f 1099/2097/2077 1098/2099/2079 1804/2106/2086
f 1098/2099/2079 1097/2101/2081 1805/2108/2088
f 1097/2101/2081 1095/712/653 1802/628/577
f 1806/626/575 1808/2109/2089 1087/2079/2059
f 1808/2109/2089 1809/2110/2090 1088/2080/2060
f 1809/2110/2090 1810/2111/2091 1089/2081/2061
f 1810/2111/2091 1807/608/558 1086/717/658
f 1115/631/580 1117/2112/2092 1808/2109/2089
f 1117/2112/2092 1118/2113/2093 1809/2110/2090
f 1118/2113/2093 1119/2114/2094 1810/2111/2091
f 1119/2114/2094 1116/672/615 1807/608/558
f 1811/632/581 1813/2115/2095 1117/2112/2092
f 1813/2115/2095 1814/2116/2096 1118/2113/2093
f 1814/2116/2096 1815/2117/2097 1119/2114/2094
f 1815/2117/2097 1812/713/654 1116/672/615
f 1125/636/585 1127/2118/2098 1813/2115/2095
f 1127/2118/2098 1128/2119/2099 1814/2116/2096
f 1128/2119/2099 1129/2120/2100 1815/2117/2097
f 1129/2120/2100 1126/710/651 1812/713/654
f 1816/627/576 1818/2122/2102 1124/2121/2101
f 1818/2122/2102 1819/2124/2104 1123/2123/2103
f 1819/2124/2104 1820/2126/2106 1122/2125/2105
f 1820/2126/2106 1817/614/563 1120/635/584
f 1111/689/631 1114/2103/2083 1818/2122/2102
f 1114/2103/2083 1113/2105/2085 1819/2124/2104
f 1113/2105/2085 1112/2107/2087 1820/2126/2106
f 1112/2107/2087 1110/612/561 1817/614/563
f 1148/716/657 1821/671/614 1823/2127/2107
f 1151/2128/2108 1823/2127/2107 1824/2129/2109
f 1150/2130/2110 1824/2129/2109 1825/2131/2111
f 1149/2132/2112 1825/2131/2111 1822/703/644
f 1821/671/614 1130/670/613 1134/1293/1259
f 1823/2127/2107 1134/1293/1259 1143/1297/1263
f 1824/2129/2109 1143/1297/1263 1142/1303/1272
f 1825/2131/2111 1142/1303/1272 1132/704/645
f 1826/638/587 1828/2133/2113 1127/2118/2098
f 1828/2133/2113 1829/2134/2114 1128/2119/2099
f 1829/2134/2114 1830/2135/2115 1129/2120/2100
f 1830/2135/2115 1827/690/632 1126/710/651
f 1148/716/657 1151/2128/2108 1828/2133/2113
f 1151/2128/2108 1150/2130/2110 1829/2134/2114
f 1150/2130/2110 1149/2132/2112 1830/2135/2115
f 1149/2132/2112 1147/705/646 1827/690/632
f 1831/633/582 1833/2136/2116 1138/1301/1267
f 1833/2136/2116 1834/2137/2117 1139/1306/1275
f 1834/2137/2117 1835/2138/2118 1144/1304/1273
f 1835/2138/2118 1832/702/643 1132/704/645
f 1121/715/656 1124/2121/2101 1833/2136/2116
f 1124/2121/2101 1123/2123/2103 1834/2137/2117
f 1123/2123/2103 1122/2125/2105 1835/2138/2118
f 1122/2125/2105 1120/635/584 1832/702/643
f 1090/622/571 1836/643/590 1838/2139/2119
f 1092/2088/2068 1838/2139/2119 1839/2140/2120
f 1093/2089/2069 1839/2140/2120 1840/2141/2121
f 1094/2090/2070 1840/2141/2121 1837/697/638
f 1836/643/590 1157/644/591 1159/2142/2122
f 1838/2139/2119 1159/2142/2122 1160/2143/2123
f 1839/2140/2120 1160/2143/2123 1161/2144/2124
f 1840/2141/2121 1161/2144/2124 1158/664/609
f 1153/645/592 1841/616/565 1843/2145/2125
f 1156/2146/2126 1843/2145/2125 1844/2147/2127
f 1155/2148/2128 1844/2147/2127 1845/2149/2129
f 1154/2150/2130 1845/2149/2129 1842/649/595
f 1841/616/565 1081/615/564 1084/2092/2072
f 1843/2145/2125 1084/2092/2072 1083/2094/2074
f 1844/2147/2127 1083/2094/2074 1082/2096/2076
f 1845/2149/2129 1082/2096/2076 1080/640/589
f 1846/656/602 1848/2151/2131 1170/1309/1279
f 1848/2151/2131 1849/2152/2132 1171/1318/1289
f 1849/2152/2132 1850/2153/2133 1177/1314/1285
f 1850/2153/2133 1847/684/626 1168/1315/1286
f 1162/652/598 1164/2154/2134 1848/2151/2131
f 1164/2154/2134 1165/2155/2135 1849/2152/2132
f 1165/2155/2135 1166/2156/2136 1850/2153/2133
f 1166/2156/2136 1163/681/623 1847/684/626
f 1157/644/591 1851/650/596 1853/2157/2137
f 1159/2142/2122 1853/2157/2137 1854/2158/2138
f 1160/2143/2123 1854/2158/2138 1855/2159/2139
f 1161/2144/2124 1855/2159/2139 1852/683/625
f 1851/650/596 1169/651/597 1181/1321/1293
f 1853/2157/2137 1181/1321/1293 1176/1316/1287
f 1854/2158/2138 1176/1316/1287 1175/1313/1284
f 1855/2159/2139 1175/1313/1284 1168/1315/1286
f 1162/652/598 1856/646/593 1858/2160/2140
f 1164/2154/2134 1858/2160/2140 1859/2161/2141
f 1165/2155/2135 1859/2161/2141 1860/2162/2142
f 1166/2156/2136 1860/2162/2142 1857/682/624
f 1856/646/593 1153/645/592 1156/2146/2126
f 1858/2160/2140 1156/2146/2126 1155/2148/2128
f 1859/2161/2141 1155/2148/2128 1154/2150/2130
f 1860/2162/2142 1154/2150/2130 1152/648/594
f 1169/651/597 1861/601/553 1863/2163/2143
f 1180/1308/2144 1863/2166/2148 1862/706/647
f 1861/601/553 1063/1280/1243 1072/1282/2146
f 1863/2166/2148 1065/2203/2196 1062/707/648
f 1864/581/533 1866/2173/2155 1038/2167/2149
f 1867/2172/2154 1865/2204/611 1024/1254/1215
f 1131/639/588 1133/1300/1266 1866/2173/2155
f 1133/2175/1260 1130/670/613 1865/668/611
f 1419/287/263 1871/286/262 1873/2179/2160
f 1429/1336/1309 1873/2179/2160 1874/2180/2161
f 1430/1328/1302 1874/2180/2161 1875/2181/2162
f 1422/1324/1298 1875/2181/2162 1872/304/280
f 1474/1341/1315 1872/304/280 1875/2181/2162
f 1477/1339/1313 1875/2181/2162 1874/2180/2161
f 1478/1342/1316 1874/2180/2161 1873/2179/2160
f 1484/1348/1322 1873/2179/2160 1871/286/262
f 429/819/767 1876/818/762 426/817/761
