# Blender 5.2.2 LTS
# www.blender.org
mtllib Holocron_Esquina_3.mtl
o Holocron.004
v -44.091034 10.472231 -2.177158
v -45.319168 10.489349 -3.329111
v -44.466663 10.478838 -2.619771
v -44.887810 10.484634 -3.010146
v -45.828182 10.493507 -3.613591
v -43.736629 10.463867 -1.619092
v -44.095089 10.583853 -2.171773
v -45.323223 10.600975 -3.323726
v -44.470718 10.590458 -2.614385
v -44.891865 10.596258 -3.004761
v -45.832233 10.605131 -3.608206
v -43.740685 10.575489 -1.613707
v -43.865231 10.516432 -1.404736
v -44.248486 10.525832 -2.031819
v -44.623867 10.532442 -2.474661
v -43.937637 10.530248 -2.317112
v -43.612083 10.522923 -1.828063
v -45.622486 10.551182 -3.728847
v -45.165699 10.547371 -3.469131
v -44.313519 10.536850 -2.759495
v -43.307190 10.514488 -1.266163
v -45.476692 10.542955 -3.183706
v -46.037930 10.547459 -3.492951
v -45.045254 10.538239 -2.864814
v -46.124001 10.554461 -3.954581
v -44.734425 10.542654 -3.150092
v -47.470490 10.635117 -4.163569
v -43.061752 10.645533 -4.161821
v -43.065811 10.566605 0.240923
v -42.819592 10.405260 -4.166489
v -42.816105 6.000975 -4.229332
v -42.823658 10.334302 0.245067
v -43.058792 10.409365 -4.404944
v -47.477215 10.404375 -4.408962
v -43.055302 6.005411 -4.469935
v -45.124863 9.410332 -4.278623
v -43.946880 8.207418 -4.309505
v -44.674305 9.044357 -4.288986
v -44.275002 8.631758 -4.299530
v -43.651581 7.704702 -4.320333
v -45.690403 9.752602 -4.267418
v -45.129639 9.407949 -4.390320
v -43.951656 8.205036 -4.421205
v -44.679081 9.041977 -4.400684
v -44.279781 8.629377 -4.411227
v -43.656357 7.702322 -4.432032
v -45.695179 9.750221 -4.379115
v -45.901718 9.620327 -4.323093
v -45.266556 9.250700 -4.335449
v -44.815773 8.884981 -4.345810
v -44.987949 9.567581 -4.333494
v -45.483868 9.882494 -4.323440
v -43.540474 7.913700 -4.374148
v -43.809898 8.364740 -4.364377
v -44.537613 9.201351 -4.343858
v -46.052181 10.175190 -4.312970
v -44.088638 8.047712 -4.366333
v -43.767460 7.493325 -4.378214
v -44.416687 8.472136 -4.356357
v -43.304070 7.417221 -4.384274
v -44.138096 8.788998 -4.354401
v -42.918476 8.301922 -3.213747
v -42.938103 9.472883 -2.003760
v -42.916553 8.750005 -2.844606
v -42.923695 9.146915 -2.429633
v -42.963184 9.765974 -1.500263
v -42.932613 7.739226 -3.560566
v -42.808475 8.288684 -3.198584
v -42.828102 9.459644 -1.988597
v -42.806557 8.736766 -2.829443
v -42.813694 9.133677 -2.414470
v -42.853188 9.752735 -1.485099
v -42.822613 7.725988 -3.545403
v -42.908630 7.524158 -3.424846
v -42.891270 8.156157 -3.050039
v -42.889305 8.604464 -2.681149
v -42.835678 8.434448 -3.362292
v -42.846596 7.941059 -3.681123
v -42.877403 9.872898 -1.700584
v -42.855293 9.605474 -2.152378
v -42.833805 8.882309 -2.992900
v -42.865936 7.375486 -3.978642
v -42.910912 9.327053 -1.839979
v -42.938965 9.645808 -1.284778
v -42.896488 9.001159 -2.265933
v -42.906891 10.107325 -1.203938
v -42.840900 9.279433 -2.578169
v -44.674076 10.481859 -2.823083
v -44.271824 10.475613 -2.403612
v -45.102268 10.487125 -3.178347
v -45.548775 10.491388 -3.468063
v -46.186096 10.495922 -3.781331
v -43.920067 10.468563 -1.932293
v -43.521667 10.457540 -1.197968
v -44.678127 10.593481 -2.817698
v -44.275879 10.587233 -2.398227
v -45.106323 10.598747 -3.172961
v -45.552826 10.603012 -3.462678
v -46.190151 10.607546 -3.775946
v -43.924118 10.580185 -1.926908
v -43.525723 10.569162 -1.192582
v -44.073975 10.522038 -1.778270
v -44.429123 10.529217 -2.258416
v -43.770214 10.526714 -2.080931
v -45.388775 10.549366 -3.604988
v -44.118584 10.533628 -2.543424
v -43.289093 10.506054 -0.709795
v -45.712826 10.545036 -3.325754
v -44.831367 10.535465 -2.677892
v -43.588783 10.507901 -0.837112
v -46.592842 10.554342 -3.960456
v -43.458603 10.518803 -1.553438
v -45.869427 10.552855 -3.843962
v -45.259781 10.540728 -3.032950
v -46.506821 10.550613 -3.713316
v -44.520840 10.539875 -2.962890
v -44.948811 10.545145 -3.318357
v -45.142056 10.168655 -4.361567
v -42.868652 8.299327 -2.114267
v -43.305717 10.565562 -2.088304
v -44.535412 8.903915 -2.716022
v -45.266121 10.640326 -4.162695
v -43.063782 10.606070 -1.960450
v -45.268150 10.600862 -1.961322
v -42.817848 8.203115 -4.197911
v -42.821629 10.369781 -1.960710
v -42.819881 8.167638 -1.992134
v -45.268005 10.406870 -4.406952
v -43.057049 8.207386 -4.437439
v -45.266258 8.204891 -4.439448
v -44.527092 8.943420 -4.332353
v -44.527950 10.529785 -2.699342
v -42.916027 8.920099 -2.720163
v -45.139919 10.562319 -2.086612
v -42.866985 8.324331 -3.957798
v -43.297642 8.332153 -4.389059
v -45.138260 10.591246 -3.921402
v -42.869171 10.136679 -2.088294
v -45.141533 8.331638 -4.389688
v -44.466599 8.841394 -4.294291
v -44.894588 9.234478 -4.283746
v -44.102249 8.420996 -4.304586
v -43.803051 7.980882 -4.314500
v -43.476227 7.350523 -4.327600
v -45.373337 9.575972 -4.273465
v -46.116047 9.958429 -4.259782
v -44.471375 8.839014 -4.405990
v -44.899364 9.232098 -4.395444
v -44.107029 8.418615 -4.416286
v -43.807827 7.978499 -4.426198
v -43.481003 7.348138 -4.439300
v -45.378117 9.573591 -4.385163
v -46.120823 9.956049 -4.371479
v -45.523788 9.419695 -4.330146
v -45.036140 9.075005 -4.340572
v -45.227665 9.729864 -4.328478
v -43.669304 8.144663 -4.369240
v -44.757812 9.391569 -4.338618
v -46.608841 10.181309 -4.307035
v -43.941574 7.814719 -4.371461
v -44.608147 8.681925 -4.351118
v -46.475147 9.884466 -4.313007
v -43.288185 6.948666 -4.391582
v -45.761723 10.030012 -4.318253
v -43.420105 7.669324 -4.379177
v -44.243999 8.261301 -4.361413
v -43.537121 7.029336 -4.387723
v -44.329826 8.998480 -4.349164
v -43.965279 8.578310 -4.359458
v -42.919102 8.956495 -2.640351
v -42.916370 8.530958 -3.036220
v -42.930012 9.318560 -2.218003
v -42.948479 9.615679 -1.776754
v -42.983673 9.939893 -1.145893
v -42.923157 8.054732 -3.381310
v -42.948441 7.315609 -3.770072
v -42.809101 8.943254 -2.625187
v -42.806374 8.517719 -3.021056
v -42.820015 9.305321 -2.202839
v -42.838482 9.602438 -1.761589
v -42.873672 9.926654 -1.130729
v -42.813156 8.041494 -3.366147
v -42.838440 7.302372 -3.754910
v -42.896370 7.900247 -3.221039
v -42.889141 8.385332 -2.872668
v -42.839947 8.195978 -3.526419
v -42.865299 9.745062 -1.931834
v -42.833603 8.663344 -3.184609
v -42.912983 6.820888 -3.990865
v -42.921661 9.473056 -1.606509
v -42.891869 8.810873 -2.476804
v -42.931271 6.953424 -3.694006
v -42.952534 10.122107 -0.737518
v -42.855610 7.664555 -3.830976
v -42.891575 9.992279 -1.456083
v -42.902821 9.172739 -2.054231
v -42.965771 9.874268 -0.820538
v -42.836334 9.088877 -2.788735
v -42.847206 9.451143 -2.366610
v -47.959354 10.635305 -4.408323
v -43.918633 10.478529 -2.335329
v -43.920437 10.474653 -2.333731
v -43.918335 10.477059 -2.335621
v -43.918579 10.475808 -2.335420
v -43.919315 10.474962 -2.334756
v -44.717239 10.487059 -3.166693
v -44.715420 10.490936 -3.168307
v -44.716110 10.487368 -3.167724
v -44.715370 10.488213 -3.168394
v -44.715126 10.489466 -3.168598
v -44.261620 10.469806 -2.020599
v -44.263680 10.473745 -2.018647
v -44.262764 10.470093 -2.019544
v -44.263557 10.470942 -2.018801
v -44.263882 10.472223 -2.018487
v -45.060448 10.486156 -2.851644
v -45.058380 10.482214 -2.853601
v -45.060646 10.484634 -2.851483
v -45.060326 10.483351 -2.851799
v -45.059528 10.482500 -2.852543
v -44.294510 10.485126 -2.777712
v -44.296314 10.481255 -2.776114
v -44.294216 10.483660 -2.778004
v -44.294456 10.482409 -2.777803
v -44.295193 10.481564 -2.777139
v -44.639061 10.480357 -2.461489
v -44.637009 10.476418 -2.463433
v -44.639259 10.478836 -2.461328
v -44.638939 10.477551 -2.461641
v -44.638149 10.476703 -2.462381
v -45.491882 10.490875 -3.170536
v -45.489780 10.486929 -3.172524
v -45.492081 10.489349 -3.170378
v -45.491753 10.488064 -3.170700
v -45.490944 10.487215 -3.171453
v -45.148556 10.491774 -3.485697
v -45.146698 10.495665 -3.487342
v -45.147411 10.492083 -3.486742
v -45.146656 10.492933 -3.487422
v -45.146408 10.494190 -3.487632
v -46.053120 10.495386 -3.479782
v -46.050026 10.491428 -3.481310
v -46.053242 10.493858 -3.479588
v -46.052696 10.492571 -3.479811
v -46.051567 10.491714 -3.480415
v -45.606335 10.495590 -3.745874
v -45.603497 10.499498 -3.747051
v -45.604813 10.495901 -3.746741
v -45.603737 10.496752 -3.747270
v -45.603275 10.498014 -3.747378
v -47.072437 10.502178 -3.953268
v -47.059776 10.498102 -3.948302
v -47.072960 10.502129 -3.951376
v -47.069584 10.500637 -3.952628
v -47.066177 10.499321 -3.951460
v -47.073757 10.502436 -3.953159
v -47.071804 10.500803 -3.952372
v -47.069584 10.499516 -3.951419
v -47.071064 10.499912 -3.951258
v -47.063038 10.498402 -3.948192
v -47.066689 10.499271 -3.948739
v -47.062733 10.498430 -3.949941
v -47.066620 10.498871 -3.949996
v -47.069801 10.499496 -3.950266
v -47.074043 10.502409 -3.952135
v -47.070171 10.500582 -3.949857
v -47.072083 10.500776 -3.951070
v -47.073116 10.500889 -3.951994
v -46.105019 10.502810 -3.972774
v -46.103806 10.498844 -3.969881
v -46.104488 10.501310 -3.972974
v -46.104069 10.500032 -3.972495
v -46.103832 10.499165 -3.971408
v -43.593086 10.471217 -1.846274
v -43.594227 10.467312 -1.843600
v -43.592739 10.469742 -1.846485
v -43.592834 10.468481 -1.846052
v -43.593357 10.467628 -1.845038
v -43.878983 10.460422 -1.394667
v -43.880424 10.464347 -1.391564
v -43.879890 10.460703 -1.393171
v -43.880486 10.461545 -1.392056
v -43.880672 10.462827 -1.391491
v -43.291042 10.458927 -1.285021
v -43.288200 10.462805 -1.284367
v -43.289520 10.459227 -1.285188
v -43.288445 10.460068 -1.285122
v -43.287983 10.461326 -1.284834
v -43.286182 10.445623 -0.144659
v -43.287994 10.445599 -0.144143
v -43.291603 10.441835 -0.158062
v -43.286255 10.445822 -0.143328
v -43.286953 10.444141 -0.147704
v -43.287151 10.444259 -0.145447
v -43.287491 10.444325 -0.144109
v -43.288311 10.443411 -0.146275
v -43.289658 10.444122 -0.147112
v -43.290928 10.442889 -0.150800
v -43.287239 10.445810 -0.143049
v -43.288422 10.444250 -0.145166
v -43.289337 10.443035 -0.147598
v -43.289886 10.442092 -0.154957
v -43.288254 10.442902 -0.151320
v -43.291611 10.442085 -0.154645
v -43.289715 10.442471 -0.150918
v -43.288204 10.443041 -0.147819
v -43.961266 10.585752 -2.294595
v -43.956642 10.581970 -2.298895
v -43.959927 10.585478 -2.295827
v -43.958580 10.584664 -2.297077
v -43.957424 10.583431 -2.298154
v -44.753426 10.594376 -3.131875
v -44.758064 10.598158 -3.127559
v -44.754211 10.595837 -3.131133
v -44.755367 10.597069 -3.130052
v -44.756721 10.597885 -3.128797
v -44.233292 10.577919 -2.044992
v -44.228897 10.581951 -2.048964
v -44.232601 10.579449 -2.045603
v -44.231525 10.580751 -2.046573
v -44.230225 10.581631 -2.047753
v -45.025661 10.594358 -2.881963
v -45.030060 10.590324 -2.877987
v -45.026989 10.594038 -2.880751
v -45.028290 10.593157 -2.879569
v -45.029369 10.591854 -2.878599
v -44.337143 10.592354 -2.736980
v -44.332523 10.588577 -2.741276
v -44.335804 10.592081 -2.738211
v -44.334457 10.591269 -2.739460
v -44.333305 10.590036 -2.740536
v -44.604290 10.588561 -2.491796
v -44.608669 10.584530 -2.487834
v -44.605610 10.588240 -2.490589
v -44.606907 10.587361 -2.489412
v -44.607983 10.586060 -2.488444
v -45.457066 10.599073 -3.200887
v -45.461498 10.595032 -3.196877
v -45.458405 10.598749 -3.199662
v -45.459717 10.597870 -3.198469
v -45.460804 10.596563 -3.197491
v -45.184696 10.599079 -3.450919
v -45.189381 10.602877 -3.446562
v -45.185486 10.600546 -3.450173
v -45.186653 10.601784 -3.449082
v -45.188023 10.602600 -3.447815
v -46.017056 10.603569 -3.509544
v -46.022739 10.599531 -3.506120
v -46.018871 10.603251 -3.508543
v -46.020592 10.602371 -3.507542
v -46.021950 10.601065 -3.506690
v -45.641479 10.602867 -3.710643
v -45.647415 10.606691 -3.706871
v -45.642365 10.604343 -3.709939
v -45.643806 10.605587 -3.708974
v -45.645576 10.606413 -3.707898
v -47.042095 10.606274 -3.979272
v -47.042580 10.606270 -3.977713
v -47.023796 10.610224 -3.975158
v -47.037949 10.607807 -3.979149
v -47.040211 10.607866 -3.979058
v -47.041584 10.607883 -3.978811
v -47.038673 10.608639 -3.978332
v -47.038353 10.607780 -3.976718
v -47.033302 10.609064 -3.975882
v -47.043671 10.606527 -3.978442
v -47.040409 10.607855 -3.977919
v -47.036949 10.608944 -3.977471
v -47.028042 10.609943 -3.976923
v -47.033012 10.609097 -3.978325
v -47.028191 10.609921 -3.975335
v -47.032845 10.609505 -3.977164
v -47.036827 10.608959 -3.978505
v -46.144581 10.609945 -3.930760
v -46.142982 10.606123 -3.936387
v -46.144405 10.609674 -3.932493
v -46.144039 10.608854 -3.934170
v -46.143539 10.607605 -3.935537
v -43.634888 10.578409 -1.804192
v -43.631084 10.574636 -1.809850
v -43.633865 10.578142 -1.805943
v -43.632782 10.577331 -1.807632
v -43.631805 10.576099 -1.809004
v -43.850040 10.568515 -1.417907
v -43.846428 10.572572 -1.423325
v -43.849407 10.570048 -1.418628
v -43.848499 10.571356 -1.419911
v -43.847450 10.572241 -1.421561
v -43.326187 10.566179 -1.247957
v -43.331825 10.570028 -1.245869
v -43.327049 10.567656 -1.247381
v -43.328426 10.568905 -1.246782
v -43.330101 10.569738 -1.246251
v -43.256104 10.549760 -0.170963
v -43.260399 10.554028 -0.189599
v -43.257610 10.549765 -0.170485
v -43.256241 10.551349 -0.175201
v -43.257107 10.552719 -0.180230
v -43.256290 10.551357 -0.172887
v -43.256859 10.552517 -0.176329
v -43.257008 10.552168 -0.174444
v -43.260155 10.553657 -0.185133
v -43.259541 10.552717 -0.179932
v -43.258564 10.553659 -0.185287
v -43.258251 10.553144 -0.180384
v -43.257889 10.552517 -0.176200
v -43.256882 10.549957 -0.169383
v -43.258644 10.551352 -0.174788
v -43.257416 10.551358 -0.172688
v -43.256508 10.551349 -0.171487
v -43.308327 10.637968 -3.922502
v -43.304070 10.637905 -3.918247
v -43.299480 10.642305 -3.926982
v -43.306698 10.637962 -3.922180
v -43.305313 10.637949 -3.921258
v -43.306381 10.639608 -3.922827
v -43.305355 10.639545 -3.922510
v -43.304020 10.640425 -3.922501
v -43.303719 10.639568 -3.920139
v -43.302727 10.640987 -3.922464
v -43.304394 10.637928 -3.919877
v -43.304039 10.639524 -3.921180
v -43.301594 10.641954 -3.925252
v -43.304016 10.641006 -3.923792
v -43.302650 10.641462 -3.923845
v -42.822968 6.491251 -3.983674
v -42.822971 6.489956 -3.980672
v -42.818657 6.477582 -3.988484
v -42.822968 6.489109 -3.982820
v -42.821335 6.488276 -3.984065
v -42.820511 6.486187 -3.984276
v -42.821335 6.487185 -3.983156
v -42.819942 6.483860 -3.985509
v -42.819000 6.480877 -3.986669
v -46.968220 10.626112 -3.919216
v -46.981834 10.630449 -3.923748
v -46.969467 10.626057 -3.916199
v -46.971188 10.627743 -3.919542
v -46.969620 10.626106 -3.918985
v -46.973274 10.628563 -3.919717
v -46.978554 10.630089 -3.921995
v -46.976250 10.629602 -3.921150
v -46.970295 10.626074 -3.917352
v -46.972286 10.627724 -3.918636
v -43.307384 10.572112 -0.257322
v -43.310402 10.572081 -0.256075
v -43.302788 10.576111 -0.243599
v -43.308270 10.572077 -0.255193
v -43.307037 10.573689 -0.254329
v -43.306850 10.574469 -0.252224
v -43.307941 10.573666 -0.253227
v -43.306053 10.574980 -0.250662
v -43.303822 10.575848 -0.246475
v -43.305401 10.575428 -0.249226
v -46.981670 10.168810 -4.405684
v -46.982910 10.165802 -4.405729
v -46.995399 10.173412 -4.409926
v -46.983070 10.168581 -4.405687
v -46.984688 10.169180 -4.407314
v -46.986748 10.169365 -4.408136
v -46.983742 10.166952 -4.405714
v -46.985626 10.168472 -4.407269
v -46.992119 10.171671 -4.409609
v -46.989746 10.170809 -4.409142
v -42.824009 10.157436 -3.931847
v -42.819748 10.166298 -3.936218
v -42.824013 10.161636 -3.927526
v -42.822380 10.159386 -3.932159
v -42.820995 10.161755 -3.933101
v -42.824009 10.159060 -3.931501
v -42.822437 10.160406 -3.931825
v -42.821560 10.161734 -3.931810
v -42.820072 10.164532 -3.934147
v -42.820999 10.163027 -3.931768
v -42.820545 10.163118 -3.933140
v -42.824013 10.161335 -3.929162
v -42.824009 10.160431 -3.930557
v -42.822380 10.162010 -3.929443
v -42.822437 10.161703 -3.930482
v -42.827339 10.111745 -0.248983
v -42.823093 10.116063 -0.235095
v -42.827339 10.108721 -0.247782
v -42.825714 10.112046 -0.245923
v -42.824894 10.112181 -0.243880
v -42.823414 10.115042 -0.238104
v -42.823883 10.113554 -0.240838
v -42.827339 10.110836 -0.246866
v -42.825714 10.111069 -0.244971
v -43.302410 10.169836 -4.404432
v -43.293606 10.174446 -4.408619
v -43.298149 10.165577 -4.404497
v -43.300476 10.170206 -4.406055
v -43.298122 10.171213 -4.407423
v -43.300777 10.169512 -4.404436
v -43.299446 10.169888 -4.406004
v -43.295712 10.172701 -4.408321
v -43.296753 10.171288 -4.407873
v -43.297527 10.169912 -4.407263
v -43.298473 10.167208 -4.404470
v -43.299397 10.168589 -4.404451
v -43.297802 10.167536 -4.406097
v -43.298122 10.168564 -4.406023
v -43.297108 6.500062 -4.460605
v -43.292465 6.486455 -4.465025
v -43.300125 6.498807 -4.460626
v -43.296753 6.497129 -4.462276
v -43.297337 6.498661 -4.460628
v -43.296558 6.495036 -4.463124
v -43.293507 6.489323 -4.464676
v -43.295097 6.492066 -4.464173
v -43.298969 6.497982 -4.460638
v -43.297443 6.496112 -4.462235
v -42.828838 10.557100 0.725446
v -42.827705 10.553552 0.727845
v -42.824223 10.552561 0.725274
v -42.829350 10.556805 0.726504
v -42.829315 10.556027 0.727330
v -42.827072 10.556749 0.725419
v -42.827301 10.556306 0.727338
v -42.827339 10.555668 0.728582
v -42.826164 10.555115 0.728504
v -42.826374 10.552549 0.727776
v -42.825241 10.552010 0.727261
v -42.828739 10.554886 0.727801
v -42.826954 10.554316 0.728465
v -42.825596 10.553946 0.728551
v -42.824577 10.554295 0.725327
v -42.825577 10.555764 0.725377
v -42.824490 10.552013 0.726383
v -42.824982 10.554022 0.727279
v -47.961517 10.636347 -4.404541
v -47.959106 10.639788 -4.403370
v -47.960114 10.634808 -4.407755
v -47.959053 10.637075 -4.407637
v -47.960983 10.636829 -4.407246
v -47.962234 10.636768 -4.406641
v -47.962177 10.637926 -4.406059
v -47.961456 10.637659 -4.403488
v -47.960976 10.638773 -4.402895
v -47.961456 10.635351 -4.405884
v -47.962135 10.637121 -4.405281
v -47.962242 10.638466 -4.404879
v -47.959091 10.639482 -4.405132
v -47.959072 10.638531 -4.406630
v -47.960152 10.639523 -4.402855
v -47.961002 10.639078 -4.404909
v -42.824020 10.648762 -4.396669
v -42.819443 10.644205 -4.396746
v -42.823982 10.644278 -4.401268
v -42.822269 10.648409 -4.396673
v -42.820782 10.647419 -4.396690
v -42.824013 10.648438 -4.398409
v -42.822323 10.647930 -4.398356
v -42.820972 10.647255 -4.398323
v -42.821377 10.646862 -4.399303
v -42.819786 10.644234 -4.398474
v -42.820766 10.644255 -4.399941
v -42.819790 10.645943 -4.396715
v -42.820293 10.645910 -4.398386
v -42.820965 10.645889 -4.399725
v -42.823994 10.646009 -4.400898
v -42.824005 10.647470 -4.399893
v -42.822243 10.644270 -4.400921
v -42.822311 10.645943 -4.400396
v -42.822361 10.647276 -4.399704
v -42.813553 5.524356 -4.470188
v -42.816994 5.521832 -4.471364
v -42.818146 5.524367 -4.474844
v -42.813805 5.523262 -4.469687
v -42.814545 5.522398 -4.469736
v -42.813889 5.524371 -4.471958
v -42.814285 5.522426 -4.471756
v -42.814888 5.521161 -4.471737
v -42.815456 5.521237 -4.472919
v -42.818027 5.521924 -4.472697
v -42.818611 5.522436 -4.473826
v -42.815666 5.521895 -4.470325
v -42.816246 5.521254 -4.472126
v -42.816631 5.521175 -4.473491
v -42.816376 5.524375 -4.474476
v -42.814880 5.524376 -4.473463
v -42.818649 5.523293 -4.474579
v -42.816597 5.522439 -4.474092
v -46.968193 10.549904 -3.920212
v -46.969440 10.549864 -3.917194
v -46.962177 10.545589 -3.916013
v -46.970055 10.549902 -3.920172
v -46.970943 10.549896 -3.919584
v -46.967274 10.548267 -3.919720
v -46.969105 10.548225 -3.919622
v -46.968746 10.547422 -3.918707
v -46.968430 10.548229 -3.916932
v -46.966690 10.546843 -3.916616
v -46.970730 10.549881 -3.918539
v -46.969654 10.548206 -3.918295
v -46.968155 10.547077 -3.917966
v -46.964020 10.545931 -3.917448
v -46.965809 10.546873 -3.918749
v -46.964497 10.545916 -3.916293
v -46.966461 10.546328 -3.917776
v -43.308304 10.550995 -3.923681
v -43.308304 10.546677 -3.919479
v -43.304047 10.550938 -3.919425
v -43.308304 10.549360 -3.923379
v -43.308304 10.547966 -3.922474
v -43.306671 10.550991 -3.923358
v -43.306633 10.549313 -3.922989
v -43.306717 10.548180 -3.922256
v -43.306675 10.547001 -3.919475
v -43.305294 10.547926 -3.919465
v -43.308304 10.547024 -3.921104
v -43.306633 10.547417 -3.921141
v -43.305508 10.548164 -3.921048
v -43.304367 10.550961 -3.921055
v -43.305290 10.550980 -3.922436
v -43.304367 10.549307 -3.919447
v -43.304760 10.549290 -3.921119
v -43.305508 10.549391 -3.922241
v -43.307362 10.501295 -0.258226
v -43.311615 10.497115 -0.264299
v -43.310375 10.501277 -0.256979
v -43.307873 10.499677 -0.259166
v -43.308865 10.498314 -0.260650
v -43.307400 10.501270 -0.256364
v -43.307972 10.499611 -0.257335
v -43.308899 10.498827 -0.257707
v -43.311329 10.497408 -0.261975
v -43.310997 10.498302 -0.259767
v -43.310177 10.497415 -0.262452
v -43.309841 10.497774 -0.260005
v -43.309643 10.498500 -0.258300
v -43.309032 10.501261 -0.255690
v -43.307987 10.501257 -0.255474
v -43.310661 10.499660 -0.258014
v -43.309299 10.499603 -0.256787
v -42.911003 10.157410 -3.931926
v -42.911007 10.161613 -3.927604
v -42.915268 10.157351 -3.927668
v -42.911003 10.159037 -3.931578
v -42.911003 10.160406 -3.930635
v -42.912632 10.157406 -3.931604
v -42.912674 10.159073 -3.931187
v -42.912590 10.160187 -3.930424
v -42.912636 10.161287 -3.927612
v -42.914017 10.160364 -3.927625
v -42.911003 10.161310 -3.929240
v -42.912674 10.160919 -3.929288
v -42.913799 10.160170 -3.929216
v -42.914940 10.157373 -3.929298
v -42.914013 10.157393 -3.930681
v -42.914940 10.158981 -3.927645
v -42.914547 10.159044 -3.929315
v -42.913799 10.158978 -3.930442
v -42.909962 6.491230 -3.983752
v -42.914227 6.497171 -3.979411
v -42.909962 6.489933 -3.980752
v -42.911591 6.492136 -3.983223
v -42.912975 6.493587 -3.982213
v -42.909958 6.489367 -3.983737
v -42.911633 6.490304 -3.983155
v -42.912422 6.490652 -3.982223
v -42.913902 6.494859 -3.979727
v -42.912979 6.492671 -3.980093
v -42.913898 6.495355 -3.980875
v -42.913509 6.492918 -3.981246
v -42.912758 6.491229 -3.981471
v -42.909962 6.488667 -3.982114
v -42.909958 6.488469 -3.983163
v -42.911594 6.490942 -3.980454
v -42.911633 6.489738 -3.981835
v -42.914333 10.111721 -0.249060
v -42.914333 10.108700 -0.247860
v -42.918587 10.107544 -0.255175
v -42.914333 10.111474 -0.247663
v -42.915958 10.111416 -0.250455
v -42.915905 10.111038 -0.248764
v -42.915863 10.110517 -0.247692
v -42.916782 10.110044 -0.248877
v -42.915962 10.107964 -0.249084
v -42.917343 10.107489 -0.250905
v -42.914333 10.109837 -0.247014
v -42.915905 10.109400 -0.248113
v -42.917164 10.109087 -0.249406
v -42.918262 10.109154 -0.253765
v -42.917343 10.110516 -0.252107
v -42.918262 10.107338 -0.253044
v -42.917793 10.109060 -0.251358
v -42.917160 10.110380 -0.249919
v -46.981697 10.167479 -4.318701
v -46.975647 10.163155 -4.314507
v -46.982941 10.164471 -4.318749
v -46.980312 10.167130 -4.317076
v -46.978676 10.166187 -4.315708
v -46.983101 10.167250 -4.318707
v -46.982010 10.166777 -4.317141
v -46.980862 10.166082 -4.315891
v -46.981911 10.165768 -4.316279
v -46.977783 10.162985 -4.314833
v -46.979916 10.163176 -4.315756
v -46.977036 10.164791 -4.314806
v -46.979443 10.164734 -4.315279
v -46.981396 10.164797 -4.315910
v -46.983772 10.165623 -4.318731
v -46.981728 10.163696 -4.317129
v -46.982681 10.165146 -4.317165
v -46.983086 10.166267 -4.317186
v -43.302441 10.168505 -4.317452
v -43.298176 10.164246 -4.317514
v -43.302441 10.164179 -4.313255
v -43.300808 10.168180 -4.317455
v -43.299427 10.167257 -4.317469
v -43.302441 10.168156 -4.315826
v -43.300766 10.167765 -4.315790
v -43.299644 10.167015 -4.315886
v -43.298500 10.164221 -4.315886
v -43.299427 10.164198 -4.314501
v -43.298500 10.165876 -4.317488
v -43.298893 10.165890 -4.315817
v -43.299644 10.165789 -4.314695
v -43.302441 10.165815 -4.313555
v -43.302441 10.167210 -4.314459
v -43.300808 10.164185 -4.313580
v -43.300766 10.165861 -4.313944
v -43.300854 10.166998 -4.314676
v -43.297134 6.498732 -4.373623
v -43.300156 6.497477 -4.373642
v -43.301399 6.504663 -4.369274
v -43.297176 6.496871 -4.373652
v -43.297760 6.495977 -4.373665
v -43.297653 6.499619 -4.371980
v -43.297749 6.497789 -4.371966
v -43.298676 6.498136 -4.371171
v -43.300438 6.498463 -4.371996
v -43.300777 6.500174 -4.370589
v -43.298809 6.496192 -4.373662
v -43.299076 6.497240 -4.371975
v -43.299419 6.498715 -4.370828
v -43.299957 6.502831 -4.369627
v -43.298645 6.501060 -4.370575
v -43.301113 6.502349 -4.369634
v -43.299622 6.500399 -4.370053
v -44.970383 9.586140 -4.281388
v -44.971962 9.584242 -4.277550
v -44.970104 9.586416 -4.279913
v -44.970306 9.586153 -4.278665
v -44.970959 9.585388 -4.277836
v -44.122124 8.805639 -4.298455
v -44.120529 8.807556 -4.302297
v -44.121117 8.806793 -4.298741
v -44.120461 8.807564 -4.299573
v -44.120255 8.807831 -4.300820
v -45.277752 9.236439 -4.279696
v -45.279644 9.234398 -4.283678
v -45.278782 9.235275 -4.280006
v -45.279503 9.234480 -4.280870
v -45.279804 9.234171 -4.282159
v -44.429771 8.455833 -4.304586
v -44.427879 8.457880 -4.300601
v -44.429935 8.455608 -4.303070
v -44.429634 8.455917 -4.301778
v -44.428909 8.456717 -4.300912
v -44.520046 9.219910 -4.291750
v -44.521626 9.218012 -4.287914
v -44.519768 9.220188 -4.290276
v -44.519970 9.219923 -4.289030
v -44.520622 9.219160 -4.288199
v -44.828861 8.868679 -4.294039
v -44.826981 8.870710 -4.290058
v -44.829021 8.868452 -4.292522
v -44.828724 8.868757 -4.291233
v -44.828007 8.869553 -4.290367
v -44.101723 8.031412 -4.314569
v -44.099800 8.033493 -4.310580
v -44.101883 8.031187 -4.313049
v -44.101574 8.031504 -4.311758
v -44.100842 8.032312 -4.310889
v -43.793964 8.381340 -4.308434
v -43.792343 8.383291 -4.312286
v -43.792942 8.382509 -4.308721
v -43.792274 8.383291 -4.309554
v -43.792065 8.383568 -4.310804
v -43.780548 7.477026 -4.326458
v -43.779102 7.480089 -4.322443
v -43.780743 7.476874 -4.324934
v -43.780540 7.477405 -4.323635
v -43.779964 7.478531 -4.322761
v -43.524055 7.929318 -4.318224
v -43.522923 7.932241 -4.322083
v -43.523220 7.930863 -4.318506
v -43.522713 7.931962 -4.319338
v -43.522606 7.932446 -4.320593
v -43.285374 6.468256 -4.347085
v -43.290630 6.480741 -4.342834
v -43.287254 6.467690 -4.347054
v -43.286083 6.471066 -4.345501
v -43.287331 6.474428 -4.344138
v -43.285454 6.466936 -4.347363
v -43.286293 6.468845 -4.345704
v -43.287296 6.471025 -4.344387
v -43.287426 6.469545 -4.344810
v -43.290668 6.477480 -4.343184
v -43.290039 6.473856 -4.344110
v -43.288925 6.477825 -4.343202
v -43.288788 6.473947 -4.343701
v -43.288445 6.470779 -4.344376
v -43.286472 6.466630 -4.347345
v -43.288841 6.470418 -4.345469
v -43.287586 6.468540 -4.345686
v -43.286640 6.467527 -4.345812
v -43.286530 7.435751 -4.332237
v -43.289467 7.436841 -4.328269
v -43.286346 7.436265 -4.330731
v -43.286839 7.436653 -4.329451
v -43.287933 7.436853 -4.328586
v -45.466305 9.901049 -4.271349
v -45.468975 9.899788 -4.267476
v -45.466110 9.901377 -4.269868
v -45.466545 9.901251 -4.268611
v -45.467552 9.900694 -4.267771
v -45.911751 9.605473 -4.267361
v -45.914803 9.604025 -4.271323
v -45.913227 9.604536 -4.267662
v -45.914326 9.603933 -4.268521
v -45.914879 9.603752 -4.269807
v -46.033932 10.190847 -4.257065
v -46.034630 10.193733 -4.260902
v -46.033794 10.192377 -4.257339
v -46.033882 10.193462 -4.258164
v -46.034172 10.193941 -4.259416
v -47.174187 10.171228 -4.249390
v -47.174664 10.169405 -4.249397
v -47.160690 10.166033 -4.245622
v -47.175514 10.171129 -4.249599
v -47.171131 10.170500 -4.247906
v -47.173386 10.170256 -4.248039
v -47.174717 10.169889 -4.248117
v -47.172535 10.169102 -4.247205
v -47.171669 10.167782 -4.247934
v -47.167961 10.166571 -4.246702
v -47.175774 10.170143 -4.249603
v -47.173641 10.168982 -4.248052
v -47.171196 10.168097 -4.246840
v -47.163830 10.167690 -4.245867
v -47.167496 10.169256 -4.246668
v -47.164104 10.165958 -4.245890
v -47.167870 10.167780 -4.246263
v -47.170998 10.169235 -4.246825
v -45.009697 9.544373 -4.389479
v -45.005516 9.549023 -4.385603
v -45.008495 9.545731 -4.389177
v -45.007278 9.547092 -4.388335
v -45.006229 9.548248 -4.387080
v -44.155663 8.770441 -4.406508
v -44.159859 8.765772 -4.410387
v -44.156380 8.769665 -4.407987
v -44.157429 8.768505 -4.409243
v -44.158649 8.767138 -4.410085
v -45.253468 9.267004 -4.387221
v -45.249573 9.271545 -4.391162
v -45.252865 9.267733 -4.388735
v -45.251911 9.268852 -4.390017
v -45.250755 9.270189 -4.390869
v -44.399700 8.492985 -4.412067
v -44.403603 8.488440 -4.408124
v -44.400887 8.491627 -4.411776
v -44.402042 8.490288 -4.410922
v -44.402996 8.489166 -4.409639
v -44.559361 9.178146 -4.399845
v -44.555183 9.182793 -4.395972
v -44.558159 9.179502 -4.399544
v -44.556942 9.180864 -4.398703
v -44.555897 9.182018 -4.397449
v -44.798798 8.905817 -4.401525
v -44.802685 8.901285 -4.397584
v -44.799980 8.904465 -4.401230
v -44.801132 8.903130 -4.400378
v -44.802082 8.902014 -4.399097
v -44.071617 8.068596 -4.422048
v -44.075554 8.064013 -4.418097
v -44.072815 8.067226 -4.421751
v -44.073982 8.065874 -4.420897
v -44.074944 8.064745 -4.419614
v -43.827461 8.346186 -4.416471
v -43.831699 8.341473 -4.420362
v -43.828186 8.345406 -4.417953
v -43.829243 8.344234 -4.419214
v -43.830479 8.342854 -4.420061
v -43.751057 7.515441 -4.433901
v -43.754375 7.509624 -4.429974
v -43.752022 7.513597 -4.433618
v -43.752991 7.511847 -4.432769
v -43.753819 7.510449 -4.431490
v -43.558029 7.895154 -4.426222
v -43.561653 7.889203 -4.430161
v -43.558708 7.894277 -4.427714
v -43.559635 7.892838 -4.428988
v -43.560669 7.891055 -4.429845
v -43.259541 6.500803 -4.450555
v -43.261089 6.500286 -4.450565
v -43.264027 6.519072 -4.454236
v -43.259499 6.499495 -4.450832
v -43.259747 6.504972 -4.452024
v -43.259789 6.502707 -4.452119
v -43.260006 6.501329 -4.452159
v -43.260544 6.504241 -4.452870
v -43.262169 6.504510 -4.452015
v -43.263103 6.509564 -4.453221
v -43.260921 6.502486 -4.452116
v -43.261436 6.505949 -4.453154
v -43.262173 6.514859 -4.454012
v -43.260670 6.509909 -4.453238
v -43.263756 6.514678 -4.454000
v -43.261829 6.510056 -4.453650
v -43.260406 6.506096 -4.453158
v -43.327187 7.397028 -4.440197
v -43.321617 7.398685 -4.436324
v -43.325462 7.397233 -4.439917
v -43.323795 7.397622 -4.439082
v -43.322445 7.398129 -4.437819
v -45.506985 9.860083 -4.379399
v -45.501431 9.863943 -4.375538
v -45.505260 9.861137 -4.379107
v -45.503597 9.862240 -4.378270
v -45.502251 9.863226 -4.377017
v -45.888630 9.636631 -4.374862
v -45.883270 9.640423 -4.378833
v -45.887917 9.637302 -4.376380
v -45.886646 9.638258 -4.377667
v -45.885014 9.639355 -4.378529
v -46.069736 10.156643 -4.365048
v -46.071686 10.151024 -4.368993
v -46.070286 10.155792 -4.366539
v -46.070850 10.154425 -4.367813
v -46.071342 10.152750 -4.368675
v -47.148045 10.203526 -4.352904
v -47.129303 10.199696 -4.357146
v -47.148491 10.202007 -4.352934
v -47.143799 10.203501 -4.354474
v -47.138744 10.202766 -4.355832
v -47.149368 10.203539 -4.353105
v -47.146111 10.203403 -4.354495
v -47.142651 10.202929 -4.355645
v -47.144535 10.202732 -4.355308
v -47.133774 10.199839 -4.356793
v -47.138992 10.200329 -4.355870
v -47.133656 10.201429 -4.356770
v -47.138565 10.201632 -4.356275
v -47.142757 10.201897 -4.355661
v -47.144161 10.201088 -4.354514
v -47.146286 10.202276 -4.354514
v -47.147507 10.203156 -4.354496
v -42.883823 8.455935 -3.386545
v -42.887962 8.454652 -3.385115
v -42.885231 8.456326 -3.386986
v -42.886513 8.456220 -3.386870
v -42.887474 8.455632 -3.386213
v -42.893188 9.299622 -2.600975
v -42.889046 9.300920 -2.602422
v -42.892696 9.300606 -2.602079
v -42.891735 9.301199 -2.602742
v -42.890453 9.301310 -2.602862
v -42.948982 8.149206 -3.042393
v -42.945415 8.147018 -3.039927
v -42.948887 8.148155 -3.041212
v -42.948177 8.147369 -3.040330
v -42.946957 8.146971 -3.039878
v -42.950630 8.992020 -2.255822
v -42.954197 8.994213 -2.258294
v -42.952171 8.991971 -2.255773
v -42.953392 8.992373 -2.256225
v -42.954102 8.993158 -2.257111
v -42.881954 8.903796 -3.017155
v -42.886089 8.902513 -3.015725
v -42.883362 8.904185 -3.017596
v -42.884640 8.904078 -3.017480
v -42.885597 8.903491 -3.016822
v -42.943451 8.595325 -2.671038
v -42.947018 8.597505 -2.673495
v -42.944992 8.595277 -2.670987
v -42.946213 8.595674 -2.671437
v -42.946922 8.596456 -2.672317
v -42.965050 9.317914 -1.829869
v -42.968616 9.320137 -1.832375
v -42.966591 9.317867 -1.829821
v -42.967812 9.318274 -1.830281
v -42.968521 9.319072 -1.831178
v -42.907593 9.625626 -2.175144
v -42.903427 9.626954 -2.176624
v -42.907097 9.626623 -2.176263
v -42.906128 9.627227 -2.176938
v -42.904842 9.627343 -2.177064
v -42.993095 9.636671 -1.274669
v -42.996613 9.638419 -1.278158
v -42.994637 9.636588 -1.274696
v -42.995850 9.636892 -1.275369
v -42.996540 9.637535 -1.276584
v -42.929756 9.893531 -1.722371
v -42.925514 9.894371 -1.724820
v -42.929237 9.894344 -1.723864
v -42.928249 9.894791 -1.724854
v -42.926941 9.894798 -1.725189
v -43.051838 10.127771 -0.265408
v -43.055004 10.122869 -0.278351
v -43.052078 10.125898 -0.264869
v -43.053139 10.127190 -0.268390
v -43.054195 10.126053 -0.271897
v -43.051723 10.127672 -0.264064
v -43.053207 10.126965 -0.266163
v -43.054337 10.126064 -0.268488
v -43.054100 10.125902 -0.266973
v -43.055035 10.122801 -0.275073
v -43.054489 10.123352 -0.271359
v -43.054852 10.124537 -0.275395
v -43.054790 10.124635 -0.271483
v -43.054462 10.124920 -0.268258
v -43.051849 10.126657 -0.263773
v -43.053452 10.124440 -0.267776
v -43.053360 10.125673 -0.265872
v -43.053276 10.126608 -0.264845
v -42.954975 10.128783 -1.228159
v -42.959000 10.126157 -1.229726
v -42.956394 10.129080 -1.228839
v -42.957657 10.128684 -1.229375
v -42.958572 10.127657 -1.229687
v -42.894730 7.962541 -3.705370
v -42.898911 7.960173 -3.704588
v -42.896145 7.962851 -3.705864
v -42.897438 7.962510 -3.705888
v -42.898407 7.961568 -3.705441
v -42.966301 7.518366 -3.416601
v -42.962772 7.515018 -3.414737
v -42.966221 7.516870 -3.415649
v -42.965523 7.515709 -3.414962
v -42.964314 7.515059 -3.414640
v -42.918129 7.397942 -4.000444
v -42.914047 7.396958 -4.002879
v -42.917671 7.398057 -4.001934
v -42.916737 7.397913 -4.002916
v -42.915462 7.397528 -4.003251
v -43.013767 6.261534 -3.993028
v -43.014008 6.261055 -3.991220
v -43.017082 6.275271 -3.988168
v -43.013672 6.260191 -3.992918
v -43.015091 6.264688 -3.992445
v -43.015160 6.262434 -3.992208
v -43.015224 6.261099 -3.991849
v -43.016052 6.263341 -3.991149
v -43.015419 6.264153 -3.989748
v -43.016499 6.267941 -3.988652
v -43.013802 6.259933 -3.991940
v -43.015312 6.262177 -3.990942
v -43.016430 6.264708 -3.990180
v -43.016888 6.272123 -3.989816
v -43.016186 6.268410 -3.991318
v -43.017086 6.271849 -3.988097
v -43.016788 6.268065 -3.989902
v -43.016296 6.264905 -3.991311
v -42.784542 8.408493 -3.333013
v -42.787529 8.412960 -3.338038
v -42.784592 8.409715 -3.334386
v -42.785179 8.410994 -3.335823
v -42.786209 8.412133 -3.337105
v -42.792751 9.257946 -2.553916
v -42.789764 9.253463 -2.548873
v -42.791431 9.257117 -2.552982
v -42.790401 9.255975 -2.551695
v -42.789818 9.254690 -2.550253
v -42.837128 8.165298 -3.060150
v -42.832405 8.168888 -3.064169
v -42.835495 8.165785 -3.060694
v -42.834026 8.166638 -3.061648
v -42.832943 8.167728 -3.062868
v -42.837624 9.013895 -2.280067
v -42.842346 9.010299 -2.276044
v -42.838158 9.012733 -2.278765
v -42.839245 9.011642 -2.277543
v -42.840717 9.010787 -2.276588
v -42.782669 8.856354 -2.963624
v -42.785652 8.860819 -2.968644
v -42.782719 8.857575 -2.964995
v -42.783302 8.858854 -2.966431
v -42.784332 8.859992 -2.967712
v -42.830444 8.617186 -2.695268
v -42.835163 8.613604 -2.691261
v -42.830978 8.616031 -2.693972
v -42.832066 8.614944 -2.692755
v -42.833534 8.614092 -2.691803
v -42.852039 9.339820 -1.854149
v -42.856777 9.336191 -1.850089
v -42.852581 9.338647 -1.852833
v -42.853668 9.337543 -1.851599
v -42.855145 9.336681 -1.850636
v -42.807159 9.583993 -2.128130
v -42.804169 9.579465 -2.123041
v -42.805836 9.583158 -2.127191
v -42.804802 9.582006 -2.125893
v -42.804214 9.580709 -2.124436
v -42.880024 9.657966 -1.300184
v -42.884834 9.654949 -1.294887
v -42.880589 9.657026 -1.298395
v -42.881702 9.656122 -1.296760
v -42.883194 9.655394 -1.295529
v -42.829288 9.851425 -1.676346
v -42.826347 9.847506 -1.670017
v -42.827961 9.850636 -1.675309
v -42.826939 9.849613 -1.673742
v -42.826370 9.848515 -1.671883
v -42.943657 10.145718 -0.285585
v -42.943821 10.144174 -0.285086
v -42.938240 10.140987 -0.303353
v -42.941738 10.145409 -0.289559
v -42.941906 10.145357 -0.287300
v -42.942043 10.145134 -0.285930
v -42.941040 10.144548 -0.288744
v -42.941978 10.142992 -0.289129
v -42.940273 10.141972 -0.294019
v -42.943619 10.144903 -0.283984
v -42.942020 10.144226 -0.287092
v -42.940632 10.143635 -0.290418
v -42.938808 10.142847 -0.299175
v -42.940033 10.144400 -0.294331
v -42.938961 10.141270 -0.299014
v -42.939697 10.143211 -0.294444
v -42.940533 10.144663 -0.290553
v -42.855572 10.080010 -1.177677
v -42.858799 10.085862 -1.179712
v -42.855698 10.081754 -1.177897
v -42.856354 10.083479 -1.178361
v -42.857445 10.084921 -1.178998
v -42.795494 7.913736 -3.652651
v -42.798458 7.919575 -3.656875
v -42.795532 7.915483 -3.653717
v -42.796112 7.917205 -3.654892
v -42.797134 7.918642 -3.656002
v -42.854488 7.533298 -3.434958
v -42.849712 7.538342 -3.438216
v -42.852852 7.533895 -3.435443
v -42.851372 7.535066 -3.436234
v -42.850269 7.536627 -3.437207
v -42.817818 7.354012 -3.954402
v -42.814705 7.351765 -3.948387
v -42.816479 7.353352 -3.953391
v -42.815418 7.352692 -3.951891
v -42.814793 7.352135 -3.950135
v -42.905548 6.279780 -4.012949
v -42.900379 6.298144 -4.008473
v -42.905727 6.279334 -4.011443
v -42.903679 6.283895 -4.012702
v -42.902035 6.288833 -4.011766
v -42.903839 6.281590 -4.012628
v -42.902496 6.284952 -4.011989
v -42.902996 6.283100 -4.011848
v -42.901047 6.293712 -4.008698
v -42.902298 6.288580 -4.009341
v -42.900879 6.293837 -4.010282
v -42.901714 6.288979 -4.010586
v -42.902607 6.284842 -4.010962
v -42.905544 6.278205 -4.012136
v -42.903942 6.283531 -4.010303
v -42.903965 6.281414 -4.011506
v -42.903973 6.280200 -4.012393
v -44.503643 10.484282 -2.979503
v -44.501831 10.488155 -2.981107
v -44.502518 10.484589 -2.980530
v -44.501781 10.485434 -2.981196
v -44.501537 10.486685 -2.981398
v -44.442261 10.473192 -2.247190
v -44.444313 10.477132 -2.245244
v -44.443401 10.473476 -2.246136
v -44.444195 10.474327 -2.245397
v -44.444515 10.475611 -2.245083
v -44.101379 10.478033 -2.560045
v -44.099575 10.481907 -2.561641
v -44.100258 10.478342 -2.561069
v -44.099522 10.479187 -2.561732
v -44.099281 10.480438 -2.561933
v -44.844501 10.479441 -2.666669
v -44.846561 10.483379 -2.664720
v -44.845646 10.479725 -2.665614
v -44.846439 10.480574 -2.664873
v -44.846760 10.481859 -2.664559
v -45.272892 10.484703 -3.021751
v -45.274975 10.488647 -3.019780
v -45.274048 10.484987 -3.020687
v -45.274849 10.485840 -3.019939
v -45.275173 10.487122 -3.019621
v -44.931644 10.489550 -3.334943
v -44.929806 10.493433 -3.336572
v -44.930508 10.489861 -3.335981
v -44.929760 10.490707 -3.336654
v -44.929512 10.491962 -3.336862
v -45.371769 10.493773 -3.621599
v -45.369781 10.497671 -3.623196
v -45.370575 10.494083 -3.622626
v -45.369774 10.494932 -3.623291
v -45.369495 10.496195 -3.623490
v -45.725780 10.489010 -3.314525
v -45.728016 10.492962 -3.312585
v -45.726994 10.489298 -3.313472
v -45.727844 10.490149 -3.312734
v -45.728203 10.491436 -3.312422
v -46.581783 10.498474 -3.959091
v -46.590965 10.502665 -3.962949
v -46.585251 10.498810 -3.960628
v -46.588215 10.499725 -3.961901
v -46.590221 10.501078 -3.962716
v -45.855423 10.497278 -3.861964
v -45.850441 10.501186 -3.862161
v -45.853081 10.497585 -3.862458
v -45.851311 10.498434 -3.862670
v -45.850380 10.499699 -3.862564
v -46.516785 10.494568 -3.700694
v -46.522011 10.498545 -3.700147
v -46.519142 10.494864 -3.700175
v -46.520966 10.495722 -3.699888
v -46.521973 10.497015 -3.699878
v -44.087185 10.466014 -1.767197
v -44.089169 10.469954 -1.765098
v -44.088303 10.466297 -1.766085
v -44.089069 10.467146 -1.765295
v -44.089375 10.468430 -1.764948
v -43.752926 10.471115 -2.097409
v -43.751209 10.474999 -2.099146
v -43.751839 10.471426 -2.098488
v -43.751129 10.472273 -2.099197
v -43.750908 10.473528 -2.099427
v -43.291325 10.450377 -0.721296
v -43.287216 10.454391 -0.712288
v -43.289703 10.450642 -0.717909
v -43.288357 10.451498 -0.715008
v -43.287483 10.452814 -0.713034
v -43.603687 10.451927 -0.829459
v -43.603973 10.455818 -0.823941
v -43.604153 10.452194 -0.827037
v -43.604374 10.453025 -0.825138
v -43.604309 10.454300 -0.824051
v -43.439568 10.463158 -1.566831
v -43.439610 10.467107 -1.571646
v -43.439148 10.463488 -1.569091
v -43.439011 10.464352 -1.570799
v -43.439171 10.465623 -1.571696
v -44.539845 10.591602 -2.944672
v -44.544468 10.595379 -2.940369
v -44.540627 10.593061 -2.943931
v -44.541782 10.594292 -2.942853
v -44.543129 10.595108 -2.941603
v -44.413925 10.581306 -2.271588
v -44.409542 10.585336 -2.275552
v -44.413235 10.582834 -2.272199
v -44.412159 10.584136 -2.273167
v -44.410862 10.585015 -2.274344
v -44.137589 10.585354 -2.525205
v -44.142204 10.589132 -2.520910
v -44.138371 10.586813 -2.524464
v -44.139523 10.588043 -2.523389
v -44.140869 10.588860 -2.522141
v -44.816174 10.587551 -2.691063
v -44.811787 10.591583 -2.695031
v -44.815483 10.589081 -2.691675
v -44.814404 10.590384 -2.692643
v -44.813107 10.591263 -2.693822
v -45.244591 10.592812 -3.046122
v -45.240177 10.596848 -3.050114
v -45.243896 10.594339 -3.046735
v -45.242813 10.595646 -3.047709
v -45.241508 10.596527 -3.048895
v -44.967812 10.596861 -3.300143
v -44.972469 10.600649 -3.295809
v -44.968597 10.598326 -3.299399
v -44.969757 10.599558 -3.298314
v -44.971119 10.600376 -3.297054
v -45.407772 10.601067 -3.586779
v -45.412628 10.604874 -3.582482
v -45.408577 10.602537 -3.586036
v -45.409779 10.603777 -3.584958
v -45.411201 10.604597 -3.583710
v -45.697636 10.597113 -3.338924
v -45.693031 10.601154 -3.342870
v -45.696926 10.598646 -3.339534
v -45.695805 10.599953 -3.340499
v -45.694435 10.600834 -3.341671
v -46.594719 10.606001 -3.957964
v -46.584171 10.610085 -3.952958
v -46.593964 10.607584 -3.957522
v -46.591690 10.608917 -3.956414
v -46.588253 10.609795 -3.954812
v -45.888412 10.604532 -3.825761
v -45.897083 10.608387 -3.823228
v -45.889507 10.606012 -3.825150
v -45.891541 10.607265 -3.824454
v -45.894199 10.608099 -3.823780
v -46.491631 10.602686 -3.726483
v -46.483246 10.606707 -3.728660
v -46.490635 10.604218 -3.726959
v -46.488693 10.605520 -3.727540
v -46.486095 10.606394 -3.728137
v -44.058781 10.574121 -1.791442
v -44.054489 10.578157 -1.795599
v -44.058098 10.575651 -1.792067
v -44.057041 10.576954 -1.793076
v -44.055775 10.577835 -1.794317
v -43.789215 10.578433 -2.062715
v -43.793732 10.582216 -2.058237
v -43.789989 10.579897 -2.061961
v -43.791122 10.581128 -2.060845
v -43.792435 10.581944 -2.059537
v -43.290970 10.557703 -0.707303
v -43.296085 10.562021 -0.717377
v -43.291405 10.559307 -0.708008
v -43.292530 10.560692 -0.710170
v -43.294174 10.561645 -0.713459
v -43.573589 10.559984 -0.850283
v -43.571411 10.564086 -0.858698
v -43.573067 10.561520 -0.851233
v -43.572468 10.562840 -0.853165
v -43.571888 10.563740 -0.855787
v -43.477604 10.570505 -1.535228
v -43.479965 10.574247 -1.526949
v -43.478218 10.571970 -1.534182
v -43.478882 10.573195 -1.532241
v -43.479496 10.573994 -1.529702
v -43.272804 10.497682 -0.157314
v -43.271141 10.497690 -0.157813
v -43.272121 10.497663 -0.156160
v -47.057770 10.554197 -3.964544
v -47.057262 10.554224 -3.966275
v -47.058933 10.554209 -3.965224
v -45.391560 10.644276 -4.400030
v -45.391567 10.639820 -4.404635
v -45.392300 10.643959 -4.401781
v -45.392559 10.643003 -4.403267
v -45.392303 10.641548 -4.404270
v -42.816498 8.084206 -4.433478
v -42.821053 8.084278 -4.438055
v -42.816833 8.083500 -4.435234
v -42.817822 8.083267 -4.436718
v -42.819302 8.083540 -4.437710
v -45.389263 8.079096 -4.437952
v -45.388580 8.079891 -4.441421
v -45.389744 8.078642 -4.439291
v -45.389782 8.078632 -4.440422
v -42.821835 10.598392 -1.835622
v -42.826416 10.602932 -1.835581
v -42.822182 10.600112 -1.834866
v -42.823177 10.601578 -1.834594
v -42.824661 10.602569 -1.834845
v -45.394615 10.594950 -1.838353
v -45.393913 10.598443 -1.838951
v -45.395100 10.596272 -1.837849
v -45.395138 10.597401 -1.837787
v -42.822350 8.037694 -1.871757
v -42.818890 8.038519 -1.872438
v -42.821018 8.037218 -1.871283
v -42.819893 8.037209 -1.871247
v -45.138271 10.632040 -3.920860
v -45.140678 10.636375 -3.925354
v -45.138458 10.633677 -3.921183
v -45.138977 10.635075 -3.922153
v -45.139759 10.636024 -3.923616
v -43.301147 10.609209 -2.085317
v -43.305725 10.605009 -2.087785
v -43.302898 10.608908 -2.086244
v -43.304386 10.608005 -2.087039
v -43.305378 10.606634 -2.087580
v -45.142384 10.603282 -2.083698
v -45.139935 10.599068 -2.086137
v -45.141449 10.602976 -2.084615
v -45.140652 10.602066 -2.085399
v -45.140121 10.600695 -2.085934
v -42.823486 8.324344 -3.957760
v -42.819202 8.322032 -3.962338
v -42.821857 8.324169 -3.958107
v -42.820465 8.323668 -3.959099
v -42.819534 8.322917 -3.960583
v -42.825676 10.136692 -2.088255
v -42.821419 10.141174 -2.085800
v -42.824047 10.137033 -2.088067
v -42.822662 10.138005 -2.087534
v -42.821743 10.139458 -2.086737
v -42.820877 8.296751 -2.111823
v -42.825157 8.299339 -2.114228
v -42.821209 8.297742 -2.112743
v -42.822136 8.298581 -2.113521
v -42.823524 8.299144 -2.114044
v -45.144444 10.173920 -4.409273
v -45.142040 10.169323 -4.405058
v -45.143524 10.172180 -4.408966
v -45.142742 10.170696 -4.408056
v -45.142223 10.169693 -4.406685
v -43.293045 8.330496 -4.436821
v -43.297626 8.332821 -4.432549
v -43.294800 8.331406 -4.436493
v -43.296284 8.332167 -4.435566
v -43.297279 8.332663 -4.434183
v -45.143940 8.329895 -4.437479
v -45.141518 8.332304 -4.433178
v -45.143013 8.330837 -4.437137
v -45.142227 8.331627 -4.436201
v -45.141701 8.332142 -4.434812
v -45.136124 10.546131 -3.917745
v -45.138248 10.550449 -3.921947
v -45.136936 10.546478 -3.919371
v -45.137627 10.547421 -3.920740
v -45.138084 10.548815 -3.921645
v -43.305702 10.526117 -2.088825
v -43.309959 10.521885 -2.091009
v -43.306026 10.524488 -2.089008
v -43.306950 10.523113 -2.089488
v -43.308331 10.522199 -2.090191
v -45.139908 10.525572 -2.087086
v -45.136894 10.521353 -2.090154
v -45.139679 10.523943 -2.087337
v -45.139027 10.522571 -2.088008
v -45.138046 10.521661 -2.088997
v -42.914745 8.326385 -3.953553
v -42.910480 8.324321 -3.957839
v -42.914421 8.325593 -3.955194
v -42.913494 8.324924 -3.956584
v -42.912113 8.324477 -3.957513
v -42.916927 10.132435 -2.090535
v -42.912670 10.136669 -2.088334
v -42.916603 10.134054 -2.089694
v -42.915680 10.135427 -2.088980
v -42.914299 10.136345 -2.088502
v -42.912148 8.299316 -2.114307
v -42.916405 8.302365 -2.117286
v -42.913776 8.299549 -2.114534
v -42.915161 8.300209 -2.115181
v -42.916080 8.301199 -2.116147
v -45.142071 10.167992 -4.318077
v -45.139931 10.163670 -4.313881
v -45.141907 10.167645 -4.316452
v -45.141445 10.166698 -4.315083
v -45.140751 10.165302 -4.314180
v -43.297657 8.331488 -4.345569
v -43.301918 8.333542 -4.341280
v -43.297981 8.331625 -4.343935
v -43.298904 8.332064 -4.342547
v -43.300289 8.332735 -4.341614
v -45.141548 8.330973 -4.346197
v -45.138531 8.333916 -4.341889
v -45.141319 8.331177 -4.344563
v -45.140663 8.331810 -4.343172
v -45.139687 8.332769 -4.342233
v -43.308315 10.594481 -3.923091
v -43.304058 10.594421 -3.918834
v -43.306683 10.594479 -3.922768
v -43.305302 10.594467 -3.921846
v -43.304379 10.594446 -3.920465
v -43.310390 10.536678 -0.256527
v -43.307373 10.536705 -0.257774
v -43.309235 10.536669 -0.255698
v -43.307602 10.536682 -0.256372
v -42.866467 6.491241 -3.983713
v -42.866467 6.489944 -3.980712
v -42.866463 6.489837 -3.983502
v -42.866467 6.489133 -3.981879
v -42.870834 10.111734 -0.249021
v -42.870834 10.108711 -0.247821
v -42.870838 10.110823 -0.246906
v -43.298161 10.164911 -4.361006
v -43.302425 10.169170 -4.360941
v -43.298489 10.166542 -4.360979
v -43.299412 10.167925 -4.360960
v -43.300793 10.168848 -4.360945
v -46.982925 10.165136 -4.362238
v -46.981686 10.168144 -4.362194
v -46.983757 10.166286 -4.362223
v -46.983086 10.167915 -4.362196
v -46.968204 10.588009 -3.919714
v -46.969456 10.587959 -3.916696
v -46.969604 10.588003 -3.919483
v -46.970284 10.587976 -3.917850
v -42.867508 10.161627 -3.927565
v -42.867504 10.157423 -3.931886
v -42.867508 10.161322 -3.929201
v -42.867508 10.160419 -3.930595
v -42.867508 10.159050 -3.931539
v -43.300140 6.498143 -4.417134
v -43.297123 6.499395 -4.417113
v -43.298985 6.497314 -4.417148
v -43.297352 6.497993 -4.417137
v -44.313843 9.015133 -4.293219
v -44.312260 9.017038 -4.297053
v -44.312840 9.016283 -4.293503
v -44.312183 9.017050 -4.294334
v -44.311981 9.017315 -4.295579
v -45.047344 9.060736 -4.284819
v -45.049229 9.058702 -4.288800
v -45.048370 9.059576 -4.285129
v -45.049091 9.058783 -4.285994
v -45.049393 9.058475 -4.287283
v -44.741821 9.408232 -4.282674
v -44.740242 9.410128 -4.286511
v -44.740818 9.409378 -4.282960
v -44.740170 9.410143 -4.283790
v -44.739967 9.410404 -4.285036
v -44.619347 8.667660 -4.295363
v -44.621231 8.665625 -4.299346
v -44.620377 8.666500 -4.295672
v -44.621094 8.665705 -4.296538
v -44.621395 8.665396 -4.297828
v -44.255177 8.247063 -4.305660
v -44.257084 8.245001 -4.309649
v -44.256214 8.245890 -4.305971
v -44.256943 8.245087 -4.306838
v -44.257248 8.244774 -4.308127
v -43.949326 8.594931 -4.303515
v -43.947716 8.596863 -4.307359
v -43.948311 8.596092 -4.303801
v -43.947647 8.596867 -4.304633
v -43.947441 8.597139 -4.305883
v -43.653320 8.161129 -4.313302
v -43.651749 8.163212 -4.317163
v -43.652317 8.162350 -4.313588
v -43.651665 8.163176 -4.314423
v -43.651466 8.163479 -4.315675
v -43.952782 7.800632 -4.315704
v -43.954655 7.798419 -4.319700
v -43.953808 7.799402 -4.316018
v -43.954521 7.798549 -4.316885
v -43.954823 7.798203 -4.318180
v -43.290047 6.958797 -4.335550
v -43.285976 6.949769 -4.339869
v -43.288437 6.955369 -4.335937
v -43.287094 6.952448 -4.336892
v -43.286232 6.950480 -4.338274
v -43.402668 7.682814 -4.323295
v -43.402561 7.687863 -4.327120
v -43.402222 7.685174 -4.323559
v -43.402046 7.686963 -4.324379
v -43.402164 7.687908 -4.325633
v -43.549789 7.018211 -4.331906
v -43.550205 7.013040 -4.335968
v -43.550255 7.015850 -4.332242
v -43.550499 7.014038 -4.333129
v -43.550484 7.013051 -4.334437
v -45.534840 9.405355 -4.274396
v -45.536877 9.403393 -4.278378
v -45.535927 9.404221 -4.274705
v -45.536694 9.403452 -4.275569
v -45.537029 9.403160 -4.276859
v -45.211819 9.746609 -4.272533
v -45.210102 9.748421 -4.276380
v -45.210762 9.747723 -4.272820
v -45.210064 9.748461 -4.273652
v -45.209831 9.748707 -4.274901
v -46.597557 10.178436 -4.251340
v -46.606632 10.182411 -4.255334
v -46.600975 10.179983 -4.251597
v -46.603901 10.181284 -4.252446
v -46.605885 10.182137 -4.253758
v -46.482742 9.868507 -4.257318
v -46.488235 9.868164 -4.261239
v -46.485149 9.867994 -4.257603
v -46.487041 9.867748 -4.258448
v -46.488125 9.867807 -4.259725
v -45.748997 10.048437 -4.262247
v -45.744164 10.048561 -4.266172
v -45.746746 10.048908 -4.262559
v -45.745037 10.049099 -4.263414
v -45.744133 10.048975 -4.264682
v -44.347393 8.979921 -4.401274
v -44.351578 8.975266 -4.405149
v -44.348110 8.979147 -4.402751
v -44.349155 8.977989 -4.404006
v -44.350376 8.976627 -4.404848
v -45.023052 9.091309 -4.392345
v -45.019161 9.095842 -4.396286
v -45.022449 9.092037 -4.393859
v -45.021500 9.093153 -4.395141
v -45.020344 9.094490 -4.395992
v -44.775379 9.373011 -4.390731
v -44.779556 9.368364 -4.394604
v -44.776096 9.372236 -4.392209
v -44.777142 9.371082 -4.393463
v -44.778355 9.369720 -4.394303
v -44.595058 8.698233 -4.402887
v -44.591167 8.702765 -4.406829
v -44.594456 8.698957 -4.404402
v -44.593506 8.700075 -4.405684
v -44.592350 8.701412 -4.406536
v -44.230911 8.277603 -4.413180
v -44.226997 8.282164 -4.417128
v -44.230309 8.278334 -4.414698
v -44.229351 8.279457 -4.415978
v -44.228188 8.280802 -4.416832
v -43.982845 8.559753 -4.411561
v -43.987061 8.555065 -4.415443
v -43.983562 8.558975 -4.413041
v -43.984619 8.557812 -4.414299
v -43.985847 8.556437 -4.415143
v -43.686859 8.126114 -4.421328
v -43.691036 8.121231 -4.425231
v -43.687580 8.125320 -4.422812
v -43.688625 8.124111 -4.424078
v -43.689838 8.122675 -4.424924
v -43.928486 7.831017 -4.423223
v -43.924622 7.835768 -4.427169
v -43.927887 7.831761 -4.424740
v -43.926941 7.832928 -4.426024
v -43.925793 7.834332 -4.426877
v -43.290398 6.947564 -4.443275
v -43.295609 6.958065 -4.447217
v -43.290848 6.948335 -4.444849
v -43.291996 6.950603 -4.446150
v -43.293671 6.954020 -4.446981
v -43.437656 7.650784 -4.431236
v -43.439987 7.642126 -4.435239
v -43.438240 7.649696 -4.432738
v -43.438885 7.647672 -4.434026
v -43.439499 7.645011 -4.434906
v -43.524036 7.045636 -4.439480
v -43.522022 7.054132 -4.443357
v -43.523579 7.046666 -4.440997
v -43.523033 7.048642 -4.442265
v -43.522488 7.051261 -4.443092
v -45.510700 9.435999 -4.381918
v -45.506618 9.440441 -4.385864
v -45.510082 9.436720 -4.383433
v -45.509090 9.437817 -4.384716
v -45.507874 9.439123 -4.385570
v -45.245232 9.711309 -4.380584
v -45.249592 9.706762 -4.384462
v -45.245960 9.710541 -4.382063
v -45.247047 9.709406 -4.383319
v -45.248322 9.708080 -4.384162
v -46.611053 10.180208 -4.358715
v -46.600853 10.175377 -4.363065
v -46.610332 10.179813 -4.360324
v -46.608139 10.178755 -4.361715
v -46.604813 10.177198 -4.362679
v -46.462063 9.900768 -4.364776
v -46.453674 9.903189 -4.368800
v -46.461117 9.901335 -4.366297
v -46.459190 9.901995 -4.367598
v -46.456577 9.902645 -4.368476
v -45.779282 10.011461 -4.370342
v -45.787491 10.008986 -4.374163
v -45.780308 10.010851 -4.371821
v -45.782227 10.010164 -4.373066
v -45.784748 10.009508 -4.373888
v -47.161579 10.185705 -4.301166
v -47.161114 10.187380 -4.301144
v -47.162746 10.186361 -4.301143
v -43.274170 6.483987 -4.398808
v -43.272453 6.484530 -4.398818
v -43.273468 6.482841 -4.398833
v -42.888618 9.109075 -2.811553
v -42.884483 9.110365 -2.812989
v -42.888130 9.110057 -2.812652
v -42.887169 9.110646 -2.813312
v -42.885891 9.110754 -2.813429
v -42.946854 8.378375 -2.865014
v -42.943283 8.376193 -2.862556
v -42.946758 8.377326 -2.863836
v -42.946045 8.376542 -2.862955
v -42.944828 8.376144 -2.862506
v -42.885891 8.683554 -3.207436
v -42.881752 8.684834 -3.208864
v -42.885399 8.684530 -3.208532
v -42.884441 8.685118 -3.209189
v -42.883160 8.685225 -3.209305
v -42.949577 8.803917 -2.469154
v -42.946011 8.801734 -2.466692
v -42.949486 8.802869 -2.467975
v -42.948772 8.802084 -2.467093
v -42.947552 8.801685 -2.466642
v -42.960526 9.165808 -2.046607
v -42.956959 9.163601 -2.044121
v -42.960434 9.164748 -2.045418
v -42.959724 9.163957 -2.044528
v -42.958504 9.163553 -2.044073
v -42.899498 9.471315 -2.389398
v -42.895348 9.472627 -2.390859
v -42.899002 9.472305 -2.390509
v -42.898041 9.472903 -2.391177
v -42.896759 9.473017 -2.391300
v -42.917606 9.765263 -1.954463
v -42.913422 9.766538 -1.956075
v -42.917107 9.766241 -1.955634
v -42.916134 9.766827 -1.956352
v -42.914841 9.766931 -1.956506
v -42.979355 9.466091 -1.599039
v -42.975792 9.463918 -1.596399
v -42.979267 9.465044 -1.597791
v -42.978558 9.464265 -1.596851
v -42.977337 9.463869 -1.596362
v -43.007004 10.124514 -0.754044
v -43.003464 10.128237 -0.744539
v -43.006897 10.126087 -0.750579
v -43.006187 10.127350 -0.747556
v -43.004982 10.128103 -0.745435
v -42.944054 10.013921 -1.475736
v -42.939674 10.013743 -1.480312
v -42.943489 10.014347 -1.478046
v -42.942455 10.014463 -1.479726
v -42.941116 10.014253 -1.480522
v -43.023293 9.865858 -0.816030
v -43.019897 9.865129 -0.810429
v -43.023270 9.865364 -0.813649
v -43.022614 9.865053 -0.811748
v -43.021431 9.864970 -0.810618
v -42.954071 7.893445 -3.213315
v -42.950512 7.891109 -3.210928
v -42.953979 7.892335 -3.212163
v -42.953270 7.891500 -3.211305
v -42.952053 7.891069 -3.210872
v -42.892239 8.216040 -3.549326
v -42.888088 8.217461 -3.550669
v -42.891747 8.217072 -3.550393
v -42.890781 8.217706 -3.551022
v -42.889500 8.217843 -3.551118
v -42.967628 6.836360 -3.994303
v -42.963898 6.827013 -3.997884
v -42.967453 6.832933 -3.995847
v -42.966682 6.829956 -3.997068
v -42.965431 6.827878 -3.997783
v -42.988842 6.950059 -3.684635
v -42.985409 6.944285 -3.683897
v -42.988800 6.947637 -3.684114
v -42.988132 6.945686 -3.683792
v -42.986942 6.944510 -3.683714
v -42.907997 7.681511 -3.855593
v -42.903732 7.686030 -3.855217
v -42.907463 7.683732 -3.856004
v -42.906467 7.685370 -3.856077
v -42.905159 7.686180 -3.855803
v -42.788185 9.067389 -2.764480
v -42.785198 9.062916 -2.759451
v -42.786865 9.066561 -2.763547
v -42.785835 9.065420 -2.762264
v -42.785248 9.064140 -2.760825
v -42.834995 8.394472 -2.882779
v -42.830276 8.398056 -2.886789
v -42.833366 8.394960 -2.883321
v -42.831898 8.395813 -2.884274
v -42.830814 8.396900 -2.885492
v -42.785454 8.641857 -3.160353
v -42.782467 8.637393 -3.155333
v -42.784134 8.641029 -3.159421
v -42.783104 8.639892 -3.158140
v -42.782516 8.638613 -3.156704
v -42.837727 8.820013 -2.486915
v -42.833004 8.823599 -2.490927
v -42.836094 8.820499 -2.487458
v -42.834625 8.821354 -2.488411
v -42.833542 8.822441 -2.489629
v -42.848682 9.181879 -2.064342
v -42.843952 9.185491 -2.068381
v -42.847050 9.182369 -2.064887
v -42.845577 9.183228 -2.065846
v -42.844490 9.184323 -2.067073
v -42.799065 9.429659 -2.342359
v -42.796074 9.425154 -2.337296
v -42.797741 9.428825 -2.341423
v -42.796711 9.427680 -2.340131
v -42.796124 9.426390 -2.338683
v -42.817173 9.723584 -1.907590
v -42.814186 9.719120 -1.902329
v -42.815845 9.722754 -1.906636
v -42.814812 9.721614 -1.905301
v -42.814228 9.720338 -1.903789
v -42.867527 9.482195 -1.616619
v -42.862778 9.485756 -1.620844
v -42.865891 9.482681 -1.617178
v -42.864414 9.483528 -1.618177
v -42.863323 9.484608 -1.619465
v -42.901627 10.115982 -0.730500
v -42.896904 10.110498 -0.740530
v -42.900013 10.115414 -0.731091
v -42.898548 10.114170 -0.733205
v -42.897457 10.112445 -0.736519
v -42.843468 9.970809 -1.431850
v -42.840679 9.968173 -1.422812
v -42.842152 9.970116 -1.430606
v -42.841156 9.969370 -1.428451
v -42.840641 9.968689 -1.425714
v -42.911644 9.883404 -0.830647
v -42.906670 9.885128 -0.838620
v -42.909988 9.883751 -0.831492
v -42.908463 9.884201 -0.833304
v -42.907299 9.884686 -0.835807
v -42.842224 7.909388 -3.231150
v -42.837498 7.913164 -3.235067
v -42.840595 7.909891 -3.231685
v -42.839123 7.910785 -3.232618
v -42.838036 7.911934 -3.233806
v -42.791801 8.174490 -3.502167
v -42.788815 8.169841 -3.497247
v -42.790482 8.173650 -3.501241
v -42.789452 8.172470 -3.499981
v -42.788864 8.171133 -3.498580
v -42.862087 6.814763 -3.983850
v -42.857571 6.824597 -3.978450
v -42.860485 6.815360 -3.983263
v -42.859066 6.817440 -3.982033
v -42.858040 6.820683 -3.980341
v -42.877129 6.962564 -3.704118
v -42.872231 6.970623 -3.705976
v -42.875484 6.963393 -3.704496
v -42.873978 6.965216 -3.704983
v -42.872833 6.967752 -3.705503
v -42.807480 7.643075 -3.806732
v -42.804596 7.634597 -3.803913
v -42.806160 7.641940 -3.805964
v -42.805153 7.639929 -3.805158
v -42.804604 7.637353 -3.804440
v -42.959866 6.270195 -4.001330
v -42.959660 6.270658 -4.002994
v -42.959900 6.269032 -4.001997
v -42.997952 10.135035 -0.274978
v -42.997749 10.136751 -0.275499
v -42.998005 10.135734 -0.273828
v -42.824276 10.112950 -0.242210
v -42.820076 6.485286 -3.984756
v -46.974197 10.628988 -3.920171
v -46.987648 10.169819 -4.408560
v -43.296093 6.494114 -4.463555
v -47.961582 10.634350 -4.407362
vn 0.0824 -0.9942 -0.0693
vn 0.0003 -0.9999 -0.0152
vn 0.0778 -0.9943 -0.0734
vn 0.7129 0.3631 -0.6000
vn 0.6466 0.4536 -0.6133
vn 0.6828 0.4528 -0.5733
vn -0.0678 -0.9965 0.0499
vn -0.6136 0.2610 0.7452
vn -0.5534 0.3523 0.7547
vn -0.5719 0.2573 0.7789
vn 0.0582 -0.9938 -0.0945
vn 0.0619 -0.9940 -0.0899
vn 0.7472 0.3614 -0.5578
vn 0.7162 0.4508 -0.5327
vn -0.7729 0.2646 0.5768
vn -0.7911 0.3565 0.4971
vn -0.7471 0.3594 0.5592
vn -0.6939 0.2645 0.6697
vn -0.6315 0.3581 0.6878
vn -0.6533 0.2639 0.7096
vn 0.0656 -0.9942 -0.0857
vn 0.0699 -0.9942 -0.0820
vn -0.0636 -0.9965 0.0540
vn -0.5072 0.3474 0.7887
vn -0.5237 0.2531 0.8134
vn 0.4658 0.3503 -0.8126
vn 0.4918 0.4444 -0.7487
vn 0.5131 0.3550 -0.7815
vn 0.5573 0.3592 -0.7486
vn 0.5730 0.4515 -0.6840
vn 0.5981 0.3617 -0.7152
vn -0.4554 0.3408 0.8225
vn -0.4694 0.2484 0.8474
vn -0.4140 0.3348 0.8465
vn -0.4261 0.2425 0.8716
vn 0.3884 0.3422 -0.8556
vn 0.4042 0.4324 -0.8060
vn 0.4209 0.3448 -0.8390
vn 0.0534 -0.9938 -0.0976
vn -0.3945 0.3318 0.8569
vn -0.4061 0.2407 0.8816
vn -0.4312 0.3374 0.8368
vn -0.5236 0.0760 0.8486
vn 0.1791 0.2853 -0.9416
vn 0.3735 0.4272 -0.8234
vn 0.0452 -0.9932 -0.1072
vn 0.0490 -0.9936 -0.1023
vn 0.7793 0.3584 -0.5140
vn 0.7473 0.4476 -0.4912
vn 0.8061 0.3561 -0.4726
vn 0.7743 0.4435 -0.4514
vn -0.8545 0.2602 0.4495
vn -0.8441 0.3491 0.4069
vn -0.8274 0.3521 0.4375
vn -0.0712 -0.9964 0.0459
vn 0.8236 0.3544 -0.4427
vn 0.7920 0.4400 -0.4233
vn 0.9276 0.3029 -0.2185
vn 0.8911 0.3987 -0.2168
vn -0.8712 0.2581 0.4175
vn -0.8260 0.3522 0.4400
vn -0.0787 -0.9963 0.0348
vn 0.6182 0.5247 -0.5853
vn 0.6527 0.5247 -0.5465
vn -0.0003 0.9999 0.0152
vn 0.0482 0.9975 -0.0507
vn -0.5934 0.3557 0.7221
vn -0.5322 0.4333 0.7273
vn -0.0463 0.9953 0.0855
vn -0.0417 0.9952 0.0880
vn 0.6852 0.5215 -0.5084
vn 0.7154 0.5180 -0.4690
vn -0.6708 0.3597 0.6486
vn -0.6815 0.4407 0.5842
vn -0.6449 0.4396 0.6252
vn -0.6071 0.4386 0.6626
vn -0.7090 0.3601 0.6063
vn -0.7186 0.4390 0.5393
vn 0.6095 0.4531 -0.6505
vn 0.5343 0.4486 -0.7164
vn 0.5481 0.5229 -0.6528
vn 0.5117 0.5196 -0.6842
vn -0.4382 0.4213 0.7940
vn -0.0495 0.9954 0.0814
vn 0.4470 0.4388 -0.7795
vn 0.4712 0.5158 -0.7155
vn 0.4287 0.5100 -0.7457
vn -0.3806 0.4095 0.8291
vn -0.0389 0.9950 0.0919
vn 0.3884 0.5034 -0.7718
vn 0.1822 0.3807 -0.9066
vn 0.3595 0.4970 -0.7897
vn -0.3992 0.4495 0.7991
vn 0.0651 0.9973 -0.0339
vn -0.7613 0.4368 0.4792
vn -0.7977 0.4305 0.4223
vn 0.7412 0.5143 -0.4314
vn 0.7588 0.5100 -0.4050
vn 0.0723 0.9970 -0.0269
vn 0.0680 0.9972 -0.0301
vn -0.8148 0.4257 0.3936
vn -0.7835 0.4671 0.4098
vn 0.8545 0.4715 -0.2180
vn -0.7337 0.2648 0.6257
vn 0.9978 -0.0635 -0.0170
vn 0.9981 0.0386 -0.0471
vn 0.9883 0.1390 -0.0625
vn -0.0627 0.9957 0.0682
vn -0.0655 0.9958 0.0638
vn -0.5705 0.4360 0.6960
vn -0.0593 0.9957 0.0716
vn -0.0861 -0.9958 0.0310
vn 0.0745 -0.9942 -0.0777
vn -0.0751 0.9956 0.0552
vn -0.0051 -0.0535 -0.9986
vn -0.2794 -0.1501 -0.9484
vn 0.0288 0.0493 -0.9984
vn -0.1605 0.1653 -0.9731
vn 0.0475 0.1494 -0.9876
vn 0.0450 0.9975 -0.0551
vn 0.6363 0.3636 -0.6803
vn 0.0618 0.9974 -0.0373
vn 0.5831 0.5242 -0.6206
vn 0.0964 -0.9952 -0.0151
vn -0.0913 -0.9954 0.0290
vn 0.1075 -0.9932 -0.0445
vn 0.0904 -0.9939 -0.0633
vn 0.0899 0.9959 -0.0115
vn 0.0758 0.9968 -0.0254
vn -0.0786 0.9955 0.0527
vn 0.0948 0.9955 0.0087
vn 0.0428 -0.9929 -0.1109
vn -0.0563 -0.9965 0.0611
vn -0.4881 0.4274 0.7610
vn 0.0356 0.9972 -0.0663
vn -0.0004 0.9999 0.0153
vn -0.0601 -0.9965 0.0574
vn -0.0521 -0.9966 0.0644
vn -0.0561 0.9956 0.0752
vn -0.8180 0.2632 0.5114
vn 0.0006 0.0909 0.9959
vn -0.0970 -0.0135 0.9952
vn -0.0704 0.1168 0.9907
vn -0.0696 0.9958 0.0591
vn 0.0004 -0.9999 -0.0152
vn 0.0258 -0.9919 -0.1245
vn -0.0427 -0.9961 0.0770
vn -0.0017 -0.9939 -0.1102
vn -0.0379 0.9947 0.0953
vn 0.0043 0.9968 -0.0795
vn -0.0329 0.9995 -0.0003
vn 0.0229 0.9967 -0.0775
vn 0.9458 -0.2045 0.2524
vn 0.8934 -0.4416 0.0821
vn 0.0862 -0.9942 -0.0650
vn 0.9779 0.1437 0.1517
vn 0.0373 0.9974 -0.0622
vn 0.6748 0.3645 -0.6417
vn -0.0528 0.9955 0.0782
vn 0.0410 0.9975 -0.0582
vn -0.0473 -0.9965 0.0688
vn -0.3992 0.4133 0.8184
vn 0.1869 0.4561 -0.8701
vn 0.0517 0.9975 -0.0483
vn 0.0546 0.9975 -0.0438
vn 0.0580 0.9975 -0.0406
vn -0.0757 -0.9963 0.0415
vn -0.0438 -0.9963 0.0734
vn 0.0148 0.0100 -0.9998
vn 0.0007 0.0151 -0.9999
vn 0.0053 0.0141 -0.9999
vn -0.9900 0.0554 -0.1296
vn -1.0000 -0.0003 -0.0004
vn -0.9945 0.0013 -0.1048
vn -0.9869 0.0187 -0.1605
vn -0.9952 0.0013 -0.0981
vn -0.0966 -0.0819 -0.9920
vn 0.0003 0.0153 -0.9999
vn 0.0004 -0.0826 -0.9966
vn 0.9999 -0.0038 -0.0111
vn 1.0000 0.0047 -0.0032
vn 0.9924 0.0892 -0.0851
vn 0.0450 0.0829 0.9955
vn 0.0009 -0.0133 0.9999
vn 0.0003 -0.9999 -0.0136
vn 0.1596 -0.9803 -0.1164
vn 0.0989 -0.9950 -0.0134
vn 0.0697 0.0848 -0.9940
vn 0.0740 -0.0154 -0.9971
vn -0.0020 1.0000 0.0073
vn -0.0023 0.9998 0.0174
vn -0.0006 0.9998 0.0193
vn 0.0948 0.0913 0.9913
vn -0.0009 -0.0141 0.9999
vn -0.0009 0.0671 0.9977
vn -0.0982 0.9951 0.0134
vn 0.0691 0.9960 -0.0560
vn -0.0301 0.9977 -0.0609
vn -0.0009 -0.1119 0.9937
vn 0.0970 -0.0140 0.9952
vn -0.0003 0.9998 0.0179
vn -0.1516 0.9740 0.1682
vn 1.0000 0.0047 0.0012
vn 0.9677 -0.1800 0.1764
vn 0.9883 -0.1413 -0.0582
vn 1.0000 0.0011 0.0007
vn 0.7049 0.0884 -0.7038
vn 0.7624 0.0087 -0.6470
vn 0.7390 0.1116 -0.6644
vn -0.9945 0.1045 0.0010
vn -0.9953 -0.0015 0.0964
vn -1.0000 -0.0004 -0.0009
vn 0.0012 0.0144 -0.9999
vn 0.1024 0.0146 -0.9946
vn 0.0052 0.0150 -0.9999
vn -0.1844 -0.1725 -0.9676
vn -0.2160 0.2029 -0.9551
vn -0.0227 0.9991 0.0362
vn -0.0028 0.9998 0.0181
vn -0.0031 0.9940 0.1095
vn 0.6287 0.0816 -0.7733
vn 0.7072 0.0094 -0.7069
vn -0.4646 -0.4798 0.7443
vn -0.5768 -0.5876 0.5675
vn -0.5150 -0.6166 0.5955
vn 1.0000 0.0006 0.0014
vn 0.9957 0.0023 -0.0925
vn 0.9905 0.0995 -0.0947
vn 0.0007 0.0108 -0.9999
vn 0.0004 -0.0821 -0.9966
vn 0.0038 0.9998 0.0179
vn -0.0991 0.9949 0.0178
vn -0.0019 0.9968 -0.0803
vn -0.1979 0.9802 0.0012
vn 0.0010 0.1092 -0.9940
vn 0.1037 -0.9945 -0.0134
vn 0.0002 -0.9964 0.0846
vn 0.1307 -0.9897 0.0578
vn 0.0729 0.7842 -0.6163
vn 0.0004 0.7180 -0.6960
vn 0.0817 0.7154 -0.6939
vn 0.0014 0.0110 -0.9999
vn 0.0617 -0.1467 -0.9872
vn 0.0779 0.6390 -0.7653
vn -0.0013 0.5696 -0.8219
vn 0.0966 -0.9881 -0.1194
vn 0.0009 0.9999 0.0162
vn 0.0998 0.9948 0.0179
vn 0.0980 0.9918 -0.0817
vn 0.9999 0.0145 0.0058
vn 1.0000 0.0005 0.0055
vn 0.9952 -0.0011 0.0975
vn -0.0207 -0.0057 -0.9998
vn 0.0181 0.9752 0.2204
vn 0.0822 -0.0130 0.9965
vn 0.0009 0.0994 0.9950
vn -0.9951 -0.0993 -0.0018
vn -0.9889 -0.0691 -0.1314
vn 0.7035 0.7074 -0.0686
vn 0.7600 0.6498 0.0102
vn 0.7056 0.7085 0.0111
vn -0.6046 -0.6146 0.5067
vn -0.6047 -0.5279 0.5963
vn -0.7491 -0.4774 0.4592
vn 0.6687 0.7431 -0.0242
vn 0.6461 0.7632 0.0119
vn 0.0003 -0.9930 -0.1183
vn -0.0972 -0.9951 -0.0153
vn 0.0003 -0.9999 -0.0153
vn 0.9951 0.0990 0.0027
vn 1.0000 0.0004 0.0009
vn 0.1032 -0.0140 0.9946
vn 0.9870 0.0591 0.1495
vn -0.4630 -0.7623 0.4522
vn 0.0977 0.1111 -0.9890
vn -0.9905 -0.0954 -0.0986
vn 0.6850 0.7129 -0.1498
vn 0.7023 0.7066 -0.0868
vn -0.9907 0.0950 0.0971
vn -0.9937 0.1124 0.0006
vn 0.7095 0.1694 -0.6840
vn 0.6472 0.0100 -0.7623
vn 0.7039 0.1071 -0.7022
vn 0.1611 0.7197 -0.6754
vn 0.0986 0.7144 -0.6927
vn 0.0976 -0.9916 0.0844
vn 0.1596 0.6336 -0.7570
vn 0.0093 0.9997 0.0227
vn 0.0833 0.9942 -0.0687
vn -0.9899 0.0968 -0.1038
vn -0.9967 0.0007 -0.0813
vn -0.9884 0.1509 -0.0149
vn -0.0961 0.0835 0.9919
vn 0.9995 -0.0206 0.0226
vn 0.9905 -0.0983 0.0963
vn 1.0000 0.0003 0.0009
vn 0.9951 -0.0011 0.0984
vn 0.9952 0.0708 -0.0674
vn 0.9967 0.0736 0.0335
vn -0.0860 0.0152 -0.9962
vn -0.0038 0.0229 -0.9997
vn -0.0976 0.0152 -0.9951
vn -0.0307 0.0891 -0.9955
vn -0.0964 -0.9890 -0.1120
vn 0.0003 -0.9937 -0.1120
vn -0.0002 0.9937 0.1118
vn 0.0736 0.9963 0.0436
vn -0.0974 0.9892 0.1099
vn -0.0003 0.9999 0.0136
vn 0.9958 -0.0917 -0.0003
vn 0.9953 -0.0973 -0.0004
vn 0.9968 -0.0295 -0.0740
vn 0.1599 0.0024 0.9871
vn 0.0855 0.1007 -0.9912
vn 0.0538 -0.9883 -0.1430
vn 0.0809 -0.9966 -0.0152
vn 0.1038 -0.9793 -0.1741
vn 0.0624 0.0674 0.9958
vn 0.0105 -0.0154 0.9998
vn 0.0671 0.0636 0.9957
vn 0.5867 0.7314 -0.3476
vn 0.6015 0.6666 -0.4402
vn 0.5607 0.7020 -0.4391
vn -0.0533 -0.0847 0.9950
vn -0.7309 -0.6250 -0.2742
vn -0.7411 -0.5637 -0.3648
vn -0.7652 -0.5841 -0.2709
vn 0.0877 0.0439 0.9952
vn 0.0839 0.0481 0.9953
vn 0.5433 0.7646 -0.3465
vn 0.5194 0.7345 -0.4367
vn -0.5588 -0.7809 -0.2791
vn -0.4784 -0.7957 -0.3715
vn -0.5414 -0.7530 -0.3740
vn -0.6534 -0.7039 -0.2785
vn -0.6725 -0.6401 -0.3716
vn -0.6946 -0.6638 -0.2773
vn 0.0801 0.0518 0.9954
vn 0.0757 0.0557 0.9956
vn -0.0574 -0.0810 0.9951
vn -0.7761 -0.5182 -0.3594
vn -0.8009 -0.5367 -0.2655
vn 0.8043 0.4885 -0.3385
vn 0.7401 0.5147 -0.4328
vn 0.7722 0.5350 -0.3426
vn 0.7382 0.5790 -0.3461
vn 0.6737 0.5946 -0.4389
vn 0.7042 0.6189 -0.3481
vn -0.8110 -0.4673 -0.3521
vn -0.8361 -0.4832 -0.2597
vn -0.8358 -0.4265 -0.3456
vn -0.8612 -0.4410 -0.2528
vn 0.8484 0.4119 -0.3325
vn 0.7992 0.4281 -0.4219
vn 0.8313 0.4440 -0.3343
vn 0.0918 0.0398 0.9950
vn -0.8467 -0.4073 -0.3423
vn -0.8717 -0.4209 -0.2509
vn -0.8261 -0.4430 -0.3483
vn -0.8366 -0.5404 -0.0894
vn 0.9387 0.2033 -0.2783
vn 0.8172 0.3977 -0.4171
vn 0.1019 0.0315 0.9943
vn 0.0963 0.0352 0.9947
vn 0.4988 0.7955 -0.3441
vn 0.4772 0.7646 -0.4332
vn 0.4570 0.8218 -0.3402
vn 0.4368 0.7907 -0.4289
vn -0.4299 -0.8599 -0.2752
vn -0.3872 -0.8469 -0.3646
vn -0.4181 -0.8308 -0.3673
vn -0.0493 -0.0887 0.9948
vn 0.4268 0.8388 -0.3381
vn 0.4083 0.8077 -0.4253
vn 0.1998 0.9364 -0.2885
vn 0.1996 0.9018 -0.3833
vn -0.3977 -0.8755 -0.2743
vn -0.4208 -0.8293 -0.3676
vn -0.0381 -0.0962 0.9946
vn 0.5743 0.6390 -0.5118
vn 0.5354 0.6728 -0.5105
vn -0.0105 0.0154 -0.9998
vn 0.0545 0.0653 -0.9964
vn -0.7076 -0.6028 -0.3687
vn -0.7142 -0.5410 -0.4441
vn -0.0794 -0.0320 -0.9963
vn -0.0826 -0.0276 -0.9962
vn 0.4960 0.7040 -0.5084
vn 0.4558 0.7331 -0.5048
vn -0.6325 -0.6786 -0.3736
vn -0.5675 -0.6867 -0.4543
vn -0.6089 -0.6507 -0.4537
vn -0.6477 -0.6141 -0.4510
vn -0.5893 -0.7159 -0.3744
vn -0.5214 -0.7224 -0.4542
vn 0.6395 0.6304 -0.4401
vn 0.7069 0.5566 -0.4365
vn 0.6435 0.5704 -0.5104
vn 0.6757 0.5343 -0.5078
vn -0.7829 -0.4486 -0.4312
vn -0.0760 -0.0357 -0.9965
vn 0.7718 0.4705 -0.4277
vn 0.7075 0.4942 -0.5052
vn 0.7387 0.4525 -0.4996
vn -0.8194 -0.3920 -0.4183
vn -0.0105 0.0153 -0.9998
vn -0.0870 -0.0251 -0.9959
vn 0.7657 0.4127 -0.4934
vn 0.9042 0.2075 -0.3732
vn 0.7841 0.3842 -0.4874
vn -0.6167 -0.5780 -0.5345
vn 0.0373 0.0820 -0.9959
vn -0.4609 -0.7641 -0.4514
vn -0.4031 -0.7996 -0.4451
vn 0.4179 0.7585 -0.5001
vn 0.3913 0.7757 -0.4951
vn 0.0300 0.0887 -0.9956
vn 0.0333 0.0850 -0.9958
vn -0.3740 -0.8160 -0.4407
vn -0.5650 -0.6210 -0.5432
vn 0.2019 0.8666 -0.4564
vn -0.6086 -0.7425 -0.2800
vn -0.0046 0.9968 0.0799
vn 0.0260 0.9994 -0.0225
vn 0.0420 0.9916 -0.1226
vn -0.0621 -0.0482 -0.9969
vn -0.0576 -0.0511 -0.9970
vn -0.6814 -0.5781 -0.4489
vn -0.0659 -0.0451 -0.9968
vn -0.0335 -0.1019 0.9942
vn 0.0714 0.0599 0.9956
vn -0.0485 -0.0598 -0.9970
vn 0.9982 0.0153 0.0582
vn 0.9532 -0.2599 0.1548
vn 0.9977 0.0508 -0.0438
vn 0.9959 0.0277 0.0863
vn 0.9871 0.0709 -0.1435
vn 0.0583 0.0617 -0.9964
vn 0.6686 0.6565 -0.3493
vn 0.0410 0.0786 -0.9961
vn 0.6106 0.6043 -0.5118
vn 0.0083 0.0813 0.9967
vn -0.0312 -0.1069 0.9938
vn 0.0376 0.0925 0.9950
vn 0.0565 0.0757 0.9955
vn 0.0142 0.1060 -0.9943
vn 0.0285 0.0923 -0.9953
vn -0.0468 -0.0642 -0.9968
vn -0.0061 0.1101 -0.9939
vn 0.0105 -0.0153 0.9998
vn 0.1051 0.0290 0.9940
vn -0.0649 -0.0739 0.9952
vn -0.7483 -0.4971 -0.4392
vn 0.0698 0.0527 -0.9962
vn -0.0106 0.0153 -0.9998
vn -0.0616 -0.0779 0.9951
vn -0.0682 -0.0692 0.9953
vn -0.0692 -0.0415 -0.9967
vn -0.4930 -0.8244 -0.2782
vn -0.9737 0.1382 -0.1810
vn -0.9913 0.0863 -0.0996
vn -0.9739 0.1421 -0.1768
vn -0.0524 -0.0545 -0.9971
vn 0.0106 -0.0153 0.9998
vn 0.1198 0.0127 0.9927
vn -0.0806 -0.0602 0.9949
vn 0.1070 -0.0153 0.9941
vn -0.0900 -0.0241 -0.9957
vn 0.0845 0.0220 -0.9962
vn 0.0054 -0.0170 -0.9998
vn 0.0811 0.0404 -0.9959
vn -0.2728 0.9360 0.2224
vn -0.1038 0.8838 0.4562
vn 0.0586 0.0717 0.9957
vn 0.0033 0.9911 0.1329
vn 0.0667 0.0548 -0.9963
vn 0.6289 0.6941 -0.3502
vn -0.0723 -0.0383 -0.9966
vn 0.0626 0.0584 -0.9963
vn -0.0729 -0.0648 0.9952
vn -0.8081 -0.4099 -0.4231
vn 0.8683 0.2129 -0.4479
vn 0.0516 0.0688 -0.9963
vn 0.0481 0.0719 -0.9963
vn 0.0448 0.0753 -0.9962
vn -0.0442 -0.0922 0.9948
vn -0.0773 -0.0615 0.9951
vn 0.4738 0.5591 -0.6804
vn 0.5582 0.5670 -0.6057
vn 0.5581 0.5266 -0.6413
vn -0.9993 0.0227 -0.0308
vn 0.1445 -0.7500 0.6454
vn 0.2406 -0.7672 0.5946
vn 0.1431 -0.7841 0.6039
vn -0.9739 0.1635 -0.1575
vn -0.9739 0.1599 -0.1612
vn 0.4725 0.5160 -0.7145
vn 0.5564 0.4856 -0.6743
vn 0.1446 -0.5793 0.8022
vn 0.2401 -0.5061 0.8284
vn 0.2428 -0.5690 0.7857
vn 0.1462 -0.6734 0.7246
vn 0.2436 -0.6994 0.6720
vn 0.1457 -0.7149 0.6839
vn -0.9741 0.1551 -0.1648
vn -0.9739 0.1510 -0.1696
vn -0.9992 0.0186 -0.0351
vn 0.2377 -0.8017 0.5484
vn 0.1413 -0.8192 0.5559
vn 0.4517 0.7769 -0.4385
vn 0.5437 0.7057 -0.4542
vn 0.4591 0.7449 -0.4841
vn 0.4659 0.7098 -0.5283
vn 0.5540 0.6391 -0.5335
vn 0.4696 0.6762 -0.5677
vn 0.2339 -0.8358 0.4967
vn 0.1377 -0.8540 0.5017
vn 0.2302 -0.8601 0.4552
vn 0.1358 -0.8783 0.4585
vn 0.4404 0.8213 -0.3627
vn 0.5274 0.7654 -0.3689
vn 0.4444 0.8042 -0.3947
vn -0.9739 0.1676 -0.1530
vn 0.2283 -0.8707 0.4356
vn 0.1345 -0.8887 0.4383
vn 0.2316 -0.8506 0.4721
vn -0.0372 -0.8414 0.5391
vn 0.3696 0.9152 -0.1609
vn 0.5205 0.7836 -0.3391
vn -0.9736 0.1767 -0.1446
vn -0.9739 0.1718 -0.1484
vn 0.4695 0.4725 -0.7459
vn 0.5532 0.4438 -0.7050
vn 0.4664 0.4306 -0.7727
vn 0.5489 0.4039 -0.7318
vn 0.1412 -0.4504 0.8816
vn 0.2342 -0.4146 0.8793
vn 0.2365 -0.4457 0.8634
vn -0.9993 0.0259 -0.0269
vn 0.4650 0.4002 -0.7897
vn 0.5452 0.3758 -0.7494
vn 0.4081 0.1784 -0.8953
vn 0.4988 0.1709 -0.8497
vn 0.1412 -0.4184 0.8972
vn 0.2367 -0.4485 0.8619
vn -0.9991 0.0378 -0.0194
vn 0.6238 0.5344 -0.5704
vn 0.6236 0.4960 -0.6043
vn 0.9913 -0.0863 0.0996
vn 0.9985 -0.0205 0.0501
vn 0.2424 -0.7342 0.6342
vn 0.3243 -0.7463 0.5812
vn 0.9773 -0.1541 0.1456
vn 0.9773 -0.1578 0.1415
vn 0.6222 0.4562 -0.6361
vn 0.6191 0.4169 -0.6655
vn 0.2441 -0.6597 0.7108
vn 0.3284 -0.6002 0.7293
vn 0.3285 -0.6421 0.6927
vn 0.3271 -0.6809 0.6553
vn 0.2439 -0.6168 0.7484
vn 0.3266 -0.5551 0.7650
vn 0.5567 0.6049 -0.5693
vn 0.5497 0.6724 -0.4957
vn 0.6197 0.6040 -0.5012
vn 0.6159 0.6356 -0.4655
vn 0.3167 -0.8137 0.4874
vn 0.9772 -0.1513 0.1491
vn 0.5360 0.7377 -0.4105
vn 0.6106 0.6675 -0.4262
vn 0.6028 0.6988 -0.3851
vn 0.3088 -0.8486 0.4295
vn 0.9771 -0.1615 0.1383
vn 0.5934 0.7268 -0.3459
vn 0.4617 0.8735 -0.1544
vn 0.5858 0.7455 -0.3179
vn 0.3488 -0.8215 0.4511
vn 0.9987 -0.0386 0.0340
vn 0.3242 -0.4946 0.8064
vn 0.3180 -0.4369 0.8415
vn 0.6143 0.3796 -0.6918
vn 0.6096 0.3533 -0.7096
vn 0.9986 -0.0450 0.0265
vn 0.9987 -0.0420 0.0304
vn 0.3138 -0.4070 0.8579
vn 0.3561 -0.4263 0.8315
vn 0.5670 0.1680 -0.8064
vn 0.1456 -0.6284 0.7641
vn 0.0351 0.0026 -0.9994
vn 0.1395 0.0253 -0.9899
vn 0.2394 0.0337 -0.9703
vn 0.9771 -0.1378 0.1621
vn 0.9772 -0.1330 0.1653
vn 0.3264 -0.7141 0.6193
vn 0.9773 -0.1410 0.1583
vn -0.9990 0.0418 -0.0135
vn -0.9737 0.1476 -0.1736
vn 0.9769 -0.1243 0.1738
vn 0.0192 0.9997 -0.0121
vn -0.1078 0.9615 0.2528
vn 0.1243 0.9916 -0.0356
vn 0.2179 0.9620 0.1643
vn 0.2244 0.9735 -0.0441
vn 0.9984 -0.0175 0.0539
vn 0.4718 0.6412 -0.6051
vn 0.9987 -0.0353 0.0372
vn 0.6226 0.5705 -0.5356
vn -0.9772 0.0840 -0.1948
vn -0.9990 0.0446 -0.0084
vn -0.9721 0.1124 -0.2057
vn -0.9728 0.1329 -0.1895
vn 0.9981 -0.0611 0.0089
vn 0.9987 -0.0466 0.0229
vn 0.9763 -0.1225 0.1786
vn 0.9967 -0.0814 0.0050
vn -0.9733 0.1806 -0.1419
vn -0.9991 0.0108 -0.0419
vn 0.3212 -0.7800 0.5371
vn 0.9980 -0.0062 0.0629
vn 0.9913 -0.0864 0.0997
vn -0.9992 0.0150 -0.0378
vn -0.9989 0.0074 -0.0460
vn 0.9770 -0.1455 0.1557
vn 0.1437 -0.5135 0.8460
vn 0.9774 -0.1276 0.1685
vn -0.9913 0.0864 -0.0997
vn -0.9730 0.1938 -0.1255
vn -0.9984 -0.0053 -0.0554
vn -0.9785 0.1812 -0.0981
vn 0.9766 -0.1652 0.1378
vn 0.9956 0.0088 0.0936
vn 0.9887 -0.0708 0.1319
vn 0.9972 0.0057 0.0751
vn -0.1288 -0.2561 -0.9580
vn -0.3573 -0.0683 -0.9315
vn -0.9736 0.1336 -0.1853
vn 0.2277 -0.1800 -0.9569
vn 0.9981 -0.0090 0.0609
vn 0.4738 0.6015 -0.6432
vn 0.9773 -0.1477 0.1522
vn 0.9982 -0.0141 0.0579
vn -0.9987 0.0029 -0.0511
vn 0.3117 -0.8381 0.4477
vn 0.5342 0.8317 -0.1514
vn 0.9986 -0.0245 0.0468
vn 0.9986 -0.0283 0.0438
vn 0.9987 -0.0312 0.0403
vn -0.9992 0.0315 -0.0232
vn -0.9985 -0.0020 -0.0540
vn -0.1165 -0.4046 -0.9071
vn -0.1888 -0.7111 -0.6772
vn -0.5496 -0.6243 -0.5551
vn -0.0624 -0.5921 -0.8034
vn -0.1659 -0.9052 -0.3913
vn -0.3605 -0.6993 -0.6173
vn -0.8185 -0.5221 -0.2399
vn -0.2663 -0.8745 -0.4054
vn -0.1944 -0.9377 0.2879
vn -0.0564 -0.9623 -0.2660
vn -0.0464 -0.9989 -0.0108
vn -0.2436 -0.9158 0.3193
vn -0.1619 -0.9866 -0.0174
vn -0.0463 -0.8376 -0.5442
vn -0.2212 -0.9751 -0.0132
vn -0.5697 -0.4534 0.6855
vn -0.4670 -0.1741 0.8669
vn -0.6252 -0.2737 0.7309
vn -0.6323 -0.4111 0.6566
vn -0.4713 -0.4874 0.7351
vn -0.3984 -0.3283 0.8565
vn -0.5447 -0.7316 0.4099
vn 0.6562 -0.7394 0.1505
vn 0.7838 -0.6202 0.0327
vn 0.5304 -0.6780 0.5090
vn 0.6004 -0.7374 0.3095
vn 0.3719 -0.9186 0.1336
vn 0.5223 -0.8525 0.0200
vn 0.3857 -0.8937 0.2291
vn -0.8476 0.0939 0.5223
vn -0.6982 -0.4506 0.5563
vn -0.7446 -0.2661 0.6122
vn -0.8690 -0.1572 0.4692
vn -0.7502 -0.4738 0.4612
vn -0.6690 -0.4105 0.6196
vn -0.4200 -0.7436 0.5203
vn 0.2474 -0.9683 0.0343
vn -0.3035 -0.9354 0.1815
vn -0.0055 -0.9995 0.0298
vn -0.0013 -0.9899 0.1418
vn -0.3319 -0.9153 0.2283
vn -0.0002 -0.9807 0.1957
vn -0.1021 0.5033 -0.8580
vn 0.0163 0.2391 -0.9709
vn -0.3053 0.3892 -0.8691
vn -0.1773 0.0055 -0.9841
vn -0.0026 0.5165 -0.8563
vn 0.0053 0.7333 -0.6799
vn -0.1830 0.8428 -0.5062
vn -0.3470 0.7512 0.5615
vn -0.4312 0.4728 0.7685
vn -0.3390 0.6287 0.6999
vn -0.2365 0.9192 0.3148
vn -0.3717 0.7733 0.5137
vn -0.2970 0.9099 0.2897
vn -0.0260 0.9518 -0.3055
vn -0.1381 0.9644 0.2257
vn -0.1151 0.9929 -0.0294
vn -0.2340 0.8509 0.4703
vn -0.1409 0.9894 -0.0363
vn 0.8733 0.4781 0.0940
vn 0.8809 0.3696 0.2958
vn 0.9783 0.2051 -0.0288
vn 0.8729 0.4878 -0.0061
vn 0.9877 -0.0302 0.1537
vn 0.5269 0.8291 0.1870
vn 0.6345 0.7659 0.1042
vn -0.2105 0.9656 0.1529
vn 0.3231 0.9458 0.0338
vn 0.0156 0.9988 0.0464
vn -0.4540 0.8558 0.2479
vn 0.0462 0.9909 0.1261
vn 0.6982 0.7158 -0.0070
vn -0.2967 0.9217 0.2499
vn 0.0513 0.9868 0.1539
vn -0.5442 0.7579 0.3598
vn -0.6830 0.6404 0.3512
vn -0.7557 0.4835 0.4417
vn -0.5022 0.7743 0.3850
vn -0.2760 0.9093 0.3114
vn -0.3440 0.2309 0.9101
vn -0.1056 0.4970 0.8613
vn -0.5980 0.5271 0.6038
vn -0.3881 0.6367 0.6663
vn -0.1720 0.8489 0.4998
vn -0.6597 0.6391 0.3954
vn -0.4245 0.7981 0.4276
vn -0.8539 0.5080 0.1129
vn -0.9067 0.2379 0.3482
vn -0.9889 0.1299 0.0727
vn -0.5424 0.8222 0.1727
vn -0.1948 0.9487 0.2492
vn -0.1275 0.9793 0.1571
vn 0.6721 0.3279 0.6639
vn 0.7488 0.3859 0.5389
vn 0.6671 0.2756 0.6921
vn 0.9147 0.3385 0.2208
vn 0.9207 0.3446 0.1830
vn 0.7133 0.6518 -0.2576
vn 0.7133 0.6518 -0.2577
vn 0.4312 -0.3373 0.8368
vn 0.6654 -0.2152 0.7148
vn 0.6987 -0.1932 0.6888
vn 0.4325 0.6320 0.6431
vn 0.2017 0.4834 0.8519
vn 0.1442 0.4397 0.8865
vn 0.3132 0.8765 0.3655
vn 0.2482 0.8982 0.3628
vn 0.2635 0.8613 0.4345
vn 0.5259 0.8177 0.2339
vn 0.5259 0.8179 0.2336
vn 0.5259 0.8178 0.2338
vn 0.7771 0.3004 -0.5530
vn 0.6417 0.4498 -0.6212
vn -0.1024 0.7086 0.6982
vn -0.1532 0.6610 0.7346
vn -0.6606 0.6778 -0.3227
vn -0.5276 0.7620 -0.3756
vn -0.6871 0.6727 -0.2746
vn 0.0021 0.9379 -0.3468
vn 0.0957 0.9310 -0.3524
vn 0.2636 0.7281 -0.6327
vn 0.2638 0.7280 -0.6328
vn 0.2637 0.7281 -0.6327
vn -0.6331 0.7708 0.0708
vn -0.6331 0.7709 0.0708
vn 0.1871 -0.8465 -0.4984
vn 0.1937 -0.7839 -0.5898
vn 0.5212 -0.2017 -0.8292
vn 0.5211 -0.2020 -0.8293
vn 0.3454 -0.2063 -0.9155
vn 0.3521 -0.1575 -0.9226
vn 0.7399 0.6721 -0.0278
vn 0.6225 0.6186 -0.4794
vn 0.7870 0.5722 -0.2306
vn -0.1785 -0.8063 -0.5640
vn -0.2621 -0.8432 -0.4694
vn -0.0406 -0.7194 -0.6934
vn 0.5059 -0.1184 0.8544
vn 0.2426 -0.3574 0.9019
vn 0.1282 -0.0847 0.9881
vn 0.8195 -0.1712 0.5469
vn 0.6447 -0.3990 0.6521
vn 0.5341 -0.6058 0.5897
vn 0.8030 -0.4296 0.4131
vn 0.6445 -0.6642 0.3788
vn 0.8541 -0.4942 0.1621
vn 0.9511 -0.2440 0.1893
vn 0.9818 -0.1450 0.1225
vn 0.2428 -0.9110 0.3333
vn 0.5088 -0.8557 0.0942
vn 0.7697 -0.4780 -0.4231
vn 0.6808 -0.6425 -0.3517
vn 0.6732 -0.6794 -0.2919
vn 0.9332 -0.2689 -0.2383
vn 0.8178 -0.4196 -0.3940
vn 0.7111 0.2795 -0.6451
vn 0.7112 0.2795 -0.6451
vn 0.9395 -0.2537 -0.2301
vn -0.0953 -0.8717 -0.4806
vn -0.3450 -0.9027 -0.2570
vn -0.0707 -0.9868 -0.1457
vn -0.1937 -0.4523 -0.8706
vn -0.3874 -0.6478 -0.6559
vn -0.1610 -0.6419 -0.7497
vn -0.5972 -0.5894 -0.5440
vn 0.4932 -0.5706 -0.6566
vn -0.3033 -0.1255 -0.9446
vn -0.1288 -0.1165 -0.9848
vn -0.9060 -0.3423 -0.2490
vn -0.9375 -0.1011 -0.3331
vn -0.7163 -0.3757 -0.5881
vn -0.5630 -0.3081 -0.7668
vn -0.7951 0.1915 -0.5755
vn -0.8549 0.1921 -0.4819
vn -0.1977 0.3524 -0.9147
vn -0.5378 0.3351 -0.7736
vn -0.2145 0.5276 -0.8220
vn -0.2145 0.5277 -0.8219
vn 0.5653 0.7927 -0.2284
vn 0.6106 0.6338 -0.4748
vn -0.8138 -0.1851 -0.5508
vn -0.8466 -0.2669 -0.4604
vn -0.8497 -0.2769 -0.4487
vn -0.7492 -0.0701 -0.6586
vn -0.2245 0.8270 0.5154
vn 0.3712 0.9178 0.1410
vn -0.2629 0.7362 0.6236
vn 0.2466 0.8930 0.3765
vn 0.6973 0.7039 0.1355
vn 0.4082 0.8066 0.4275
vn 0.6632 0.6642 0.3449
vn -0.2181 -0.2348 0.9473
vn -0.5814 -0.2064 0.7870
vn -0.1773 -0.5954 0.7836
vn -0.0729 -0.3167 0.9457
vn -0.3028 -0.0983 0.9480
vn -0.6592 -0.0210 0.7517
vn -0.0155 -0.0338 0.9993
vn 0.9172 0.3770 0.1289
vn 0.8695 -0.2228 0.4408
vn 0.8990 0.2500 0.3596
vn 0.7677 -0.2594 0.5860
vn 0.8114 0.4112 0.4155
vn -0.3418 0.3538 -0.8706
vn -0.1098 0.4725 -0.8745
vn -0.2872 -0.0018 -0.9579
vn -0.3616 -0.1305 -0.9232
vn -0.1230 0.7148 -0.6884
vn -0.4258 0.3094 -0.8503
vn -0.3346 0.6773 -0.6552
vn -0.9469 -0.2323 0.2221
vn -0.7704 -0.5182 0.3714
vn -0.7879 -0.2061 0.5803
vn -0.9466 -0.0982 0.3072
vn -0.9464 -0.2694 0.1780
vn -0.7085 -0.5550 0.4359
vn -0.9992 -0.0302 0.0253
vn -0.1233 0.9275 -0.3528
vn -0.4849 0.8312 0.2721
vn -0.3612 0.9034 -0.2310
vn -0.6097 0.7424 0.2776
vn -0.4135 0.8196 -0.3965
vn 0.3876 0.9153 -0.1096
vn 0.1247 0.9186 -0.3749
vn 0.7014 0.7062 -0.0962
vn 0.3620 0.8639 -0.3502
vn 0.1086 0.7124 -0.6934
vn 0.5757 0.5868 -0.5694
vn 0.3263 0.6779 -0.6588
vn 0.9132 0.1327 -0.3853
vn 0.9125 0.3917 -0.1181
vn 0.7017 0.1212 -0.7021
vn 0.8571 0.3715 -0.3570
vn 0.6669 0.6745 -0.3166
vn 0.1253 0.3999 -0.9079
vn 0.3859 0.1396 -0.9119
vn 0.3614 0.3762 -0.8532
vn 0.6668 0.3397 -0.6633
vn 0.8676 -0.4480 0.2158
vn 0.9226 -0.1128 -0.3688
vn 0.7641 -0.5972 0.2437
vn 0.9029 -0.3475 -0.2530
vn 0.7066 -0.1108 -0.6988
vn 0.8168 -0.3968 -0.4188
vn 0.6716 -0.3196 -0.6684
vn -0.2159 -0.9547 0.2048
vn -0.1842 -0.8015 0.5690
vn -0.5798 -0.7951 0.1779
vn -0.3020 -0.9508 0.0692
vn -0.0772 -0.9540 0.2898
vn -0.0003 -0.7620 0.6475
vn -0.0139 -0.9999 0.0050
vn 0.3799 -0.1115 -0.9183
vn -0.2262 -0.4527 -0.8625
vn 0.2545 -0.3477 -0.9024
vn -0.2569 -0.6000 -0.7576
vn 0.4182 -0.3997 -0.8157
vn 0.0251 0.1428 0.9894
vn 0.0323 0.3158 0.9483
vn 0.0633 0.5150 0.8548
vn 0.5608 0.6045 0.5658
vn 0.4387 0.7645 0.4724
vn 0.4735 0.5044 0.7221
vn 0.1176 0.7701 0.6270
vn 0.0969 0.7255 0.6813
vn -0.1936 0.6989 0.6885
vn 0.6729 0.4900 -0.5542
vn 0.8481 0.0906 -0.5220
vn 0.6415 0.4672 -0.6084
vn 0.5704 0.7015 -0.4272
vn 0.8408 0.5153 -0.1659
vn 0.6142 0.7793 -0.1243
vn 0.0674 0.9389 0.3376
vn 0.2775 0.9455 -0.1704
vn 0.1864 0.7983 0.5727
vn 0.3742 0.8951 -0.2426
vn 0.5004 0.7429 -0.4447
vn -0.0965 0.3657 0.9257
vn -0.3779 0.0844 0.9220
vn -0.0913 0.6949 0.7133
vn -0.3726 0.3620 0.8545
vn -0.7040 0.0819 0.7055
vn -0.3543 0.6528 0.6696
vn -0.6608 0.3461 0.6661
vn -0.3786 0.9191 0.1095
vn -0.0974 0.9155 0.3903
vn -0.7039 0.7031 0.1010
vn -0.3738 0.8440 0.3847
vn -0.6613 0.6563 0.3632
vn -0.9208 0.0921 0.3791
vn -0.9209 0.3762 0.1021
vn -0.8489 0.3688 0.3787
vn -0.9443 0.3280 -0.0275
vn -0.9906 0.1358 -0.0193
vn -0.8481 0.5269 -0.0560
vn -0.6163 0.7802 -0.1067
vn -0.4619 0.7769 -0.4279
vn -0.5592 0.6180 -0.5526
vn -0.7172 0.5185 -0.4656
vn -0.6787 0.7048 0.2063
vn -0.2766 0.6974 -0.6611
vn 0.1821 0.9469 -0.2650
vn -0.3245 0.9443 -0.0549
vn 0.4546 0.7433 -0.4907
vn 0.2543 0.8965 -0.3627
vn -0.5614 0.8087 -0.1755
vn -0.6715 0.7359 -0.0873
vn 0.6868 0.1688 -0.7070
vn 0.5611 0.4913 -0.6661
vn 0.6151 0.4670 -0.6353
vn 0.1739 0.5246 -0.8334
vn 0.1739 0.5244 -0.8336
vn 0.1739 0.5244 -0.8335
vn 0.4364 0.7033 -0.5612
vn 0.1363 0.7858 -0.6033
vn 0.0965 -0.3913 0.9152
vn 0.3777 -0.1103 0.9193
vn 0.0958 -0.1109 0.9892
vn 0.0912 -0.7138 0.6944
vn 0.3726 -0.3852 0.8443
vn 0.7036 -0.1016 0.7033
vn 0.3538 -0.6703 0.6523
vn 0.6611 -0.3647 0.6557
vn 0.3788 -0.9216 0.0849
vn 0.0969 -0.9256 0.3660
vn 0.7046 -0.7048 0.0829
vn 0.3729 -0.8545 0.3616
vn 0.6610 -0.6660 0.3457
vn 0.9201 -0.1024 0.3780
vn 0.9204 -0.3799 0.0928
vn 0.8494 -0.3780 0.3683
vn 0.3273 0.0181 0.9448
vn 0.1350 0.0073 0.9908
vn 0.5406 0.0504 0.8398
vn 0.7779 0.1085 0.6190
vn 0.7705 0.4323 0.4685
vn 0.6104 0.5532 0.5669
vn 0.5120 0.4624 0.7239
vn 0.7097 -0.2007 0.6753
vn 0.6880 0.6666 0.2869
vn 0.9434 0.2805 -0.1770
vn 0.9427 0.0627 0.3276
vn 0.7368 0.5082 -0.4459
vn 0.8919 0.3788 -0.2472
vn 0.8053 0.1779 0.5655
vn 0.7336 0.0864 0.6741
vn 0.4822 0.6823 -0.5495
vn 0.4594 0.6512 -0.6041
vn 0.5128 0.8436 -0.1595
vn 0.5128 0.8436 -0.1594
vn 0.6960 0.5777 -0.4264
vn 0.7771 0.6170 -0.1243
vn 0.5488 -0.7834 -0.2917
vn 0.4237 -0.9010 -0.0929
vn 0.1906 -0.4694 -0.8622
vn 0.5181 -0.6432 -0.5638
vn 0.8290 -0.4950 -0.2602
vn 0.7662 -0.6382 -0.0758
vn 0.8072 -0.2176 -0.5487
vn 0.5490 0.3687 -0.7501
vn 0.2194 0.5370 -0.8145
vn 0.4241 0.5919 -0.6855
vn 0.8299 0.1799 -0.5281
vn 0.5961 0.2639 -0.7583
vn 0.9443 -0.3162 -0.0914
vn 0.9444 0.1661 -0.2839
vn 0.9620 -0.1005 -0.2540
vn 0.7667 0.4121 -0.4923
vn 0.2826 -0.7786 -0.5603
vn 0.1596 -0.9738 -0.1623
vn 0.0815 -0.8956 -0.4374
vn 0.2548 -0.4842 -0.8370
vn 0.8570 -0.4788 -0.1906
vn 0.5564 -0.6423 -0.5271
vn 0.9199 -0.3783 -0.1031
vn 0.5467 -0.2134 -0.8097
vn 0.2874 0.1775 -0.9412
vn 0.0884 -0.3032 -0.9488
vn 0.4990 0.4168 -0.7598
vn 0.2538 -0.0899 -0.9631
vn 0.0684 -0.6273 -0.7758
vn 0.5318 0.1855 -0.8263
vn 0.7662 0.6250 -0.1493
vn 0.7557 0.3673 -0.5422
vn 0.6936 0.5891 -0.4147
vn 0.8200 0.5318 -0.2118
vn 0.7621 0.2641 -0.5911
vn -0.3782 -0.9190 -0.1113
vn -0.0965 -0.9146 -0.3926
vn -0.7037 -0.7030 -0.1029
vn -0.3734 -0.8434 -0.3863
vn -0.0911 -0.6935 -0.7147
vn -0.6610 -0.6555 -0.3653
vn -0.3540 -0.6512 -0.6713
vn -0.9206 -0.0914 -0.3797
vn -0.9205 -0.3768 -0.1036
vn -0.7036 -0.0817 -0.7059
vn -0.8486 -0.3682 -0.3799
vn -0.6608 -0.3454 -0.6664
vn -0.0965 -0.3648 -0.9261
vn -0.3776 -0.0834 -0.9222
vn -0.3729 -0.3606 -0.8549
vn -0.9439 0.0364 -0.3283
vn -0.8382 0.0705 -0.5407
vn -0.5588 0.5701 -0.6023
vn -0.4630 0.4495 -0.7639
vn -0.7171 0.4799 -0.5054
vn -0.6166 0.1286 -0.7767
vn -0.6717 0.1074 -0.7330
vn -0.6788 -0.1839 -0.7109
vn 0.5595 0.6814 -0.4719
vn 0.5218 0.8500 -0.0717
vn 0.6134 0.6495 -0.4494
vn 0.4353 0.5823 -0.6866
vn 0.1707 0.8486 -0.5007
vn 0.1709 0.8486 -0.5007
vn 0.1708 0.8486 -0.5007
vn 0.1349 0.6280 -0.7664
vn -0.3255 0.0813 -0.9420
vn 0.1818 0.2918 -0.9390
vn -0.5619 0.1979 -0.8032
vn 0.2544 0.3882 -0.8858
vn 0.4536 0.5129 -0.7288
vn 0.9077 -0.1032 0.4067
vn 0.6780 -0.1862 0.7111
vn 0.5638 -0.5477 0.6182
vn 0.8020 -0.0548 0.5948
vn 0.3916 -0.1719 0.9039
vn 0.6215 -0.3588 0.6965
vn 0.2548 -0.8219 0.5095
vn 0.4062 -0.2722 0.8723
vn -0.2882 -0.2154 0.9330
vn 0.2629 -0.0659 0.9626
vn 0.0071 -0.0616 0.9981
vn -0.3182 -0.2650 0.9103
vn 0.0156 -0.1775 0.9840
vn 0.5408 -0.0482 0.8398
vn 0.0146 -0.2362 0.9716
vn -0.6748 -0.5916 0.4413
vn -0.8574 -0.4885 0.1616
vn -0.7185 -0.6452 0.2598
vn -0.6446 -0.6530 0.3976
vn -0.7266 -0.4949 0.4765
vn -0.8492 -0.4216 0.3181
vn -0.3997 -0.5646 0.7221
vn -0.1682 0.6408 0.7491
vn -0.0523 0.7727 0.6326
vn -0.5231 0.5087 0.6838
vn -0.3260 0.5823 0.7448
vn -0.1462 0.3541 0.9237
vn -0.0351 0.5075 0.8609
vn -0.2417 0.3666 0.8984
vn -0.5032 -0.8571 -0.1106
vn -0.5438 -0.7172 0.4358
vn -0.5966 -0.7621 0.2515
vn -0.4518 -0.8811 0.1400
vn -0.4480 -0.7675 0.4585
vn -0.6064 -0.6895 0.3961
vn -0.5152 -0.4424 0.7341
vn -0.0442 0.2308 0.9720
vn -0.1791 -0.3221 0.9296
vn -0.0344 -0.0224 0.9992
vn -0.1461 -0.0199 0.9891
vn -0.2253 -0.3510 0.9089
vn -0.2007 -0.0205 0.9794
vn 0.8607 -0.0504 -0.5067
vn 0.9714 0.0409 -0.2337
vn 0.9966 -0.0197 0.0802
vn 0.8306 -0.1157 -0.5447
vn 0.8589 0.0239 -0.5116
vn 0.6833 0.0314 -0.7295
vn 0.5149 -0.1584 -0.8425
vn -0.5434 -0.3710 -0.7531
vn -0.4771 -0.6939 -0.5393
vn -0.6893 -0.3442 -0.6374
vn -0.3037 -0.2281 -0.9251
vn -0.6982 -0.5366 -0.4740
vn -0.2786 -0.2886 -0.9160
vn -0.4027 -0.2867 -0.8693
vn 0.3104 -0.0043 -0.9506
vn -0.2182 -0.1275 -0.9675
vn 0.0365 -0.0983 -0.9945
vn -0.4617 -0.2295 -0.8568
vn 0.0456 -0.1238 -0.9913
vn -0.0868 0.8780 -0.4708
vn -0.0434 0.9896 0.1373
vn 0.0090 0.9817 -0.1900
vn -0.0101 0.8811 -0.4729
vn -0.1509 0.8536 -0.4986
vn -0.1939 0.5386 -0.8200
vn -0.1436 -0.1980 -0.9696
vn -0.0361 0.3364 -0.9410
vn -0.0425 0.0302 -0.9986
vn -0.2341 -0.4454 -0.8642
vn -0.1230 0.0584 -0.9907
vn -0.0045 0.7096 -0.7046
vn -0.2391 -0.2873 -0.9275
vn -0.1497 0.0631 -0.9867
vn -0.3667 -0.5345 -0.7615
vn -0.3338 -0.6802 -0.6526
vn -0.6855 -0.4940 -0.5349
vn -0.5137 -0.7014 -0.4941
vn -0.3008 -0.2682 -0.9152
vn -0.3463 0.9360 0.0632
vn -0.6747 0.7300 0.1091
vn -0.6333 0.6089 0.4777
vn -0.5344 0.8452 -0.0059
vn -0.8856 0.4590 0.0707
vn -0.6852 0.6719 0.2812
vn -0.5809 0.2915 0.7600
vn -0.8648 0.4711 0.1737
vn -0.9707 -0.2166 0.1039
vn -0.9414 0.3345 -0.0424
vn -0.9952 0.0815 -0.0535
vn -0.9560 -0.2487 0.1553
vn -0.9939 0.0908 0.0633
vn -0.7967 0.6029 -0.0431
vn -0.9885 0.0878 0.1233
vn -0.5571 -0.6389 0.5305
vn -0.2819 -0.8428 0.4585
vn -0.3867 -0.6967 0.6042
vn -0.5184 -0.6124 0.5968
vn -0.5849 -0.6881 0.4294
vn -0.4274 -0.8232 0.3736
vn -0.8099 -0.3454 0.4742
vn -0.6805 -0.1092 -0.7245
vn -0.5415 -0.0033 -0.8407
vn -0.6573 -0.4695 -0.5895
vn -0.6955 -0.2666 -0.6672
vn -0.8854 -0.0750 -0.4588
vn -0.7962 0.0306 -0.6042
vn -0.8657 -0.1722 -0.4701
vn -0.0277 -0.5114 0.8589
vn -0.5551 -0.5100 0.6571
vn -0.3812 -0.5775 0.7219
vn -0.2746 -0.4399 0.8551
vn -0.5769 -0.4122 0.7052
vn -0.5176 -0.5755 0.6332
vn -0.8171 -0.4584 0.3497
vn -0.9393 0.0304 -0.3418
vn -0.9714 -0.1084 0.2111
vn -0.9947 0.0424 -0.0934
vn -0.9928 -0.0710 -0.0962
vn -0.9578 -0.1563 0.2413
vn -0.9875 -0.1254 -0.0953
vn 0.5517 0.8220 0.1413
vn 0.3086 0.9512 -0.0045
vn 0.4187 0.8453 0.3320
vn 0.0615 0.9842 0.1662
vn 0.5755 0.8167 0.0434
vn 0.7776 0.6260 0.0596
vn 0.8544 0.4502 0.2593
vn 0.6708 -0.6071 0.4259
vn 0.3709 -0.7920 0.4850
vn 0.5401 -0.7359 0.4084
vn 0.8668 -0.3738 0.3300
vn 0.6924 -0.5624 0.4520
vn 0.8532 -0.3469 0.3895
vn 0.9644 0.2371 0.1168
vn 0.9272 -0.2912 0.2356
vn 0.9764 -0.0388 0.2125
vn 0.7876 -0.5253 0.3220
vn 0.9709 -0.0314 0.2375
vn 0.5527 -0.1445 -0.8208
vn 0.4311 -0.3390 -0.8362
vn 0.3009 -0.0040 -0.9536
vn 0.5695 -0.0453 -0.8207
vn 0.0559 -0.1711 -0.9837
vn 0.8611 -0.2554 -0.4396
vn 0.8146 -0.1711 -0.5543
vn 0.9268 -0.2173 0.3064
vn 0.9680 -0.1069 -0.2272
vn 0.9895 -0.1176 0.0843
vn 0.7873 -0.2986 0.5394
vn 0.9788 -0.1975 0.0541
vn 0.7797 -0.0570 -0.6236
vn 0.8676 -0.3089 0.3897
vn 0.9732 -0.2245 0.0490
vn 0.6729 -0.4018 0.6211
vn 0.5423 -0.3834 0.7476
vn 0.3728 -0.4599 0.8059
vn 0.6918 -0.4295 0.5805
vn 0.8534 -0.3697 0.3676
vn 0.2938 -0.8968 -0.3308
vn 0.3126 -0.8966 -0.3135
vn 0.4364 -0.7600 -0.4816
vn 0.4626 -0.7605 -0.4556
vn 0.6984 -0.2413 -0.6738
vn 0.6806 0.0138 -0.7325
vn 0.7218 0.0158 -0.6919
vn 0.2762 -0.8963 -0.3469
vn 0.4110 -0.7593 -0.5046
vn 0.6577 -0.2424 -0.7133
vn 0.6390 0.0140 -0.7691
vn -0.3000 -0.9139 0.2734
vn -0.3178 -0.9129 0.2560
vn -0.4509 -0.7873 0.4206
vn -0.7230 -0.3284 0.6078
vn -0.7194 -0.0846 0.6894
vn -0.6840 -0.3289 0.6511
vn -0.3346 -0.9126 0.2349
vn -0.4781 -0.7857 0.3925
vn -0.7607 -0.3285 0.5599
vn -0.7610 -0.0840 0.6433
vn 0.3471 -0.8966 -0.2749
vn 0.3306 -0.8969 -0.2938
vn 0.5125 -0.7604 -0.3989
vn 0.7377 -0.2429 -0.6299
vn 0.7985 0.0133 -0.6018
vn 0.7735 -0.2428 -0.5855
vn 0.4886 -0.7611 -0.4266
vn 0.7621 0.0154 -0.6473
vn -0.2832 -0.9134 0.2923
vn -0.2662 -0.9135 0.3075
vn -0.4247 -0.7866 0.4481
vn -0.3989 -0.7864 0.4718
vn -0.6047 -0.3305 0.7246
vn -0.6774 -0.0862 0.7306
vn -0.6353 -0.0866 0.7674
vn -0.6439 -0.3301 0.6902
vn -0.2492 -0.9131 0.3227
vn -0.2291 -0.9124 0.3392
vn -0.3718 -0.7853 0.4951
vn -0.3405 -0.7836 0.5196
vn -0.5161 -0.3300 0.7904
vn -0.5918 -0.0887 0.8012
vn -0.5406 -0.0903 0.8364
vn -0.5639 -0.3309 0.7567
vn 0.2583 -0.8950 -0.3637
vn 0.3840 -0.7578 -0.5274
vn 0.6171 -0.2424 -0.7486
vn 0.5949 0.0131 -0.8037
vn 0.2380 -0.8936 -0.3805
vn 0.3545 -0.7551 -0.5516
vn 0.5741 -0.2422 -0.7822
vn 0.5471 0.0115 -0.8370
vn 0.2163 -0.8924 -0.3959
vn 0.3232 -0.7534 -0.5726
vn 0.5270 -0.2409 -0.8150
vn 0.4960 0.0101 -0.8683
vn 0.1980 -0.8880 -0.4150
vn 0.2974 -0.7456 -0.5963
vn 0.4768 -0.2393 -0.8458
vn 0.4477 0.0116 -0.8941
vn -0.2081 -0.9109 0.3562
vn -0.1916 -0.9076 0.3735
vn -0.3064 -0.7798 0.5459
vn -0.2814 -0.7728 0.5689
vn -0.4223 -0.3257 0.8460
vn -0.4836 -0.0913 0.8705
vn -0.4386 -0.0910 0.8941
vn -0.4638 -0.3285 0.8228
vn 0.1056 -0.8807 -0.4618
vn -0.0080 -0.9196 -0.3927
vn 0.1786 -0.5270 -0.8309
vn -0.0151 -0.6942 -0.7197
vn 0.1907 -0.0501 -0.9804
vn -0.0195 -0.3522 -0.9357
vn 0.1867 -0.8824 -0.4319
vn 0.2785 -0.7356 -0.6175
vn 0.4283 -0.2314 -0.8735
vn 0.4124 0.0167 -0.9109
vn 0.3953 -0.2153 -0.8930
vn -0.1844 -0.9049 0.3836
vn -0.2708 -0.7684 0.5799
vn -0.4182 -0.0876 0.9041
vn -0.4017 -0.3201 0.8580
vn -0.3535 -0.9122 0.2074
vn -0.5032 -0.7857 0.3597
vn -0.8039 -0.3260 0.4974
vn -0.8014 -0.0839 0.5923
vn -0.3778 -0.9071 0.1857
vn -0.5368 -0.7814 0.3182
vn -0.8403 -0.3169 0.4398
vn -0.8481 -0.0832 0.5233
vn 0.3810 -0.8938 -0.2367
vn 0.3633 -0.8962 -0.2544
vn 0.5584 -0.7537 -0.3467
vn 0.8067 -0.2405 -0.5397
vn 0.8596 0.0154 -0.5107
vn 0.8377 -0.2328 -0.4940
vn 0.5356 -0.7590 -0.3703
vn 0.8317 0.0133 -0.5550
vn 0.3801 -0.9249 -0.0139
vn 0.7121 -0.7020 -0.0108
vn 0.9326 -0.3608 -0.0063
vn 0.4412 -0.8868 -0.1373
vn 0.8173 -0.5300 -0.2259
vn 0.9701 -0.0379 -0.2396
vn -0.3944 -0.9020 0.1754
vn -0.5702 -0.7725 0.2796
vn -0.8601 -0.3059 0.4082
vn -0.8851 -0.0776 0.4589
vn -0.9018 -0.0702 0.4265
vn -0.5900 -0.7623 0.2660
vn -0.8618 -0.3114 0.4005
vn 0.3969 -0.8894 -0.2269
vn 0.8587 -0.2177 -0.4639
vn 0.5786 -0.7456 -0.3305
vn 0.8779 0.0217 -0.4784
vn 0.5233 0.6959 -0.4919
vn 0.4933 0.6964 -0.5213
vn 0.3786 0.8566 -0.3506
vn 0.3572 0.8564 -0.3727
vn 0.2103 0.9595 -0.1874
vn 0.1983 0.9596 -0.1994
vn 0.4639 0.6952 -0.5490
vn 0.3358 0.8562 -0.3925
vn 0.1868 0.9594 -0.2114
vn -0.5824 0.6384 0.5033
vn -0.5515 0.6372 0.5383
vn -0.4222 0.8275 0.3700
vn -0.3997 0.8269 0.3956
vn -0.2318 0.9497 0.2107
vn -0.2192 0.9495 0.2245
vn -0.6144 0.6374 0.4649
vn -0.4459 0.8267 0.3432
vn -0.2440 0.9499 0.1955
vn 0.5526 0.6956 -0.4591
vn 0.5805 0.6933 -0.4270
vn 0.4001 0.8561 -0.3271
vn 0.4204 0.8549 -0.3040
vn 0.2226 0.9592 -0.1745
vn 0.2339 0.9587 -0.1618
vn -0.4882 0.6342 0.5995
vn -0.5190 0.6364 0.5706
vn -0.3551 0.8242 0.4412
vn -0.3768 0.8259 0.4194
vn -0.1955 0.9485 0.2493
vn -0.2069 0.9491 0.2373
vn -0.4192 0.6263 0.6573
vn -0.4563 0.6313 0.6270
vn -0.3056 0.8198 0.4842
vn -0.3326 0.8221 0.4622
vn -0.1687 0.9469 0.2737
vn -0.1828 0.9478 0.2612
vn 0.4339 0.6923 -0.5766
vn 0.3142 0.8548 -0.4131
vn 0.1747 0.9591 -0.2227
vn 0.4000 0.6891 -0.6043
vn 0.2902 0.8529 -0.4339
vn 0.1617 0.9584 -0.2353
vn 0.3652 0.6836 -0.6319
vn 0.2659 0.8495 -0.4558
vn 0.1481 0.9575 -0.2476
vn 0.3319 0.6775 -0.6564
vn 0.2428 0.8449 -0.4767
vn 0.1356 0.9558 -0.2610
vn -0.3455 0.6116 0.7118
vn -0.3775 0.6206 0.6873
vn -0.2547 0.8094 0.5292
vn -0.2768 0.8157 0.5080
vn -0.1418 0.9431 0.3006
vn -0.1530 0.9458 0.2865
vn 0.0440 0.4312 -0.9012
vn 0.1671 0.6467 -0.7442
vn 0.0335 0.7382 -0.6738
vn 0.1250 0.8298 -0.5439
vn 0.0179 0.9348 -0.3546
vn 0.0732 0.9505 -0.3021
vn 0.3089 0.6691 -0.6759
vn 0.2278 0.8384 -0.4952
vn 0.1283 0.9532 -0.2737
vn -0.3304 0.6064 0.7233
vn -0.2450 0.8050 0.5403
vn -0.1369 0.9413 0.3085
vn -0.6524 0.6345 0.4145
vn -0.4740 0.8253 0.3069
vn -0.2595 0.9494 0.1766
vn -0.6873 0.6265 0.3676
vn -0.5029 0.8193 0.2754
vn -0.2779 0.9471 0.1608
vn 0.6068 0.6903 -0.3940
vn 0.6307 0.6858 -0.3631
vn 0.4396 0.8534 -0.2799
vn 0.4601 0.8493 -0.2589
vn 0.2453 0.9580 -0.1488
vn 0.2579 0.9564 -0.1370
vn 0.9058 0.4204 -0.0534
vn 0.6843 0.7284 -0.0345
vn 0.3689 0.9294 -0.0106
vn 0.7308 0.6561 -0.1883
vn 0.5368 0.8329 -0.1345
vn 0.3072 0.9490 -0.0715
vn -0.7060 0.6184 0.3451
vn -0.5214 0.8125 0.2606
vn -0.2899 0.9448 0.1529
vn 0.6482 0.6803 -0.3422
vn 0.4763 0.8443 -0.2457
vn 0.2683 0.9545 -0.1304
vn -0.8027 0.3553 0.4789
vn 0.8809 -0.1403 0.4520
vn 0.8814 -0.1406 0.4509
vn -0.7994 0.3557 0.4842
vn 0.2677 0.1616 0.9499
vn 0.2680 0.1617 0.9498
vn 0.2679 0.1616 0.9498
vn 0.8557 -0.1206 0.5033
vn -0.4717 0.3430 0.8123
vn -0.4778 0.3434 0.8086
vn -0.9436 0.2108 -0.2552
vn -0.9436 0.2108 -0.2553
vn -0.5288 -0.0580 -0.8467
vn -0.1185 -0.1933 -0.9740
vn -0.4758 -0.0799 -0.8759
vn -0.0011 0.9304 -0.3667
vn -0.0003 0.7182 -0.6958
vn 0.0006 0.3952 -0.9186
vn 0.9252 0.0065 -0.3795
vn 0.3859 0.0137 -0.9225
vn 0.7086 0.0109 -0.7056
vn -0.6824 -0.6897 0.2420
vn -0.6577 -0.7533 -0.0031
vn -0.3568 -0.3476 -0.8671
vn -0.7044 -0.7092 0.0299
vn -0.3844 -0.3755 -0.8434
vn 0.9226 0.3856 0.0078
vn 0.7039 0.7102 0.0134
vn 0.3818 0.9241 0.0169
vn -0.6826 -0.2721 0.6782
vn -0.7509 -0.0241 0.6599
vn -0.2955 0.9035 0.3104
vn -0.7062 -0.0651 0.7050
vn -0.2454 -0.6970 0.6737
vn 0.0168 -0.6718 0.7405
vn 0.8699 -0.3534 0.3441
vn -0.0289 -0.7183 0.6951
vn -0.0004 0.3900 0.9208
vn -0.0004 0.4114 0.9115
vn -0.0017 0.7200 0.6939
vn -0.0021 0.8054 0.5928
vn -0.0027 0.9272 0.3745
vn 0.1252 0.9921 0.0105
vn -0.0453 0.9959 -0.0777
vn -0.3336 0.9426 0.0167
vn -0.5052 0.8629 0.0151
vn -0.6689 0.7432 0.0128
vn -0.8465 0.5324 0.0089
vn -0.9142 0.4052 0.0064
vn 0.2999 0.9100 -0.2863
vn 0.4247 0.8054 -0.4136
vn 0.5548 0.6403 -0.5313
vn 0.6746 0.3105 -0.6697
vn 0.4382 0.7915 -0.4260
vn 0.6567 0.3818 -0.6504
vn 0.4004 -0.0128 0.9163
vn 0.7255 -0.0095 0.6881
vn 0.9301 -0.0049 0.3672
vn 0.4213 -0.0126 0.9068
vn 0.8234 -0.0078 0.5674
vn 0.9914 0.1303 -0.0091
vn 0.3995 -0.9167 -0.0120
vn 0.5036 -0.8639 -0.0113
vn 0.7260 -0.6876 -0.0087
vn 0.8931 -0.4498 -0.0052
vn 0.9310 -0.3649 -0.0041
vn 0.9932 -0.0689 -0.0937
vn 0.8954 0.3203 -0.3093
vn 0.7960 0.4349 -0.4211
vn 0.6427 0.5500 -0.5333
vn 0.3419 0.6749 -0.6540
vn 0.3282 0.6785 -0.6572
vn 0.7842 0.4461 -0.4312
vn 0.4352 0.6464 -0.6267
vn 0.1201 0.0158 -0.9926
vn 0.0004 -0.3542 -0.9352
vn 0.0005 -0.5593 -0.8290
vn 0.0004 -0.6774 -0.7356
vn 0.0004 -0.9102 -0.4141
vn -0.3571 0.0141 -0.9339
vn -0.5177 0.0128 -0.8555
vn -0.8112 0.0087 -0.5847
vn -0.9139 0.0059 -0.4060
vn -0.0661 0.1078 -0.9920
vn -0.3760 0.0139 -0.9265
vn -0.5248 0.0128 -0.8511
vn 0.3166 0.3313 -0.8889
vn 0.5383 0.4548 -0.7095
vn 0.5443 0.5561 -0.6281
vn 0.6680 0.6754 -0.3126
vn 0.3409 0.3551 -0.8704
vn 0.0001 0.9186 0.3953
vn 0.0005 0.6980 0.7161
vn 0.0008 0.3830 0.9238
vn -0.9250 0.3798 -0.0085
vn -0.7076 0.7066 0.0089
vn -0.3834 0.9235 0.0122
vn 0.6534 0.3915 -0.6480
vn 0.5000 0.7141 -0.4900
vn 0.2701 0.9278 -0.2575
vn 0.9236 -0.0051 0.3834
vn 0.7064 -0.0098 0.7077
vn 0.3821 -0.0129 0.9240
vn 0.9242 -0.3818 -0.0044
vn 0.7069 -0.7073 -0.0089
vn 0.3834 -0.9235 -0.0122
vn 0.3823 0.6641 -0.6425
vn 0.7073 0.5081 -0.4915
vn 0.9243 0.2746 -0.2652
vn 0.0004 -0.9184 -0.3957
vn 0.0004 -0.6962 -0.7178
vn 0.0004 -0.3686 -0.9296
vn -0.9239 0.0057 -0.3826
vn -0.7067 0.0107 -0.7074
vn -0.3823 0.0140 -0.9239
vn 0.6519 0.6603 -0.3729
vn 0.4991 0.5118 -0.6993
vn 0.2709 0.2859 -0.9192
vn -0.3818 -0.0127 0.9241
vn -0.7072 -0.0097 0.7070
vn -0.7068 -0.0098 0.7073
vn -0.9243 -0.0054 0.3816
vn 0.5786 0.0102 -0.8156
vn 0.5240 0.0938 -0.8465
vn 0.2019 0.0009 -0.9794
vn -0.8243 -0.0054 -0.5661
vn -0.3866 0.0021 -0.9223
vn -0.8344 -0.0048 -0.5512
vn -0.9866 0.0013 -0.1634
vn -0.3816 0.0021 -0.9243
vn -0.3816 0.0236 -0.9240
vn -0.0011 0.1499 0.9887
vn -0.0084 0.3700 0.9290
vn 0.0091 0.9176 0.3973
vn -0.0083 0.9160 0.4012
vn -0.0083 0.9179 0.3967
vn -0.0000 0.8238 -0.5669
vn -0.0074 0.9301 -0.3672
vn -0.0108 0.5502 0.8350
vn -0.0095 0.9824 -0.1868
vn 0.0848 0.8559 -0.5102
vn 0.0004 0.7720 -0.6357
vn -0.0014 -0.9782 -0.2075
vn 0.1471 -0.9732 -0.1765
vn 0.0107 -0.3682 -0.9297
vn 0.1049 -0.3660 -0.9247
vn -0.0031 -0.9184 -0.3957
vn -0.0030 0.3976 -0.9176
vn -0.7073 -0.7068 -0.0111
vn -0.7068 -0.7074 -0.0110
vn -0.9234 -0.3837 -0.0062
vn -0.3824 -0.9239 -0.0143
vn 0.9248 -0.3805 -0.0055
vn 0.1611 -0.9868 -0.0150
vn 0.8105 0.5857 0.0092
vn 0.9247 -0.3807 -0.0055
vn 0.9244 -0.3814 -0.0055
vn 0.1610 -0.9868 -0.0149
vn 0.1607 -0.0130 0.9869
vn 0.0213 0.1230 0.9922
vn 0.9220 -0.0190 0.3868
vn 0.5650 -0.0219 0.8248
vn 0.5514 -0.0215 0.8340
vn 0.9795 -0.0078 -0.2015
vn 0.8133 0.0077 -0.5817
vn 0.1627 -0.0128 0.9866
vn 0.9241 -0.0047 0.3822
vn 0.9239 -0.0190 0.3821
vn -0.0001 -0.9291 0.3699
vn -0.0004 -0.7168 0.6973
vn -0.0004 -0.7173 0.6968
vn -0.0007 -0.3959 0.9183
vn 0.5810 0.8138 0.0128
vn -0.3838 0.9233 0.0140
vn -0.3879 0.9213 0.0265
vn -0.9872 0.1592 0.0022
vn -0.9869 0.1613 0.0021
vn 0.1999 0.9795 0.0245
vn -0.8275 0.5612 0.0183
vn -0.3838 0.9231 0.0265
vn -0.9967 0.0811 0.0009
vn 0.3197 0.2862 0.9033
vn 0.3024 0.3047 0.9032
vn 0.4677 0.4342 0.7699
vn 0.4422 0.4608 0.7695
vn 0.6574 0.7086 0.2564
vn 0.7181 0.6959 -0.0004
vn 0.6764 0.7366 -0.0009
vn 0.3373 0.2697 0.9019
vn 0.4930 0.4098 0.7675
vn 0.6980 0.6689 0.2559
vn 0.7554 0.6553 0.0012
vn -0.2723 -0.3209 0.9071
vn -0.2529 -0.3374 0.9068
vn -0.4151 -0.4725 0.7774
vn -0.5939 -0.7406 0.3143
vn -0.6740 -0.7354 0.0699
vn -0.6379 -0.7030 0.3145
vn -0.2318 -0.3541 0.9060
vn -0.3852 -0.4979 0.7770
vn -0.5451 -0.7775 0.3138
vn -0.6273 -0.7757 0.0688
vn 0.2625 0.3382 0.9037
vn 0.2826 0.3222 0.9035
vn 0.3843 0.5090 0.7702
vn 0.6128 0.7470 0.2578
vn 0.5848 0.8112 0.0018
vn 0.5680 0.7818 0.2573
vn 0.4121 0.4847 0.7715
vn 0.6307 0.7761 0.0015
vn -0.2906 -0.3043 0.9072
vn -0.3068 -0.2879 0.9072
vn -0.4428 -0.4466 0.7775
vn -0.4662 -0.4208 0.7782
vn -0.7130 -0.6254 0.3170
vn -0.7167 -0.6938 0.0710
vn -0.7539 -0.6530 0.0725
vn -0.6780 -0.6637 0.3160
vn -0.3219 -0.2706 0.9073
vn -0.3387 -0.2509 0.9068
vn -0.4907 -0.3947 0.7768
vn -0.5156 -0.3642 0.7756
vn -0.7801 -0.5381 0.3191
vn -0.7890 -0.6099 0.0749
vn -0.8250 -0.5597 0.0782
vn -0.7461 -0.5850 0.3181
vn 0.3530 0.2508 0.9014
vn 0.5150 0.3821 0.7673
vn 0.7338 0.6289 0.2569
vn 0.7906 0.6123 0.0008
vn 0.3706 0.2315 0.8995
vn 0.5397 0.3536 0.7640
vn 0.7685 0.5868 0.2549
vn 0.8254 0.5646 0.0010
vn 0.3879 0.2109 0.8973
vn 0.5638 0.3242 0.7596
vn 0.8025 0.5402 0.2531
vn 0.8576 0.5144 0.0024
vn 0.4076 0.1930 0.8926
vn 0.5871 0.2987 0.7524
vn 0.8342 0.4909 0.2514
vn 0.8844 0.4666 0.0009
vn -0.3573 -0.2300 0.9052
vn -0.3737 -0.2140 0.9025
vn -0.5434 -0.3304 0.7717
vn -0.5661 -0.3053 0.7658
vn -0.8389 -0.4453 0.3131
vn -0.8603 -0.5034 0.0803
vn -0.8849 -0.4590 0.0792
vn -0.8142 -0.4862 0.3174
vn 0.4555 0.1017 0.8844
vn 0.3890 -0.0144 0.9211
vn 0.8250 0.1880 0.5330
vn 0.7167 -0.0109 0.6973
vn 0.9759 0.2107 0.0565
vn 0.9343 -0.0052 0.3565
vn 0.1925 0.0734 0.9785
vn 0.6084 0.2800 0.7426
vn 0.8631 0.4429 0.2429
vn 0.9018 0.4321 -0.0065
vn 0.6212 0.2755 0.7336
vn 0.8833 0.4106 0.2265
vn -0.3842 -0.2070 0.8997
vn -0.5771 -0.2955 0.7613
vn -0.8954 -0.4385 0.0769
vn -0.8508 -0.4250 0.3090
vn -0.2045 -0.3733 0.9049
vn -0.3529 -0.5239 0.7752
vn -0.4819 -0.8195 0.3100
vn -0.5752 -0.8151 0.0694
vn -0.1819 -0.3961 0.9000
vn -0.3101 -0.5560 0.7711
vn -0.4227 -0.8541 0.3029
vn -0.5060 -0.8599 0.0671
vn 0.2248 0.3720 0.9006
vn 0.2425 0.3543 0.9032
vn 0.3315 0.5533 0.7642
vn 0.5213 0.8140 0.2561
vn 0.4923 0.8704 0.0008
vn 0.4753 0.8439 0.2489
vn 0.3553 0.5312 0.7691
vn 0.5372 0.8434 0.0024
vn 0.0015 0.3665 0.9304
vn -0.0076 0.7002 0.7139
vn -0.0152 0.9261 0.3770
vn 0.1241 0.4302 0.8942
vn 0.2057 0.8131 0.5446
vn 0.2183 0.9744 0.0542
vn -0.1710 -0.4124 0.8948
vn -0.2719 -0.5891 0.7609
vn -0.3913 -0.8733 0.2902
vn -0.4400 -0.8958 0.0624
vn -0.4075 -0.9116 0.0544
vn -0.2569 -0.6082 0.7510
vn -0.3840 -0.8754 0.2938
vn 0.2144 0.3876 0.8966
vn 0.4447 0.8647 0.2335
vn 0.3143 0.5734 0.7565
vn 0.4596 0.8881 -0.0052
vn 0.4839 0.5450 -0.6847
vn 0.5144 0.5155 -0.6853
vn 0.3462 0.3994 -0.8489
vn 0.3686 0.3785 -0.8490
vn 0.1874 0.2296 -0.9551
vn 0.1998 0.2178 -0.9553
vn 0.5429 0.4872 -0.6840
vn 0.3897 0.3580 -0.8485
vn 0.2119 0.2064 -0.9553
vn -0.4881 -0.5833 -0.6493
vn -0.5232 -0.5522 -0.6491
vn -0.3576 -0.4171 -0.8355
vn -0.3834 -0.3950 -0.8348
vn -0.2010 -0.2205 -0.9545
vn -0.2154 -0.2091 -0.9539
vn -0.4486 -0.6137 -0.6497
vn -0.3295 -0.4398 -0.8355
vn -0.1857 -0.2329 -0.9546
vn 0.4506 0.5736 -0.6840
vn 0.4176 0.6004 -0.6820
vn 0.3221 0.4203 -0.8483
vn 0.2983 0.4400 -0.8470
vn 0.1741 0.2411 -0.9548
vn 0.1610 0.2527 -0.9541
vn -0.5858 -0.4906 -0.6451
vn -0.5569 -0.5214 -0.6465
vn -0.4296 -0.3513 -0.8319
vn -0.4076 -0.3726 -0.8337
vn -0.2406 -0.1851 -0.9528
vn -0.2283 -0.1963 -0.9536
vn -0.6447 -0.4226 -0.6370
vn -0.6146 -0.4596 -0.6411
vn -0.4734 -0.3028 -0.8272
vn -0.4505 -0.3285 -0.8302
vn -0.2655 -0.1595 -0.9508
vn -0.2528 -0.1733 -0.9519
vn 0.5705 0.4570 -0.6824
vn 0.4098 0.3364 -0.8479
vn 0.2233 0.1945 -0.9552
vn 0.5987 0.4237 -0.6797
vn 0.4316 0.3131 -0.8460
vn 0.2360 0.1817 -0.9546
vn 0.6266 0.3891 -0.6753
vn 0.4535 0.2888 -0.8432
vn 0.2490 0.1685 -0.9537
vn 0.6528 0.3568 -0.6683
vn 0.4753 0.2664 -0.8385
vn 0.2625 0.1563 -0.9522
vn -0.7013 -0.3505 -0.6207
vn -0.6769 -0.3824 -0.6289
vn -0.5198 -0.2530 -0.8160
vn -0.4985 -0.2743 -0.8223
vn -0.2926 -0.1330 -0.9469
vn -0.2794 -0.1439 -0.9493
vn 0.9023 0.0701 -0.4254
vn 0.7440 0.1932 -0.6397
vn 0.6763 0.0596 -0.7342
vn 0.5446 0.1498 -0.8252
vn 0.3584 0.0404 -0.9327
vn 0.3049 0.0949 -0.9477
vn 0.6714 0.3338 -0.6616
vn 0.4941 0.2518 -0.8322
vn 0.2743 0.1489 -0.9500
vn -0.7137 -0.3363 -0.6144
vn -0.5311 -0.2433 -0.8116
vn -0.3008 -0.1284 -0.9450
vn -0.3977 -0.6507 -0.6469
vn -0.2933 -0.4673 -0.8340
vn -0.1661 -0.2474 -0.9546
vn -0.3498 -0.6850 -0.6391
vn -0.2605 -0.4957 -0.8285
vn -0.1496 -0.2652 -0.9525
vn 0.3840 0.6258 -0.6789
vn 0.3528 0.6489 -0.6741
vn 0.2749 0.4598 -0.8444
vn 0.2531 0.4789 -0.8406
vn 0.1479 0.2640 -0.9531
vn 0.1360 0.2759 -0.9515
vn 0.0360 0.9135 -0.4053
vn 0.0233 0.6965 -0.7172
vn 0.0071 0.3838 -0.9234
vn 0.1759 0.7452 -0.6432
vn 0.1268 0.5529 -0.8236
vn 0.0690 0.3228 -0.9439
vn -0.3268 -0.7030 -0.6317
vn -0.2456 -0.5137 -0.8221
vn -0.1423 -0.2780 -0.9500
vn 0.3317 0.6664 -0.6677
vn 0.2394 0.4948 -0.8354
vn 0.1294 0.2868 -0.9492
vn -0.4645 -0.8042 -0.3708
vn -0.4650 -0.8043 -0.3701
vn -0.9544 0.2505 -0.1623
vn -0.9544 0.2504 -0.1624
vn -0.5220 0.8421 0.1360
vn -0.7977 -0.4872 -0.3554
vn -0.7965 -0.4891 -0.3555
vn 0.2764 -0.9345 -0.2243
vn 0.2767 -0.9344 -0.2243
vn 0.8572 -0.5118 0.0579
vn 0.9754 -0.1004 0.1961
vn -0.8374 0.3878 -0.3851
vn -0.8371 0.3695 -0.4033
vn -0.6768 0.5255 -0.5155
vn -0.6772 0.4984 -0.5412
vn -0.1229 0.6754 -0.7272
vn 0.1346 0.7171 -0.6839
vn 0.1359 0.6752 -0.7250
vn -0.8373 0.4045 -0.3678
vn -0.6770 0.5495 -0.4896
vn -0.1233 0.7161 -0.6870
vn 0.1327 0.7543 -0.6429
vn -0.9561 -0.2027 0.2114
vn -0.9560 -0.1841 0.2285
vn -0.8557 -0.3555 0.3760
vn -0.4415 -0.5690 0.6938
vn -0.2043 -0.6677 0.7159
vn -0.4412 -0.6127 0.6557
vn -0.9558 -0.1625 0.2451
vn -0.8561 -0.3259 0.4011
vn -0.4405 -0.5214 0.7308
vn -0.2049 -0.6211 0.7565
vn -0.8367 0.3300 -0.4371
vn -0.8366 0.3506 -0.4210
vn -0.6753 0.4421 -0.5904
vn -0.1219 0.6318 -0.7655
vn 0.1366 0.5835 -0.8005
vn -0.1211 0.5863 -0.8010
vn -0.6764 0.4707 -0.5666
vn 0.1365 0.6303 -0.7642
vn -0.9556 -0.2212 0.1948
vn -0.9548 -0.2376 0.1785
vn -0.8554 -0.3826 0.3493
vn -0.8541 -0.4067 0.3241
vn -0.4406 -0.6875 0.5773
vn -0.2048 -0.7099 0.6738
vn -0.2048 -0.7468 0.6328
vn -0.4405 -0.6531 0.6159
vn -0.9542 -0.2523 0.1610
vn -0.9528 -0.2684 0.1418
vn -0.8523 -0.4302 0.2975
vn -0.8493 -0.4552 0.2674
vn -0.4360 -0.7545 0.4905
vn -0.2041 -0.7812 0.5899
vn -0.2037 -0.8173 0.5390
vn -0.4386 -0.7202 0.5375
vn -0.8370 0.4209 -0.3497
vn -0.6773 0.5721 -0.4626
vn -0.1253 0.7521 -0.6471
vn 0.1299 0.7887 -0.6009
vn -0.8365 0.4377 -0.3296
vn -0.6759 0.5960 -0.4335
vn -0.1276 0.7862 -0.6046
vn 0.1252 0.8238 -0.5528
vn -0.8349 0.4554 -0.3092
vn -0.6722 0.6204 -0.4039
vn -0.1289 0.8195 -0.5584
vn 0.1213 0.8558 -0.5029
vn -0.8316 0.4737 -0.2900
vn -0.6672 0.6424 -0.3769
vn -0.1291 0.8514 -0.5085
vn 0.1203 0.8823 -0.4551
vn -0.9502 -0.2875 0.1204
vn -0.9467 -0.3045 0.1051
vn -0.8431 -0.4841 0.2341
vn -0.8366 -0.5062 0.2094
vn -0.4254 -0.8130 0.3976
vn -0.2019 -0.8523 0.4824
vn -0.1976 -0.8769 0.4381
vn -0.4314 -0.7883 0.4387
vn -0.8302 0.5211 -0.1980
vn -0.8854 0.4565 -0.0878
vn -0.4453 0.8627 -0.2395
vn -0.6383 0.7672 -0.0623
vn 0.0412 0.9777 -0.2059
vn -0.2834 0.9586 -0.0267
vn -0.9465 0.2657 -0.1834
vn -0.6566 0.6639 -0.3578
vn -0.1228 0.8798 -0.4592
vn 0.1233 0.8992 -0.4199
vn -0.6482 0.6753 -0.3518
vn -0.1117 0.8978 -0.4260
vn -0.9439 -0.3152 0.0988
vn -0.8313 -0.5183 0.2008
vn -0.1942 -0.8872 0.4184
vn -0.4190 -0.8255 0.3782
vn -0.9548 -0.1356 0.2646
vn -0.8551 -0.2933 0.4275
vn -0.4377 -0.4577 0.7739
vn -0.2051 -0.5697 0.7959
vn -0.9510 -0.1131 0.2879
vn -0.8516 -0.2511 0.4602
vn -0.4303 -0.4000 0.8092
vn -0.2032 -0.5004 0.8416
vn -0.8326 0.2923 -0.4705
vn -0.8350 0.3111 -0.4539
vn -0.6689 0.3886 -0.6337
vn -0.1208 0.5398 -0.8331
vn 0.1368 0.4923 -0.8596
vn -0.1138 0.4942 -0.8618
vn -0.6733 0.4135 -0.6130
vn 0.1353 0.5359 -0.8334
vn -0.8792 0.0725 -0.4709
vn -0.6259 0.0472 -0.7785
vn -0.2673 0.0144 -0.9635
vn -0.8273 0.1910 -0.5282
vn -0.4294 0.2474 -0.8686
vn 0.0750 0.2232 -0.9719
vn -0.9466 -0.1027 0.3055
vn -0.8422 -0.2138 0.4950
vn -0.4182 -0.3692 0.8299
vn -0.1980 -0.4354 0.8782
vn -0.1889 -0.4034 0.8953
vn -0.8333 -0.1999 0.5154
vn -0.4225 -0.3603 0.8317
vn -0.8265 0.2829 -0.4866
vn -0.0998 0.4621 -0.8812
vn -0.6584 0.3717 -0.6544
vn 0.1417 0.4588 -0.8772
vn 0.7777 0.4309 -0.4577
vn 0.7771 0.4612 -0.4283
vn 0.9128 0.2814 -0.2959
vn 0.9123 0.3035 -0.2751
vn 0.9866 0.1146 -0.1164
vn 0.9863 0.1271 -0.1047
vn 0.7751 0.4895 -0.3995
vn 0.9111 0.3244 -0.2542
vn 0.9859 0.1388 -0.0933
vn 0.5398 -0.5362 0.6489
vn 0.5399 -0.5716 0.6179
vn 0.7528 -0.4201 0.5068
vn 0.7524 -0.4463 0.4845
vn 0.9045 -0.2735 0.3274
vn 0.9045 -0.2874 0.3150
vn 0.5383 -0.4977 0.6801
vn 0.7523 -0.3927 0.5290
vn 0.9047 -0.2575 0.3393
vn 0.7778 0.3977 -0.4866
vn 0.7765 0.3649 -0.5138
vn 0.9126 0.2577 -0.3174
vn 0.9118 0.2342 -0.3373
vn 0.9865 0.1018 -0.1280
vn 0.9862 0.0885 -0.1397
vn 0.5379 -0.6333 0.5564
vn 0.5391 -0.6046 0.5864
vn 0.7511 -0.4919 0.4404
vn 0.7527 -0.4695 0.4616
vn 0.9044 -0.3121 0.2909
vn 0.9042 -0.3009 0.3031
vn 0.5329 -0.6916 0.4875
vn 0.5362 -0.6615 0.5243
vn 0.7486 -0.5354 0.3911
vn 0.7504 -0.5124 0.4175
vn 0.9037 -0.3366 0.2647
vn 0.9039 -0.3245 0.2787
vn 0.7717 0.5176 -0.3695
vn 0.9092 0.3452 -0.2329
vn 0.9853 0.1504 -0.0813
vn 0.7672 0.5457 -0.3371
vn 0.9062 0.3671 -0.2099
vn 0.9844 0.1622 -0.0684
vn 0.7609 0.5737 -0.3031
vn 0.9025 0.3887 -0.1855
vn 0.9829 0.1756 -0.0548
vn 0.7523 0.6005 -0.2710
vn 0.8968 0.4111 -0.1634
vn 0.9809 0.1896 -0.0432
vn 0.5211 -0.7472 0.4125
vn 0.5282 -0.7229 0.4455
vn 0.7399 -0.5805 0.3399
vn 0.7457 -0.5593 0.3620
vn 0.9008 -0.3632 0.2381
vn 0.9029 -0.3502 0.2494
vn 0.4985 0.8668 -0.0118
vn 0.7113 0.6941 -0.1112
vn 0.7852 0.6184 0.0319
vn 0.8751 0.4815 -0.0486
vn 0.9554 0.2868 0.0706
vn 0.9723 0.2331 0.0177
vn 0.7438 0.6203 -0.2490
vn 0.8908 0.4292 -0.1493
vn 0.9787 0.2020 -0.0361
vn 0.5168 -0.7581 0.3978
vn 0.7361 -0.5911 0.3299
vn 0.8986 -0.3716 0.2335
vn 0.5359 -0.4462 0.7167
vn 0.7504 -0.3557 0.5571
vn 0.9042 -0.2385 0.3542
vn 0.5278 -0.3982 0.7502
vn 0.7440 -0.3231 0.5849
vn 0.9014 -0.2220 0.3718
vn 0.7739 0.3319 -0.5394
vn 0.7692 0.3012 -0.5636
vn 0.9100 0.2110 -0.3569
vn 0.9070 0.1884 -0.3766
vn 0.9855 0.0762 -0.1515
vn 0.9844 0.0642 -0.1637
vn 0.5098 0.0062 -0.8602
vn 0.7925 -0.0305 -0.6091
vn 0.9594 -0.0625 -0.2751
vn 0.7364 0.1273 -0.6644
vn 0.8891 0.0643 -0.4532
vn 0.9773 -0.0025 -0.2118
vn 0.5202 -0.3741 0.7678
vn 0.7366 -0.3076 0.6023
vn 0.8978 -0.2145 0.3847
vn 0.7635 0.2804 -0.5818
vn 0.9027 0.1757 -0.3928
vn 0.9830 0.0573 -0.1742
vn 0.2391 -0.4880 0.8395
vn -0.0856 -0.4577 -0.8850
vn -0.0858 -0.4567 -0.8855
vn 0.2394 -0.4932 0.8363
vn 0.1180 -0.9639 -0.2387
vn 0.1183 -0.9639 -0.2387
vn -0.0724 -0.5100 -0.8571
vn 0.2352 -0.8256 0.5129
vn 0.2354 -0.8215 0.5193
vn 0.1356 0.2573 0.9568
vn 0.1354 0.2576 0.9567
vn -0.0477 0.8578 0.5117
vn -0.1329 0.9876 0.0837
vn -0.0625 0.8887 0.4543
vn 0.6794 0.4945 -0.5421
vn 0.5944 0.6596 -0.4601
vn 0.0611 -0.7827 -0.6193
vn 0.0611 -0.7828 -0.6193
vn -0.4830 -0.4438 0.7548
vn -0.4830 -0.4439 0.7548
vn 0.6974 0.5302 -0.4822
vn 0.0579 0.5968 0.8003
vn 0.0580 0.5968 0.8003
vn 0.2282 -0.5913 0.7735
vn -0.1014 0.7820 -0.6150
vn 0.8062 0.3786 0.4546
vn 0.0008 -0.4679 0.8838
vn 0.4739 0.6541 0.5896
vn -0.4602 0.8113 -0.3606
vn 0.3428 -0.5067 -0.7910
vn -0.2724 -0.8467 -0.4570
vn -0.1398 0.3608 -0.9221
vn -0.1237 0.8844 0.4499
vn 0.8972 -0.1200 0.4249
vn -0.4353 0.8894 0.1397
vn 0.8973 -0.4275 0.1101
vn -0.1172 -0.4238 -0.8981
vn 0.6696 0.6847 0.2877
vn -0.9904 0.0232 -0.1363
vn -0.2780 0.6814 -0.6771
vn -0.7810 0.2023 0.5908
vn -0.2946 -0.3901 -0.8724
vn -0.6199 -0.7339 -0.2777
vn 0.8113 0.5589 0.1714
vn 0.9663 -0.2412 0.0897
vn -0.4750 -0.0804 -0.8763
vn -0.8822 0.0071 -0.4709
vn 0.3822 0.0027 -0.9241
vn -0.9234 -0.0046 -0.3839
vn -0.0103 0.5380 0.8429
vn 0.0006 -0.9188 -0.3948
vn 0.0007 0.3974 -0.9177
vn 0.9241 -0.0046 0.3821
vn -0.8355 0.5492 0.0176
vn -0.1117 0.9602 0.2559
vn -0.1513 -0.0913 -0.9843
vn -0.0627 0.8892 0.4531
vt 0.757132 0.733556
vt 0.752506 0.733510
vt 0.754280 0.730986
vt 0.886390 0.772512
vt 0.877609 0.764021
vt 0.887680 0.770496
vt 0.749512 0.731053
vt 0.744544 0.731235
vt 0.746388 0.728734
vt 0.870592 0.730758
vt 0.860394 0.725417
vt 0.861781 0.723540
vt 0.739912 0.724618
vt 0.738620 0.720459
vt 0.741791 0.722179
vt 0.896698 0.778578
vt 0.897962 0.776543
vt 0.910657 0.757571
vt 0.920912 0.765513
vt 0.909452 0.759571
vt 0.889971 0.744909
vt 0.878720 0.739866
vt 0.880040 0.737940
vt 0.745013 0.724120
vt 0.748215 0.726255
vt 0.741286 0.729057
vt 0.743159 0.726579
vt 0.852104 0.718039
vt 0.853531 0.716179
vt 0.832507 0.730177
vt 0.841726 0.735736
vt 0.840304 0.737666
vt 0.848469 0.744903
vt 0.858534 0.750071
vt 0.857166 0.752035
vt 0.843771 0.710006
vt 0.845218 0.708176
vt 0.833234 0.699034
vt 0.834677 0.697242
vt 0.817397 0.713721
vt 0.826399 0.720355
vt 0.824906 0.722245
vt 0.736722 0.722877
vt 0.735473 0.718946
vt 0.818715 0.683568
vt 0.820126 0.681775
vt 0.801509 0.665837
vt 0.802900 0.663936
vt 0.810032 0.704694
vt 0.818939 0.711862
vt 0.730270 0.719974
vt 0.728991 0.716442
vt 0.732289 0.717617
vt 0.907230 0.784255
vt 0.908471 0.782201
vt 0.918324 0.789704
vt 0.919540 0.787627
vt 0.938353 0.770662
vt 0.961431 0.782291
vt 0.937262 0.772698
vt 0.747697 0.733576
vt 0.930272 0.795041
vt 0.931461 0.792951
vt 0.942687 0.800232
vt 0.943857 0.798131
vt 0.962505 0.780269
vt 0.989872 0.793735
vt 0.758779 0.739686
vt 0.753761 0.738872
vt 0.755450 0.736200
vt 0.878919 0.762031
vt 0.888965 0.768485
vt 0.863874 0.741382
vt 0.851419 0.740746
vt 0.855110 0.734205
vt 0.869239 0.732661
vt 0.859004 0.727303
vt 0.850507 0.720178
vt 0.838857 0.719152
vt 0.842160 0.712120
vt 0.899223 0.774513
vt 0.909708 0.780151
vt 0.888686 0.746859
vt 0.897704 0.755424
vt 0.887397 0.748813
vt 0.877396 0.741798
vt 0.898956 0.753443
vt 0.908243 0.761579
vt 0.867834 0.757150
vt 0.849863 0.742957
vt 0.859899 0.748113
vt 0.851253 0.741017
vt 0.842317 0.711841
vt 0.858837 0.727573
vt 0.846888 0.726914
vt 0.833962 0.728265
vt 0.843145 0.733814
vt 0.835414 0.726361
vt 0.817306 0.685355
vt 0.829865 0.709660
vt 0.831670 0.701138
vt 0.827889 0.718474
vt 0.811711 0.702988
vt 0.820475 0.710016
vt 0.800241 0.667864
vt 0.899399 0.774251
vt 0.893309 0.761992
vt 0.903705 0.768085
vt 0.919757 0.767553
vt 0.936171 0.774741
vt 0.920750 0.785555
vt 0.932649 0.790865
vt 0.914698 0.773889
vt 0.920990 0.785323
vt 0.909894 0.779893
vt 0.960360 0.784315
vt 0.988609 0.795765
vt 0.945025 0.796029
vt 0.900203 0.751471
vt 0.767523 0.749427
vt 0.766197 0.742507
vt 0.768164 0.749265
vt 0.766928 0.742514
vt 0.768804 0.749102
vt 0.897530 0.755688
vt 0.908068 0.761843
vt 0.867883 0.734571
vt 0.887226 0.749078
vt 0.762809 0.744326
vt 0.757638 0.743033
vt 0.751311 0.728552
vt 0.935932 0.774971
vt 0.946594 0.787498
vt 0.928433 0.780152
vt 0.715995 0.715107
vt 0.709801 0.715105
vt 0.715895 0.714427
vt 0.709887 0.714382
vt 0.715797 0.713744
vt 0.843309 0.733541
vt 0.866491 0.759131
vt 0.889138 0.768222
vt 0.883134 0.755462
vt 0.869173 0.755175
vt 0.767412 0.749340
vt 0.763004 0.749199
vt 0.765394 0.742513
vt 0.762775 0.739439
vt 0.945103 0.795732
vt 0.933004 0.790682
vt 0.959995 0.784487
vt 0.966617 0.795898
vt 0.726348 0.718590
vt 0.725540 0.715407
vt 0.734802 0.725305
vt 0.733557 0.721346
vt 0.850672 0.719905
vt 0.820521 0.709606
vt 0.819058 0.697582
vt 0.738011 0.727074
vt 0.731620 0.723755
vt 0.873265 0.748526
vt 0.877227 0.742064
vt 0.922061 0.763483
vt 0.833162 0.866832
vt 0.791764 0.875765
vt 0.790988 0.874899
vt 0.919572 0.767811
vt 0.721461 0.717036
vt 0.722220 0.714532
vt 0.717287 0.718529
vt 0.716122 0.715178
vt 0.817281 0.685753
vt 0.806914 0.684932
vt 0.800567 0.668607
vt 0.813604 0.701168
vt 0.770094 0.756050
vt 0.769420 0.756347
vt 0.759948 0.736351
vt 0.770696 0.755693
vt 0.828013 0.718155
vt 0.876293 0.766019
vt 0.867715 0.734839
vt 0.835572 0.726080
vt 0.802666 0.686362
vt 0.728228 0.722335
vt 0.831787 0.700825
vt 0.804580 0.685501
vt 0.813357 0.701328
vt 0.860067 0.747845
vt 0.869342 0.754909
vt 0.879090 0.761766
vt 0.750718 0.736059
vt 0.723682 0.720711
vt 0.878237 0.828860
vt 0.812367 0.776866
vt 0.895708 0.833456
vt 0.729319 0.780727
vt 0.759256 0.822470
vt 0.758412 0.823120
vt 0.733092 0.782809
vt 0.760106 0.821822
vt 0.787730 0.852526
vt 0.798884 0.818715
vt 0.821484 0.835441
vt 0.736358 0.957321
vt 0.691143 0.886406
vt 0.696625 0.885335
vt 0.884011 0.862979
vt 0.833295 0.867824
vt 0.757155 0.909449
vt 0.736381 0.951903
vt 0.756168 0.909046
vt 0.804453 0.801833
vt 0.855206 0.818373
vt 0.768720 0.967084
vt 0.846059 0.936278
vt 0.755763 0.979947
vt 0.703455 0.804000
vt 0.741818 0.838150
vt 0.704411 0.806152
vt 0.791192 0.915253
vt 0.829192 0.917019
vt 0.789478 0.953253
vt 0.770870 0.869012
vt 0.741086 0.838927
vt 0.899090 0.850986
vt 0.850194 0.940767
vt 0.698268 0.785739
vt 0.685114 0.887580
vt 0.693640 0.767613
vt 0.738981 0.974888
vt 0.842081 0.931952
vt 0.882371 0.864210
vt 0.884123 0.863203
vt 0.778414 0.916213
vt 0.791635 0.875882
vt 0.779355 0.916444
vt 0.784852 0.861386
vt 0.746500 0.825710
vt 0.752670 0.824319
vt 0.814201 0.771051
vt 0.913548 0.838407
vt 0.790748 0.874768
vt 0.835034 0.861249
vt 0.833201 0.866641
vt 0.769307 0.966496
vt 0.841292 0.931080
vt 0.638140 0.976056
vt 0.683661 0.955591
vt 0.685668 0.985005
vt 0.777916 0.867615
vt 0.746311 0.825879
vt 0.783060 0.866534
vt 0.832756 0.850255
vt 0.828948 0.846133
vt 0.772653 0.917482
vt 0.778221 0.916232
vt 0.836966 0.855179
vt 0.913631 0.838784
vt 0.836914 0.854931
vt 0.758144 0.909848
vt 0.770907 0.869182
vt 0.772047 0.868939
vt 0.703231 0.804117
vt 0.698320 0.884971
vt 0.696955 0.885267
vt 0.711581 0.773758
vt 0.693927 0.767353
vt 0.736226 0.956482
vt 0.736198 0.954044
vt 0.736484 0.956493
vt 0.786839 0.870501
vt 0.766410 0.918759
vt 0.783269 0.866601
vt 0.703010 0.803312
vt 0.744319 0.831826
vt 0.742634 0.837198
vt 0.786636 0.855910
vt 0.742284 0.992981
vt 0.882253 0.864011
vt 0.833424 0.868818
vt 0.786996 0.854528
vt 0.786629 0.855636
vt 0.810596 0.782469
vt 0.874988 0.828401
vt 0.810166 0.783796
vt 0.706421 0.945358
vt 0.658893 0.936409
vt 0.679646 0.896762
vt 0.729457 0.780517
vt 0.731467 0.781675
vt 0.828834 0.845973
vt 0.787160 0.854582
vt 0.828533 0.844949
vt 0.766169 0.918681
vt 0.761980 0.914133
vt 0.742553 0.837375
vt 0.741921 0.992859
vt 0.733196 0.993955
vt 0.783222 0.866387
vt 0.787346 0.853463
vt 0.733199 0.782620
vt 0.809739 0.785108
vt 0.792388 0.876714
vt 0.780298 0.916673
vt 0.880890 0.865108
vt 0.770422 0.964947
vt 0.840511 0.930213
vt 0.704986 0.808070
vt 0.699672 0.884679
vt 0.769808 0.869416
vt 0.736172 0.951907
vt 0.884766 0.862688
vt 0.842306 0.932199
vt 0.769092 0.966357
vt 0.770233 0.964807
vt 0.771230 0.963513
vt 0.792512 0.876602
vt 0.772279 0.868797
vt 0.768106 0.869843
vt 0.734091 0.877988
vt 0.736569 0.850405
vt 0.717109 0.882054
vt 0.705062 0.830986
vt 0.758226 0.823182
vt 0.728685 0.780218
vt 0.770707 0.818894
vt 0.753700 0.785294
vt 0.787505 0.853515
vt 0.828229 0.843928
vt 0.830925 0.879001
vt 0.868905 0.880785
vt 0.792908 0.877216
vt 0.817109 0.903764
vt 0.758292 0.909977
vt 0.748621 0.901497
vt 0.729156 0.933121
vt 0.705186 0.807982
vt 0.810698 0.782148
vt 0.877405 0.828903
vt 0.874960 0.828650
vt 0.872835 0.828382
vt 0.736932 0.717212
vt 0.741545 0.717309
vt 0.739761 0.719815
vt 0.868636 0.799794
vt 0.860055 0.791540
vt 0.869896 0.797832
vt 0.744521 0.719758
vt 0.749443 0.719542
vt 0.747646 0.722042
vt 0.852625 0.758926
vt 0.842383 0.753927
vt 0.843695 0.752020
vt 0.754172 0.726002
vt 0.755588 0.730098
vt 0.752368 0.728489
vt 0.878627 0.805771
vt 0.879884 0.803802
vt 0.892608 0.785243
vt 0.902654 0.793245
vt 0.891395 0.787212
vt 0.872090 0.772644
vt 0.860866 0.767780
vt 0.862141 0.765850
vt 0.749094 0.726625
vt 0.745852 0.724538
vt 0.752699 0.721637
vt 0.750893 0.724133
vt 0.833929 0.746975
vt 0.835256 0.745098
vt 0.815138 0.759540
vt 0.824348 0.764677
vt 0.823017 0.766610
vt 0.831224 0.773441
vt 0.841202 0.778233
vt 0.839910 0.780187
vt 0.825471 0.739400
vt 0.826823 0.737556
vt 0.814760 0.729036
vt 0.816110 0.727226
vt 0.799780 0.743951
vt 0.808819 0.750134
vt 0.807422 0.752036
vt 0.757398 0.727632
vt 0.758771 0.731498
vt 0.799949 0.714427
vt 0.801261 0.712592
vt 0.782287 0.697885
vt 0.783438 0.696014
vt 0.792285 0.735375
vt 0.801225 0.742081
vt 0.763910 0.730298
vt 0.765305 0.733765
vt 0.761984 0.732712
vt 0.888794 0.811481
vt 0.890049 0.809500
vt 0.899489 0.817096
vt 0.900738 0.815091
vt 0.919687 0.798824
vt 0.941576 0.811330
vt 0.918543 0.800781
vt 0.746312 0.717253
vt 0.911049 0.822699
vt 0.912277 0.820650
vt 0.923282 0.827991
vt 0.924288 0.825912
vt 0.942741 0.809429
vt 0.968349 0.824433
vt 0.735387 0.711056
vt 0.740352 0.711987
vt 0.738643 0.714602
vt 0.861320 0.789588
vt 0.871156 0.795871
vt 0.846242 0.769581
vt 0.833994 0.769289
vt 0.837434 0.762758
vt 0.851332 0.760844
vt 0.841067 0.755837
vt 0.832442 0.749131
vt 0.820980 0.748528
vt 0.823968 0.741527
vt 0.881140 0.801833
vt 0.891302 0.807519
vt 0.870828 0.774588
vt 0.879784 0.783046
vt 0.869566 0.776533
vt 0.859587 0.769714
vt 0.881027 0.781089
vt 0.890178 0.789187
vt 0.850437 0.784951
vt 0.832533 0.771497
vt 0.842493 0.776283
vt 0.833840 0.769558
vt 0.824112 0.741248
vt 0.840912 0.756109
vt 0.829123 0.755863
vt 0.816497 0.757618
vt 0.825677 0.762748
vt 0.817855 0.755705
vt 0.798633 0.716262
vt 0.811841 0.739549
vt 0.813303 0.731153
vt 0.810212 0.748241
vt 0.793867 0.733657
vt 0.802662 0.740223
vt 0.781618 0.699886
vt 0.881315 0.801580
vt 0.875432 0.789514
vt 0.885617 0.795568
vt 0.901472 0.795238
vt 0.917404 0.802743
vt 0.901983 0.813087
vt 0.913491 0.818624
vt 0.896335 0.801436
vt 0.902224 0.812866
vt 0.891489 0.807271
vt 0.940426 0.813225
vt 0.966583 0.826400
vt 0.925275 0.823877
vt 0.882267 0.779136
vt 0.945722 0.829624
vt 0.945917 0.827622
vt 0.946116 0.825617
vt 0.879613 0.783307
vt 0.890003 0.789445
vt 0.850037 0.762765
vt 0.869399 0.776796
vt 0.731426 0.706246
vt 0.736592 0.707746
vt 0.742732 0.722259
vt 0.917162 0.802958
vt 0.927091 0.815666
vt 0.909658 0.807913
vt 0.778275 0.734638
vt 0.784376 0.734424
vt 0.778396 0.735300
vt 0.784286 0.735145
vt 0.778513 0.735964
vt 0.825829 0.762476
vt 0.849161 0.786903
vt 0.871326 0.795614
vt 0.865408 0.783120
vt 0.851713 0.783001
vt 0.727025 0.700828
vt 0.731384 0.701270
vt 0.728741 0.708016
vt 0.731400 0.711212
vt 0.925363 0.823599
vt 0.913840 0.818455
vt 0.940064 0.813368
vt 0.945732 0.825335
vt 0.767858 0.731537
vt 0.768773 0.734673
vt 0.759225 0.725156
vt 0.760595 0.729047
vt 0.832594 0.748858
vt 0.802693 0.739821
vt 0.800829 0.728135
vt 0.755987 0.723513
vt 0.762438 0.726588
vt 0.855620 0.776416
vt 0.859424 0.769981
vt 0.903835 0.791259
vt 0.721309 0.739146
vt 0.725901 0.739230
vt 0.724124 0.741723
vt 0.901285 0.795489
vt 0.772773 0.732912
vt 0.772104 0.735427
vt 0.776876 0.731282
vt 0.778146 0.734572
vt 0.798623 0.716649
vt 0.788630 0.716236
vt 0.781952 0.700599
vt 0.795652 0.731820
vt 0.966950 0.828632
vt 0.967377 0.830719
vt 0.734168 0.714363
vt 0.966533 0.826547
vt 0.810323 0.747925
vt 0.858786 0.793497
vt 0.849878 0.763034
vt 0.818000 0.755424
vt 0.784541 0.717762
vt 0.765857 0.727879
vt 0.813406 0.730843
vt 0.786377 0.716863
vt 0.795416 0.731984
vt 0.842650 0.776017
vt 0.851874 0.782738
vt 0.861486 0.789328
vt 0.743332 0.714798
vt 0.770435 0.729334
vt 0.911917 0.674709
vt 0.919998 0.683458
vt 0.910528 0.676582
vt 0.728858 0.741683
vt 0.733775 0.741509
vt 0.731953 0.743986
vt 0.926283 0.716223
vt 0.936262 0.721536
vt 0.934894 0.723378
vt 0.738397 0.748034
vt 0.739720 0.752153
vt 0.736551 0.750471
vt 0.902426 0.668015
vt 0.901014 0.669869
vt 0.887247 0.689318
vt 0.877220 0.681375
vt 0.888456 0.687361
vt 0.907429 0.702049
vt 0.918409 0.707175
vt 0.917085 0.709049
vt 0.733333 0.748562
vt 0.730141 0.746449
vt 0.737001 0.743650
vt 0.735161 0.746112
vt 0.944389 0.728745
vt 0.943001 0.730559
vt 0.963497 0.716906
vt 0.954499 0.711523
vt 0.955878 0.709652
vt 0.947990 0.702604
vt 0.938273 0.697486
vt 0.939629 0.695597
vt 0.952502 0.736586
vt 0.951089 0.738364
vt 0.962704 0.747308
vt 0.961301 0.749043
vt 0.978259 0.732927
vt 0.969465 0.726478
vt 0.970923 0.724630
vt 0.741584 0.749729
vt 0.742869 0.753626
vt 0.976669 0.762257
vt 0.975308 0.764002
vt 0.993637 0.779136
vt 0.992417 0.781271
vt 0.985354 0.741755
vt 0.976746 0.734753
vt 0.748051 0.752540
vt 0.749364 0.756059
vt 0.746058 0.754917
vt 0.892861 0.661450
vt 0.891425 0.663285
vt 0.882912 0.654790
vt 0.881440 0.656610
vt 0.859991 0.676118
vt 0.836917 0.664390
vt 0.861090 0.674097
vt 0.730662 0.739192
vt 0.872325 0.647758
vt 0.870817 0.649564
vt 0.861327 0.640413
vt 0.859798 0.642224
vt 0.835847 0.666425
vt 0.808106 0.653272
vt 0.719715 0.733018
vt 0.724699 0.733903
vt 0.722999 0.736534
vt 0.918627 0.685356
vt 0.909135 0.678459
vt 0.932970 0.705884
vt 0.945099 0.706619
vt 0.941469 0.712964
vt 0.927630 0.714366
vt 0.937633 0.719689
vt 0.945946 0.726659
vt 0.957304 0.727668
vt 0.954077 0.734535
vt 0.899598 0.671727
vt 0.889985 0.665125
vt 0.908721 0.700151
vt 0.899974 0.691593
vt 0.910018 0.698249
vt 0.919736 0.705296
vt 0.898714 0.693525
vt 0.889672 0.685396
vt 0.929346 0.690440
vt 0.946625 0.704482
vt 0.936920 0.699373
vt 0.945262 0.706358
vt 0.953923 0.734805
vt 0.937798 0.719425
vt 0.949473 0.720097
vt 0.962079 0.718775
vt 0.953121 0.713389
vt 0.960664 0.720636
vt 0.978022 0.760537
vt 0.966050 0.736924
vt 0.964225 0.745277
vt 0.968010 0.728317
vt 0.983757 0.743384
vt 0.975251 0.736554
vt 0.994693 0.776764
vt 0.898527 0.672995
vt 0.904397 0.685171
vt 0.894213 0.679032
vt 0.878383 0.679370
vt 0.862194 0.672069
vt 0.879964 0.658438
vt 0.869307 0.651378
vt 0.883427 0.673187
vt 0.877321 0.661852
vt 0.888221 0.667324
vt 0.837990 0.662350
vt 0.809238 0.651302
vt 0.858270 0.644037
vt 0.897461 0.695450
vt 0.711235 0.722909
vt 0.712130 0.729981
vt 0.710581 0.723034
vt 0.711395 0.729925
vt 0.709925 0.723158
vt 0.900148 0.691335
vt 0.889847 0.685138
vt 0.928979 0.712505
vt 0.910190 0.697991
vt 0.715705 0.728242
vt 0.720905 0.729688
vt 0.727064 0.744159
vt 0.862434 0.671842
vt 0.851934 0.659336
vt 0.869907 0.666847
vt 0.992555 0.759242
vt 0.997240 0.776739
vt 0.990715 0.760070
vt 0.994812 0.776675
vt 0.988883 0.760902
vt 0.952961 0.713655
vt 0.930696 0.688545
vt 0.908605 0.679070
vt 0.914329 0.691763
vt 0.927997 0.692335
vt 0.711339 0.723002
vt 0.715750 0.723330
vt 0.712939 0.730031
vt 0.715703 0.733226
vt 0.853532 0.651238
vt 0.865499 0.656430
vt 0.838356 0.662174
vt 0.831782 0.651288
vt 0.751997 0.753883
vt 0.752839 0.757089
vt 0.743461 0.747292
vt 0.744752 0.751214
vt 0.945784 0.726925
vt 0.975207 0.736953
vt 0.976514 0.748672
vt 0.740255 0.745584
vt 0.746651 0.748788
vt 0.923885 0.698761
vt 0.919906 0.705037
vt 0.876064 0.683369
vt 0.878568 0.679117
vt 0.756954 0.755396
vt 0.756243 0.757998
vt 0.761065 0.753735
vt 0.762327 0.757069
vt 0.978041 0.760156
vt 0.988496 0.760616
vt 0.994364 0.776085
vt 0.981958 0.745136
vt 0.709076 0.716171
vt 0.709779 0.715928
vt 0.718531 0.736339
vt 0.708453 0.716490
vt 0.967889 0.728628
vt 0.921367 0.681563
vt 0.929147 0.712244
vt 0.960510 0.720910
vt 0.750064 0.750144
vt 0.964111 0.745579
vt 0.982195 0.744980
vt 0.936754 0.699631
vt 0.927827 0.692591
vt 0.918451 0.685610
vt 0.727688 0.736721
vt 0.754645 0.751712
vt 0.709768 0.715829
vt 0.709778 0.715848
vt 0.709751 0.715831
vt 0.709806 0.715846
vt 0.709807 0.715867
vt 0.709763 0.715852
vt 0.709741 0.715834
vt 0.709788 0.715867
vt 0.709898 0.715907
vt 0.709900 0.715883
vt 0.709940 0.715901
vt 0.709844 0.715906
vt 0.709846 0.715887
vt 0.709851 0.715865
vt 0.709803 0.715881
vt 0.802965 0.663923
vt 0.803035 0.663985
vt 0.709769 0.715868
vt 0.709791 0.715892
vt 0.769396 0.756342
vt 0.769388 0.756312
vt 0.769425 0.756365
vt 0.769399 0.756359
vt 0.769366 0.756317
vt 0.769353 0.756272
vt 0.769373 0.756337
vt 0.991006 0.791684
vt 0.990988 0.791616
vt 0.991053 0.791715
vt 0.769345 0.756342
vt 0.769352 0.756325
vt 0.769380 0.756357
vt 0.769414 0.756378
vt 0.769319 0.756233
vt 0.769300 0.756242
vt 0.769288 0.756201
vt 0.769335 0.756282
vt 0.769320 0.756289
vt 0.709909 0.714358
vt 0.709939 0.714356
vt 0.800158 0.667833
vt 0.800191 0.667946
vt 0.800184 0.668006
vt 0.800193 0.668119
vt 0.800262 0.668154
vt 0.800321 0.668301
vt 0.800245 0.668072
vt 0.800245 0.667983
vt 0.800187 0.667838
vt 0.800325 0.668050
vt 0.800302 0.668135
vt 0.800448 0.668472
vt 0.800504 0.668446
vt 0.800372 0.668291
vt 0.800417 0.668253
vt 0.770709 0.755664
vt 0.770703 0.755708
vt 0.988375 0.795902
vt 0.988316 0.795850
vt 0.988484 0.795874
vt 0.770715 0.755682
vt 0.988401 0.795839
vt 0.988549 0.795851
vt 0.987946 0.795734
vt 0.987944 0.795796
vt 0.987769 0.795735
vt 0.988162 0.795743
vt 0.988144 0.795800
vt 0.988154 0.795850
vt 0.988320 0.795806
vt 0.988488 0.795810
vt 0.988390 0.795755
vt 0.988675 0.795823
vt 0.790947 0.874918
vt 0.790921 0.874871
vt 0.790910 0.874946
vt 0.790893 0.874885
vt 0.790845 0.874839
vt 0.790871 0.874904
vt 0.790845 0.874858
vt 0.790833 0.874951
vt 0.790878 0.874981
vt 0.790854 0.875019
vt 0.790809 0.874872
vt 0.790851 0.874924
vt 0.790809 0.874835
vt 0.790787 0.874804
vt 0.790780 0.874811
vt 0.703371 0.803982
vt 0.703301 0.803803
vt 0.703166 0.803648
vt 0.703137 0.803585
vt 0.703205 0.803806
vt 0.703268 0.804033
vt 0.703113 0.803554
vt 0.703187 0.803812
vt 0.884249 0.862912
vt 0.884089 0.863014
vt 0.884431 0.862869
vt 0.884284 0.862934
vt 0.884300 0.862957
vt 0.884130 0.863057
vt 0.884142 0.863115
vt 0.884335 0.862984
vt 0.884324 0.862970
vt 0.884464 0.862854
vt 0.884539 0.862824
vt 0.884402 0.862890
vt 0.769119 0.966441
vt 0.768997 0.966591
vt 0.768931 0.966785
vt 0.768891 0.966840
vt 0.769047 0.966674
vt 0.769215 0.966506
vt 0.769060 0.966687
vt 0.768919 0.966798
vt 0.877466 0.828836
vt 0.877664 0.828865
vt 0.877486 0.828779
vt 0.877685 0.828834
vt 0.877871 0.828827
vt 0.877931 0.828835
vt 0.877419 0.828643
vt 0.877708 0.828781
vt 0.877474 0.828719
vt 0.877711 0.828762
vt 0.877888 0.828831
vt 0.772079 0.868779
vt 0.772030 0.868802
vt 0.772008 0.868762
vt 0.772159 0.868798
vt 0.772093 0.868807
vt 0.772044 0.868847
vt 0.772135 0.868828
vt 0.772100 0.868835
vt 0.772169 0.868845
vt 0.772191 0.868816
vt 0.772229 0.868813
vt 0.772227 0.868803
vt 0.772050 0.868894
vt 0.772104 0.868895
vt 0.772105 0.868864
vt 0.736420 0.956748
vt 0.736413 0.956546
vt 0.736363 0.956948
vt 0.736388 0.956765
vt 0.736296 0.956544
vt 0.736314 0.956780
vt 0.736334 0.956780
vt 0.736353 0.957046
vt 0.786752 0.855745
vt 0.786756 0.855691
vt 0.786802 0.855692
vt 0.786696 0.855805
vt 0.786721 0.855743
vt 0.786693 0.855735
vt 0.786710 0.855681
vt 0.786647 0.855858
vt 0.786666 0.855781
vt 0.786664 0.855824
vt 0.786657 0.855861
vt 0.786667 0.855662
vt 0.786639 0.855708
vt 0.786666 0.855725
vt 0.786649 0.855790
vt 0.729142 0.780556
vt 0.729310 0.780642
vt 0.729012 0.780419
vt 0.729144 0.780514
vt 0.729156 0.780488
vt 0.729327 0.780585
vt 0.729370 0.780545
vt 0.729160 0.780444
vt 0.729154 0.780460
vt 0.728982 0.780397
vt 0.728917 0.780347
vt 0.729045 0.780432
vt 0.742308 0.993066
vt 0.742188 0.992962
vt 0.742296 0.993162
vt 0.742158 0.993087
vt 0.742097 0.992936
vt 0.742112 0.993172
vt 0.742052 0.993074
vt 0.741879 0.993606
vt 0.741997 0.993247
vt 0.742237 0.993302
vt 0.741768 0.993152
vt 0.741946 0.993119
vt 0.742032 0.993136
vt 0.742009 0.992900
vt 0.741850 0.992917
vt 0.741959 0.993022
vt 0.741803 0.993003
vt 0.913706 0.838463
vt 0.913581 0.838500
vt 0.913702 0.838304
vt 0.913612 0.838342
vt 0.913606 0.838592
vt 0.913803 0.838461
vt 0.913747 0.838561
vt 0.914298 0.838444
vt 0.913926 0.838524
vt 0.913853 0.838285
vt 0.913955 0.838771
vt 0.913839 0.838631
vt 0.913811 0.838548
vt 0.913622 0.838685
vt 0.913714 0.838817
vt 0.913750 0.838668
vt 0.913810 0.838815
vt 0.783212 0.866594
vt 0.783267 0.866545
vt 0.783160 0.866580
vt 0.783215 0.866543
vt 0.783259 0.866492
vt 0.783183 0.866508
vt 0.783213 0.866501
vt 0.783094 0.866489
vt 0.783110 0.866561
vt 0.783132 0.866450
vt 0.783137 0.866517
vt 0.783174 0.866536
vt 0.783244 0.866440
vt 0.783174 0.866417
vt 0.783198 0.866462
vt 0.783163 0.866485
vt 0.693553 0.767591
vt 0.693705 0.767538
vt 0.693476 0.767531
vt 0.693609 0.767447
vt 0.693772 0.767470
vt 0.693558 0.767364
vt 0.693675 0.767361
vt 0.693300 0.766947
vt 0.693552 0.767225
vt 0.693385 0.767410
vt 0.693752 0.767079
vt 0.693690 0.767246
vt 0.693631 0.767313
vt 0.693846 0.767409
vt 0.693914 0.767264
vt 0.693767 0.767306
vt 0.693863 0.767183
vt 0.880779 0.864921
vt 0.880791 0.865002
vt 0.880726 0.864983
vt 0.880871 0.864988
vt 0.880845 0.864961
vt 0.880738 0.865041
vt 0.880666 0.865043
vt 0.880773 0.865042
vt 0.880817 0.865050
vt 0.880883 0.865024
vt 0.880795 0.865116
vt 0.880753 0.865071
vt 0.880817 0.865019
vt 0.880600 0.865102
vt 0.880621 0.865143
vt 0.881860 0.865620
vt 0.880689 0.865084
vt 0.880708 0.865127
vt 0.792529 0.876642
vt 0.792475 0.876624
vt 0.792539 0.876682
vt 0.792493 0.876661
vt 0.792443 0.876650
vt 0.792482 0.876693
vt 0.792468 0.876678
vt 0.792504 0.876759
vt 0.792545 0.876722
vt 0.791289 0.875384
vt 0.792464 0.876749
vt 0.792505 0.876719
vt 0.792476 0.876714
vt 0.792503 0.876689
vt 0.792414 0.876679
vt 0.792426 0.876734
vt 0.792449 0.876701
vt 0.771310 0.963534
vt 0.771262 0.963584
vt 0.771297 0.963467
vt 0.771354 0.963485
vt 0.771287 0.963612
vt 0.771351 0.963520
vt 0.771323 0.963562
vt 0.771469 0.963379
vt 0.771430 0.963354
vt 0.771819 0.964636
vt 0.771443 0.963463
vt 0.771402 0.963440
vt 0.771364 0.963413
vt 0.771405 0.963644
vt 0.771354 0.963565
vt 0.771423 0.963550
vt 0.771321 0.963628
vt 0.771382 0.963503
vt 0.769790 0.869292
vt 0.769736 0.869276
vt 0.769773 0.869253
vt 0.769801 0.869332
vt 0.769754 0.869312
vt 0.769704 0.869301
vt 0.769765 0.869340
vt 0.769729 0.869329
vt 0.769765 0.869411
vt 0.769807 0.869373
vt 0.769726 0.869401
vt 0.769767 0.869370
vt 0.769744 0.869345
vt 0.769676 0.869331
vt 0.769688 0.869385
vt 0.771467 0.868969
vt 0.769710 0.869352
vt 0.769737 0.869365
vt 0.705128 0.808042
vt 0.705108 0.807976
vt 0.705193 0.808064
vt 0.705149 0.808105
vt 0.705072 0.807983
vt 0.705120 0.808085
vt 0.705097 0.808040
vt 0.705185 0.808257
vt 0.705225 0.808235
vt 0.703891 0.807946
vt 0.705123 0.808192
vt 0.705164 0.808169
vt 0.705207 0.808148
vt 0.705079 0.808065
vt 0.705059 0.808132
vt 0.705040 0.808005
vt 0.705119 0.808120
vt 0.736318 0.951854
vt 0.736365 0.951807
vt 0.736320 0.951931
vt 0.736280 0.951876
vt 0.736306 0.951789
vt 0.736346 0.951723
vt 0.736281 0.951820
vt 0.736241 0.951853
vt 0.736238 0.951933
vt 0.736196 0.951801
vt 0.736258 0.951787
vt 0.736324 0.951644
vt 0.736257 0.951640
vt 0.735394 0.952356
vt 0.736286 0.951721
vt 0.736225 0.951717
vt 0.872792 0.828315
vt 0.872868 0.828324
vt 0.872740 0.828358
vt 0.872728 0.828297
vt 0.872817 0.828279
vt 0.872879 0.828285
vt 0.872762 0.828275
vt 0.872585 0.828233
vt 0.872582 0.828300
vt 0.873404 0.827471
vt 0.872664 0.828209
vt 0.872662 0.828270
vt 0.872658 0.828330
vt 0.872731 0.828249
vt 0.872858 0.828175
vt 0.872798 0.828239
vt 0.872751 0.828189
vt 0.787462 0.853509
vt 0.787504 0.853471
vt 0.787422 0.853499
vt 0.787463 0.853469
vt 0.787498 0.853431
vt 0.787434 0.853463
vt 0.787462 0.853438
vt 0.787372 0.853428
vt 0.787384 0.853484
vt 0.787401 0.853399
vt 0.787407 0.853450
vt 0.787440 0.853443
vt 0.787486 0.853391
vt 0.787433 0.853374
vt 0.786882 0.855096
vt 0.787451 0.853410
vt 0.787426 0.853427
vt 0.733157 0.782758
vt 0.733173 0.782824
vt 0.733104 0.782696
vt 0.733093 0.782732
vt 0.733217 0.782785
vt 0.733254 0.782846
vt 0.733200 0.782754
vt 0.733185 0.782712
vt 0.733129 0.782667
vt 0.733253 0.782698
vt 0.733235 0.782757
vt 0.733158 0.782727
vt 0.733338 0.782874
vt 0.733364 0.782835
vt 0.733171 0.781541
vt 0.733279 0.782806
vt 0.733306 0.782768
vt 0.784459 0.733698
vt 0.784448 0.733678
vt 0.784477 0.733698
vt 0.784418 0.733682
vt 0.784415 0.733661
vt 0.784465 0.733673
vt 0.784486 0.733694
vt 0.784436 0.733660
vt 0.784321 0.733626
vt 0.784320 0.733649
vt 0.784280 0.733633
vt 0.784373 0.733625
vt 0.784373 0.733644
vt 0.784370 0.733666
vt 0.784418 0.733645
vt 0.783497 0.695996
vt 0.783568 0.696049
vt 0.783370 0.695976
vt 0.783453 0.695961
vt 0.783605 0.696016
vt 0.783714 0.696109
vt 0.783547 0.695979
vt 0.725189 0.693440
vt 0.725213 0.693445
vt 0.725220 0.693475
vt 0.725184 0.693424
vt 0.725211 0.693427
vt 0.725241 0.693471
vt 0.725254 0.693515
vt 0.725235 0.693451
vt 0.969540 0.822433
vt 0.969528 0.822366
vt 0.969582 0.822464
vt 0.969449 0.822319
vt 0.969462 0.822270
vt 0.969580 0.822393
vt 0.969520 0.822310
vt 0.725289 0.693556
vt 0.725311 0.693546
vt 0.725321 0.693591
vt 0.725273 0.693504
vt 0.725288 0.693497
vt 0.725254 0.693463
vt 0.781502 0.699937
vt 0.781567 0.700023
vt 0.781568 0.700129
vt 0.781545 0.699862
vt 0.781573 0.699968
vt 0.781639 0.700165
vt 0.781702 0.700308
vt 0.781624 0.700085
vt 0.781623 0.700001
vt 0.781570 0.699865
vt 0.781700 0.700063
vt 0.781679 0.700145
vt 0.781831 0.700471
vt 0.781885 0.700444
vt 0.781752 0.700297
vt 0.781795 0.700258
vt 0.966427 0.826479
vt 0.966605 0.826519
vt 0.966330 0.826485
vt 0.966283 0.826435
vt 0.966488 0.826466
vt 0.966358 0.826436
vt 0.965953 0.826307
vt 0.965947 0.826364
vt 0.965787 0.826297
vt 0.966151 0.826330
vt 0.966131 0.826380
vt 0.966137 0.826425
vt 0.966290 0.826397
vt 0.966443 0.826419
vt 0.966359 0.826357
vt 0.966638 0.826495
vt 0.768521 0.756118
vt 0.768494 0.756107
vt 0.768538 0.756101
vt 0.768465 0.756131
vt 0.768453 0.756106
vt 0.768505 0.756092
vt 0.768542 0.756087
vt 0.768473 0.756095
vt 0.768359 0.756079
vt 0.768358 0.756101
vt 0.768318 0.756085
vt 0.768408 0.756077
vt 0.768409 0.756095
vt 0.768407 0.756116
vt 0.768451 0.756090
vt 0.768510 0.756071
vt 0.768488 0.756084
vt 0.768459 0.756075
vt 0.709802 0.715936
vt 0.709807 0.715964
vt 0.709776 0.715910
vt 0.709802 0.715919
vt 0.709829 0.715961
vt 0.709839 0.716005
vt 0.709823 0.715942
vt 0.709807 0.715903
vt 0.709818 0.715924
vt 0.709789 0.715898
vt 0.709850 0.715936
vt 0.709843 0.715953
vt 0.709871 0.716045
vt 0.709890 0.716037
vt 0.709900 0.716078
vt 0.709857 0.715996
vt 0.709873 0.715990
vt 0.994720 0.776604
vt 0.994698 0.776516
vt 0.994797 0.776779
vt 0.994726 0.776660
vt 0.994638 0.776490
vt 0.994587 0.776362
vt 0.994660 0.776556
vt 0.994671 0.776635
vt 0.994760 0.776781
vt 0.994591 0.776581
vt 0.994606 0.776508
vt 0.994474 0.776210
vt 0.994424 0.776233
vt 0.994543 0.776371
vt 0.994504 0.776405
vt 0.708439 0.716518
vt 0.708447 0.716475
vt 0.708446 0.716546
vt 0.708433 0.716563
vt 0.708434 0.716500
vt 0.708430 0.716539
vt 0.809869 0.651303
vt 0.809870 0.651237
vt 0.810053 0.651299
vt 0.809650 0.651300
vt 0.809666 0.651243
vt 0.708428 0.716619
vt 0.708442 0.716613
vt 0.708439 0.716681
vt 0.809492 0.651247
vt 0.809492 0.651204
vt 0.809340 0.651256
vt 0.809431 0.651299
vt 0.809175 0.651253
vt 0.809285 0.651225
vt 0.809414 0.651223
vt 0.745026 0.724103
vt 0.748227 0.726238
vt 0.745036 0.724089
vt 0.748237 0.726224
vt 0.745045 0.724075
vt 0.748247 0.726210
vt 0.866455 0.759182
vt 0.876258 0.766071
vt 0.741803 0.722162
vt 0.741813 0.722148
vt 0.741822 0.722134
vt 0.857129 0.752086
vt 0.744531 0.731252
vt 0.747685 0.733594
vt 0.744520 0.731267
vt 0.747674 0.733608
vt 0.744510 0.731282
vt 0.890007 0.744856
vt 0.750706 0.736076
vt 0.750695 0.736091
vt 0.747663 0.733623
vt 0.900237 0.751416
vt 0.754292 0.730969
vt 0.751323 0.728536
vt 0.754302 0.730955
vt 0.751333 0.728522
vt 0.754313 0.730942
vt 0.896665 0.778632
vt 0.751344 0.728508
vt 0.886357 0.772565
vt 0.741273 0.729074
vt 0.737998 0.727090
vt 0.741262 0.729089
vt 0.737987 0.727105
vt 0.741252 0.729104
vt 0.737978 0.727121
vt 0.880078 0.737888
vt 0.870630 0.730706
vt 0.734788 0.725322
vt 0.731607 0.723772
vt 0.734777 0.725337
vt 0.731596 0.723787
vt 0.853615 0.716091
vt 0.861821 0.723489
vt 0.853573 0.716130
vt 0.734768 0.725352
vt 0.738633 0.720442
vt 0.738643 0.720428
vt 0.738652 0.720413
vt 0.848430 0.744953
vt 0.735486 0.718930
vt 0.735496 0.718916
vt 0.735504 0.718901
vt 0.840264 0.737715
vt 0.732303 0.717600
vt 0.732313 0.717586
vt 0.732321 0.717571
vt 0.832466 0.730225
vt 0.729009 0.716428
vt 0.729023 0.716415
vt 0.729033 0.716400
vt 0.824860 0.722290
vt 0.728214 0.722351
vt 0.723663 0.720726
vt 0.728202 0.722366
vt 0.723648 0.720739
vt 0.834774 0.697171
vt 0.845262 0.708128
vt 0.834722 0.697198
vt 0.845307 0.708093
vt 0.722217 0.714513
vt 0.716075 0.715162
vt 0.722213 0.714495
vt 0.716035 0.715145
vt 0.722209 0.714478
vt 0.716007 0.715127
vt 0.722200 0.714459
vt 0.725569 0.715396
vt 0.725592 0.715386
vt 0.725608 0.715372
vt 0.809993 0.704748
vt 0.817344 0.713759
vt 0.717257 0.718539
vt 0.717232 0.718549
vt 0.803179 0.664053
vt 0.820176 0.681736
vt 0.820242 0.681725
vt 0.753749 0.738890
vt 0.753739 0.738905
vt 0.750683 0.736105
vt 0.910689 0.757515
vt 0.757631 0.743056
vt 0.757624 0.743074
vt 0.753727 0.738919
vt 0.922091 0.763426
vt 0.759955 0.736330
vt 0.757143 0.733538
vt 0.759961 0.736312
vt 0.757153 0.733524
vt 0.759971 0.736297
vt 0.918298 0.789762
vt 0.757164 0.733510
vt 0.907199 0.784310
vt 0.767444 0.749375
vt 0.767475 0.749405
vt 0.767501 0.749424
vt 0.765412 0.742506
vt 0.765429 0.742501
vt 0.765446 0.742497
vt 0.765466 0.742497
vt 0.763006 0.749231
vt 0.763007 0.749258
vt 0.757614 0.743090
vt 0.962520 0.780206
vt 0.938376 0.770602
vt 0.763003 0.749279
vt 0.990902 0.791574
vt 0.762774 0.739409
vt 0.762774 0.739383
vt 0.942651 0.800287
vt 0.762779 0.739364
vt 0.930254 0.795102
vt 0.878960 0.761968
vt 0.869214 0.755113
vt 0.879005 0.761899
vt 0.869258 0.755044
vt 0.879049 0.761830
vt 0.869302 0.754973
vt 0.859941 0.748051
vt 0.859985 0.747982
vt 0.860028 0.747911
vt 0.897663 0.755487
vt 0.887356 0.748875
vt 0.897618 0.755555
vt 0.887312 0.748944
vt 0.897573 0.755624
vt 0.887267 0.749013
vt 0.908203 0.761643
vt 0.908158 0.761711
vt 0.908112 0.761780
vt 0.889006 0.768422
vt 0.899264 0.774450
vt 0.889051 0.768353
vt 0.899309 0.774382
vt 0.889096 0.768285
vt 0.899356 0.774314
vt 0.867841 0.734633
vt 0.877355 0.741860
vt 0.867797 0.734703
vt 0.877310 0.741929
vt 0.867754 0.734773
vt 0.877267 0.741999
vt 0.850629 0.719967
vt 0.858961 0.727365
vt 0.850585 0.720037
vt 0.858917 0.727434
vt 0.850544 0.720110
vt 0.858875 0.727505
vt 0.851295 0.740955
vt 0.851339 0.740884
vt 0.851381 0.740813
vt 0.843188 0.733752
vt 0.843231 0.733681
vt 0.843273 0.733608
vt 0.835457 0.726299
vt 0.835499 0.726226
vt 0.835538 0.726151
vt 0.827930 0.718409
vt 0.827965 0.718328
vt 0.827993 0.718240
vt 0.831747 0.700889
vt 0.842273 0.711903
vt 0.831714 0.700967
vt 0.842232 0.711974
vt 0.831688 0.701053
vt 0.842193 0.712049
vt 0.806579 0.684634
vt 0.813411 0.701280
vt 0.806676 0.684696
vt 0.813473 0.701234
vt 0.806790 0.684802
vt 0.813539 0.701196
vt 0.715805 0.713721
vt 0.820511 0.709944
vt 0.820529 0.709844
vt 0.820532 0.709726
vt 0.817274 0.685425
vt 0.817261 0.685522
vt 0.817265 0.685636
vt 0.919717 0.767617
vt 0.919671 0.767685
vt 0.919620 0.767751
vt 0.936129 0.774803
vt 0.936071 0.774864
vt 0.936002 0.774921
vt 0.909749 0.780087
vt 0.920794 0.785493
vt 0.909797 0.780020
vt 0.920854 0.785431
vt 0.909847 0.779953
vt 0.920922 0.785373
vt 0.770700 0.755636
vt 0.967010 0.796101
vt 0.966919 0.796034
vt 0.966780 0.795965
vt 0.967041 0.796168
vt 0.945052 0.795959
vt 0.945075 0.795882
vt 0.945092 0.795804
vt 0.960308 0.784372
vt 0.960223 0.784421
vt 0.960113 0.784459
vt 0.932702 0.790807
vt 0.932787 0.790755
vt 0.932892 0.790713
vt 0.989924 0.793760
vt 0.988657 0.795801
vt 0.770099 0.756077
vt 0.769424 0.756375
vt 0.770098 0.756068
vt 0.801464 0.665799
vt 0.802853 0.663905
vt 0.709783 0.715109
vt 0.709870 0.714381
vt 0.836979 0.855111
vt 0.836975 0.855047
vt 0.836953 0.854987
vt 0.746341 0.825817
vt 0.746435 0.825733
vt 0.746382 0.825768
vt 0.814355 0.770561
vt 0.814316 0.770684
vt 0.814239 0.770930
vt 0.814278 0.770806
vt 0.766221 0.918726
vt 0.766278 0.918754
vt 0.766341 0.918764
vt 0.850539 0.941146
vt 0.850454 0.941051
vt 0.850280 0.940860
vt 0.850368 0.940956
vt 0.684612 0.887679
vt 0.684737 0.887653
vt 0.684990 0.887604
vt 0.684863 0.887628
vt 0.833161 0.866786
vt 0.833169 0.866739
vt 0.884499 0.862833
vt 0.833183 0.866691
vt 0.884625 0.862756
vt 0.768803 0.966951
vt 0.778273 0.916219
vt 0.778321 0.916210
vt 0.778369 0.916207
vt 0.884653 0.862760
vt 0.842247 0.932135
vt 0.842191 0.932073
vt 0.842137 0.932014
vt 0.768803 0.966980
vt 0.768876 0.966878
vt 0.742581 0.837338
vt 0.742603 0.837295
vt 0.742619 0.837249
vt 0.703084 0.803452
vt 0.758185 0.909870
vt 0.758223 0.909900
vt 0.736364 0.957013
vt 0.758257 0.909936
vt 0.736369 0.957162
vt 0.736351 0.957180
vt 0.696711 0.885318
vt 0.696793 0.885301
vt 0.696873 0.885285
vt 0.703060 0.803439
vt 0.878079 0.828854
vt 0.828910 0.846094
vt 0.828878 0.846056
vt 0.828852 0.846016
vt 0.758279 0.823173
vt 0.758327 0.823161
vt 0.758372 0.823144
vt 0.728816 0.780306
vt 0.728947 0.780377
vt 0.728804 0.780280
vt 0.810672 0.782232
vt 0.810646 0.782311
vt 0.810621 0.782389
vt 0.878101 0.828839
vt 0.877969 0.828827
vt 0.833407 0.868955
vt 0.833419 0.868908
vt 0.833426 0.868862
vt 0.833096 0.872076
vt 0.780342 0.916679
vt 0.780389 0.916678
vt 0.780437 0.916670
vt 0.783514 0.916671
vt 0.840457 0.930153
vt 0.840403 0.930094
vt 0.840350 0.930034
vt 0.837562 0.926921
vt 0.739541 0.841757
vt 0.741019 0.839049
vt 0.741037 0.839003
vt 0.741058 0.838962
vt 0.756057 0.908962
vt 0.756092 0.908996
vt 0.756128 0.909025
vt 0.753570 0.907017
vt 0.699751 0.884661
vt 0.699829 0.884644
vt 0.699907 0.884627
vt 0.703981 0.883770
vt 0.828212 0.843886
vt 0.828188 0.843847
vt 0.828157 0.843809
vt 0.826507 0.841088
vt 0.760144 0.821798
vt 0.760187 0.821781
vt 0.760234 0.821768
vt 0.763055 0.820526
vt 0.809714 0.785185
vt 0.809690 0.785260
vt 0.809664 0.785337
vt 0.808415 0.789376
vt 0.791731 0.875794
vt 0.791699 0.875823
vt 0.791667 0.875852
vt 0.770366 0.964905
vt 0.770327 0.964876
vt 0.770289 0.964848
vt 0.704347 0.806180
vt 0.704303 0.806199
vt 0.704260 0.806218
vt 0.704197 0.806246
vt 0.736451 0.954040
vt 0.736325 0.954042
vt 0.736279 0.951938
vt 0.736375 0.954041
vt 0.736274 0.954043
vt 0.787078 0.854555
vt 0.787037 0.854541
vt 0.787119 0.854568
vt 0.872878 0.828243
vt 0.874969 0.828576
vt 0.874979 0.828476
vt 0.874974 0.828526
vt 0.882288 0.864069
vt 0.882336 0.864150
vt 0.882312 0.864109
vt 0.770898 0.869139
vt 0.770889 0.869097
vt 0.770880 0.869054
vt 0.731434 0.781735
vt 0.731388 0.781817
vt 0.731411 0.781776
vt 0.731355 0.781877
vt 0.749082 0.726642
vt 0.745840 0.724555
vt 0.749072 0.726656
vt 0.745830 0.724569
vt 0.858723 0.793591
vt 0.849127 0.786954
vt 0.858752 0.793548
vt 0.752356 0.728506
vt 0.752346 0.728520
vt 0.849096 0.786996
vt 0.839875 0.780237
vt 0.749456 0.719525
vt 0.882358 0.778984
vt 0.872156 0.772544
vt 0.872188 0.772497
vt 0.882330 0.779033
vt 0.872125 0.772591
vt 0.746325 0.717236
vt 0.892690 0.785087
vt 0.892666 0.785138
vt 0.882301 0.779082
vt 0.739749 0.719832
vt 0.742720 0.722275
vt 0.739738 0.719846
vt 0.868576 0.799891
vt 0.878595 0.805824
vt 0.878570 0.805870
vt 0.742710 0.722290
vt 0.868603 0.799846
vt 0.752711 0.721620
vt 0.755999 0.723495
vt 0.852737 0.758789
vt 0.862211 0.765752
vt 0.852698 0.758831
vt 0.862177 0.765797
vt 0.852662 0.758874
vt 0.862247 0.765708
vt 0.759238 0.725139
vt 0.762451 0.726570
vt 0.835379 0.744971
vt 0.843771 0.751927
vt 0.835335 0.745009
vt 0.843733 0.751969
vt 0.835295 0.745048
vt 0.843813 0.751888
vt 0.755576 0.730115
vt 0.755566 0.730130
vt 0.755558 0.730145
vt 0.752338 0.728535
vt 0.831187 0.773491
vt 0.758759 0.731515
vt 0.758749 0.731529
vt 0.758742 0.731545
vt 0.822980 0.766660
vt 0.761971 0.732728
vt 0.761961 0.732743
vt 0.761954 0.732758
vt 0.815099 0.759588
vt 0.765287 0.733780
vt 0.765274 0.733793
vt 0.765264 0.733809
vt 0.807379 0.752081
vt 0.765870 0.727862
vt 0.770453 0.729319
vt 0.765881 0.727847
vt 0.770468 0.729305
vt 0.816203 0.727153
vt 0.826864 0.737508
vt 0.816153 0.727181
vt 0.762461 0.726555
vt 0.826906 0.737472
vt 0.772107 0.735447
vt 0.778193 0.734587
vt 0.772112 0.735464
vt 0.778234 0.734602
vt 0.772117 0.735482
vt 0.778262 0.734619
vt 0.772127 0.735500
vt 0.768744 0.734685
vt 0.768721 0.734697
vt 0.768706 0.734710
vt 0.792249 0.735430
vt 0.799730 0.743990
vt 0.776906 0.731271
vt 0.776930 0.731261
vt 0.801309 0.712551
vt 0.801373 0.712537
vt 0.743344 0.714781
vt 0.903902 0.791096
vt 0.903886 0.791151
vt 0.892640 0.785188
vt 0.740364 0.711969
vt 0.919718 0.798649
vt 0.919721 0.798711
vt 0.903865 0.791203
vt 0.734160 0.714384
vt 0.736921 0.717229
vt 0.734153 0.714402
vt 0.888741 0.811582
vt 0.899462 0.817152
vt 0.899450 0.817205
vt 0.736911 0.717244
vt 0.888762 0.811534
vt 0.726994 0.700789
vt 0.726964 0.700757
vt 0.726938 0.700737
vt 0.726915 0.700732
vt 0.728722 0.708023
vt 0.728705 0.708027
vt 0.728687 0.708028
vt 0.945689 0.829686
vt 0.736600 0.707724
vt 0.942711 0.809228
vt 0.942747 0.809304
vt 0.919712 0.798767
vt 0.942760 0.809369
vt 0.731383 0.701238
vt 0.969221 0.822089
vt 0.969333 0.822201
vt 0.731400 0.711242
vt 0.911041 0.822822
vt 0.923253 0.828048
vt 0.923215 0.828089
vt 0.731400 0.711268
vt 0.911030 0.822759
vt 0.861360 0.789527
vt 0.851752 0.782939
vt 0.861403 0.789459
vt 0.851794 0.782871
vt 0.861446 0.789391
vt 0.851836 0.782801
vt 0.842532 0.776222
vt 0.842574 0.776152
vt 0.842614 0.776082
vt 0.879744 0.783108
vt 0.869526 0.776595
vt 0.879700 0.783176
vt 0.869483 0.776664
vt 0.879655 0.783244
vt 0.869439 0.776732
vt 0.890138 0.789249
vt 0.890093 0.789316
vt 0.890047 0.789383
vt 0.871196 0.795810
vt 0.881180 0.801772
vt 0.871240 0.795743
vt 0.881225 0.801706
vt 0.871285 0.795676
vt 0.881272 0.801640
vt 0.849997 0.762827
vt 0.859547 0.769777
vt 0.849956 0.762897
vt 0.859505 0.769846
vt 0.849915 0.762968
vt 0.859463 0.769915
vt 0.832554 0.748920
vt 0.841027 0.755900
vt 0.832514 0.748990
vt 0.840986 0.755970
vt 0.832476 0.749063
vt 0.840947 0.756042
vt 0.833879 0.769496
vt 0.833920 0.769426
vt 0.833959 0.769355
vt 0.825716 0.762686
vt 0.825756 0.762616
vt 0.825795 0.762543
vt 0.817894 0.755642
vt 0.817933 0.755570
vt 0.817969 0.755495
vt 0.810250 0.748176
vt 0.810282 0.748096
vt 0.810306 0.748009
vt 0.813369 0.730906
vt 0.824072 0.741310
vt 0.813339 0.730984
vt 0.824033 0.741382
vt 0.813318 0.731070
vt 0.823999 0.741456
vt 0.788295 0.715958
vt 0.795467 0.731935
vt 0.788391 0.716015
vt 0.795527 0.731889
vt 0.788506 0.716114
vt 0.795590 0.731849
vt 0.784235 0.735173
vt 0.778506 0.735986
vt 0.802694 0.740152
vt 0.802709 0.740053
vt 0.802707 0.739938
vt 0.798604 0.716331
vt 0.798595 0.716425
vt 0.798603 0.716536
vt 0.901432 0.795300
vt 0.901384 0.795366
vt 0.901333 0.795430
vt 0.917360 0.802802
vt 0.917301 0.802859
vt 0.917232 0.802912
vt 0.891343 0.807458
vt 0.902028 0.813028
vt 0.891391 0.807393
vt 0.902088 0.812968
vt 0.891442 0.807329
vt 0.902156 0.812913
vt 0.946091 0.825552
vt 0.946009 0.825482
vt 0.945882 0.825409
vt 0.925303 0.823812
vt 0.925329 0.823740
vt 0.925350 0.823667
vt 0.940373 0.813276
vt 0.940287 0.813318
vt 0.940179 0.813348
vt 0.913543 0.818568
vt 0.913627 0.818520
vt 0.913730 0.818482
vt 0.968401 0.824466
vt 0.966625 0.826458
vt 0.723789 0.693886
vt 0.724497 0.693669
vt 0.723793 0.693903
vt 0.724497 0.693642
vt 0.725184 0.693414
vt 0.724497 0.693651
vt 0.782241 0.697857
vt 0.783393 0.695990
vt 0.782187 0.697847
vt 0.783344 0.695968
vt 0.784394 0.734420
vt 0.784304 0.735146
vt 0.733321 0.748579
vt 0.730129 0.746465
vt 0.921466 0.681430
vt 0.930765 0.688455
vt 0.921434 0.681471
vt 0.930733 0.688496
vt 0.921403 0.681513
vt 0.736539 0.750488
vt 0.930800 0.688416
vt 0.939700 0.695509
vt 0.939666 0.695548
vt 0.733788 0.741492
vt 0.730674 0.739175
vt 0.733798 0.741477
vt 0.730685 0.739160
vt 0.733809 0.741463
vt 0.907393 0.702101
vt 0.727700 0.736704
vt 0.727711 0.736689
vt 0.730696 0.739146
vt 0.897426 0.695504
vt 0.724112 0.741740
vt 0.912012 0.674573
vt 0.902491 0.667922
vt 0.902518 0.667877
vt 0.911983 0.674617
vt 0.902462 0.667966
vt 0.727052 0.744175
vt 0.911953 0.674659
vt 0.737014 0.743633
vt 0.740268 0.745567
vt 0.737025 0.743618
vt 0.740278 0.745553
vt 0.737035 0.743603
vt 0.740288 0.745537
vt 0.917048 0.709100
vt 0.926245 0.716273
vt 0.743474 0.747275
vt 0.746664 0.748771
vt 0.743484 0.747260
vt 0.746675 0.748756
vt 0.743494 0.747244
vt 0.746683 0.748740
vt 0.934854 0.723427
vt 0.942960 0.730608
vt 0.739708 0.752170
vt 0.939737 0.695472
vt 0.948064 0.702518
vt 0.948028 0.702555
vt 0.742857 0.753642
vt 0.948104 0.702483
vt 0.955955 0.709568
vt 0.955917 0.709604
vt 0.746044 0.754933
vt 0.955997 0.709537
vt 0.963578 0.716825
vt 0.963537 0.716859
vt 0.749346 0.756074
vt 0.749332 0.756087
vt 0.746034 0.754947
vt 0.970967 0.724586
vt 0.750078 0.750127
vt 0.754664 0.751697
vt 0.750089 0.750112
vt 0.754678 0.751683
vt 0.750098 0.750096
vt 0.754689 0.751668
vt 0.754695 0.751649
vt 0.750104 0.750076
vt 0.756246 0.758018
vt 0.762375 0.757083
vt 0.756250 0.758036
vt 0.762415 0.757097
vt 0.756258 0.758053
vt 0.992602 0.759191
vt 0.985397 0.741708
vt 0.762443 0.757114
vt 0.999536 0.776525
vt 0.752809 0.757100
vt 0.752786 0.757111
vt 0.971016 0.724560
vt 0.978310 0.732890
vt 0.978374 0.732883
vt 0.761094 0.753724
vt 0.761119 0.753713
vt 0.761135 0.753700
vt 0.761143 0.753682
vt 0.724711 0.733886
vt 0.724721 0.733870
vt 0.727723 0.736675
vt 0.887215 0.689373
vt 0.720912 0.729666
vt 0.720920 0.729647
vt 0.724733 0.733857
vt 0.876034 0.683426
vt 0.718523 0.736360
vt 0.892946 0.661307
vt 0.882964 0.654687
vt 0.882972 0.654631
vt 0.892924 0.661355
vt 0.882946 0.654738
vt 0.721298 0.739163
vt 0.892897 0.661400
vt 0.711310 0.722965
vt 0.711282 0.722934
vt 0.711257 0.722914
vt 0.712920 0.730038
vt 0.712903 0.730041
vt 0.712885 0.730042
vt 0.712865 0.730040
vt 0.715749 0.723298
vt 0.715749 0.723271
vt 0.720930 0.729632
vt 0.835832 0.666488
vt 0.859967 0.676177
vt 0.715754 0.723250
vt 0.807106 0.655405
vt 0.872332 0.647563
vt 0.861416 0.640334
vt 0.861463 0.640304
vt 0.872352 0.647638
vt 0.861372 0.640368
vt 0.715704 0.733257
vt 0.872353 0.647701
vt 0.918585 0.685415
vt 0.927956 0.692395
vt 0.918538 0.685481
vt 0.927911 0.692461
vt 0.918493 0.685548
vt 0.927867 0.692529
vt 0.936879 0.699432
vt 0.936835 0.699500
vt 0.936792 0.699568
vt 0.900015 0.691531
vt 0.910059 0.698188
vt 0.900060 0.691464
vt 0.910104 0.698121
vt 0.900106 0.691397
vt 0.910149 0.698054
vt 0.889712 0.685333
vt 0.889757 0.685267
vt 0.889804 0.685200
vt 0.909091 0.678518
vt 0.899553 0.671785
vt 0.909042 0.678582
vt 0.899502 0.671847
vt 0.708515 0.745386
vt 0.707383 0.748932
vt 0.708491 0.745377
vt 0.898570 0.672934
vt 0.707407 0.748941
vt 0.706078 0.752436
vt 0.908647 0.679008
vt 0.929021 0.712445
vt 0.919777 0.705235
vt 0.929065 0.712377
vt 0.919822 0.705168
vt 0.929108 0.712308
vt 0.919865 0.705100
vt 0.945827 0.726865
vt 0.937675 0.719629
vt 0.945869 0.726797
vt 0.937719 0.719561
vt 0.945910 0.726726
vt 0.937760 0.719491
vt 0.945221 0.706418
vt 0.945178 0.706486
vt 0.945136 0.706555
vt 0.953079 0.713449
vt 0.953037 0.713518
vt 0.952997 0.713589
vt 0.960622 0.720696
vt 0.960581 0.720767
vt 0.960543 0.720841
vt 0.967970 0.728381
vt 0.967936 0.728459
vt 0.967909 0.728545
vt 0.964150 0.745518
vt 0.953965 0.734746
vt 0.964183 0.745442
vt 0.954006 0.734676
vt 0.964207 0.745359
vt 0.954044 0.734604
vt 0.988815 0.760898
vt 0.982143 0.745027
vt 0.988723 0.760839
vt 0.982084 0.745072
vt 0.988614 0.760739
vt 0.982020 0.745109
vt 0.975216 0.736624
vt 0.975198 0.736722
vt 0.975196 0.736836
vt 0.978052 0.760469
vt 0.978063 0.760376
vt 0.978058 0.760267
vt 0.878422 0.679308
vt 0.878469 0.679242
vt 0.878520 0.679177
vt 0.862237 0.672008
vt 0.862296 0.671947
vt 0.862364 0.671891
vt 0.889938 0.665181
vt 0.879912 0.658491
vt 0.889884 0.665241
vt 0.879846 0.658544
vt 0.710186 0.738017
vt 0.709410 0.741771
vt 0.710163 0.738002
vt 0.877389 0.661804
vt 0.709434 0.741781
vt 0.888268 0.667265
vt 0.709907 0.723172
vt 0.709892 0.723205
vt 0.709881 0.723252
vt 0.708431 0.716740
vt 0.711372 0.729924
vt 0.711347 0.729923
vt 0.853543 0.651166
vt 0.831616 0.651219
vt 0.838041 0.662292
vt 0.838128 0.662243
vt 0.838238 0.662203
vt 0.869246 0.651425
vt 0.858226 0.644096
vt 0.710803 0.734012
vt 0.710781 0.733984
vt 0.711322 0.729923
vt 0.710825 0.734033
vt 0.865610 0.656402
vt 0.808056 0.653249
vt 0.809193 0.651272
vt 0.806953 0.655264
vt 0.709073 0.716143
vt 0.709778 0.715899
vt 0.709074 0.716152
vt 0.993689 0.779170
vt 0.992471 0.781295
vt 0.769542 0.756637
vt 0.997258 0.776795
vt 0.999516 0.776652
vt 0.999523 0.776707
vt 0.994808 0.776742
vt 0.728890 0.780342
vt 0.736362 0.957077
vt 0.884557 0.862802
vt 0.703109 0.803526
vt 0.768854 0.966893
vt 0.877997 0.828839
vt 0.806506 0.684630
vt 0.788224 0.715956
vt 0.806999 0.655295
vt 0.790829 0.874873
vt 0.703262 0.803799
vt 0.703161 0.803632
vt 0.769014 0.966627
vt 0.772148 0.868814
vt 0.772152 0.868835
vt 0.736364 0.956964
vt 0.786687 0.855787
vt 0.781521 0.699876
vt 0.768531 0.756078
vt 0.861862 0.723449
vt 0.768822 0.749087
vt 0.839843 0.780278
vt 0.963624 0.716796
vt 0.746690 0.748720
vt 0.985424 0.741656
vt 0.706102 0.752445
vt 0.709871 0.723306
vt 0.710210 0.738030
s 1
usemtl Holocron_Corners.001
f 1222/1/1 1/2/2 202/3/3
f 1173/4/4 20/5/5 106/6/6
f 89/7/2 227/8/7 3/9/2
f 216/10/8 114/11/9 1183/12/10
f 4/13/2 1187/14/11 206/15/12
f 201/16/13 106/6/6 16/17/14
f 212/18/15 102/19/16 14/20/17
f 226/21/18 109/22/19 1178/23/20
f 3/9/2 1162/24/21 222/25/22
f 1177/26/23 4/13/2 88/27/2
f 1183/12/10 22/28/24 231/29/25
f 1193/30/26 19/31/27 237/32/28
f 1188/33/29 26/34/30 207/35/31
f 231/29/25 108/36/32 1198/37/33
f 1198/37/33 23/38/34 241/39/35
f 1208/40/36 18/41/37 247/42/38
f 90/43/2 236/44/39 1187/14/11
f 241/39/35 115/45/40 1213/46/41
f 1213/46/41 1325/47/42 253/48/43
f 269/49/44 113/50/45 1208/40/36
f 91/51/2 246/52/46 1192/53/47
f 1223/54/48 16/17/14 104/55/49
f 274/56/50 104/55/49 17/57/51
f 280/58/52 110/59/53 13/60/54
f 1/2/2 1167/61/55 89/7/2
f 1238/62/56 17/57/51 112/63/57
f 285/64/58 112/63/57 21/65/59
f 1233/66/60 1322/67/61 110/59/53
f 6/68/2 1217/69/62 93/70/2
f 106/6/6 328/71/63 1252/72/64
f 10/73/65 1268/74/66 97/75/65
f 24/76/67 1262/77/68 114/11/9
f 337/78/69 98/79/65 1278/80/70
f 104/55/49 308/81/71 1302/82/72
f 15/83/73 1247/84/74 333/85/75
f 15/83/73 1257/86/76 109/22/19
f 103/87/77 317/88/78 1247/84/74
f 116/89/79 328/71/63 20/5/5
f 117/90/80 312/91/81 26/34/30
f 19/31/27 1267/92/82 117/90/80
f 22/28/24 1277/93/83 108/36/32
f 1263/94/84 8/95/65 337/78/69
f 105/96/85 342/97/86 19/31/27
f 18/41/37 1272/98/87 105/96/85
f 23/38/34 1292/99/88 115/45/40
f 1278/80/70 11/100/65 347/101/89
f 113/50/45 352/102/90 18/41/37
f 25/103/91 1287/104/92 113/50/45
f 115/45/40 358/105/93 1325/47/42
f 307/106/94 96/107/65 7/108/65
f 14/20/17 1297/109/95 317/88/78
f 102/19/16 384/110/96 1297/109/95
f 112/63/57 380/111/97 1317/112/98
f 100/113/65 379/114/99 1303/115/100
f 13/60/54 1312/116/101 384/110/96
f 110/59/53 396/117/102 1312/116/101
f 21/65/59 1317/112/98 389/118/103
f 1168/119/104 14/20/17 103/87/77
f 1228/120/105 21/121/59 107/122/106
f 107/122/106 389/123/103 1307/124/107
f 7/108/65 1248/125/108 318/126/109
f 227/8/7 88/27/2 3/9/2
f 1178/23/20 24/76/67 216/10/8
f 109/22/19 323/127/110 24/76/67
f 96/107/65 332/128/111 1248/125/108
f 94/129/2 279/130/112 6/68/2
f 202/3/3 89/7/2 1172/131/113
f 16/17/14 1252/72/64 308/81/71
f 385/132/114 101/133/65 12/134/65
f 237/32/28 117/90/80 1188/33/29
f 1203/135/115 1326/136/116 111/137/117
f 111/137/117 357/138/118 1282/139/119
f 97/75/65 343/140/120 8/95/65
f 207/35/31 116/89/79 1163/141/121
f 226/21/18 103/87/77 15/83/73
f 1253/142/122 9/143/65 96/107/65
f 26/34/30 1242/144/123 116/89/79
f 1227/145/124 1232/146/125 94/129/2
f 284/147/126 94/129/2 1237/148/127
f 101/133/65 390/149/128 1318/150/129
f 1313/151/130 1308/152/131 101/133/65
f 5/153/2 1207/154/132 246/52/46
f 1182/155/133 2/156/2 90/43/2
f 114/11/9 338/157/134 22/28/24
f 11/100/65 1288/158/135 99/159/136
f 217/160/137 90/43/2 4/13/2
f 232/161/138 91/51/2 2/156/2
f 95/162/65 332/128/111 9/143/65
f 10/73/65 1258/163/139 95/162/65
f 1218/164/140 13/60/54 102/19/16
f 7/108/65 1303/115/100 307/106/94
f 1355/165/141 1445/166/142 411/167/143
f 1298/168/144 12/134/65 100/113/65
f 92/169/145 270/170/146 1207/154/132
f 1212/171/147 1202/172/148 92/169/145
f 1293/173/149 1283/174/150 359/175/151
f 99/159/136 374/176/152 1283/174/150
f 1228/120/105 1323/177/153 289/178/154
f 275/179/155 93/70/2 1222/1/1
f 17/57/51 1302/82/72 380/111/97
f 107/122/106 394/180/156 1323/177/153
f 247/42/38 105/96/85 1193/30/26
f 1237/148/127 6/68/2 275/179/155
f 12/134/65 1318/150/129 379/114/99
f 98/79/65 353/181/157 11/100/65
f 2/156/2 1192/53/47 236/44/39
f 1163/141/121 20/5/5 221/182/158
f 322/183/159 97/75/65 1263/94/84
f 8/95/65 1273/184/160 98/79/65
f 1203/185/115 25/103/91 269/49/44
f 1197/186/161 5/153/2 91/51/2
f 108/36/32 348/187/162 23/38/34
f 111/188/117 375/189/163 25/103/91
f 1172/131/113 3/9/2 222/25/22
f 88/27/2 206/15/12 1162/24/21
f 313/190/164 95/162/65 1243/191/165
f 1243/191/165 9/143/65 327/192/166
f 93/70/2 211/193/167 1/2/2
f 242/194/168 92/169/145 5/153/2
f 347/101/89 99/159/136 1293/173/149
f 318/126/109 100/113/65 7/108/65
f 457/195/169 130/196/170 34/197/171
f 503/198/172 136/199/173 1391/200/174
f 136/199/173 725/201/175 1435/202/176
f 709/203/177 131/204/178 1431/205/179
f 481/206/180 127/207/181 1380/208/182
f 435/209/183 137/210/184 1355/165/141
f 138/211/185 671/212/186 1421/213/187
f 1431/205/179 1441/214/188 690/215/189
f 447/216/190 124/217/191 29/218/192
f 426/219/193 135/220/194 1454/221/195
f 1406/222/196 1411/223/197 620/224/198
f 1475/225/199 1416/226/200 135/220/194
f 27/227/201 1348/228/202 124/217/191
f 31/229/203 1352/230/204 566/231/205
f 32/232/206 1352/230/204 127/207/181
f 1366/233/207 1471/234/208 437/235/209
f 1361/236/210 1446/237/211 120/238/212
f 33/239/213 1334/240/214 129/241/215
f 34/197/171 1339/242/216 200/243/217
f 413/244/218 122/245/219 1356/246/220
f 446/247/221 134/248/222 1366/233/207
f 514/249/223 121/250/224 1351/251/225
f 30/252/226 1333/253/227 548/254/228
f 457/195/169 128/255/229 1385/256/230
f 447/216/190 123/257/231 1360/258/232
f 27/227/201 1328/259/233 532/260/234
f 34/197/171 1329/261/235 128/255/229
f 1375/262/236 1474/263/237 467/264/238
f 427/265/239 119/266/240 1381/267/241
f 35/268/242 1339/242/216 130/196/170
f 35/268/242 1334/240/214 568/269/243
f 482/270/244 119/266/240 1459/271/245
f 480/272/246 138/211/185 1375/262/236
f 28/273/247 1343/274/248 547/275/249
f 29/218/192 1343/274/248 123/257/231
f 428/276/250 125/277/251 1371/278/252
f 490/279/253 128/255/229 33/239/213
f 29/218/192 1348/228/202 513/280/254
f 1470/281/255 1401/282/256 137/210/184
f 1391/200/174 1461/283/257 491/284/258
f 1396/285/259 1466/286/260 139/287/261
f 1338/288/262 1347/289/263 531/290/264
f 28/273/247 1328/259/233 122/245/219
f 505/291/265 139/287/261 1479/292/266
f 1386/293/267 1462/294/268 118/295/269
f 30/252/226 1342/296/270 126/297/271
f 31/229/203 1333/253/227 125/277/251
f 1370/298/272 1475/225/199 135/220/194
f 32/232/206 1342/296/270 515/299/273
f 1351/251/225 1338/288/262 567/300/274
f 33/239/213 1329/261/235 549/301/275
f 1461/283/257 1435/202/176 708/302/276
f 139/287/261 726/303/277 1479/292/266
f 1466/286/260 1440/304/278 139/287/261
f 120/238/212 603/305/279 1405/306/280
f 134/248/222 585/307/281 1471/234/208
f 1450/308/282 1410/309/283 134/248/222
f 119/266/240 656/310/284 1425/311/285
f 1474/263/237 1421/213/187 637/312/286
f 1459/271/245 1425/311/285 672/313/287
f 436/314/288 124/217/191 1365/315/289
f 445/316/290 120/238/212 1451/317/291
f 1451/317/291 1405/306/280 619/318/292
f 137/210/184 601/319/293 1445/166/142
f 428/276/250 127/207/181 31/229/203
f 466/320/294 125/277/251 30/252/226
f 638/321/295 133/322/296 1415/323/297
f 1415/323/297 1426/324/298 655/325/299
f 490/279/253 129/241/215 1390/326/300
f 504/327/301 129/241/215 35/268/242
f 1441/214/188 1436/328/302 727/329/303
f 118/295/269 707/330/304 1430/331/305
f 413/244/218 123/257/231 28/273/247
f 436/314/288 122/245/219 27/227/201
f 1411/223/197 1400/332/306 586/333/307
f 602/334/308 132/335/309 1406/222/196
f 466/320/294 126/297/271 1376/336/310
f 481/206/180 126/297/271 32/232/206
f 1426/324/298 1420/337/311 673/338/312
f 135/220/194 654/339/313 1454/221/195
f 504/327/301 130/196/170 1395/340/314
f 455/341/315 118/295/269 1467/342/316
f 118/295/269 689/343/317 1467/342/316
f 1543/344/318 36/345/319 743/346/320
f 1494/347/321 55/348/322 158/349/323
f 141/350/319 768/351/324 38/352/319
f 757/353/325 166/354/326 1504/355/327
f 39/356/319 1508/357/328 747/358/329
f 742/359/330 158/349/323 51/360/331
f 753/361/332 154/362/333 49/363/334
f 767/364/335 161/365/336 1499/366/337
f 38/352/319 1483/367/338 763/368/339
f 1498/369/340 39/356/319 140/370/319
f 1504/355/327 57/371/341 772/372/342
f 1514/373/343 54/374/344 778/375/345
f 1509/376/346 61/377/347 748/378/348
f 772/372/342 160/379/349 1519/380/350
f 1519/380/350 58/381/351 782/382/352
f 1529/383/353 53/384/354 788/385/355
f 142/386/319 777/387/356 1508/357/328
f 782/382/352 167/388/357 1534/389/358
f 1534/389/358 1646/390/359 794/391/360
f 810/392/361 165/393/362 1529/383/353
f 143/394/319 787/395/363 1513/396/364
f 1544/397/365 51/360/331 156/398/366
f 815/399/367 156/398/366 52/400/368
f 821/401/369 162/402/370 48/403/371
f 36/345/319 1488/404/372 141/350/319
f 1559/405/373 52/400/368 164/406/374
f 826/407/375 164/406/374 56/408/376
f 1554/409/377 1643/410/378 162/402/370
f 41/411/319 1538/412/379 145/413/319
f 158/349/323 869/414/380 1573/415/381
f 45/416/382 1589/417/383 149/418/382
f 59/419/384 1583/420/385 166/354/326
f 878/421/386 150/422/382 1599/423/387
f 156/398/366 849/424/388 1623/425/389
f 50/426/390 1568/427/391 874/428/392
f 50/426/390 1578/429/393 161/365/336
f 155/430/394 858/431/395 1568/427/391
f 168/432/396 869/414/380 55/348/322
f 169/433/397 853/434/398 61/377/347
f 54/374/344 1588/435/399 169/433/397
f 57/371/341 1598/436/400 160/379/349
f 1584/437/401 43/438/382 878/421/386
f 157/439/402 883/440/403 54/374/344
f 53/384/354 1593/441/404 157/439/402
f 58/381/351 1613/442/405 167/388/357
f 1599/423/387 46/443/406 888/444/407
f 165/393/362 893/445/408 53/384/354
f 60/446/409 1608/447/410 165/393/362
f 167/388/357 899/448/411 1646/390/359
f 848/449/412 148/450/382 42/451/382
f 49/363/334 1618/452/413 858/431/395
f 154/362/333 925/453/414 1618/452/413
f 164/406/374 921/454/415 1638/455/416
f 152/456/382 920/457/417 1624/458/418
f 48/403/371 1633/459/419 925/453/414
f 162/402/370 937/460/420 1633/459/419
f 56/408/376 1638/455/416 930/461/421
f 1489/462/422 49/363/334 155/430/394
f 1549/463/423 56/408/376 159/464/424
f 159/464/424 930/461/421 1628/465/425
f 42/451/382 1569/466/426 859/467/427
f 768/351/324 140/370/319 38/352/319
f 1499/366/337 59/419/384 757/353/325
f 161/365/336 864/468/428 59/419/384
f 148/450/382 873/469/429 1569/466/426
f 146/470/319 820/471/430 41/411/319
f 743/346/320 141/350/319 1493/472/431
f 51/360/331 1573/415/381 849/424/388
f 926/473/432 153/474/382 47/475/382
f 778/375/345 169/433/397 1509/376/346
f 1524/476/433 1647/477/434 163/478/435
f 163/478/435 898/479/436 1603/480/437
f 149/418/382 884/481/438 43/438/382
f 748/378/348 168/432/396 1484/482/439
f 767/364/335 155/430/394 50/426/390
f 1574/483/440 44/484/382 148/450/382
f 61/377/347 1563/485/441 168/432/396
f 1548/486/442 1553/487/443 146/470/319
f 825/488/444 146/470/319 1558/489/445
f 153/474/382 931/490/446 1639/491/447
f 1634/492/448 1629/493/449 153/474/382
f 40/494/450 1528/495/451 787/395/363
f 1503/496/452 37/497/319 142/386/319
f 166/354/326 879/498/453 57/371/341
f 46/443/406 1609/499/454 151/500/455
f 758/501/456 142/386/319 39/356/319
f 773/502/457 143/394/319 37/497/319
f 147/503/382 873/469/429 44/484/382
f 45/416/382 1579/504/458 147/503/382
f 1539/505/459 48/403/371 154/362/333
f 42/451/382 1624/458/418 848/449/412
f 1709/506/460 62/507/461 953/508/462
f 1619/509/463 47/475/382 152/456/382
f 144/510/464 811/511/465 1528/495/451
f 1533/512/466 1523/513/467 144/510/464
f 1614/514/468 1604/515/469 900/516/470
f 151/500/455 915/517/471 1604/515/469
f 1549/463/423 1644/518/472 830/519/473
f 816/520/474 145/413/319 1543/344/318
f 52/400/368 1623/425/389 921/454/415
f 159/464/424 935/521/475 1644/518/472
f 788/385/355 157/439/402 1514/373/343
f 1558/489/445 41/411/319 816/520/474
f 47/475/382 1639/491/447 920/457/417
f 150/422/382 894/522/476 46/443/406
f 37/497/319 1513/396/364 777/387/356
f 1484/482/439 55/348/322 762/523/477
f 863/524/478 149/418/382 1584/437/401
f 43/438/382 1594/525/479 150/422/382
f 1524/526/433 60/446/409 810/392/361
f 1518/527/480 40/494/450 143/394/319
f 160/379/349 889/528/481 58/381/351
f 163/529/435 916/530/482 60/446/409
f 1493/472/431 38/352/319 763/368/339
f 140/370/319 747/358/329 1483/367/338
f 854/531/483 147/503/382 1564/532/484
f 1564/532/484 44/484/382 868/533/485
f 145/413/319 752/534/486 36/345/319
f 783/535/487 144/510/464 40/494/450
f 888/444/407 151/500/455 1614/514/468
f 859/467/427 152/456/382 42/451/382
f 1660/536/488 81/537/489 188/538/490
f 171/539/461 978/540/491 64/541/461
f 967/542/492 196/543/493 1670/544/494
f 65/545/461 1674/546/495 957/547/496
f 952/548/497 188/538/490 77/549/498
f 963/550/499 184/551/500 75/552/501
f 977/553/502 191/554/503 1665/555/504
f 64/541/461 1649/556/505 973/557/506
f 1664/558/507 65/545/461 170/559/461
f 1670/544/494 83/560/508 982/561/509
f 1680/562/510 80/563/511 988/564/512
f 1675/565/513 87/566/514 958/567/515
f 982/561/509 190/568/516 1685/569/517
f 1685/569/517 84/570/518 992/571/519
f 1695/572/520 79/573/521 998/574/522
f 172/575/461 987/576/523 1674/546/495
f 992/571/519 197/577/524 1700/578/525
f 1700/578/525 1812/579/526 1004/580/527
f 1020/581/528 195/582/529 1695/572/520
f 173/583/461 997/584/530 1679/585/531
f 1710/586/532 77/549/498 186/587/533
f 1025/588/534 186/587/533 78/589/535
f 1031/590/536 192/591/537 74/592/538
f 62/507/461 1654/593/539 171/539/461
f 1725/594/540 78/589/535 194/595/541
f 1036/596/542 194/595/541 82/597/543
f 1720/598/544 1809/599/545 192/591/537
f 67/600/461 1704/601/546 175/602/461
f 188/538/490 1079/603/547 1739/604/548
f 71/605/549 1755/606/550 179/607/549
f 85/608/551 1749/609/552 196/543/493
f 1088/610/553 180/611/549 1765/612/554
f 186/587/533 1059/613/555 1789/614/556
f 76/615/557 1734/616/558 1084/617/559
f 76/615/557 1744/618/560 191/554/503
f 185/619/561 1068/620/562 1734/616/558
f 198/621/563 1079/603/547 81/537/489
f 199/622/564 1063/623/565 87/566/514
f 80/563/511 1754/624/566 199/622/564
f 83/560/508 1764/625/567 190/568/516
f 1750/626/568 69/627/549 1088/610/553
f 187/628/569 1093/629/570 80/563/511
f 79/573/521 1759/630/571 187/628/569
f 84/570/518 1779/631/572 197/577/524
f 1765/612/554 72/632/549 1098/633/573
f 195/582/529 1103/634/574 79/573/521
f 86/635/575 1774/636/576 195/582/529
f 197/577/524 1109/637/577 1812/579/526
f 1058/638/578 178/639/549 68/640/549
f 75/552/501 1784/641/579 1068/620/562
f 184/551/500 1135/642/580 1784/641/579
f 194/595/541 1131/643/581 1804/644/582
f 182/645/549 1130/646/583 1790/647/584
f 74/592/538 1799/648/585 1135/642/580
f 192/591/537 1147/649/586 1799/648/585
f 82/597/543 1804/644/582 1140/650/587
f 1655/651/588 75/552/501 185/619/561
f 1715/652/589 82/653/543 189/654/590
f 189/654/590 1140/655/587 1794/656/591
f 68/640/549 1735/657/592 1069/658/593
f 978/540/491 170/559/461 64/541/461
f 1665/555/504 85/608/551 967/542/492
f 191/554/503 1074/659/594 85/608/551
f 178/639/549 1083/660/595 1735/657/592
f 176/661/461 1030/662/596 67/600/461
f 953/508/462 171/539/461 1659/663/597
f 77/549/498 1739/604/548 1059/613/555
f 1136/664/598 183/665/549 73/666/549
f 988/564/512 199/622/564 1675/565/513
f 1690/667/599 1813/668/600 193/669/601
f 193/669/601 1108/670/602 1769/671/603
f 179/607/549 1094/672/604 69/627/549
f 958/567/515 198/621/563 1650/673/605
f 977/553/502 185/619/561 76/615/557
f 1740/674/606 70/675/549 178/639/549
f 87/566/514 1729/676/607 198/621/563
f 1714/677/608 1719/678/609 176/661/461
f 1035/679/610 176/661/461 1724/680/611
f 183/665/549 1141/681/612 1805/682/613
f 1800/683/614 1795/684/615 183/665/549
f 66/685/461 1694/686/616 997/584/530
f 1669/687/617 63/688/461 172/575/461
f 196/543/493 1089/689/618 83/560/508
f 72/632/549 1775/690/619 181/691/620
f 968/692/621 172/575/461 65/545/461
f 983/693/622 173/583/461 63/688/461
f 177/694/549 1083/660/595 70/675/549
f 71/605/549 1745/695/623 177/694/549
f 1705/696/624 74/592/538 184/551/500
f 68/640/549 1790/647/584 1058/638/578
f 1785/697/625 73/666/549 182/645/549
f 174/698/626 1021/699/627 1694/686/616
f 1699/700/628 1689/701/629 174/698/626
f 1780/702/630 1770/703/631 1110/704/632
f 181/691/620 1125/705/633 1770/703/631
f 1715/652/589 1810/706/634 1040/707/635
f 1026/708/636 175/602/461 1709/506/460
f 78/589/535 1789/614/556 1131/643/581
f 189/654/590 1145/709/637 1810/706/634
f 998/574/522 187/628/569 1680/562/510
f 1724/680/611 67/600/461 1026/708/636
f 73/666/549 1805/682/613 1130/646/583
f 180/611/549 1104/710/638 72/632/549
f 63/688/461 1679/585/531 987/576/523
f 1650/673/605 81/537/489 972/711/639
f 1073/712/640 179/607/549 1750/626/568
f 69/627/549 1760/713/641 180/611/549
f 1690/667/599 86/635/575 1020/581/528
f 1684/714/642 66/685/461 173/583/461
f 190/568/516 1099/715/643 84/570/518
f 193/669/601 1126/716/644 86/635/575
f 1659/663/597 64/541/461 973/557/506
f 170/559/461 957/547/496 1649/556/505
f 1064/717/645 177/694/549 1730/718/646
f 1730/718/646 70/675/549 1078/719/647
f 175/602/461 962/720/648 62/507/461
f 993/721/649 174/698/626 66/685/461
f 1098/633/573 181/691/620 1780/702/630
f 1069/658/593 182/645/549 68/640/549
f 251/722/650 257/723/651 256/724/652
f 254/725/653 258/726/654 257/723/651
f 256/724/652 268/727/655 265/728/656
f 257/723/651 259/729/657 268/727/655
f 260/730/658 262/731/659 252/732/660
f 261/733/661 263/734/662 260/730/658
f 263/734/662 255/735/663 262/731/659
f 264/736/664 258/726/654 263/734/662
f 253/48/43 267/737/665 266/738/666
f 265/728/667 268/727/668 267/739/665
f 266/740/666 264/736/669 261/733/670
f 267/739/665 259/729/671 264/736/669
f 289/178/154 294/741/672 293/742/673
f 292/743/674 295/744/675 294/741/672
f 293/742/673 306/745/676 303/746/677
f 294/741/672 296/747/678 306/745/676
f 290/748/679 300/749/680 299/750/681
f 297/751/682 301/752/683 300/753/680
f 299/754/681 300/753/680 295/744/684
f 300/753/680 296/747/685 295/744/684
f 302/755/686 304/756/687 291/757/688
f 303/746/677 305/758/689 302/755/686
f 305/758/689 298/759/690 304/756/687
f 306/745/676 301/752/691 305/758/689
f 357/138/118 361/760/692 360/761/693
f 366/762/694 362/763/695 361/764/692
f 360/765/693 373/766/696 370/767/697
f 361/764/692 363/768/698 373/766/696
f 358/105/93 367/769/699 366/770/700
f 364/771/701 368/772/702 367/769/699
f 366/770/700 367/769/699 362/763/703
f 367/769/699 363/768/704 362/763/703
f 369/773/705 371/774/706 359/175/151
f 370/767/697 372/775/707 369/773/705
f 372/775/707 365/776/708 371/774/706
f 373/766/709 368/772/702 372/775/707
f 394/180/156 399/777/710 407/778/711
f 397/779/712 400/780/713 399/781/710
f 407/778/711 399/777/710 410/782/714
f 399/781/710 401/783/715 410/784/716
f 402/785/717 404/786/718 395/787/719
f 403/788/720 405/789/721 402/785/717
f 405/789/721 398/790/722 404/786/718
f 406/791/723 400/780/724 405/789/721
f 396/117/102 409/792/725 408/793/726
f 407/794/727 410/784/728 409/792/725
f 408/793/726 406/791/723 403/788/720
f 409/792/725 401/783/729 406/791/723
f 414/795/730 416/796/731 411/167/143
f 415/797/732 417/798/733 414/795/730
f 417/798/733 424/799/734 416/796/731
f 417/798/733 422/800/735 418/801/736
f 419/802/737 421/803/738 412/804/739
f 420/805/740 422/806/735 419/802/737
f 421/803/738 422/800/735 415/797/732
f 424/799/734 425/807/741 423/808/742
f 425/807/741 420/805/740 423/809/742
f 429/810/743 430/811/744 426/219/745
f 430/811/744 431/812/746 1816/813/747
f 427/265/748 432/814/748 429/815/749
f 433/816/750 431/812/751 432/817/752
f 438/818/753 439/819/754 435/209/755
f 438/818/756 440/820/757 444/821/758
f 439/819/759 444/822/760 443/823/761
f 437/235/209 443/824/762 444/825/763
f 444/826/758 1817/827/764 442/828/765
f 444/822/758 440/829/757 1817/827/764
f 448/830/766 449/831/767 445/316/768
f 449/831/767 450/832/769 452/833/770
f 446/247/771 451/834/772 448/835/773
f 451/836/774 452/837/775 450/832/774
f 458/838/776 459/839/777 455/341/315
f 458/838/778 461/840/778 462/841/779
f 459/839/777 460/842/780 1818/843/781
f 456/844/782 462/845/783 461/846/784
f 462/847/785 1818/848/786 460/842/787
f 468/849/788 470/850/789 465/851/790
f 469/852/791 471/853/792 468/849/788
f 471/853/792 477/854/793 470/850/789
f 471/853/792 472/855/794 479/856/795
f 474/857/796 475/858/797 473/859/798
f 475/858/797 469/852/791 473/860/798
f 476/861/799 478/862/800 467/264/238
f 476/861/799 477/854/793 479/863/795
f 479/863/795 474/857/796 478/862/800
f 483/864/801 487/865/802 480/272/803
f 483/864/801 484/866/804 488/867/805
f 482/270/806 487/868/807 488/869/806
f 488/870/805 484/866/804 1815/871/808
f 492/872/809 494/873/810 489/874/811
f 493/875/812 495/876/813 492/872/814
f 494/873/810 495/877/813 500/878/815
f 496/879/816 498/880/816 497/881/816
f 497/881/817 493/875/812 496/882/818
f 499/883/819 501/884/820 491/284/258
f 500/878/815 502/885/821 499/883/819
f 501/884/820 502/885/821 498/886/822
f 502/885/821 495/877/813 498/880/822
f 506/887/823 507/888/824 503/198/172
f 506/887/823 508/889/825 512/890/826
f 507/888/827 512/891/828 511/892/827
f 505/291/265 511/893/829 512/894/830
f 512/895/831 1819/896/832 510/897/833
f 512/891/831 508/898/834 1819/896/832
f 516/899/835 518/900/836 513/280/254
f 517/901/837 519/902/838 516/899/835
f 519/902/838 528/903/839 518/900/836
f 519/902/838 520/904/840 521/905/841
f 514/906/223 525/907/842 524/908/843
f 522/909/844 526/910/845 525/907/842
f 524/908/843 520/904/846 517/901/847
f 525/907/842 521/911/848 520/904/846
f 527/912/849 529/913/850 515/299/273
f 528/903/839 530/914/851 527/912/849
f 530/914/851 523/915/852 529/913/850
f 530/914/851 521/911/841 526/910/853
f 200/243/217 535/916/854 534/917/855
f 1820/918/856 535/916/854 533/919/857
f 535/916/854 544/920/858 534/917/855
f 535/916/854 536/921/859 537/922/860
f 531/923/264 541/924/861 540/925/862
f 538/926/863 542/927/864 541/924/861
f 540/925/862 536/921/865 1820/918/866
f 541/924/861 537/928/867 536/921/865
f 543/929/868 545/930/869 532/260/234
f 544/920/858 546/931/870 543/929/868
f 546/931/870 539/932/871 545/930/869
f 546/931/870 537/928/860 542/927/872
f 550/933/873 552/934/874 547/275/249
f 551/935/875 553/936/876 550/933/873
f 553/936/876 562/937/877 552/934/874
f 553/936/876 555/938/878 565/939/879
f 556/940/880 558/941/881 548/254/228
f 557/942/882 559/943/883 556/940/880
f 559/943/883 551/935/875 558/941/881
f 559/943/883 555/938/878 554/944/884
f 561/945/885 563/946/886 549/301/275
f 562/937/877 564/947/887 561/945/885
f 564/947/887 557/942/882 563/946/886
f 564/947/887 555/938/878 560/948/888
f 569/949/889 571/950/890 566/231/205
f 570/951/891 572/952/892 569/949/889
f 572/952/892 581/953/893 571/950/890
f 572/952/892 573/954/894 574/955/895
f 567/956/274 578/957/896 577/958/897
f 575/959/898 579/960/899 578/957/896
f 577/958/897 573/954/900 570/951/901
f 578/957/896 574/961/902 573/954/900
f 580/962/903 582/963/904 568/269/243
f 581/953/893 583/964/905 580/962/903
f 583/964/905 576/965/906 582/963/904
f 583/964/905 574/961/895 579/960/907
f 584/966/908 590/967/909 589/968/910
f 588/969/911 590/967/912 587/970/913
f 589/968/910 596/971/914 598/972/915
f 590/967/912 591/973/916 596/971/914
f 585/307/281 595/974/917 594/975/918
f 592/976/919 596/977/920 595/974/917
f 594/975/921 595/978/921 588/969/921
f 595/974/917 596/977/920 591/973/922
f 597/979/923 599/980/924 586/981/307
f 598/972/915 600/982/925 597/979/923
f 600/982/926 593/983/927 599/980/924
f 604/984/928 606/985/929 601/319/293
f 605/986/930 607/987/931 604/984/928
f 607/987/931 615/988/932 606/985/929
f 607/987/931 608/989/933 618/990/934
f 609/991/935 611/992/936 602/993/308
f 610/994/937 612/995/938 609/991/935
f 612/995/938 605/986/930 611/992/936
f 612/995/938 613/996/939 608/997/933
f 614/998/940 616/999/941 603/305/279
f 615/988/932 617/1000/942 614/998/940
f 617/1000/942 610/994/937 616/999/941
f 618/990/934 613/996/939 617/1000/942
f 619/318/292 625/1001/943 624/1002/944
f 622/1003/945 631/1004/946 625/1001/947
f 625/1001/947 633/1005/948 624/1002/949
f 625/1001/947 626/1006/950 635/1007/951
f 627/1008/952 629/1009/953 620/1010/198
f 628/1011/954 630/1012/955 627/1008/952
f 630/1012/956 623/1013/957 629/1009/953
f 621/1014/958 635/1015/959 634/1016/960
f 632/1017/961 633/1005/962 635/1015/963
f 634/1016/960 631/1018/964 628/1011/954
f 635/1007/959 626/1006/965 631/1018/964
f 639/1019/966 641/1020/967 636/1021/968
f 640/1022/969 642/1023/970 639/1019/966
f 642/1023/970 650/1024/971 641/1020/967
f 643/1025/972 653/1026/973 642/1023/970
f 644/1027/974 646/1028/975 637/312/286
f 645/1029/976 647/1030/977 644/1027/974
f 647/1030/977 640/1022/969 646/1028/975
f 647/1030/977 648/1031/978 643/1025/972
f 649/1032/979 651/1033/980 638/1034/295
f 650/1024/971 652/1035/981 649/1032/979
f 652/1035/981 645/1029/976 651/1033/980
f 652/1035/981 653/1026/973 648/1036/978
f 654/339/313 660/1037/982 659/1038/983
f 657/1039/984 666/1040/985 660/1037/986
f 660/1037/986 668/1041/987 659/1038/988
f 660/1037/986 661/1042/989 670/1043/990
f 662/1044/991 664/1045/992 655/1046/299
f 663/1047/993 665/1048/994 662/1044/991
f 665/1048/995 658/1049/996 664/1045/992
f 656/310/284 670/1050/997 669/1051/998
f 667/1052/999 668/1041/999 670/1050/1000
f 669/1051/998 666/1053/1001 663/1047/993
f 670/1043/997 661/1042/1002 666/1053/1001
f 671/212/186 676/1054/1003 675/1055/1004
f 674/1056/1005 677/1057/1006 676/1054/1003
f 675/1055/1004 688/1058/1007 685/1059/1008
f 676/1054/1003 678/1060/1009 688/1058/1007
f 672/313/287 682/1061/1010 681/1062/1011
f 679/1063/1012 683/1064/1013 682/1061/1010
f 681/1062/1011 682/1061/1010 677/1057/1014
f 682/1061/1010 678/1060/1009 677/1057/1014
f 684/1065/1015 686/1066/1016 673/1067/312
f 685/1059/1008 687/1068/1017 684/1065/1015
f 687/1068/1017 680/1069/1018 686/1066/1016
f 688/1058/1007 683/1064/1013 687/1068/1017
f 689/343/317 695/1070/1019 694/1071/1020
f 692/1072/1021 696/1073/1022 695/1070/1019
f 694/1071/1023 706/1074/1024 703/1075/1025
f 695/1070/1019 697/1076/1026 706/1074/1024
f 698/1077/1027 700/1078/1028 690/1079/189
f 699/1080/1029 701/1081/1030 698/1077/1027
f 701/1081/1030 693/1082/1031 700/1078/1028
f 702/1083/1032 696/1073/1022 701/1081/1030
f 691/1084/1033 705/1085/1034 704/1086/1035
f 703/1075/1036 706/1074/1037 705/1085/1034
f 704/1086/1035 702/1083/1032 699/1080/1029
f 705/1085/1034 697/1076/1026 702/1083/1032
f 710/1087/1038 712/1088/1039 707/330/304
f 711/1089/1040 713/1090/1041 710/1087/1038
f 713/1090/1041 721/1091/1042 712/1088/1039
f 714/1092/1043 724/1093/1044 713/1090/1041
f 715/1094/1045 717/1095/1046 708/302/276
f 716/1096/1047 718/1097/1048 715/1094/1045
f 718/1097/1048 711/1089/1040 717/1095/1046
f 718/1097/1048 719/1098/1049 714/1092/1043
f 720/1099/1050 722/1100/1051 709/1101/177
f 721/1091/1042 723/1102/1052 720/1099/1050
f 723/1102/1052 716/1096/1047 722/1100/1051
f 723/1102/1052 724/1093/1044 719/1103/1049
f 725/201/175 731/1104/1053 730/1105/1054
f 729/1106/1055 731/1104/1056 728/1107/1057
f 730/1105/1054 737/1108/1058 739/1109/1059
f 731/1104/1056 732/1110/1060 737/1108/1058
f 726/303/277 736/1111/1061 735/1112/1062
f 733/1113/1063 737/1114/1064 736/1111/1061
f 735/1112/1065 736/1115/1066 729/1106/1067
f 736/1111/1061 737/1114/1064 732/1110/1068
f 738/1116/1069 740/1117/1070 727/1118/303
f 739/1109/1059 741/1119/1071 738/1116/1069
f 741/1119/1072 734/1120/1073 740/1117/1070
f 792/1121/1074 798/1122/1075 797/1123/1076
f 795/1124/1077 799/1125/1078 798/1122/1075
f 797/1123/1076 809/1126/1079 806/1127/1080
f 798/1122/1075 800/1128/1081 809/1126/1079
f 801/1129/1082 803/1130/1083 793/1131/1084
f 802/1132/1085 804/1133/1086 801/1129/1082
f 804/1133/1086 796/1134/1087 803/1130/1083
f 805/1135/1088 799/1125/1078 804/1133/1086
f 794/391/360 808/1136/1089 807/1137/1090
f 806/1138/1091 809/1139/1092 808/1136/1089
f 807/1137/1090 805/1140/1093 802/1141/1094
f 808/1136/1089 800/1142/1095 805/1140/1093
f 830/1143/473 835/1144/1096 834/1145/1097
f 833/1146/1098 836/1147/1099 835/1144/1096
f 834/1145/1097 847/1148/1100 844/1149/1101
f 835/1144/1096 837/1150/1102 847/1148/1100
f 831/1151/1103 841/1152/1104 840/1153/1105
f 838/1154/1106 842/1155/1107 841/1152/1104
f 840/1153/1105 841/1152/1104 836/1156/1108
f 841/1152/1104 837/1157/1109 836/1156/1108
f 843/1158/1110 845/1159/1111 832/1160/1112
f 844/1149/1101 846/1161/1113 843/1158/1110
f 846/1161/1113 839/1162/1114 845/1159/1111
f 847/1148/1100 842/1163/1115 846/1161/1113
f 898/1164/436 903/1165/1116 902/1166/1117
f 901/1167/1118 904/1168/1119 903/1165/1116
f 902/1166/1117 914/1169/1120 911/1170/1121
f 903/1165/1116 905/1171/1122 914/1169/1120
f 899/448/411 908/1172/1123 901/1173/1124
f 906/1174/1125 909/1175/1126 908/1172/1123
f 901/1173/1124 908/1172/1123 904/1168/1127
f 908/1172/1123 905/1171/1128 904/1168/1129
f 910/1176/1130 912/1177/1131 900/516/470
f 911/1170/1121 913/1178/1132 910/1176/1130
f 913/1178/1132 907/1179/1133 912/1177/1131
f 914/1169/1134 909/1175/1126 913/1178/1132
f 935/521/475 941/1180/1135 940/1181/1136
f 938/1182/1137 942/1183/1138 941/1180/1135
f 940/1181/1136 941/1180/1135 951/1184/1139
f 941/1180/1135 943/1185/1140 951/1184/1139
f 944/1186/1141 946/1187/1142 936/1188/1143
f 945/1189/1144 947/1190/1145 944/1186/1141
f 947/1190/1145 939/1191/1146 946/1187/1142
f 948/1192/1147 942/1183/1148 947/1190/1145
f 937/460/420 950/1193/1149 949/1194/1150
f 940/1195/1151 951/1184/1152 950/1193/1149
f 949/1194/1150 948/1192/1147 945/1189/1144
f 950/1193/1149 943/1185/1153 948/1192/1147
f 1002/1196/1154 1008/1197/1155 1007/1198/1156
f 1005/1199/1157 1009/1200/1158 1008/1197/1155
f 1007/1198/1156 1019/1201/1159 1016/1202/1160
f 1008/1197/1155 1010/1203/1161 1019/1201/1159
f 1011/1204/1162 1013/1205/1163 1003/1206/1164
f 1012/1207/1165 1014/1208/1166 1011/1204/1162
f 1014/1208/1166 1006/1209/1167 1013/1205/1163
f 1015/1210/1168 1009/1200/1158 1014/1208/1166
f 1004/1211/527 1018/1212/1169 1017/1213/1170
f 1016/1202/1171 1019/1201/1172 1018/1212/1169
f 1017/1213/1170 1015/1210/1173 1012/1207/1174
f 1018/1212/1169 1010/1203/1175 1015/1210/1173
f 1040/707/635 1045/1214/1176 1044/1215/1177
f 1043/1216/1178 1046/1217/1179 1045/1214/1176
f 1044/1215/1177 1057/1218/1180 1054/1219/1181
f 1045/1214/1176 1047/1220/1182 1057/1218/1180
f 1041/1221/1183 1051/1222/1184 1050/1223/1185
f 1048/1224/1186 1052/1225/1187 1051/1222/1184
f 1050/1223/1185 1051/1222/1184 1046/1217/1188
f 1051/1222/1184 1047/1220/1189 1046/1217/1188
f 1053/1226/1190 1055/1227/1191 1042/1228/1192
f 1054/1219/1181 1056/1229/1193 1053/1226/1190
f 1056/1229/1193 1049/1230/1194 1055/1227/1191
f 1057/1218/1180 1052/1225/1195 1056/1229/1193
f 1108/670/602 1112/1231/1196 1111/1232/1197
f 1117/1233/1198 1113/1234/1199 1112/1231/1196
f 1111/1232/1197 1124/1235/1200 1121/1236/1201
f 1112/1231/1196 1114/1237/1202 1124/1235/1200
f 1109/637/577 1118/1238/1203 1117/1239/1204
f 1115/1240/1205 1119/1241/1206 1118/1238/1203
f 1117/1239/1204 1118/1238/1203 1113/1234/1207
f 1118/1238/1203 1114/1237/1208 1113/1234/1207
f 1120/1242/1209 1122/1243/1210 1110/704/632
f 1121/1236/1201 1123/1244/1211 1120/1242/1209
f 1123/1244/1211 1116/1245/1212 1122/1243/1210
f 1124/1235/1213 1119/1241/1206 1123/1244/1211
f 1145/709/637 1150/1246/1214 1158/1247/1215
f 1148/1248/1216 1151/1249/1217 1150/1246/1214
f 1158/1247/1215 1150/1246/1214 1161/1250/1218
f 1150/1246/1214 1152/1251/1219 1161/1250/1220
f 1153/1252/1221 1155/1253/1222 1146/1254/1223
f 1154/1255/1224 1156/1256/1225 1153/1252/1221
f 1156/1257/1225 1149/1258/1226 1155/1259/1222
f 1157/1260/1227 1151/1261/1228 1156/1256/1225
f 1147/649/586 1160/1262/1229 1159/1263/1230
f 1158/1264/1231 1161/1265/1232 1160/1262/1229
f 1159/1263/1230 1157/1260/1227 1154/1255/1224
f 1160/1262/1229 1152/1266/1233 1157/1260/1227
f 222/25/22 1164/1267/1234 225/1268/1235
f 225/1268/1235 1165/1269/1236 224/1270/1237
f 224/1270/1238 1166/1271/1239 223/1272/1240
f 1166/1273/1239 221/182/158 223/1274/1240
f 1162/24/21 208/1275/1241 1164/1267/1234
f 1164/1267/1234 209/1276/1242 1165/1269/1236
f 1165/1269/1243 210/1277/1244 1166/1271/1239
f 210/1278/1244 1163/141/121 1166/1273/1239
f 1167/61/55 230/1279/1245 227/8/7
f 1169/1280/1246 229/1281/1247 230/1279/1245
f 1170/1282/1248 228/1283/1249 229/1281/1250
f 228/1284/1249 1168/119/104 226/21/18
f 211/193/167 1169/1280/1246 1167/61/55
f 213/1285/1251 1170/1282/1252 1169/1280/1246
f 214/1286/1253 1171/1287/1254 1170/1282/1248
f 1171/1288/1254 212/18/15 1168/119/104
f 1172/131/113 205/1289/1255 202/3/3
f 1174/1290/1256 204/1291/1257 205/1289/1255
f 1175/1292/1258 203/1293/1259 204/1291/1260
f 203/1294/1259 1173/4/4 201/16/13
f 222/25/22 1174/1290/1256 1172/131/113
f 225/1268/1235 1175/1292/1261 1174/1290/1256
f 224/1270/1238 1176/1295/1262 1175/1292/1258
f 1176/1296/1262 221/182/158 1173/4/4
f 217/160/137 1179/1297/1263 220/1298/1264
f 220/1298/1264 1180/1299/1265 219/1300/1266
f 219/1300/1267 1181/1301/1268 218/1302/1269
f 1181/1303/1268 216/10/8 218/1304/1269
f 1177/26/23 230/1279/1245 1179/1297/1263
f 1179/1297/1263 229/1281/1247 1180/1299/1265
f 1180/1299/1270 228/1283/1249 1181/1301/1268
f 228/1284/1249 1178/23/20 1181/1303/1268
f 232/161/138 1184/1305/1271 235/1306/1272
f 235/1306/1272 1185/1307/1273 234/1308/1274
f 234/1309/1275 1186/1310/1276 233/1311/1277
f 1186/1310/1276 231/29/25 233/1311/1277
f 1182/155/133 220/1298/1264 1184/1305/1271
f 1184/1305/1271 219/1300/1266 1185/1307/1273
f 1185/1307/1278 218/1302/1269 1186/1312/1276
f 218/1304/1269 1183/12/10 1186/1310/1276
f 206/15/12 1189/1313/1279 208/1275/1241
f 208/1275/1241 1190/1314/1280 209/1276/1242
f 209/1276/1281 1191/1315/1282 210/1277/1244
f 1191/1316/1282 207/35/31 210/1278/1244
f 1187/14/11 238/1317/1283 1189/1313/1279
f 1189/1313/1279 239/1318/1284 1190/1314/1280
f 1190/1314/1285 240/1319/1286 1191/1315/1282
f 240/1320/1286 1188/33/29 1191/1316/1282
f 236/44/39 1194/1321/1287 238/1317/1283
f 238/1317/1283 1195/1322/1288 239/1318/1284
f 239/1318/1289 1196/1323/1290 240/1319/1286
f 1196/1324/1290 237/32/28 240/1320/1286
f 1192/53/47 248/1325/1291 1194/1321/1287
f 1194/1321/1287 249/1326/1292 1195/1322/1288
f 1195/1322/1293 250/1327/1294 1196/1323/1290
f 250/1328/1294 1193/30/26 1196/1324/1290
f 242/194/168 1199/1329/1295 245/1330/1296
f 245/1330/1296 1200/1331/1297 244/1332/1298
f 244/1333/1299 1201/1334/1300 243/1335/1301
f 1201/1334/1300 241/39/35 243/1335/1301
f 1197/186/161 235/1306/1272 1199/1329/1295
f 1199/1329/1295 234/1308/1274 1200/1331/1297
f 1200/1336/1302 233/1311/1277 1201/1334/1300
f 233/1311/1277 1198/37/33 1201/1334/1300
f 1202/172/148 273/1337/1303 270/170/146
f 1204/1338/1304 272/1339/1305 273/1337/1303
f 1205/1340/1306 271/1341/1307 272/1339/1305
f 1206/1342/1308 269/1343/44 271/1341/1307
f 252/732/660 1204/1338/1304 1202/172/148
f 262/731/659 1205/1340/1306 1204/1338/1304
f 255/735/663 1206/1342/1308 1205/1340/1306
f 254/725/653 1203/135/115 1206/1342/1308
f 246/52/46 1209/1344/1309 248/1325/1291
f 248/1325/1291 1210/1345/1310 249/1326/1292
f 249/1326/1311 1211/1346/1312 250/1327/1294
f 250/1328/1294 1208/40/36 247/42/38
f 1207/154/132 273/1337/1303 1209/1344/1309
f 1209/1344/1309 272/1339/1305 1210/1345/1310
f 1210/1345/1313 271/1341/1307 1211/1346/1312
f 271/1347/1307 1208/40/36 1211/1348/1312
f 252/732/660 1214/1349/1314 260/730/658
f 260/730/658 1215/1350/1315 261/733/661
f 261/1351/670 1216/1352/1316 266/738/666
f 266/738/666 1213/46/41 253/48/43
f 1212/171/147 245/1330/1296 1214/1349/1314
f 1214/1349/1314 244/1332/1298 1215/1350/1315
f 1215/1353/1317 243/1335/1301 1216/1352/1316
f 1216/1352/1316 241/39/35 1213/46/41
f 1217/69/62 213/1285/1251 211/193/167
f 1219/1354/1318 214/1286/1319 213/1285/1251
f 1220/1355/1320 215/1356/1321 214/1286/1253
f 215/1357/1321 1218/164/140 212/18/15
f 279/130/112 1219/1354/1318 1217/69/62
f 281/1358/1322 1220/1355/1323 1219/1354/1318
f 282/1359/1324 1221/1360/1325 1220/1355/1320
f 1221/1361/1325 280/58/52 1218/164/140
f 1222/1/1 278/1362/1326 275/179/155
f 1224/1363/1327 277/1364/1328 278/1362/1326
f 1225/1365/1329 276/1366/1330 277/1364/1331
f 276/1367/1330 1223/54/48 274/56/50
f 202/3/3 1224/1363/1327 1222/1/1
f 205/1289/1255 1225/1365/1332 1224/1363/1327
f 204/1291/1260 1226/1368/1333 1225/1365/1329
f 1226/1369/1333 201/16/13 1223/54/48
f 291/757/688 1229/1370/1334 302/755/686
f 302/755/686 1230/1371/1335 303/746/677
f 303/746/677 1231/1372/1336 293/742/673
f 293/742/673 1228/120/105 289/178/154
f 1227/145/124 286/1373/1337 1229/1370/1334
f 1229/1370/1334 287/1374/1338 1230/1371/1335
f 1230/1371/1335 288/1375/1339 1231/1372/1336
f 1231/1372/1336 285/1376/58 1228/120/105
f 1232/146/125 281/1358/1322 279/130/112
f 1234/1377/1340 282/1359/1341 281/1358/1322
f 1235/1378/1342 283/1379/1343 282/1359/1324
f 1236/1380/1344 280/58/52 283/1381/1343
f 291/757/688 1234/1377/1340 1232/146/125
f 304/756/687 1235/1378/1345 1234/1377/1340
f 298/759/1346 1236/1382/1344 1235/1378/1342
f 297/1383/682 1233/66/60 1236/1380/1344
f 1237/148/127 286/1373/1337 284/147/126
f 1239/1384/1347 287/1374/1338 286/1373/1337
f 1240/1385/1348 288/1375/1339 287/1374/1338
f 288/1386/1339 1238/62/56 285/64/58
f 275/179/155 1239/1384/1347 1237/148/127
f 278/1362/1326 1240/1385/1349 1239/1384/1347
f 277/1364/1331 1241/1387/1350 1240/1385/1348
f 276/1367/1330 1238/62/56 1241/1388/1350
f 1242/144/123 331/1389/1351 328/71/63
f 1244/1390/1352 330/1391/1353 331/1389/1351
f 1245/1392/1354 329/1393/1355 330/1391/1353
f 1246/1394/1356 327/192/166 329/1393/1355
f 312/91/81 1244/1390/1352 1242/144/123
f 314/1395/1357 1245/1392/1354 1244/1390/1352
f 315/1396/1358 1246/1394/1356 1245/1392/1354
f 316/1397/1359 1243/191/165 1246/1394/1356
f 333/85/75 1249/1398/1360 336/1399/1361
f 336/1399/1361 1250/1400/1362 335/1401/1363
f 335/1401/1363 1251/1402/1364 334/1403/1365
f 334/1403/1365 1248/125/108 332/128/111
f 1247/84/74 319/1404/1366 1249/1398/1360
f 1249/1398/1360 320/1405/1367 1250/1400/1362
f 1250/1400/1362 321/1406/1368 1251/1402/1364
f 1251/1402/1364 318/126/109 1248/125/108
f 308/81/71 1254/1407/1369 311/1408/1370
f 311/1408/1370 1255/1409/1371 310/1410/1372
f 310/1410/1372 1256/1411/1373 309/1412/1374
f 309/1412/1374 1253/142/122 307/106/94
f 1252/72/64 331/1389/1351 1254/1407/1369
f 1254/1407/1369 330/1391/1353 1255/1409/1371
f 1255/1409/1371 329/1393/1355 1256/1411/1373
f 1256/1411/1373 327/192/166 1253/142/122
f 1257/86/76 326/1413/1375 323/127/110
f 1259/1414/1376 325/1415/1377 326/1413/1375
f 1260/1416/1378 324/1417/1379 325/1415/1377
f 1261/1418/1380 322/183/159 324/1417/1379
f 333/85/75 1259/1414/1376 1257/86/76
f 336/1399/1361 1260/1416/1378 1259/1414/1376
f 335/1401/1363 1261/1418/1380 1260/1416/1378
f 334/1403/1365 1258/163/139 1261/1418/1380
f 1262/77/68 341/1419/1381 338/157/134
f 1264/1420/1382 340/1421/1383 341/1419/1381
f 1265/1422/1384 339/1423/1385 340/1421/1383
f 1266/1424/1386 337/78/69 339/1423/1385
f 323/127/110 1264/1420/1382 1262/77/68
f 326/1413/1375 1265/1422/1384 1264/1420/1382
f 325/1415/1377 1266/1424/1386 1265/1422/1384
f 324/1417/1379 1263/94/84 1266/1424/1386
f 1267/92/82 314/1395/1357 312/91/81
f 1269/1425/1387 315/1396/1358 314/1395/1357
f 1270/1426/1388 316/1397/1359 315/1396/1358
f 1271/1427/1389 313/190/164 316/1397/1359
f 342/97/86 1269/1425/1387 1267/92/82
f 344/1428/1390 1270/1426/1388 1269/1425/1387
f 345/1429/1391 1271/1427/1389 1270/1426/1388
f 346/1430/1392 1268/74/66 1271/1427/1389
f 1272/98/87 344/1428/1390 342/97/86
f 1274/1431/1393 345/1429/1391 344/1428/1390
f 1275/1432/1394 346/1430/1392 345/1429/1391
f 1276/1433/1395 343/140/120 346/1430/1392
f 352/102/90 1274/1431/1393 1272/98/87
f 354/1434/1396 1275/1432/1394 1274/1431/1393
f 355/1435/1397 1276/1433/1395 1275/1432/1394
f 356/1436/1398 1273/184/160 1276/1433/1395
f 1277/93/83 351/1437/1399 348/187/162
f 1279/1438/1400 350/1439/1401 351/1437/1399
f 1280/1440/1402 349/1441/1403 350/1439/1401
f 1281/1442/1404 347/101/89 349/1441/1403
f 338/157/134 1279/1438/1400 1277/93/83
f 341/1419/1381 1280/1440/1402 1279/1438/1400
f 340/1421/1383 1281/1442/1404 1280/1440/1402
f 339/1423/1385 1278/80/70 1281/1442/1404
f 375/189/163 1284/1443/1405 378/1444/1406
f 378/1444/1406 1285/1445/1407 377/1446/1408
f 377/1446/1408 1286/1447/1409 376/1448/1410
f 376/1448/1410 1283/174/150 374/176/152
f 1282/139/119 360/761/693 1284/1449/1405
f 1284/1443/1405 370/767/697 1285/1445/1407
f 1285/1445/1407 369/773/705 1286/1447/1409
f 1286/1447/1409 359/175/151 1283/174/150
f 1287/104/92 354/1434/1396 352/102/90
f 1289/1450/1411 355/1435/1397 354/1434/1396
f 1290/1451/1412 356/1436/1398 355/1435/1397
f 1291/1452/1413 353/181/157 356/1436/1398
f 375/189/163 1289/1450/1411 1287/104/92
f 378/1444/1406 1290/1451/1412 1289/1450/1411
f 377/1446/1408 1291/1452/1413 1290/1451/1412
f 376/1448/1410 1288/158/135 1291/1452/1413
f 1292/99/88 364/771/701 358/105/93
f 1294/1453/1414 365/776/708 364/771/701
f 1295/1454/1415 371/774/706 365/776/708
f 1296/1455/1416 359/175/151 371/774/706
f 348/187/162 1294/1453/1414 1292/99/88
f 351/1437/1399 1295/1454/1415 1294/1453/1414
f 350/1439/1401 1296/1455/1416 1295/1454/1415
f 349/1441/1403 1293/173/149 1296/1455/1416
f 317/88/78 1299/1456/1417 319/1404/1366
f 319/1404/1366 1300/1457/1418 320/1405/1367
f 320/1405/1367 1301/1458/1419 321/1406/1368
f 321/1406/1368 1298/168/144 318/126/109
f 1297/109/95 386/1459/1420 1299/1456/1417
f 1299/1456/1417 387/1460/1421 1300/1457/1418
f 1300/1457/1418 388/1461/1422 1301/1458/1419
f 1301/1458/1419 385/132/114 1298/168/144
f 380/111/97 1304/1462/1423 383/1463/1424
f 383/1463/1424 1305/1464/1425 382/1465/1426
f 382/1465/1426 1306/1466/1427 381/1467/1428
f 381/1467/1428 1303/115/100 379/114/99
f 1302/82/72 311/1408/1370 1304/1462/1423
f 1304/1462/1423 310/1410/1372 1305/1464/1425
f 1305/1464/1425 309/1412/1374 1306/1466/1427
f 1306/1466/1427 307/106/94 1303/115/100
f 1307/124/107 397/1468/712 394/180/156
f 1309/1469/1429 398/790/722 397/779/712
f 1310/1470/1430 404/786/718 398/790/722
f 1311/1471/1431 395/787/719 404/786/718
f 389/118/103 1309/1469/1429 1307/1472/107
f 391/1473/1432 1310/1470/1430 1309/1469/1429
f 392/1474/1433 1311/1471/1431 1310/1470/1430
f 393/1475/1434 1308/152/131 1311/1471/1431
f 384/110/96 1314/1476/1435 386/1459/1420
f 386/1459/1420 1315/1477/1436 387/1460/1421
f 387/1460/1421 1316/1478/1437 388/1461/1422
f 388/1461/1422 1313/151/130 385/132/114
f 1312/116/101 408/793/726 1314/1476/1435
f 1314/1476/1435 403/788/720 1315/1477/1436
f 1315/1477/1436 402/785/717 1316/1478/1437
f 1316/1478/1437 395/787/719 1313/151/130
f 389/118/103 1319/1479/1438 391/1473/1432
f 391/1473/1432 1320/1480/1439 392/1474/1433
f 392/1474/1433 1321/1481/1440 393/1475/1434
f 393/1475/1434 1318/150/129 390/149/128
f 1317/112/98 383/1463/1424 1319/1479/1438
f 1319/1479/1438 382/1465/1426 1320/1480/1439
f 1320/1480/1439 381/1467/1428 1321/1481/1440
f 1321/1481/1440 379/114/99 1318/150/129
f 396/117/102 1324/1482/1441 407/1483/727
f 407/778/1442 1323/177/153 394/180/1443
f 1322/67/61 299/750/1444 1324/1482/1441
f 1324/1484/1445 299/1485/1446 292/743/1447
f 1324/1486/1448 289/178/154 1323/177/153
f 253/48/43 1327/1487/1449 265/1488/1450
f 265/728/1451 1327/1489/1451 256/724/1452
f 1327/1489/1453 251/722/650 256/724/1454
f 1325/47/42 366/770/700 1327/1487/1449
f 366/1490/1455 1326/136/116 1327/1489/1453
f 532/260/234 1330/1491/1456 543/929/868
f 543/929/868 1331/1492/1457 544/920/858
f 1331/1492/1457 534/917/855 544/920/858
f 1332/1493/1458 200/243/217 534/917/855
f 1328/259/233 552/934/874 1330/1491/1456
f 1330/1491/1456 562/937/877 1331/1492/1457
f 562/937/877 1332/1493/1458 1331/1492/1457
f 561/945/885 1329/261/235 1332/1493/1458
f 1333/253/227 556/940/880 548/254/228
f 1335/1494/1459 557/942/882 556/940/880
f 557/942/882 1337/1495/1460 563/946/886
f 563/946/886 1334/240/214 549/301/275
f 566/231/205 1335/1494/1459 1333/253/227
f 571/950/890 1336/1496/1461 1335/1494/1459
f 1336/1496/1461 580/962/903 1337/1495/1460
f 1337/1495/1460 568/269/243 1334/240/214
f 1338/1497/262 575/959/898 567/956/274
f 1340/1498/1462 576/965/1463 575/959/898
f 576/965/906 1341/1499/1464 582/963/904
f 1341/1499/1464 568/269/243 582/963/904
f 1338/1497/262 540/925/862 1340/1498/1462
f 1340/1498/1462 1820/918/866 1341/1500/1465
f 1341/1500/1464 1820/918/856 533/919/857
f 1341/1499/1464 200/243/1466 1339/242/216
f 515/299/273 1344/1501/1467 527/912/849
f 527/912/849 1345/1502/1468 528/903/839
f 1345/1502/1468 518/900/836 528/903/839
f 1346/1503/1469 513/280/254 518/900/836
f 1342/296/270 558/941/881 1344/1501/1467
f 1344/1501/1467 551/935/875 1345/1502/1468
f 551/935/875 1346/1503/1469 1345/1502/1468
f 550/933/873 1343/274/248 1346/1503/1469
f 1347/1504/263 538/926/863 531/923/264
f 1349/1505/1470 539/932/1471 538/926/863
f 539/932/871 1350/1506/1472 545/930/869
f 1350/1506/1472 532/260/234 545/930/869
f 1347/1504/263 524/908/843 1349/1505/1470
f 1349/1505/1470 517/901/847 1350/1507/1473
f 1350/1507/1472 517/901/837 516/899/835
f 1350/1506/1472 513/280/254 1348/228/202
f 1351/1508/225 522/909/844 514/906/223
f 1353/1509/1474 523/915/1475 522/909/844
f 523/915/852 1354/1510/1476 529/913/850
f 1354/1510/1476 515/299/273 529/913/850
f 1351/1508/225 577/958/897 1353/1509/1474
f 1353/1509/1474 570/951/901 1354/1511/1477
f 1354/1511/1476 570/951/891 569/949/889
f 1354/1510/1476 566/231/205 1352/230/204
f 435/209/183 1357/1512/1478 438/818/1479
f 438/818/1479 1358/1513/1480 1817/1514/1481
f 1817/1514/1481 1359/1515/1482 441/1516/1483
f 441/1516/1483 1356/246/220 436/314/288
f 411/167/143 1357/1512/1478 1355/165/141
f 416/796/731 1358/1513/1480 1357/1512/1478
f 424/799/734 1359/1515/1482 1358/1513/1480
f 423/808/742 1356/246/220 1359/1515/1482
f 1360/258/232 453/1517/1484 447/216/190
f 1362/1518/1485 452/833/1486 453/1517/1484
f 1363/1519/1487 449/831/1488 452/833/1486
f 1364/1520/1489 445/316/290 449/831/1488
f 1360/258/232 423/809/742 1362/1518/1485
f 1362/1518/1485 420/805/740 1363/1519/1487
f 1363/1519/1487 419/802/737 1364/1520/1489
f 1364/1520/1489 412/804/739 1361/236/210
f 1365/315/289 441/1521/1483 436/314/288
f 1367/1522/1490 442/828/1491 441/1521/1483
f 1368/1523/1492 444/825/763 442/828/1491
f 1369/1524/1493 437/235/209 444/825/763
f 1365/315/289 453/1525/1484 1367/1522/1490
f 1367/1522/1490 452/1526/1494 1368/1523/1492
f 1368/1523/1492 451/836/1495 1369/1524/1493
f 1369/1524/1493 446/247/221 1366/233/207
f 465/851/790 1372/1527/1496 468/849/788
f 468/849/788 1373/1528/1497 469/852/791
f 469/852/791 1374/1529/1498 473/860/798
f 473/860/798 1371/278/252 466/320/294
f 426/219/193 1372/1527/1496 1370/298/272
f 430/811/1499 1373/1528/1497 1372/1527/1496
f 1816/813/1500 1374/1529/1498 1373/1528/1497
f 434/1530/1501 1371/278/252 1374/1529/1498
f 480/272/246 1377/1531/1502 483/864/1503
f 483/864/1503 1378/1532/1504 1815/1533/1505
f 1815/1533/1505 1379/1534/1506 485/1535/1507
f 485/1535/1507 1376/336/310 481/206/180
f 467/264/238 1377/1531/1502 1375/262/236
f 478/862/800 1378/1532/1504 1377/1531/1502
f 474/857/796 1379/1534/1506 1378/1532/1504
f 473/859/798 1376/336/310 1379/1534/1506
f 1380/208/182 485/1536/1507 481/206/180
f 1382/1537/1508 1815/871/1509 485/1536/1507
f 1383/1538/1510 488/869/1511 1815/871/1509
f 1384/1539/1512 482/270/244 488/869/1511
f 1380/208/182 434/1540/1501 1382/1537/1508
f 1382/1537/1508 433/816/1513 1383/1538/1510
f 1383/1538/1510 432/817/1514 1384/1539/1512
f 1384/1539/1512 427/265/239 1381/267/241
f 1385/256/230 463/1541/1515 457/195/169
f 1387/1542/1516 1818/843/1517 463/1541/1515
f 1388/1543/1518 459/839/777 1818/843/1517
f 1389/1544/1519 455/341/315 459/839/777
f 1385/256/230 496/882/818 1387/1542/1516
f 1387/1542/1516 493/875/812 1388/1543/1518
f 1388/1543/1518 492/872/809 1389/1544/1519
f 1389/1544/1519 489/874/811 1386/293/267
f 1390/326/300 496/879/818 490/279/253
f 1392/1545/1520 498/886/1521 496/879/818
f 1393/1546/1522 501/884/820 498/886/822
f 1394/1547/1523 491/284/258 501/884/820
f 1390/326/300 509/1548/1524 1392/1545/1520
f 1392/1545/1520 1819/1549/1525 1393/1546/1526
f 1393/1546/1522 506/887/823 1394/1547/1523
f 1394/1547/1523 503/198/172 1391/200/174
f 1395/340/314 509/1550/1524 504/327/301
f 1397/1551/1527 510/897/1528 509/1550/1524
f 1398/1552/1529 512/894/830 510/897/1528
f 1399/1553/1530 505/291/265 512/894/830
f 1395/340/314 463/1554/1515 1397/1551/1527
f 1397/1551/1527 464/1555/1531 1398/1552/1529
f 1398/1552/1529 462/847/783 1399/1553/1530
f 1399/1553/1530 456/844/782 1396/285/259
f 586/981/307 1402/1556/1532 597/979/923
f 597/979/923 1403/1557/1533 598/972/915
f 598/972/915 1404/1558/1534 589/968/910
f 589/968/910 1401/282/256 584/966/908
f 1400/1559/306 611/992/936 1402/1556/1532
f 1402/1556/1532 605/986/930 1403/1557/1533
f 1403/1557/1533 604/984/928 1404/1558/1534
f 1404/1558/1534 601/319/293 1401/282/256
f 1405/306/280 622/1003/945 619/318/292
f 1407/1560/1535 623/1013/957 622/1003/945
f 1408/1561/1536 629/1009/953 623/1013/957
f 1409/1562/1537 620/1010/198 629/1009/953
f 603/305/279 1407/1560/1535 1405/306/280
f 616/999/941 1408/1561/1536 1407/1560/1535
f 610/994/937 1409/1562/1537 1408/1561/1536
f 609/991/935 1406/1563/196 1409/1562/1537
f 1410/309/283 592/976/919 585/307/281
f 1412/1564/1538 593/983/927 592/976/919
f 1413/1565/1539 599/980/924 593/983/927
f 1414/1566/1540 586/981/307 599/980/924
f 1410/309/283 634/1016/960 1412/1564/1538
f 1412/1564/1538 628/1011/954 1413/1565/1539
f 1413/1565/1539 627/1008/952 1414/1566/1540
f 1414/1566/1540 620/1010/198 1411/1567/197
f 1415/1568/297 649/1032/979 638/1034/295
f 1417/1569/1541 650/1024/971 649/1032/979
f 1418/1570/1542 641/1020/967 650/1024/971
f 1419/1571/1543 636/1021/968 641/1020/967
f 655/1046/299 1417/1569/1541 1415/1568/297
f 664/1045/992 1418/1570/1542 1417/1569/1541
f 658/1049/996 1419/1571/1543 1418/1570/1542
f 657/1039/984 1416/226/200 1419/1571/1543
f 673/1067/312 1422/1572/1544 684/1065/1015
f 684/1065/1015 1423/1573/1545 685/1059/1008
f 685/1059/1008 1424/1574/1546 675/1055/1004
f 675/1055/1004 1421/213/187 671/212/186
f 1420/1575/311 651/1033/980 1422/1572/1544
f 1422/1572/1544 645/1029/976 1423/1573/1545
f 1423/1573/1545 644/1027/974 1424/1574/1546
f 1424/1574/1546 637/312/286 1421/213/187
f 1425/311/285 679/1063/1012 672/313/287
f 1427/1576/1547 680/1069/1018 679/1063/1012
f 1428/1577/1548 686/1066/1016 680/1069/1018
f 1429/1578/1549 673/1067/312 686/1066/1016
f 1425/311/285 669/1051/998 1427/1576/1547
f 1427/1576/1547 663/1047/993 1428/1577/1548
f 1428/1577/1548 662/1044/991 1429/1578/1549
f 1429/1578/1549 655/1046/299 1426/1579/298
f 1430/331/305 692/1072/1021 689/343/317
f 1432/1580/1550 693/1082/1031 692/1072/1021
f 1433/1581/1551 700/1078/1028 693/1082/1031
f 1434/1582/1552 690/1079/189 700/1078/1028
f 707/330/304 1432/1580/1550 1430/331/305
f 712/1088/1039 1433/1581/1551 1432/1580/1550
f 721/1091/1042 1434/1582/1552 1433/1581/1551
f 720/1099/1050 1431/1583/179 1434/1582/1552
f 708/302/276 1437/1584/1553 715/1094/1045
f 715/1094/1045 1438/1585/1554 716/1096/1047
f 716/1096/1047 1439/1586/1555 722/1100/1051
f 722/1100/1051 1436/1587/302 709/1101/177
f 1435/202/176 730/1105/1054 1437/1584/1553
f 1437/1584/1553 739/1109/1059 1438/1585/1554
f 1438/1585/1554 738/1116/1069 1439/1586/1555
f 1439/1586/1555 727/1118/303 1436/1587/302
f 1440/304/278 733/1113/1063 726/303/277
f 1442/1588/1556 734/1120/1073 733/1113/1063
f 1443/1589/1557 740/1117/1070 734/1120/1073
f 1444/1590/1558 727/1118/303 740/1117/1070
f 1440/304/278 704/1086/1035 1442/1588/1556
f 1442/1588/1556 699/1080/1029 1443/1589/1557
f 1443/1589/1557 698/1077/1027 1444/1590/1558
f 1444/1590/1558 690/1079/189 1441/1591/188
f 411/167/143 1447/1592/1559 414/795/730
f 1447/1592/1559 415/797/1560 414/795/730
f 1448/1593/1561 421/803/738 415/797/1560
f 1449/1594/1562 412/804/739 421/803/738
f 1445/166/142 606/985/929 1447/1592/1559
f 1447/1592/1559 615/988/932 1448/1593/1561
f 615/988/932 1449/1594/1562 1448/1593/1561
f 614/998/940 1446/237/211 1449/1594/1562
f 621/1014/958 1452/1595/1563 632/1017/1564
f 632/1017/1564 1452/1596/1563 633/1005/1565
f 633/1005/1566 1453/1597/1567 624/1002/1568
f 1453/1597/1569 619/318/292 624/1002/944
f 446/247/221 1452/1595/1563 1450/308/282
f 1452/1596/1570 448/830/1571 1453/1597/1567
f 1453/1597/1569 445/316/290 1451/317/291
f 426/219/193 1456/1598/1572 429/810/1573
f 429/810/1574 1456/1598/1575 1457/1599/1576
f 1457/1600/1577 427/265/239 429/815/1578
f 654/339/313 1456/1598/1572 1454/221/195
f 1456/1598/1575 668/1041/1579 1457/1599/1576
f 1457/1599/1577 668/1041/1580 667/1052/1581
f 1457/1600/1577 656/310/284 1455/1601/1582
f 1458/1602/1583 674/1056/1584 671/212/186
f 674/1056/1005 1460/1603/1585 681/1604/1586
f 681/1062/1011 1459/271/245 672/313/287
f 480/272/246 1460/1605/1587 1458/1602/1583
f 1460/1606/1588 482/270/244 1459/271/245
f 1461/283/257 499/883/819 491/284/258
f 499/883/819 1464/1607/1589 500/878/1590
f 1464/1607/1589 494/873/810 500/878/1590
f 494/873/810 1462/294/268 489/874/811
f 708/302/276 1463/1608/1591 1461/283/257
f 1463/1608/1591 711/1089/1040 1464/1607/1589
f 711/1089/1040 1465/1609/1592 1464/1607/1589
f 1465/1609/1592 707/330/304 1462/294/268
f 1466/286/260 703/1610/1036 691/1084/1033
f 703/1075/1025 1469/1611/1593 694/1071/1023
f 1469/1611/1594 689/343/317 694/1071/1020
f 456/844/782 1468/1612/1595 1466/286/260
f 1468/1613/1596 458/838/1597 1469/1611/1593
f 458/838/1598 1467/342/316 1469/1611/1594
f 584/966/908 1472/1614/1599 587/970/1600
f 1472/1614/1601 588/969/1602 587/970/1603
f 588/969/1604 1473/1615/1605 594/975/918
f 1473/1615/1605 585/307/281 594/975/918
f 1470/281/255 439/819/1606 1472/1614/1599
f 1472/1614/1601 443/823/1607 1473/1616/1608
f 1473/1615/1605 437/235/209 1471/234/208
f 467/264/238 1476/1617/1609 476/861/799
f 1476/1617/1609 477/854/1610 476/861/799
f 1477/1618/1611 470/850/789 477/854/1610
f 470/850/789 1475/225/199 465/851/790
f 637/312/286 1476/1617/1609 1474/263/237
f 646/1028/975 1477/1618/1611 1476/1617/1609
f 640/1022/969 1478/1619/1612 1477/1618/1611
f 1478/1619/1612 636/1021/968 1475/225/199
f 505/291/265 1481/1620/1613 511/893/829
f 511/892/1614 1482/1621/1615 507/888/1614
f 1482/1621/1616 503/198/172 507/888/1617
f 726/303/277 1481/1620/1613 1479/292/266
f 1481/1620/1613 735/1112/1062 729/1106/1618
f 729/1106/1619 1482/1621/1615 1481/1622/1620
f 1482/1621/1616 725/201/175 1480/1623/1621
f 763/368/339 1485/1624/1622 766/1625/1623
f 766/1625/1623 1486/1626/1624 765/1627/1625
f 765/1628/1626 1487/1629/1627 764/1630/1628
f 1487/1629/1627 762/523/477 764/1630/1628
f 1483/367/338 749/1631/1629 1485/1624/1622
f 1485/1624/1622 750/1632/1630 1486/1626/1624
f 1486/1633/1631 751/1634/1632 1487/1629/1627
f 751/1634/1632 1484/482/439 1487/1629/1627
f 1488/404/372 771/1635/1633 768/351/324
f 1490/1636/1634 770/1637/1635 771/1638/1633
f 1491/1639/1636 769/1640/1637 770/1637/1638
f 769/1640/1637 1489/462/422 767/364/335
f 752/534/486 1490/1641/1634 1488/404/372
f 754/1642/1639 1491/1639/1640 1490/1636/1634
f 755/1643/1641 1492/1644/1642 1491/1639/1636
f 1492/1644/1642 753/361/332 1489/462/422
f 1493/472/431 746/1645/1643 743/346/320
f 1495/1646/1644 745/1647/1645 746/1645/1643
f 1496/1648/1646 744/1649/1647 745/1650/1648
f 744/1649/1647 1494/347/321 742/359/330
f 763/368/339 1495/1646/1644 1493/472/431
f 766/1625/1623 1496/1651/1649 1495/1646/1644
f 765/1628/1626 1497/1652/1650 1496/1648/1646
f 1497/1652/1650 762/523/477 1494/347/321
f 758/501/456 1500/1653/1651 761/1654/1652
f 761/1655/1652 1501/1656/1653 760/1657/1654
f 760/1657/1655 1502/1658/1656 759/1659/1657
f 1502/1658/1656 757/353/325 759/1659/1657
f 1498/369/340 771/1635/1633 1500/1653/1651
f 1500/1660/1651 770/1637/1635 1501/1656/1653
f 1501/1656/1658 769/1640/1637 1502/1658/1656
f 769/1640/1637 1499/366/337 1502/1658/1656
f 773/502/457 1505/1661/1659 776/1662/1660
f 776/1663/1660 1506/1664/1661 775/1665/1662
f 775/1665/1663 1507/1666/1664 774/1667/1665
f 1507/1666/1664 772/372/342 774/1667/1665
f 1503/496/452 761/1654/1652 1505/1661/1659
f 1505/1668/1659 760/1657/1654 1506/1664/1661
f 1506/1664/1666 759/1659/1657 1507/1666/1664
f 759/1659/1657 1504/355/327 1507/1666/1664
f 747/358/329 1510/1669/1667 749/1631/1629
f 749/1631/1629 1511/1670/1668 750/1632/1630
f 750/1632/1669 1512/1671/1670 751/1672/1632
f 1512/1673/1670 748/378/348 751/1634/1632
f 1508/357/328 779/1674/1671 1510/1669/1667
f 1510/1669/1667 780/1675/1672 1511/1670/1668
f 1511/1670/1673 781/1676/1674 1512/1671/1670
f 781/1677/1674 1509/376/346 1512/1673/1670
f 777/387/356 1515/1678/1675 779/1674/1671
f 779/1674/1671 1516/1679/1676 780/1675/1672
f 780/1675/1677 1517/1680/1678 781/1676/1674
f 1517/1681/1678 778/375/345 781/1677/1674
f 1513/396/364 789/1682/1679 1515/1678/1675
f 1515/1678/1675 790/1683/1680 1516/1679/1676
f 1516/1679/1681 791/1684/1682 1517/1680/1678
f 791/1685/1682 1514/373/343 1517/1681/1678
f 783/535/487 1520/1686/1683 786/1687/1684
f 786/1687/1684 1521/1688/1685 785/1689/1686
f 785/1690/1687 1522/1691/1688 784/1692/1689
f 1522/1691/1688 782/382/352 784/1692/1689
f 1518/527/480 776/1662/1660 1520/1686/1683
f 1520/1686/1683 775/1693/1662 1521/1688/1685
f 1521/1694/1690 774/1667/1665 1522/1691/1688
f 774/1667/1665 1519/380/350 1522/1691/1688
f 1523/513/467 814/1695/1691 811/511/465
f 1525/1696/1692 813/1697/1693 814/1695/1691
f 1526/1698/1694 812/1699/1695 813/1697/1693
f 1527/1700/1696 810/1701/361 812/1699/1695
f 793/1131/1084 1525/1696/1692 1523/513/467
f 803/1130/1083 1526/1698/1694 1525/1696/1692
f 796/1134/1087 1527/1700/1696 1526/1698/1694
f 795/1124/1077 1524/476/433 1527/1700/1696
f 787/395/363 1530/1702/1697 789/1682/1679
f 789/1682/1679 1531/1703/1698 790/1683/1680
f 790/1683/1699 1532/1704/1700 791/1684/1682
f 791/1685/1682 1529/383/353 788/385/355
f 1528/495/451 814/1695/1691 1530/1702/1697
f 1530/1702/1701 813/1697/1693 1531/1703/1698
f 1531/1703/1702 812/1699/1695 1532/1704/1700
f 812/1705/1695 1529/383/353 1532/1706/1700
f 793/1131/1084 1535/1707/1703 801/1129/1082
f 801/1129/1082 1536/1708/1704 802/1132/1085
f 802/1141/1094 1537/1709/1705 807/1137/1090
f 807/1137/1090 1534/389/358 794/391/360
f 1533/512/466 786/1687/1684 1535/1707/1703
f 1535/1707/1703 785/1689/1686 1536/1708/1704
f 1536/1710/1706 784/1692/1689 1537/1709/1705
f 1537/1709/1705 782/382/352 1534/389/358
f 1538/412/379 754/1711/1639 752/534/486
f 1540/1712/1707 755/1643/1708 754/1642/1639
f 1541/1713/1709 756/1714/1710 755/1643/1641
f 756/1714/1710 1539/505/459 753/361/332
f 820/471/430 1540/1715/1707 1538/412/379
f 822/1716/1711 1541/1713/1712 1540/1712/1707
f 823/1717/1713 1542/1718/1714 1541/1713/1709
f 1542/1718/1714 821/401/369 1539/505/459
f 1543/344/318 819/1719/1715 816/520/474
f 1545/1720/1716 818/1721/1717 819/1719/1715
f 1546/1722/1718 817/1723/1719 818/1724/1720
f 817/1723/1719 1544/397/365 815/399/367
f 743/346/320 1545/1720/1716 1543/344/318
f 746/1645/1643 1546/1725/1721 1545/1720/1716
f 745/1650/1648 1547/1726/1722 1546/1722/1718
f 1547/1726/1722 742/359/330 1544/397/365
f 832/1160/1112 1550/1727/1723 843/1158/1110
f 843/1158/1110 1551/1728/1724 844/1149/1101
f 844/1149/1101 1552/1729/1725 834/1145/1097
f 834/1145/1097 1549/1730/423 830/1143/473
f 1548/486/442 827/1731/1726 1550/1727/1723
f 1550/1727/1723 828/1732/1727 1551/1728/1724
f 1551/1728/1724 829/1733/1728 1552/1729/1725
f 1552/1734/1725 826/407/375 1549/463/423
f 1553/487/443 822/1735/1711 820/471/430
f 1555/1736/1729 823/1717/1730 822/1716/1711
f 1556/1737/1731 824/1738/1732 823/1717/1713
f 1557/1739/1733 821/401/369 824/1738/1732
f 832/1160/1112 1555/1740/1729 1553/487/443
f 845/1741/1111 1556/1737/1734 1555/1736/1729
f 839/1742/1735 1557/1739/1733 1556/1737/1731
f 838/1154/1106 1554/409/377 1557/1739/1733
f 1558/489/445 827/1731/1726 825/488/444
f 1560/1743/1736 828/1732/1727 827/1731/1726
f 1561/1744/1737 829/1745/1728 828/1746/1727
f 829/1745/1728 1559/405/373 826/407/375
f 816/520/474 1560/1743/1736 1558/489/445
f 819/1719/1715 1561/1747/1738 1560/1743/1736
f 818/1724/1720 1562/1748/1739 1561/1744/1737
f 817/1723/1719 1559/405/373 1562/1748/1739
f 1563/485/441 872/1749/1740 869/414/380
f 1565/1750/1741 871/1751/1742 872/1749/1740
f 1566/1752/1743 870/1753/1744 871/1751/1742
f 1567/1754/1745 868/533/485 870/1753/1744
f 853/434/398 1565/1750/1741 1563/485/441
f 855/1755/1746 1566/1752/1743 1565/1750/1741
f 856/1756/1747 1567/1754/1745 1566/1752/1743
f 857/1757/1748 1564/532/484 1567/1754/1745
f 874/428/392 1570/1758/1749 877/1759/1750
f 877/1759/1750 1571/1760/1751 876/1761/1752
f 876/1761/1752 1572/1762/1753 875/1763/1754
f 875/1763/1754 1569/466/426 873/469/429
f 1568/427/391 860/1764/1755 1570/1758/1749
f 1570/1758/1749 861/1765/1756 1571/1760/1751
f 1571/1760/1751 862/1766/1757 1572/1762/1753
f 1572/1762/1753 859/467/427 1569/466/426
f 849/424/388 1575/1767/1758 852/1768/1759
f 852/1768/1759 1576/1769/1760 851/1770/1761
f 851/1770/1761 1577/1771/1762 850/1772/1763
f 850/1772/1763 1574/483/440 848/449/412
f 1573/415/381 872/1749/1740 1575/1767/1758
f 1575/1767/1758 871/1751/1742 1576/1769/1760
f 1576/1769/1760 870/1753/1744 1577/1771/1762
f 1577/1771/1762 868/533/485 1574/483/440
f 1578/429/393 867/1773/1764 864/468/428
f 1580/1774/1765 866/1775/1766 867/1773/1764
f 1581/1776/1767 865/1777/1768 866/1775/1766
f 1582/1778/1769 863/524/478 865/1777/1768
f 874/428/392 1580/1774/1765 1578/429/393
f 877/1759/1750 1581/1776/1767 1580/1774/1765
f 876/1761/1752 1582/1778/1769 1581/1776/1767
f 875/1763/1754 1579/504/458 1582/1778/1769
f 1583/420/385 882/1779/1770 879/498/453
f 1585/1780/1771 881/1781/1772 882/1779/1770
f 1586/1782/1773 880/1783/1774 881/1781/1772
f 1587/1784/1775 878/421/386 880/1783/1774
f 864/468/428 1585/1780/1771 1583/420/385
f 867/1773/1764 1586/1782/1773 1585/1780/1771
f 866/1775/1766 1587/1784/1775 1586/1782/1773
f 865/1777/1768 1584/437/401 1587/1784/1775
f 1588/435/399 855/1755/1746 853/434/398
f 1590/1785/1776 856/1756/1747 855/1755/1746
f 1591/1786/1777 857/1757/1748 856/1756/1747
f 1592/1787/1778 854/531/483 857/1757/1748
f 883/440/403 1590/1785/1776 1588/435/399
f 885/1788/1779 1591/1786/1777 1590/1785/1776
f 886/1789/1780 1592/1787/1778 1591/1786/1777
f 887/1790/1781 1589/417/383 1592/1787/1778
f 1593/441/404 885/1788/1779 883/440/403
f 1595/1791/1782 886/1789/1780 885/1788/1779
f 1596/1792/1783 887/1790/1781 886/1789/1780
f 1597/1793/1784 884/481/438 887/1790/1781
f 893/445/408 1595/1791/1782 1593/441/404
f 895/1794/1785 1596/1792/1783 1595/1791/1782
f 896/1795/1786 1597/1793/1784 1596/1792/1783
f 897/1796/1787 1594/525/479 1597/1793/1784
f 1598/436/400 892/1797/1788 889/528/481
f 1600/1798/1789 891/1799/1790 892/1797/1788
f 1601/1800/1791 890/1801/1792 891/1799/1790
f 1602/1802/1793 888/444/407 890/1801/1792
f 879/498/453 1600/1798/1789 1598/436/400
f 882/1779/1770 1601/1800/1791 1600/1798/1789
f 881/1781/1772 1602/1802/1793 1601/1800/1791
f 880/1783/1774 1599/423/387 1602/1802/1793
f 916/530/482 1605/1803/1794 919/1804/1795
f 919/1804/1795 1606/1805/1796 918/1806/1797
f 918/1806/1797 1607/1807/1798 917/1808/1799
f 917/1808/1799 1604/515/469 915/517/471
f 1603/480/437 902/1809/1117 1605/1810/1794
f 1605/1803/1794 911/1170/1121 1606/1805/1796
f 1606/1805/1796 910/1176/1130 1607/1807/1798
f 1607/1807/1798 900/516/470 1604/515/469
f 1608/447/410 895/1794/1785 893/445/408
f 1610/1811/1800 896/1795/1786 895/1794/1785
f 1611/1812/1801 897/1796/1787 896/1795/1786
f 1612/1813/1802 894/522/476 897/1796/1787
f 916/530/482 1610/1811/1800 1608/447/410
f 919/1804/1795 1611/1812/1801 1610/1811/1800
f 918/1806/1797 1612/1813/1802 1611/1812/1801
f 917/1808/1799 1609/499/454 1612/1813/1802
f 1613/442/405 906/1174/1125 899/448/411
f 1615/1814/1803 907/1179/1133 906/1174/1125
f 1616/1815/1804 912/1177/1131 907/1179/1133
f 1617/1816/1805 900/516/470 912/1177/1131
f 889/528/481 1615/1814/1803 1613/442/405
f 892/1797/1788 1616/1815/1804 1615/1814/1803
f 891/1799/1790 1617/1816/1805 1616/1815/1804
f 890/1801/1792 1614/514/468 1617/1816/1805
f 858/431/395 1620/1817/1806 860/1764/1755
f 860/1764/1755 1621/1818/1807 861/1765/1756
f 861/1765/1756 1622/1819/1808 862/1766/1757
f 862/1766/1757 1619/509/463 859/467/427
f 1618/452/413 927/1820/1809 1620/1817/1806
f 1620/1817/1806 928/1821/1810 1621/1818/1807
f 1621/1818/1807 929/1822/1811 1622/1819/1808
f 1622/1819/1808 926/473/432 1619/509/463
f 921/454/415 1625/1823/1812 924/1824/1813
f 924/1824/1813 1626/1825/1814 923/1826/1815
f 923/1826/1815 1627/1827/1816 922/1828/1817
f 922/1828/1817 1624/458/418 920/457/417
f 1623/425/389 852/1768/1759 1625/1823/1812
f 1625/1823/1812 851/1770/1761 1626/1825/1814
f 1626/1825/1814 850/1772/1763 1627/1827/1816
f 1627/1827/1816 848/449/412 1624/458/418
f 1628/465/425 938/1182/1137 935/521/475
f 1630/1829/1818 939/1191/1146 938/1182/1137
f 1631/1830/1819 946/1187/1142 939/1191/1146
f 1632/1831/1820 936/1188/1143 946/1187/1142
f 930/461/421 1630/1829/1818 1628/465/425
f 932/1832/1821 1631/1830/1819 1630/1829/1818
f 933/1833/1822 1632/1831/1820 1631/1830/1819
f 934/1834/1823 1629/493/449 1632/1831/1820
f 925/453/414 1635/1835/1824 927/1820/1809
f 927/1820/1809 1636/1836/1825 928/1821/1810
f 928/1821/1810 1637/1837/1826 929/1822/1811
f 929/1822/1811 1634/492/448 926/473/432
f 1633/459/419 949/1194/1150 1635/1835/1824
f 1635/1835/1824 945/1189/1144 1636/1836/1825
f 1636/1836/1825 944/1186/1141 1637/1837/1826
f 1637/1837/1826 936/1188/1143 1634/492/448
f 930/461/421 1640/1838/1827 932/1832/1821
f 932/1832/1821 1641/1839/1828 933/1833/1822
f 933/1833/1822 1642/1840/1829 934/1834/1823
f 934/1834/1823 1639/491/447 931/490/446
f 1638/455/416 924/1824/1813 1640/1838/1827
f 1640/1838/1827 923/1826/1815 1641/1839/1828
f 1641/1839/1828 922/1828/1817 1642/1840/1829
f 1642/1840/1829 920/457/417 1639/491/447
f 937/460/420 1645/1841/1830 940/1842/1151
f 940/1843/1136 1644/1844/472 935/1845/475
f 1643/410/378 840/1153/1831 1645/1841/1830
f 1645/1846/1832 840/1847/1833 833/1146/1833
f 1645/1848/1834 830/1143/473 1644/1844/472
f 794/391/360 1648/1849/1835 806/1850/1836
f 806/1138/1837 1648/1851/1837 797/1852/1838
f 1648/1853/1839 792/1121/1074 797/1123/1840
f 899/448/411 1648/1849/1835 1646/390/359
f 901/1854/1118 1647/477/434 1648/1853/1839
f 973/557/506 1651/1855/1841 976/1856/1842
f 976/1857/1842 1652/1858/1843 975/1859/1844
f 975/1859/1845 1653/1860/1846 974/1861/1847
f 1653/1860/1846 972/711/639 974/1861/1847
f 1649/556/505 959/1862/1848 1651/1855/1841
f 1651/1863/1841 960/1864/1849 1652/1858/1843
f 1652/1858/1850 961/1865/1851 1653/1860/1846
f 961/1865/1851 1650/673/605 1653/1860/1846
f 1654/593/539 981/1866/1852 978/540/491
f 1656/1867/1853 980/1868/1854 981/1866/1852
f 1657/1869/1855 979/1870/1856 980/1868/1857
f 979/1871/1856 1655/651/588 977/553/502
f 962/720/648 1656/1867/1853 1654/593/539
f 964/1872/1858 1657/1869/1859 1656/1867/1853
f 965/1873/1860 1658/1874/1861 1657/1869/1855
f 1658/1875/1861 963/550/499 1655/651/588
f 1659/663/597 956/1876/1862 953/508/462
f 1661/1877/1863 955/1878/1864 956/1879/1862
f 1662/1880/1865 954/1881/1866 955/1878/1867
f 954/1881/1866 1660/536/488 952/548/497
f 973/557/506 1661/1882/1863 1659/663/597
f 976/1857/1842 1662/1880/1868 1661/1877/1863
f 975/1859/1845 1663/1883/1869 1662/1880/1865
f 1663/1883/1869 972/711/639 1660/536/488
f 968/692/621 1666/1884/1870 971/1885/1871
f 971/1885/1871 1667/1886/1872 970/1887/1873
f 970/1887/1874 1668/1888/1875 969/1889/1876
f 1668/1890/1875 967/542/492 969/1891/1876
f 1664/558/507 981/1866/1852 1666/1884/1870
f 1666/1884/1870 980/1868/1854 1667/1886/1872
f 1667/1886/1877 979/1870/1856 1668/1888/1875
f 979/1871/1856 1665/555/504 1668/1890/1875
f 983/693/622 1671/1892/1878 986/1893/1879
f 986/1893/1879 1672/1894/1880 985/1895/1881
f 985/1895/1882 1673/1896/1883 984/1897/1884
f 1673/1898/1883 982/561/509 984/1899/1884
f 1669/687/617 971/1885/1871 1671/1892/1878
f 1671/1892/1878 970/1887/1873 1672/1894/1880
f 1672/1894/1885 969/1889/1876 1673/1896/1883
f 969/1891/1876 1670/544/494 1673/1898/1883
f 957/547/496 1676/1900/1886 959/1862/1848
f 959/1901/1848 1677/1902/1887 960/1864/1849
f 960/1864/1888 1678/1903/1889 961/1865/1851
f 1678/1903/1889 958/567/515 961/1865/1851
f 1674/546/495 989/1904/1890 1676/1900/1886
f 1676/1905/1886 990/1906/1891 1677/1902/1887
f 1677/1902/1892 991/1907/1893 1678/1903/1889
f 991/1907/1893 1675/565/513 1678/1903/1889
f 987/576/523 1681/1908/1894 989/1904/1890
f 989/1909/1890 1682/1910/1895 990/1906/1891
f 990/1906/1896 1683/1911/1897 991/1907/1893
f 1683/1911/1897 988/564/512 991/1907/1893
f 1679/585/531 999/1912/1898 1681/1908/1894
f 1681/1908/1894 1000/1913/1899 1682/1914/1895
f 1682/1910/1900 1001/1915/1901 1683/1911/1897
f 1001/1915/1901 1680/562/510 1683/1911/1897
f 993/721/649 1686/1916/1902 996/1917/1903
f 996/1917/1903 1687/1918/1904 995/1919/1905
f 995/1919/1906 1688/1920/1907 994/1921/1908
f 1688/1920/1907 992/1922/519 994/1921/1908
f 1684/714/642 986/1893/1879 1686/1916/1902
f 1686/1916/1902 985/1895/1881 1687/1918/1904
f 1687/1918/1909 984/1897/1884 1688/1920/1907
f 984/1897/1884 1685/1923/517 1688/1920/1907
f 1689/701/629 1024/1924/1910 1021/699/627
f 1691/1925/1911 1023/1926/1912 1024/1924/1910
f 1692/1927/1913 1022/1928/1914 1023/1926/1912
f 1693/1929/1915 1020/581/528 1022/1930/1914
f 1003/1206/1164 1691/1925/1911 1689/701/629
f 1013/1205/1163 1692/1927/1913 1691/1925/1911
f 1006/1209/1167 1693/1931/1915 1692/1927/1913
f 1005/1932/1157 1690/667/599 1693/1929/1915
f 997/584/530 1696/1933/1916 999/1912/1898
f 999/1912/1898 1697/1934/1917 1000/1913/1899
f 1000/1935/1918 1698/1936/1919 1001/1915/1901
f 1001/1915/1901 1695/572/520 998/574/522
f 1694/686/616 1024/1924/1910 1696/1933/1916
f 1696/1933/1920 1023/1926/1912 1697/1934/1917
f 1697/1937/1921 1022/1930/1914 1698/1936/1919
f 1022/1930/1914 1695/572/520 1698/1936/1919
f 1003/1206/1164 1701/1938/1922 1011/1204/1162
f 1011/1204/1162 1702/1939/1923 1012/1207/1165
f 1012/1207/1174 1703/1940/1924 1017/1213/1170
f 1017/1213/1170 1700/1941/525 1004/1211/527
f 1699/700/628 996/1917/1903 1701/1938/1922
f 1701/1938/1922 995/1919/1905 1702/1939/1923
f 1702/1939/1925 994/1921/1908 1703/1940/1924
f 1703/1940/1924 992/1922/519 1700/1941/525
f 1704/601/546 964/1872/1858 962/720/648
f 1706/1942/1926 965/1873/1927 964/1872/1858
f 1707/1943/1928 966/1944/1929 965/1873/1860
f 966/1945/1929 1705/696/624 963/550/499
f 1030/662/596 1706/1942/1926 1704/601/546
f 1032/1946/1930 1707/1943/1931 1706/1942/1926
f 1033/1947/1932 1708/1948/1933 1707/1943/1928
f 1708/1949/1933 1031/590/536 1705/696/624
f 1709/506/460 1029/1950/1934 1026/708/636
f 1711/1951/1935 1028/1952/1936 1029/1953/1934
f 1712/1954/1937 1027/1955/1938 1028/1952/1939
f 1027/1955/1938 1710/586/532 1025/588/534
f 953/508/462 1711/1956/1935 1709/506/460
f 956/1879/1862 1712/1954/1940 1711/1951/1935
f 955/1878/1867 1713/1957/1941 1712/1954/1937
f 1713/1957/1941 952/548/497 1710/586/532
f 1042/1228/1192 1716/1958/1942 1053/1226/1190
f 1053/1226/1190 1717/1959/1943 1054/1219/1181
f 1054/1219/1181 1718/1960/1944 1044/1215/1177
f 1044/1215/1177 1715/652/589 1040/707/635
f 1714/677/608 1037/1961/1945 1716/1958/1942
f 1716/1958/1942 1038/1962/1946 1717/1959/1943
f 1717/1959/1943 1039/1963/1947 1718/1960/1944
f 1718/1960/1944 1036/1964/542 1715/652/589
f 1719/678/609 1032/1946/1930 1030/662/596
f 1721/1965/1948 1033/1947/1949 1032/1946/1930
f 1722/1966/1950 1034/1967/1951 1033/1947/1932
f 1723/1968/1952 1031/590/536 1034/1969/1951
f 1042/1228/1192 1721/1965/1948 1719/678/609
f 1055/1227/1191 1722/1966/1953 1721/1965/1948
f 1049/1230/1954 1723/1970/1952 1722/1966/1950
f 1048/1971/1186 1720/598/544 1723/1968/1952
f 1724/680/611 1037/1961/1945 1035/679/610
f 1726/1972/1955 1038/1973/1946 1037/1974/1945
f 1727/1975/1956 1039/1976/1947 1038/1973/1946
f 1039/1976/1947 1725/594/540 1036/596/542
f 1026/708/636 1726/1977/1955 1724/680/611
f 1029/1953/1934 1727/1975/1957 1726/1972/1955
f 1028/1952/1939 1728/1978/1958 1727/1975/1956
f 1027/1955/1938 1725/594/540 1728/1978/1958
f 1729/676/607 1082/1979/1959 1079/603/547
f 1731/1980/1960 1081/1981/1961 1082/1979/1959
f 1732/1982/1962 1080/1983/1963 1081/1981/1961
f 1733/1984/1964 1078/719/647 1080/1983/1963
f 1063/623/565 1731/1980/1960 1729/676/607
f 1065/1985/1965 1732/1982/1962 1731/1980/1960
f 1066/1986/1966 1733/1984/1964 1732/1982/1962
f 1067/1987/1967 1730/718/646 1733/1984/1964
f 1084/617/559 1736/1988/1968 1087/1989/1969
f 1087/1989/1969 1737/1990/1970 1086/1991/1971
f 1086/1991/1971 1738/1992/1972 1085/1993/1973
f 1085/1993/1973 1735/657/592 1083/660/595
f 1734/616/558 1070/1994/1974 1736/1988/1968
f 1736/1988/1968 1071/1995/1975 1737/1990/1970
f 1737/1990/1970 1072/1996/1976 1738/1992/1972
f 1738/1992/1972 1069/658/593 1735/657/592
f 1059/613/555 1741/1997/1977 1062/1998/1978
f 1062/1998/1978 1742/1999/1979 1061/2000/1980
f 1061/2001/1980 1743/2002/1981 1060/2003/1982
f 1060/2004/1982 1740/674/606 1058/638/578
f 1739/604/548 1082/1979/1959 1741/1997/1977
f 1741/1997/1977 1081/1981/1961 1742/1999/1979
f 1742/2005/1979 1080/2006/1963 1743/2002/1981
f 1743/2007/1981 1078/719/647 1740/674/606
f 1744/618/560 1077/2008/1983 1074/659/594
f 1746/2009/1984 1076/2010/1985 1077/2008/1983
f 1747/2011/1986 1075/2012/1987 1076/2010/1985
f 1748/2013/1988 1073/712/640 1075/2012/1987
f 1084/617/559 1746/2009/1984 1744/618/560
f 1087/1989/1969 1747/2011/1986 1746/2009/1984
f 1086/1991/1971 1748/2013/1988 1747/2011/1986
f 1085/1993/1973 1745/695/623 1748/2013/1988
f 1749/609/552 1092/2014/1989 1089/689/618
f 1751/2015/1990 1091/2016/1991 1092/2014/1989
f 1752/2017/1992 1090/2018/1993 1091/2016/1991
f 1753/2019/1994 1088/610/553 1090/2018/1993
f 1074/659/594 1751/2015/1990 1749/609/552
f 1077/2008/1983 1752/2017/1992 1751/2015/1990
f 1076/2010/1985 1753/2019/1994 1752/2017/1992
f 1075/2012/1987 1750/626/568 1753/2019/1994
f 1754/624/566 1065/1985/1965 1063/623/565
f 1756/2020/1995 1066/1986/1966 1065/1985/1965
f 1757/2021/1996 1067/1987/1967 1066/1986/1966
f 1758/2022/1997 1064/717/645 1067/1987/1967
f 1093/629/570 1756/2020/1995 1754/624/566
f 1095/2023/1998 1757/2021/1996 1756/2020/1995
f 1096/2024/1999 1758/2022/1997 1757/2021/1996
f 1097/2025/2000 1755/606/550 1758/2022/1997
f 1759/630/571 1095/2023/1998 1093/629/570
f 1761/2026/2001 1096/2024/1999 1095/2023/1998
f 1762/2027/2002 1097/2025/2000 1096/2024/1999
f 1763/2028/2003 1094/672/604 1097/2025/2000
f 1103/634/574 1761/2026/2001 1759/630/571
f 1105/2029/2004 1762/2027/2002 1761/2026/2001
f 1106/2030/2005 1763/2028/2003 1762/2027/2002
f 1107/2031/2006 1760/713/641 1763/2028/2003
f 1764/625/567 1102/2032/2007 1099/715/643
f 1766/2033/2008 1101/2034/2009 1102/2032/2007
f 1767/2035/2010 1100/2036/2011 1101/2034/2009
f 1768/2037/2012 1098/633/573 1100/2036/2011
f 1089/689/618 1766/2033/2008 1764/625/567
f 1092/2014/1989 1767/2035/2010 1766/2033/2008
f 1091/2016/1991 1768/2037/2012 1767/2035/2010
f 1090/2018/1993 1765/612/554 1768/2037/2012
f 1126/716/644 1771/2038/2013 1129/2039/2014
f 1129/2039/2014 1772/2040/2015 1128/2041/2016
f 1128/2041/2016 1773/2042/2017 1127/2043/2018
f 1127/2043/2018 1770/703/631 1125/705/633
f 1769/671/603 1111/1232/1197 1771/2038/2013
f 1771/2038/2013 1121/1236/1201 1772/2040/2015
f 1772/2040/2015 1120/1242/1209 1773/2042/2017
f 1773/2042/2017 1110/704/632 1770/703/631
f 1774/636/576 1105/2029/2004 1103/634/574
f 1776/2044/2019 1106/2030/2005 1105/2029/2004
f 1777/2045/2020 1107/2031/2006 1106/2030/2005
f 1778/2046/2021 1104/710/638 1107/2031/2006
f 1126/716/644 1776/2044/2019 1774/636/576
f 1129/2039/2014 1777/2045/2020 1776/2044/2019
f 1128/2041/2016 1778/2046/2021 1777/2045/2020
f 1127/2043/2018 1775/690/619 1778/2046/2021
f 1779/631/572 1115/1240/1205 1109/637/577
f 1781/2047/2022 1116/1245/1212 1115/1240/1205
f 1782/2048/2023 1122/1243/1210 1116/1245/1212
f 1783/2049/2024 1110/704/632 1122/1243/1210
f 1099/715/643 1781/2047/2022 1779/631/572
f 1102/2032/2007 1782/2048/2023 1781/2047/2022
f 1101/2034/2009 1783/2049/2024 1782/2048/2023
f 1100/2036/2011 1780/702/630 1783/2049/2024
f 1068/620/562 1786/2050/2025 1070/1994/1974
f 1070/1994/1974 1787/2051/2026 1071/1995/1975
f 1071/1995/1975 1788/2052/2027 1072/1996/1976
f 1072/1996/1976 1785/697/625 1069/658/593
f 1784/641/579 1137/2053/2028 1786/2050/2025
f 1786/2050/2025 1138/2054/2029 1787/2051/2026
f 1787/2051/2026 1139/2055/2030 1788/2052/2027
f 1788/2052/2027 1136/664/598 1785/697/625
f 1131/643/581 1791/2056/2031 1134/2057/2032
f 1134/2057/2032 1792/2058/2033 1133/2059/2034
f 1133/2060/2034 1793/2061/2035 1132/2062/2036
f 1132/2063/2036 1790/647/584 1130/646/583
f 1789/614/556 1062/1998/1978 1791/2056/2031
f 1791/2056/2031 1061/2000/1980 1792/2058/2033
f 1792/2064/2033 1060/2003/1982 1793/2061/2035
f 1793/2065/2035 1058/638/578 1790/647/584
f 1794/656/591 1148/1248/1216 1145/709/637
f 1796/2066/2037 1149/1258/1226 1148/1248/1216
f 1797/2067/2038 1155/1259/1222 1149/1258/1226
f 1798/2068/2039 1146/2069/1223 1155/1259/1222
f 1140/655/587 1796/2066/2037 1794/656/591
f 1142/2070/2040 1797/2067/2038 1796/2066/2037
f 1143/2071/2041 1798/2068/2039 1797/2067/2038
f 1144/2072/2042 1795/684/615 1798/2073/2039
f 1135/642/580 1801/2074/2043 1137/2053/2028
f 1137/2053/2028 1802/2075/2044 1138/2054/2029
f 1138/2054/2029 1803/2076/2045 1139/2055/2030
f 1139/2055/2030 1800/683/614 1136/664/598
f 1799/648/585 1159/1263/1230 1801/2074/2043
f 1801/2074/2043 1154/1255/1224 1802/2075/2044
f 1802/2075/2044 1153/1252/1221 1803/2076/2045
f 1803/2076/2045 1146/1254/1223 1800/683/614
f 1140/650/587 1806/2077/2046 1142/2078/2040
f 1142/2070/2040 1807/2079/2047 1143/2071/2041
f 1143/2071/2041 1808/2080/2048 1144/2081/2042
f 1144/2072/2042 1805/682/613 1141/681/612
f 1804/644/582 1134/2057/2032 1806/2077/2046
f 1806/2082/2046 1133/2060/2034 1807/2079/2047
f 1807/2079/2047 1132/2062/2036 1808/2080/2048
f 1808/2083/2048 1130/646/583 1805/682/613
f 1147/649/586 1811/2084/2049 1158/2085/1231
f 1158/1247/2050 1810/706/634 1145/709/2051
f 1809/599/545 1050/2086/2052 1811/2084/2049
f 1811/2087/2053 1050/2088/2053 1043/1216/2054
f 1811/2089/2055 1040/707/635 1810/706/634
f 1004/580/527 1814/2090/2056 1016/2091/2057
f 1016/1202/2058 1814/2092/2058 1007/1198/2059
f 1814/2093/2060 1002/2094/1154 1007/2095/2061
f 1812/579/526 1117/1239/1204 1814/2090/2056
f 1117/2096/2062 1813/668/600 1814/2093/2060
f 509/1548/1524 510/2097/1528 1819/1549/2063
f 485/1535/2064 486/2098/2064 1815/1533/2064
f 441/1516/2065 442/2099/2066 1817/1514/2066
f 434/1530/2067 1816/813/2068 433/2100/2067
f 453/1517/2069 452/833/2069 454/2101/2069
f 463/1541/2070 1818/843/2071 464/2102/2071
f 212/18/15 1218/164/140 102/19/16
f 231/29/25 22/28/24 108/36/32
f 1198/37/33 108/36/32 23/38/34
f 241/39/35 23/38/34 115/45/40
f 10/73/65 313/190/164 1268/74/66
f 24/76/67 323/127/110 1262/77/68
f 337/78/69 8/95/65 98/79/65
f 15/83/73 103/87/77 1247/84/74
f 15/83/73 333/85/75 1257/86/76
f 103/87/77 14/20/17 317/88/78
f 22/28/24 338/157/134 1277/93/83
f 1263/94/84 97/75/65 8/95/65
f 23/38/34 348/187/162 1292/99/88
f 1278/80/70 98/79/65 11/100/65
f 115/45/40 1292/99/88 358/105/93
f 307/106/94 1253/142/122 96/107/65
f 14/20/17 102/19/16 1297/109/95
f 102/19/16 13/60/54 384/110/96
f 100/113/65 12/134/65 379/114/99
f 13/60/54 110/59/53 1312/116/101
f 110/59/53 1322/67/61 396/117/102
f 7/108/65 96/107/65 1248/125/108
f 109/22/19 1257/86/76 323/127/110
f 96/107/65 9/143/65 332/128/111
f 385/132/114 1313/151/130 101/133/65
f 97/75/65 1268/74/66 343/140/120
f 226/21/18 1168/119/104 103/87/77
f 1253/142/122 327/192/166 9/143/65
f 101/133/65 1308/152/131 390/149/128
f 1313/151/130 395/787/719 1308/152/131
f 114/11/9 1262/77/68 338/157/134
f 11/100/65 353/181/157 1288/158/135
f 95/162/65 1258/163/139 332/128/111
f 10/73/65 322/183/159 1258/163/139
f 1218/164/140 280/58/52 13/60/54
f 7/108/65 100/113/65 1303/115/100
f 1355/165/141 137/210/184 1445/166/142
f 1298/168/144 385/132/114 12/134/65
f 1293/173/149 99/159/136 1283/174/150
f 99/159/136 1288/158/135 374/176/152
f 17/57/51 104/55/49 1302/82/72
f 12/134/65 101/133/65 1318/150/129
f 98/79/65 1273/184/160 353/181/157
f 322/183/159 10/73/65 97/75/65
f 8/95/65 343/140/120 1273/184/160
f 108/36/32 1277/93/83 348/187/162
f 313/190/164 10/73/65 95/162/65
f 1243/191/165 95/162/65 9/143/65
f 347/101/89 11/100/65 99/159/136
f 318/126/109 1298/168/144 100/113/65
f 435/209/183 1470/281/255 137/210/184
f 447/216/190 1365/315/289 124/217/191
f 1406/222/196 132/335/309 1411/223/197
f 27/227/201 532/260/234 1348/228/202
f 1361/236/210 412/804/739 1446/237/211
f 413/244/218 28/273/247 122/245/219
f 446/247/221 1450/308/282 134/248/222
f 514/249/223 1347/289/263 121/250/224
f 447/216/190 29/218/192 123/257/231
f 27/227/201 122/245/219 1328/259/233
f 28/273/247 123/257/231 1343/274/248
f 29/218/192 513/280/254 1343/274/248
f 29/218/192 124/217/191 1348/228/202
f 1470/281/255 584/966/908 1401/282/256
f 1338/288/262 121/250/224 1347/289/263
f 28/273/247 547/275/249 1328/259/233
f 30/252/226 548/254/228 1342/296/270
f 32/232/206 126/297/271 1342/296/270
f 33/239/213 128/255/229 1329/261/235
f 120/238/212 1446/237/211 603/305/279
f 436/314/288 27/227/201 124/217/191
f 445/316/290 1361/236/210 120/238/212
f 1451/317/291 120/238/212 1405/306/280
f 137/210/184 1401/282/256 601/319/293
f 413/244/218 1360/258/232 123/257/231
f 436/314/288 1356/246/220 122/245/219
f 1411/223/197 132/335/309 1400/332/306
f 602/334/308 1400/332/306 132/335/309
f 333/85/75 1247/84/74 1249/1398/1360
f 335/1401/1363 1250/1400/1362 1251/1402/1364
f 309/1412/1374 1256/1411/1373 1253/142/122
f 1264/1420/1382 1265/1422/1384 340/1421/1383
f 1281/1442/1404 1278/80/70 347/101/89
f 348/187/162 351/1437/1399 1294/1453/1414
f 349/1441/1403 347/101/89 1293/173/149
f 317/88/78 1297/109/95 1299/1456/1417
f 1301/1458/1419 388/1461/1422 385/132/114
f 387/1460/1421 1315/1477/1436 1316/1478/1437
f 1314/1476/1435 408/793/726 403/788/720
f 550/933/873 547/275/249 1343/274/248
f 1347/1504/263 1349/1505/1470 538/926/863
f 1349/1505/1470 1350/1507/1473 539/932/1471
f 1350/1506/1472 1348/228/202 532/260/234
f 1347/1504/263 514/906/223 524/908/843
f 1349/1505/1470 524/908/843 517/901/847
f 1350/1506/1472 516/899/835 513/280/254
f 435/209/183 1355/165/141 1357/1512/1478
f 1817/1514/1481 1358/1513/1480 1359/1515/1482
f 411/167/143 416/796/731 1357/1512/1478
f 424/799/734 423/808/742 1359/1515/1482
f 1360/258/232 1362/1518/1485 453/1517/1484
f 1362/1518/1485 1363/1519/1487 452/833/1486
f 1363/1519/1487 1364/1520/1489 449/831/1488
f 1364/1520/1489 1361/236/210 445/316/290
f 1360/258/232 413/244/218 423/809/742
f 1363/1519/1487 420/805/740 419/802/737
f 1367/1522/1490 1368/1523/1492 442/828/1491
f 1369/1524/1493 1366/233/207 437/235/209
f 1368/1523/1492 452/1526/1494 451/836/1495
f 589/968/910 1404/1558/1534 1401/282/256
f 1400/1559/306 602/993/308 611/992/936
f 1402/1556/1532 611/992/936 605/986/930
f 1403/1557/1533 605/986/930 604/984/928
f 1404/1558/1534 604/984/928 601/319/293
f 1405/306/280 1407/1560/1535 622/1003/945
f 603/305/279 616/999/941 1407/1560/1535
f 616/999/941 610/994/937 1408/1561/1536
f 1222/1/1 93/70/2 1/2/2
f 1173/4/4 221/182/158 20/5/5
f 89/7/2 1167/61/55 227/8/7
f 216/10/8 24/76/67 114/11/9
f 4/13/2 90/43/2 1187/14/11
f 201/16/13 1173/4/4 106/6/6
f 226/21/18 15/83/73 109/22/19
f 3/9/2 88/27/2 1162/24/21
f 1177/26/23 217/160/137 4/13/2
f 1183/12/10 114/11/9 22/28/24
f 1193/30/26 105/96/85 19/31/27
f 1188/33/29 117/90/80 26/34/30
f 1208/40/36 113/50/45 18/41/37
f 90/43/2 2/156/2 236/44/39
f 1213/46/41 115/45/40 1325/47/42
f 269/49/44 25/103/91 113/50/45
f 91/51/2 5/153/2 246/52/46
f 1223/54/48 201/16/13 16/17/14
f 274/56/50 1223/54/48 104/55/49
f 280/58/52 1233/66/60 110/59/53
f 1/2/2 211/193/167 1167/61/55
f 1238/62/56 274/56/50 17/57/51
f 285/64/58 1238/62/56 112/63/57
f 1233/66/60 290/748/679 1322/67/61
f 6/68/2 279/130/112 1217/69/62
f 106/6/6 20/5/5 328/71/63
f 104/55/49 16/17/14 308/81/71
f 116/89/79 1242/144/123 328/71/63
f 117/90/80 1267/92/82 312/91/81
f 19/31/27 342/97/86 1267/92/82
f 105/96/85 1272/98/87 342/97/86
f 18/41/37 352/102/90 1272/98/87
f 113/50/45 1287/104/92 352/102/90
f 25/103/91 375/189/163 1287/104/92
f 112/63/57 17/57/51 380/111/97
f 21/65/59 112/63/57 1317/112/98
f 1168/119/104 212/18/15 14/20/17
f 1228/120/105 285/1376/58 21/121/59
f 107/122/106 21/121/59 389/123/103
f 227/8/7 1177/26/23 88/27/2
f 1178/23/20 109/22/19 24/76/67
f 94/129/2 1232/146/125 279/130/112
f 202/3/3 1/2/2 89/7/2
f 16/17/14 106/6/6 1252/72/64
f 237/32/28 19/31/27 117/90/80
f 1203/135/115 251/722/650 1326/136/116
f 111/137/117 1326/136/116 357/138/118
f 207/35/31 26/34/30 116/89/79
f 26/34/30 312/91/81 1242/144/123
f 1227/145/124 291/757/688 1232/146/125
f 284/147/126 1227/145/124 94/129/2
f 5/153/2 92/169/145 1207/154/132
f 1182/155/133 232/161/138 2/156/2
f 217/160/137 1182/155/133 90/43/2
f 232/161/138 1197/186/161 91/51/2
f 92/169/145 1202/172/148 270/170/146
f 1212/171/147 252/732/660 1202/172/148
f 1228/120/105 107/122/106 1323/177/153
f 275/179/155 6/68/2 93/70/2
f 107/122/106 1307/124/107 394/180/156
f 247/42/38 18/41/37 105/96/85
f 1237/148/127 94/129/2 6/68/2
f 2/156/2 91/51/2 1192/53/47
f 1163/141/121 116/89/79 20/5/5
f 1203/185/115 111/188/117 25/103/91
f 1197/186/161 242/194/168 5/153/2
f 111/188/117 1282/2103/119 375/189/163
f 1172/131/113 89/7/2 3/9/2
f 88/27/2 4/13/2 206/15/12
f 93/70/2 1217/69/62 211/193/167
f 242/194/168 1212/171/147 92/169/145
f 457/195/169 1395/340/314 130/196/170
f 503/198/172 1480/1623/1621 136/199/173
f 136/199/173 1480/1623/1621 725/201/175
f 709/203/177 1436/328/302 131/204/178
f 481/206/180 32/232/206 127/207/181
f 138/211/185 1458/1602/1583 671/212/186
f 1431/205/179 131/204/178 1441/214/188
f 426/219/193 1370/298/272 135/220/194
f 1475/225/199 636/1021/968 1416/226/200
f 31/229/203 127/207/181 1352/230/204
f 32/232/206 515/299/273 1352/230/204
f 1366/233/207 134/248/222 1471/234/208
f 33/239/213 549/301/275 1334/240/214
f 34/197/171 130/196/170 1339/242/216
f 30/252/226 125/277/251 1333/253/227
f 457/195/169 34/197/171 128/255/229
f 34/197/171 200/243/217 1329/261/235
f 1375/262/236 138/211/185 1474/263/237
f 427/265/239 1455/1601/1582 119/266/240
f 35/268/242 568/269/243 1339/242/216
f 35/268/242 129/241/215 1334/240/214
f 482/270/244 1381/267/241 119/266/240
f 480/272/246 1458/1602/1583 138/211/185
f 428/276/250 31/229/203 125/277/251
f 490/279/253 1385/256/230 128/255/229
f 1391/200/174 136/199/173 1461/283/257
f 1396/285/259 456/844/782 1466/286/260
f 505/291/265 1396/285/259 139/287/261
f 1386/293/267 489/874/811 1462/294/268
f 31/229/203 566/231/205 1333/253/227
f 1370/298/272 465/851/790 1475/225/199
f 1351/251/225 121/250/224 1338/288/262
f 1461/283/257 136/199/173 1435/202/176
f 139/287/261 1440/304/278 726/303/277
f 1466/286/260 691/1084/1033 1440/304/278
f 134/248/222 1410/309/283 585/307/281
f 1450/308/282 621/1014/958 1410/309/283
f 119/266/240 1455/1601/1582 656/310/284
f 1474/263/237 138/211/185 1421/213/187
f 1459/271/245 119/266/240 1425/311/285
f 428/276/250 1380/208/182 127/207/181
f 466/320/294 1371/278/252 125/277/251
f 638/321/295 1420/337/311 133/322/296
f 1415/323/297 133/322/296 1426/324/298
f 490/279/253 33/239/213 129/241/215
f 504/327/301 1390/326/300 129/241/215
f 1441/214/188 131/204/178 1436/328/302
f 118/295/269 1462/294/268 707/330/304
f 466/320/294 30/252/226 126/297/271
f 481/206/180 1376/336/310 126/297/271
f 1426/324/298 133/322/296 1420/337/311
f 135/220/194 1416/226/200 654/339/313
f 504/327/301 35/268/242 130/196/170
f 455/341/315 1386/293/267 118/295/269
f 118/295/269 1430/331/305 689/343/317
f 1543/344/318 145/413/319 36/345/319
f 1494/347/321 762/523/477 55/348/322
f 141/350/319 1488/404/372 768/351/324
f 757/353/325 59/419/384 166/354/326
f 39/356/319 142/386/319 1508/357/328
f 742/359/330 1494/347/321 158/349/323
f 753/361/332 1539/505/459 154/362/333
f 767/364/335 50/426/390 161/365/336
f 38/352/319 140/370/319 1483/367/338
f 1498/369/340 758/501/456 39/356/319
f 1504/355/327 166/354/326 57/371/341
f 1514/373/343 157/439/402 54/374/344
f 1509/376/346 169/433/397 61/377/347
f 772/372/342 57/371/341 160/379/349
f 1519/380/350 160/379/349 58/381/351
f 1529/383/353 165/393/362 53/384/354
f 142/386/319 37/497/319 777/387/356
f 782/382/352 58/381/351 167/388/357
f 1534/389/358 167/388/357 1646/390/359
f 810/392/361 60/446/409 165/393/362
f 143/394/319 40/494/450 787/395/363
f 1544/397/365 742/359/330 51/360/331
f 815/399/367 1544/397/365 156/398/366
f 821/401/369 1554/409/377 162/402/370
f 36/345/319 752/534/486 1488/404/372
f 1559/405/373 815/399/367 52/400/368
f 826/407/375 1559/405/373 164/406/374
f 1554/409/377 831/1151/1103 1643/410/378
f 41/411/319 820/471/430 1538/412/379
f 158/349/323 55/348/322 869/414/380
f 45/416/382 854/531/483 1589/417/383
f 59/419/384 864/468/428 1583/420/385
f 878/421/386 43/438/382 150/422/382
f 156/398/366 51/360/331 849/424/388
f 50/426/390 155/430/394 1568/427/391
f 50/426/390 874/428/392 1578/429/393
f 155/430/394 49/363/334 858/431/395
f 168/432/396 1563/485/441 869/414/380
f 169/433/397 1588/435/399 853/434/398
f 54/374/344 883/440/403 1588/435/399
f 57/371/341 879/498/453 1598/436/400
f 1584/437/401 149/418/382 43/438/382
f 157/439/402 1593/441/404 883/440/403
f 53/384/354 893/445/408 1593/441/404
f 58/381/351 889/528/481 1613/442/405
f 1599/423/387 150/422/382 46/443/406
f 165/393/362 1608/447/410 893/445/408
f 60/446/409 916/530/482 1608/447/410
f 167/388/357 1613/442/405 899/448/411
f 848/449/412 1574/483/440 148/450/382
f 49/363/334 154/362/333 1618/452/413
f 154/362/333 48/403/371 925/453/414
f 164/406/374 52/400/368 921/454/415
f 152/456/382 47/475/382 920/457/417
f 48/403/371 162/402/370 1633/459/419
f 162/402/370 1643/410/378 937/460/420
f 56/408/376 164/406/374 1638/455/416
f 1489/462/422 753/361/332 49/363/334
f 1549/463/423 826/407/375 56/408/376
f 159/464/424 56/408/376 930/461/421
f 42/451/382 148/450/382 1569/466/426
f 768/351/324 1498/369/340 140/370/319
f 1499/366/337 161/365/336 59/419/384
f 161/365/336 1578/429/393 864/468/428
f 148/450/382 44/484/382 873/469/429
f 146/470/319 1553/487/443 820/471/430
f 743/346/320 36/345/319 141/350/319
f 51/360/331 158/349/323 1573/415/381
f 926/473/432 1634/492/448 153/474/382
f 778/375/345 54/374/344 169/433/397
f 1524/476/433 792/1121/1074 1647/477/434
f 163/478/435 1647/477/434 898/479/436
f 149/418/382 1589/417/383 884/481/438
f 748/378/348 61/377/347 168/432/396
f 767/364/335 1489/462/422 155/430/394
f 1574/483/440 868/533/485 44/484/382
f 61/377/347 853/434/398 1563/485/441
f 1548/486/442 832/1160/1112 1553/487/443
f 825/488/444 1548/486/442 146/470/319
f 153/474/382 1629/493/449 931/490/446
f 1634/492/448 936/1188/1143 1629/493/449
f 40/494/450 144/510/464 1528/495/451
f 1503/496/452 773/502/457 37/497/319
f 166/354/326 1583/420/385 879/498/453
f 46/443/406 894/522/476 1609/499/454
f 758/501/456 1503/496/452 142/386/319
f 773/502/457 1518/527/480 143/394/319
f 147/503/382 1579/504/458 873/469/429
f 45/416/382 863/524/478 1579/504/458
f 1539/505/459 821/401/369 48/403/371
f 42/451/382 152/456/382 1624/458/418
f 1709/506/460 175/602/461 62/507/461
f 1619/509/463 926/473/432 47/475/382
f 144/510/464 1523/513/467 811/511/465
f 1533/512/466 793/1131/1084 1523/513/467
f 1614/514/468 151/500/455 1604/515/469
f 151/500/455 1609/499/454 915/517/471
f 1549/463/423 159/464/424 1644/518/472
f 816/520/474 41/411/319 145/413/319
f 52/400/368 156/398/366 1623/425/389
f 159/464/424 1628/465/425 935/521/475
f 788/385/355 53/384/354 157/439/402
f 1558/489/445 146/470/319 41/411/319
f 47/475/382 153/474/382 1639/491/447
f 150/422/382 1594/525/479 894/522/476
f 37/497/319 143/394/319 1513/396/364
f 1484/482/439 168/432/396 55/348/322
f 863/524/478 45/416/382 149/418/382
f 43/438/382 884/481/438 1594/525/479
f 1524/526/433 163/529/435 60/446/409
f 1518/527/480 783/535/487 40/494/450
f 160/379/349 1598/436/400 889/528/481
f 163/529/435 1603/2104/437 916/530/482
f 1493/472/431 141/350/319 38/352/319
f 140/370/319 39/356/319 747/358/329
f 854/531/483 45/416/382 147/503/382
f 1564/532/484 147/503/382 44/484/382
f 145/413/319 1538/412/379 752/534/486
f 783/535/487 1533/512/466 144/510/464
f 888/444/407 46/443/406 151/500/455
f 859/467/427 1619/509/463 152/456/382
f 1660/536/488 972/711/639 81/537/489
f 171/539/461 1654/593/539 978/540/491
f 967/542/492 85/608/551 196/543/493
f 65/545/461 172/575/461 1674/546/495
f 952/548/497 1660/536/488 188/538/490
f 963/550/499 1705/696/624 184/551/500
f 977/553/502 76/615/557 191/554/503
f 64/541/461 170/559/461 1649/556/505
f 1664/558/507 968/692/621 65/545/461
f 1670/544/494 196/543/493 83/560/508
f 1680/562/510 187/628/569 80/563/511
f 1675/565/513 199/622/564 87/566/514
f 982/561/509 83/560/508 190/568/516
f 1685/569/517 190/568/516 84/570/518
f 1695/572/520 195/582/529 79/573/521
f 172/575/461 63/688/461 987/576/523
f 992/571/519 84/570/518 197/577/524
f 1700/578/525 197/577/524 1812/579/526
f 1020/581/528 86/635/575 195/582/529
f 173/583/461 66/685/461 997/584/530
f 1710/586/532 952/548/497 77/549/498
f 1025/588/534 1710/586/532 186/587/533
f 1031/590/536 1720/598/544 192/591/537
f 62/507/461 962/720/648 1654/593/539
f 1725/594/540 1025/588/534 78/589/535
f 1036/596/542 1725/594/540 194/595/541
f 1720/598/544 1041/2105/1183 1809/599/545
f 67/600/461 1030/662/596 1704/601/546
f 188/538/490 81/537/489 1079/603/547
f 71/605/549 1064/717/645 1755/606/550
f 85/608/551 1074/659/594 1749/609/552
f 1088/610/553 69/627/549 180/611/549
f 186/587/533 77/549/498 1059/613/555
f 76/615/557 185/619/561 1734/616/558
f 76/615/557 1084/617/559 1744/618/560
f 185/619/561 75/552/501 1068/620/562
f 198/621/563 1729/676/607 1079/603/547
f 199/622/564 1754/624/566 1063/623/565
f 80/563/511 1093/629/570 1754/624/566
f 83/560/508 1089/689/618 1764/625/567
f 1750/626/568 179/607/549 69/627/549
f 187/628/569 1759/630/571 1093/629/570
f 79/573/521 1103/634/574 1759/630/571
f 84/570/518 1099/715/643 1779/631/572
f 1765/612/554 180/611/549 72/632/549
f 195/582/529 1774/636/576 1103/634/574
f 86/635/575 1126/716/644 1774/636/576
f 197/577/524 1779/631/572 1109/637/577
f 1058/638/578 1740/674/606 178/639/549
f 75/552/501 184/551/500 1784/641/579
f 184/551/500 74/592/538 1135/642/580
f 194/595/541 78/589/535 1131/643/581
f 182/645/549 73/666/549 1130/646/583
f 74/592/538 192/591/537 1799/648/585
f 192/591/537 1809/599/545 1147/649/586
f 82/597/543 194/595/541 1804/644/582
f 1655/651/588 963/550/499 75/552/501
f 1715/652/589 1036/1964/542 82/653/543
f 189/654/590 82/653/543 1140/655/587
f 68/640/549 178/639/549 1735/657/592
f 978/540/491 1664/558/507 170/559/461
f 1665/555/504 191/554/503 85/608/551
f 191/554/503 1744/618/560 1074/659/594
f 178/639/549 70/675/549 1083/660/595
f 176/661/461 1719/678/609 1030/662/596
f 953/508/462 62/507/461 171/539/461
f 77/549/498 188/538/490 1739/604/548
f 1136/664/598 1800/683/614 183/665/549
f 988/564/512 80/563/511 199/622/564
f 1690/667/599 1002/2094/1154 1813/668/600
f 193/669/601 1813/668/600 1108/670/602
f 179/607/549 1755/606/550 1094/672/604
f 958/567/515 87/566/514 198/621/563
f 977/553/502 1655/651/588 185/619/561
f 1740/674/606 1078/719/647 70/675/549
f 87/566/514 1063/623/565 1729/676/607
f 1714/677/608 1042/1228/1192 1719/678/609
f 1035/679/610 1714/677/608 176/661/461
f 183/665/549 1795/684/615 1141/681/612
f 1800/683/614 1146/1254/1223 1795/684/615
f 66/685/461 174/698/626 1694/686/616
f 1669/687/617 983/693/622 63/688/461
f 196/543/493 1749/609/552 1089/689/618
f 72/632/549 1104/710/638 1775/690/619
f 968/692/621 1669/687/617 172/575/461
f 983/693/622 1684/714/642 173/583/461
f 177/694/549 1745/695/623 1083/660/595
f 71/605/549 1073/712/640 1745/695/623
f 1705/696/624 1031/590/536 74/592/538
f 68/640/549 182/645/549 1790/647/584
f 1785/697/625 1136/664/598 73/666/549
f 174/698/626 1689/701/629 1021/699/627
f 1699/700/628 1003/1206/1164 1689/701/629
f 1780/702/630 181/691/620 1770/703/631
f 181/691/620 1775/690/619 1125/705/633
f 1715/652/589 189/654/590 1810/706/634
f 1026/708/636 67/600/461 175/602/461
f 78/589/535 186/587/533 1789/614/556
f 189/654/590 1794/656/591 1145/709/637
f 998/574/522 79/573/521 187/628/569
f 1724/680/611 176/661/461 67/600/461
f 73/666/549 183/665/549 1805/682/613
f 180/611/549 1760/713/641 1104/710/638
f 63/688/461 173/583/461 1679/585/531
f 1650/673/605 198/621/563 81/537/489
f 1073/712/640 71/605/549 179/607/549
f 69/627/549 1094/672/604 1760/713/641
f 1690/667/599 193/669/601 86/635/575
f 1684/714/642 993/721/649 66/685/461
f 190/568/516 1764/625/567 1099/715/643
f 193/669/601 1769/671/603 1126/716/644
f 1659/663/597 171/539/461 64/541/461
f 170/559/461 65/545/461 957/547/496
f 1064/717/645 71/605/549 177/694/549
f 1730/718/646 177/694/549 70/675/549
f 175/602/461 1704/601/546 962/720/648
f 993/721/649 1699/700/628 174/698/626
f 1098/633/573 72/632/549 181/691/620
f 1069/658/593 1785/697/625 182/645/549
f 251/722/650 254/725/653 257/723/651
f 254/725/653 255/735/663 258/726/654
f 256/724/652 257/723/651 268/727/655
f 257/723/651 258/726/654 259/729/657
f 260/730/658 263/734/662 262/731/659
f 261/733/661 264/736/664 263/734/662
f 263/734/662 258/726/654 255/735/663
f 264/736/664 259/729/657 258/726/654
f 253/48/43 265/1488/667 267/737/665
f 266/740/666 267/739/665 264/736/669
f 267/739/665 268/727/668 259/729/671
f 289/178/154 292/743/674 294/741/672
f 292/743/674 299/1485/2072 295/744/675
f 293/742/673 294/741/672 306/745/676
f 294/741/672 295/744/675 296/747/678
f 290/748/679 297/1383/682 300/749/680
f 297/751/682 298/759/1346 301/752/683
f 300/753/680 301/752/683 296/747/685
f 302/755/686 305/758/689 304/756/687
f 303/746/677 306/745/676 305/758/689
f 305/758/689 301/752/691 298/759/690
f 306/745/676 296/747/678 301/752/691
f 357/138/118 366/1490/694 361/760/692
f 360/765/693 361/764/692 373/766/696
f 361/764/692 362/763/2073 363/768/698
f 358/105/93 364/771/701 367/769/699
f 364/771/701 365/776/708 368/772/702
f 367/769/699 368/772/702 363/768/704
f 369/773/705 372/775/707 371/774/706
f 370/767/697 373/766/709 372/775/707
f 372/775/707 368/772/702 365/776/708
f 373/766/709 363/768/704 368/772/702
f 394/180/156 397/1468/712 399/777/710
f 397/779/712 398/790/722 400/780/713
f 399/781/710 400/780/713 401/783/715
f 402/785/717 405/789/721 404/786/718
f 403/788/720 406/791/723 405/789/721
f 405/789/721 400/780/724 398/790/722
f 406/791/723 401/783/729 400/780/724
f 396/117/102 407/1483/727 409/792/725
f 408/793/726 409/792/725 406/791/723
f 409/792/725 410/784/728 401/783/729
f 414/795/730 417/798/733 416/796/731
f 415/797/732 422/800/735 417/798/733
f 417/798/733 418/801/736 424/799/734
f 419/802/737 422/806/735 421/803/738
f 420/805/740 418/2106/736 422/806/735
f 424/799/734 418/801/736 425/807/741
f 425/807/741 418/2106/736 420/805/740
f 429/810/743 432/2107/2074 430/811/744
f 430/811/744 432/2107/2074 431/812/746
f 433/816/750 1816/2108/2075 431/812/751
f 438/818/753 444/821/2076 439/819/754
f 438/818/756 1817/827/764 440/820/757
f 448/830/766 451/2109/2077 449/831/767
f 449/831/767 451/2109/2077 450/832/769
f 458/838/776 462/841/2078 459/839/777
f 459/839/777 462/841/2078 460/842/780
f 462/847/785 464/1555/2079 1818/848/786
f 468/849/788 471/853/792 470/850/789
f 469/852/791 472/2110/794 471/853/792
f 471/853/792 479/856/795 477/854/793
f 474/857/796 472/2111/794 475/858/797
f 475/858/797 472/2110/794 469/852/791
f 476/861/799 479/863/795 478/862/800
f 479/863/795 472/2111/794 474/857/796
f 483/864/801 488/867/805 487/865/802
f 483/864/801 1815/2112/808 484/866/804
f 492/872/809 495/876/813 494/873/810
f 493/875/812 498/2113/822 495/876/813
f 497/881/817 498/2113/822 493/875/812
f 499/883/819 502/885/821 501/884/820
f 500/878/815 495/877/813 502/885/821
f 506/887/823 512/890/826 507/888/824
f 506/887/823 1819/896/2080 508/889/825
f 516/899/835 519/902/838 518/900/836
f 517/901/837 520/904/2081 519/902/838
f 519/902/838 521/905/841 528/903/839
f 514/906/223 522/909/844 525/907/842
f 522/909/844 523/915/1475 526/910/845
f 524/908/843 525/907/842 520/904/846
f 525/907/842 526/910/845 521/911/848
f 527/912/849 530/914/851 529/913/850
f 528/903/839 521/905/841 530/914/851
f 530/914/851 526/910/2082 523/915/852
f 200/243/217 533/919/857 535/916/854
f 1820/918/856 536/921/859 535/916/854
f 535/916/854 537/922/860 544/920/858
f 531/923/264 538/926/863 541/924/861
f 538/926/863 539/932/1471 542/927/864
f 540/925/862 541/924/861 536/921/865
f 541/924/861 542/927/864 537/928/867
f 543/929/868 546/931/870 545/930/869
f 544/920/858 537/922/860 546/931/870
f 546/931/870 542/927/2083 539/932/871
f 550/933/873 553/936/876 552/934/874
f 551/935/875 554/944/884 553/936/876
f 553/936/876 565/939/879 562/937/877
f 553/936/876 554/944/884 555/938/878
f 556/940/880 559/943/883 558/941/881
f 557/942/882 560/948/888 559/943/883
f 559/943/883 554/944/884 551/935/875
f 559/943/883 560/948/888 555/938/878
f 561/945/885 564/947/887 563/946/886
f 562/937/877 565/939/879 564/947/887
f 564/947/887 560/948/888 557/942/882
f 564/947/887 565/939/879 555/938/878
f 569/949/889 572/952/892 571/950/890
f 570/951/891 573/954/2084 572/952/892
f 572/952/892 574/955/895 581/953/893
f 567/956/274 575/959/898 578/957/896
f 575/959/898 576/965/1463 579/960/899
f 577/958/897 578/957/896 573/954/900
f 578/957/896 579/960/899 574/961/902
f 580/962/903 583/964/905 582/963/904
f 581/953/893 574/955/895 583/964/905
f 583/964/905 579/960/2085 576/965/906
f 584/966/908 587/970/1600 590/967/909
f 588/969/911 595/978/2086 590/967/912
f 589/968/910 590/967/912 596/971/914
f 590/967/912 595/978/2086 591/973/916
f 585/307/281 592/976/919 595/974/917
f 592/976/919 593/983/927 596/977/920
f 597/979/923 600/982/926 599/980/924
f 598/972/915 596/971/914 600/982/925
f 600/982/926 596/977/920 593/983/927
f 604/984/928 607/987/931 606/985/929
f 605/986/930 608/997/933 607/987/931
f 607/987/931 618/990/934 615/988/932
f 609/991/935 612/995/938 611/992/936
f 610/994/937 613/996/939 612/995/938
f 612/995/938 608/997/933 605/986/930
f 614/998/940 617/1000/942 616/999/941
f 615/988/932 618/990/934 617/1000/942
f 617/1000/942 613/996/939 610/994/937
f 618/990/934 608/989/933 613/996/939
f 619/318/292 622/1003/945 625/1001/943
f 622/1003/945 623/1013/957 631/1004/946
f 625/1001/947 635/1007/951 633/1005/948
f 625/1001/947 631/1004/946 626/1006/950
f 627/1008/952 630/1012/955 629/1009/953
f 628/1011/954 631/1018/964 630/1012/955
f 630/1012/956 631/1004/946 623/1013/957
f 621/1014/958 632/1017/1564 635/1015/959
f 634/1016/960 635/1015/959 631/1018/964
f 639/1019/966 642/1023/970 641/1020/967
f 640/1022/969 643/1025/972 642/1023/970
f 642/1023/970 653/1026/973 650/1024/971
f 643/1025/972 648/1031/978 653/1026/973
f 644/1027/974 647/1030/977 646/1028/975
f 645/1029/976 648/1036/978 647/1030/977
f 647/1030/977 643/1025/972 640/1022/969
f 649/1032/979 652/1035/981 651/1033/980
f 650/1024/971 653/1026/973 652/1035/981
f 652/1035/981 648/1036/978 645/1029/976
f 654/339/313 657/1039/984 660/1037/982
f 657/1039/984 658/1049/996 666/1040/985
f 660/1037/986 670/1043/990 668/1041/987
f 660/1037/986 666/1040/985 661/1042/989
f 662/1044/991 665/1048/994 664/1045/992
f 663/1047/993 666/1053/1001 665/1048/994
f 665/1048/995 666/1040/985 658/1049/996
f 656/310/284 667/1052/1581 670/1050/997
f 669/1051/998 670/1050/997 666/1053/1001
f 671/212/186 674/1056/1584 676/1054/1003
f 674/1056/1005 681/1604/1586 677/1057/1006
f 675/1055/1004 676/1054/1003 688/1058/1007
f 676/1054/1003 677/1057/1006 678/1060/1009
f 672/313/287 679/1063/1012 682/1061/1010
f 679/1063/1012 680/1069/1018 683/1064/1013
f 682/1061/1010 683/1064/1013 678/1060/1009
f 684/1065/1015 687/1068/1017 686/1066/1016
f 685/1059/1008 688/1058/1007 687/1068/1017
f 687/1068/1017 683/1064/1013 680/1069/1018
f 688/1058/1007 678/1060/1009 683/1064/1013
f 689/343/317 692/1072/1021 695/1070/1019
f 692/1072/1021 693/1082/1031 696/1073/1022
f 694/1071/1023 695/1070/1019 706/1074/1024
f 695/1070/1019 696/1073/1022 697/1076/1026
f 698/1077/1027 701/1081/1030 700/1078/1028
f 699/1080/1029 702/1083/1032 701/1081/1030
f 701/1081/1030 696/1073/1022 693/1082/1031
f 702/1083/1032 697/1076/1026 696/1073/1022
f 691/1084/1033 703/1610/1036 705/1085/1034
f 704/1086/1035 705/1085/1034 702/1083/1032
f 705/1085/1034 706/1074/1037 697/1076/1026
f 710/1087/1038 713/1090/1041 712/1088/1039
f 711/1089/1040 714/1092/1043 713/1090/1041
f 713/1090/1041 724/1093/1044 721/1091/1042
f 714/1092/1043 719/1098/1049 724/1093/1044
f 715/1094/1045 718/1097/1048 717/1095/1046
f 716/1096/1047 719/1103/1049 718/1097/1048
f 718/1097/1048 714/1092/1043 711/1089/1040
f 720/1099/1050 723/1102/1052 722/1100/1051
f 721/1091/1042 724/1093/1044 723/1102/1052
f 723/1102/1052 719/1103/1049 716/1096/1047
f 725/201/175 728/1107/2087 731/1104/1053
f 729/1106/1055 736/1115/2088 731/1104/1056
f 730/1105/1054 731/1104/1056 737/1108/1058
f 731/1104/1056 736/1115/2088 732/1110/1060
f 726/303/277 733/1113/1063 736/1111/1061
f 733/1113/1063 734/1120/1073 737/1114/1064
f 738/1116/1069 741/1119/1072 740/1117/1070
f 739/1109/1059 737/1108/1058 741/1119/1071
f 741/1119/1072 737/1114/1064 734/1120/1073
f 792/1121/1074 795/1124/1077 798/1122/1075
f 795/1124/1077 796/1134/1087 799/1125/1078
f 797/1123/1076 798/1122/1075 809/1126/1079
f 798/1122/1075 799/1125/1078 800/1128/1081
f 801/1129/1082 804/1133/1086 803/1130/1083
f 802/1132/1085 805/1135/1088 804/1133/1086
f 804/1133/1086 799/1125/1078 796/1134/1087
f 805/1135/1088 800/1128/1081 799/1125/1078
f 794/391/360 806/1850/1091 808/1136/1089
f 807/1137/1090 808/1136/1089 805/1140/1093
f 808/1136/1089 809/1139/1092 800/1142/1095
f 830/1143/473 833/1146/1098 835/1144/1096
f 833/1146/1098 840/1847/2089 836/1147/1099
f 834/1145/1097 835/1144/1096 847/1148/1100
f 835/1144/1096 836/1147/1099 837/1150/1102
f 831/1151/1103 838/1154/1106 841/1152/1104
f 838/1154/1106 839/1742/1735 842/1155/1107
f 841/1152/1104 842/1155/1107 837/1157/1109
f 843/1158/1110 846/1161/1113 845/1159/1111
f 844/1149/1101 847/1148/1100 846/1161/1113
f 846/1161/1113 842/1163/1115 839/1162/1114
f 847/1148/1100 837/1150/1102 842/1163/1115
f 898/1164/436 901/2114/1118 903/1165/1116
f 902/1166/1117 903/1165/1116 914/1169/1120
f 903/1165/1116 904/1168/1119 905/1171/1122
f 899/448/411 906/1174/1125 908/1172/1123
f 906/1174/1125 907/1179/1133 909/1175/1126
f 908/1172/1123 909/1175/1126 905/1171/1128
f 910/1176/1130 913/1178/1132 912/1177/1131
f 911/1170/1121 914/1169/1134 913/1178/1132
f 913/1178/1132 909/1175/1126 907/1179/1133
f 914/1169/1134 905/1171/1128 909/1175/1126
f 935/521/475 938/1182/1137 941/1180/1135
f 938/1182/1137 939/1191/1146 942/1183/1138
f 941/1180/1135 942/1183/1138 943/1185/1140
f 944/1186/1141 947/1190/1145 946/1187/1142
f 945/1189/1144 948/1192/1147 947/1190/1145
f 947/1190/1145 942/1183/1148 939/1191/1146
f 948/1192/1147 943/1185/1153 942/1183/1148
f 937/460/420 940/1842/1151 950/1193/1149
f 949/1194/1150 950/1193/1149 948/1192/1147
f 950/1193/1149 951/1184/2090 943/1185/1153
f 1002/1196/1154 1005/1199/1157 1008/1197/1155
f 1005/1199/1157 1006/1209/1167 1009/1200/1158
f 1007/1198/1156 1008/1197/1155 1019/1201/1159
f 1008/1197/1155 1009/1200/1158 1010/1203/1161
f 1011/1204/1162 1014/1208/1166 1013/1205/1163
f 1012/1207/1165 1015/1210/1168 1014/1208/1166
f 1014/1208/1166 1009/1200/1158 1006/1209/1167
f 1015/1210/1168 1010/1203/1161 1009/1200/1158
f 1004/1211/527 1016/2115/1171 1018/1212/1169
f 1017/1213/1170 1018/1212/1169 1015/1210/1173
f 1018/1212/1169 1019/1201/1172 1010/1203/1175
f 1040/707/635 1043/1216/1178 1045/1214/1176
f 1043/1216/1178 1050/2088/2091 1046/1217/1179
f 1044/1215/1177 1045/1214/1176 1057/1218/1180
f 1045/1214/1176 1046/1217/1179 1047/1220/1182
f 1041/1221/1183 1048/1224/1186 1051/1222/1184
f 1048/1224/1186 1049/1230/1954 1052/1225/1187
f 1051/1222/1184 1052/1225/1187 1047/1220/1189
f 1053/1226/1190 1056/1229/1193 1055/1227/1191
f 1054/1219/1181 1057/1218/1180 1056/1229/1193
f 1056/1229/1193 1052/1225/1195 1049/1230/1194
f 1057/1218/1180 1047/1220/1182 1052/1225/1195
f 1108/670/602 1117/2096/1198 1112/1231/1196
f 1111/1232/1197 1112/1231/1196 1124/1235/1200
f 1112/1231/1196 1113/1234/2092 1114/1237/1202
f 1109/637/577 1115/1240/1205 1118/1238/1203
f 1115/1240/1205 1116/1245/1212 1119/1241/1206
f 1118/1238/1203 1119/1241/1206 1114/1237/1208
f 1120/1242/1209 1123/1244/1211 1122/1243/1210
f 1121/1236/1201 1124/1235/1213 1123/1244/1211
f 1123/1244/1211 1119/1241/1206 1116/1245/1212
f 1124/1235/1213 1114/1237/1208 1119/1241/1206
f 1145/709/637 1148/1248/1216 1150/1246/1214
f 1148/1248/1216 1149/1258/1226 1151/1249/1217
f 1150/1246/1214 1151/1249/1217 1152/1251/1219
f 1153/1252/1221 1156/1256/1225 1155/1253/1222
f 1154/1255/1224 1157/1260/1227 1156/1256/1225
f 1156/1257/1225 1151/1249/1228 1149/1258/1226
f 1157/1260/1227 1152/1266/1233 1151/1261/1228
f 1147/649/586 1158/2085/1231 1160/1262/1229
f 1159/1263/1230 1160/1262/1229 1157/1260/1227
f 1160/1262/1229 1161/1265/1232 1152/1266/1233
f 222/25/22 1162/24/21 1164/1267/1234
f 225/1268/1235 1164/1267/1234 1165/1269/1236
f 224/1270/1238 1165/1269/1243 1166/1271/1239
f 1166/1273/1239 1163/141/121 221/182/158
f 1162/24/21 206/15/12 208/1275/1241
f 1164/1267/1234 208/1275/1241 209/1276/1242
f 1165/1269/1243 209/1276/1281 210/1277/1244
f 210/1278/1244 207/35/31 1163/141/121
f 1167/61/55 1169/1280/1246 230/1279/1245
f 1169/1280/1246 1170/1282/1252 229/1281/1247
f 1170/1282/1248 1171/1287/1254 228/1283/1249
f 228/1284/1249 1171/1288/1254 1168/119/104
f 211/193/167 213/1285/1251 1169/1280/1246
f 213/1285/1251 214/1286/1319 1170/1282/1252
f 214/1286/1253 215/1356/1321 1171/1287/1254
f 1171/1288/1254 215/1357/1321 212/18/15
f 1172/131/113 1174/1290/1256 205/1289/1255
f 1174/1290/1256 1175/1292/1261 204/1291/1257
f 1175/1292/1258 1176/1295/1262 203/1293/1259
f 203/1294/1259 1176/1296/1262 1173/4/4
f 222/25/22 225/1268/1235 1174/1290/1256
f 225/1268/1235 224/1270/1237 1175/1292/1261
f 224/1270/1238 223/1272/1240 1176/1295/1262
f 1176/1296/1262 223/1274/1240 221/182/158
f 217/160/137 1177/26/23 1179/1297/1263
f 220/1298/1264 1179/1297/1263 1180/1299/1265
f 219/1300/1267 1180/1299/1270 1181/1301/1268
f 1181/1303/1268 1178/23/20 216/10/8
f 1177/26/23 227/8/7 230/1279/1245
f 1179/1297/1263 230/1279/1245 229/1281/1247
f 1180/1299/1270 229/1281/1250 228/1283/1249
f 228/1284/1249 226/21/18 1178/23/20
f 232/161/138 1182/155/133 1184/1305/1271
f 235/1306/1272 1184/1305/1271 1185/1307/1273
f 234/1309/1275 1185/2116/1278 1186/1310/1276
f 1186/1310/1276 1183/12/10 231/29/25
f 1182/155/133 217/160/137 220/1298/1264
f 1184/1305/1271 220/1298/1264 219/1300/1266
f 1185/1307/1278 219/1300/1267 218/1302/1269
f 218/1304/1269 216/10/8 1183/12/10
f 206/15/12 1187/14/11 1189/1313/1279
f 208/1275/1241 1189/1313/1279 1190/1314/1280
f 209/1276/1281 1190/1314/1285 1191/1315/1282
f 1191/1316/1282 1188/33/29 207/35/31
f 1187/14/11 236/44/39 238/1317/1283
f 1189/1313/1279 238/1317/1283 239/1318/1284
f 1190/1314/1285 239/1318/1289 240/1319/1286
f 240/1320/1286 237/32/28 1188/33/29
f 236/44/39 1192/53/47 1194/1321/1287
f 238/1317/1283 1194/1321/1287 1195/1322/1288
f 239/1318/1289 1195/1322/1293 1196/1323/1290
f 1196/1324/1290 1193/30/26 237/32/28
f 1192/53/47 246/52/46 248/1325/1291
f 1194/1321/1287 248/1325/1291 249/1326/1292
f 1195/1322/1293 249/1326/1311 250/1327/1294
f 250/1328/1294 247/42/38 1193/30/26
f 242/194/168 1197/186/161 1199/1329/1295
f 245/1330/1296 1199/1329/1295 1200/1331/1297
f 244/1333/1299 1200/1336/1302 1201/1334/1300
f 1201/1334/1300 1198/37/33 241/39/35
f 1197/186/161 232/161/138 235/1306/1272
f 1199/1329/1295 235/1306/1272 234/1308/1274
f 1200/1336/1302 234/1309/1275 233/1311/1277
f 233/1311/1277 231/29/25 1198/37/33
f 1202/172/148 1204/1338/1304 273/1337/1303
f 1204/1338/1304 1205/1340/1306 272/1339/1305
f 1205/1340/1306 1206/1342/1308 271/1341/1307
f 1206/1342/1308 1203/135/115 269/1343/44
f 252/732/660 262/731/659 1204/1338/1304
f 262/731/659 255/735/663 1205/1340/1306
f 255/735/663 254/725/653 1206/1342/1308
f 254/725/653 251/722/650 1203/135/115
f 246/52/46 1207/154/132 1209/1344/1309
f 248/1325/1291 1209/1344/1309 1210/1345/1310
f 249/1326/1311 1210/1345/1313 1211/1346/1312
f 250/1328/1294 1211/1348/1312 1208/40/36
f 1207/154/132 270/170/146 273/1337/1303
f 1209/1344/1309 273/1337/1303 272/1339/1305
f 1210/1345/1313 272/1339/1305 271/1341/1307
f 271/1347/1307 269/49/44 1208/40/36
f 252/732/660 1212/171/147 1214/1349/1314
f 260/730/658 1214/1349/1314 1215/1350/1315
f 261/1351/670 1215/1353/1317 1216/1352/1316
f 266/738/666 1216/1352/1316 1213/46/41
f 1212/171/147 242/194/168 245/1330/1296
f 1214/1349/1314 245/1330/1296 244/1332/1298
f 1215/1353/1317 244/1333/1299 243/1335/1301
f 1216/1352/1316 243/1335/1301 241/39/35
f 1217/69/62 1219/1354/1318 213/1285/1251
f 1219/1354/1318 1220/1355/1323 214/1286/1319
f 1220/1355/1320 1221/1360/1325 215/1356/1321
f 215/1357/1321 1221/1361/1325 1218/164/140
f 279/130/112 281/1358/1322 1219/1354/1318
f 281/1358/1322 282/1359/1341 1220/1355/1323
f 282/1359/1324 283/1379/1343 1221/1360/1325
f 1221/1361/1325 283/1381/1343 280/58/52
f 1222/1/1 1224/1363/1327 278/1362/1326
f 1224/1363/1327 1225/1365/1332 277/1364/1328
f 1225/1365/1329 1226/1368/1333 276/1366/1330
f 276/1367/1330 1226/1369/1333 1223/54/48
f 202/3/3 205/1289/1255 1224/1363/1327
f 205/1289/1255 204/1291/1257 1225/1365/1332
f 204/1291/1260 203/1293/1259 1226/1368/1333
f 1226/1369/1333 203/1294/1259 201/16/13
f 291/757/688 1227/145/124 1229/1370/1334
f 302/755/686 1229/1370/1334 1230/1371/1335
f 303/746/677 1230/1371/1335 1231/1372/1336
f 293/742/673 1231/1372/1336 1228/120/105
f 1227/145/124 284/147/126 286/1373/1337
f 1229/1370/1334 286/1373/1337 287/1374/1338
f 1230/1371/1335 287/1374/1338 288/1375/1339
f 1231/1372/1336 288/1375/1339 285/1376/58
f 1232/146/125 1234/1377/1340 281/1358/1322
f 1234/1377/1340 1235/1378/1345 282/1359/1341
f 1235/1378/1342 1236/1382/1344 283/1379/1343
f 1236/1380/1344 1233/66/60 280/58/52
f 291/757/688 304/756/687 1234/1377/1340
f 304/756/687 298/759/690 1235/1378/1345
f 298/759/1346 297/751/682 1236/1382/1344
f 297/1383/682 290/748/679 1233/66/60
f 1237/148/127 1239/1384/1347 286/1373/1337
f 1239/1384/1347 1240/1385/1349 287/1374/1338
f 1240/1385/1348 1241/1387/1350 288/1375/1339
f 288/1386/1339 1241/1388/1350 1238/62/56
f 275/179/155 278/1362/1326 1239/1384/1347
f 278/1362/1326 277/1364/1328 1240/1385/1349
f 277/1364/1331 276/1366/1330 1241/1387/1350
f 276/1367/1330 274/56/50 1238/62/56
f 1242/144/123 1244/1390/1352 331/1389/1351
f 1244/1390/1352 1245/1392/1354 330/1391/1353
f 1245/1392/1354 1246/1394/1356 329/1393/1355
f 1246/1394/1356 1243/191/165 327/192/166
f 312/91/81 314/1395/1357 1244/1390/1352
f 314/1395/1357 315/1396/1358 1245/1392/1354
f 315/1396/1358 316/1397/1359 1246/1394/1356
f 316/1397/1359 313/190/164 1243/191/165
f 336/1399/1361 1249/1398/1360 1250/1400/1362
f 334/1403/1365 1251/1402/1364 1248/125/108
f 1247/84/74 317/88/78 319/1404/1366
f 1249/1398/1360 319/1404/1366 320/1405/1367
f 1250/1400/1362 320/1405/1367 321/1406/1368
f 1251/1402/1364 321/1406/1368 318/126/109
f 308/81/71 1252/72/64 1254/1407/1369
f 311/1408/1370 1254/1407/1369 1255/1409/1371
f 310/1410/1372 1255/1409/1371 1256/1411/1373
f 1252/72/64 328/71/63 331/1389/1351
f 1254/1407/1369 331/1389/1351 330/1391/1353
f 1255/1409/1371 330/1391/1353 329/1393/1355
f 1256/1411/1373 329/1393/1355 327/192/166
f 1257/86/76 1259/1414/1376 326/1413/1375
f 1259/1414/1376 1260/1416/1378 325/1415/1377
f 1260/1416/1378 1261/1418/1380 324/1417/1379
f 1261/1418/1380 1258/163/139 322/183/159
f 333/85/75 336/1399/1361 1259/1414/1376
f 336/1399/1361 335/1401/1363 1260/1416/1378
f 335/1401/1363 334/1403/1365 1261/1418/1380
f 334/1403/1365 332/128/111 1258/163/139
f 1262/77/68 1264/1420/1382 341/1419/1381
f 1265/1422/1384 1266/1424/1386 339/1423/1385
f 1266/1424/1386 1263/94/84 337/78/69
f 323/127/110 326/1413/1375 1264/1420/1382
f 326/1413/1375 325/1415/1377 1265/1422/1384
f 325/1415/1377 324/1417/1379 1266/1424/1386
f 324/1417/1379 322/183/159 1263/94/84
f 1267/92/82 1269/1425/1387 314/1395/1357
f 1269/1425/1387 1270/1426/1388 315/1396/1358
f 1270/1426/1388 1271/1427/1389 316/1397/1359
f 1271/1427/1389 1268/74/66 313/190/164
f 342/97/86 344/1428/1390 1269/1425/1387
f 344/1428/1390 345/1429/1391 1270/1426/1388
f 345/1429/1391 346/1430/1392 1271/1427/1389
f 346/1430/1392 343/140/120 1268/74/66
f 1272/98/87 1274/1431/1393 344/1428/1390
f 1274/1431/1393 1275/1432/1394 345/1429/1391
f 1275/1432/1394 1276/1433/1395 346/1430/1392
f 1276/1433/1395 1273/184/160 343/140/120
f 352/102/90 354/1434/1396 1274/1431/1393
f 354/1434/1396 355/1435/1397 1275/1432/1394
f 355/1435/1397 356/1436/1398 1276/1433/1395
f 356/1436/1398 353/181/157 1273/184/160
f 1277/93/83 1279/1438/1400 351/1437/1399
f 1279/1438/1400 1280/1440/1402 350/1439/1401
f 1280/1440/1402 1281/1442/1404 349/1441/1403
f 338/157/134 341/1419/1381 1279/1438/1400
f 341/1419/1381 340/1421/1383 1280/1440/1402
f 340/1421/1383 339/1423/1385 1281/1442/1404
f 339/1423/1385 337/78/69 1278/80/70
f 375/189/163 1282/2103/119 1284/1443/1405
f 378/1444/1406 1284/1443/1405 1285/1445/1407
f 377/1446/1408 1285/1445/1407 1286/1447/1409
f 376/1448/1410 1286/1447/1409 1283/174/150
f 1282/139/119 357/138/118 360/761/693
f 1284/1443/1405 360/765/693 370/767/697
f 1285/1445/1407 370/767/697 369/773/705
f 1286/1447/1409 369/773/705 359/175/151
f 1287/104/92 1289/1450/1411 354/1434/1396
f 1289/1450/1411 1290/1451/1412 355/1435/1397
f 1290/1451/1412 1291/1452/1413 356/1436/1398
f 1291/1452/1413 1288/158/135 353/181/157
f 375/189/163 378/1444/1406 1289/1450/1411
f 378/1444/1406 377/1446/1408 1290/1451/1412
f 377/1446/1408 376/1448/1410 1291/1452/1413
f 376/1448/1410 374/176/152 1288/158/135
f 1292/99/88 1294/1453/1414 364/771/701
f 1294/1453/1414 1295/1454/1415 365/776/708
f 1295/1454/1415 1296/1455/1416 371/774/706
f 1296/1455/1416 1293/173/149 359/175/151
f 351/1437/1399 350/1439/1401 1295/1454/1415
f 350/1439/1401 349/1441/1403 1296/1455/1416
f 319/1404/1366 1299/1456/1417 1300/1457/1418
f 320/1405/1367 1300/1457/1418 1301/1458/1419
f 321/1406/1368 1301/1458/1419 1298/168/144
f 1297/109/95 384/110/96 386/1459/1420
f 1299/1456/1417 386/1459/1420 387/1460/1421
f 1300/1457/1418 387/1460/1421 388/1461/1422
f 380/111/97 1302/82/72 1304/1462/1423
f 383/1463/1424 1304/1462/1423 1305/1464/1425
f 382/1465/1426 1305/1464/1425 1306/1466/1427
f 381/1467/1428 1306/1466/1427 1303/115/100
f 1302/82/72 308/81/71 311/1408/1370
f 1304/1462/1423 311/1408/1370 310/1410/1372
f 1305/1464/1425 310/1410/1372 309/1412/1374
f 1306/1466/1427 309/1412/1374 307/106/94
f 1307/124/107 1309/2117/1429 397/1468/712
f 1309/1469/1429 1310/1470/1430 398/790/722
f 1310/1470/1430 1311/1471/1431 404/786/718
f 1311/1471/1431 1308/152/131 395/787/719
f 389/118/103 391/1473/1432 1309/1469/1429
f 391/1473/1432 392/1474/1433 1310/1470/1430
f 392/1474/1433 393/1475/1434 1311/1471/1431
f 393/1475/1434 390/149/128 1308/152/131
f 384/110/96 1312/116/101 1314/1476/1435
f 386/1459/1420 1314/1476/1435 1315/1477/1436
f 388/1461/1422 1316/1478/1437 1313/151/130
f 1312/116/101 396/117/102 408/793/726
f 1315/1477/1436 403/788/720 402/785/717
f 1316/1478/1437 402/785/717 395/787/719
f 389/118/103 1317/112/98 1319/1479/1438
f 391/1473/1432 1319/1479/1438 1320/1480/1439
f 392/1474/1433 1320/1480/1439 1321/1481/1440
f 393/1475/1434 1321/1481/1440 1318/150/129
f 1317/112/98 380/111/97 383/1463/1424
f 1319/1479/1438 383/1463/1424 382/1465/1426
f 1320/1480/1439 382/1465/1426 381/1467/1428
f 1321/1481/1440 381/1467/1428 379/114/99
f 396/117/102 1322/67/61 1324/1482/1441
f 407/778/1442 1324/1486/1448 1323/177/153
f 1322/67/61 290/748/679 299/750/1444
f 1324/1486/1448 292/743/2093 289/178/154
f 253/48/43 1325/47/42 1327/1487/1449
f 1327/1489/1453 1326/136/116 251/722/650
f 1325/47/42 358/105/93 366/770/700
f 366/1490/1455 357/138/2094 1326/136/116
f 532/260/234 1328/259/233 1330/1491/1456
f 543/929/868 1330/1491/1456 1331/1492/1457
f 1331/1492/1457 1332/1493/1458 534/917/855
f 1332/1493/1458 1329/261/235 200/243/217
f 1328/259/233 547/275/249 552/934/874
f 1330/1491/1456 552/934/874 562/937/877
f 562/937/877 561/945/885 1332/1493/1458
f 561/945/885 549/301/275 1329/261/235
f 1333/253/227 1335/1494/1459 556/940/880
f 1335/1494/1459 1336/1496/1461 557/942/882
f 557/942/882 1336/1496/1461 1337/1495/1460
f 563/946/886 1337/1495/1460 1334/240/214
f 566/231/205 571/950/890 1335/1494/1459
f 571/950/890 581/953/893 1336/1496/1461
f 1336/1496/1461 581/953/893 580/962/903
f 1337/1495/1460 580/962/903 568/269/243
f 1338/1497/262 1340/1498/1462 575/959/898
f 1340/1498/1462 1341/1500/1465 576/965/1463
f 1341/1499/1464 1339/242/216 568/269/243
f 1338/1497/262 531/923/264 540/925/862
f 1340/1498/1462 540/925/862 1820/918/866
f 1341/1499/1464 533/919/857 200/243/1466
f 515/299/273 1342/296/270 1344/1501/1467
f 527/912/849 1344/1501/1467 1345/1502/1468
f 1345/1502/1468 1346/1503/1469 518/900/836
f 1346/1503/1469 1343/274/248 513/280/254
f 1342/296/270 548/254/228 558/941/881
f 1344/1501/1467 558/941/881 551/935/875
f 551/935/875 550/933/873 1346/1503/1469
f 1351/1508/225 1353/1509/1474 522/909/844
f 1353/1509/1474 1354/1511/1477 523/915/1475
f 1354/1510/1476 1352/230/204 515/299/273
f 1351/1508/225 567/956/274 577/958/897
f 1353/1509/1474 577/958/897 570/951/901
f 1354/1510/1476 569/949/889 566/231/205
f 438/818/1479 1357/1512/1478 1358/1513/1480
f 441/1516/1483 1359/1515/1482 1356/246/220
f 416/796/731 424/799/734 1358/1513/1480
f 423/808/742 413/244/218 1356/246/220
f 1362/1518/1485 423/809/742 420/805/740
f 1364/1520/1489 419/802/737 412/804/739
f 1365/315/289 1367/1522/1490 441/1521/1483
f 1368/1523/1492 1369/1524/1493 444/825/763
f 1365/315/289 447/216/190 453/1525/1484
f 1367/1522/1490 453/1525/1484 452/1526/1494
f 1369/1524/1493 451/836/1495 446/247/221
f 465/851/790 1370/298/272 1372/1527/1496
f 468/849/788 1372/1527/1496 1373/1528/1497
f 469/852/791 1373/1528/1497 1374/1529/1498
f 473/860/798 1374/1529/1498 1371/278/252
f 426/219/193 430/811/1499 1372/1527/1496
f 430/811/1499 1816/813/1500 1373/1528/1497
f 1816/813/1500 434/1530/1501 1374/1529/1498
f 434/1530/1501 428/276/250 1371/278/252
f 480/272/246 1375/262/236 1377/1531/1502
f 483/864/1503 1377/1531/1502 1378/1532/1504
f 1815/1533/1505 1378/1532/1504 1379/1534/1506
f 485/1535/1507 1379/1534/1506 1376/336/310
f 467/264/238 478/862/800 1377/1531/1502
f 478/862/800 474/857/796 1378/1532/1504
f 474/857/796 473/859/798 1379/1534/1506
f 473/859/798 466/320/294 1376/336/310
f 1380/208/182 1382/1537/1508 485/1536/1507
f 1382/1537/1508 1383/1538/1510 1815/871/1509
f 1383/1538/1510 1384/1539/1512 488/869/1511
f 1384/1539/1512 1381/267/241 482/270/244
f 1380/208/182 428/276/250 434/1540/1501
f 1382/1537/1508 434/1540/1501 433/816/1513
f 1383/1538/1510 433/816/1513 432/817/1514
f 1384/1539/1512 432/817/1514 427/265/239
f 1385/256/230 1387/1542/1516 463/1541/1515
f 1387/1542/1516 1388/1543/1518 1818/843/1517
f 1388/1543/1518 1389/1544/1519 459/839/777
f 1389/1544/1519 1386/293/267 455/341/315
f 1385/256/230 490/279/253 496/882/818
f 1387/1542/1516 496/882/818 493/875/812
f 1388/1543/1518 493/875/812 492/872/809
f 1389/1544/1519 492/872/809 489/874/811
f 1390/326/300 1392/1545/1520 496/879/818
f 1392/1545/1520 1393/1546/1526 498/886/1521
f 1393/1546/1522 1394/1547/1523 501/884/820
f 1394/1547/1523 1391/200/174 491/284/258
f 1390/326/300 504/327/301 509/1548/1524
f 1392/1545/1520 509/1548/1524 1819/1549/1525
f 1393/1546/1522 1819/1549/2095 506/887/823
f 1394/1547/1523 506/887/823 503/198/172
f 1395/340/314 1397/1551/1527 509/1550/1524
f 1397/1551/1527 1398/1552/1529 510/897/1528
f 1398/1552/1529 1399/1553/1530 512/894/830
f 1399/1553/1530 1396/285/259 505/291/265
f 1395/340/314 457/195/169 463/1554/1515
f 1397/1551/1527 463/1554/1515 464/1555/1531
f 1398/1552/1529 464/1555/1531 462/847/783
f 1399/1553/1530 462/847/783 456/844/782
f 586/981/307 1400/1559/306 1402/1556/1532
f 597/979/923 1402/1556/1532 1403/1557/1533
f 598/972/915 1403/1557/1533 1404/1558/1534
f 1407/1560/1535 1408/1561/1536 623/1013/957
f 1408/1561/1536 1409/1562/1537 629/1009/953
f 1409/1562/1537 1406/1563/196 620/1010/198
f 610/994/937 609/991/935 1409/1562/1537
f 609/991/935 602/993/308 1406/1563/196
f 1410/309/283 1412/1564/1538 592/976/919
f 1412/1564/1538 1413/1565/1539 593/983/927
f 1413/1565/1539 1414/1566/1540 599/980/924
f 1414/1566/1540 1411/1567/197 586/981/307
f 1410/309/283 621/1014/958 634/1016/960
f 1412/1564/1538 634/1016/960 628/1011/954
f 1413/1565/1539 628/1011/954 627/1008/952
f 1414/1566/1540 627/1008/952 620/1010/198
f 1415/1568/297 1417/1569/1541 649/1032/979
f 1417/1569/1541 1418/1570/1542 650/1024/971
f 1418/1570/1542 1419/1571/1543 641/1020/967
f 1419/1571/1543 1416/226/200 636/1021/968
f 655/1046/299 664/1045/992 1417/1569/1541
f 664/1045/992 658/1049/996 1418/1570/1542
f 658/1049/996 657/1039/984 1419/1571/1543
f 657/1039/984 654/339/313 1416/226/200
f 673/1067/312 1420/1575/311 1422/1572/1544
f 684/1065/1015 1422/1572/1544 1423/1573/1545
f 685/1059/1008 1423/1573/1545 1424/1574/1546
f 675/1055/1004 1424/1574/1546 1421/213/187
f 1420/1575/311 638/1034/295 651/1033/980
f 1422/1572/1544 651/1033/980 645/1029/976
f 1423/1573/1545 645/1029/976 644/1027/974
f 1424/1574/1546 644/1027/974 637/312/286
f 1425/311/285 1427/1576/1547 679/1063/1012
f 1427/1576/1547 1428/1577/1548 680/1069/1018
f 1428/1577/1548 1429/1578/1549 686/1066/1016
f 1429/1578/1549 1426/1579/298 673/1067/312
f 1425/311/285 656/310/284 669/1051/998
f 1427/1576/1547 669/1051/998 663/1047/993
f 1428/1577/1548 663/1047/993 662/1044/991
f 1429/1578/1549 662/1044/991 655/1046/299
f 1430/331/305 1432/1580/1550 692/1072/1021
f 1432/1580/1550 1433/1581/1551 693/1082/1031
f 1433/1581/1551 1434/1582/1552 700/1078/1028
f 1434/1582/1552 1431/1583/179 690/1079/189
f 707/330/304 712/1088/1039 1432/1580/1550
f 712/1088/1039 721/1091/1042 1433/1581/1551
f 721/1091/1042 720/1099/1050 1434/1582/1552
f 720/1099/1050 709/1101/177 1431/1583/179
f 708/302/276 1435/202/176 1437/1584/1553
f 715/1094/1045 1437/1584/1553 1438/1585/1554
f 716/1096/1047 1438/1585/1554 1439/1586/1555
f 722/1100/1051 1439/1586/1555 1436/1587/302
f 1435/202/176 725/201/175 730/1105/1054
f 1437/1584/1553 730/1105/1054 739/1109/1059
f 1438/1585/1554 739/1109/1059 738/1116/1069
f 1439/1586/1555 738/1116/1069 727/1118/303
f 1440/304/278 1442/1588/1556 733/1113/1063
f 1442/1588/1556 1443/1589/1557 734/1120/1073
f 1443/1589/1557 1444/1590/1558 740/1117/1070
f 1444/1590/1558 1441/1591/188 727/1118/303
f 1440/304/278 691/1084/1033 704/1086/1035
f 1442/1588/1556 704/1086/1035 699/1080/1029
f 1443/1589/1557 699/1080/1029 698/1077/1027
f 1444/1590/1558 698/1077/1027 690/1079/189
f 411/167/143 1445/166/142 1447/1592/1559
f 1447/1592/1559 1448/1593/1561 415/797/1560
f 1448/1593/1561 1449/1594/1562 421/803/738
f 1449/1594/1562 1446/237/211 412/804/739
f 1445/166/142 601/319/293 606/985/929
f 1447/1592/1559 606/985/929 615/988/932
f 615/988/932 614/998/940 1449/1594/1562
f 614/998/940 603/305/279 1446/237/211
f 621/1014/958 1450/308/282 1452/1595/1563
f 633/1005/1566 1452/1596/1570 1453/1597/1567
f 1453/1597/1569 1451/317/291 619/318/292
f 446/247/221 448/835/2096 1452/1595/1563
f 1453/1597/1569 448/830/2097 445/316/290
f 426/219/193 1454/221/195 1456/1598/1572
f 1457/1600/1577 1455/1601/1582 427/265/239
f 654/339/313 659/1038/983 1456/1598/1572
f 1456/1598/1575 659/1038/2098 668/1041/1579
f 1457/1600/1577 667/1052/1581 656/310/284
f 1458/1602/1583 1460/1605/1587 674/1056/1584
f 681/1062/1011 1460/1606/1588 1459/271/245
f 480/272/246 487/865/2099 1460/1605/1587
f 1460/1606/1588 487/868/2100 482/270/244
f 1461/283/257 1463/1608/1591 499/883/819
f 499/883/819 1463/1608/1591 1464/1607/1589
f 1464/1607/1589 1465/1609/1592 494/873/810
f 494/873/810 1465/1609/1592 1462/294/268
f 708/302/276 717/1095/1046 1463/1608/1591
f 1463/1608/1591 717/1095/1046 711/1089/1040
f 711/1089/1040 710/1087/1038 1465/1609/1592
f 1465/1609/1592 710/1087/1038 707/330/304
f 1466/286/260 1468/1612/1595 703/1610/1036
f 703/1075/1025 1468/1613/1596 1469/1611/1593
f 1469/1611/1594 1467/342/316 689/343/317
f 456/844/782 461/846/784 1468/1612/1595
f 1468/1613/1596 461/840/1597 458/838/1597
f 458/838/1598 455/341/315 1467/342/316
f 584/966/908 1470/281/255 1472/1614/1599
f 1472/1614/1601 1473/1616/1608 588/969/1602
f 1473/1615/1605 1471/234/208 585/307/281
f 1470/281/255 435/209/183 439/819/1606
f 1472/1614/1601 439/819/2101 443/823/1607
f 1473/1615/1605 443/824/762 437/235/209
f 467/264/238 1474/263/237 1476/1617/1609
f 1476/1617/1609 1477/1618/1611 477/854/1610
f 1477/1618/1611 1478/1619/1612 470/850/789
f 470/850/789 1478/1619/1612 1475/225/199
f 637/312/286 646/1028/975 1476/1617/1609
f 646/1028/975 640/1022/969 1477/1618/1611
f 640/1022/969 639/1019/966 1478/1619/1612
f 1478/1619/1612 639/1019/966 636/1021/968
f 505/291/265 1479/292/266 1481/1620/1613
f 511/892/1614 1481/1622/1620 1482/1621/1615
f 1482/1621/1616 1480/1623/1621 503/198/172
f 726/303/277 735/1112/1062 1481/1620/1613
f 729/1106/1619 728/1107/2102 1482/1621/1615
f 1482/1621/1616 728/1107/2087 725/201/175
f 763/368/339 1483/367/338 1485/1624/1622
f 766/1625/1623 1485/1624/1622 1486/1626/1624
f 765/1628/1626 1486/1633/1631 1487/1629/1627
f 1487/1629/1627 1484/482/439 762/523/477
f 1483/367/338 747/358/329 749/1631/1629
f 1485/1624/1622 749/1631/1629 750/1632/1630
f 1486/1633/1631 750/2118/1669 751/1634/1632
f 751/1634/1632 748/378/348 1484/482/439
f 1488/404/372 1490/1641/1634 771/1635/1633
f 1490/1636/1634 1491/1639/1640 770/1637/1635
f 1491/1639/1636 1492/1644/1642 769/1640/1637
f 769/1640/1637 1492/1644/1642 1489/462/422
f 752/534/486 754/1711/1639 1490/1641/1634
f 754/1642/1639 755/1643/1708 1491/1639/1640
f 755/1643/1641 756/1714/1710 1492/1644/1642
f 1492/1644/1642 756/1714/1710 753/361/332
f 1493/472/431 1495/1646/1644 746/1645/1643
f 1495/1646/1644 1496/1651/1649 745/1647/1645
f 1496/1648/1646 1497/1652/1650 744/1649/1647
f 744/1649/1647 1497/1652/1650 1494/347/321
f 763/368/339 766/1625/1623 1495/1646/1644
f 766/1625/1623 765/1627/1625 1496/1651/1649
f 765/1628/1626 764/1630/1628 1497/1652/1650
f 1497/1652/1650 764/1630/1628 762/523/477
f 758/501/456 1498/369/340 1500/1653/1651
f 761/1655/1652 1500/1660/1651 1501/1656/1653
f 760/1657/1655 1501/1656/1658 1502/1658/1656
f 1502/1658/1656 1499/366/337 757/353/325
f 1498/369/340 768/351/324 771/1635/1633
f 1500/1660/1651 771/1638/1633 770/1637/1635
f 1501/1656/1658 770/1637/1638 769/1640/1637
f 769/1640/1637 767/364/335 1499/366/337
f 773/502/457 1503/496/452 1505/1661/1659
f 776/1663/1660 1505/1668/1659 1506/1664/1661
f 775/1665/1663 1506/1664/1666 1507/1666/1664
f 1507/1666/1664 1504/355/327 772/372/342
f 1503/496/452 758/501/456 761/1654/1652
f 1505/1668/1659 761/1655/1652 760/1657/1654
f 1506/1664/1666 760/1657/1655 759/1659/1657
f 759/1659/1657 757/353/325 1504/355/327
f 747/358/329 1508/357/328 1510/1669/1667
f 749/1631/1629 1510/1669/1667 1511/1670/1668
f 750/1632/1669 1511/1670/1673 1512/1671/1670
f 1512/1673/1670 1509/376/346 748/378/348
f 1508/357/328 777/387/356 779/1674/1671
f 1510/1669/1667 779/1674/1671 780/1675/1672
f 1511/1670/1673 780/1675/1677 781/1676/1674
f 781/1677/1674 778/375/345 1509/376/346
f 777/387/356 1513/396/364 1515/1678/1675
f 779/1674/1671 1515/1678/1675 1516/1679/1676
f 780/1675/1677 1516/1679/1681 1517/1680/1678
f 1517/1681/1678 1514/373/343 778/375/345
f 1513/396/364 787/395/363 789/1682/1679
f 1515/1678/1675 789/1682/1679 790/1683/1680
f 1516/1679/1681 790/1683/1699 791/1684/1682
f 791/1685/1682 788/385/355 1514/373/343
f 783/535/487 1518/527/480 1520/1686/1683
f 786/1687/1684 1520/1686/1683 1521/1688/1685
f 785/1690/1687 1521/1694/1690 1522/1691/1688
f 1522/1691/1688 1519/380/350 782/382/352
f 1518/527/480 773/502/457 776/1662/1660
f 1520/1686/1683 776/1662/1660 775/1693/1662
f 1521/1694/1690 775/1665/1663 774/1667/1665
f 774/1667/1665 772/372/342 1519/380/350
f 1523/513/467 1525/1696/1692 814/1695/1691
f 1525/1696/1692 1526/1698/1694 813/1697/1693
f 1526/1698/1694 1527/1700/1696 812/1699/1695
f 1527/1700/1696 1524/476/433 810/1701/361
f 793/1131/1084 803/1130/1083 1525/1696/1692
f 803/1130/1083 796/1134/1087 1526/1698/1694
f 796/1134/1087 795/1124/1077 1527/1700/1696
f 795/1124/1077 792/1121/1074 1524/476/433
f 787/395/363 1528/495/451 1530/1702/1697
f 789/1682/1679 1530/1702/1701 1531/1703/1698
f 790/1683/1699 1531/1703/1702 1532/1704/1700
f 791/1685/1682 1532/1706/1700 1529/383/353
f 1528/495/451 811/511/465 814/1695/1691
f 1530/1702/1701 814/1695/1691 813/1697/1693
f 1531/1703/1702 813/1697/1693 812/1699/1695
f 812/1705/1695 810/392/361 1529/383/353
f 793/1131/1084 1533/512/466 1535/1707/1703
f 801/1129/1082 1535/1707/1703 1536/1708/1704
f 802/1141/1094 1536/1710/1706 1537/1709/1705
f 807/1137/1090 1537/1709/1705 1534/389/358
f 1533/512/466 783/535/487 786/1687/1684
f 1535/1707/1703 786/1687/1684 785/1689/1686
f 1536/1710/1706 785/1690/1687 784/1692/1689
f 1537/1709/1705 784/1692/1689 782/382/352
f 1538/412/379 1540/1715/1707 754/1711/1639
f 1540/1712/1707 1541/1713/1712 755/1643/1708
f 1541/1713/1709 1542/1718/1714 756/1714/1710
f 756/1714/1710 1542/1718/1714 1539/505/459
f 820/471/430 822/1735/1711 1540/1715/1707
f 822/1716/1711 823/1717/1730 1541/1713/1712
f 823/1717/1713 824/1738/1732 1542/1718/1714
f 1542/1718/1714 824/1738/1732 821/401/369
f 1543/344/318 1545/1720/1716 819/1719/1715
f 1545/1720/1716 1546/1725/1721 818/1721/1717
f 1546/1722/1718 1547/1726/1722 817/1723/1719
f 817/1723/1719 1547/1726/1722 1544/397/365
f 743/346/320 746/1645/1643 1545/1720/1716
f 746/1645/1643 745/1647/1645 1546/1725/1721
f 745/1650/1648 744/1649/1647 1547/1726/1722
f 1547/1726/1722 744/1649/1647 742/359/330
f 832/1160/1112 1548/486/442 1550/1727/1723
f 843/1158/1110 1550/1727/1723 1551/1728/1724
f 844/1149/1101 1551/1728/1724 1552/1729/1725
f 834/1145/1097 1552/1729/1725 1549/1730/423
f 1548/486/442 825/488/444 827/1731/1726
f 1550/1727/1723 827/1731/1726 828/1732/1727
f 1551/1728/1724 828/1732/1727 829/1733/1728
f 1552/1734/1725 829/1745/1728 826/407/375
f 1553/487/443 1555/1740/1729 822/1735/1711
f 1555/1736/1729 1556/1737/1734 823/1717/1730
f 1556/1737/1731 1557/1739/1733 824/1738/1732
f 1557/1739/1733 1554/409/377 821/401/369
f 832/1160/1112 845/1159/1111 1555/1740/1729
f 845/1741/1111 839/1742/1114 1556/1737/1734
f 839/1742/1735 838/1154/1106 1557/1739/1733
f 838/1154/1106 831/1151/1103 1554/409/377
f 1558/489/445 1560/1743/1736 827/1731/1726
f 1560/1743/1736 1561/1747/1738 828/1732/1727
f 1561/1744/1737 1562/1748/1739 829/1745/1728
f 829/1745/1728 1562/1748/1739 1559/405/373
f 816/520/474 819/1719/1715 1560/1743/1736
f 819/1719/1715 818/1721/1717 1561/1747/1738
f 818/1724/1720 817/1723/1719 1562/1748/1739
f 817/1723/1719 815/399/367 1559/405/373
f 1563/485/441 1565/1750/1741 872/1749/1740
f 1565/1750/1741 1566/1752/1743 871/1751/1742
f 1566/1752/1743 1567/1754/1745 870/1753/1744
f 1567/1754/1745 1564/532/484 868/533/485
f 853/434/398 855/1755/1746 1565/1750/1741
f 855/1755/1746 856/1756/1747 1566/1752/1743
f 856/1756/1747 857/1757/1748 1567/1754/1745
f 857/1757/1748 854/531/483 1564/532/484
f 874/428/392 1568/427/391 1570/1758/1749
f 877/1759/1750 1570/1758/1749 1571/1760/1751
f 876/1761/1752 1571/1760/1751 1572/1762/1753
f 875/1763/1754 1572/1762/1753 1569/466/426
f 1568/427/391 858/431/395 860/1764/1755
f 1570/1758/1749 860/1764/1755 861/1765/1756
f 1571/1760/1751 861/1765/1756 862/1766/1757
f 1572/1762/1753 862/1766/1757 859/467/427
f 849/424/388 1573/415/381 1575/1767/1758
f 852/1768/1759 1575/1767/1758 1576/1769/1760
f 851/1770/1761 1576/1769/1760 1577/1771/1762
f 850/1772/1763 1577/1771/1762 1574/483/440
f 1573/415/381 869/414/380 872/1749/1740
f 1575/1767/1758 872/1749/1740 871/1751/1742
f 1576/1769/1760 871/1751/1742 870/1753/1744
f 1577/1771/1762 870/1753/1744 868/533/485
f 1578/429/393 1580/1774/1765 867/1773/1764
f 1580/1774/1765 1581/1776/1767 866/1775/1766
f 1581/1776/1767 1582/1778/1769 865/1777/1768
f 1582/1778/1769 1579/504/458 863/524/478
f 874/428/392 877/1759/1750 1580/1774/1765
f 877/1759/1750 876/1761/1752 1581/1776/1767
f 876/1761/1752 875/1763/1754 1582/1778/1769
f 875/1763/1754 873/469/429 1579/504/458
f 1583/420/385 1585/1780/1771 882/1779/1770
f 1585/1780/1771 1586/1782/1773 881/1781/1772
f 1586/1782/1773 1587/1784/1775 880/1783/1774
f 1587/1784/1775 1584/437/401 878/421/386
f 864/468/428 867/1773/1764 1585/1780/1771
f 867/1773/1764 866/1775/1766 1586/1782/1773
f 866/1775/1766 865/1777/1768 1587/1784/1775
f 865/1777/1768 863/524/478 1584/437/401
f 1588/435/399 1590/1785/1776 855/1755/1746
f 1590/1785/1776 1591/1786/1777 856/1756/1747
f 1591/1786/1777 1592/1787/1778 857/1757/1748
f 1592/1787/1778 1589/417/383 854/531/483
f 883/440/403 885/1788/1779 1590/1785/1776
f 885/1788/1779 886/1789/1780 1591/1786/1777
f 886/1789/1780 887/1790/1781 1592/1787/1778
f 887/1790/1781 884/481/438 1589/417/383
f 1593/441/404 1595/1791/1782 885/1788/1779
f 1595/1791/1782 1596/1792/1783 886/1789/1780
f 1596/1792/1783 1597/1793/1784 887/1790/1781
f 1597/1793/1784 1594/525/479 884/481/438
f 893/445/408 895/1794/1785 1595/1791/1782
f 895/1794/1785 896/1795/1786 1596/1792/1783
f 896/1795/1786 897/1796/1787 1597/1793/1784
f 897/1796/1787 894/522/476 1594/525/479
f 1598/436/400 1600/1798/1789 892/1797/1788
f 1600/1798/1789 1601/1800/1791 891/1799/1790
f 1601/1800/1791 1602/1802/1793 890/1801/1792
f 1602/1802/1793 1599/423/387 888/444/407
f 879/498/453 882/1779/1770 1600/1798/1789
f 882/1779/1770 881/1781/1772 1601/1800/1791
f 881/1781/1772 880/1783/1774 1602/1802/1793
f 880/1783/1774 878/421/386 1599/423/387
f 916/530/482 1603/2104/437 1605/1803/1794
f 919/1804/1795 1605/1803/1794 1606/1805/1796
f 918/1806/1797 1606/1805/1796 1607/1807/1798
f 917/1808/1799 1607/1807/1798 1604/515/469
f 1603/480/437 898/479/436 902/1809/1117
f 1605/1803/1794 902/1166/1117 911/1170/1121
f 1606/1805/1796 911/1170/1121 910/1176/1130
f 1607/1807/1798 910/1176/1130 900/516/470
f 1608/447/410 1610/1811/1800 895/1794/1785
f 1610/1811/1800 1611/1812/1801 896/1795/1786
f 1611/1812/1801 1612/1813/1802 897/1796/1787
f 1612/1813/1802 1609/499/454 894/522/476
f 916/530/482 919/1804/1795 1610/1811/1800
f 919/1804/1795 918/1806/1797 1611/1812/1801
f 918/1806/1797 917/1808/1799 1612/1813/1802
f 917/1808/1799 915/517/471 1609/499/454
f 1613/442/405 1615/1814/1803 906/1174/1125
f 1615/1814/1803 1616/1815/1804 907/1179/1133
f 1616/1815/1804 1617/1816/1805 912/1177/1131
f 1617/1816/1805 1614/514/468 900/516/470
f 889/528/481 892/1797/1788 1615/1814/1803
f 892/1797/1788 891/1799/1790 1616/1815/1804
f 891/1799/1790 890/1801/1792 1617/1816/1805
f 890/1801/1792 888/444/407 1614/514/468
f 858/431/395 1618/452/413 1620/1817/1806
f 860/1764/1755 1620/1817/1806 1621/1818/1807
f 861/1765/1756 1621/1818/1807 1622/1819/1808
f 862/1766/1757 1622/1819/1808 1619/509/463
f 1618/452/413 925/453/414 927/1820/1809
f 1620/1817/1806 927/1820/1809 928/1821/1810
f 1621/1818/1807 928/1821/1810 929/1822/1811
f 1622/1819/1808 929/1822/1811 926/473/432
f 921/454/415 1623/425/389 1625/1823/1812
f 924/1824/1813 1625/1823/1812 1626/1825/1814
f 923/1826/1815 1626/1825/1814 1627/1827/1816
f 922/1828/1817 1627/1827/1816 1624/458/418
f 1623/425/389 849/424/388 852/1768/1759
f 1625/1823/1812 852/1768/1759 851/1770/1761
f 1626/1825/1814 851/1770/1761 850/1772/1763
f 1627/1827/1816 850/1772/1763 848/449/412
f 1628/465/425 1630/1829/1818 938/1182/1137
f 1630/1829/1818 1631/1830/1819 939/1191/1146
f 1631/1830/1819 1632/1831/1820 946/1187/1142
f 1632/1831/1820 1629/493/449 936/1188/1143
f 930/461/421 932/1832/1821 1630/1829/1818
f 932/1832/1821 933/1833/1822 1631/1830/1819
f 933/1833/1822 934/1834/1823 1632/1831/1820
f 934/1834/1823 931/490/446 1629/493/449
f 925/453/414 1633/459/419 1635/1835/1824
f 927/1820/1809 1635/1835/1824 1636/1836/1825
f 928/1821/1810 1636/1836/1825 1637/1837/1826
f 929/1822/1811 1637/1837/1826 1634/492/448
f 1633/459/419 937/460/420 949/1194/1150
f 1635/1835/1824 949/1194/1150 945/1189/1144
f 1636/1836/1825 945/1189/1144 944/1186/1141
f 1637/1837/1826 944/1186/1141 936/1188/1143
f 930/461/421 1638/455/416 1640/1838/1827
f 932/1832/1821 1640/1838/1827 1641/1839/1828
f 933/1833/1822 1641/1839/1828 1642/1840/1829
f 934/1834/1823 1642/1840/1829 1639/491/447
f 1638/455/416 921/454/415 924/1824/1813
f 1640/1838/1827 924/1824/1813 923/1826/1815
f 1641/1839/1828 923/1826/1815 922/1828/1817
f 1642/1840/1829 922/1828/1817 920/457/417
f 937/460/420 1643/410/378 1645/1841/1830
f 940/1843/1136 1645/1848/1834 1644/1844/472
f 1643/410/378 831/1151/1103 840/1153/1831
f 1645/1848/1834 833/1146/2103 830/1143/473
f 794/391/360 1646/390/359 1648/1849/1835
f 1648/1853/1839 1647/477/434 792/1121/1074
f 899/448/411 901/1173/1124 1648/1849/1835
f 901/1854/1118 898/479/436 1647/477/434
f 973/557/506 1649/556/505 1651/1855/1841
f 976/1857/1842 1651/1863/1841 1652/1858/1843
f 975/1859/1845 1652/1858/1850 1653/1860/1846
f 1653/1860/1846 1650/673/605 972/711/639
f 1649/556/505 957/547/496 959/1862/1848
f 1651/1863/1841 959/1901/1848 960/1864/1849
f 1652/1858/1850 960/1864/1888 961/1865/1851
f 961/1865/1851 958/567/515 1650/673/605
f 1654/593/539 1656/1867/1853 981/1866/1852
f 1656/1867/1853 1657/1869/1859 980/1868/1854
f 1657/1869/1855 1658/1874/1861 979/1870/1856
f 979/1871/1856 1658/1875/1861 1655/651/588
f 962/720/648 964/1872/1858 1656/1867/1853
f 964/1872/1858 965/1873/1927 1657/1869/1859
f 965/1873/1860 966/1944/1929 1658/1874/1861
f 1658/1875/1861 966/1945/1929 963/550/499
f 1659/663/597 1661/1882/1863 956/1876/1862
f 1661/1877/1863 1662/1880/1868 955/1878/1864
f 1662/1880/1865 1663/1883/1869 954/1881/1866
f 954/1881/1866 1663/1883/1869 1660/536/488
f 973/557/506 976/1856/1842 1661/1882/1863
f 976/1857/1842 975/1859/1844 1662/1880/1868
f 975/1859/1845 974/1861/1847 1663/1883/1869
f 1663/1883/1869 974/1861/1847 972/711/639
f 968/692/621 1664/558/507 1666/1884/1870
f 971/1885/1871 1666/1884/1870 1667/1886/1872
f 970/1887/1874 1667/1886/1877 1668/1888/1875
f 1668/1890/1875 1665/555/504 967/542/492
f 1664/558/507 978/540/491 981/1866/1852
f 1666/1884/1870 981/1866/1852 980/1868/1854
f 1667/1886/1877 980/1868/1857 979/1870/1856
f 979/1871/1856 977/553/502 1665/555/504
f 983/693/622 1669/687/617 1671/1892/1878
f 986/1893/1879 1671/1892/1878 1672/1894/1880
f 985/1895/1882 1672/1894/1885 1673/1896/1883
f 1673/1898/1883 1670/544/494 982/561/509
f 1669/687/617 968/692/621 971/1885/1871
f 1671/1892/1878 971/1885/1871 970/1887/1873
f 1672/1894/1885 970/1887/1874 969/1889/1876
f 969/1891/1876 967/542/492 1670/544/494
f 957/547/496 1674/546/495 1676/1900/1886
f 959/1901/1848 1676/1905/1886 1677/1902/1887
f 960/1864/1888 1677/1902/1892 1678/1903/1889
f 1678/1903/1889 1675/565/513 958/567/515
f 1674/546/495 987/576/523 989/1904/1890
f 1676/1905/1886 989/1909/1890 990/1906/1891
f 1677/1902/1892 990/1906/1896 991/1907/1893
f 991/1907/1893 988/564/512 1675/565/513
f 987/576/523 1679/585/531 1681/1908/1894
f 989/1909/1890 1681/2119/1894 1682/1910/1895
f 990/1906/1896 1682/1910/1900 1683/1911/1897
f 1683/1911/1897 1680/562/510 988/564/512
f 1679/585/531 997/584/530 999/1912/1898
f 1681/1908/1894 999/1912/1898 1000/1913/1899
f 1682/1910/1900 1000/1935/1918 1001/1915/1901
f 1001/1915/1901 998/574/522 1680/562/510
f 993/721/649 1684/714/642 1686/1916/1902
f 996/1917/1903 1686/1916/1902 1687/1918/1904
f 995/1919/1906 1687/1918/1909 1688/1920/1907
f 1688/1920/1907 1685/1923/517 992/1922/519
f 1684/714/642 983/693/622 986/1893/1879
f 1686/1916/1902 986/1893/1879 985/1895/1881
f 1687/1918/1909 985/1895/1882 984/1897/1884
f 984/1897/1884 982/2120/509 1685/1923/517
f 1689/701/629 1691/1925/1911 1024/1924/1910
f 1691/1925/1911 1692/1927/1913 1023/1926/1912
f 1692/1927/1913 1693/1931/1915 1022/1928/1914
f 1693/1929/1915 1690/667/599 1020/581/528
f 1003/1206/1164 1013/1205/1163 1691/1925/1911
f 1013/1205/1163 1006/1209/1167 1692/1927/1913
f 1006/1209/1167 1005/1199/1157 1693/1931/1915
f 1005/1932/1157 1002/2094/1154 1690/667/599
f 997/584/530 1694/686/616 1696/1933/1916
f 999/1912/1898 1696/1933/1920 1697/1934/1917
f 1000/1935/1918 1697/1937/1921 1698/1936/1919
f 1001/1915/1901 1698/1936/1919 1695/572/520
f 1694/686/616 1021/699/627 1024/1924/1910
f 1696/1933/1920 1024/1924/1910 1023/1926/1912
f 1697/1937/1921 1023/2121/1912 1022/1930/1914
f 1022/1930/1914 1020/581/528 1695/572/520
f 1003/1206/1164 1699/700/628 1701/1938/1922
f 1011/1204/1162 1701/1938/1922 1702/1939/1923
f 1012/1207/1174 1702/1939/1925 1703/1940/1924
f 1017/1213/1170 1703/1940/1924 1700/1941/525
f 1699/700/628 993/721/649 996/1917/1903
f 1701/1938/1922 996/1917/1903 995/1919/1905
f 1702/1939/1925 995/1919/1906 994/1921/1908
f 1703/1940/1924 994/1921/1908 992/1922/519
f 1704/601/546 1706/1942/1926 964/1872/1858
f 1706/1942/1926 1707/1943/1931 965/1873/1927
f 1707/1943/1928 1708/1948/1933 966/1944/1929
f 966/1945/1929 1708/1949/1933 1705/696/624
f 1030/662/596 1032/1946/1930 1706/1942/1926
f 1032/1946/1930 1033/1947/1949 1707/1943/1931
f 1033/1947/1932 1034/1967/1951 1708/1948/1933
f 1708/1949/1933 1034/1969/1951 1031/590/536
f 1709/506/460 1711/1956/1935 1029/1950/1934
f 1711/1951/1935 1712/1954/1940 1028/1952/1936
f 1712/1954/1937 1713/1957/1941 1027/1955/1938
f 1027/1955/1938 1713/1957/1941 1710/586/532
f 953/508/462 956/1876/1862 1711/1956/1935
f 956/1879/1862 955/1878/1864 1712/1954/1940
f 955/1878/1867 954/1881/1866 1713/1957/1941
f 1713/1957/1941 954/1881/1866 952/548/497
f 1042/1228/1192 1714/677/608 1716/1958/1942
f 1053/1226/1190 1716/1958/1942 1717/1959/1943
f 1054/1219/1181 1717/1959/1943 1718/1960/1944
f 1044/1215/1177 1718/1960/1944 1715/652/589
f 1714/677/608 1035/679/610 1037/1961/1945
f 1716/1958/1942 1037/1961/1945 1038/1962/1946
f 1717/1959/1943 1038/1962/1946 1039/1963/1947
f 1718/1960/1944 1039/1963/1947 1036/1964/542
f 1719/678/609 1721/1965/1948 1032/1946/1930
f 1721/1965/1948 1722/1966/1953 1033/1947/1949
f 1722/1966/1950 1723/1970/1952 1034/1967/1951
f 1723/1968/1952 1720/598/544 1031/590/536
f 1042/1228/1192 1055/1227/1191 1721/1965/1948
f 1055/1227/1191 1049/1230/1194 1722/1966/1953
f 1049/1230/1954 1048/1224/1186 1723/1970/1952
f 1048/1971/1186 1041/2105/1183 1720/598/544
f 1724/680/611 1726/1977/1955 1037/1961/1945
f 1726/1972/1955 1727/1975/1957 1038/1973/1946
f 1727/1975/1956 1728/1978/1958 1039/1976/1947
f 1039/1976/1947 1728/1978/1958 1725/594/540
f 1026/708/636 1029/1950/1934 1726/1977/1955
f 1029/1953/1934 1028/1952/1936 1727/1975/1957
f 1028/1952/1939 1027/1955/1938 1728/1978/1958
f 1027/1955/1938 1025/588/534 1725/594/540
f 1729/676/607 1731/1980/1960 1082/1979/1959
f 1731/1980/1960 1732/1982/1962 1081/1981/1961
f 1732/1982/1962 1733/1984/1964 1080/1983/1963
f 1733/1984/1964 1730/718/646 1078/719/647
f 1063/623/565 1065/1985/1965 1731/1980/1960
f 1065/1985/1965 1066/1986/1966 1732/1982/1962
f 1066/1986/1966 1067/1987/1967 1733/1984/1964
f 1067/1987/1967 1064/717/645 1730/718/646
f 1084/617/559 1734/616/558 1736/1988/1968
f 1087/1989/1969 1736/1988/1968 1737/1990/1970
f 1086/1991/1971 1737/1990/1970 1738/1992/1972
f 1085/1993/1973 1738/1992/1972 1735/657/592
f 1734/616/558 1068/620/562 1070/1994/1974
f 1736/1988/1968 1070/1994/1974 1071/1995/1975
f 1737/1990/1970 1071/1995/1975 1072/1996/1976
f 1738/1992/1972 1072/1996/1976 1069/658/593
f 1059/613/555 1739/604/548 1741/1997/1977
f 1062/1998/1978 1741/1997/1977 1742/1999/1979
f 1061/2001/1980 1742/2005/1979 1743/2002/1981
f 1060/2004/1982 1743/2007/1981 1740/674/606
f 1739/604/548 1079/603/547 1082/1979/1959
f 1741/1997/1977 1082/1979/1959 1081/1981/1961
f 1742/2005/1979 1081/2122/1961 1080/2006/1963
f 1743/2007/1981 1080/1983/1963 1078/719/647
f 1744/618/560 1746/2009/1984 1077/2008/1983
f 1746/2009/1984 1747/2011/1986 1076/2010/1985
f 1747/2011/1986 1748/2013/1988 1075/2012/1987
f 1748/2013/1988 1745/695/623 1073/712/640
f 1084/617/559 1087/1989/1969 1746/2009/1984
f 1087/1989/1969 1086/1991/1971 1747/2011/1986
f 1086/1991/1971 1085/1993/1973 1748/2013/1988
f 1085/1993/1973 1083/660/595 1745/695/623
f 1749/609/552 1751/2015/1990 1092/2014/1989
f 1751/2015/1990 1752/2017/1992 1091/2016/1991
f 1752/2017/1992 1753/2019/1994 1090/2018/1993
f 1753/2019/1994 1750/626/568 1088/610/553
f 1074/659/594 1077/2008/1983 1751/2015/1990
f 1077/2008/1983 1076/2010/1985 1752/2017/1992
f 1076/2010/1985 1075/2012/1987 1753/2019/1994
f 1075/2012/1987 1073/712/640 1750/626/568
f 1754/624/566 1756/2020/1995 1065/1985/1965
f 1756/2020/1995 1757/2021/1996 1066/1986/1966
f 1757/2021/1996 1758/2022/1997 1067/1987/1967
f 1758/2022/1997 1755/606/550 1064/717/645
f 1093/629/570 1095/2023/1998 1756/2020/1995
f 1095/2023/1998 1096/2024/1999 1757/2021/1996
f 1096/2024/1999 1097/2025/2000 1758/2022/1997
f 1097/2025/2000 1094/672/604 1755/606/550
f 1759/630/571 1761/2026/2001 1095/2023/1998
f 1761/2026/2001 1762/2027/2002 1096/2024/1999
f 1762/2027/2002 1763/2028/2003 1097/2025/2000
f 1763/2028/2003 1760/713/641 1094/672/604
f 1103/634/574 1105/2029/2004 1761/2026/2001
f 1105/2029/2004 1106/2030/2005 1762/2027/2002
f 1106/2030/2005 1107/2031/2006 1763/2028/2003
f 1107/2031/2006 1104/710/638 1760/713/641
f 1764/625/567 1766/2033/2008 1102/2032/2007
f 1766/2033/2008 1767/2035/2010 1101/2034/2009
f 1767/2035/2010 1768/2037/2012 1100/2036/2011
f 1768/2037/2012 1765/612/554 1098/633/573
f 1089/689/618 1092/2014/1989 1766/2033/2008
f 1092/2014/1989 1091/2016/1991 1767/2035/2010
f 1091/2016/1991 1090/2018/1993 1768/2037/2012
f 1090/2018/1993 1088/610/553 1765/612/554
f 1126/716/644 1769/671/603 1771/2038/2013
f 1129/2039/2014 1771/2038/2013 1772/2040/2015
f 1128/2041/2016 1772/2040/2015 1773/2042/2017
f 1127/2043/2018 1773/2042/2017 1770/703/631
f 1769/671/603 1108/670/602 1111/1232/1197
f 1771/2038/2013 1111/1232/1197 1121/1236/1201
f 1772/2040/2015 1121/1236/1201 1120/1242/1209
f 1773/2042/2017 1120/1242/1209 1110/704/632
f 1774/636/576 1776/2044/2019 1105/2029/2004
f 1776/2044/2019 1777/2045/2020 1106/2030/2005
f 1777/2045/2020 1778/2046/2021 1107/2031/2006
f 1778/2046/2021 1775/690/619 1104/710/638
f 1126/716/644 1129/2039/2014 1776/2044/2019
f 1129/2039/2014 1128/2041/2016 1777/2045/2020
f 1128/2041/2016 1127/2043/2018 1778/2046/2021
f 1127/2043/2018 1125/705/633 1775/690/619
f 1779/631/572 1781/2047/2022 1115/1240/1205
f 1781/2047/2022 1782/2048/2023 1116/1245/1212
f 1782/2048/2023 1783/2049/2024 1122/1243/1210
f 1783/2049/2024 1780/702/630 1110/704/632
f 1099/715/643 1102/2032/2007 1781/2047/2022
f 1102/2032/2007 1101/2034/2009 1782/2048/2023
f 1101/2034/2009 1100/2036/2011 1783/2049/2024
f 1100/2036/2011 1098/633/573 1780/702/630
f 1068/620/562 1784/641/579 1786/2050/2025
f 1070/1994/1974 1786/2050/2025 1787/2051/2026
f 1071/1995/1975 1787/2051/2026 1788/2052/2027
f 1072/1996/1976 1788/2052/2027 1785/697/625
f 1784/641/579 1135/642/580 1137/2053/2028
f 1786/2050/2025 1137/2053/2028 1138/2054/2029
f 1787/2051/2026 1138/2054/2029 1139/2055/2030
f 1788/2052/2027 1139/2055/2030 1136/664/598
f 1131/643/581 1789/614/556 1791/2056/2031
f 1134/2057/2032 1791/2056/2031 1792/2058/2033
f 1133/2060/2034 1792/2064/2033 1793/2061/2035
f 1132/2063/2036 1793/2065/2035 1790/647/584
f 1789/614/556 1059/613/555 1062/1998/1978
f 1791/2056/2031 1062/1998/1978 1061/2000/1980
f 1792/2064/2033 1061/2001/1980 1060/2003/1982
f 1793/2065/2035 1060/2004/1982 1058/638/578
f 1794/656/591 1796/2066/2037 1148/1248/1216
f 1796/2066/2037 1797/2067/2038 1149/1258/1226
f 1797/2067/2038 1798/2068/2039 1155/1259/1222
f 1798/2068/2039 1795/2123/615 1146/2069/1223
f 1140/655/587 1142/2070/2040 1796/2066/2037
f 1142/2070/2040 1143/2071/2041 1797/2067/2038
f 1143/2071/2041 1144/2081/2042 1798/2068/2039
f 1144/2072/2042 1141/681/612 1795/684/615
f 1135/642/580 1799/648/585 1801/2074/2043
f 1137/2053/2028 1801/2074/2043 1802/2075/2044
f 1138/2054/2029 1802/2075/2044 1803/2076/2045
f 1139/2055/2030 1803/2076/2045 1800/683/614
f 1799/648/585 1147/649/586 1159/1263/1230
f 1801/2074/2043 1159/1263/1230 1154/1255/1224
f 1802/2075/2044 1154/1255/1224 1153/1252/1221
f 1803/2076/2045 1153/1252/1221 1146/1254/1223
f 1140/650/587 1804/644/582 1806/2077/2046
f 1142/2070/2040 1806/2082/2046 1807/2079/2047
f 1143/2071/2041 1807/2079/2047 1808/2080/2048
f 1144/2072/2042 1808/2083/2048 1805/682/613
f 1804/644/582 1131/643/581 1134/2057/2032
f 1806/2082/2046 1134/2124/2032 1133/2060/2034
f 1807/2079/2047 1133/2060/2034 1132/2062/2036
f 1808/2083/2048 1132/2063/2036 1130/646/583
f 1147/649/586 1809/599/545 1811/2084/2049
f 1158/1247/2050 1811/2089/2055 1810/706/634
f 1809/599/545 1041/2105/1183 1050/2086/2052
f 1811/2089/2055 1043/1216/2104 1040/707/635
f 1004/580/527 1812/579/526 1814/2090/2056
f 1814/2093/2060 1813/668/600 1002/2094/1154
f 1812/579/526 1109/637/577 1117/1239/1204
f 1117/2096/2062 1108/670/2105 1813/668/600
