# Blender 5.2.2 LTS
# www.blender.org
mtllib Holocron_Esquina_2.mtl
o Holocron.003
v -45.076324 10.350466 4.621479
v -43.924656 10.373001 3.393169
v -44.633789 10.356829 4.245754
v -44.243515 10.364586 3.824548
v -43.640308 10.383464 2.884169
v -45.634335 10.345291 4.976037
v -45.079361 10.462244 4.620124
v -43.927692 10.484778 3.391813
v -44.636826 10.468605 4.244399
v -44.246552 10.476360 3.823192
v -43.643349 10.495239 2.882814
v -45.637367 10.457067 4.974682
v -45.847576 10.405441 4.848918
v -45.220554 10.410902 4.465486
v -44.777790 10.417257 4.090011
v -44.935135 10.401812 4.776118
v -45.424126 10.396915 5.101800
v -43.523804 10.433714 3.091101
v -43.783398 10.424341 3.547879
v -44.492828 10.408178 4.400142
v -45.985981 10.392942 5.406863
v -44.068951 10.433437 3.237103
v -43.759857 10.444986 2.675883
v -44.387733 10.425017 3.668563
v -43.298206 10.444354 2.589628
v -44.102329 10.415928 3.979177
v -43.092167 10.552511 1.252732
v -43.088131 10.457088 5.653007
v -47.486977 10.478798 5.646727
v -43.088444 10.210995 5.889296
v -43.103676 5.820591 5.782300
v -47.495960 10.237305 5.877768
v -42.850033 10.215855 5.650068
v -42.851704 10.317070 1.240206
v -42.854031 5.880857 5.540936
v -42.998001 9.269875 3.560597
v -42.992073 8.038486 4.709186
v -42.995201 8.892993 4.002184
v -42.993217 8.470742 4.391407
v -42.991734 7.528675 4.992260
v -43.002182 9.625856 3.003490
v -42.886383 9.265261 3.555672
v -42.880451 8.033873 4.704259
v -42.883579 8.888378 3.997259
v -42.881599 8.466127 4.386480
v -42.880112 7.524059 4.987336
v -42.890556 9.621244 2.998565
v -42.949368 9.497581 2.789000
v -42.944592 9.112550 3.415048
v -42.941792 8.735920 3.856866
v -42.939793 9.422585 3.701222
v -42.943371 9.749520 3.213055
v -42.933495 7.733749 5.108332
v -42.933861 8.191269 4.849875
v -42.936996 9.045452 4.142581
v -42.947861 10.056007 2.651977
v -42.938663 7.881093 4.563570
v -42.938351 7.318985 4.871264
v -42.939812 8.313427 4.245864
v -42.933746 7.231606 5.332680
v -42.935009 8.623444 4.532022
v -44.085274 8.131165 5.740474
v -45.270355 9.327448 5.750102
v -44.444904 8.586735 5.753509
v -44.851433 8.992340 5.756289
v -45.777763 9.635204 5.735906
v -43.750378 7.561804 5.712477
v -44.100677 8.115597 5.850132
v -45.285759 9.311878 5.859763
v -44.460308 8.571167 5.863170
v -44.866837 8.976774 5.865951
v -45.793167 9.619637 5.845567
v -43.765781 7.546237 5.822136
v -43.890587 7.349123 5.731375
v -44.252007 7.988260 5.764287
v -44.611378 8.444048 5.777371
v -43.933949 8.258499 5.826322
v -43.625576 7.758922 5.803237
v -45.565025 9.739529 5.820815
v -45.118954 9.454845 5.835964
v -44.293831 8.713854 5.839305
v -43.340031 7.187850 5.770010
v -45.437160 9.184481 5.773900
v -46.005905 9.515312 5.760659
v -45.018158 8.849445 5.780106
v -44.700115 9.119669 5.842136
v -44.430527 10.360582 4.038309
v -44.849907 10.353451 4.440637
v -44.075363 10.368713 3.610075
v -43.785763 10.377662 3.163565
v -43.472672 10.390991 2.526279
v -45.321159 10.347826 4.792511
v -46.055428 10.342636 5.191133
v -44.433563 10.472361 4.036953
v -44.852943 10.465227 4.439281
v -44.078403 10.480489 3.608719
v -43.788799 10.489437 3.162209
v -43.475708 10.502766 2.524923
v -45.324196 10.459604 4.791155
v -46.058464 10.454412 5.189777
v -45.474072 10.408228 4.640065
v -44.993992 10.413879 4.284799
v -45.171284 10.399202 4.943602
v -43.647598 10.428864 3.324802
v -44.708858 10.404797 4.595120
v -46.542400 10.395779 5.425209
v -43.926964 10.438234 3.000971
v -44.574608 10.421015 3.882476
v -46.415165 10.402180 5.125549
v -43.292484 10.455431 2.120913
v -45.698730 10.394867 5.255361
v -43.408756 10.438929 2.844180
v -44.219650 10.429148 3.454020
v -43.539619 10.454826 2.207022
v -44.289482 10.411930 4.192786
v -43.934116 10.420052 3.764775
v -42.899124 10.026480 3.561641
v -45.184551 8.150539 5.788465
v -45.162933 10.428484 5.408953
v -44.560730 8.793614 4.138397
v -43.090149 10.504799 3.452871
v -45.287552 10.467943 5.649866
v -45.289574 10.515652 3.449729
v -43.096058 8.015793 5.835799
v -45.292202 10.224152 5.883532
v -45.299820 8.028950 5.830036
v -42.850868 10.266460 3.445137
v -42.852032 8.048353 5.595501
v -42.852867 8.098962 3.390570
v -42.953922 8.787638 4.146883
v -44.553185 10.407560 4.185648
v -44.565739 8.759346 5.758244
v -45.165264 10.469467 3.575221
v -43.340900 8.136669 5.791875
v -42.905170 8.173368 5.360106
v -43.330284 10.457928 3.576012
v -45.171848 9.987507 5.832300
v -42.905136 8.217359 3.516739
v -42.994106 8.685007 4.204929
v -42.996510 9.088442 3.786559
v -42.992546 8.255812 4.559019
v -42.991798 7.808494 4.847505
v -42.991867 7.170290 5.159009
v -42.999752 9.441536 3.316196
v -43.005615 9.842017 2.582944
v -42.882484 8.680392 4.200006
v -42.884888 9.083828 3.781633
v -42.880920 8.251197 4.554091
v -42.880177 7.803877 4.842577
v -42.880245 7.165673 5.154086
v -42.888130 9.436922 3.311271
v -42.893993 9.837402 2.578019
v -42.946419 9.287783 3.161971
v -42.943096 8.931274 3.641152
v -42.941463 9.590677 3.465495
v -42.933586 7.967812 4.985116
v -42.938301 9.240997 3.927040
v -42.953838 10.075686 2.095631
v -42.938396 7.644559 4.704966
v -42.940693 8.527843 4.059527
v -42.954071 9.775640 2.222119
v -42.936298 6.762753 5.337245
v -42.945541 9.903778 2.938844
v -42.933578 7.486488 5.222764
v -42.939137 8.098426 4.413411
v -42.938538 6.849474 5.090332
v -42.935898 8.837557 4.345407
v -42.934330 8.408582 4.699698
v -44.644768 8.797478 5.756114
v -44.257942 8.363766 5.748249
v -45.059406 9.168503 5.754290
v -45.495583 9.475645 5.743784
v -46.150040 9.824678 5.727121
v -43.922951 7.880690 5.729690
v -43.549839 7.134378 5.686260
v -44.660172 8.781906 5.865775
v -44.273346 8.348196 5.857909
v -45.074810 9.152933 5.863950
v -45.510986 9.460079 5.853445
v -46.165443 9.809109 5.836780
v -43.938358 7.865121 5.839350
v -43.565243 7.118813 5.795918
v -44.086433 7.729011 5.752874
v -44.424515 8.220995 5.772091
v -43.774876 8.016802 5.816164
v -45.336514 9.600161 5.829527
v -44.106773 8.490965 5.834064
v -43.339500 6.634410 5.709586
v -45.670055 9.335562 5.767703
v -44.811337 8.654711 5.779960
v -43.633507 6.773570 5.694747
v -46.583755 10.025049 5.772735
v -43.481575 7.479623 5.787432
v -45.806965 9.879971 5.810002
v -45.226204 9.025545 5.778089
v -46.508518 9.753817 5.753899
v -44.493603 8.924671 5.841929
v -44.908016 9.295891 5.840148
v -44.918003 10.349274 4.793853
v -44.919682 10.345478 4.791958
v -44.917744 10.347794 4.794112
v -44.917969 10.346552 4.793842
v -44.918652 10.345739 4.793086
v -44.086895 10.359596 3.994999
v -44.085201 10.363394 3.996912
v -44.085857 10.359856 3.996134
v -44.085171 10.360668 3.996896
v -44.084938 10.361912 3.997169
v -45.232956 10.355457 4.451015
v -45.234825 10.359486 4.449050
v -45.234005 10.355793 4.449878
v -45.234730 10.356676 4.449105
v -45.235016 10.357973 4.448814
v -44.402004 10.373606 3.652128
v -44.400127 10.369573 3.654098
v -44.402195 10.372091 3.651893
v -44.401905 10.370792 3.652184
v -44.401180 10.369909 3.652959
v -44.475697 10.355640 4.417879
v -44.477375 10.351849 4.415984
v -44.475437 10.354160 4.418137
v -44.475662 10.352921 4.417868
v -44.476345 10.352108 4.417111
v -44.792061 10.365841 4.073575
v -44.790199 10.361813 4.075531
v -44.792252 10.364328 4.073338
v -44.791965 10.363029 4.073626
v -44.791245 10.362146 4.074397
v -44.083218 10.382029 3.220669
v -44.081310 10.377993 3.222673
v -44.083408 10.380515 3.220436
v -44.083115 10.379214 3.220734
v -44.082378 10.378328 3.221520
v -43.767998 10.368011 3.563662
v -43.766273 10.371820 3.565609
v -43.766949 10.368272 3.564811
v -43.766251 10.369087 3.565585
v -43.766014 10.370335 3.565865
v -43.774124 10.393585 2.659451
v -43.772675 10.389521 2.662446
v -43.774345 10.392065 2.659292
v -43.774151 10.390759 2.659806
v -43.773563 10.389866 2.660913
v -43.507942 10.377405 3.105894
v -43.506683 10.381218 3.108823
v -43.507069 10.377659 3.107422
v -43.506523 10.378473 3.108514
v -43.506390 10.379723 3.109007
v -43.300919 10.415022 1.640206
v -43.305965 10.410748 1.652770
v -43.302814 10.415026 1.639684
v -43.301590 10.413426 1.643019
v -43.302784 10.412053 1.646394
v -43.301022 10.415315 1.638890
v -43.301846 10.413651 1.640806
v -43.302822 10.412332 1.642995
v -43.302979 10.412769 1.641524
v -43.306068 10.411129 1.649514
v -43.305508 10.412075 1.645884
v -43.304321 10.411112 1.649818
v -43.304256 10.411645 1.645942
v -43.303978 10.412341 1.642777
v -43.302048 10.415316 1.638608
v -43.304363 10.413445 1.642432
v -43.303146 10.413659 1.640528
v -43.302219 10.413778 1.639498
v -43.281101 10.391888 2.607340
v -43.284077 10.387957 2.608460
v -43.280930 10.390374 2.607835
v -43.281437 10.389097 2.608221
v -43.282539 10.388248 2.608441
v -45.407001 10.344397 5.119532
v -45.409756 10.340576 5.118297
v -45.406818 10.342909 5.119842
v -45.407280 10.341660 5.119716
v -45.408314 10.340841 5.119174
v -45.858826 10.350006 4.833830
v -45.861847 10.354031 4.832484
v -45.860317 10.350340 4.832929
v -45.861412 10.351221 4.832356
v -45.861950 10.352518 4.832200
v -45.968292 10.336624 5.421652
v -45.968864 10.340446 5.424585
v -45.968121 10.336882 5.423181
v -45.968166 10.337700 5.424275
v -45.968430 10.338951 5.424768
v -47.108681 10.347193 5.427127
v -47.109196 10.347225 5.425314
v -47.095364 10.343258 5.421605
v -47.110008 10.347424 5.427060
v -47.105667 10.345669 5.426319
v -47.107922 10.345837 5.426126
v -47.109261 10.345940 5.425791
v -47.107113 10.345001 5.424946
v -47.106258 10.345726 5.423614
v -47.102600 10.344446 5.422312
v -47.110287 10.347441 5.426079
v -47.108204 10.345865 5.424857
v -47.105797 10.344624 5.423909
v -47.098461 10.343538 5.423331
v -47.102081 10.344385 5.424987
v -47.098770 10.343580 5.421606
v -47.102489 10.343996 5.423515
v -47.105576 10.344595 5.425042
v -44.956486 10.458330 4.753855
v -44.952263 10.454348 4.758380
v -44.955257 10.457998 4.755184
v -44.954025 10.457125 4.756511
v -44.952972 10.455843 4.757633
v -44.119461 10.468464 3.961441
v -44.123695 10.472446 3.956897
v -44.120171 10.469959 3.960692
v -44.121227 10.471243 3.959567
v -44.122463 10.472115 3.958234
v -45.206284 10.462318 4.481923
v -45.202225 10.466160 4.486408
v -45.205639 10.463818 4.482650
v -45.204643 10.465075 4.483757
v -45.203442 10.465897 4.485077
v -44.369400 10.480273 3.689489
v -44.373466 10.476431 3.684998
v -44.370621 10.480010 3.688156
v -44.371822 10.479188 3.686834
v -44.372818 10.477932 3.685726
v -44.514175 10.464699 4.377882
v -44.509960 10.460722 4.382404
v -44.512951 10.464367 4.379211
v -44.511719 10.463495 4.380537
v -44.510670 10.462215 4.381658
v -44.759472 10.472513 4.110922
v -44.763519 10.468672 4.106447
v -44.760685 10.472250 4.109595
v -44.761883 10.471428 4.108278
v -44.762878 10.470171 4.107172
v -44.050587 10.488693 3.258064
v -44.054684 10.484846 3.253536
v -44.051819 10.488430 3.256717
v -44.053028 10.487606 3.255384
v -44.054035 10.486348 3.254267
v -43.800522 10.476866 3.530147
v -43.804802 10.480865 3.525559
v -43.801239 10.478367 3.529394
v -43.802303 10.479654 3.528257
v -43.803555 10.480530 3.526910
v -43.742081 10.500216 2.698092
v -43.745590 10.496389 2.692314
v -43.743088 10.499962 2.696268
v -43.744110 10.499146 2.694529
v -43.744987 10.497891 2.693141
v -43.540920 10.486218 3.073376
v -43.544613 10.490261 3.067538
v -43.541595 10.487728 3.072525
v -43.542534 10.489028 3.071117
v -43.543591 10.489916 3.069366
v -43.272720 10.517786 1.673028
v -43.274281 10.517825 1.672546
v -43.276745 10.521379 1.691421
v -43.272812 10.519220 1.677212
v -43.272903 10.519339 1.674950
v -43.273148 10.519393 1.673579
v -43.273609 10.520088 1.676506
v -43.275242 10.519257 1.676806
v -43.276051 10.520433 1.681889
v -43.273548 10.518094 1.671461
v -43.274040 10.519356 1.674754
v -43.274464 10.520369 1.678237
v -43.274986 10.521166 1.687166
v -43.273605 10.520409 1.682176
v -43.276577 10.521180 1.687021
v -43.274757 10.520836 1.682355
v -43.273430 10.520359 1.678362
v -43.320862 10.500807 2.570412
v -43.315315 10.496830 2.571912
v -43.319134 10.500496 2.570577
v -43.317474 10.499630 2.570921
v -43.316135 10.498344 2.571389
v -45.446831 10.453424 5.080363
v -45.441254 10.449444 5.084068
v -45.445084 10.453096 5.081377
v -45.443413 10.452225 5.082438
v -45.442066 10.450941 5.083383
v -45.833305 10.456856 4.865354
v -45.827801 10.460709 4.869059
v -45.832550 10.458357 4.866022
v -45.831242 10.459616 4.866960
v -45.829575 10.460440 4.868027
v -46.003101 10.445448 5.389137
v -46.005112 10.449472 5.383594
v -46.003647 10.446957 5.388310
v -46.004219 10.448250 5.386966
v -46.004734 10.449135 5.385311
v -47.080181 10.449997 5.459690
v -47.061462 10.453976 5.455484
v -47.080662 10.450047 5.458183
v -47.075912 10.451500 5.459586
v -47.070854 10.452785 5.458750
v -47.081497 10.450218 5.459734
v -47.078224 10.451559 5.459540
v -47.074760 10.452658 5.458997
v -47.076653 10.452353 5.458838
v -47.065933 10.453691 5.455721
v -47.071152 10.452848 5.456317
v -47.065781 10.453653 5.457310
v -47.070690 10.453234 5.457615
v -47.074890 10.452684 5.457968
v -47.076324 10.451569 5.457182
v -47.078423 10.451590 5.458415
v -47.079624 10.451584 5.459322
v -43.327633 10.460514 5.406520
v -43.331886 10.460447 5.410778
v -43.323071 10.464539 5.415459
v -43.327953 10.460478 5.408150
v -43.328876 10.460453 5.409533
v -43.327274 10.462099 5.408504
v -43.327591 10.462021 5.409529
v -43.327579 10.462868 5.410882
v -43.329956 10.462059 5.411166
v -43.327606 10.463400 5.412191
v -43.330257 10.460442 5.410454
v -43.328922 10.462000 5.410847
v -43.326283 10.463421 5.410900
v -43.325188 10.464273 5.413699
v -43.326218 10.463842 5.412277
v -43.353600 6.302922 5.791625
v -43.356625 6.301692 5.791584
v -43.348919 6.289550 5.795527
v -43.354496 6.300797 5.791570
v -43.353458 6.299546 5.793113
v -43.354012 6.298685 5.793149
v -43.350723 6.292840 5.795299
v -43.349838 6.292113 5.795281
v -43.351551 6.294920 5.794860
v -43.352734 6.297363 5.794316
v -43.332287 10.536731 1.747477
v -43.327663 10.541298 1.733936
v -43.335304 10.536774 1.746229
v -43.332520 10.536765 1.746075
v -43.332130 10.538382 1.744078
v -43.331734 10.539292 1.742476
v -43.330517 10.539902 1.740138
v -43.329422 10.540897 1.737216
v -43.334152 10.536786 1.745401
v -46.993328 10.479038 5.409122
v -46.994576 10.479105 5.406108
v -47.006996 10.483231 5.413808
v -46.995457 10.479069 5.408240
v -46.996304 10.480671 5.409510
v -46.998379 10.481493 5.409712
v -46.997280 10.480635 5.408810
v -46.999950 10.482021 5.410525
v -47.004101 10.482929 5.412760
v -47.001366 10.482485 5.411179
v -42.855591 10.070117 1.722529
v -42.855595 10.067184 1.721258
v -42.851337 10.075148 1.708680
v -42.855591 10.069926 1.721127
v -42.854057 10.070065 1.718849
v -42.853142 10.070806 1.717417
v -42.852581 10.072149 1.714972
v -42.855591 10.068338 1.720439
v -42.851662 10.073260 1.712060
v -43.328251 9.968340 5.879095
v -43.323666 9.977032 5.883567
v -43.332481 9.972630 5.879182
v -43.327896 9.970242 5.880772
v -43.326897 9.972559 5.882212
v -43.328564 9.969971 5.879131
v -43.328209 9.971270 5.880737
v -43.328194 9.972582 5.881645
v -43.325790 9.975307 5.883200
v -43.328213 9.973864 5.882236
v -43.326828 9.973915 5.882694
v -43.330853 9.972294 5.879178
v -43.329479 9.971359 5.879160
v -43.330563 9.972923 5.880826
v -43.329529 9.972599 5.880763
v -47.011261 10.000404 5.867065
v -47.024620 10.004818 5.871431
v -47.012527 9.997408 5.866988
v -47.014259 10.000723 5.868696
v -47.012665 10.000185 5.867058
v -47.016289 10.000885 5.869518
v -47.021851 10.003828 5.871075
v -47.019203 10.002287 5.870565
v -47.013348 9.998566 5.867018
v -47.015305 9.999817 5.868669
v -42.855659 9.982344 5.400743
v -42.851376 9.986542 5.409538
v -42.855663 9.977982 5.404893
v -42.854027 9.982624 5.402693
v -42.852638 9.983522 5.405048
v -42.855659 9.981981 5.402367
v -42.854084 9.982281 5.403704
v -42.853207 9.982250 5.405024
v -42.851707 9.984543 5.407793
v -42.852642 9.982218 5.406298
v -42.852184 9.983551 5.406394
v -42.855659 9.979620 5.404612
v -42.855656 9.981024 5.403725
v -42.854031 9.979912 5.405280
v -42.854084 9.980936 5.404983
v -42.858597 6.420897 5.313365
v -42.854343 6.409770 5.316998
v -42.857918 6.419180 5.309702
v -42.856972 6.418328 5.313516
v -42.857708 6.419764 5.313008
v -42.854618 6.412208 5.316350
v -42.855392 6.414852 5.314740
v -42.857342 6.418833 5.311027
v -42.857265 6.419037 5.312188
v -42.856380 6.417709 5.312624
v -47.966976 10.474367 5.879653
v -47.969437 10.470854 5.880667
v -47.967228 10.469757 5.884104
v -47.968044 10.474108 5.879126
v -47.968887 10.473351 5.879134
v -47.967033 10.473974 5.881400
v -47.968941 10.473581 5.881155
v -47.970177 10.472975 5.881095
v -47.970146 10.472393 5.882254
v -47.969410 10.469826 5.881974
v -47.968983 10.469255 5.883087
v -47.969376 10.472206 5.879674
v -47.970081 10.471615 5.881442
v -47.970219 10.471220 5.882790
v -47.967171 10.471481 5.883809
v -47.967102 10.472961 5.882859
v -47.968216 10.469231 5.883834
v -47.969025 10.471256 5.883400
v -42.852074 10.559047 0.771618
v -42.855556 10.560332 0.769018
v -42.856674 10.563723 0.771533
v -42.852341 10.558570 0.770504
v -42.853096 10.558647 0.769619
v -42.852425 10.560839 0.771614
v -42.852829 10.560665 0.769651
v -42.853443 10.560668 0.768372
v -42.854012 10.561853 0.768443
v -42.856586 10.561662 0.769116
v -42.857162 10.562771 0.769626
v -42.854225 10.559266 0.769097
v -42.854805 10.561073 0.768452
v -42.855186 10.562436 0.768374
v -42.854916 10.563369 0.771568
v -42.853420 10.562355 0.771596
v -42.857193 10.563495 0.770476
v -42.855145 10.563013 0.769635
v -42.853195 10.449636 5.890552
v -42.853237 10.444942 5.895023
v -42.848690 10.445135 5.890563
v -42.853203 10.449242 5.892294
v -42.853214 10.448212 5.893755
v -42.851463 10.449280 5.890572
v -42.851532 10.448736 5.892240
v -42.851582 10.448023 5.893572
v -42.850601 10.447630 5.893166
v -42.851490 10.444969 5.894683
v -42.850014 10.445015 5.893717
v -42.853226 10.446701 5.894714
v -42.851543 10.446663 5.894218
v -42.850201 10.446648 5.893557
v -42.849026 10.446844 5.890575
v -42.849998 10.448301 5.890579
v -42.849030 10.445074 5.892270
v -42.849525 10.446733 5.892230
v -42.850193 10.448063 5.892200
v -42.858471 5.351715 5.769074
v -42.857189 5.349650 5.765492
v -42.853722 5.352232 5.764749
v -42.858955 5.350812 5.768770
v -42.858879 5.350102 5.767982
v -42.856647 5.351821 5.768735
v -42.856857 5.350011 5.768281
v -42.856876 5.348845 5.767636
v -42.855862 5.349671 5.764555
v -42.854733 5.350171 5.764087
v -42.858261 5.349697 5.766829
v -42.856464 5.348987 5.766300
v -42.855099 5.348878 5.765970
v -42.854080 5.352102 5.766397
v -42.855106 5.351958 5.767797
v -42.853981 5.351068 5.764153
v -42.854485 5.350142 5.766084
v -42.855267 5.349647 5.767550
v -43.332932 10.460903 1.745602
v -43.335945 10.460955 1.744356
v -43.337219 10.456532 1.751511
v -43.332970 10.460949 1.743742
v -43.333557 10.460974 1.742852
v -43.333458 10.459254 1.746480
v -43.333557 10.459257 1.744648
v -43.334488 10.458469 1.744990
v -43.336246 10.459303 1.745328
v -43.336594 10.457882 1.747029
v -43.334602 10.460976 1.743067
v -43.334885 10.459283 1.744101
v -43.335777 10.456890 1.749677
v -43.334457 10.457846 1.747911
v -43.336933 10.456909 1.749200
v -43.335442 10.457336 1.747246
v -43.334381 10.458110 1.745924
v -43.328281 10.373562 5.404446
v -43.332577 10.369335 5.404343
v -43.332539 10.373493 5.408703
v -43.328621 10.371935 5.404406
v -43.329556 10.370562 5.404373
v -43.328606 10.373526 5.406074
v -43.329010 10.371857 5.406076
v -43.329765 10.370741 5.405964
v -43.332573 10.369621 5.405980
v -43.332561 10.370512 5.407383
v -43.330944 10.369648 5.404350
v -43.330898 10.369997 5.406031
v -43.330975 10.370722 5.407173
v -43.330910 10.373487 5.408379
v -43.329529 10.373501 5.407457
v -43.332550 10.371870 5.408340
v -43.330879 10.371826 5.407947
v -43.329758 10.371922 5.407202
v -46.993973 10.400959 5.407207
v -46.987991 10.396757 5.402847
v -46.995220 10.401041 5.404194
v -46.993069 10.399336 5.406652
v -46.991611 10.397966 5.405630
v -46.995834 10.400974 5.407169
v -46.993603 10.398197 5.405713
v -46.994545 10.398542 5.405610
v -46.990307 10.397091 5.403139
v -46.992496 10.398024 5.403500
v -46.989830 10.397060 5.404293
v -46.992271 10.397461 5.404638
v -46.996510 10.401018 5.405539
v -46.996727 10.400995 5.406582
v -46.994221 10.399408 5.403870
v -46.995659 10.399412 5.406095
v -43.328201 9.970415 5.792128
v -43.332432 9.974705 5.792227
v -43.332458 9.970549 5.787867
v -43.328514 9.972046 5.792166
v -43.329426 9.973434 5.792197
v -43.328526 9.970455 5.790496
v -43.328903 9.972132 5.790495
v -43.329643 9.973259 5.790605
v -43.332432 9.974421 5.790588
v -43.332439 9.973530 5.789185
v -43.330803 9.974369 5.792219
v -43.330765 9.974016 5.790539
v -43.330853 9.973297 5.789397
v -43.330830 9.970530 5.788190
v -43.329445 9.970495 5.789114
v -43.332447 9.972170 5.788228
v -43.330776 9.972189 5.788620
v -43.329651 9.972078 5.789368
v -43.353550 6.304997 5.704658
v -43.357765 6.311131 5.700540
v -43.356575 6.303769 5.704627
v -43.354057 6.305956 5.703048
v -43.355038 6.307458 5.701702
v -43.353600 6.303138 5.704611
v -43.354973 6.305461 5.701869
v -43.355087 6.304513 5.702184
v -43.357494 6.308805 5.700809
v -43.357178 6.306590 5.701680
v -43.356339 6.309278 5.700819
v -43.356018 6.306827 5.701151
v -43.355240 6.302473 5.704595
v -43.354195 6.302250 5.704589
v -43.356853 6.304821 5.703020
v -43.354633 6.303371 5.703031
v -47.011211 10.002289 5.790726
v -47.012478 9.999290 5.790654
v -47.005188 9.998087 5.786367
v -47.012615 10.002069 5.790720
v -47.009823 10.001993 5.789088
v -47.011524 10.001650 5.789137
v -47.012608 10.001150 5.789165
v -47.011433 10.000677 5.788237
v -47.011269 9.998571 5.789007
v -47.009460 9.998091 5.787614
v -47.013298 10.000448 5.790681
v -47.012211 10.000027 5.789099
v -47.010925 9.999718 5.787832
v -47.006565 9.999720 5.786730
v -47.008190 10.001093 5.787685
v -47.007324 9.997921 5.786688
v -47.008972 9.999664 5.787199
v -47.010384 10.000999 5.787863
v -42.942581 10.070619 1.722539
v -42.946869 10.066240 1.728487
v -42.942600 10.067640 1.721225
v -42.944214 10.070271 1.723919
v -42.945602 10.069315 1.725535
v -42.942581 10.070422 1.721133
v -42.944160 10.069957 1.722215
v -42.945423 10.069262 1.723343
v -42.945042 10.068963 1.722290
v -42.946545 10.066113 1.726349
v -42.945618 10.066336 1.724220
v -42.946533 10.067900 1.727139
v -42.946060 10.067892 1.724731
v -42.945427 10.067989 1.722781
v -42.942593 10.068811 1.720422
v -42.944233 10.066872 1.722419
v -42.944168 10.068342 1.721502
v -42.944122 10.069473 1.721124
v -42.942654 9.982841 5.400753
v -42.942677 9.978481 5.404911
v -42.946938 9.978607 5.400652
v -42.942654 9.982479 5.402376
v -42.942657 9.981522 5.403735
v -42.944283 9.982527 5.400745
v -42.944328 9.982098 5.402407
v -42.944248 9.981319 5.403514
v -42.944305 9.978498 5.404587
v -42.945690 9.978529 5.403664
v -42.942665 9.980118 5.404626
v -42.944336 9.980179 5.404235
v -42.945465 9.980118 5.403485
v -42.946602 9.980234 5.400691
v -42.945671 9.981611 5.400722
v -42.946613 9.978565 5.402283
v -42.946213 9.980234 5.402363
v -42.945457 9.981356 5.402306
v -42.963703 6.319478 5.317336
v -42.964397 6.316492 5.313762
v -42.967957 6.319767 5.313341
v -42.963123 6.318048 5.316995
v -42.963055 6.316978 5.316195
v -42.965332 6.319530 5.317111
v -42.965061 6.317309 5.316638
v -42.964970 6.315839 5.315979
v -42.966106 6.316030 5.315532
v -42.965767 6.316548 5.312938
v -42.966923 6.317194 5.312568
v -42.963501 6.316431 5.315061
v -42.965279 6.315885 5.314657
v -42.966625 6.315932 5.314425
v -42.967632 6.319687 5.314949
v -42.966709 6.319603 5.316274
v -42.967690 6.318320 5.312707
v -42.967236 6.317441 5.314595
v -42.966530 6.316968 5.316007
v -42.991489 9.441805 3.719273
v -42.995369 9.440025 3.717653
v -42.992958 9.442104 3.719559
v -42.994209 9.441873 3.719352
v -42.995056 9.441142 3.718682
v -42.990585 8.640865 4.548439
v -42.986706 8.642663 4.550074
v -42.990276 8.641991 4.549472
v -42.989429 8.642727 4.550148
v -42.988174 8.642963 4.550360
v -43.000641 9.099740 3.403554
v -42.996700 9.097662 3.401613
v -43.000355 9.098595 3.402496
v -42.999504 9.097799 3.401756
v -42.998222 9.097470 3.401446
v -42.991917 8.298539 4.232430
v -42.995853 8.300623 4.234376
v -42.993439 8.298349 4.232264
v -42.994720 8.298677 4.232574
v -42.995567 8.299476 4.233315
v -42.988697 9.064673 4.160633
v -42.992569 9.062895 4.159011
v -42.990166 9.064974 4.160919
v -42.991417 9.064742 4.160710
v -42.992260 9.064012 4.160041
v -42.993896 8.721030 3.843431
v -42.997833 8.723099 3.845364
v -42.995419 8.720839 3.843263
v -42.996700 8.721163 3.843571
v -42.997551 8.721957 3.844309
v -42.990765 7.866206 4.550138
v -42.994705 7.868322 4.552114
v -42.992287 7.866017 4.549972
v -42.993572 7.866354 4.550290
v -42.994423 7.867164 4.551042
v -42.989437 8.208652 4.866256
v -42.985542 8.210483 4.867921
v -42.989124 8.209791 4.867303
v -42.988277 8.210539 4.867990
v -42.987019 8.210781 4.868207
v -42.990444 7.304101 4.857832
v -42.994392 7.307209 4.859354
v -42.991974 7.303988 4.857634
v -42.993259 7.304537 4.857852
v -42.994110 7.305670 4.858457
v -42.989075 7.750144 5.125166
v -42.985157 7.752955 5.126369
v -42.988762 7.751659 5.126040
v -42.987907 7.752728 5.126575
v -42.986641 7.753182 5.126689
v -42.990894 6.283460 5.328498
v -42.994884 6.296154 5.323552
v -42.990940 6.282940 5.326607
v -42.992420 6.286319 5.327863
v -42.993713 6.289736 5.326696
v -42.990643 6.282135 5.328390
v -42.992268 6.284101 5.327600
v -42.993538 6.286328 5.326649
v -42.993145 6.284846 5.326485
v -42.994602 6.292892 5.323434
v -42.993752 6.289232 5.323975
v -42.994579 6.293190 5.325182
v -42.994160 6.289299 5.325231
v -42.993553 6.286116 5.325493
v -42.990669 6.281856 5.327363
v -42.992466 6.285738 5.325089
v -42.992287 6.283825 5.326298
v -42.992184 6.282791 5.327219
v -42.985378 7.250802 5.350707
v -42.989326 7.252041 5.347798
v -42.986874 7.251338 5.350903
v -42.988148 7.251762 5.350419
v -42.989010 7.252010 5.349329
v -42.995056 9.768736 3.231101
v -42.998955 9.767621 3.228407
v -42.996529 9.769089 3.231307
v -42.997787 9.769001 3.230868
v -42.998642 9.768485 3.229849
v -43.005405 9.484150 2.778658
v -43.001472 9.482693 2.775567
v -43.005123 9.483244 2.777160
v -43.004280 9.482649 2.776046
v -43.002995 9.482456 2.775487
v -43.003414 10.072391 2.670644
v -42.999519 10.075213 2.670015
v -43.003109 10.073912 2.670818
v -43.002262 10.074981 2.670759
v -43.000999 10.075438 2.670477
v -43.011860 10.080473 1.530255
v -43.011890 10.078659 1.529734
v -43.015732 10.075033 1.543626
v -43.011654 10.080400 1.528924
v -43.013359 10.079702 1.533291
v -43.013229 10.079509 1.531034
v -43.013161 10.079174 1.529695
v -43.014088 10.078352 1.531855
v -43.013390 10.076998 1.532690
v -43.014645 10.075724 1.536369
v -43.011669 10.079421 1.528642
v -43.013245 10.078239 1.530749
v -43.014477 10.077324 1.533172
v -43.015453 10.076758 1.540528
v -43.014618 10.078398 1.536898
v -43.015469 10.075035 1.540209
v -43.015057 10.076940 1.536490
v -43.014465 10.078455 1.533398
v -42.884315 9.398733 3.678874
v -42.888088 9.403362 3.683170
v -42.884586 9.400068 3.680109
v -42.885399 9.401419 3.681359
v -42.886627 9.402575 3.682434
v -42.883308 8.604225 4.513973
v -42.879532 8.599577 4.509658
v -42.881847 8.603435 4.513235
v -42.880615 8.602272 4.512156
v -42.879803 8.600919 4.510900
v -42.892487 9.127440 3.428482
v -42.888447 9.131802 3.432484
v -42.890953 9.128122 3.429102
v -42.889652 9.129190 3.430080
v -42.888771 9.130482 3.431267
v -42.883663 8.332683 4.263306
v -42.887703 8.328318 4.259297
v -42.883987 8.331361 4.262085
v -42.884869 8.330068 4.260899
v -42.886173 8.329000 4.259920
v -42.881516 9.021605 4.120234
v -42.885292 9.026231 4.124527
v -42.881790 9.022939 4.121469
v -42.882603 9.024286 4.122715
v -42.883831 9.025442 4.123792
v -42.885643 8.755159 3.874292
v -42.889679 8.750809 3.870300
v -42.885967 8.753845 3.873079
v -42.886848 8.752555 3.871895
v -42.888153 8.751491 3.870919
v -42.882519 7.900383 4.581041
v -42.886562 7.895980 4.577002
v -42.882843 7.899048 4.579812
v -42.883724 7.897744 4.578610
v -42.885033 7.896667 4.577623
v -42.882172 8.172054 4.831831
v -42.878384 8.167360 4.827477
v -42.880707 8.171258 4.831089
v -42.879471 8.170089 4.829998
v -42.878654 8.168720 4.828732
v -42.882206 7.339527 4.888152
v -42.886257 7.333870 4.884695
v -42.882530 7.337711 4.887146
v -42.883411 7.336000 4.886135
v -42.884724 7.334652 4.885273
v -42.881828 7.714543 5.090292
v -42.878021 7.708599 5.086522
v -42.880356 7.713649 5.089592
v -42.879116 7.712206 5.088630
v -42.878296 7.710433 5.087552
v -42.886757 6.313190 5.355027
v -42.886757 6.312708 5.353467
v -42.882694 6.331479 5.350982
v -42.886421 6.311321 5.354745
v -42.885201 6.317328 5.354924
v -42.885155 6.315064 5.354825
v -42.885143 6.313694 5.354576
v -42.884369 6.316598 5.354105
v -42.885220 6.316927 5.352489
v -42.883907 6.321978 5.351675
v -42.885162 6.314871 5.353685
v -42.884052 6.318324 5.353251
v -42.883003 6.327227 5.352734
v -42.883884 6.322258 5.354116
v -42.883022 6.327085 5.351143
v -42.883469 6.322425 5.352960
v -42.884045 6.318447 5.354288
v -42.878273 7.210805 5.309032
v -42.882107 7.212409 5.314648
v -42.878548 7.210977 5.310767
v -42.879375 7.211339 5.312441
v -42.880623 7.211843 5.313806
v -42.887905 9.726501 3.189356
v -42.891682 9.730305 3.195007
v -42.888172 9.727519 3.191108
v -42.888985 9.728600 3.192797
v -42.890217 9.729578 3.194167
v -42.897263 9.512472 2.802434
v -42.893211 9.516048 2.807880
v -42.895729 9.513092 2.803164
v -42.894424 9.513991 2.804455
v -42.893539 9.515028 2.806111
v -42.896191 10.036798 2.633937
v -42.892365 10.031145 2.631850
v -42.894714 10.035929 2.633365
v -42.893471 10.034548 2.632768
v -42.892647 10.032869 2.632236
v -42.907684 10.109942 1.557082
v -42.903519 10.105576 1.575725
v -42.907684 10.108437 1.556600
v -42.906113 10.109785 1.561328
v -42.904770 10.108898 1.566360
v -42.907482 10.109983 1.555762
v -42.906094 10.109743 1.559013
v -42.904953 10.109158 1.562458
v -42.905296 10.109015 1.560572
v -42.903866 10.105832 1.571257
v -42.904781 10.106464 1.566055
v -42.903858 10.107420 1.571417
v -42.904350 10.107750 1.566513
v -42.904961 10.108129 1.562326
v -42.906120 10.107381 1.560908
v -42.906097 10.108618 1.558811
v -42.906097 10.109528 1.557612
v -43.909260 8.280630 5.778685
v -43.910717 8.279480 5.774519
v -43.908813 8.281044 5.777287
v -43.908932 8.280970 5.776006
v -43.909599 8.280420 5.775033
v -44.676891 9.140642 5.790335
v -44.675423 9.141804 5.794493
v -44.675770 9.141586 5.790848
v -44.675098 9.142139 5.791819
v -44.674976 9.142214 5.793097
v -44.259811 7.982870 5.706431
v -44.262325 7.980647 5.709946
v -44.261017 7.981841 5.706501
v -44.261917 7.981054 5.707193
v -44.262375 7.980638 5.708405
v -45.028477 8.841831 5.725766
v -45.025948 8.844065 5.722254
v -45.028522 8.841822 5.724224
v -45.028061 8.842243 5.723013
v -45.027157 8.843031 5.722322
v -44.269142 8.735985 5.791662
v -44.270596 8.734835 5.787506
v -44.268692 8.736399 5.790266
v -44.268810 8.736326 5.788988
v -44.269482 8.735777 5.788019
v -44.621696 8.436434 5.723032
v -44.619190 8.438650 5.719517
v -44.621750 8.436424 5.721488
v -44.621288 8.436842 5.720280
v -44.620392 8.437622 5.719585
v -45.447479 9.176865 5.719565
v -45.444912 9.179132 5.716056
v -45.447525 9.176859 5.718021
v -45.447052 9.177288 5.716813
v -45.446136 9.178087 5.716123
v -45.095760 9.475792 5.784155
v -45.094265 9.476976 5.788322
v -45.094627 9.476746 5.784670
v -45.093948 9.477308 5.785643
v -45.093819 9.477388 5.786926
v -46.016220 9.507700 5.706327
v -46.012600 9.509476 5.702783
v -46.016190 9.507656 5.704780
v -46.015488 9.507978 5.703563
v -46.014229 9.508617 5.702861
v -45.542789 9.761005 5.769050
v -45.540340 9.761658 5.773177
v -45.541294 9.761759 5.769549
v -45.540302 9.762146 5.770509
v -45.539967 9.762112 5.771783
v -47.116787 10.020813 5.693429
v -47.103931 10.016287 5.689508
v -47.117283 10.018917 5.693136
v -47.113823 10.020336 5.691941
v -47.110336 10.019310 5.690672
v -47.118126 10.020668 5.693554
v -47.116039 10.020058 5.691945
v -47.113728 10.019245 5.690686
v -47.115227 10.019039 5.690994
v -47.107155 10.016144 5.689642
v -47.110821 10.016592 5.690379
v -47.106865 10.017889 5.689819
v -47.110737 10.017893 5.690074
v -47.113934 10.018093 5.690560
v -47.118393 10.019642 5.693396
v -47.114380 10.017567 5.691606
v -47.116302 10.018755 5.691787
v -47.117348 10.019667 5.691920
v -46.036713 10.043686 5.750435
v -46.028210 10.041794 5.750587
v -46.030952 10.041277 5.746801
v -46.034702 10.043526 5.750627
v -46.032383 10.043110 5.750724
v -46.035381 10.044050 5.749009
v -46.033459 10.043779 5.749184
v -46.031704 10.043533 5.749302
v -46.028347 10.042534 5.749195
v -46.028919 10.042696 5.747986
v -46.030102 10.042501 5.750709
v -46.030052 10.043045 5.749272
v -46.030201 10.043337 5.748123
v -46.032265 10.042746 5.747043
v -46.033817 10.043720 5.747818
v -46.029835 10.042255 5.747146
v -46.031101 10.043142 5.747515
v -46.032330 10.043783 5.748052
v -43.600895 7.781044 5.755616
v -43.601727 7.778798 5.751379
v -43.600395 7.781375 5.754209
v -43.600380 7.781066 5.752910
v -43.600845 7.780160 5.751915
v -43.898972 7.344901 5.673589
v -43.900906 7.341506 5.677035
v -43.899952 7.343422 5.673633
v -43.900665 7.342258 5.674304
v -43.901001 7.341587 5.675498
v -43.317780 7.211100 5.718358
v -43.315365 7.209960 5.722410
v -43.316288 7.211172 5.718817
v -43.315308 7.210979 5.719748
v -43.314980 7.210556 5.721010
v -43.349140 6.077733 5.595327
v -43.350960 6.077299 5.595080
v -43.353710 6.091650 5.592350
v -43.349277 6.076393 5.595393
v -43.349659 6.080932 5.594082
v -43.349941 6.078683 5.593964
v -43.350327 6.077362 5.593864
v -43.350983 6.079636 5.593091
v -43.352364 6.080456 5.593747
v -43.353382 6.084293 5.592759
v -43.350262 6.076159 5.595260
v -43.351212 6.078457 5.593803
v -43.351921 6.081028 5.592748
v -43.352131 6.088464 5.592472
v -43.350708 6.084701 5.593081
v -43.353855 6.088223 5.592268
v -43.352131 6.084402 5.592473
v -43.350788 6.081203 5.592885
v -43.963745 8.231943 5.876842
v -43.958633 8.236372 5.873957
v -43.962349 8.233135 5.876819
v -43.960888 8.234396 5.876263
v -43.959583 8.235533 5.875257
v -44.724796 9.097542 5.889768
v -44.729919 9.093105 5.892654
v -44.725750 9.096701 5.891069
v -44.727055 9.095562 5.892075
v -44.728519 9.094299 5.892632
v -44.241688 7.995875 5.818627
v -44.237591 7.999269 5.823431
v -44.241135 7.996314 5.820269
v -44.240162 7.997110 5.821756
v -44.238914 7.998148 5.822866
v -45.003731 8.860464 5.839251
v -45.007835 8.857061 5.834446
v -45.005058 8.859341 5.838688
v -45.006306 8.858299 5.837576
v -45.007282 8.857498 5.836088
v -44.323624 8.687300 5.889828
v -44.318520 8.691723 5.886943
v -44.322227 8.688492 5.889802
v -44.320770 8.689751 5.889246
v -44.319466 8.690886 5.888243
v -44.596970 8.455051 5.836514
v -44.601059 8.451664 5.831715
v -44.598293 8.453934 5.835953
v -44.599533 8.452898 5.834843
v -44.600506 8.452101 5.833354
v -45.422691 9.195534 5.833054
v -45.426842 9.192095 5.828237
v -45.424038 9.194397 5.832488
v -45.425301 9.193344 5.831373
v -45.426285 9.192535 5.829880
v -45.143631 9.432726 5.883582
v -45.148788 9.428255 5.886476
v -45.144585 9.431879 5.884888
v -45.145901 9.430733 5.885897
v -45.147377 9.429461 5.886455
v -45.990120 9.525740 5.819770
v -45.995586 9.522928 5.814990
v -45.991970 9.524843 5.819219
v -45.993660 9.523993 5.818117
v -45.994930 9.523321 5.816632
v -45.589691 9.717421 5.868409
v -45.596054 9.713612 5.871385
v -45.590740 9.716621 5.869729
v -45.592319 9.715618 5.870758
v -45.594185 9.714560 5.871339
v -47.096176 10.035770 5.802023
v -47.096649 10.034143 5.801797
v -47.079098 10.031475 5.806479
v -47.098068 10.035402 5.802162
v -47.092396 10.035536 5.803710
v -47.094585 10.035395 5.803631
v -47.095905 10.035116 5.803548
v -47.093182 10.034597 5.804418
v -47.092716 10.033049 5.803456
v -47.087997 10.032154 5.804929
v -47.094742 10.034231 5.803510
v -47.091530 10.033720 5.804747
v -47.083153 10.033211 5.806122
v -47.087822 10.034636 5.805149
v -47.083218 10.031605 5.805991
v -47.087673 10.033419 5.805481
v -47.091454 10.034769 5.804842
v -46.084057 9.993793 5.849210
v -46.081284 9.999697 5.845603
v -46.083569 9.995541 5.848934
v -46.082870 9.997274 5.848152
v -46.082066 9.998735 5.846983
v -43.654594 7.730983 5.853689
v -43.650253 7.736795 5.850863
v -43.653496 7.732705 5.853693
v -43.652287 7.734414 5.853157
v -43.651146 7.735849 5.852162
v -43.880268 7.356738 5.785713
v -43.876904 7.361599 5.790605
v -43.879768 7.357285 5.787361
v -43.878956 7.358402 5.788867
v -43.877949 7.359920 5.790008
v -43.364700 7.165732 5.817617
v -43.370766 7.163548 5.820683
v -43.365726 7.165061 5.818942
v -43.367241 7.164411 5.819986
v -43.369007 7.163877 5.820600
v -43.328808 6.092939 5.703941
v -43.332893 6.111269 5.709558
v -43.330322 6.092526 5.703754
v -43.328964 6.097013 5.705914
v -43.329796 6.101927 5.707674
v -43.329090 6.094712 5.705695
v -43.329659 6.098053 5.707119
v -43.329834 6.096218 5.706575
v -43.332760 6.106845 5.708784
v -43.332226 6.101730 5.707407
v -43.331177 6.106934 5.708952
v -43.330975 6.102089 5.708001
v -43.330685 6.097970 5.707006
v -43.329651 6.091383 5.703909
v -43.331367 6.096704 5.705643
v -43.330215 6.094563 5.705565
v -43.329353 6.093329 5.705529
v -44.274036 10.355600 4.208621
v -44.272350 10.359394 4.210523
v -44.273003 10.355858 4.209751
v -44.272316 10.356670 4.210509
v -44.272087 10.357912 4.210780
v -45.006401 10.358437 4.270321
v -45.008263 10.362465 4.268363
v -45.007450 10.358772 4.269186
v -45.008171 10.359655 4.268415
v -45.008457 10.360954 4.268126
v -44.693405 10.348467 4.610964
v -44.691727 10.352261 4.612857
v -44.692375 10.348726 4.612091
v -44.691692 10.349539 4.612846
v -44.691467 10.350779 4.613115
v -44.587009 10.365568 3.868001
v -44.588875 10.369596 3.866040
v -44.588058 10.365904 3.866866
v -44.588783 10.366789 3.866094
v -44.589069 10.368084 3.865804
v -44.232033 10.373703 3.439571
v -44.233917 10.377737 3.437585
v -44.233089 10.374039 3.438424
v -44.233818 10.374925 3.437645
v -44.234112 10.376223 3.437350
v -43.918697 10.363724 3.780580
v -43.916988 10.367526 3.782508
v -43.917656 10.363983 3.781721
v -43.916962 10.364798 3.782488
v -43.916729 10.366041 3.782765
v -43.632153 10.372539 3.340449
v -43.630478 10.376358 3.342530
v -43.631123 10.372800 3.341650
v -43.630440 10.373617 3.342468
v -43.630211 10.374866 3.342776
v -43.939373 10.382785 2.986678
v -43.941231 10.386828 2.984539
v -43.940422 10.383124 2.985473
v -43.941139 10.384010 2.984643
v -43.941425 10.385311 2.984316
v -43.295021 10.399351 2.130621
v -43.291080 10.403681 2.121540
v -43.293476 10.399740 2.127160
v -43.292187 10.400699 2.124220
v -43.291344 10.402082 2.122245
v -43.391922 10.382666 2.856820
v -43.391644 10.386447 2.861898
v -43.391422 10.382902 2.859170
v -43.391193 10.383705 2.860961
v -43.391270 10.384949 2.861919
v -43.553421 10.399315 2.195719
v -43.553886 10.403426 2.190591
v -43.553936 10.399679 2.193370
v -43.554207 10.400587 2.191571
v -43.554188 10.401903 2.190595
v -45.486324 10.352785 4.625515
v -45.488342 10.356813 4.623630
v -45.487431 10.353121 4.624409
v -45.488205 10.354004 4.623661
v -45.488522 10.355299 4.623388
v -45.155975 10.342871 4.959528
v -45.154156 10.346674 4.961336
v -45.154888 10.343132 4.960623
v -45.154163 10.343945 4.961351
v -45.153904 10.345190 4.961602
v -46.532074 10.339941 5.421628
v -46.540993 10.344044 5.425836
v -46.535454 10.340239 5.423254
v -46.538334 10.341124 5.424625
v -46.540279 10.342459 5.425531
v -46.424000 10.346758 5.109304
v -46.429436 10.350769 5.109114
v -46.426414 10.347086 5.108846
v -46.428295 10.347963 5.108648
v -46.429356 10.349258 5.108743
v -45.686504 10.338512 5.273040
v -45.681606 10.342356 5.273088
v -45.684238 10.338783 5.273464
v -45.682510 10.339607 5.273622
v -45.681587 10.340864 5.273490
v -44.306610 10.464470 4.175049
v -44.310837 10.468451 4.170520
v -44.307323 10.465963 4.174302
v -44.308372 10.467247 4.173179
v -44.309608 10.468119 4.171851
v -44.979721 10.465298 4.301235
v -44.975674 10.469137 4.305712
v -44.979080 10.466795 4.301961
v -44.978085 10.468052 4.303067
v -44.976887 10.468874 4.304384
v -44.725990 10.457338 4.577382
v -44.730206 10.461317 4.572862
v -44.726700 10.458832 4.576636
v -44.727749 10.460114 4.575515
v -44.728981 10.460985 4.574189
v -44.560337 10.472429 3.898912
v -44.556282 10.476269 3.903392
v -44.559692 10.473927 3.899639
v -44.558697 10.475183 3.900745
v -44.557499 10.476006 3.902063
v -44.205379 10.480560 3.470454
v -44.201305 10.484406 3.474960
v -44.204735 10.482061 3.471183
v -44.203735 10.483318 3.472295
v -44.202530 10.484140 3.473622
v -43.951244 10.472584 3.747041
v -43.955498 10.476574 3.742478
v -43.951958 10.474081 3.746290
v -43.953014 10.475366 3.745160
v -43.954262 10.476240 3.743821
v -43.664722 10.481380 3.307074
v -43.668938 10.485392 3.302314
v -43.665432 10.482885 3.306307
v -43.666485 10.484177 3.305133
v -43.667717 10.485056 3.303731
v -43.912697 10.489639 3.017404
v -43.908665 10.493484 3.022099
v -43.912056 10.491142 3.018148
v -43.911060 10.492401 3.019302
v -43.909874 10.493223 3.020689
v -43.293888 10.507162 2.120286
v -43.298805 10.511093 2.130931
v -43.294300 10.508736 2.121082
v -43.295376 10.510036 2.123384
v -43.296959 10.510862 2.126843
v -43.425869 10.491419 2.826460
v -43.428326 10.495533 2.817888
v -43.426449 10.492939 2.825400
v -43.427120 10.494253 2.823398
v -43.427776 10.495166 2.820761
v -43.525356 10.506227 2.223453
v -43.523090 10.510000 2.231934
v -43.524849 10.507726 2.224486
v -43.524239 10.508967 2.226461
v -43.523624 10.509768 2.229076
v -45.459801 10.459644 4.656500
v -45.455559 10.463486 4.660883
v -45.459145 10.461142 4.657220
v -45.458107 10.462399 4.658305
v -45.456848 10.463223 4.659591
v -45.188412 10.451736 4.925867
v -45.192810 10.455721 4.921449
v -45.189137 10.453232 4.925128
v -45.190228 10.454515 4.924028
v -45.191517 10.455389 4.922737
v -46.543804 10.447496 5.424583
v -46.533646 10.451725 5.419564
v -46.543068 10.449095 5.424186
v -46.540874 10.450462 5.423092
v -46.537567 10.451385 5.421469
v -46.400898 10.453592 5.141984
v -46.392399 10.457464 5.144252
v -46.399918 10.455095 5.142542
v -46.397957 10.456358 5.143169
v -46.395313 10.457190 5.143770
v -45.715851 10.447384 5.237632
v -45.724052 10.451355 5.235368
v -45.716866 10.448885 5.237055
v -45.718781 10.450169 5.236422
v -45.721306 10.451035 5.235830
v -47.094929 10.398636 5.441749
v -47.094429 10.398592 5.443411
v -47.095814 10.398603 5.443328
v -43.288548 10.466427 1.656115
v -43.286816 10.466404 1.656620
v -43.286930 10.466436 1.655226
v -42.854923 10.506680 3.330996
v -42.850380 10.502107 3.330874
v -42.853184 10.506343 3.330264
v -42.851707 10.505356 3.329985
v -42.850723 10.503868 3.330198
v -42.855839 7.898332 5.832049
v -42.851204 7.898836 5.827664
v -42.854061 7.897673 5.831693
v -42.852554 7.897539 5.830736
v -42.851555 7.897945 5.829319
v -42.856373 7.954991 3.267256
v -42.852898 7.956032 3.267843
v -42.855042 7.954546 3.266756
v -42.853916 7.954587 3.266692
v -45.410240 10.457361 5.889563
v -45.410152 10.462002 5.885117
v -45.410934 10.459101 5.889261
v -45.411163 10.460596 5.888309
v -45.410889 10.461613 5.886854
v -45.412498 10.515593 3.324846
v -45.411823 10.519043 3.325637
v -45.412983 10.516933 3.324397
v -45.413025 10.518059 3.324389
v -45.413315 7.910255 5.823081
v -45.412834 7.910779 5.826591
v -45.413815 7.909742 5.824402
v -45.413895 7.909661 5.825534
v -43.329960 10.498623 3.576998
v -43.325378 10.502918 3.574745
v -43.329601 10.500255 3.576859
v -43.328606 10.501644 3.576382
v -43.327122 10.502581 3.575639
v -45.164955 10.473886 5.414621
v -45.162609 10.469742 5.409951
v -45.164047 10.473606 5.412865
v -45.163280 10.472721 5.411362
v -45.162777 10.471363 5.410337
v -45.167324 10.512265 3.573819
v -45.164940 10.507939 3.576169
v -45.166401 10.511915 3.574750
v -45.165623 10.510971 3.575525
v -45.165112 10.509575 3.576022
v -43.340927 8.135632 5.835361
v -43.336308 8.133268 5.839548
v -43.340572 8.135420 5.836986
v -43.339573 8.134897 5.838352
v -43.338074 8.134142 5.839252
v -45.171871 9.986519 5.873124
v -45.174152 9.990915 5.877499
v -45.172047 9.986822 5.874762
v -45.172543 9.987762 5.876169
v -45.173283 9.989201 5.877130
v -45.186787 8.147139 5.833478
v -45.184578 8.149549 5.829288
v -45.185940 8.148031 5.833180
v -45.185223 8.148802 5.832280
v -45.184746 8.149334 5.830913
v -42.851357 10.030825 3.559396
v -42.855625 10.026230 3.561636
v -42.851685 10.029058 3.560253
v -42.852612 10.027565 3.560980
v -42.853992 10.026573 3.561465
v -42.852859 8.197926 5.363261
v -42.857132 8.198429 5.359117
v -42.853188 8.198801 5.361648
v -42.854115 8.199204 5.360293
v -42.855499 8.199073 5.359405
v -42.852840 8.241924 3.513327
v -42.856857 8.242543 3.515743
v -42.853146 8.242805 3.514226
v -42.854015 8.243232 3.515001
v -42.855320 8.243140 3.515535
v -43.334900 10.412954 3.577048
v -43.330605 10.417233 3.575024
v -43.333267 10.413284 3.576243
v -43.331879 10.414214 3.575574
v -43.330944 10.415601 3.575146
v -45.163258 10.387226 5.407956
v -45.161163 10.383053 5.403594
v -45.163109 10.385603 5.407593
v -45.162659 10.384239 5.406636
v -45.161976 10.383345 5.405231
v -45.165585 10.430998 3.574275
v -45.162605 10.426645 3.577179
v -45.165367 10.429361 3.574464
v -45.164726 10.427959 3.575082
v -45.163757 10.427005 3.576037
v -43.345119 8.139961 5.744182
v -43.340874 8.137707 5.748394
v -43.343494 8.139130 5.744489
v -43.342117 8.138409 5.745397
v -43.341198 8.137909 5.746768
v -45.169712 9.984327 5.787116
v -45.171822 9.988499 5.791476
v -45.170517 9.985954 5.787479
v -45.171204 9.987320 5.788436
v -45.171661 9.988213 5.789839
v -45.184525 8.151531 5.747642
v -45.181484 8.154617 5.743454
v -45.184292 8.151796 5.746017
v -45.183632 8.152477 5.744649
v -45.182648 8.153467 5.743751
v -42.942616 10.026730 3.561646
v -42.946899 10.022444 3.563683
v -42.944248 10.026413 3.561802
v -42.945637 10.025485 3.562243
v -42.946568 10.024092 3.562904
v -42.953194 8.148315 5.361096
v -42.957451 8.148312 5.356977
v -42.954826 8.147632 5.360811
v -42.956207 8.147389 5.359928
v -42.957130 8.147629 5.358581
v -42.953396 8.192180 3.517735
v -42.957413 8.193011 3.520907
v -42.954937 8.191599 3.518002
v -42.956242 8.191552 3.518697
v -42.957111 8.192047 3.519718
v -43.327957 10.417038 5.405483
v -43.332214 10.416969 5.409740
v -43.328281 10.417004 5.407113
v -43.329205 10.416981 5.408495
v -43.330585 10.416967 5.409418
v -46.994900 10.440073 5.405151
v -46.993652 10.439997 5.408166
v -46.995728 10.440052 5.406303
v -46.995052 10.440012 5.407936
v -43.353573 6.303959 5.748141
v -43.356598 6.302732 5.748106
v -43.353813 6.302560 5.748106
v -43.355453 6.301896 5.748087
v -47.011238 10.001347 5.828896
v -47.012501 9.998350 5.828823
v -47.012642 10.001129 5.828888
v -47.013325 9.999506 5.828848
v -42.899170 9.978231 5.404903
v -42.899155 9.982594 5.400749
v -42.899166 9.979870 5.404619
v -42.899158 9.981274 5.403730
v -42.899158 9.982231 5.402370
v -42.899097 10.067411 1.721241
v -42.899086 10.070369 1.722533
v -42.899094 10.068575 1.720431
v -42.899086 10.070174 1.721130
v -43.332607 10.498817 1.746539
v -43.335625 10.498864 1.745292
v -43.332840 10.498850 1.745138
v -43.334473 10.498875 1.744464
v -43.332458 9.973669 5.835705
v -43.328224 9.969378 5.835611
v -43.330830 9.973331 5.835699
v -43.329453 9.972399 5.835680
v -43.328537 9.971008 5.835648
v -42.911167 6.367826 5.311735
v -42.911160 6.370175 5.315351
v -42.911171 6.366907 5.313074
v -42.911171 6.367032 5.314229
v -42.911167 6.368178 5.315032
v -42.991470 8.854991 4.361835
v -42.987598 8.856777 4.363461
v -42.991161 8.856112 4.362865
v -42.990318 8.856844 4.363536
v -42.989067 8.857077 4.363746
v -42.999142 8.918455 3.629652
v -42.995205 8.916386 3.627717
v -42.998856 8.917315 3.628597
v -42.998009 8.916520 3.627858
v -42.996727 8.916195 3.627550
v -42.993877 9.258442 3.943474
v -42.989998 9.260220 3.945092
v -42.993565 9.259559 3.944503
v -42.992722 9.260287 3.945171
v -42.991467 9.260520 3.945378
v -42.996738 8.515028 4.048030
v -42.992802 8.512956 4.046093
v -42.996452 8.513886 4.046976
v -42.995605 8.513091 4.046236
v -42.994324 8.512764 4.045927
v -42.995178 8.085637 4.401937
v -42.991238 8.083538 4.399978
v -42.994896 8.084484 4.400872
v -42.994045 8.083681 4.400126
v -42.992764 8.083349 4.399812
v -42.989906 8.425989 4.716097
v -42.986023 8.427801 4.717749
v -42.989597 8.427119 4.717141
v -42.988750 8.427861 4.717820
v -42.987495 8.428100 4.718032
v -42.989162 7.985056 5.001543
v -42.985256 7.987020 5.003160
v -42.988850 7.986246 5.002573
v -42.987995 7.987039 5.003242
v -42.986736 7.987310 5.003448
v -42.994438 7.631925 4.693465
v -42.990490 7.629673 4.691535
v -42.994152 7.630713 4.692410
v -42.993301 7.629860 4.691674
v -42.992016 7.629497 4.691366
v -42.992104 6.774105 5.335676
v -42.987976 6.764892 5.339526
v -42.991795 6.770629 5.337204
v -42.990898 6.767661 5.338472
v -42.989559 6.765644 5.339289
v -42.989159 7.500725 5.240571
v -42.985226 7.505691 5.240798
v -42.988842 7.503067 5.241073
v -42.987984 7.504834 5.241292
v -42.986713 7.505754 5.241195
v -42.994579 6.839838 5.077446
v -42.990631 6.834590 5.076900
v -42.994293 6.837481 5.076921
v -42.993443 6.835653 5.076632
v -42.992157 6.834641 5.076625
v -43.002460 9.274889 3.150625
v -42.998524 9.272893 3.148538
v -43.002178 9.273777 3.149511
v -43.001331 9.273006 3.148723
v -43.000050 9.272696 3.148381
v -42.997044 9.608205 3.481787
v -42.993156 9.609894 3.483544
v -42.996731 9.609288 3.482870
v -42.995884 9.609991 3.483584
v -42.994629 9.610205 3.483821
v -43.009575 10.073713 2.106890
v -43.005505 10.077822 2.097911
v -43.009289 10.075338 2.103510
v -43.008415 10.076690 2.100617
v -43.007084 10.077562 2.098651
v -43.010086 9.761045 2.214187
v -43.006176 9.760753 2.208685
v -43.009815 9.760584 2.211767
v -43.008976 9.760365 2.209871
v -43.007698 9.760427 2.208789
v -43.001141 9.923064 2.952056
v -42.997211 9.922989 2.956886
v -43.000820 9.923475 2.954317
v -42.999962 9.923605 2.956029
v -42.998695 9.923433 2.956931
v -42.884193 8.818336 4.327354
v -42.880417 8.813702 4.323057
v -42.882732 8.817547 4.326619
v -42.881504 8.816389 4.325541
v -42.880692 8.815039 4.324292
v -42.890987 8.946165 3.654586
v -42.886951 8.950518 3.658580
v -42.889458 8.946845 3.655206
v -42.888153 8.947912 3.656182
v -42.887276 8.949202 3.657367
v -42.886597 9.221776 3.908987
v -42.882820 9.217152 3.904696
v -42.885136 9.220987 3.908251
v -42.883907 9.219833 3.907178
v -42.883095 9.218485 3.905929
v -42.888584 8.542734 4.072963
v -42.884548 8.547089 4.076960
v -42.887054 8.543414 4.073583
v -42.885754 8.544480 4.074560
v -42.884872 8.545773 4.075746
v -42.887032 8.113314 4.426845
v -42.882988 8.117696 4.430864
v -42.885502 8.113997 4.427465
v -42.884193 8.115068 4.428449
v -42.883316 8.116368 4.429643
v -42.882637 8.389366 4.681652
v -42.878853 8.384700 4.677320
v -42.881172 8.388575 4.680912
v -42.879940 8.387409 4.679829
v -42.879128 8.386047 4.678566
v -42.881908 7.948598 4.967074
v -42.878109 7.943735 4.962780
v -42.880436 7.947788 4.966337
v -42.879200 7.946581 4.965261
v -42.878384 7.945157 4.964012
v -42.886299 7.659446 4.718397
v -42.882248 7.664016 4.722373
v -42.884766 7.660143 4.719016
v -42.883453 7.661260 4.719987
v -42.882572 7.662620 4.721169
v -42.884644 6.760620 5.334967
v -42.880482 6.771156 5.330008
v -42.883053 6.761367 5.334533
v -42.881702 6.763636 5.333436
v -42.880802 6.767070 5.331849
v -42.881924 7.467287 5.204729
v -42.878101 7.458603 5.202188
v -42.880444 7.466185 5.204120
v -42.879200 7.464148 5.203424
v -42.878380 7.461483 5.202744
v -42.886444 6.864359 5.103763
v -42.882389 6.872723 5.105978
v -42.884911 6.865347 5.104248
v -42.883598 6.867283 5.104837
v -42.882713 6.869874 5.105446
v -42.894310 9.302671 3.175406
v -42.890270 9.306929 3.179592
v -42.892780 9.303344 3.176040
v -42.891476 9.304390 3.177058
v -42.890594 9.305649 3.178305
v -42.889767 9.571459 3.447446
v -42.885986 9.566936 3.442971
v -42.888306 9.570678 3.446695
v -42.887074 9.569545 3.445581
v -42.886261 9.568231 3.444273
v -42.902195 10.073551 2.093352
v -42.897942 10.068384 2.103429
v -42.900593 10.073105 2.094063
v -42.899223 10.071966 2.096227
v -42.898293 10.070309 2.099517
v -42.901970 9.790529 2.235552
v -42.897892 9.792662 2.243990
v -42.900433 9.791040 2.236510
v -42.899120 9.791627 2.238450
v -42.898228 9.792196 2.241076
v -42.893860 9.884566 2.920800
v -42.890095 9.882208 2.912531
v -42.892395 9.883947 2.919759
v -42.891163 9.883284 2.917822
v -42.890358 9.882673 2.915284
v -42.959785 10.093548 1.543167
v -42.959774 10.095211 1.543671
v -42.959789 10.095133 1.542288
v -42.938847 6.297825 5.340035
v -42.938828 6.298326 5.341770
v -42.938843 6.296348 5.341280
v -44.470371 8.945652 5.790129
v -44.468914 8.946804 5.794284
v -44.469254 8.946592 5.790640
v -44.468586 8.947144 5.791612
v -44.468468 8.947218 5.792891
v -44.432327 8.215599 5.714237
v -44.434834 8.213383 5.717751
v -44.433525 8.214573 5.714305
v -44.434425 8.213791 5.715000
v -44.434883 8.213371 5.716208
v -44.083538 8.511950 5.782265
v -44.082085 8.513098 5.786423
v -44.082420 8.512890 5.782775
v -44.081757 8.513437 5.783747
v -44.081635 8.513510 5.785027
v -44.819141 8.649321 5.722105
v -44.821655 8.647097 5.725617
v -44.820343 8.648291 5.722175
v -44.821243 8.647507 5.722866
v -44.821705 8.647087 5.724076
v -45.233978 9.020180 5.720242
v -45.236519 9.017931 5.723751
v -45.235191 9.019140 5.720310
v -45.236103 9.018347 5.721001
v -45.236568 9.017923 5.722208
v -44.884804 9.316853 5.788342
v -44.883324 9.318026 5.792506
v -44.883678 9.317804 5.788857
v -44.883003 9.318357 5.789829
v -44.882877 9.318438 5.791110
v -45.313454 9.621170 5.777723
v -45.311825 9.622292 5.781888
v -45.312271 9.622101 5.778236
v -45.311546 9.622641 5.779209
v -45.311390 9.622707 5.780491
v -45.677658 9.330166 5.709856
v -45.680374 9.327950 5.713368
v -45.678940 9.329140 5.709924
v -45.679905 9.328358 5.710615
v -45.680408 9.327940 5.711823
v -46.567741 10.028774 5.718084
v -46.576641 10.032238 5.722099
v -46.570969 10.030281 5.718335
v -46.573792 10.031471 5.719186
v -46.575783 10.032158 5.720508
v -45.786507 9.902441 5.758322
v -45.782280 9.902100 5.762366
v -45.784328 9.902813 5.758788
v -45.782761 9.902880 5.759721
v -45.782040 9.902628 5.760977
v -46.513092 9.747019 5.695962
v -46.518833 9.746204 5.699570
v -46.515533 9.746529 5.696064
v -46.517483 9.746201 5.696786
v -46.518642 9.746088 5.698017
v -44.094315 7.723765 5.695030
v -44.096752 7.721395 5.698534
v -44.095490 7.722681 5.695096
v -44.096363 7.721848 5.695786
v -44.096806 7.721396 5.696992
v -43.751564 8.037638 5.764356
v -43.750195 8.038927 5.768533
v -43.750481 8.038633 5.764873
v -43.749836 8.039228 5.765848
v -43.749737 8.039331 5.767133
v -43.335751 6.651124 5.655325
v -43.332367 6.641617 5.658826
v -43.334282 6.647664 5.655416
v -43.333122 6.644641 5.656116
v -43.332451 6.642519 5.657311
v -43.642963 6.771794 5.637121
v -43.643826 6.765954 5.640409
v -43.643536 6.769382 5.637105
v -43.643902 6.767421 5.637722
v -43.644001 6.766220 5.638885
v -43.456623 7.497323 5.735447
v -43.456902 7.501741 5.739819
v -43.456165 7.499518 5.736032
v -43.456059 7.501132 5.737069
v -43.456318 7.501909 5.738399
v -44.518291 8.902542 5.889564
v -44.523399 8.898115 5.892449
v -44.519238 8.901703 5.890867
v -44.520546 8.900566 5.891870
v -44.522003 8.899305 5.892427
v -44.414196 8.228613 5.826435
v -44.410107 8.231998 5.831234
v -44.413643 8.229050 5.828074
v -44.412670 8.229845 5.829563
v -44.411430 8.230881 5.830673
v -44.131458 8.468836 5.881701
v -44.136566 8.464413 5.884584
v -44.132408 8.468000 5.883000
v -44.133713 8.466864 5.884007
v -44.135170 8.465605 5.884562
v -44.801018 8.662325 5.834300
v -44.796921 8.665718 5.839104
v -44.800461 8.662762 5.835940
v -44.799488 8.663561 5.837429
v -44.798244 8.664598 5.838540
v -45.215881 9.033161 5.832427
v -45.211754 9.036579 5.837240
v -45.215324 9.033600 5.834070
v -45.214348 9.034403 5.835559
v -45.213093 9.035448 5.836674
v -44.932693 9.273769 5.887774
v -44.937832 9.269318 5.890665
v -44.933647 9.272926 5.889078
v -44.934959 9.271784 5.890086
v -44.936428 9.270517 5.890643
v -45.361183 9.578043 5.877134
v -45.366512 9.573652 5.880046
v -45.362156 9.577204 5.878445
v -45.363506 9.576075 5.879458
v -45.365040 9.574827 5.880021
v -45.659737 9.343178 5.822036
v -45.655403 9.346546 5.826855
v -45.659164 9.343615 5.823678
v -45.658142 9.344406 5.825171
v -45.656818 9.345436 5.826288
v -46.590889 10.017838 5.823539
v -46.582008 10.012650 5.827769
v -46.590385 10.017267 5.825094
v -46.588524 10.016081 5.826445
v -46.585579 10.014460 5.827383
v -45.831619 9.857868 5.857582
v -45.840137 9.855259 5.860675
v -45.832840 9.857159 5.858915
v -45.834885 9.856415 5.859971
v -45.837448 9.855747 5.860589
v -46.498203 9.761433 5.808230
v -46.490120 9.763050 5.812934
v -46.497345 9.761734 5.809865
v -46.495506 9.762146 5.811335
v -46.492970 9.762608 5.812412
v -44.076115 7.736624 5.807216
v -44.072113 7.740205 5.812028
v -44.075569 7.737074 5.808856
v -44.074615 7.737916 5.810349
v -44.073402 7.739015 5.811460
v -43.799561 7.994673 5.863793
v -43.804573 7.990061 5.866673
v -43.800503 7.993822 5.865097
v -43.801785 7.992643 5.866102
v -43.803215 7.991324 5.866653
v -43.346626 6.627210 5.760324
v -43.351814 6.637043 5.765081
v -43.347198 6.627779 5.761940
v -43.348385 6.629848 5.763412
v -43.350006 6.633101 5.764515
v -43.623188 6.781182 5.749084
v -43.621159 6.789083 5.754174
v -43.622791 6.781962 5.750749
v -43.622265 6.783740 5.752297
v -43.621693 6.786240 5.753500
v -43.506252 7.457503 5.835050
v -43.509247 7.449028 5.837729
v -43.507042 7.456351 5.836339
v -43.507893 7.454339 5.837302
v -43.508663 7.451766 5.837790
v -43.340641 6.084911 5.649417
v -43.338970 6.085339 5.649634
v -43.340000 6.083735 5.649354
v -47.106964 10.026531 5.747466
v -47.106499 10.028284 5.747634
v -47.108128 10.027210 5.747466
v -46.052895 10.019665 5.798224
v -46.061245 10.021820 5.797823
v -46.058449 10.020164 5.801541
v -46.054680 10.020481 5.798139
v -46.056892 10.021177 5.798032
v -46.059196 10.021646 5.797921
v -43.331276 10.539730 1.741568
v -42.852703 10.071314 1.716466
v -42.855579 6.416265 5.313926
v -47.017849 10.001650 5.870148
vn 0.0482 -0.9972 0.0576
vn -0.0059 -0.9997 -0.0239
vn 0.0529 -0.9971 0.0540
vn 0.6077 0.3334 0.7208
vn 0.6230 0.4249 0.6568
vn 0.5829 0.4240 0.6931
vn -0.0709 -0.9933 -0.0918
vn -0.7400 0.2905 -0.6066
vn -0.7473 0.3814 -0.5442
vn -0.7732 0.2884 -0.5648
vn 0.0724 -0.9968 0.0338
vn 0.0692 -0.9969 0.0380
vn 0.5654 0.3306 0.7556
vn 0.5423 0.4221 0.7264
vn -0.5710 0.2950 -0.7661
vn -0.4897 0.3859 -0.7818
vn -0.5517 0.3889 -0.7378
vn -0.6643 0.2946 -0.6870
vn -0.6803 0.3876 -0.6221
vn -0.7045 0.2936 -0.6462
vn 0.0647 -0.9970 0.0417
vn 0.0608 -0.9971 0.0456
vn -0.0750 -0.9933 -0.0877
vn -0.7814 0.3760 -0.4980
vn -0.8080 0.2834 -0.5165
vn 0.8203 0.3210 0.4734
vn 0.7581 0.4166 0.5018
vn 0.7893 0.3261 0.5202
vn 0.7562 0.3294 0.5654
vn 0.6935 0.4230 0.5832
vn 0.7229 0.3321 0.6059
vn -0.8152 0.3690 -0.4464
vn -0.8424 0.2761 -0.4627
vn -0.8394 0.3624 -0.4051
vn -0.8664 0.2708 -0.4196
vn 0.8628 0.3144 0.3960
vn 0.8150 0.4055 0.4139
vn 0.8461 0.3173 0.4283
vn -0.0059 -0.9997 -0.0238
vn 0.0770 -0.9966 0.0298
vn -0.8499 0.3591 -0.3857
vn -0.8763 0.2695 -0.3994
vn -0.6804 0.3904 -0.6202
vn -0.8467 0.1068 -0.5213
vn 0.9474 0.2611 0.1851
vn 0.8323 0.4007 0.3830
vn 0.0863 -0.9960 0.0210
vn 0.0818 -0.9963 0.0250
vn 0.5218 0.3285 0.7873
vn 0.5007 0.4190 0.7575
vn 0.4803 0.3261 0.8142
vn 0.4609 0.4151 0.7844
vn -0.4441 0.2896 -0.8479
vn -0.3998 0.3779 -0.8351
vn -0.4303 0.3810 -0.8184
vn -0.0669 -0.9932 -0.0953
vn 0.4502 0.3257 0.8314
vn 0.4327 0.4118 0.8020
vn 0.2252 0.2754 0.9346
vn 0.2255 0.3724 0.9003
vn -0.4123 0.2878 -0.8644
vn -0.6270 0.3927 -0.6728
vn -0.0562 -0.9931 -0.1030
vn 0.5962 0.4973 0.6303
vn 0.5582 0.4959 0.6652
vn 0.0059 0.9997 0.0239
vn 0.0723 0.9948 0.0722
vn -0.7146 0.3850 -0.5840
vn -0.7187 0.4599 -0.5215
vn -0.0636 0.9977 -0.0217
vn 0.0059 0.9997 0.0238
vn -0.0667 0.9976 -0.0175
vn 0.5191 0.4948 0.6969
vn 0.4800 0.4908 0.7271
vn -0.6411 0.3894 -0.6613
vn -0.5750 0.4690 -0.6704
vn -0.6158 0.4683 -0.6336
vn -0.6538 0.4664 -0.5958
vn -0.5988 0.3899 -0.6996
vn -0.5297 0.4687 -0.7069
vn 0.6601 0.4244 0.6198
vn 0.7258 0.4205 0.5444
vn 0.6640 0.4955 0.5601
vn 0.6950 0.4936 0.5229
vn -0.7854 0.4474 -0.4277
vn -0.0612 0.9978 -0.0259
vn 0.7887 0.4114 0.4568
vn 0.7265 0.4889 0.4829
vn 0.7565 0.4836 0.4404
vn -0.8206 0.4355 -0.3701
vn -0.0715 0.9973 -0.0149
vn 0.7822 0.4782 0.3995
vn 0.9144 0.3571 0.1906
vn 0.8001 0.4716 0.3708
vn -0.7897 0.4723 -0.3916
vn 0.0551 0.9945 0.0894
vn -0.4702 0.4649 -0.7502
vn -0.4134 0.4584 -0.7867
vn 0.4427 0.4862 0.7534
vn 0.4158 0.4826 0.7708
vn 0.0480 0.9942 0.0965
vn 0.0513 0.9944 0.0924
vn -0.3848 0.4529 -0.8042
vn -0.5741 0.5547 -0.6023
vn 0.2283 0.4459 0.8655
vn -0.6200 0.2966 -0.7264
vn 0.0160 -0.0884 0.9960
vn 0.0482 0.0135 0.9987
vn 0.0657 0.1132 0.9914
vn -0.0471 0.9981 -0.0388
vn -0.0430 0.9982 -0.0418
vn -0.6868 0.4642 -0.5593
vn -0.0507 0.9981 -0.0351
vn -0.0517 -0.9926 -0.1096
vn 0.0569 -0.9971 0.0502
vn -0.0342 0.9981 -0.0512
vn 0.9972 -0.0742 -0.0072
vn 0.9693 -0.2406 -0.0504
vn 0.9992 0.0275 0.0291
vn 0.9667 0.0938 -0.2382
vn 0.9904 0.1289 0.0503
vn 0.0759 0.9947 0.0689
vn 0.6882 0.3331 0.6445
vn 0.0587 0.9946 0.0861
vn 0.6317 0.4973 0.5947
vn -0.0059 -0.9974 0.0721
vn -0.0499 -0.9921 -0.1151
vn 0.0235 -0.9963 0.0830
vn 0.0419 -0.9969 0.0659
vn 0.0323 0.9930 0.1133
vn 0.0461 0.9940 0.0992
vn -0.0323 0.9979 -0.0555
vn 0.0123 0.9929 0.1184
vn 0.0899 -0.9958 0.0185
vn -0.0820 -0.9934 -0.0803
vn -0.7522 0.4547 -0.4769
vn 0.0866 0.9945 0.0590
vn 0.0058 0.9997 0.0237
vn -0.0790 -0.9933 -0.0848
vn -0.0856 -0.9934 -0.0758
vn -0.0543 0.9980 -0.0321
vn -0.5064 0.2928 -0.8110
vn -0.9951 0.0992 0.0033
vn -0.9953 0.0098 -0.0967
vn -0.9880 0.1390 -0.0667
vn -0.0377 0.9983 -0.0450
vn -0.0058 -0.9997 -0.0237
vn 0.1042 -0.9946 0.0021
vn -0.0983 -0.9929 -0.0666
vn 0.0906 -0.9956 -0.0259
vn -0.0744 0.9971 -0.0138
vn 0.1005 0.9945 0.0283
vn 0.0208 0.9997 -0.0087
vn 0.0982 0.9941 0.0470
vn -0.0228 -0.2918 0.9562
vn -0.0893 -0.4657 0.8804
vn 0.0443 -0.9971 0.0623
vn 0.0226 -0.1406 0.9898
vn 0.0834 0.9946 0.0615
vn 0.6496 0.3336 0.6831
vn -0.0575 0.9979 -0.0288
vn 0.0794 0.9947 0.0648
vn -0.0906 -0.9933 -0.0716
vn -0.8097 0.4401 -0.3882
vn 0.8799 0.4323 0.1973
vn 0.0688 0.9948 0.0755
vn 0.0656 0.9947 0.0792
vn 0.0622 0.9947 0.0823
vn -0.0623 -0.9931 -0.0996
vn -0.0946 -0.9932 -0.0683
vn 1.0000 -0.0052 0.0082
vn 1.0000 -0.0004 0.0003
vn 1.0000 -0.0010 -0.0012
vn -0.0135 0.0564 -0.9983
vn -0.0336 0.0249 -0.9991
vn 0.0657 0.0254 -0.9975
vn -0.1246 0.0904 -0.9881
vn 0.0649 0.0238 -0.9976
vn 0.9899 -0.1007 -0.0996
vn 1.0000 -0.0057 -0.0001
vn 0.9946 -0.1033 -0.0024
vn 0.0123 -0.0304 0.9995
vn -0.0042 -0.0252 0.9997
vn 0.0874 0.0662 0.9940
vn -0.9931 0.1035 0.0553
vn -1.0000 0.0079 0.0014
vn 0.0730 -0.9970 -0.0246
vn -0.0075 -0.9972 0.0742
vn -0.0075 -0.9997 -0.0242
vn 0.9954 0.0632 0.0715
vn 0.9966 -0.0390 0.0732
vn 0.0153 0.9996 0.0223
vn 0.0055 0.9997 0.0218
vn 0.0032 0.9997 0.0235
vn -0.9928 0.1092 0.0493
vn -1.0000 0.0069 -0.0004
vn -0.9961 0.0886 0.0015
vn 0.0075 0.9972 -0.0741
vn 0.0809 0.9920 0.0971
vn 0.0775 0.9969 -0.0107
vn -0.9911 -0.0936 0.0944
vn -0.9952 0.0046 0.0981
vn 0.0045 0.9997 0.0240
vn -0.1446 0.9813 -0.1274
vn -0.0017 -0.0277 0.9996
vn -0.1652 -0.1865 0.9685
vn -0.0115 -0.2249 0.9743
vn -0.0007 -0.0254 0.9997
vn 0.6561 -0.2031 0.7269
vn 0.7072 -0.0233 0.7067
vn 0.6475 -0.0243 0.7617
vn 0.0011 0.1286 -0.9917
vn -0.0972 0.0245 -0.9950
vn 0.0006 0.0242 -0.9997
vn 1.0000 -0.0029 -0.0027
vn 0.9949 -0.0034 0.1007
vn 1.0000 -0.0008 -0.0041
vn 0.9680 -0.1739 -0.1809
vn 0.9875 0.0577 -0.1470
vn -0.0173 0.9998 0.0040
vn 0.0030 0.9998 0.0213
vn -0.0854 0.9961 0.0211
vn 0.7056 0.0564 0.7063
vn 0.7621 -0.0221 0.6470
vn -0.6064 -0.5038 -0.6153
vn -0.6045 -0.5914 -0.5337
vn -0.7446 -0.4591 -0.4846
vn -0.0004 -0.0245 0.9997
vn 0.0963 -0.0245 0.9951
vn 0.0939 0.0726 0.9929
vn 1.0000 -0.0027 -0.0003
vn 0.9956 -0.0939 -0.0022
vn 0.0050 0.9996 0.0278
vn 0.0050 0.9970 -0.0776
vn 0.1015 0.9946 0.0218
vn 0.0250 0.9843 -0.1749
vn 0.9954 0.0962 0.0016
vn -0.0078 -0.9969 0.0787
vn -0.1059 -0.9941 -0.0238
vn -0.0789 -0.9911 0.1070
vn 0.7089 0.6994 0.0912
vn 0.6523 0.7578 0.0185
vn 0.7110 0.7030 0.0175
vn 1.0000 0.0002 -0.0009
vn 0.9881 -0.1398 0.0647
vn 0.7420 0.6601 0.1171
vn 0.7658 0.6429 0.0164
vn 0.0366 -0.9970 0.0687
vn 0.0056 0.9997 0.0245
vn 0.0046 0.9922 0.1247
vn 0.1020 0.9873 0.1216
vn -0.0031 -0.0143 0.9999
vn 0.0038 -0.0242 0.9997
vn -0.0851 -0.0233 0.9961
vn 0.9994 -0.0244 -0.0239
vn -0.1933 0.9804 0.0391
vn -0.9965 0.0064 0.0830
vn -0.9944 0.1059 0.0038
vn -0.0008 -0.0730 -0.9973
vn 0.1274 -0.0454 -0.9908
vn -0.2515 0.6776 0.6911
vn 0.0021 0.6372 0.7707
vn -0.3294 0.6582 0.6770
vn -0.5154 -0.5927 -0.6189
vn -0.4626 -0.4484 -0.7648
vn -0.5708 0.6043 0.5559
vn -0.5785 0.6216 0.5281
vn 0.1219 -0.9881 -0.0942
vn -0.0057 -0.9997 -0.0239
vn 0.0993 -0.9948 -0.0237
vn -0.0020 0.0720 0.9974
vn -0.0031 -0.0274 0.9996
vn -0.9944 0.0044 0.1056
vn -0.9958 -0.0915 -0.0028
vn -0.1887 -0.0210 0.9818
vn -0.4697 -0.7338 -0.4908
vn -0.5786 -0.5644 -0.5888
vn 0.9907 0.0931 0.0993
vn 0.0960 -0.0735 -0.9927
vn -0.2335 0.6751 0.6998
vn -0.4152 0.7705 0.4837
vn 0.1616 0.6046 0.7800
vn -0.0960 0.1209 -0.9880
vn 0.0013 0.1219 -0.9925
vn 0.6880 0.1366 0.7128
vn 0.7273 0.1852 0.6609
vn 0.7045 0.0749 0.7057
vn 0.6602 0.7168 0.2245
vn 0.7075 0.6972 0.1153
vn -0.1042 -0.9919 0.0730
vn 0.7709 0.6125 0.1749
vn -0.0009 0.9995 0.0327
vn 0.0949 0.9893 0.1104
vn 0.1058 0.1189 -0.9872
vn 0.0813 0.0238 -0.9964
vn 0.0508 0.2307 -0.9717
vn -0.9898 0.1069 -0.0939
vn -0.0226 -0.0439 0.9988
vn -0.0977 -0.1193 0.9880
vn -0.0006 -0.0239 0.9997
vn -0.0990 -0.0230 0.9948
vn 0.0690 0.0451 0.9966
vn -0.0303 0.0503 0.9983
vn 0.9949 0.0018 -0.1010
vn 0.9999 0.0132 -0.0053
vn 0.9951 -0.0034 -0.0987
vn 0.9912 0.1163 -0.0639
vn 0.0912 -0.9886 -0.1201
vn 0.0917 -0.9955 -0.0238
vn -0.0924 0.9954 0.0239
vn -0.0212 0.9953 0.0941
vn -0.0897 0.9932 -0.0737
vn 0.0075 0.9997 0.0239
vn -0.0041 -0.1204 0.9927
vn -0.0013 -0.1218 0.9926
vn 0.0735 -0.0548 0.9958
vn -0.9769 0.0505 0.2078
vn 0.9929 0.0829 0.0849
vn -0.0246 -0.9994 0.0259
vn -0.0057 -0.9984 0.0569
vn 0.1535 -0.9849 0.0806
vn -0.9939 0.0883 0.0654
vn -0.9999 0.0054 0.0109
vn -0.9942 0.0826 0.0693
vn 0.3640 0.7090 0.6040
vn 0.4543 0.6426 0.6170
vn 0.4539 0.6789 0.5771
vn -0.9966 -0.0620 -0.0541
vn 0.2604 -0.6132 -0.7457
vn 0.3526 -0.5532 -0.7547
vn 0.2574 -0.5716 -0.7791
vn -0.9941 0.0623 0.0891
vn -0.9941 0.0668 0.0856
vn 0.3621 0.7442 0.5613
vn 0.4522 0.7124 0.5366
vn 0.2630 -0.7728 -0.5776
vn 0.3545 -0.7915 -0.4978
vn 0.3579 -0.7474 -0.5598
vn 0.2638 -0.6937 -0.6702
vn 0.3578 -0.6314 -0.6880
vn 0.2624 -0.6524 -0.7110
vn -0.9942 0.0702 0.0818
vn -0.9942 0.0746 0.0780
vn -0.9965 -0.0592 -0.0589
vn 0.3481 -0.5068 -0.7886
vn 0.2544 -0.5217 -0.8143
vn 0.3485 0.4619 0.8156
vn 0.4438 0.4875 0.7520
vn 0.3543 0.5088 0.7846
vn 0.3584 0.5537 0.7517
vn 0.4515 0.5688 0.6875
vn 0.3619 0.5943 0.7183
vn 0.3420 -0.4548 -0.8223
vn 0.2481 -0.4683 -0.8481
vn 0.3363 -0.4134 -0.8462
vn 0.2436 -0.4247 -0.8719
vn 0.3405 0.3850 0.8578
vn 0.4311 0.3997 0.8089
vn 0.3436 0.4168 0.8416
vn -0.9939 0.0580 0.0941
vn 0.3334 -0.3938 -0.8566
vn 0.2421 -0.4053 -0.8816
vn 0.3481 -0.4983 -0.7940
vn 0.0772 -0.5221 -0.8494
vn 0.2825 0.1752 0.9431
vn 0.4257 0.3690 0.8262
vn -0.9934 0.0501 0.1027
vn -0.9937 0.0537 0.0982
vn 0.3607 0.7757 0.5178
vn 0.4493 0.7436 0.4952
vn 0.3574 0.8036 0.4759
vn 0.4456 0.7708 0.4554
vn 0.2564 -0.8550 -0.4508
vn 0.3465 -0.8448 -0.4078
vn 0.3496 -0.8280 -0.4383
vn -0.9964 -0.0673 -0.0507
vn 0.3565 0.8203 0.4472
vn 0.4423 0.7885 0.4274
vn 0.3068 0.9254 0.2223
vn 0.4023 0.8884 0.2210
vn 0.2549 -0.8716 -0.4187
vn 0.3622 -0.6812 -0.6362
vn -0.9965 -0.0741 -0.0393
vn 0.5252 0.6139 0.5893
vn 0.5251 0.6487 0.5509
vn 0.9999 -0.0054 -0.0109
vn 0.9975 0.0430 0.0556
vn 0.3557 -0.5932 -0.7222
vn 0.4333 -0.5322 -0.7274
vn 0.9954 -0.0506 -0.0808
vn 0.9953 -0.0467 -0.0845
vn 0.5234 0.6805 0.5128
vn 0.5203 0.7111 0.4728
vn 0.3590 -0.6708 -0.6489
vn 0.4394 -0.6825 -0.5841
vn 0.4396 -0.6453 -0.6247
vn 0.4382 -0.6073 -0.6627
vn 0.3591 -0.7092 -0.6067
vn 0.4383 -0.7189 -0.5394
vn 0.4535 0.6054 0.6541
vn 0.4483 0.5300 0.7198
vn 0.5228 0.5437 0.6566
vn 0.5193 0.5069 0.6880
vn 0.4217 -0.4387 -0.7935
vn 0.9954 -0.0550 -0.0779
vn 0.4378 0.4426 0.7826
vn 0.5152 0.4665 0.7190
vn 0.5092 0.4239 0.7490
vn 0.4111 -0.3806 -0.8284
vn 0.9999 -0.0054 -0.0110
vn 0.9951 -0.0441 -0.0884
vn 0.5021 0.3844 0.7747
vn 0.3778 0.1778 0.9086
vn 0.4954 0.3547 0.7929
vn 0.4799 -0.4588 -0.7478
vn 0.9975 0.0596 0.0381
vn 0.4347 -0.7623 -0.4794
vn 0.4277 -0.7990 -0.4226
vn 0.5161 0.7373 0.4359
vn 0.5119 0.7553 0.4092
vn 0.9973 0.0670 0.0311
vn 0.9974 0.0636 0.0351
vn 0.4226 -0.8161 -0.3941
vn 0.5273 -0.6172 -0.5840
vn 0.4741 0.8519 0.2224
vn 0.2635 -0.7334 -0.6266
vn -0.0585 0.9981 0.0195
vn 0.0435 0.9978 0.0501
vn 0.1432 0.9875 0.0658
vn 0.9956 -0.0682 -0.0643
vn 0.9957 -0.0706 -0.0597
vn 0.4363 -0.5704 -0.6959
vn 0.9956 -0.0645 -0.0677
vn -0.9961 -0.0803 -0.0353
vn -0.9941 0.0791 0.0738
vn 0.9955 -0.0801 -0.0510
vn -0.0574 -0.0076 0.9983
vn -0.2078 -0.1217 0.9706
vn 0.0452 0.0258 0.9986
vn -0.0218 -0.0761 0.9969
vn 0.1457 0.0440 0.9884
vn 0.9975 0.0391 0.0585
vn 0.3634 0.6322 0.6843
vn 0.9975 0.0566 0.0420
vn 0.5245 0.5784 0.6248
vn -0.9948 0.1009 0.0111
vn -0.9958 -0.0856 -0.0330
vn -0.9928 0.1124 0.0404
vn -0.9937 0.0951 0.0591
vn 0.9963 0.0847 0.0159
vn 0.9971 0.0705 0.0297
vn 0.9952 -0.0841 -0.0493
vn 0.9960 0.0895 -0.0042
vn -0.9931 0.0474 0.1075
vn -0.9966 -0.0512 -0.0650
vn 0.4286 -0.4881 -0.7603
vn 0.9970 0.0303 0.0715
vn 0.9999 -0.0055 -0.0110
vn -0.9965 -0.0546 -0.0625
vn -0.9965 -0.0469 -0.0692
vn 0.9955 -0.0615 -0.0714
vn 0.2604 -0.8178 -0.5132
vn 0.1840 0.1580 -0.9702
vn 0.1011 0.1081 -0.9890
vn 0.1797 0.1622 -0.9703
vn 0.9957 -0.0745 -0.0547
vn -0.9999 0.0055 0.0110
vn -0.9922 0.0310 0.1209
vn -0.9960 -0.0370 -0.0810
vn -0.9943 0.0031 0.1063
vn 0.9949 -0.0425 -0.0911
vn 0.9964 -0.0010 0.0844
vn 0.9993 -0.0379 0.0042
vn 0.9966 0.0173 0.0808
vn -0.2642 0.9644 -0.0152
vn -0.4412 0.8938 -0.0805
vn -0.9939 0.0917 0.0614
vn -0.1114 0.9934 0.0275
vn 0.9972 0.0324 0.0669
vn 0.3643 0.6712 0.6456
vn 0.9955 -0.0582 -0.0746
vn 0.9974 0.0357 0.0629
vn -0.9964 -0.0426 -0.0738
vn 0.4149 -0.3990 -0.8177
vn 0.4524 0.1827 0.8729
vn 0.9975 0.0465 0.0523
vn 0.9975 0.0502 0.0493
vn 0.9975 0.0535 0.0459
vn -0.9965 -0.0701 -0.0456
vn -0.9962 -0.0386 -0.0778
vn 0.6921 0.5332 0.4865
vn 0.6177 0.5406 0.5712
vn 0.6525 0.4993 0.5701
vn 0.0314 0.0462 -0.9984
vn -0.6608 -0.7399 0.1258
vn -0.6105 -0.7601 0.2225
vn -0.6202 -0.7745 0.1243
vn 0.1607 0.1834 -0.9698
vn 0.1642 0.1792 -0.9700
vn 0.7257 0.4898 0.4831
vn 0.6845 0.4577 0.5674
vn -0.8142 -0.5656 0.1311
vn -0.8388 -0.4942 0.2285
vn -0.7974 -0.5581 0.2296
vn -0.7387 -0.6613 0.1303
vn -0.6865 -0.6908 0.2272
vn -0.6994 -0.7032 0.1283
vn 0.1678 0.1750 -0.9702
vn 0.1720 0.1712 -0.9701
vn 0.0347 0.0416 -0.9985
vn -0.5629 -0.7971 0.2186
vn -0.5705 -0.8124 0.1203
vn 0.4634 0.7502 0.4716
vn 0.4701 0.6819 0.5604
vn 0.5009 0.7217 0.4777
vn 0.5430 0.6877 0.4819
vn 0.5470 0.6142 0.5688
vn 0.5821 0.6528 0.4848
vn -0.5006 -0.8392 0.2126
vn -0.5063 -0.8546 0.1148
vn -0.4435 -0.8722 0.2064
vn -0.4481 -0.8869 0.1121
vn 0.4241 0.7753 0.4680
vn 0.4100 0.7273 0.5503
vn 0.4377 0.7673 0.4688
vn 0.1563 0.1871 -0.9698
vn -0.4149 -0.8869 0.2031
vn -0.4196 -0.9010 0.1104
vn -0.4516 -0.8677 0.2076
vn -0.5184 -0.8538 -0.0480
vn 0.3852 0.7952 0.4682
vn 0.3974 0.7362 0.5479
vn 0.0958 0.1081 -0.9895
vn 0.1420 0.1765 -0.9740
vn 0.1517 0.1877 -0.9704
vn 0.7558 0.4451 0.4803
vn 0.7144 0.4154 0.5632
vn 0.7818 0.4028 0.4759
vn 0.7403 0.3750 0.5579
vn -0.8909 -0.4349 0.1309
vn -0.8878 -0.4016 0.2249
vn -0.8725 -0.4330 0.2264
vn 0.0276 0.0504 -0.9983
vn 0.7982 0.3729 0.4730
vn 0.7573 0.3467 0.5535
vn 0.8988 0.1497 0.4121
vn 0.8533 0.1409 0.5020
vn -0.9060 -0.4026 0.1309
vn -0.8716 -0.4347 0.2265
vn 0.0202 0.0613 -0.9979
vn 0.5816 0.5071 0.6360
vn 0.6148 0.4678 0.6349
vn -0.1011 -0.1081 0.9890
vn -0.0497 -0.0436 0.9978
vn -0.6495 -0.7263 0.2251
vn -0.5966 -0.7415 0.3071
vn -0.1463 -0.1752 0.9736
vn -0.0939 -0.1065 0.9899
vn -0.1340 -0.1827 0.9740
vn 0.6456 0.4281 0.6324
vn 0.6747 0.3881 0.6279
vn -0.7244 -0.6503 0.2287
vn -0.7412 -0.5932 0.3142
vn -0.7058 -0.6353 0.3134
vn -0.6693 -0.6742 0.3123
vn -0.7611 -0.6066 0.2295
vn -0.7762 -0.5467 0.3141
vn 0.5821 0.5792 0.5707
vn 0.5099 0.6483 0.5654
vn 0.5140 0.5774 0.6344
vn 0.4792 0.6107 0.6304
vn -0.4901 -0.8196 0.2966
vn -0.1516 -0.1711 0.9735
vn -0.1005 -0.1082 0.9890
vn 0.4343 0.7097 0.5548
vn 0.4413 0.6434 0.6255
vn 0.4075 0.6707 0.6198
vn -0.4067 -0.8683 0.2840
vn -0.0791 -0.0963 0.9922
vn -0.1136 -0.1842 0.9763
vn 0.3848 0.6889 0.6144
vn 0.3716 0.7589 0.5348
vn 0.1843 0.8132 0.5520
vn 0.3735 0.6991 0.6097
vn -0.4925 -0.7922 0.3604
vn -0.0341 -0.0618 0.9975
vn -0.8166 -0.4853 0.3126
vn -0.8503 -0.4262 0.3088
vn 0.7000 0.3503 0.6224
vn 0.7170 0.3234 0.6175
vn -0.0273 -0.0689 0.9973
vn -0.0306 -0.0655 0.9974
vn -0.8660 -0.3966 0.3046
vn -0.8395 -0.4185 0.3466
vn 0.8100 0.1369 0.5702
vn -0.7767 -0.6161 0.1309
vn 0.9992 -0.0193 0.0342
vn 0.9947 0.0014 0.1025
vn 0.9804 0.0080 0.1971
vn -0.1637 -0.1573 0.9739
vn -0.1677 -0.1535 0.9738
vn -0.6340 -0.7089 0.3090
vn -0.1611 -0.1611 0.9737
vn 0.0138 0.0657 -0.9977
vn 0.1754 0.1663 -0.9704
vn -0.1761 -0.1443 0.9737
vn -0.0105 0.9991 0.0401
vn -0.2865 0.9550 -0.0770
vn 0.0132 0.9897 0.1425
vn -0.1014 0.9901 0.0971
vn 0.0245 0.9698 0.2427
vn -0.0535 -0.0399 0.9978
vn 0.6189 0.6163 0.4870
vn -0.0373 -0.0580 0.9976
vn 0.5481 0.5447 0.6348
vn 0.1963 0.1035 -0.9751
vn 0.0093 0.0680 -0.9976
vn 0.2077 0.1320 -0.9692
vn 0.1913 0.1513 -0.9698
vn -0.0101 -0.0850 0.9963
vn -0.0240 -0.0707 0.9972
vn -0.1804 -0.1422 0.9732
vn -0.0062 -0.1055 0.9944
vn 0.0826 0.1014 -0.9914
vn 0.1235 0.1477 -0.9813
vn 0.0419 0.0344 -0.9985
vn 0.1005 0.1083 -0.9890
vn -0.5510 -0.7778 0.3025
vn -0.0284 0.0169 0.9995
vn -0.0608 -0.0734 0.9954
vn 0.0384 0.0382 -0.9985
vn 0.0450 0.0315 -0.9985
vn -0.1583 -0.1652 0.9735
vn -0.8567 -0.4990 0.1309
vn -0.1710 -0.1481 0.9741
vn 0.0644 0.0832 -0.9945
vn 0.0860 0.1773 -0.9804
vn 0.0180 0.0061 -0.9998
vn 0.0507 0.1719 -0.9838
vn -0.0956 -0.1717 0.9805
vn -0.0447 0.0322 0.9985
vn -0.0810 -0.0656 0.9946
vn -0.0227 0.0716 0.9972
vn 0.9567 -0.2729 -0.1016
vn 0.9294 -0.0787 -0.3607
vn 0.1877 0.1536 -0.9701
vn 0.9399 -0.2016 0.2757
vn -0.0459 -0.0160 0.9988
vn 0.6557 0.5760 0.4881
vn -0.1547 -0.1681 0.9735
vn -0.0539 -0.0338 0.9980
vn 0.0022 0.9140 0.4057
vn -0.0028 0.9440 0.3300
vn 0.0428 0.0306 -0.9986
vn -0.4345 -0.8534 0.2879
vn -0.0471 -0.0473 0.9978
vn -0.0440 -0.0507 0.9977
vn -0.0397 -0.0535 0.9978
vn 0.0239 0.0549 -0.9982
vn 0.0319 0.0245 -0.9992
vn 0.8966 -0.4249 -0.1248
vn 0.6619 -0.7203 -0.2075
vn 0.7707 -0.4892 -0.4084
vn 0.7909 -0.6070 -0.0775
vn 0.3722 -0.9088 -0.1886
vn 0.6017 -0.7035 -0.3782
vn 0.2283 -0.5073 -0.8310
vn 0.3853 -0.8765 -0.2885
vn -0.3084 -0.9262 -0.2170
vn 0.2448 -0.9663 -0.0798
vn -0.0117 -0.9975 -0.0703
vn -0.3385 -0.9027 -0.2657
vn -0.0044 -0.9825 -0.1861
vn 0.5266 -0.8474 -0.0672
vn -0.0073 -0.9694 -0.2453
vn -0.6941 -0.4262 -0.5802
vn -0.8706 -0.1441 -0.4705
vn -0.7363 -0.2434 -0.6314
vn -0.6647 -0.3823 -0.6419
vn -0.7450 -0.4610 -0.4821
vn -0.8632 -0.3004 -0.4058
vn -0.4238 -0.7111 -0.5610
vn -0.1657 -0.7511 0.6391
vn -0.0451 -0.6382 0.7686
vn -0.1370 -0.4575 0.8786
vn -0.2154 -0.7453 0.6310
vn -0.1529 -0.9246 0.3490
vn -0.0375 -0.8642 0.5017
vn -0.2485 -0.8978 0.3637
vn -0.5207 0.1254 -0.8445
vn -0.5659 -0.4214 -0.7087
vn -0.5888 -0.1641 -0.7914
vn -0.4734 -0.1264 -0.8717
vn -0.4712 -0.4465 -0.7607
vn -0.8230 -0.5677 0.0224
vn -0.6957 -0.4397 -0.5680
vn -0.7863 -0.5795 0.2143
vn -0.5360 -0.7223 -0.4371
vn -0.0546 -0.9730 0.2242
vn -0.2009 -0.9238 -0.3259
vn -0.0508 -0.9983 -0.0299
vn -0.1623 -0.9864 -0.0245
vn -0.2477 -0.9020 -0.3536
vn -0.2170 -0.9759 -0.0242
vn 0.8682 0.4879 -0.0904
vn 0.9759 0.2172 0.0211
vn 0.9008 0.0537 -0.4309
vn 0.9841 -0.0120 -0.1774
vn 0.8672 0.4979 0.0093
vn 0.6950 0.7187 0.0222
vn 0.5244 0.8357 -0.1628
vn -0.5449 0.7717 -0.3280
vn -0.7616 0.4907 -0.4233
vn -0.6863 0.6515 -0.3234
vn -0.2951 0.9313 -0.2137
vn -0.4980 0.7921 -0.3529
vn -0.2702 0.9227 -0.2750
vn 0.3254 0.9456 -0.0035
vn -0.2052 0.9720 -0.1147
vn 0.0492 0.9946 -0.0915
vn -0.4527 0.8659 -0.2127
vn 0.0565 0.9916 -0.1167
vn -0.0607 0.4663 0.8825
vn -0.0181 -0.1454 0.9892
vn 0.0337 0.1812 0.9829
vn 0.0165 0.4669 0.8841
vn -0.1251 0.4956 0.8595
vn -0.1691 0.8198 0.5470
vn -0.1322 0.9735 -0.1866
vn -0.0137 0.9383 0.3454
vn -0.0259 0.9989 0.0396
vn -0.2298 0.8719 -0.4325
vn -0.1056 0.9919 0.0700
vn 0.0224 0.6993 0.7145
vn -0.2305 0.9335 -0.2747
vn -0.1330 0.9884 0.0739
vn -0.3665 0.7720 -0.5193
vn -0.3383 0.6637 -0.6671
vn -0.6916 0.5438 -0.4754
vn -0.5209 0.5071 -0.6867
vn -0.2918 0.9217 -0.2558
vn -0.9050 0.2585 -0.3377
vn -0.8508 0.5172 -0.0936
vn -0.5930 0.5533 -0.5850
vn -0.6526 0.6595 -0.3731
vn -0.5127 0.8464 -0.1440
vn -0.3809 0.6630 -0.6445
vn -0.4109 0.8165 -0.4055
vn -0.1011 0.5317 -0.8409
vn -0.3430 0.2674 -0.9005
vn -0.0700 0.1552 -0.9854
vn -0.1612 0.8678 -0.4699
vn -0.1827 0.9583 -0.2196
vn -0.1162 0.9862 -0.1181
vn -0.6827 0.2709 0.6786
vn -0.6662 0.2928 0.6859
vn -0.5627 0.3542 0.7469
vn -0.4905 0.3469 0.7994
vn -0.4410 0.3173 0.8395
vn 0.2637 0.6154 0.7428
vn -0.7818 -0.2506 0.5710
vn -0.5139 -0.0316 0.8573
vn -0.6781 -0.1256 0.7241
vn -0.2461 -0.2772 -0.9288
vn -0.1514 -0.1614 -0.9752
vn -0.1353 -0.1422 -0.9805
vn -0.8682 0.4956 0.0231
vn -0.9526 0.2563 0.1640
vn 0.2711 0.8064 0.5255
vn 0.5828 -0.0510 0.8110
vn 0.6365 -0.3168 0.7032
vn -0.2312 0.7777 0.5846
vn -0.2312 0.7778 0.5845
vn -0.2312 0.7777 0.5845
vn -0.8041 -0.3654 -0.4689
vn -0.8006 -0.3739 -0.4682
vn -0.7375 -0.5027 -0.4509
vn 0.2882 0.6835 -0.6706
vn 0.3153 0.6861 -0.6557
vn 0.3489 0.7342 -0.5824
vn 0.3754 0.9175 0.1313
vn 0.3754 0.9175 0.1315
vn 0.6740 0.6791 0.2909
vn 0.6740 0.6790 0.2912
vn -0.2015 0.5835 -0.7867
vn -0.1186 0.6790 -0.7245
vn -0.2305 0.5461 -0.8054
vn 0.3365 0.7901 -0.5123
vn 0.1721 -0.9760 0.1334
vn 0.0370 -0.9989 0.0300
vn 0.8137 -0.2319 0.5330
vn 0.0904 0.8587 0.5044
vn -0.0718 0.6630 0.7452
vn -0.0683 0.6612 0.7471
vn 0.1186 0.5755 0.8092
vn -0.0615 -0.8694 -0.4902
vn -0.5058 -0.7349 -0.4518
vn -0.0898 -0.8665 -0.4910
vn -0.8560 -0.1089 0.5054
vn -0.9093 -0.3438 0.2345
vn -0.9894 -0.0670 0.1290
vn -0.5270 -0.1557 0.8355
vn -0.6609 -0.3984 0.6360
vn -0.6028 -0.6055 0.5196
vn -0.1704 -0.5077 0.8445
vn -0.1934 -0.2618 0.9456
vn -0.1205 -0.1640 0.9791
vn -0.3533 -0.9091 0.2209
vn -0.1127 -0.8663 0.4867
vn -0.3929 -0.6706 0.6293
vn -0.4224 -0.4387 0.7932
vn 0.4400 -0.6336 0.6364
vn 0.1962 -0.8587 0.4733
vn 0.1374 -0.8935 0.4276
vn 0.3307 -0.3335 0.8828
vn 0.3689 -0.0732 0.9266
vn 0.3184 -0.3912 0.8635
vn 0.7801 0.5473 0.3033
vn 0.6483 0.6184 0.4441
vn 0.5300 -0.2439 0.8122
vn -0.0350 -0.6442 0.7641
vn -0.1138 -0.7355 0.6679
vn -0.0307 -0.6389 0.7687
vn 0.4984 -0.8574 -0.1287
vn 0.2360 -0.8995 -0.3676
vn 0.8155 -0.5504 -0.1789
vn 0.6393 -0.6518 -0.4080
vn 0.5287 -0.5852 -0.6148
vn 0.7991 -0.4162 -0.4339
vn 0.6409 -0.3762 -0.6691
vn 0.8493 -0.1615 -0.5026
vn 0.9492 -0.1940 -0.2477
vn 0.9805 -0.1250 -0.1516
vn 0.2400 -0.3225 -0.9157
vn 0.5021 -0.0869 -0.8604
vn 0.7919 0.5201 0.3199
vn 0.8245 0.5501 0.1326
vn 0.8248 0.5100 0.2441
vn 0.4991 0.4804 0.7211
vn 0.4991 0.4804 0.7212
vn 0.8550 0.5183 -0.0187
vn 0.8920 0.3375 -0.3006
vn 0.8855 0.3811 -0.2658
vn 0.8238 0.5621 0.0734
vn 0.5734 -0.3501 -0.7407
vn -0.4925 0.8452 -0.2074
vn -0.1216 0.9130 0.3895
vn -0.6049 0.7542 -0.2555
vn -0.3612 0.8963 0.2572
vn -0.1243 0.6908 0.7123
vn -0.4173 0.8077 0.4166
vn -0.3403 0.6571 0.6726
vn -0.9420 -0.2233 -0.2507
vn -0.7854 -0.1806 -0.5920
vn -0.7866 -0.5760 -0.2224
vn -0.9445 -0.3057 -0.1203
vn -0.9424 -0.0816 -0.3244
vn -0.7494 0.0080 -0.6621
vn -0.9981 -0.0283 -0.0542
vn -0.3777 0.2352 0.8956
vn -0.5056 -0.2970 0.8101
vn -0.1210 0.3648 0.9232
vn -0.6288 -0.2917 0.7208
vn -0.4279 0.3978 0.8116
vn 0.8637 -0.2183 -0.4543
vn 0.9226 0.3692 -0.1116
vn 0.7625 -0.2417 -0.6002
vn 0.9038 0.2508 -0.3468
vn 0.7085 0.6978 -0.1052
vn 0.8201 0.4161 -0.3927
vn 0.6752 0.6685 -0.3117
vn -0.2108 -0.2028 -0.9563
vn -0.1834 -0.5673 -0.8029
vn -0.5796 -0.1736 -0.7962
vn -0.2990 -0.0679 -0.9518
vn -0.0710 -0.2910 -0.9541
vn -0.0016 -0.6466 -0.7628
vn -0.0063 -0.0051 -1.0000
vn 0.3801 0.9194 -0.1014
vn -0.2483 0.8507 -0.4634
vn 0.2612 0.9052 -0.3352
vn -0.2488 0.7692 -0.5885
vn 0.4274 0.8167 -0.3877
vn 0.1264 0.9031 0.4103
vn 0.3884 0.9097 0.1470
vn 0.1071 0.6855 0.7201
vn 0.3598 0.8495 0.3858
vn 0.7016 0.7012 0.1272
vn 0.5713 0.5652 0.5952
vn 0.6649 0.6611 0.3475
vn 0.3797 0.1025 0.9194
vn 0.1218 0.3646 0.9231
vn 0.6948 0.0909 0.7134
vn 0.3550 0.3428 0.8698
vn 0.3215 0.6518 0.6869
vn 0.9131 0.3847 0.1354
vn 0.9103 0.1170 0.3971
vn 0.8549 0.3566 0.3768
vn 0.6617 0.3134 0.6811
vn 0.1722 -0.3928 0.9034
vn 0.3632 -0.1443 0.9205
vn -0.1379 -0.6772 0.7228
vn -0.1178 -0.4797 0.8695
vn 0.6793 -0.1095 0.7257
vn 0.0812 -0.4839 0.8714
vn 0.3566 -0.2505 0.9000
vn -0.3291 -0.8783 -0.3468
vn -0.5834 -0.7748 -0.2436
vn -0.1670 -0.7809 -0.6020
vn -0.0729 -0.8859 -0.4582
vn -0.4537 -0.8788 -0.1478
vn -0.6590 -0.7479 -0.0797
vn 0.2538 -0.9346 0.2491
vn 0.2500 -0.9347 0.2526
vn 0.4466 -0.8937 0.0428
vn 0.9101 -0.1322 0.3928
vn 0.8823 -0.4220 -0.2085
vn 0.9168 -0.3458 0.2000
vn 0.7829 -0.5668 -0.2566
vn 0.8887 -0.2374 0.3923
vn 0.8914 -0.4411 0.1041
vn -0.9855 0.1684 0.0208
vn -0.9051 0.4231 0.0419
vn -0.8855 0.4636 0.0311
vn -0.5534 0.6021 0.5756
vn -0.3800 0.6843 0.6224
vn -0.7128 0.5067 0.4849
vn -0.7360 0.6744 0.0585
vn -0.6739 0.7370 0.0512
vn -0.4419 0.7416 0.5047
vn -0.5222 0.7735 0.3591
vn 0.6481 0.3057 0.6975
vn 0.5244 0.0585 0.8494
vn 0.5540 0.5191 0.6509
vn 0.2996 0.7672 0.5671
vn 0.3901 0.8191 0.4206
vn 0.1761 0.4919 0.8527
vn 0.8469 0.5218 0.1022
vn -0.3179 0.9440 0.0888
vn 0.1887 0.9353 0.2994
vn -0.4382 0.8925 0.1064
vn 0.2718 0.7911 0.5480
vn 0.4070 0.7200 0.5621
vn -0.9177 0.3878 -0.0867
vn -0.9202 0.1131 -0.3748
vn -0.6988 0.7115 -0.0737
vn -0.8469 0.3882 -0.3635
vn -0.7034 0.1143 -0.7015
vn -0.6566 0.6742 -0.3381
vn -0.6583 0.3763 -0.6519
vn -0.0899 0.9297 -0.3572
vn -0.3714 0.9255 -0.0748
vn -0.0861 0.7214 -0.6871
vn -0.3670 0.8607 -0.3529
vn -0.3498 0.6788 -0.6456
vn -0.3773 0.1221 -0.9180
vn -0.0942 0.4015 -0.9110
vn -0.3704 0.3968 -0.8399
vn 0.2039 0.5285 -0.8241
vn 0.2847 0.2904 -0.9136
vn 0.0803 0.4811 -0.8730
vn 0.1105 0.6606 -0.7425
vn 0.4736 0.5347 -0.6999
vn 0.3369 0.7474 -0.5726
vn 0.3369 0.7474 -0.5727
vn 0.2837 0.9370 0.2040
vn 0.0743 0.9502 -0.3026
vn 0.5540 0.7171 0.4228
vn 0.5360 0.7947 0.2848
vn 0.0909 0.9007 -0.4247
vn 0.0384 0.7515 -0.6586
vn 0.6885 0.5824 0.4322
vn 0.6764 0.5190 0.5226
vn 0.7691 0.3478 0.5362
vn 0.8397 0.5106 0.1850
vn 0.5848 0.7560 0.2941
vn -0.9233 -0.3740 0.0876
vn -0.9218 -0.0992 0.3748
vn -0.7093 -0.7009 0.0749
vn -0.8523 -0.3760 0.3635
vn -0.7054 -0.1031 0.7013
vn -0.6660 -0.6646 0.3387
vn -0.6641 -0.3658 0.6520
vn -0.1046 -0.9284 0.3566
vn -0.3853 -0.9197 0.0749
vn -0.0975 -0.7198 0.6873
vn -0.3800 -0.8551 0.3526
vn -0.3599 -0.6748 0.6443
vn -0.3792 -0.1163 0.9180
vn -0.1003 -0.3996 0.9112
vn -0.3767 -0.3906 0.8400
vn -0.8355 0.1941 0.5141
vn -0.9138 0.1657 0.3707
vn -0.8844 0.0740 0.4609
vn -0.7579 0.0953 0.6454
vn -0.7095 0.4625 0.5317
vn -0.5878 0.3189 0.7435
vn 0.1808 0.2509 0.9510
vn -0.3256 0.0469 0.9444
vn 0.4084 0.5270 0.7453
vn 0.2686 0.5087 0.8180
vn -0.4453 0.0661 0.8929
vn -0.6724 0.0228 0.7398
vn 0.4209 0.6670 0.6148
vn 0.5135 0.6568 0.5522
vn 0.4556 0.8411 0.2915
vn 0.1765 0.8221 0.5413
vn 0.2785 0.5591 0.7809
vn 0.0962 -0.9862 0.1351
vn 0.2760 -0.8024 0.5291
vn 0.0738 -0.9129 0.4015
vn 0.8528 -0.4931 0.1719
vn 0.5514 -0.6671 0.5009
vn 0.2505 -0.5186 0.8175
vn 0.0625 -0.6576 0.7508
vn 0.5446 -0.2487 0.8010
vn 0.7574 0.3396 0.5576
vn 0.8239 0.5164 0.2334
vn 0.6980 0.5660 0.4387
vn 0.5323 0.1495 0.8332
vn 0.7631 0.2343 0.6023
vn 0.0854 -0.3409 0.9362
vn 0.2876 0.1384 0.9477
vn 0.2521 -0.1290 0.9591
vn 0.5013 0.3828 0.7760
vn 0.5441 -0.7965 0.2636
vn 0.1425 -0.9803 0.1368
vn 0.4188 -0.9062 0.0591
vn 0.8263 -0.5085 0.2424
vn 0.1802 -0.5032 0.8452
vn 0.5132 -0.6658 0.5416
vn 0.0951 -0.4023 0.9106
vn 0.8052 -0.2428 0.5410
vn 0.9449 0.1504 0.2908
vn 0.9420 -0.3258 0.0803
vn 0.7684 0.3885 0.5086
vn 0.9609 -0.1168 0.2509
vn 0.7624 -0.6451 0.0521
vn 0.8301 0.1556 0.5354
vn 0.5507 0.3374 0.7635
vn 0.4275 0.5626 0.7076
vn 0.2229 0.5073 0.8325
vn 0.5971 0.2325 0.7677
vn 0.0921 -0.9118 -0.4002
vn 0.3722 -0.9205 -0.1188
vn 0.0878 -0.6873 -0.7211
vn 0.3683 -0.8425 -0.3932
vn 0.7001 -0.7058 -0.1084
vn 0.3508 -0.6468 -0.6772
vn 0.6573 -0.6562 -0.3706
vn 0.3773 -0.0773 -0.9229
vn 0.0951 -0.3568 -0.9293
vn 0.7035 -0.0791 -0.7063
vn 0.3706 -0.3552 -0.8582
vn 0.6587 -0.3428 -0.6698
vn 0.9185 -0.3809 -0.1062
vn 0.9200 -0.0934 -0.3807
vn 0.8474 -0.3694 -0.3815
vn 0.0028 0.1342 -0.9909
vn 0.1671 0.3325 -0.9282
vn 0.3399 0.1274 -0.9318
vn -0.2433 0.5244 -0.8160
vn -0.2151 0.4070 -0.8877
vn 0.6848 0.1028 -0.7214
vn 0.1346 0.4484 -0.8837
vn 0.3505 0.3095 -0.8840
vn -0.1166 0.9766 0.1808
vn -0.5487 0.8255 0.1320
vn -0.0546 0.8027 0.5939
vn 0.0750 0.9659 0.2476
vn -0.3759 0.9266 -0.0052
vn -0.6324 0.7652 -0.1204
vn 0.1108 0.9921 -0.0594
vn 0.1666 0.9860 -0.0054
vn 0.9169 0.1149 -0.3821
vn 0.9151 0.3657 0.1698
vn 0.9314 0.3025 -0.2023
vn 0.8479 0.4852 0.2137
vn 0.8736 0.2986 -0.3843
vn 0.8896 0.4248 -0.1678
vn -0.4108 -0.1146 0.9045
vn -0.7147 -0.1873 0.6739
vn -0.4014 -0.1645 0.9010
vn -0.5948 -0.0613 0.8016
vn -0.9073 -0.1627 0.3877
vn -0.7073 -0.2376 0.6658
vn -0.8777 -0.2640 0.3999
vn -0.9372 -0.1892 -0.2929
vn -0.9638 -0.0521 0.2616
vn -0.9991 -0.0416 0.0054
vn -0.9157 -0.2377 -0.3242
vn -0.9876 -0.1564 0.0121
vn -0.8402 -0.0435 0.5406
vn -0.9762 -0.2168 0.0083
vn -0.4541 -0.5655 -0.6885
vn -0.1724 -0.4635 -0.8691
vn -0.5278 -0.8489 0.0300
vn -0.4612 -0.7063 -0.5370
vn -0.4869 -0.4666 -0.7384
vn -0.3270 -0.3948 -0.8586
vn -0.7335 -0.5393 -0.4137
vn -0.7349 0.6609 -0.1520
vn -0.6167 0.7865 -0.0333
vn -0.4341 0.8916 -0.1291
vn -0.7295 0.6537 -0.2013
vn -0.9162 0.3767 -0.1366
vn -0.8498 0.5267 -0.0219
vn -0.8906 0.3910 -0.2321
vn 0.0916 -0.8460 -0.5252
vn -0.4512 -0.6941 -0.5609
vn -0.1966 -0.7841 -0.5887
vn -0.1598 -0.8666 -0.4728
vn -0.4753 -0.7468 -0.4651
vn -0.5802 0.0410 -0.8134
vn -0.4678 -0.5520 -0.6903
vn -0.5855 0.2326 -0.7766
vn -0.7437 -0.4144 -0.5247
vn -0.9667 0.2533 -0.0377
vn -0.9363 -0.2979 -0.1863
vn -0.9994 -0.0000 -0.0339
vn -0.9893 0.0054 -0.1457
vn -0.9160 -0.3264 -0.2332
vn -0.9797 0.0060 -0.2002
vn 0.5036 -0.0879 0.8594
vn 0.2348 0.0120 0.9720
vn -0.0547 -0.1667 0.9845
vn 0.4174 -0.1604 0.8945
vn 0.5135 -0.0074 0.8580
vn 0.7308 -0.0006 0.6826
vn 0.8389 -0.1883 0.5107
vn 0.7500 -0.3559 -0.5576
vn 0.4868 -0.5293 -0.6949
vn 0.6300 -0.3408 -0.6979
vn 0.9199 -0.2398 -0.3104
vn 0.7380 -0.3991 -0.5441
vn 0.9094 -0.3016 -0.2863
vn 0.9504 -0.0322 0.3094
vn 0.9645 -0.1423 -0.2227
vn 0.9922 -0.1201 0.0335
vn 0.8515 -0.2367 -0.4678
vn 0.9885 -0.1453 0.0416
vn 0.4893 0.8696 -0.0667
vn -0.1166 0.9931 -0.0133
vn 0.2101 0.9771 0.0324
vn 0.4935 0.8697 0.0103
vn 0.5176 0.8454 -0.1316
vn 0.8318 0.5244 -0.1820
vn 0.9654 -0.2143 -0.1488
vn 0.9476 0.3181 -0.0286
vn 0.9991 0.0104 -0.0420
vn 0.8547 -0.4573 -0.2457
vn 0.9916 0.0413 -0.1222
vn 0.7200 0.6939 0.0120
vn 0.9212 -0.3008 -0.2469
vn 0.9878 0.0463 -0.1490
vn 0.7501 -0.5409 -0.3805
vn 0.6380 -0.6856 -0.3507
vn 0.5176 -0.4904 -0.7012
vn 0.4789 -0.6993 -0.5307
vn 0.9095 -0.2803 -0.3070
vn -0.0962 0.9478 -0.3041
vn -0.1547 0.7484 -0.6449
vn -0.5094 0.6212 -0.5956
vn -0.0366 0.8625 -0.5048
vn -0.1227 0.4747 -0.8715
vn -0.3247 0.6823 -0.6550
vn -0.7831 0.2907 -0.5497
vn -0.2263 0.4817 -0.8466
vn -0.1481 -0.2170 -0.9649
vn -0.0112 0.3468 -0.9379
vn 0.0029 0.0846 -0.9964
vn -0.1979 -0.2500 -0.9478
vn -0.1146 0.0977 -0.9886
vn -0.0085 0.6232 -0.7820
vn -0.1734 0.0914 -0.9806
vn -0.5345 -0.6383 -0.5540
vn -0.4502 -0.8437 -0.2923
vn -0.5568 -0.8306 0.0040
vn -0.5980 -0.6069 -0.5235
vn -0.4374 -0.6834 -0.5844
vn -0.3742 -0.8184 -0.4361
vn -0.4980 -0.3400 -0.7977
vn 0.0992 0.9224 0.3733
vn 0.0389 0.9992 0.0118
vn 0.1829 0.8893 0.4191
vn 0.1067 0.9832 0.1480
vn 0.0435 0.8806 -0.4718
vn 0.2117 0.9570 0.1984
vn 0.2184 0.9757 0.0183
vn 0.4089 0.9000 0.1512
vn 0.2868 0.8467 0.4481
vn 0.4071 0.9134 -0.0047
vn 0.3094 0.9185 0.2462
vn 0.2450 0.9686 0.0432
vn 0.1597 0.5497 -0.8200
vn 0.1955 0.4603 -0.8660
vn 0.0927 0.4614 -0.8823
vn 0.0708 0.6988 -0.7118
vn 0.2859 0.6943 -0.6605
vn 0.3377 0.6307 -0.6987
vn 0.1472 0.9753 -0.1646
vn 0.7222 -0.1082 -0.6832
vn 0.8400 -0.0082 -0.5426
vn 0.7937 -0.1393 -0.5922
vn 0.7132 -0.1576 -0.6830
vn 0.4578 -0.0633 -0.8868
vn 0.6043 0.0375 -0.7959
vn 0.4666 -0.1607 -0.8697
vn -0.8697 -0.4920 -0.0389
vn -0.6671 -0.4828 -0.5673
vn -0.7839 -0.5291 -0.3248
vn -0.8640 -0.4150 -0.2850
vn -0.7135 -0.3832 -0.5866
vn 0.0660 -0.7539 -0.6536
vn -0.5286 -0.6154 -0.5847
vn 0.2585 -0.7255 -0.6378
vn -0.3602 -0.4310 -0.8273
vn 0.3419 0.0455 -0.9386
vn -0.2138 -0.0806 -0.9735
vn 0.0939 0.0635 -0.9935
vn 0.0945 -0.0485 -0.9943
vn -0.2455 -0.1279 -0.9609
vn 0.0927 -0.1034 -0.9903
vn -0.1374 0.7921 0.5947
vn -0.0174 0.9364 0.3506
vn -0.1997 0.9785 0.0522
vn -0.2053 0.8040 0.5580
vn -0.0517 0.7877 0.6138
vn -0.0425 0.6086 0.7923
vn -0.2446 0.4261 0.8710
vn -0.4045 -0.6299 0.6630
vn -0.5659 -0.7370 0.3696
vn -0.3788 -0.7603 0.5277
vn -0.2926 -0.3937 0.8714
vn -0.4509 -0.6170 0.6450
vn -0.3580 -0.3683 0.8580
vn -0.0777 0.2329 0.9694
vn -0.1892 -0.2991 0.9353
vn -0.1708 -0.0496 0.9841
vn -0.2834 -0.5456 0.7887
vn -0.1987 -0.0390 0.9793
vn 0.8176 -0.1746 0.5487
vn 0.8299 -0.3656 0.4214
vn 0.9530 -0.0323 0.3013
vn 0.8190 -0.0765 0.5686
vn 0.9799 -0.1930 0.0496
vn 0.4345 -0.2853 0.8543
vn 0.5501 -0.2021 0.8102
vn -0.3103 -0.2324 0.9218
vn 0.2258 -0.1350 0.9648
vn -0.0861 -0.1398 0.9864
vn -0.5458 -0.3070 0.7797
vn -0.0583 -0.2199 0.9738
vn 0.6227 -0.0894 0.7773
vn -0.3959 -0.3216 0.8602
vn -0.0533 -0.2467 0.9676
vn -0.6286 -0.4052 0.6639
vn -0.7550 -0.3803 0.5342
vn -0.8143 -0.4532 0.3627
vn -0.5892 -0.4334 0.6819
vn -0.3759 -0.3826 0.8440
vn 0.3019 0.8234 0.4804
vn 0.2063 0.8604 0.4659
vn 0.2065 0.8800 0.4277
vn 0.0999 0.9073 0.4085
vn 0.3114 -0.9106 0.2716
vn 0.2939 -0.9107 0.2903
vn 0.4648 -0.7807 0.4176
vn 0.4391 -0.7807 0.4446
vn 0.6684 -0.2729 0.6919
vn 0.7330 -0.0167 0.6800
vn 0.6922 -0.0173 0.7215
vn 0.3284 -0.9096 0.2545
vn 0.4883 -0.7798 0.3918
vn 0.7082 -0.2727 0.6512
vn 0.7693 -0.0175 0.6386
vn -0.2926 -0.9006 -0.3214
vn -0.2753 -0.8995 -0.3394
vn -0.4375 -0.7673 -0.4689
vn -0.6156 -0.2978 -0.7296
vn -0.6910 -0.0523 -0.7210
vn -0.6580 -0.2980 -0.6916
vn -0.2536 -0.8993 -0.3563
vn -0.4086 -0.7667 -0.4952
vn -0.5669 -0.2978 -0.7681
vn -0.6456 -0.0515 -0.7620
vn 0.2556 -0.9106 0.3249
vn 0.2750 -0.9106 0.3086
vn 0.3824 -0.7810 0.4937
vn 0.6250 -0.2734 0.7312
vn 0.6023 -0.0184 0.7980
vn 0.5808 -0.2739 0.7666
vn 0.4112 -0.7809 0.4703
vn 0.6477 -0.0179 0.7617
vn -0.3116 -0.8999 -0.3051
vn -0.3275 -0.8997 -0.2886
vn -0.4652 -0.7660 -0.4436
vn -0.4880 -0.7668 -0.4170
vn -0.7316 -0.2997 -0.6123
vn -0.7328 -0.0541 -0.6783
vn -0.7690 -0.0548 -0.6369
vn -0.6975 -0.2994 -0.6510
vn -0.3428 -0.8994 -0.2713
vn -0.3582 -0.8993 -0.2508
vn -0.5119 -0.7654 -0.3900
vn -0.5361 -0.7639 -0.3592
vn -0.7970 -0.3007 -0.5237
vn -0.8032 -0.0583 -0.5929
vn -0.8383 -0.0595 -0.5420
vn -0.7637 -0.3019 -0.5707
vn 0.3442 -0.9088 0.2358
vn 0.5118 -0.7780 0.3645
vn 0.7437 -0.2721 0.6106
vn 0.8038 -0.0193 0.5946
vn 0.3610 -0.9073 0.2157
vn 0.5345 -0.7760 0.3348
vn 0.7768 -0.2731 0.5674
vn 0.8376 -0.0193 0.5459
vn 0.3786 -0.9048 0.1948
vn 0.5582 -0.7716 0.3051
vn 0.8098 -0.2714 0.5201
vn 0.8684 -0.0211 0.4955
vn 0.3970 -0.9006 0.1768
vn 0.5811 -0.7643 0.2796
vn 0.8405 -0.2684 0.4707
vn 0.8942 -0.0188 0.4473
vn -0.3764 -0.8976 -0.2294
vn -0.3931 -0.8944 -0.2133
vn -0.5628 -0.7602 -0.3246
vn -0.5846 -0.7541 -0.2991
vn -0.8530 -0.2970 -0.4291
vn -0.8723 -0.0618 -0.4851
vn -0.8960 -0.0611 -0.4398
vn -0.8297 -0.2997 -0.4709
vn 0.4432 -0.8925 0.0840
vn 0.3736 -0.9271 -0.0305
vn 0.8195 -0.5487 0.1651
vn 0.7047 -0.7087 -0.0325
vn 0.9792 -0.0739 0.1888
vn 0.9280 -0.3715 -0.0287
vn 0.1782 -0.9821 0.0607
vn 0.6035 -0.7536 0.2606
vn 0.8685 -0.2602 0.4218
vn 0.9110 -0.0117 0.4122
vn 0.6152 -0.7459 0.2553
vn 0.8884 -0.2438 0.3890
vn -0.4032 -0.8916 -0.2062
vn -0.5957 -0.7495 -0.2888
vn -0.9059 -0.0578 -0.4195
vn -0.8649 -0.2916 -0.4085
vn -0.2269 -0.8988 -0.3752
vn -0.3763 -0.7652 -0.5223
vn -0.5047 -0.2950 -0.8113
vn -0.5939 -0.0534 -0.8028
vn -0.2049 -0.8937 -0.3991
vn -0.3341 -0.7622 -0.5545
vn -0.4465 -0.2869 -0.8475
vn -0.5257 -0.0516 -0.8491
vn 0.2183 -0.9071 0.3598
vn 0.2359 -0.9100 0.3409
vn 0.3305 -0.7738 0.5404
vn 0.5345 -0.2714 0.8004
vn 0.5113 -0.0168 0.8592
vn 0.4894 -0.2642 0.8311
vn 0.3547 -0.7796 0.5162
vn 0.5554 -0.0195 0.8314
vn -0.0054 -0.9336 0.3583
vn -0.0037 -0.7194 0.6946
vn -0.0010 -0.3845 0.9231
vn 0.1187 -0.8996 0.4202
vn 0.2151 -0.5541 0.8042
vn 0.2391 -0.0666 0.9687
vn -0.1945 -0.8881 -0.4164
vn -0.2969 -0.7517 -0.5889
vn -0.4154 -0.2756 -0.8669
vn -0.4605 -0.0471 -0.8864
vn -0.4286 -0.0392 -0.9027
vn -0.2819 -0.7422 -0.6080
vn -0.4072 -0.2813 -0.8689
vn 0.2080 -0.9034 0.3750
vn 0.4595 -0.2485 0.8527
vn 0.3148 -0.7662 0.5602
vn 0.4790 -0.0093 0.8778
vn 0.5061 0.6728 0.5396
vn 0.5366 0.6725 0.5098
vn 0.3681 0.8401 0.3984
vn 0.3906 0.8397 0.3772
vn 0.2077 0.9500 0.2332
vn 0.2196 0.9502 0.2211
vn 0.5642 0.6714 0.4806
vn 0.4109 0.8391 0.3564
vn 0.2314 0.9501 0.2091
vn -0.4899 0.6622 -0.5670
vn -0.5248 0.6619 -0.5352
vn -0.3534 0.8448 -0.4019
vn -0.3782 0.8446 -0.3791
vn -0.1905 0.9594 -0.2080
vn -0.2041 0.9592 -0.1957
vn -0.4515 0.6620 -0.5982
vn -0.3253 0.8445 -0.4255
vn -0.1753 0.9595 -0.2206
vn 0.4737 0.6721 0.5691
vn 0.4415 0.6705 0.5963
vn 0.3451 0.8391 0.4206
vn 0.3216 0.8382 0.4404
vn 0.1950 0.9495 0.2459
vn 0.1822 0.9489 0.2575
vn -0.5862 0.6582 -0.4724
vn -0.5575 0.6600 -0.5036
vn -0.4234 0.8420 -0.3342
vn -0.4020 0.8432 -0.3568
vn -0.2290 0.9582 -0.1717
vn -0.2175 0.9586 -0.1839
vn -0.6441 0.6500 -0.4032
vn -0.6146 0.6542 -0.4409
vn -0.4670 0.8369 -0.2855
vn -0.4443 0.8399 -0.3117
vn -0.2534 0.9564 -0.1455
vn -0.2413 0.9572 -0.1598
vn 0.5911 0.6697 0.4496
vn 0.4309 0.8381 0.3344
vn 0.2431 0.9497 0.1975
vn 0.6188 0.6662 0.4162
vn 0.4521 0.8361 0.3107
vn 0.2552 0.9491 0.1845
vn 0.6461 0.6612 0.3812
vn 0.4735 0.8332 0.2858
vn 0.2677 0.9483 0.1705
vn 0.6708 0.6551 0.3477
vn 0.4944 0.8285 0.2629
vn 0.2808 0.9466 0.1584
vn -0.6989 0.6346 -0.3299
vn -0.6742 0.6438 -0.3619
vn -0.5118 0.8264 -0.2347
vn -0.4906 0.8329 -0.2562
vn -0.2799 0.9527 -0.1186
vn -0.2669 0.9549 -0.1300
vn 0.9101 0.4109 0.0537
vn 0.7579 0.6265 0.1820
vn 0.6890 0.7229 0.0507
vn 0.5613 0.8149 0.1445
vn 0.3738 0.9266 0.0402
vn 0.3228 0.9416 0.0960
vn 0.6889 0.6483 0.3241
vn 0.5124 0.8223 0.2476
vn 0.2937 0.9439 0.1511
vn -0.7101 0.6299 -0.3147
vn -0.5236 0.8217 -0.2251
vn -0.2892 0.9504 -0.1145
vn -0.4013 0.6585 -0.6367
vn -0.2899 0.8427 -0.4536
vn -0.1563 0.9591 -0.2361
vn -0.3548 0.6502 -0.6719
vn -0.2580 0.8371 -0.4824
vn -0.1400 0.9572 -0.2534
vn 0.4083 0.6675 0.6227
vn 0.3780 0.6630 0.6462
vn 0.2983 0.8361 0.4605
vn 0.2769 0.8325 0.4798
vn 0.1687 0.9485 0.2681
vn 0.1574 0.9467 0.2811
vn 0.0625 0.3964 0.9159
vn 0.0500 0.7106 0.7018
vn 0.0303 0.9201 0.3906
vn 0.2025 0.6342 0.7462
vn 0.1521 0.8166 0.5568
vn 0.0912 0.9397 0.3296
vn -0.3319 0.6425 -0.6907
vn -0.2433 0.8303 -0.5013
vn -0.1331 0.9543 -0.2674
vn 0.3569 0.6564 0.6647
vn 0.2636 0.8271 0.4964
vn 0.1503 0.9450 0.2905
vn -0.8122 0.3742 -0.4475
vn -0.4854 0.3860 -0.7845
vn -0.9457 0.1757 0.2733
vn -0.9459 0.1758 0.2728
vn -0.0600 -0.2865 0.9562
vn -0.7959 0.3734 -0.4766
vn 0.2591 0.2283 -0.9385
vn 0.2592 0.2283 -0.9385
vn 0.9687 -0.2329 -0.0855
vn -0.4489 0.3874 -0.8053
vn 0.3850 0.9227 0.0203
vn 0.7095 0.7046 0.0152
vn 0.9248 0.3803 0.0078
vn 0.3677 -0.0233 0.9296
vn 0.9177 -0.0107 0.3971
vn 0.6899 -0.0171 0.7237
vn -0.2383 -0.6719 -0.7013
vn 0.0449 -0.7377 -0.6736
vn 0.8741 -0.3365 -0.3503
vn -0.0161 -0.6920 -0.7217
vn -0.0002 0.3611 0.9325
vn 0.0018 0.6918 0.7221
vn 0.0036 0.9145 0.4046
vn -0.6839 -0.2416 -0.6884
vn -0.6588 0.0048 -0.7523
vn -0.2876 0.9184 -0.2716
vn -0.7062 -0.0310 -0.7073
vn -0.6767 -0.6747 -0.2947
vn -0.7535 -0.6558 -0.0468
vn -0.3183 -0.3379 0.8857
vn -0.7046 -0.7011 -0.1093
vn -0.6076 -0.6182 0.4987
vn -0.9185 0.3952 0.0094
vn -0.6940 0.7198 0.0159
vn -0.5753 0.8178 0.0178
vn -0.3596 0.9329 0.0199
vn 0.0080 0.9898 0.1422
vn 0.0996 0.9948 -0.0190
vn 0.0049 0.9482 -0.3176
vn 0.0046 0.8738 -0.4862
vn 0.0192 0.7440 -0.6679
vn 0.0032 0.5539 -0.8326
vn 0.0026 0.4266 -0.9044
vn 0.3272 0.8845 0.3325
vn 0.4386 0.7771 0.4513
vn 0.5196 0.6702 0.5299
vn 0.5411 0.6351 0.5512
vn 0.6563 0.3624 0.6618
vn 0.4525 0.6881 0.5672
vn 0.6289 0.4474 0.6358
vn 0.7761 -0.0119 0.6305
vn -0.9172 -0.0031 0.3984
vn -0.6993 -0.0122 0.7147
vn -0.3556 -0.0199 0.9344
vn -0.8700 -0.0056 0.4930
vn -0.2187 -0.0218 0.9755
vn -0.0082 -0.9263 0.3766
vn -0.0082 -0.8810 0.4731
vn -0.0076 -0.7067 0.7075
vn -0.0066 -0.4778 0.8785
vn -0.0060 -0.3911 0.9203
vn 0.1019 -0.1031 0.9894
vn 0.3129 0.2912 0.9041
vn 0.4763 0.5345 0.6982
vn 0.5458 0.5268 0.6516
vn 0.6807 0.6599 0.3182
vn 0.2042 0.1824 0.9618
vn 0.4690 0.4482 0.7611
vn 0.6507 0.6352 0.4160
vn 0.6329 0.7698 0.0831
vn 0.9921 0.0137 0.1243
vn 0.9314 -0.3640 -0.0087
vn 0.8370 -0.5470 -0.0131
vn 0.7268 -0.6866 -0.0163
vn 0.6605 -0.7506 -0.0178
vn 0.3992 -0.9166 -0.0218
vn 0.9217 0.0092 -0.3877
vn 0.6971 0.0179 -0.7167
vn 0.3588 0.0237 -0.9331
vn 0.9857 0.0726 -0.1519
vn 0.8726 0.0117 -0.4882
vn 0.5600 0.0209 -0.8283
vn 0.8691 0.3467 0.3528
vn 0.6526 0.5310 0.5405
vn 0.6726 0.5187 0.5278
vn 0.4849 0.6133 0.6235
vn 0.4500 0.6262 0.6367
vn -0.1729 0.6910 0.7019
vn -0.5632 0.5802 0.5884
vn 0.7963 0.4241 0.4313
vn 0.6618 0.5257 0.5345
vn 0.2354 0.6819 0.6926
vn -0.3793 0.9250 0.0226
vn -0.6995 0.7144 0.0180
vn -0.9188 0.3945 0.0106
vn 0.0035 0.4047 -0.9144
vn 0.0058 0.7237 -0.6900
vn 0.0072 0.9328 -0.3602
vn 0.6544 0.3691 0.6600
vn 0.4998 0.6908 0.5225
vn 0.2816 0.9127 0.2961
vn -0.3837 -0.0193 0.9233
vn -0.7051 -0.0120 0.7090
vn -0.9223 -0.0028 0.3864
vn -0.0034 -0.4048 0.9144
vn -0.0057 -0.7238 0.6900
vn -0.0071 -0.9328 0.3604
vn 0.6554 0.6392 0.4023
vn 0.5015 0.4796 0.7200
vn 0.2731 0.2487 0.9293
vn 0.3771 -0.9259 -0.0221
vn 0.7035 -0.7105 -0.0169
vn 0.9218 -0.3876 -0.0092
vn 0.3567 0.0203 -0.9340
vn 0.9216 0.0039 -0.3881
vn 0.6953 0.0131 -0.7186
vn 0.1057 0.6872 0.7188
vn 0.1962 0.7293 0.6555
vn 0.5811 0.5607 0.5899
vn 0.9066 0.2892 0.3072
vn -0.9239 0.0161 -0.3824
vn -0.7072 0.0221 -0.7066
vn -0.7070 0.0222 -0.7068
vn -0.3823 0.0249 -0.9237
vn 0.8133 -0.0212 0.5814
vn 0.9259 -0.0072 -0.3778
vn 0.9823 -0.0238 0.1855
vn 0.9792 -0.0236 0.2013
vn 0.5498 0.0054 -0.8353
vn 0.1678 0.0225 -0.9856
vn 0.9241 0.0124 -0.3819
vn 0.9240 -0.0069 -0.3823
vn -0.9852 0.1712 0.0033
vn -0.9212 0.3891 0.0013
vn -0.3765 0.9259 0.0316
vn -0.3804 0.9247 0.0142
vn -0.3763 0.9264 0.0143
vn 0.5852 0.8106 0.0194
vn 0.3871 0.9219 0.0147
vn -0.8228 0.5684 0.0032
vn 0.2081 0.9780 0.0140
vn 0.1531 -0.9879 -0.0243
vn 0.1524 -0.9805 0.1241
vn 0.9215 -0.3883 -0.0090
vn 0.9167 -0.3897 0.0882
vn 0.8148 0.5796 0.0148
vn 0.1545 -0.9877 -0.0242
vn 0.9215 -0.3882 -0.0090
vn 0.9216 -0.3880 -0.0090
vn -0.0022 -0.3597 -0.9330
vn -0.0041 -0.6887 -0.7251
vn -0.0040 -0.6895 -0.7243
vn -0.0053 -0.9145 -0.4045
vn -0.0057 -0.9926 -0.1213
vn 0.0028 0.5717 0.8204
vn -0.0023 -0.4003 0.9164
vn -0.0023 -0.3979 0.9174
vn -0.0057 -0.9905 0.1373
vn -0.9868 0.0043 0.1617
vn -0.9893 0.1434 0.0254
vn -0.3864 -0.0338 0.9217
vn -0.8255 -0.0185 0.5642
vn -0.8347 -0.0175 0.5504
vn 0.2011 -0.0366 0.9789
vn 0.5824 -0.0252 0.8125
vn -0.3817 -0.0196 0.9241
vn -0.3817 -0.0339 0.9236
vn -0.3896 -0.9207 -0.0222
vn -0.7118 -0.7022 -0.0172
vn -0.7128 -0.7012 -0.0172
vn -0.9266 -0.3759 -0.0095
vn -0.6149 0.6549 0.4393
vn -0.6934 0.7159 -0.0816
vn -0.6939 0.7159 -0.0772
vn -0.6934 0.7159 -0.0818
vn -0.5041 0.4942 -0.7082
vn -0.5049 0.4957 -0.7067
vn -0.5041 0.4942 -0.7083
vn -0.1888 0.1576 -0.9693
vn -0.6124 0.6525 0.4462
vn -0.6939 0.7159 -0.0771
vn -0.5044 0.4952 -0.7073
vn -0.1870 0.1557 -0.9700
vn -0.8972 0.2970 0.3268
vn -0.8969 0.3155 0.3098
vn -0.7607 0.4389 0.4782
vn -0.7607 0.4652 0.4527
vn -0.2411 0.6979 0.6744
vn 0.0152 0.6778 0.7351
vn 0.0155 0.7195 0.6943
vn -0.8966 0.2793 0.3435
vn -0.7595 0.4133 0.5023
vn -0.2409 0.6572 0.7142
vn 0.0141 0.6371 0.7706
vn -0.9137 -0.2952 -0.2792
vn -0.9136 -0.3122 -0.2605
vn -0.7872 -0.4460 -0.4260
vn -0.3294 -0.7192 -0.6118
vn -0.0853 -0.7172 -0.6916
vn -0.3294 -0.6805 -0.6545
vn -0.9133 -0.3293 -0.2395
vn -0.7875 -0.4719 -0.3965
vn -0.3302 -0.7576 -0.5631
vn -0.0856 -0.7585 -0.6460
vn -0.8964 0.3503 0.2715
vn -0.8965 0.3343 0.2909
vn -0.7595 0.5154 0.3969
vn -0.2409 0.7372 0.6312
vn 0.0152 0.7968 0.6041
vn -0.2399 0.7731 0.5872
vn -0.7599 0.4917 0.4251
vn 0.0158 0.7601 0.6496
vn -0.9134 -0.2781 -0.2971
vn -0.9133 -0.2611 -0.3127
vn -0.7877 -0.4184 -0.4522
vn -0.7863 -0.3937 -0.4762
vn -0.3303 -0.6008 -0.7280
vn -0.0864 -0.6747 -0.7330
vn -0.0876 -0.6332 -0.7690
vn -0.3300 -0.6407 -0.6933
vn -0.9128 -0.2439 -0.3276
vn -0.9121 -0.2235 -0.3438
vn -0.7854 -0.3662 -0.4990
vn -0.7833 -0.3350 -0.5237
vn -0.3304 -0.5124 -0.7927
vn -0.0889 -0.5890 -0.8032
vn -0.0900 -0.5379 -0.8382
vn -0.3309 -0.5597 -0.7598
vn -0.8956 0.2614 0.3600
vn -0.7583 0.3861 0.5253
vn -0.2427 0.6165 0.7490
vn 0.0121 0.5922 0.8057
vn -0.8946 0.2408 0.3764
vn -0.7564 0.3564 0.5485
vn -0.2417 0.5732 0.7830
vn 0.0108 0.5447 0.8386
vn -0.8920 0.2204 0.3947
vn -0.7523 0.3262 0.5724
vn -0.2417 0.5264 0.8152
vn 0.0081 0.4938 0.8696
vn -0.8886 0.2017 0.4120
vn -0.7464 0.3002 0.5939
vn -0.2409 0.4761 0.8457
vn 0.0096 0.4450 0.8955
vn -0.9099 -0.2028 -0.3618
vn -0.9075 -0.1853 -0.3771
vn -0.7785 -0.3012 -0.5506
vn -0.7728 -0.2753 -0.5719
vn -0.3232 -0.4183 -0.8489
vn -0.0911 -0.4807 -0.8722
vn -0.0890 -0.4359 -0.8956
vn -0.3279 -0.4598 -0.8253
vn -0.8819 0.1091 0.4587
vn -0.9214 -0.0043 0.3886
vn -0.5295 0.1790 0.8292
vn -0.6972 -0.0135 0.7168
vn -0.0525 0.1889 0.9806
vn -0.3563 -0.0202 0.9341
vn -0.9766 0.0894 0.1955
vn -0.7356 0.2813 0.6163
vn -0.2328 0.4271 0.8737
vn 0.0148 0.4100 0.9120
vn -0.7276 0.2756 0.6282
vn -0.2171 0.3937 0.8932
vn -0.9041 -0.1786 -0.3883
vn -0.7673 -0.2655 -0.5837
vn -0.0859 -0.4150 -0.9058
vn -0.3175 -0.3975 -0.8609
vn -0.9127 -0.3490 -0.2125
vn -0.7858 -0.4992 -0.3651
vn -0.3281 -0.8006 -0.5013
vn -0.0860 -0.7994 -0.5946
vn -0.9082 -0.3727 -0.1906
vn -0.7829 -0.5319 -0.3227
vn -0.3184 -0.8377 -0.4436
vn -0.0858 -0.8456 -0.5268
vn -0.8927 0.3850 0.2343
vn -0.8949 0.3683 0.2521
vn -0.7529 0.5604 0.3450
vn -0.2394 0.8064 0.5407
vn 0.0170 0.8580 0.5134
vn -0.2312 0.8371 0.4958
vn -0.7571 0.5392 0.3688
vn 0.0157 0.8301 0.5574
vn -0.9226 0.3856 0.0111
vn -0.6989 0.7152 0.0099
vn -0.3568 0.9342 0.0074
vn -0.8851 0.4454 0.1346
vn -0.5262 0.8200 0.2254
vn -0.0335 0.9697 0.2419
vn -0.9033 -0.3894 -0.1802
vn -0.7734 -0.5663 -0.2849
vn -0.3071 -0.8575 -0.4127
vn -0.0804 -0.8835 -0.4615
vn -0.0730 -0.9003 -0.4292
vn -0.7640 -0.5857 -0.2705
vn -0.3134 -0.8593 -0.4042
vn -0.8879 0.4015 0.2246
vn -0.2153 0.8584 0.4656
vn -0.7432 0.5825 0.3292
vn 0.0241 0.8762 0.4814
vn 0.6969 0.5184 0.4955
vn 0.6966 0.4879 0.5260
vn 0.8572 0.3730 0.3552
vn 0.8573 0.3509 0.3767
vn 0.9596 0.2050 0.1925
vn 0.9594 0.1937 0.2050
vn 0.6950 0.4591 0.5533
vn 0.8563 0.3304 0.3970
vn 0.9594 0.1812 0.2159
vn 0.6373 -0.5845 -0.5022
vn 0.6370 -0.5535 -0.5365
vn 0.8266 -0.4257 -0.3680
vn 0.8262 -0.4033 -0.3935
vn 0.9494 -0.2360 -0.2074
vn 0.9491 -0.2241 -0.2211
vn 0.6368 -0.6158 -0.4640
vn 0.8266 -0.4481 -0.3404
vn 0.9495 -0.2478 -0.1925
vn 0.6961 0.5481 0.4637
vn 0.6949 0.5753 0.4314
vn 0.8570 0.3944 0.3317
vn 0.8560 0.4151 0.3081
vn 0.9596 0.2170 0.1792
vn 0.9594 0.2280 0.1660
vn 0.6342 -0.4902 -0.5979
vn 0.6362 -0.5208 -0.5692
vn 0.8242 -0.3582 -0.4387
vn 0.8258 -0.3802 -0.4166
vn 0.9484 -0.1999 -0.2462
vn 0.9490 -0.2111 -0.2341
vn 0.6275 -0.4204 -0.6554
vn 0.6313 -0.4575 -0.6262
vn 0.8204 -0.3090 -0.4811
vn 0.8229 -0.3350 -0.4590
vn 0.9474 -0.1723 -0.2696
vn 0.9481 -0.1866 -0.2576
vn 0.6923 0.4279 0.5810
vn 0.8552 0.3080 0.4169
vn 0.9591 0.1687 0.2272
vn 0.6885 0.3948 0.6083
vn 0.8524 0.2844 0.4387
vn 0.9585 0.1551 0.2393
vn 0.6833 0.3592 0.6357
vn 0.8495 0.2598 0.4592
vn 0.9572 0.1423 0.2520
vn 0.6764 0.3268 0.6600
vn 0.8443 0.2370 0.4806
vn 0.9554 0.1296 0.2655
vn 0.6130 -0.3464 -0.7101
vn 0.6204 -0.3790 -0.6866
vn 0.8107 -0.2572 -0.5260
vn 0.8162 -0.2795 -0.5057
vn 0.9440 -0.1454 -0.2961
vn 0.9460 -0.1575 -0.2832
vn 0.4276 0.0393 0.9031
vn 0.6438 0.1617 0.7479
vn 0.7354 0.0277 0.6771
vn 0.8286 0.1187 0.5472
vn 0.9333 0.0121 0.3588
vn 0.9495 0.0671 0.3066
vn 0.6685 0.3033 0.6790
vn 0.8380 0.2218 0.4985
vn 0.9529 0.1224 0.2774
vn 0.6075 -0.3318 -0.7217
vn 0.8055 -0.2481 -0.5382
vn 0.9419 -0.1415 -0.3046
vn 0.6336 -0.6538 -0.4137
vn 0.8244 -0.4769 -0.3049
vn 0.9490 -0.2638 -0.1729
vn 0.6244 -0.6896 -0.3669
vn 0.8176 -0.5069 -0.2731
vn 0.9464 -0.2824 -0.1570
vn 0.6919 0.6021 0.3984
vn 0.6877 0.6257 0.3681
vn 0.8540 0.4352 0.2851
vn 0.8506 0.4548 0.2640
vn 0.9586 0.2400 0.1533
vn 0.9574 0.2517 0.1416
vn 0.4241 0.9038 0.0577
vn 0.7320 0.6801 0.0395
vn 0.9313 0.3640 0.0156
vn 0.6589 0.7270 0.1932
vn 0.8352 0.5319 0.1394
vn 0.9502 0.3022 0.0760
vn 0.6169 -0.7078 -0.3442
vn 0.8111 -0.5248 -0.2582
vn 0.9437 -0.2951 -0.1497
vn 0.6818 0.6440 0.3471
vn 0.8457 0.4712 0.2505
vn 0.9553 0.2630 0.1351
vn 0.3470 -0.4548 -0.8202
vn 0.3544 -0.7941 -0.4938
vn 0.1670 0.2700 -0.9483
vn 0.1675 0.2705 -0.9481
vn 0.1673 0.2701 -0.9482
vn -0.2598 0.9643 -0.0517
vn 0.3453 -0.4804 -0.8062
vn 0.1964 -0.9469 0.2545
vn -0.1775 -0.2344 0.9558
vn 0.3581 -0.6002 -0.7152
vn 0.3937 0.4003 -0.8275
vn 0.4107 0.3814 -0.8282
vn 0.5271 0.5315 -0.6631
vn 0.5511 0.5032 -0.6656
vn 0.7410 0.6631 -0.1063
vn 0.6991 0.6988 0.1516
vn 0.7389 0.6564 0.1519
vn 0.3762 0.4170 -0.8274
vn 0.5012 0.5553 -0.6636
vn 0.7017 0.7044 -0.1075
vn 0.6593 0.7367 0.1503
vn -0.2159 -0.1751 -0.9606
vn -0.2324 -0.1556 -0.9601
vn -0.3835 -0.3264 -0.8639
vn -0.7052 -0.5430 -0.4559
vn -0.7295 -0.6470 -0.2217
vn -0.6683 -0.5878 -0.4559
vn -0.2481 -0.1340 -0.9594
vn -0.4083 -0.2965 -0.8634
vn -0.7421 -0.4944 -0.4526
vn -0.7692 -0.5998 -0.2203
vn 0.4442 0.3419 -0.8281
vn 0.4282 0.3619 -0.8281
vn 0.5995 0.4459 -0.6647
vn 0.7786 0.6183 -0.1072
vn 0.8125 0.5636 0.1489
vn 0.8130 0.5724 -0.1072
vn 0.5767 0.4750 -0.6647
vn 0.7776 0.6104 0.1508
vn -0.1989 -0.1928 -0.9609
vn -0.1826 -0.2092 -0.9607
vn -0.3563 -0.3527 -0.8652
vn -0.3319 -0.3780 -0.8643
vn -0.5921 -0.6643 -0.4562
vn -0.6886 -0.6902 -0.2224
vn -0.6483 -0.7280 -0.2231
vn -0.6295 -0.6281 -0.4574
vn -0.1662 -0.2249 -0.9601
vn -0.1468 -0.2401 -0.9596
vn -0.3058 -0.4017 -0.8632
vn -0.2759 -0.4279 -0.8607
vn -0.5041 -0.7324 -0.4576
vn -0.6056 -0.7636 -0.2241
vn -0.5537 -0.8014 -0.2261
vn -0.5516 -0.6973 -0.4577
vn 0.3589 0.4346 -0.8260
vn 0.4754 0.5795 -0.6619
vn 0.6629 0.7411 -0.1062
vn 0.6171 0.7729 0.1477
vn 0.3393 0.4507 -0.8257
vn 0.4471 0.6032 -0.6605
vn 0.6212 0.7760 -0.1091
vn 0.5712 0.8077 0.1458
vn 0.3219 0.4621 -0.8263
vn 0.4221 0.6223 -0.6592
vn 0.5762 0.8101 -0.1086
vn 0.5302 0.8358 0.1424
vn 0.3056 0.4576 -0.8350
vn 0.4021 0.6257 -0.6684
vn 0.5366 0.8368 -0.1088
vn 0.5030 0.8529 0.1398
vn -0.1300 -0.2551 -0.9582
vn -0.1248 -0.2752 -0.9532
vn -0.2440 -0.4553 -0.8562
vn -0.2257 -0.4839 -0.8455
vn -0.4013 -0.8016 -0.4432
vn -0.4895 -0.8423 -0.2259
vn -0.4346 -0.8733 -0.2200
vn -0.4481 -0.7707 -0.4531
vn 0.0371 0.4501 -0.8922
vn 0.0161 0.7742 -0.6327
vn -0.0072 0.9646 -0.2637
vn 0.1683 0.2177 -0.9614
vn 0.3847 0.6124 -0.6906
vn 0.5101 0.8529 -0.1113
vn 0.4888 0.8613 0.1388
vn 0.3836 0.6154 -0.6886
vn 0.4969 0.8604 -0.1135
vn -0.1290 -0.2995 -0.9453
vn -0.2235 -0.5067 -0.8326
vn -0.4090 -0.8875 -0.2124
vn -0.3786 -0.8187 -0.4318
vn -0.2674 -0.1067 -0.9577
vn -0.4330 -0.2632 -0.8621
vn -0.7834 -0.4308 -0.4480
vn -0.8079 -0.5474 -0.2183
vn -0.2906 -0.0841 -0.9532
vn -0.4654 -0.2205 -0.8572
vn -0.8178 -0.3720 -0.4391
vn -0.8517 -0.4772 -0.2163
vn 0.4772 0.3030 -0.8249
vn 0.4598 0.3214 -0.8279
vn 0.6428 0.3919 -0.6582
vn 0.8440 0.5254 -0.1078
vn 0.8703 0.4700 0.1473
vn 0.8723 0.4779 -0.1031
vn 0.6208 0.4163 -0.6644
vn 0.8438 0.5158 0.1481
vn 0.4724 0.0839 -0.8774
vn 0.7789 0.0459 -0.6255
vn 0.9633 0.0004 -0.2685
vn 0.5324 0.2006 -0.8224
vn 0.8730 0.2394 -0.4250
vn 0.9764 0.2007 0.0793
vn -0.3070 -0.0735 -0.9489
vn -0.4991 -0.1825 -0.8471
vn -0.8376 -0.3415 -0.4264
vn -0.8875 -0.4115 -0.2074
vn -0.9037 -0.3797 -0.1980
vn -0.5190 -0.1684 -0.8380
vn -0.8388 -0.3333 -0.4304
vn 0.4922 0.2919 -0.8201
vn 0.8910 0.4457 -0.0866
vn 0.6622 0.3739 -0.6494
vn 0.8864 0.4368 0.1530
vn 0.4671 0.4023 0.7874
vn 0.4388 0.4341 0.7868
vn 0.3022 0.2531 0.9190
vn 0.2818 0.2761 0.9189
vn 0.1204 0.0895 0.9887
vn 0.1080 0.1017 0.9889
vn 0.4101 0.4626 0.7860
vn 0.2622 0.2981 0.9178
vn 0.0969 0.1137 0.9888
vn -0.6597 -0.5353 0.5274
vn -0.6296 -0.5712 0.5267
vn -0.5152 -0.4277 0.7427
vn -0.4934 -0.4535 0.7422
vn -0.3320 -0.2878 0.8983
vn -0.3206 -0.3019 0.8978
vn -0.6901 -0.4957 0.5273
vn -0.5368 -0.3989 0.7435
vn -0.3442 -0.2723 0.8985
vn 0.4955 0.3691 0.7863
vn 0.5218 0.3356 0.7843
vn 0.3233 0.2292 0.9181
vn 0.3428 0.2051 0.9167
vn 0.1309 0.0752 0.9885
vn 0.1421 0.0618 0.9879
vn -0.5688 -0.6346 0.5232
vn -0.5986 -0.6045 0.5256
vn -0.4496 -0.4995 0.7405
vn -0.4711 -0.4779 0.7414
vn -0.2968 -0.3275 0.8970
vn -0.3086 -0.3157 0.8973
vn -0.4986 -0.6957 0.5171
vn -0.5374 -0.6631 0.5210
vn -0.3993 -0.5457 0.7368
vn -0.4275 -0.5212 0.7386
vn -0.2688 -0.3532 0.8961
vn -0.2849 -0.3393 0.8965
vn 0.3817 0.4916 0.7827
vn 0.2418 0.3196 0.9162
vn 0.0861 0.1263 0.9883
vn 0.3502 0.5205 0.7788
vn 0.2193 0.3415 0.9139
vn 0.0734 0.1390 0.9876
vn 0.3227 0.5464 0.7728
vn 0.2008 0.3633 0.9098
vn 0.0634 0.1528 0.9862
vn 0.3048 0.5651 0.7667
vn 0.1917 0.3847 0.9029
vn 0.0640 0.1764 0.9822
vn -0.3957 -0.7696 0.5011
vn -0.4456 -0.7353 0.5107
vn -0.3196 -0.6088 0.7261
vn -0.3595 -0.5797 0.7313
vn -0.2150 -0.3938 0.8937
vn -0.2440 -0.3756 0.8941
vn 0.1494 0.6860 0.7121
vn -0.0105 0.6222 0.7828
vn 0.0950 0.5005 0.8605
vn -0.0291 0.3103 0.9502
vn 0.0363 0.2916 0.9559
vn 0.0098 0.8616 0.5075
vn 0.2998 0.5826 0.7555
vn 0.1961 0.4130 0.8894
vn 0.0782 0.2144 0.9736
vn -0.3705 -0.7849 0.4966
vn -0.2973 -0.6205 0.7256
vn -0.1955 -0.3957 0.8973
vn -0.7256 -0.4438 0.5258
vn -0.5634 -0.3618 0.7427
vn -0.3584 -0.2521 0.8989
vn -0.7582 -0.3946 0.5190
vn -0.5914 -0.3287 0.7364
vn -0.3756 -0.2356 0.8963
vn 0.5474 0.3023 0.7803
vn 0.5707 0.2712 0.7751
vn 0.3613 0.1808 0.9148
vn 0.3813 0.1595 0.9106
vn 0.1527 0.0482 0.9871
vn 0.1653 0.0367 0.9856
vn 0.8605 -0.0240 0.5089
vn 0.6084 -0.0623 0.7912
vn 0.2737 -0.0917 0.9574
vn 0.6671 0.0955 0.7389
vn 0.4545 0.0336 0.8901
vn 0.2127 -0.0302 0.9766
vn -0.7750 -0.3706 0.5119
vn -0.6079 -0.3128 0.7298
vn -0.3890 -0.2281 0.8926
vn 0.5879 0.2499 0.7694
vn 0.3972 0.1460 0.9060
vn 0.1758 0.0299 0.9840
vn -0.8501 -0.4747 0.2280
vn 0.8748 -0.4746 -0.0974
vn 0.8754 -0.4735 -0.0976
vn -0.8468 -0.4804 0.2284
vn 0.2182 -0.9713 0.0945
vn 0.8469 -0.5248 -0.0858
vn -0.9620 0.2278 0.1508
vn -0.5467 0.8372 -0.0169
vn -0.1165 0.9884 -0.0979
vn -0.4943 -0.8430 0.2120
vn 0.2903 0.8439 -0.4511
vn 0.4934 0.4993 0.7122
vn -0.5394 -0.7156 -0.4439
vn 0.8078 0.5728 0.1390
vn 0.4840 0.6262 0.6112
vn -0.7311 -0.5138 -0.4489
vn 0.6326 0.7700 -0.0832
vn -0.2883 0.8812 -0.3748
vn -0.2619 -0.2966 -0.9184
vn -0.1127 0.6851 -0.7197
vn 0.4825 -0.5770 0.6590
vn 0.3753 0.0060 0.9269
vn -0.3590 -0.9073 0.2187
vn -0.4336 0.8939 -0.1138
vn -0.4466 -0.1479 0.8824
vn 0.8957 -0.1115 -0.4305
vn -0.1067 0.9051 -0.4115
vn 0.0353 -0.8976 0.4394
vn -0.2708 0.6746 0.6867
vn 0.3843 0.5485 -0.7426
vn 0.7441 0.5377 -0.3965
vn -0.2126 -0.5940 -0.7759
vn -0.5282 -0.8154 0.2369
vn 0.7778 -0.1070 0.6194
vn 0.8643 -0.4004 -0.3043
vn 0.9240 -0.0253 0.3814
vn 0.3834 0.0111 -0.9235
vn -0.8309 0.5564 0.0033
vn -0.0023 -0.3978 0.9175
vn 0.9822 -0.1074 -0.1540
vt 0.024689 0.243520
vt 0.022089 0.239058
vt 0.025522 0.239321
vt 0.314703 0.122046
vt 0.311195 0.134322
vt 0.312211 0.121843
vt 0.022742 0.234777
vt 0.019737 0.230086
vt 0.023202 0.230447
vt 0.283990 0.157528
vt 0.284306 0.169694
vt 0.281854 0.169389
vt 0.023520 0.221865
vt 0.026821 0.218292
vt 0.026929 0.222312
vt 0.315292 0.109576
vt 0.312797 0.109391
vt 0.288969 0.106791
vt 0.291465 0.093316
vt 0.291432 0.106946
vt 0.287341 0.132371
vt 0.288303 0.145365
vt 0.285846 0.145112
vt 0.026871 0.226510
vt 0.026627 0.230802
vt 0.020000 0.225696
vt 0.023454 0.226109
vt 0.281859 0.181146
vt 0.279411 0.180810
vt 0.303084 0.192695
vt 0.303380 0.181466
vt 0.305863 0.181770
vt 0.308286 0.170643
vt 0.307915 0.158824
vt 0.310404 0.159088
vt 0.278862 0.192968
vt 0.276428 0.192604
vt 0.274378 0.208392
vt 0.271970 0.208030
vt 0.296135 0.214900
vt 0.297378 0.203311
vt 0.299868 0.203670
vt 0.023419 0.217798
vt 0.026544 0.214407
vt 0.268065 0.229920
vt 0.265673 0.229614
vt 0.261491 0.255166
vt 0.259097 0.254903
vt 0.291918 0.226386
vt 0.293633 0.214502
vt 0.022674 0.209888
vt 0.025455 0.206698
vt 0.026093 0.210577
vt 0.315482 0.097096
vt 0.312983 0.096926
vt 0.315290 0.084214
vt 0.312777 0.084050
vt 0.287895 0.074326
vt 0.287783 0.046477
vt 0.290371 0.074377
vt 0.019274 0.234469
vt 0.314736 0.070523
vt 0.312203 0.070367
vt 0.313950 0.056491
vt 0.311473 0.056214
vt 0.285311 0.046453
vt 0.284298 0.013465
vt 0.019763 0.248642
vt 0.017682 0.243344
vt 0.021199 0.243427
vt 0.308712 0.134100
vt 0.309723 0.121641
vt 0.297229 0.158316
vt 0.302989 0.170064
vt 0.295109 0.170027
vt 0.286445 0.157806
vt 0.286763 0.169999
vt 0.284647 0.181492
vt 0.289775 0.192657
vt 0.281636 0.193332
vt 0.310306 0.109207
vt 0.310485 0.096757
vt 0.289798 0.132595
vt 0.293306 0.119952
vt 0.292258 0.132819
vt 0.290763 0.145618
vt 0.290842 0.119758
vt 0.293901 0.107101
vt 0.309738 0.146737
vt 0.305800 0.170360
vt 0.305430 0.158561
vt 0.303320 0.170078
vt 0.281299 0.193335
vt 0.287098 0.170013
vt 0.292679 0.181305
vt 0.300599 0.192365
vt 0.300901 0.181162
vt 0.298120 0.192033
vt 0.270449 0.230226
vt 0.285857 0.205805
vt 0.277129 0.208698
vt 0.294894 0.202949
vt 0.289491 0.225792
vt 0.291158 0.214102
vt 0.263885 0.255429
vt 0.309978 0.109170
vt 0.301579 0.120804
vt 0.302168 0.108165
vt 0.293941 0.093418
vt 0.292850 0.074428
vt 0.310265 0.083891
vt 0.309686 0.070212
vt 0.302276 0.095107
vt 0.309934 0.083775
vt 0.310157 0.096707
vt 0.290260 0.046502
vt 0.286774 0.013498
vt 0.308957 0.055929
vt 0.288382 0.119566
vt 0.310543 0.031937
vt 0.308278 0.032171
vt 0.306013 0.032408
vt 0.293638 0.119983
vt 0.294232 0.107137
vt 0.288903 0.158084
vt 0.292589 0.132846
vt 0.017559 0.255313
vt 0.015885 0.249477
vt 0.026171 0.235086
vt 0.293185 0.074545
vt 0.300021 0.058393
vt 0.301596 0.079204
vt 0.279479 0.243026
vt 0.265484 0.257419
vt 0.277661 0.241747
vt 0.264067 0.255504
vt 0.275842 0.240465
vt 0.300568 0.181152
vt 0.312228 0.146981
vt 0.309395 0.121610
vt 0.300550 0.133464
vt 0.307252 0.146493
vt 0.014994 0.262694
vt 0.012832 0.258269
vt 0.020889 0.256851
vt 0.022315 0.252340
vt 0.308633 0.055983
vt 0.309347 0.069961
vt 0.290608 0.046767
vt 0.297881 0.035055
vt 0.021876 0.205255
vt 0.024619 0.202678
vt 0.019980 0.217289
vt 0.023148 0.213865
vt 0.284311 0.181483
vt 0.290762 0.214278
vt 0.280639 0.222044
vt 0.020076 0.221404
vt 0.019711 0.213308
vt 0.299070 0.146054
vt 0.291095 0.145640
vt 0.288997 0.093215
vt 0.213771 0.100178
vt 0.179987 0.133906
vt 0.178735 0.133547
vt 0.294273 0.093467
vt 0.020681 0.199509
vt 0.023689 0.198737
vt 0.016751 0.196468
vt 0.019384 0.193377
vt 0.270824 0.230033
vt 0.275893 0.239930
vt 0.264399 0.254669
vt 0.286840 0.225071
vt 0.304852 0.008036
vt 0.307123 0.007129
vt 0.023629 0.247821
vt 0.302577 0.008960
vt 0.294541 0.203003
vt 0.313686 0.134545
vt 0.289236 0.158102
vt 0.297783 0.192035
vt 0.019216 0.209183
vt 0.276782 0.208758
vt 0.287118 0.225207
vt 0.305100 0.158543
vt 0.306923 0.146471
vt 0.308383 0.134073
vt 0.018615 0.238799
vt 0.018276 0.203814
vt 0.233452 0.034725
vt 0.139804 0.027773
vt 0.253043 0.028160
vt 0.074143 0.072757
vt 0.121012 0.102083
vt 0.121029 0.103435
vt 0.077648 0.072419
vt 0.121016 0.100698
vt 0.162952 0.114355
vt 0.153020 0.074361
vt 0.185471 0.076802
vt 0.174114 0.243925
vt 0.091218 0.199166
vt 0.095586 0.195535
vt 0.259236 0.065460
vt 0.214500 0.101031
vt 0.172487 0.240873
vt 0.165730 0.186345
vt 0.166838 0.186174
vt 0.148061 0.054394
vt 0.207968 0.039286
vt 0.212040 0.234727
vt 0.265870 0.158078
vt 0.207506 0.255525
vt 0.058556 0.111875
vt 0.112079 0.125365
vt 0.060605 0.113448
vt 0.202691 0.171037
vt 0.238820 0.151192
vt 0.222585 0.207136
vt 0.155649 0.140239
vt 0.111780 0.126486
vt 0.266799 0.043952
vt 0.272243 0.159825
vt 0.043794 0.095353
vt 0.086374 0.203191
vt 0.029162 0.077983
vt 0.187568 0.260340
vt 0.259485 0.065610
vt 0.258442 0.156026
vt 0.258390 0.067670
vt 0.191037 0.180371
vt 0.179934 0.134093
vt 0.192117 0.180018
vt 0.165208 0.124596
vt 0.110539 0.111008
vt 0.116269 0.106864
vt 0.137944 0.021584
vt 0.273561 0.021481
vt 0.178432 0.133568
vt 0.212156 0.093918
vt 0.213690 0.099974
vt 0.259768 0.156400
vt 0.212391 0.231413
vt 0.138263 0.308105
vt 0.132723 0.242487
vt 0.193802 0.279759
vt 0.162356 0.134239
vt 0.110423 0.111260
vt 0.166499 0.130437
vt 0.203403 0.084955
vt 0.197346 0.083349
vt 0.186321 0.184922
vt 0.190863 0.180503
vt 0.210294 0.087096
vt 0.273917 0.021750
vt 0.210090 0.086894
vt 0.167946 0.185998
vt 0.156690 0.139543
vt 0.157644 0.138678
vt 0.095875 0.195290
vt 0.060448 0.113651
vt 0.096982 0.194321
vt 0.051341 0.075041
vt 0.029370 0.077624
vt 0.173488 0.243156
vt 0.172243 0.241019
vt 0.173758 0.243017
vt 0.172309 0.131900
vt 0.181129 0.189790
vt 0.166739 0.130381
vt 0.057707 0.111370
vt 0.111386 0.118039
vt 0.112371 0.124033
vt 0.163711 0.118519
vt 0.202427 0.277348
vt 0.258151 0.067548
vt 0.215226 0.101887
vt 0.163236 0.117016
vt 0.163544 0.118264
vt 0.141317 0.033410
vt 0.230113 0.036326
vt 0.141123 0.035143
vt 0.077184 0.270834
vt 0.082723 0.336452
vt 0.074170 0.072491
vt 0.077686 0.072185
vt 0.163737 0.118215
vt 0.196210 0.082490
vt 0.197139 0.083269
vt 0.180852 0.189859
vt 0.174097 0.187879
vt 0.112380 0.124245
vt 0.156561 0.139401
vt 0.202032 0.277481
vt 0.071645 0.205215
vt 0.116057 0.273809
vt 0.166571 0.130210
vt 0.162944 0.115806
vt 0.140941 0.036912
vt 0.080691 0.071741
vt 0.227937 0.037456
vt 0.181144 0.134431
vt 0.193197 0.179660
vt 0.257492 0.069448
vt 0.212562 0.229384
vt 0.257127 0.155656
vt 0.062159 0.115015
vt 0.098078 0.193361
vt 0.155774 0.140375
vt 0.171129 0.239155
vt 0.259801 0.064701
vt 0.260130 0.156500
vt 0.211953 0.233790
vt 0.212126 0.231393
vt 0.212315 0.229366
vt 0.181195 0.134251
vt 0.157786 0.138416
vt 0.154950 0.141782
vt 0.126541 0.166895
vt 0.114870 0.139234
vt 0.112357 0.179433
vt 0.074828 0.136689
vt 0.120928 0.103603
vt 0.073456 0.072611
vt 0.125536 0.091918
vt 0.088155 0.069502
vt 0.163125 0.115763
vt 0.195279 0.081716
vt 0.218934 0.115065
vt 0.255054 0.095248
vt 0.182779 0.134902
vt 0.220157 0.145767
vt 0.168162 0.186035
vt 0.152416 0.181999
vt 0.149885 0.222176
vt 0.062308 0.114825
vt 0.141306 0.033056
vt 0.232704 0.035276
vt 0.230243 0.036578
vt 0.228047 0.037669
vt 0.054750 0.243297
vt 0.052061 0.238850
vt 0.055507 0.239061
vt 0.403768 0.121458
vt 0.400360 0.134172
vt 0.401194 0.121300
vt 0.052659 0.234541
vt 0.049584 0.229871
vt 0.053070 0.230186
vt 0.372731 0.158093
vt 0.373021 0.170446
vt 0.370536 0.170122
vt 0.053262 0.221545
vt 0.056528 0.217877
vt 0.056711 0.221938
vt 0.404079 0.108565
vt 0.401498 0.108442
vt 0.376972 0.106488
vt 0.378966 0.092745
vt 0.379475 0.106563
vt 0.375931 0.132515
vt 0.377057 0.145714
vt 0.374560 0.145477
vt 0.056716 0.226176
vt 0.056521 0.230503
vt 0.049782 0.225460
vt 0.053265 0.225820
vt 0.370428 0.182046
vt 0.367955 0.181674
vt 0.391944 0.194184
vt 0.392407 0.182627
vt 0.394960 0.182965
vt 0.397529 0.171527
vt 0.397154 0.159376
vt 0.399712 0.159641
vt 0.367188 0.193963
vt 0.364741 0.193544
vt 0.362266 0.209371
vt 0.359868 0.208931
vt 0.384185 0.216909
vt 0.385831 0.205004
vt 0.388384 0.205443
vt 0.053084 0.217447
vt 0.056164 0.213956
vt 0.355245 0.230649
vt 0.352827 0.230265
vt 0.348024 0.256008
vt 0.345322 0.256167
vt 0.379277 0.228246
vt 0.381629 0.216381
vt 0.052153 0.209502
vt 0.054852 0.206217
vt 0.055612 0.210100
vt 0.403894 0.095640
vt 0.401297 0.095557
vt 0.403127 0.082270
vt 0.400519 0.082242
vt 0.374554 0.073991
vt 0.373498 0.047329
vt 0.376975 0.073928
vt 0.049176 0.234277
vt 0.401701 0.068140
vt 0.399076 0.068202
vt 0.399318 0.053860
vt 0.396853 0.054184
vt 0.371037 0.047236
vt 0.372417 0.017162
vt 0.049868 0.248501
vt 0.047674 0.243215
vt 0.051229 0.243251
vt 0.397801 0.133976
vt 0.398627 0.121142
vt 0.386209 0.158876
vt 0.392087 0.170912
vt 0.384021 0.170841
vt 0.375222 0.158372
vt 0.375516 0.170770
vt 0.373253 0.182435
vt 0.378291 0.193887
vt 0.369986 0.194393
vt 0.398923 0.108322
vt 0.398707 0.095477
vt 0.378433 0.132705
vt 0.381761 0.119756
vt 0.380941 0.132896
vt 0.379562 0.145952
vt 0.379246 0.119618
vt 0.381991 0.106636
vt 0.398973 0.146951
vt 0.394974 0.171227
vt 0.394603 0.159111
vt 0.392427 0.170928
vt 0.369645 0.194388
vt 0.375856 0.170787
vt 0.381440 0.182343
vt 0.389391 0.193801
vt 0.389863 0.182288
vt 0.386849 0.193416
vt 0.357641 0.231034
vt 0.373969 0.207174
vt 0.365014 0.209770
vt 0.383291 0.204563
vt 0.376896 0.227552
vt 0.379108 0.215864
vt 0.350635 0.255231
vt 0.398584 0.108293
vt 0.390237 0.120451
vt 0.390501 0.107482
vt 0.381466 0.092738
vt 0.379397 0.073853
vt 0.397922 0.082216
vt 0.396490 0.068256
vt 0.390136 0.094115
vt 0.397576 0.082115
vt 0.398367 0.095437
vt 0.375964 0.047391
vt 0.373450 0.019819
vt 0.394444 0.054493
vt 0.376742 0.119482
vt 0.387265 0.033306
vt 0.385390 0.034526
vt 0.383498 0.035705
vt 0.382100 0.119780
vt 0.382330 0.106661
vt 0.377723 0.158653
vt 0.381280 0.132918
vt 0.047824 0.255130
vt 0.045997 0.249400
vt 0.056098 0.234807
vt 0.379728 0.073952
vt 0.385842 0.057705
vt 0.388666 0.078031
vt 0.048713 0.192910
vt 0.045201 0.187081
vt 0.049294 0.192434
vt 0.045954 0.186766
vt 0.049879 0.191960
vt 0.389521 0.182275
vt 0.401533 0.147184
vt 0.398289 0.121117
vt 0.389417 0.133435
vt 0.396419 0.146718
vt 0.045741 0.262590
vt 0.043283 0.258268
vt 0.051082 0.256504
vt 0.052468 0.252166
vt 0.394145 0.054578
vt 0.396132 0.068031
vt 0.376274 0.047620
vt 0.383485 0.036166
vt 0.051235 0.204890
vt 0.053875 0.202258
vt 0.049609 0.217005
vt 0.052726 0.213490
vt 0.372912 0.182421
vt 0.378700 0.216028
vt 0.368139 0.223375
vt 0.049784 0.221142
vt 0.049255 0.213010
vt 0.388037 0.146331
vt 0.379901 0.145973
vt 0.376480 0.092747
vt 0.028880 0.213574
vt 0.031519 0.218128
vt 0.028018 0.217863
vt 0.381802 0.092772
vt 0.049933 0.199258
vt 0.052817 0.198535
vt 0.046064 0.196122
vt 0.048719 0.193072
vt 0.358015 0.230856
vt 0.362756 0.241007
vt 0.351137 0.254549
vt 0.374289 0.226726
vt 0.372640 0.017106
vt 0.371152 0.013841
vt 0.053745 0.247638
vt 0.373599 0.019782
vt 0.382927 0.204609
vt 0.402929 0.134371
vt 0.378062 0.158671
vt 0.386503 0.193412
vt 0.366228 0.244199
vt 0.048668 0.208883
vt 0.364664 0.209819
vt 0.364461 0.242867
vt 0.374561 0.226874
vt 0.394264 0.159093
vt 0.396081 0.146698
vt 0.397463 0.133952
vt 0.048570 0.238637
vt 0.047624 0.203528
vt 0.359078 0.118585
vt 0.355802 0.130946
vt 0.356577 0.118426
vt 0.030870 0.222486
vt 0.033964 0.227212
vt 0.030447 0.226892
vt 0.329069 0.154813
vt 0.329695 0.166982
vt 0.327243 0.166732
vt 0.030291 0.235627
vt 0.027023 0.239366
vt 0.026799 0.235258
vt 0.359459 0.106073
vt 0.356951 0.105926
vt 0.332905 0.103738
vt 0.335102 0.090156
vt 0.335381 0.103840
vt 0.331828 0.129487
vt 0.333097 0.142514
vt 0.330628 0.142320
vt 0.026769 0.230964
vt 0.026953 0.226575
vt 0.033777 0.231656
vt 0.030262 0.231307
vt 0.327455 0.178489
vt 0.325001 0.178184
vt 0.349029 0.189678
vt 0.349039 0.178366
vt 0.351539 0.178612
vt 0.353712 0.167384
vt 0.353050 0.155546
vt 0.355545 0.155750
vt 0.324543 0.190491
vt 0.322090 0.190118
vt 0.319812 0.206754
vt 0.317380 0.206317
vt 0.343245 0.212847
vt 0.343726 0.200727
vt 0.346243 0.200988
vt 0.030509 0.239761
vt 0.027448 0.243313
vt 0.312311 0.230221
vt 0.309887 0.229749
vt 0.303300 0.257804
vt 0.300999 0.257178
vt 0.340166 0.224859
vt 0.340719 0.212586
vt 0.031540 0.247757
vt 0.028782 0.251138
vt 0.028031 0.247195
vt 0.359473 0.093527
vt 0.356952 0.093392
vt 0.359088 0.080516
vt 0.356546 0.080406
vt 0.331317 0.071330
vt 0.331364 0.044341
vt 0.333745 0.071361
vt 0.034389 0.222776
vt 0.358198 0.066675
vt 0.355621 0.066629
vt 0.356538 0.052499
vt 0.354080 0.052671
vt 0.328978 0.044265
vt 0.329357 0.012520
vt 0.033934 0.208412
vt 0.036015 0.213792
vt 0.032438 0.213689
vt 0.353310 0.130773
vt 0.354079 0.118268
vt 0.342345 0.155288
vt 0.348385 0.166929
vt 0.340497 0.167075
vt 0.331536 0.155031
vt 0.332157 0.167233
vt 0.330258 0.178797
vt 0.335582 0.189997
vt 0.327351 0.190857
vt 0.354445 0.105781
vt 0.354434 0.093261
vt 0.334302 0.129657
vt 0.337555 0.116875
vt 0.336779 0.129828
vt 0.335571 0.142709
vt 0.335075 0.116733
vt 0.337864 0.103942
vt 0.354602 0.143403
vt 0.351212 0.167160
vt 0.350557 0.155341
vt 0.348717 0.166935
vt 0.327010 0.190864
vt 0.332493 0.167240
vt 0.338300 0.178449
vt 0.346522 0.189420
vt 0.346542 0.178120
vt 0.344017 0.189160
vt 0.314742 0.230693
vt 0.331750 0.203782
vt 0.322608 0.207130
vt 0.341210 0.200463
vt 0.337637 0.224597
vt 0.335064 0.224519
vt 0.338196 0.212324
vt 0.305658 0.258244
vt 0.354116 0.105750
vt 0.345883 0.117576
vt 0.346225 0.104868
vt 0.337585 0.090210
vt 0.336174 0.071384
vt 0.354009 0.080301
vt 0.353077 0.066582
vt 0.346085 0.091749
vt 0.353674 0.080192
vt 0.354103 0.093215
vt 0.333734 0.044407
vt 0.332120 0.013122
vt 0.351671 0.052837
vt 0.332603 0.116592
vt 0.346165 0.030792
vt 0.344202 0.031672
vt 0.342235 0.032549
vt 0.337889 0.116899
vt 0.338197 0.103971
vt 0.334007 0.155250
vt 0.337112 0.129848
vt 0.036159 0.201741
vt 0.037864 0.207583
vt 0.027373 0.222195
vt 0.336503 0.071496
vt 0.343075 0.055508
vt 0.345103 0.075866
vt 0.035241 0.264990
vt 0.039248 0.271334
vt 0.034711 0.265485
vt 0.038525 0.271621
vt 0.034177 0.265982
vt 0.346208 0.178118
vt 0.357100 0.143593
vt 0.353749 0.118243
vt 0.345113 0.130301
vt 0.352108 0.143214
vt 0.038484 0.194165
vt 0.040834 0.198599
vt 0.032909 0.200305
vt 0.031403 0.204662
vt 0.351366 0.052903
vt 0.352733 0.066346
vt 0.334059 0.044668
vt 0.342176 0.033055
vt 0.032568 0.252473
vt 0.029728 0.255173
vt 0.034018 0.240173
vt 0.030914 0.243741
vt 0.329920 0.178793
vt 0.337810 0.212494
vt 0.326419 0.221434
vt 0.033805 0.236005
vt 0.034413 0.244189
vt 0.343905 0.142957
vt 0.335904 0.142724
vt 0.332627 0.090099
vt 0.337918 0.090253
vt 0.034039 0.258319
vt 0.030803 0.258977
vt 0.038054 0.261735
vt 0.035240 0.264840
vt 0.315133 0.230508
vt 0.320471 0.240947
vt 0.306189 0.257627
vt 0.334746 0.224407
vt 0.333999 0.011597
vt 0.335711 0.010095
vt 0.029999 0.209200
vt 0.332283 0.013090
vt 0.340855 0.200527
vt 0.358301 0.131119
vt 0.334342 0.155260
vt 0.343678 0.189170
vt 0.030296 0.259694
vt 0.030784 0.259079
vt 0.035064 0.248352
vt 0.322253 0.207193
vt 0.029818 0.260311
vt 0.350227 0.155330
vt 0.351779 0.143199
vt 0.352981 0.130753
vt 0.035041 0.218390
vt 0.036281 0.253886
vt 0.015110 0.188075
vt 0.015103 0.188116
vt 0.015078 0.188058
vt 0.015134 0.188141
vt 0.015116 0.188160
vt 0.015080 0.188107
vt 0.015057 0.188057
vt 0.015098 0.188144
vt 0.015139 0.188261
vt 0.015160 0.188250
vt 0.015167 0.188296
vt 0.015112 0.188216
vt 0.015127 0.188207
vt 0.015148 0.188197
vt 0.015101 0.188169
vt 0.015050 0.188110
vt 0.015078 0.188131
vt 0.015083 0.188169
vt 0.307201 0.007151
vt 0.307216 0.007250
vt 0.009048 0.268621
vt 0.009066 0.268598
vt 0.009086 0.268595
vt 0.009119 0.268578
vt 0.009107 0.268555
vt 0.009149 0.268522
vt 0.009087 0.268569
vt 0.009048 0.268593
vt 0.009068 0.268578
vt 0.009044 0.268612
vt 0.009074 0.268544
vt 0.009094 0.268544
vt 0.009171 0.268463
vt 0.009150 0.268448
vt 0.009185 0.268413
vt 0.009129 0.268507
vt 0.009113 0.268495
vt 0.264082 0.255356
vt 0.264163 0.255275
vt 0.263938 0.255564
vt 0.264023 0.255400
vt 0.264152 0.255194
vt 0.264254 0.255061
vt 0.264095 0.255260
vt 0.264014 0.255323
vt 0.263907 0.255524
vt 0.264023 0.255201
vt 0.264112 0.255170
vt 0.264340 0.254852
vt 0.264286 0.254815
vt 0.264218 0.255020
vt 0.264158 0.255000
vt 0.302521 0.009054
vt 0.302560 0.008903
vt 0.008015 0.270020
vt 0.008001 0.270044
vt 0.008003 0.269986
vt 0.008007 0.269930
vt 0.007994 0.269965
vt 0.007994 0.270014
vt 0.287083 0.014106
vt 0.287147 0.014075
vt 0.287177 0.014282
vt 0.286978 0.013894
vt 0.287041 0.013880
vt 0.007998 0.270112
vt 0.008015 0.270104
vt 0.008016 0.270188
vt 0.286951 0.013716
vt 0.286992 0.013694
vt 0.286868 0.013574
vt 0.286872 0.013682
vt 0.286793 0.013413
vt 0.286871 0.013508
vt 0.286936 0.013630
vt 0.178709 0.133590
vt 0.178656 0.133561
vt 0.178690 0.133639
vt 0.178638 0.133591
vt 0.178565 0.133577
vt 0.178628 0.133622
vt 0.178577 0.133595
vt 0.178620 0.133689
vt 0.178680 0.133691
vt 0.178680 0.133742
vt 0.178570 0.133619
vt 0.178621 0.133653
vt 0.178590 0.133611
vt 0.178529 0.133595
vt 0.178490 0.133578
vt 0.178487 0.133589
vt 0.178551 0.133629
vt 0.058466 0.111903
vt 0.058322 0.111766
vt 0.058416 0.111944
vt 0.058248 0.111808
vt 0.058275 0.111786
vt 0.058115 0.111679
vt 0.058405 0.112107
vt 0.058213 0.111814
vt 0.058394 0.112006
vt 0.058194 0.111820
vt 0.057983 0.111600
vt 0.058083 0.111665
vt 0.057878 0.111477
vt 0.057824 0.111468
vt 0.259477 0.065244
vt 0.259335 0.065446
vt 0.259429 0.065244
vt 0.259605 0.065052
vt 0.259582 0.065087
vt 0.259449 0.065511
vt 0.259559 0.065262
vt 0.259402 0.065463
vt 0.259539 0.065255
vt 0.259661 0.064975
vt 0.212030 0.233854
vt 0.212004 0.234074
vt 0.212042 0.234099
vt 0.212059 0.234304
vt 0.212054 0.234384
vt 0.212242 0.233792
vt 0.212103 0.234123
vt 0.212160 0.233858
vt 0.212124 0.234127
vt 0.212055 0.234324
vt 0.212076 0.234104
vt 0.232719 0.035177
vt 0.232919 0.035083
vt 0.232702 0.035110
vt 0.232919 0.035035
vt 0.233069 0.034934
vt 0.233151 0.034888
vt 0.232552 0.035025
vt 0.232913 0.034974
vt 0.232654 0.035061
vt 0.232910 0.034956
vt 0.233188 0.034854
vt 0.233101 0.034914
vt 0.157587 0.138507
vt 0.157553 0.138557
vt 0.157510 0.138530
vt 0.157673 0.138482
vt 0.157616 0.138527
vt 0.157638 0.138550
vt 0.157591 0.138592
vt 0.157709 0.138522
vt 0.157713 0.138482
vt 0.157747 0.138459
vt 0.157740 0.138450
vt 0.157622 0.138634
vt 0.157675 0.138605
vt 0.157658 0.138574
vt 0.157687 0.138521
vt 0.173844 0.243310
vt 0.173717 0.243114
vt 0.173904 0.243547
vt 0.173821 0.243348
vt 0.173597 0.243179
vt 0.173758 0.243412
vt 0.173666 0.243163
vt 0.173775 0.243398
vt 0.173952 0.243655
vt 0.163722 0.118294
vt 0.163694 0.118241
vt 0.163705 0.118385
vt 0.163691 0.118311
vt 0.163645 0.118259
vt 0.163670 0.118359
vt 0.163661 0.118320
vt 0.163652 0.118398
vt 0.163686 0.118421
vt 0.163691 0.118464
vt 0.163702 0.118461
vt 0.163594 0.118266
vt 0.163594 0.118327
vt 0.163629 0.118327
vt 0.073934 0.072656
vt 0.074063 0.072695
vt 0.073940 0.072688
vt 0.073735 0.072632
vt 0.073813 0.072620
vt 0.073935 0.072626
vt 0.074047 0.072627
vt 0.074076 0.072558
vt 0.073914 0.072563
vt 0.073923 0.072594
vt 0.073794 0.072619
vt 0.073706 0.072606
vt 0.202496 0.277413
vt 0.202328 0.277391
vt 0.202538 0.277504
vt 0.202373 0.277520
vt 0.202231 0.277427
vt 0.202381 0.277622
vt 0.202270 0.277569
vt 0.193827 0.279756
vt 0.193808 0.279787
vt 0.193803 0.279727
vt 0.193838 0.279731
vt 0.193841 0.279775
vt 0.193810 0.279804
vt 0.193846 0.279750
vt 0.202161 0.277580
vt 0.202006 0.277569
vt 0.202133 0.277455
vt 0.202034 0.277641
vt 0.202285 0.277630
vt 0.202200 0.277665
vt 0.273577 0.021385
vt 0.273661 0.021539
vt 0.273630 0.021301
vt 0.273740 0.021418
vt 0.273755 0.021600
vt 0.273813 0.021345
vt 0.273855 0.021464
vt 0.082718 0.336464
vt 0.082696 0.336434
vt 0.082752 0.336469
vt 0.082738 0.336480
vt 0.273733 0.021199
vt 0.273932 0.021298
vt 0.273891 0.021400
vt 0.273839 0.021669
vt 0.274021 0.021726
vt 0.273950 0.021553
vt 0.274117 0.021656
vt 0.274010 0.021433
vt 0.166680 0.130407
vt 0.166704 0.130329
vt 0.166622 0.130425
vt 0.166653 0.130357
vt 0.166665 0.130284
vt 0.166603 0.130342
vt 0.166627 0.130319
vt 0.166507 0.130375
vt 0.166562 0.130435
vt 0.166522 0.130318
vt 0.166564 0.130378
vt 0.166610 0.130374
vt 0.166621 0.130245
vt 0.166543 0.130263
vt 0.166591 0.130292
vt 0.166571 0.130332
vt 0.029089 0.077839
vt 0.029205 0.077888
vt 0.029013 0.077958
vt 0.029078 0.077997
vt 0.029253 0.077797
vt 0.029009 0.077786
vt 0.029118 0.077729
vt 0.071637 0.205191
vt 0.071672 0.205199
vt 0.029128 0.077441
vt 0.029078 0.077602
vt 0.028966 0.077531
vt 0.071654 0.205170
vt 0.071696 0.205187
vt 0.071636 0.205172
vt 0.029310 0.077711
vt 0.029313 0.077545
vt 0.029189 0.077638
vt 0.029236 0.077492
vt 0.029057 0.077705
vt 0.257271 0.069334
vt 0.257332 0.069406
vt 0.257257 0.069427
vt 0.257401 0.069343
vt 0.257360 0.069332
vt 0.257305 0.069475
vt 0.257236 0.069521
vt 0.257339 0.069455
vt 0.257386 0.069436
vt 0.257435 0.069370
vt 0.257405 0.069513
vt 0.257337 0.069495
vt 0.257367 0.069406
vt 0.257209 0.069617
vt 0.257253 0.069645
vt 0.258729 0.069562
vt 0.257283 0.069547
vt 0.257327 0.069577
vt 0.181234 0.134279
vt 0.181173 0.134295
vt 0.181268 0.134310
vt 0.181212 0.134319
vt 0.181158 0.134338
vt 0.181239 0.134339
vt 0.181198 0.134349
vt 0.181281 0.134405
vt 0.181298 0.134345
vt 0.179113 0.133738
vt 0.181237 0.134420
vt 0.181258 0.134366
vt 0.181221 0.134356
vt 0.181148 0.134383
vt 0.181192 0.134428
vt 0.181193 0.134383
vt 0.181227 0.134379
vt 0.212404 0.229337
vt 0.212389 0.229414
vt 0.212352 0.229281
vt 0.212417 0.229263
vt 0.212434 0.229356
vt 0.212430 0.229426
vt 0.212436 0.229299
vt 0.212462 0.229093
vt 0.212409 0.229093
vt 0.213646 0.229963
vt 0.212489 0.229189
vt 0.212436 0.229191
vt 0.212383 0.229189
vt 0.212466 0.229340
vt 0.212522 0.229283
vt 0.212473 0.229421
vt 0.212455 0.229264
vt 0.155688 0.140268
vt 0.155627 0.140281
vt 0.155720 0.140299
vt 0.155664 0.140306
vt 0.155610 0.140323
vt 0.155690 0.140327
vt 0.155649 0.140336
vt 0.155730 0.140394
vt 0.155749 0.140334
vt 0.155686 0.140407
vt 0.155709 0.140355
vt 0.155672 0.140343
vt 0.155599 0.140367
vt 0.155641 0.140413
vt 0.157417 0.138951
vt 0.155644 0.140369
vt 0.155677 0.140366
vt 0.062283 0.114912
vt 0.062229 0.114859
vt 0.062357 0.114900
vt 0.062336 0.114963
vt 0.062252 0.114926
vt 0.062197 0.114885
vt 0.062297 0.114959
vt 0.062451 0.115091
vt 0.062479 0.115049
vt 0.060770 0.115818
vt 0.062357 0.115061
vt 0.062384 0.115017
vt 0.062415 0.114974
vt 0.062248 0.114961
vt 0.062263 0.115037
vt 0.062178 0.114923
vt 0.062315 0.114993
vt 0.171335 0.239031
vt 0.171244 0.239018
vt 0.171264 0.238944
vt 0.171291 0.239094
vt 0.171219 0.239062
vt 0.171195 0.238960
vt 0.171196 0.238873
vt 0.171189 0.239006
vt 0.171168 0.239061
vt 0.171211 0.239142
vt 0.171093 0.239036
vt 0.171146 0.238986
vt 0.171130 0.238808
vt 0.171062 0.238842
vt 0.170446 0.239927
vt 0.171136 0.238905
vt 0.171074 0.238936
vt 0.227963 0.037632
vt 0.228042 0.037592
vt 0.227940 0.037706
vt 0.227890 0.037656
vt 0.227964 0.037582
vt 0.228027 0.037548
vt 0.227909 0.037613
vt 0.227713 0.037687
vt 0.227753 0.037752
vt 0.227981 0.036783
vt 0.227773 0.037613
vt 0.227810 0.037672
vt 0.227845 0.037732
vt 0.227862 0.037608
vt 0.227920 0.037555
vt 0.227843 0.037537
vt 0.163081 0.115783
vt 0.163098 0.115723
vt 0.163038 0.115797
vt 0.163059 0.115744
vt 0.163069 0.115689
vt 0.163028 0.115757
vt 0.163040 0.115717
vt 0.162950 0.115759
vt 0.162993 0.115804
vt 0.162961 0.115715
vt 0.162995 0.115760
vt 0.163022 0.115734
vt 0.163035 0.115659
vt 0.162977 0.115674
vt 0.163269 0.116962
vt 0.163014 0.115697
vt 0.163000 0.115727
vt 0.080655 0.071971
vt 0.080704 0.071877
vt 0.080729 0.071953
vt 0.080641 0.071854
vt 0.080636 0.071903
vt 0.080784 0.071926
vt 0.080702 0.071833
vt 0.080744 0.071855
vt 0.080716 0.071800
vt 0.080655 0.071807
vt 0.080763 0.071759
vt 0.080752 0.071811
vt 0.080731 0.071831
vt 0.080830 0.071893
vt 0.080840 0.071809
vt 0.079331 0.072103
vt 0.080784 0.071838
vt 0.080805 0.071781
vt 0.044439 0.187444
vt 0.044427 0.187470
vt 0.044425 0.187426
vt 0.044449 0.187496
vt 0.044429 0.187513
vt 0.044412 0.187456
vt 0.044415 0.187493
vt 0.044449 0.187620
vt 0.044471 0.187609
vt 0.044478 0.187656
vt 0.044421 0.187572
vt 0.044438 0.187562
vt 0.044461 0.187553
vt 0.044412 0.187520
vt 0.345273 0.256115
vt 0.345293 0.256014
vt 0.044403 0.187430
vt 0.044401 0.187475
vt 0.044391 0.187516
vt 0.040132 0.268910
vt 0.040131 0.268879
vt 0.040164 0.268858
vt 0.040098 0.268922
vt 0.040111 0.268888
vt 0.040147 0.268834
vt 0.040186 0.268794
vt 0.040127 0.268851
vt 0.370928 0.013962
vt 0.370866 0.013993
vt 0.370979 0.013886
vt 0.040111 0.268825
vt 0.040131 0.268823
vt 0.040107 0.268866
vt 0.040092 0.268911
vt 0.040204 0.268734
vt 0.040182 0.268721
vt 0.040215 0.268684
vt 0.040164 0.268782
vt 0.040148 0.268770
vt 0.350789 0.255313
vt 0.350815 0.255176
vt 0.350893 0.255105
vt 0.350669 0.255330
vt 0.350759 0.255211
vt 0.350886 0.255031
vt 0.350986 0.254911
vt 0.350831 0.255089
vt 0.350756 0.255142
vt 0.350651 0.255300
vt 0.350768 0.255032
vt 0.350851 0.255008
vt 0.351074 0.254720
vt 0.351025 0.254684
vt 0.350953 0.254872
vt 0.350899 0.254852
vt 0.373601 0.019906
vt 0.373541 0.019755
vt 0.373657 0.019981
vt 0.373641 0.020045
vt 0.373557 0.019864
vt 0.373602 0.019985
vt 0.373712 0.020366
vt 0.373760 0.020341
vt 0.373790 0.020500
vt 0.373627 0.020203
vt 0.373677 0.020192
vt 0.373710 0.020163
vt 0.373608 0.020059
vt 0.373542 0.019926
vt 0.373538 0.020025
vt 0.373513 0.019751
vt 0.039955 0.270994
vt 0.039969 0.270972
vt 0.039964 0.271010
vt 0.039949 0.270946
vt 0.039968 0.270931
vt 0.039983 0.270986
vt 0.039972 0.271017
vt 0.039980 0.270951
vt 0.039950 0.270824
vt 0.039928 0.270836
vt 0.039922 0.270789
vt 0.039980 0.270872
vt 0.039961 0.270882
vt 0.039939 0.270891
vt 0.039984 0.270926
vt 0.300953 0.257124
vt 0.300975 0.257029
vt 0.300986 0.257262
vt 0.300937 0.257183
vt 0.300925 0.257007
vt 0.300966 0.256858
vt 0.300914 0.257080
vt 0.030768 0.259057
vt 0.030791 0.259054
vt 0.030750 0.259030
vt 0.030777 0.259033
vt 0.030794 0.259029
vt 0.030773 0.259005
vt 0.030782 0.259014
vt 0.030746 0.258971
vt 0.030735 0.259001
vt 0.030723 0.258973
vt 0.030764 0.258972
vt 0.030755 0.258993
vt 0.030765 0.259014
vt 0.030770 0.258990
vt 0.030782 0.258996
vt 0.030782 0.258975
vt 0.030797 0.259004
vt 0.044356 0.187652
vt 0.044367 0.187678
vt 0.044343 0.187704
vt 0.044377 0.187630
vt 0.044383 0.187664
vt 0.044361 0.187722
vt 0.044327 0.187762
vt 0.044375 0.187702
vt 0.326867 0.012473
vt 0.326811 0.012519
vt 0.326874 0.012417
vt 0.326810 0.012617
vt 0.326758 0.012631
vt 0.326810 0.012457
vt 0.326876 0.012387
vt 0.326764 0.012556
vt 0.044310 0.187822
vt 0.044333 0.187836
vt 0.044297 0.187875
vt 0.044349 0.187773
vt 0.044366 0.187783
vt 0.044377 0.187729
vt 0.038494 0.271616
vt 0.038476 0.271592
vt 0.038538 0.271645
vt 0.038504 0.271633
vt 0.038453 0.271592
vt 0.038421 0.271554
vt 0.038469 0.271611
vt 0.305761 0.258202
vt 0.305652 0.258301
vt 0.305786 0.258102
vt 0.305869 0.258092
vt 0.305750 0.258265
vt 0.305835 0.258169
vt 0.038363 0.271513
vt 0.038346 0.271528
vt 0.038310 0.271481
vt 0.038405 0.271563
vt 0.038394 0.271579
vt 0.038443 0.271603
vt 0.332276 0.013224
vt 0.332218 0.013038
vt 0.332333 0.013311
vt 0.332311 0.013381
vt 0.332231 0.013174
vt 0.332272 0.013311
vt 0.332368 0.013755
vt 0.332424 0.013730
vt 0.332446 0.013915
vt 0.332284 0.013559
vt 0.332340 0.013552
vt 0.332380 0.013522
vt 0.332272 0.013395
vt 0.332212 0.013241
vt 0.332199 0.013352
vt 0.332179 0.013020
vt 0.030225 0.259599
vt 0.030243 0.259619
vt 0.030229 0.259688
vt 0.030262 0.259645
vt 0.030281 0.259671
vt 0.026894 0.226512
vt 0.026650 0.230804
vt 0.313863 0.134564
vt 0.312349 0.146997
vt 0.313807 0.134557
vt 0.312294 0.146988
vt 0.313751 0.134552
vt 0.026952 0.222315
vt 0.312404 0.147007
vt 0.310524 0.159107
vt 0.310469 0.159096
vt 0.019713 0.230084
vt 0.019250 0.234467
vt 0.019693 0.230082
vt 0.019230 0.234465
vt 0.019672 0.230080
vt 0.019186 0.234459
vt 0.019649 0.230078
vt 0.018591 0.238797
vt 0.018571 0.238795
vt 0.019209 0.234462
vt 0.018528 0.238788
vt 0.025545 0.239322
vt 0.314881 0.122056
vt 0.315414 0.109580
vt 0.315470 0.109577
vt 0.314825 0.122054
vt 0.315358 0.109580
vt 0.026194 0.235088
vt 0.314769 0.122051
vt 0.019977 0.225694
vt 0.020052 0.221401
vt 0.019956 0.225692
vt 0.020031 0.221399
vt 0.019935 0.225690
vt 0.020011 0.221398
vt 0.019987 0.221399
vt 0.019912 0.225690
vt 0.019956 0.217286
vt 0.019687 0.213304
vt 0.019936 0.217283
vt 0.019666 0.213302
vt 0.019915 0.217283
vt 0.019645 0.213302
vt 0.019622 0.213306
vt 0.019892 0.217285
vt 0.026843 0.218295
vt 0.310578 0.159122
vt 0.308405 0.170666
vt 0.308351 0.170653
vt 0.026567 0.214410
vt 0.308459 0.170686
vt 0.305982 0.181797
vt 0.305929 0.181781
vt 0.026116 0.210582
vt 0.306035 0.181821
vt 0.303203 0.192729
vt 0.303150 0.192708
vt 0.025479 0.206708
vt 0.303252 0.192758
vt 0.299982 0.203719
vt 0.299933 0.203687
vt 0.019192 0.209179
vt 0.018252 0.203804
vt 0.019171 0.209176
vt 0.018230 0.203797
vt 0.019151 0.209176
vt 0.018210 0.203795
vt 0.018187 0.203799
vt 0.019128 0.209181
vt 0.023707 0.198723
vt 0.019371 0.193325
vt 0.023721 0.198708
vt 0.019363 0.193278
vt 0.023733 0.198691
vt 0.279554 0.243042
vt 0.291986 0.226400
vt 0.019363 0.193242
vt 0.019374 0.193220
vt 0.024646 0.202701
vt 0.300026 0.203765
vt 0.296239 0.214982
vt 0.296197 0.214926
vt 0.296269 0.215063
vt 0.292049 0.226396
vt 0.016725 0.196445
vt 0.016702 0.196427
vt 0.016681 0.196418
vt 0.016658 0.196420
vt 0.017658 0.243343
vt 0.017637 0.243342
vt 0.018550 0.238792
vt 0.017594 0.243334
vt 0.015860 0.249483
vt 0.015837 0.249487
vt 0.017617 0.243339
vt 0.288929 0.093217
vt 0.023654 0.247815
vt 0.315660 0.097086
vt 0.315413 0.084195
vt 0.315468 0.084167
vt 0.315604 0.097095
vt 0.315357 0.084211
vt 0.024712 0.243521
vt 0.315548 0.097098
vt 0.014976 0.262746
vt 0.014963 0.262793
vt 0.307317 0.007396
vt 0.310617 0.031959
vt 0.020908 0.256866
vt 0.020921 0.256880
vt 0.310700 0.032035
vt 0.314017 0.056500
vt 0.012802 0.258289
vt 0.012776 0.258305
vt 0.015816 0.249486
vt 0.285244 0.046469
vt 0.287827 0.074332
vt 0.012752 0.258312
vt 0.281772 0.013598
vt 0.314910 0.070405
vt 0.314075 0.056510
vt 0.314131 0.056530
vt 0.314859 0.070470
vt 0.022343 0.252321
vt 0.314803 0.070512
vt 0.308634 0.134093
vt 0.307174 0.146486
vt 0.308548 0.134086
vt 0.307088 0.146480
vt 0.308462 0.134079
vt 0.307002 0.146475
vt 0.305352 0.158555
vt 0.305266 0.158550
vt 0.305179 0.158546
vt 0.293385 0.119958
vt 0.292337 0.132826
vt 0.293471 0.119966
vt 0.292423 0.132833
vt 0.293558 0.119975
vt 0.292509 0.132840
vt 0.293980 0.107107
vt 0.294066 0.107116
vt 0.294152 0.107127
vt 0.309646 0.121634
vt 0.310228 0.109200
vt 0.309560 0.121626
vt 0.310142 0.109191
vt 0.309474 0.121618
vt 0.310057 0.109180
vt 0.288982 0.158091
vt 0.290841 0.145625
vt 0.289068 0.158097
vt 0.290927 0.145631
vt 0.289155 0.158100
vt 0.291014 0.145636
vt 0.284390 0.181491
vt 0.286842 0.170006
vt 0.284477 0.181494
vt 0.286929 0.170010
vt 0.284565 0.181494
vt 0.287016 0.170012
vt 0.303242 0.170071
vt 0.303155 0.170067
vt 0.303068 0.170065
vt 0.300823 0.181155
vt 0.300736 0.181152
vt 0.300649 0.181151
vt 0.298041 0.192027
vt 0.297954 0.192026
vt 0.297865 0.192030
vt 0.294814 0.202946
vt 0.294723 0.202956
vt 0.294629 0.202977
vt 0.276861 0.208761
vt 0.281378 0.193342
vt 0.276950 0.208749
vt 0.281465 0.193343
vt 0.277042 0.208726
vt 0.281553 0.193339
vt 0.275806 0.240397
vt 0.287045 0.225185
vt 0.275810 0.240275
vt 0.286970 0.225153
vt 0.275843 0.240113
vt 0.286900 0.225114
vt 0.291074 0.214108
vt 0.290973 0.214144
vt 0.290866 0.214205
vt 0.270530 0.230218
vt 0.270625 0.230177
vt 0.270726 0.230111
vt 0.294020 0.093424
vt 0.294106 0.093436
vt 0.294192 0.093451
vt 0.292930 0.074439
vt 0.293017 0.074465
vt 0.293104 0.074502
vt 0.310407 0.096750
vt 0.310186 0.083878
vt 0.310321 0.096737
vt 0.310100 0.083852
vt 0.310235 0.096722
vt 0.310013 0.083816
vt 0.302537 0.009155
vt 0.010285 0.278143
vt 0.010269 0.278184
vt 0.297865 0.034862
vt 0.012612 0.286374
vt 0.010307 0.278125
vt 0.012584 0.286374
vt 0.012553 0.286375
vt 0.010258 0.278243
vt 0.308708 0.055958
vt 0.290340 0.046523
vt 0.290430 0.046581
vt 0.290522 0.046667
vt 0.309606 0.070189
vt 0.308877 0.055929
vt 0.309517 0.070133
vt 0.308792 0.055939
vt 0.309428 0.070053
vt 0.284295 0.013406
vt 0.286781 0.013438
vt 0.281832 0.013383
vt 0.008555 0.269228
vt 0.304845 0.007975
vt 0.013688 0.188034
vt 0.015049 0.188077
vt 0.015743 0.186649
vt 0.012326 0.187959
vt 0.013693 0.188002
vt 0.016433 0.185193
vt 0.015783 0.186654
vt 0.210263 0.087025
vt 0.210220 0.086967
vt 0.210162 0.086924
vt 0.110424 0.111187
vt 0.110482 0.111061
vt 0.110443 0.111120
vt 0.071620 0.205223
vt 0.137820 0.021199
vt 0.137902 0.021458
vt 0.077158 0.270830
vt 0.137858 0.021329
vt 0.180928 0.189870
vt 0.181000 0.189862
vt 0.181066 0.189835
vt 0.138280 0.308128
vt 0.082778 0.336474
vt 0.272382 0.159863
vt 0.138294 0.308139
vt 0.272524 0.159901
vt 0.132737 0.242463
vt 0.193803 0.279701
vt 0.132758 0.242432
vt 0.193802 0.279684
vt 0.086262 0.203283
vt 0.132749 0.242444
vt 0.071714 0.205181
vt 0.213742 0.100135
vt 0.213720 0.100086
vt 0.259628 0.065008
vt 0.213704 0.100033
vt 0.259704 0.064856
vt 0.212038 0.234546
vt 0.190905 0.180460
vt 0.190945 0.180424
vt 0.190989 0.180393
vt 0.259734 0.064842
vt 0.260035 0.156474
vt 0.259946 0.156449
vt 0.259859 0.156425
vt 0.212056 0.234572
vt 0.212063 0.234429
vt 0.112388 0.124195
vt 0.112388 0.124143
vt 0.112381 0.124090
vt 0.058065 0.111638
vt 0.057973 0.111563
vt 0.167998 0.185995
vt 0.168052 0.186002
vt 0.173942 0.243611
vt 0.168105 0.186016
vt 0.174032 0.243757
vt 0.174026 0.243789
vt 0.095662 0.195472
vt 0.095734 0.195411
vt 0.095803 0.195352
vt 0.233299 0.034818
vt 0.197287 0.083335
vt 0.197233 0.083319
vt 0.197183 0.083298
vt 0.120974 0.103568
vt 0.121006 0.103530
vt 0.121024 0.103485
vt 0.073596 0.072631
vt 0.073582 0.072606
vt 0.141327 0.033145
vt 0.141331 0.033233
vt 0.141326 0.033320
vt 0.233315 0.034788
vt 0.215294 0.102028
vt 0.215277 0.101976
vt 0.215255 0.101928
vt 0.216503 0.105251
vt 0.193243 0.179640
vt 0.193286 0.179611
vt 0.193328 0.179576
vt 0.196132 0.177484
vt 0.257041 0.155632
vt 0.256955 0.155608
vt 0.256868 0.155583
vt 0.252999 0.154501
vt 0.112420 0.130245
vt 0.111779 0.126637
vt 0.111772 0.126585
vt 0.111772 0.126534
vt 0.165574 0.186329
vt 0.165627 0.186342
vt 0.165679 0.186348
vt 0.162153 0.185447
vt 0.098146 0.193301
vt 0.098213 0.193241
vt 0.098281 0.193181
vt 0.101229 0.190183
vt 0.195236 0.081688
vt 0.195188 0.081666
vt 0.195135 0.081650
vt 0.192593 0.079756
vt 0.121021 0.100647
vt 0.121064 0.100562
vt 0.122011 0.095843
vt 0.121037 0.100602
vt 0.140931 0.037000
vt 0.140923 0.037088
vt 0.140922 0.037173
vt 0.144229 0.042783
vt 0.179974 0.133953
vt 0.179961 0.134000
vt 0.179947 0.134046
vt 0.212312 0.231407
vt 0.212204 0.231399
vt 0.212094 0.233874
vt 0.212257 0.231403
vt 0.060559 0.113508
vt 0.060527 0.113549
vt 0.060495 0.113590
vt 0.172415 0.240917
vt 0.171255 0.239124
vt 0.172315 0.240976
vt 0.172365 0.240946
vt 0.163283 0.117005
vt 0.163329 0.116993
vt 0.163375 0.116982
vt 0.163422 0.116970
vt 0.230151 0.036400
vt 0.227999 0.037509
vt 0.230204 0.036502
vt 0.230177 0.036450
vt 0.258221 0.067584
vt 0.258318 0.067634
vt 0.258269 0.067609
vt 0.156657 0.139507
vt 0.156625 0.139472
vt 0.156593 0.139437
vt 0.077726 0.072295
vt 0.077699 0.072349
vt 0.077723 0.072245
vt 0.056739 0.226178
vt 0.056544 0.230505
vt 0.056758 0.226180
vt 0.056563 0.230506
vt 0.056778 0.226181
vt 0.056582 0.230508
vt 0.401600 0.147191
vt 0.402996 0.134377
vt 0.056735 0.221940
vt 0.056754 0.221942
vt 0.056773 0.221942
vt 0.399779 0.159650
vt 0.049560 0.229869
vt 0.049152 0.234275
vt 0.049539 0.229867
vt 0.049132 0.234273
vt 0.049519 0.229866
vt 0.375862 0.132510
vt 0.048546 0.238636
vt 0.048525 0.238634
vt 0.049111 0.234271
vt 0.376673 0.119478
vt 0.055530 0.239063
vt 0.056121 0.234809
vt 0.055550 0.239064
vt 0.056140 0.234811
vt 0.055569 0.239067
vt 0.056182 0.234816
vt 0.055591 0.239071
vt 0.056160 0.234813
vt 0.056605 0.230510
vt 0.049758 0.225457
vt 0.049760 0.221140
vt 0.049738 0.225455
vt 0.049739 0.221138
vt 0.049717 0.225454
vt 0.049718 0.221137
vt 0.374491 0.145469
vt 0.372662 0.158083
vt 0.049585 0.217002
vt 0.049231 0.213006
vt 0.049564 0.217000
vt 0.049210 0.213004
vt 0.049544 0.217000
vt 0.049190 0.213005
vt 0.370468 0.170111
vt 0.367887 0.181660
vt 0.056551 0.217880
vt 0.056571 0.217881
vt 0.056590 0.217881
vt 0.397596 0.171537
vt 0.056188 0.213959
vt 0.056207 0.213960
vt 0.056227 0.213959
vt 0.395027 0.182977
vt 0.055636 0.210104
vt 0.055656 0.210106
vt 0.055675 0.210104
vt 0.392011 0.194198
vt 0.054877 0.206226
vt 0.054898 0.206233
vt 0.054918 0.206234
vt 0.388450 0.205463
vt 0.048644 0.208879
vt 0.047600 0.203518
vt 0.048623 0.208877
vt 0.047578 0.203511
vt 0.048602 0.208877
vt 0.047557 0.203509
vt 0.364675 0.193528
vt 0.359803 0.208911
vt 0.052835 0.198522
vt 0.048707 0.193018
vt 0.052849 0.198508
vt 0.048700 0.192970
vt 0.052864 0.198493
vt 0.366302 0.244218
vt 0.379345 0.228264
vt 0.048701 0.192933
vt 0.053903 0.202280
vt 0.053927 0.202297
vt 0.053948 0.202305
vt 0.384247 0.216938
vt 0.046037 0.196099
vt 0.046014 0.196081
vt 0.045992 0.196071
vt 0.352764 0.230238
vt 0.047650 0.243214
vt 0.047629 0.243213
vt 0.048505 0.238631
vt 0.376903 0.106488
vt 0.045971 0.249407
vt 0.045949 0.249411
vt 0.047609 0.243210
vt 0.376412 0.092750
vt 0.053770 0.247632
vt 0.054773 0.243297
vt 0.053791 0.247628
vt 0.054793 0.243298
vt 0.053811 0.247628
vt 0.403195 0.082264
vt 0.054812 0.243300
vt 0.054834 0.243305
vt 0.045726 0.262643
vt 0.045716 0.262691
vt 0.045714 0.262728
vt 0.371296 0.013896
vt 0.051100 0.256517
vt 0.051114 0.256531
vt 0.051129 0.256544
vt 0.387340 0.033291
vt 0.043253 0.258290
vt 0.043228 0.258307
vt 0.045928 0.249412
vt 0.370971 0.047250
vt 0.374487 0.074000
vt 0.043204 0.258315
vt 0.370853 0.014099
vt 0.052496 0.252147
vt 0.052520 0.252132
vt 0.399386 0.053852
vt 0.052542 0.252125
vt 0.401768 0.068123
vt 0.397721 0.133970
vt 0.396339 0.146712
vt 0.397633 0.133964
vt 0.396251 0.146706
vt 0.397544 0.133958
vt 0.396162 0.146701
vt 0.394523 0.159104
vt 0.394435 0.159099
vt 0.394346 0.159096
vt 0.381842 0.119761
vt 0.381022 0.132902
vt 0.381929 0.119767
vt 0.381109 0.132908
vt 0.382018 0.119774
vt 0.381198 0.132913
vt 0.382071 0.106640
vt 0.382159 0.106646
vt 0.382248 0.106653
vt 0.398547 0.121137
vt 0.398842 0.108317
vt 0.398458 0.121130
vt 0.398754 0.108310
vt 0.398370 0.121123
vt 0.398665 0.108302
vt 0.377803 0.158660
vt 0.379642 0.145959
vt 0.377891 0.158665
vt 0.379730 0.145964
vt 0.377980 0.158669
vt 0.379819 0.145969
vt 0.372993 0.182430
vt 0.375597 0.170778
vt 0.373081 0.182435
vt 0.375685 0.170783
vt 0.373170 0.182436
vt 0.375774 0.170786
vt 0.392347 0.170921
vt 0.392259 0.170916
vt 0.392169 0.170913
vt 0.389783 0.182281
vt 0.389694 0.182276
vt 0.389604 0.182275
vt 0.386768 0.193408
vt 0.386678 0.193406
vt 0.386586 0.193408
vt 0.383209 0.204558
vt 0.383115 0.204566
vt 0.383018 0.204585
vt 0.364743 0.209824
vt 0.369724 0.194398
vt 0.364833 0.209815
vt 0.369813 0.194400
vt 0.364926 0.209796
vt 0.369902 0.194398
vt 0.362652 0.241456
vt 0.374489 0.226849
vt 0.362660 0.241339
vt 0.374416 0.226814
vt 0.362700 0.241183
vt 0.374347 0.226772
vt 0.362683 0.241524
vt 0.379023 0.215866
vt 0.378920 0.215900
vt 0.378808 0.215957
vt 0.357720 0.231028
vt 0.357815 0.230991
vt 0.357917 0.230929
vt 0.381546 0.092740
vt 0.381633 0.092748
vt 0.381721 0.092760
vt 0.379474 0.073860
vt 0.379560 0.073882
vt 0.379647 0.073914
vt 0.398627 0.095472
vt 0.397841 0.082208
vt 0.398538 0.095462
vt 0.397750 0.082185
vt 0.398448 0.095450
vt 0.397660 0.082153
vt 0.383460 0.035761
vt 0.383450 0.035865
vt 0.383461 0.036006
vt 0.394369 0.054506
vt 0.394290 0.054525
vt 0.394214 0.054550
vt 0.376035 0.047409
vt 0.376115 0.047459
vt 0.376197 0.047534
vt 0.396408 0.068239
vt 0.396315 0.068190
vt 0.396220 0.068117
vt 0.372484 0.017127
vt 0.373487 0.019765
vt 0.371023 0.013878
vt 0.372561 0.017116
vt 0.345322 0.256231
vt 0.348037 0.256107
vt 0.345332 0.256263
vt 0.045187 0.187066
vt 0.348029 0.256075
vt 0.045945 0.186749
vt 0.026745 0.230961
vt 0.026930 0.226573
vt 0.026726 0.230960
vt 0.026910 0.226571
vt 0.026706 0.230959
vt 0.026891 0.226570
vt 0.357165 0.143599
vt 0.358367 0.131124
vt 0.026775 0.235255
vt 0.026756 0.235254
vt 0.026736 0.235254
vt 0.355611 0.155757
vt 0.033988 0.227214
vt 0.332414 0.116586
vt 0.331700 0.129477
vt 0.331639 0.129471
vt 0.332475 0.116587
vt 0.331760 0.129482
vt 0.034413 0.222778
vt 0.332716 0.103744
vt 0.332777 0.103739
vt 0.332534 0.116588
vt 0.027994 0.217861
vt 0.027350 0.222193
vt 0.027975 0.217859
vt 0.027331 0.222191
vt 0.027955 0.217856
vt 0.359525 0.106076
vt 0.027311 0.222189
vt 0.359144 0.118588
vt 0.033801 0.231658
vt 0.033829 0.236008
vt 0.328883 0.154779
vt 0.330500 0.142305
vt 0.328943 0.154794
vt 0.330560 0.142313
vt 0.329002 0.154805
vt 0.330440 0.142295
vt 0.034042 0.240176
vt 0.034438 0.244192
vt 0.034063 0.240177
vt 0.034459 0.244193
vt 0.324877 0.178154
vt 0.327175 0.166722
vt 0.324934 0.178172
vt 0.327058 0.166691
vt 0.327117 0.166708
vt 0.027000 0.239364
vt 0.026980 0.239362
vt 0.026961 0.239363
vt 0.353777 0.167391
vt 0.027424 0.243310
vt 0.027405 0.243309
vt 0.027385 0.243310
vt 0.026938 0.239367
vt 0.028007 0.247192
vt 0.027988 0.247190
vt 0.027968 0.247191
vt 0.027363 0.243314
vt 0.028757 0.251130
vt 0.028737 0.251123
vt 0.028717 0.251122
vt 0.027946 0.247196
vt 0.035088 0.248357
vt 0.036306 0.253896
vt 0.035110 0.248359
vt 0.036328 0.253904
vt 0.317263 0.206259
vt 0.322024 0.190103
vt 0.317315 0.206296
vt 0.321968 0.190079
vt 0.035249 0.264889
vt 0.035254 0.264933
vt 0.035253 0.264967
vt 0.029701 0.255155
vt 0.029679 0.255140
vt 0.029659 0.255133
vt 0.029638 0.255137
vt 0.028696 0.251128
vt 0.038081 0.261759
vt 0.038105 0.261778
vt 0.309824 0.229719
vt 0.309780 0.229659
vt 0.035065 0.218392
vt 0.332440 0.090122
vt 0.332499 0.090109
vt 0.332837 0.103737
vt 0.036040 0.213793
vt 0.331138 0.071394
vt 0.331193 0.071359
vt 0.332559 0.090101
vt 0.029974 0.209206
vt 0.028857 0.213573
vt 0.029952 0.209209
vt 0.028837 0.213572
vt 0.029932 0.209209
vt 0.359155 0.080512
vt 0.028818 0.213568
vt 0.359539 0.093529
vt 0.038500 0.194111
vt 0.038511 0.194062
vt 0.038513 0.194024
vt 0.038503 0.193999
vt 0.032892 0.200291
vt 0.032877 0.200278
vt 0.032863 0.200263
vt 0.346241 0.030790
vt 0.037890 0.207576
vt 0.328808 0.044399
vt 0.328859 0.044326
vt 0.331251 0.071337
vt 0.328913 0.044280
vt 0.040865 0.198578
vt 0.326717 0.012951
vt 0.326762 0.012788
vt 0.031374 0.204680
vt 0.031349 0.204695
vt 0.356606 0.052496
vt 0.031327 0.204701
vt 0.358265 0.066661
vt 0.353232 0.130768
vt 0.352030 0.143209
vt 0.353146 0.130762
vt 0.351944 0.143205
vt 0.353059 0.130757
vt 0.351858 0.143201
vt 0.350479 0.155336
vt 0.350393 0.155333
vt 0.350306 0.155331
vt 0.337634 0.116880
vt 0.336858 0.129833
vt 0.337721 0.116886
vt 0.336944 0.129838
vt 0.337808 0.116893
vt 0.337031 0.129843
vt 0.337943 0.103947
vt 0.338029 0.103954
vt 0.338117 0.103962
vt 0.354000 0.118263
vt 0.354367 0.105775
vt 0.353914 0.118256
vt 0.354281 0.105768
vt 0.353828 0.118249
vt 0.354194 0.105759
vt 0.334086 0.155255
vt 0.335650 0.142715
vt 0.334173 0.155258
vt 0.335736 0.142719
vt 0.334261 0.155260
vt 0.335823 0.142722
vt 0.330000 0.178799
vt 0.332236 0.167239
vt 0.330087 0.178801
vt 0.332323 0.167241
vt 0.330176 0.178800
vt 0.332411 0.167241
vt 0.348638 0.166930
vt 0.348552 0.166928
vt 0.348464 0.166928
vt 0.346463 0.178115
vt 0.346376 0.178114
vt 0.346288 0.178115
vt 0.343937 0.189155
vt 0.343849 0.189157
vt 0.343760 0.189162
vt 0.341128 0.200463
vt 0.341036 0.200476
vt 0.340942 0.200499
vt 0.322334 0.207197
vt 0.327089 0.190872
vt 0.322425 0.207185
vt 0.327178 0.190872
vt 0.322519 0.207161
vt 0.327267 0.190866
vt 0.029805 0.260333
vt 0.034118 0.265982
vt 0.029790 0.260357
vt 0.034072 0.265963
vt 0.029773 0.260381
vt 0.034022 0.265936
vt 0.029757 0.260400
vt 0.034153 0.265989
vt 0.338112 0.212331
vt 0.338012 0.212367
vt 0.337908 0.212425
vt 0.334984 0.224505
vt 0.334899 0.224480
vt 0.334816 0.224446
vt 0.314825 0.230689
vt 0.305928 0.257931
vt 0.314924 0.230651
vt 0.306067 0.257764
vt 0.315029 0.230587
vt 0.337665 0.090215
vt 0.337751 0.090225
vt 0.337837 0.090238
vt 0.336252 0.071394
vt 0.336338 0.071419
vt 0.336423 0.071455
vt 0.354355 0.093254
vt 0.353929 0.080290
vt 0.354269 0.093244
vt 0.353842 0.080266
vt 0.354182 0.093230
vt 0.353754 0.080231
vt 0.342188 0.032607
vt 0.342167 0.032720
vt 0.342165 0.032877
vt 0.351595 0.052845
vt 0.351515 0.052859
vt 0.351436 0.052879
vt 0.333811 0.044429
vt 0.333895 0.044487
vt 0.333980 0.044571
vt 0.352996 0.066562
vt 0.352907 0.066510
vt 0.352816 0.066434
vt 0.329360 0.012454
vt 0.332152 0.013051
vt 0.043028 0.186601
vt 0.043692 0.187139
vt 0.043014 0.186616
vt 0.043708 0.187126
vt 0.300992 0.257233
vt 0.039261 0.271350
vt 0.303281 0.257861
vt 0.038534 0.271637
vt 0.212063 0.234248
vt 0.212052 0.234458
vt 0.233217 0.034852
vt 0.173978 0.243677
vt 0.259665 0.064942
vt 0.337405 0.224761
vt 0.281825 0.013443
vt 0.266894 0.259343
vt 0.307108 0.007072
vt 0.263987 0.255550
vt 0.157671 0.138503
vt 0.173916 0.243567
vt 0.163686 0.118373
vt 0.163663 0.118379
vt 0.071617 0.205188
vt 0.044413 0.187421
vt 0.040111 0.268922
vt 0.350705 0.255346
vt 0.044369 0.187636
vt 0.292111 0.226388
vt 0.305947 0.032452
vt 0.012522 0.286377
vt 0.012325 0.187926
vt 0.016469 0.185207
vt 0.403963 0.095639
vt 0.371067 0.013870
s 1
usemtl Holocron_Corners.001
f 1236/1/1 1/2/2 200/3/3
f 1187/4/4 20/5/5 105/6/6
f 88/7/2 225/8/7 3/9/2
f 214/10/8 113/11/9 1197/12/10
f 4/13/2 1201/14/11 204/15/12
f 199/16/13 105/6/6 16/17/14
f 210/18/15 101/19/16 14/20/17
f 224/21/18 108/22/19 1192/23/20
f 3/9/2 1176/24/21 220/25/22
f 1191/26/23 4/13/2 87/27/2
f 1197/12/10 22/28/24 229/29/25
f 1207/30/26 19/31/27 235/32/28
f 1202/33/29 26/34/30 205/35/31
f 229/29/25 107/36/32 1212/37/33
f 1212/37/33 23/38/34 239/39/35
f 1222/40/36 18/41/37 245/42/38
f 89/43/39 234/44/40 1201/14/11
f 239/39/35 114/45/41 1227/46/42
f 1227/46/42 1339/47/43 251/48/44
f 267/49/45 112/50/46 1222/40/36
f 90/51/39 244/52/47 1206/53/48
f 1237/54/49 16/17/14 103/55/50
f 272/56/51 103/55/50 17/57/52
f 278/58/53 109/59/54 13/60/55
f 1/2/2 1181/61/56 88/7/2
f 1252/62/57 17/57/52 111/63/58
f 283/64/59 111/63/58 21/65/60
f 1247/66/61 1336/67/62 109/59/54
f 6/68/2 1231/69/63 92/70/2
f 105/6/6 326/71/64 1266/72/65
f 10/73/66 1282/74/67 96/75/66
f 24/76/68 1276/77/69 113/11/9
f 335/78/70 97/79/71 1292/80/72
f 103/55/50 306/81/73 1316/82/74
f 15/83/75 1261/84/76 331/85/77
f 15/83/75 1271/86/78 108/22/19
f 102/87/79 315/88/80 1261/84/76
f 115/89/81 326/71/64 20/5/5
f 116/90/82 310/91/83 26/34/30
f 19/31/27 1281/92/84 116/90/82
f 22/28/24 1291/93/85 107/36/32
f 1277/94/86 8/95/71 335/78/70
f 104/96/87 340/97/88 19/31/27
f 18/41/37 1286/98/89 104/96/87
f 23/38/34 1306/99/90 114/45/41
f 1292/80/72 11/100/71 345/101/91
f 112/50/46 350/102/92 18/41/37
f 25/103/93 1301/104/94 112/50/46
f 114/45/41 356/105/95 1339/47/43
f 305/106/96 95/107/66 7/108/66
f 14/20/17 1311/109/97 315/88/80
f 101/19/16 382/110/98 1311/109/97
f 111/63/58 378/111/99 1331/112/100
f 99/113/66 377/114/101 1317/115/102
f 13/60/55 1326/116/103 382/110/98
f 109/59/54 394/117/104 1326/116/103
f 21/65/60 1331/112/100 387/118/105
f 1182/119/106 14/20/17 102/87/79
f 1242/120/107 21/65/60 106/121/108
f 106/121/108 387/118/105 1321/122/109
f 7/108/66 1262/123/110 316/124/111
f 225/8/7 87/27/2 3/9/2
f 1192/23/20 24/76/68 214/10/8
f 108/22/19 321/125/112 24/76/68
f 95/107/66 330/126/113 1262/123/110
f 93/127/2 277/128/114 6/68/2
f 200/3/3 88/7/2 1186/129/115
f 16/17/14 1266/72/65 306/81/73
f 383/130/116 100/131/66 12/132/66
f 235/32/28 116/90/82 1202/33/29
f 1217/133/117 1340/134/118 110/135/119
f 110/135/119 355/136/120 1296/137/121
f 96/75/66 341/138/122 8/95/71
f 205/35/31 115/89/81 1177/139/123
f 224/21/18 102/87/79 15/83/75
f 1267/140/124 9/141/66 95/107/66
f 26/34/30 1256/142/125 115/89/81
f 1241/143/126 1246/144/127 93/127/2
f 282/145/128 93/127/2 1251/146/129
f 100/131/66 388/147/130 1332/148/131
f 1327/149/132 1322/150/133 100/131/66
f 5/151/39 1221/152/134 244/52/47
f 1196/153/135 2/154/2 89/43/39
f 113/11/9 336/155/136 22/28/24
f 11/100/71 1302/156/137 98/157/138
f 215/158/139 89/43/39 4/13/2
f 230/159/140 90/51/39 2/154/2
f 94/160/66 330/126/113 9/141/66
f 10/73/66 1272/161/141 94/160/66
f 1232/162/142 13/60/55 101/19/16
f 7/108/66 1317/115/102 305/106/96
f 1369/163/143 1459/164/144 409/165/145
f 1312/166/146 12/132/66 99/113/66
f 91/167/147 268/168/148 1221/152/134
f 1226/169/149 1216/170/150 91/167/147
f 1307/171/151 1297/172/152 357/173/153
f 98/157/138 372/174/154 1297/172/152
f 1242/120/107 1337/175/155 287/176/156
f 273/177/157 92/70/2 1236/1/1
f 17/57/52 1316/82/74 378/111/99
f 106/121/108 392/178/158 1337/175/155
f 245/42/38 104/96/87 1207/30/26
f 1251/146/129 6/68/2 273/177/157
f 12/132/66 1332/148/131 377/114/101
f 97/79/71 351/179/159 11/100/71
f 2/154/2 1206/53/48 234/44/40
f 1177/139/123 20/5/5 219/180/160
f 320/181/161 96/75/66 1277/94/86
f 8/95/71 1287/182/162 97/79/71
f 1217/133/117 25/103/93 267/49/45
f 1211/183/163 5/151/39 90/51/39
f 107/36/32 346/184/164 23/38/34
f 110/135/119 373/185/165 25/103/93
f 1186/129/115 3/9/2 220/25/22
f 87/27/2 204/15/12 1176/24/21
f 311/186/166 94/160/66 1257/187/167
f 1257/187/167 9/141/66 325/188/168
f 92/70/2 209/189/169 1/2/2
f 240/190/170 91/167/147 5/151/39
f 345/101/91 98/157/138 1307/171/151
f 316/124/111 99/113/66 7/108/66
f 455/191/171 129/192/172 34/193/173
f 502/194/174 135/195/175 1405/196/176
f 1495/197/177 1449/198/178 135/195/175
f 708/199/179 130/200/180 1445/201/181
f 478/202/182 126/203/183 1394/204/184
f 434/205/185 136/206/186 1369/163/143
f 1472/207/187 1435/208/188 137/209/189
f 1445/201/181 1455/210/190 689/211/191
f 445/212/192 123/213/193 29/214/194
f 424/215/195 134/216/196 1468/217/197
f 1420/218/198 1425/219/199 621/220/200
f 134/216/196 636/221/201 1430/222/202
f 27/223/203 1362/224/204 123/213/193
f 31/225/205 1366/226/206 567/227/207
f 32/228/208 1366/226/206 126/203/183
f 436/229/209 133/230/210 1486/231/211
f 1375/232/212 1460/233/213 119/234/214
f 33/235/215 1348/236/216 128/237/217
f 34/193/173 1353/238/218 530/239/219
f 411/240/220 121/241/221 1370/242/222
f 1380/243/223 1464/244/224 133/230/210
f 1361/245/225 1365/246/226 513/247/227
f 30/248/228 1347/249/229 549/250/230
f 455/191/171 127/251/231 1399/252/232
f 445/212/192 122/253/233 1374/254/234
f 27/223/203 1342/255/235 532/256/236
f 34/193/173 1343/257/237 127/251/231
f 1389/258/238 1489/259/239 464/260/240
f 1395/261/241 1469/262/242 118/263/243
f 35/264/244 1353/238/218 129/192/172
f 35/264/244 1348/236/216 569/265/245
f 479/266/246 118/263/243 1473/267/247
f 477/268/248 137/209/189 1389/258/238
f 28/269/249 1357/270/250 548/271/251
f 29/214/194 1357/270/250 122/253/233
f 426/272/252 124/273/253 1385/274/254
f 488/275/255 127/251/231 33/235/215
f 29/214/194 1362/224/204 512/276/256
f 1485/277/257 1415/278/258 136/206/186
f 1405/196/176 1476/279/259 489/280/260
f 1410/281/261 1481/282/262 138/283/263
f 1352/284/264 1361/245/225 531/285/265
f 28/269/249 1342/255/235 121/241/221
f 504/286/266 138/283/263 1494/287/267
f 487/288/268 117/289/269 1400/290/270
f 30/248/228 1356/291/271 125/292/272
f 31/225/205 1347/249/229 124/273/253
f 1384/293/273 1490/294/274 134/216/196
f 32/228/208 1356/291/271 514/295/275
f 568/296/276 120/297/277 1352/284/264
f 33/235/215 1343/257/237 550/298/278
f 135/195/175 707/299/279 1476/279/259
f 1494/287/267 1454/300/280 725/301/281
f 138/283/263 690/302/282 1454/300/280
f 119/234/214 604/303/283 1419/304/284
f 133/230/210 586/305/285 1486/231/211
f 133/230/210 622/306/286 1424/307/287
f 118/263/243 656/308/288 1439/309/289
f 137/209/189 637/310/290 1489/259/239
f 1473/267/247 1439/309/289 671/311/291
f 435/312/292 123/213/193 1379/313/293
f 443/314/294 119/234/214 1465/315/295
f 1465/315/295 1419/304/284 620/316/296
f 136/206/186 602/317/297 1459/164/144
f 426/272/252 126/203/183 31/225/205
f 463/318/298 124/273/253 30/248/228
f 638/319/299 132/320/300 1429/321/301
f 1429/321/301 1440/322/302 655/323/303
f 488/275/255 128/237/217 1404/324/304
f 503/325/305 128/237/217 35/264/244
f 1455/210/190 1450/326/306 726/327/307
f 117/289/269 706/328/308 1444/329/309
f 411/240/220 122/253/233 28/269/249
f 435/312/292 121/241/221 27/223/203
f 1425/219/199 1414/330/310 587/331/311
f 603/332/312 131/333/313 1420/218/198
f 463/318/298 125/292/272 1390/334/314
f 478/202/182 125/292/272 32/228/208
f 1440/322/302 1434/335/315 672/336/316
f 134/216/196 654/337/317 1468/217/197
f 503/325/305 129/192/172 1409/338/318
f 453/339/319 117/289/269 1482/340/320
f 117/289/269 688/341/321 1482/340/320
f 1559/342/322 36/343/323 744/344/324
f 1510/345/325 55/346/326 157/347/327
f 140/348/323 769/349/328 38/350/323
f 758/351/329 165/352/330 1520/353/331
f 39/354/323 1524/355/332 748/356/333
f 743/357/334 157/347/327 51/358/335
f 754/359/336 153/360/337 49/361/338
f 768/362/339 160/363/340 1515/364/341
f 38/350/323 1499/365/342 764/366/343
f 1514/367/344 39/354/323 139/368/323
f 1520/353/331 57/369/345 773/370/346
f 1530/371/347 54/372/348 779/373/349
f 1525/374/350 61/375/351 749/376/352
f 773/370/346 159/377/353 1535/378/354
f 1535/378/354 58/379/355 783/380/356
f 1545/381/357 53/382/358 789/383/359
f 141/384/323 778/385/360 1524/355/332
f 783/380/356 166/386/361 1550/387/362
f 1550/387/362 1662/388/363 795/389/364
f 811/390/365 164/391/366 1545/381/357
f 142/392/323 788/393/367 1529/394/368
f 1560/395/369 51/358/335 155/396/370
f 816/397/371 155/396/370 52/398/372
f 822/399/373 161/400/374 48/401/375
f 36/343/323 1504/402/376 140/348/323
f 1575/403/377 52/398/372 163/404/378
f 827/405/379 163/404/378 56/406/380
f 1570/407/381 1659/408/382 161/400/374
f 41/409/323 1554/410/383 144/411/323
f 157/347/327 870/412/384 1589/413/385
f 45/414/386 1605/415/387 148/416/386
f 59/417/388 1599/418/389 165/352/330
f 879/419/390 149/420/386 1615/421/391
f 155/396/370 850/422/392 1639/423/393
f 50/424/394 1584/425/395 875/426/396
f 50/424/394 1594/427/397 160/363/340
f 154/428/398 859/429/399 1584/425/395
f 167/430/400 870/412/384 55/346/326
f 168/431/401 854/432/402 61/375/351
f 54/372/348 1604/433/403 168/431/401
f 57/369/345 1614/434/404 159/377/353
f 1600/435/405 43/436/386 879/419/390
f 156/437/406 884/438/407 54/372/348
f 53/382/358 1609/439/408 156/437/406
f 58/379/355 1629/440/409 166/386/361
f 1615/421/391 46/441/410 889/442/411
f 164/391/366 894/443/412 53/382/358
f 60/444/413 1624/445/414 164/391/366
f 166/386/361 900/446/415 1662/388/363
f 849/447/416 147/448/386 42/449/386
f 49/361/338 1634/450/417 859/429/399
f 153/360/337 926/451/418 1634/450/417
f 163/404/378 922/452/419 1654/453/420
f 151/454/386 921/455/421 1640/456/422
f 48/401/375 1649/457/423 926/451/418
f 161/400/374 938/458/424 1649/457/423
f 56/406/380 1654/453/420 931/459/425
f 1505/460/426 49/361/338 154/428/398
f 1565/461/427 56/406/380 158/462/428
f 158/462/428 931/459/425 1644/463/429
f 42/449/386 1585/464/430 860/465/431
f 769/349/328 139/368/323 38/350/323
f 1515/364/341 59/417/388 758/351/329
f 160/363/340 865/466/432 59/417/388
f 147/448/386 874/467/433 1585/464/430
f 145/468/323 821/469/434 41/409/323
f 744/344/324 140/348/323 1509/470/435
f 51/358/335 1589/413/385 850/422/392
f 927/471/436 152/472/386 47/473/386
f 779/373/349 168/431/401 1525/374/350
f 1540/474/437 1663/475/438 162/476/439
f 162/476/439 899/477/440 1619/478/441
f 148/416/386 885/479/442 43/436/386
f 749/376/352 167/430/400 1500/480/443
f 768/362/339 154/428/398 50/424/394
f 1590/481/444 44/482/386 147/448/386
f 61/375/351 1579/483/445 167/430/400
f 1564/484/446 1569/485/447 145/468/323
f 826/486/448 145/468/323 1574/487/449
f 152/472/386 932/488/450 1655/489/451
f 1650/490/452 1645/491/453 152/472/386
f 40/492/323 1544/493/454 788/393/367
f 1519/494/455 37/495/323 141/384/323
f 165/352/330 880/496/456 57/369/345
f 46/441/410 1625/497/457 150/498/458
f 759/499/459 141/384/323 39/354/323
f 774/500/460 142/392/323 37/495/323
f 146/501/386 874/467/433 44/482/386
f 45/414/386 1595/502/461 146/501/386
f 1555/503/462 48/401/375 153/360/337
f 42/449/386 1640/456/422 849/447/416
f 1725/504/463 62/505/464 954/506/465
f 1635/507/466 47/473/386 151/454/386
f 143/508/467 812/509/468 1544/493/454
f 1549/510/469 1539/511/470 143/508/467
f 1630/512/471 1620/513/472 901/514/473
f 150/498/458 916/515/474 1620/513/472
f 1565/461/427 1660/516/475 831/517/476
f 817/518/477 144/411/323 1559/342/322
f 52/398/372 1639/423/393 922/452/419
f 158/462/428 936/519/478 1660/516/475
f 789/383/359 156/437/406 1530/371/347
f 1574/487/449 41/409/323 817/518/477
f 47/473/386 1655/489/451 921/455/421
f 149/420/386 895/520/479 46/441/410
f 37/495/323 1529/394/368 778/385/360
f 1500/480/443 55/346/326 763/521/480
f 864/522/481 148/416/386 1600/435/405
f 43/436/386 1610/523/482 149/420/386
f 1540/524/437 60/444/413 811/390/365
f 1534/525/483 40/492/323 142/392/323
f 159/377/353 890/526/484 58/379/355
f 162/527/439 917/528/485 60/444/413
f 1509/470/435 38/350/323 764/366/343
f 139/368/323 748/356/333 1499/365/342
f 855/529/486 146/501/386 1580/530/487
f 1580/530/487 44/482/386 869/531/488
f 144/411/323 753/532/489 36/343/323
f 784/533/490 143/508/467 40/492/323
f 889/442/411 150/498/458 1630/512/471
f 860/465/431 151/454/386 42/449/386
f 1676/534/491 81/535/492 187/536/493
f 170/537/464 979/538/494 64/539/464
f 968/540/495 195/541/496 1686/542/497
f 65/543/464 1690/544/498 958/545/499
f 953/546/500 187/536/493 77/547/501
f 964/548/502 183/549/503 75/550/504
f 978/551/505 190/552/506 1681/553/507
f 64/539/464 1665/554/508 974/555/509
f 1680/556/510 65/543/464 169/557/464
f 1686/542/497 83/558/511 983/559/512
f 1696/560/513 80/561/514 989/562/515
f 1691/563/516 86/564/517 959/565/518
f 983/559/512 189/566/519 1701/567/520
f 1701/567/520 84/568/521 993/569/522
f 1711/570/523 79/571/524 999/572/525
f 171/573/464 988/574/526 1690/544/498
f 993/569/522 196/575/527 1716/576/528
f 1716/576/528 1828/577/529 1005/578/530
f 1022/579/531 194/580/532 1711/570/523
f 172/581/533 998/582/534 1695/583/535
f 1726/584/536 77/547/501 185/585/537
f 1039/586/538 185/585/537 78/587/539
f 1045/588/540 191/589/541 74/590/542
f 62/505/464 1670/591/543 170/537/464
f 1741/592/544 78/587/539 193/593/545
f 1050/594/546 193/593/545 82/595/547
f 1736/596/548 1825/597/549 191/589/541
f 67/598/464 1720/599/550 174/600/464
f 187/536/493 1093/601/551 1755/602/552
f 71/603/553 1771/604/554 178/605/553
f 85/606/555 1765/607/556 195/541/496
f 1102/608/557 179/609/558 1781/610/559
f 185/585/537 1073/611/560 1805/612/561
f 76/613/562 1750/614/563 1098/615/564
f 76/613/562 1760/616/565 190/552/506
f 184/617/566 1082/618/567 1750/614/563
f 197/619/568 1093/601/551 81/535/492
f 198/620/569 1077/621/570 86/564/517
f 80/561/514 1770/622/571 198/620/569
f 83/558/511 1780/623/572 189/566/519
f 1766/624/573 69/625/574 1102/608/557
f 186/626/575 1107/627/576 80/561/514
f 79/571/524 1775/628/577 186/626/575
f 84/568/521 1795/629/578 196/575/527
f 1781/610/559 72/630/579 1112/631/580
f 194/580/532 1117/632/581 79/571/524
f 1831/633/582 1140/634/583 1790/635/584
f 196/575/527 1123/636/585 1828/577/529
f 1072/637/586 177/638/553 68/639/553
f 75/550/504 1800/640/587 1082/618/567
f 183/549/503 1149/641/588 1800/640/587
f 193/593/545 1145/642/589 1820/643/590
f 181/644/553 1144/645/591 1806/646/592
f 74/590/542 1815/647/593 1149/641/588
f 191/589/541 1161/648/594 1815/647/593
f 82/595/547 1820/643/590 1154/649/595
f 1671/650/596 75/550/504 184/617/566
f 1731/651/597 82/595/547 188/652/598
f 188/652/598 1154/649/595 1810/653/599
f 68/639/553 1751/654/600 1083/655/601
f 979/538/494 169/557/464 64/539/464
f 1681/553/507 85/606/555 968/540/495
f 190/552/506 1088/656/602 85/606/555
f 177/638/553 1097/657/603 1751/654/600
f 175/658/464 1044/659/604 67/598/464
f 954/506/465 170/537/464 1675/660/605
f 77/547/501 1755/602/552 1073/611/560
f 1150/661/606 182/662/553 73/663/553
f 989/562/515 198/620/569 1691/563/516
f 1706/664/607 1829/665/608 192/666/609
f 192/666/609 1122/667/610 1785/668/611
f 178/605/553 1108/669/612 69/625/574
f 959/565/518 197/619/568 1666/670/613
f 978/551/505 184/617/566 76/613/562
f 1756/671/614 70/672/553 177/638/553
f 86/564/517 1745/673/615 197/619/568
f 1730/674/616 1735/675/617 175/658/464
f 1049/676/618 175/658/464 1740/677/619
f 182/662/553 1155/678/620 1821/679/621
f 1816/680/622 1811/681/623 182/662/553
f 66/682/624 1710/683/625 998/582/534
f 1685/684/626 63/685/627 171/573/464
f 195/541/496 1103/686/628 83/558/511
f 72/630/579 1791/687/629 180/688/630
f 969/689/631 171/573/464 65/543/464
f 984/690/632 172/581/533 63/685/627
f 176/691/553 1097/657/603 70/672/553
f 71/603/553 1761/692/633 176/691/553
f 1721/693/634 74/590/542 183/549/503
f 68/639/553 1806/646/592 1072/637/586
f 1801/694/635 73/663/553 181/644/553
f 173/695/636 1023/696/637 1710/683/625
f 1715/697/638 1705/698/639 173/695/636
f 1796/699/640 1786/700/641 1124/701/642
f 180/688/630 1139/702/643 1786/700/641
f 1731/651/597 1826/703/644 1054/704/645
f 1040/705/646 174/600/464 1725/504/463
f 78/587/539 1805/612/561 1145/642/589
f 188/652/598 1159/706/647 1826/703/644
f 999/572/525 186/626/575 1696/560/513
f 1740/677/619 67/598/464 1040/705/646
f 73/663/553 1821/679/621 1144/645/591
f 179/609/558 1118/707/648 72/630/579
f 63/685/627 1695/583/535 988/574/526
f 1666/670/613 81/535/492 973/708/649
f 1087/709/650 178/605/553 1766/624/573
f 69/625/574 1776/710/651 179/609/558
f 1706/664/607 1832/711/652 1021/712/653
f 1700/713/654 66/682/624 172/581/533
f 189/566/519 1113/714/655 84/568/521
f 192/666/609 1785/668/611 1140/715/583
f 1675/660/605 64/539/464 974/555/509
f 169/557/464 958/545/499 1665/554/508
f 1078/716/656 176/691/553 1746/717/657
f 1746/717/657 70/672/553 1092/718/658
f 174/600/464 963/719/659 62/505/464
f 994/720/660 173/695/636 66/682/624
f 1112/631/580 180/688/630 1796/699/640
f 1083/655/601 181/644/553 68/639/553
f 249/721/661 255/722/662 254/723/663
f 252/724/664 256/725/665 255/722/662
f 254/723/663 266/726/666 263/727/667
f 255/722/662 257/728/668 266/726/666
f 258/729/669 260/730/670 250/731/671
f 259/732/672 261/733/673 258/729/669
f 261/733/673 253/734/674 260/730/670
f 262/735/675 256/725/665 261/733/673
f 251/736/44 265/737/676 264/738/677
f 263/727/678 266/726/679 265/737/676
f 264/738/677 262/735/680 259/732/681
f 265/737/676 257/728/682 262/735/680
f 287/176/156 292/739/683 291/740/684
f 290/741/685 293/742/686 292/743/683
f 291/744/684 304/745/687 301/746/688
f 292/743/683 294/747/689 304/745/687
f 288/748/690 298/749/691 297/750/692
f 295/751/693 299/752/694 298/749/691
f 297/750/695 293/742/696 290/741/697
f 298/749/691 294/747/698 293/742/696
f 300/753/699 302/754/700 289/755/701
f 301/746/688 303/756/702 300/753/699
f 303/756/702 296/757/703 302/754/700
f 304/745/687 299/752/704 303/756/702
f 355/136/120 359/758/705 358/759/706
f 364/760/707 360/761/708 359/758/705
f 358/759/706 371/762/709 368/763/710
f 359/758/705 361/764/711 371/762/709
f 356/105/95 365/765/712 364/766/713
f 362/767/714 366/768/715 365/765/712
f 364/766/713 365/765/712 360/761/716
f 365/765/712 361/764/717 360/761/716
f 367/769/718 369/770/719 357/173/153
f 368/763/710 370/771/720 367/769/718
f 370/771/720 363/772/721 369/770/719
f 371/762/722 366/768/715 370/771/720
f 392/178/158 398/773/723 397/774/724
f 395/775/725 399/776/726 398/777/723
f 397/778/724 398/777/723 408/779/727
f 398/777/723 400/780/728 408/779/727
f 401/781/729 403/782/730 393/783/731
f 402/784/732 404/785/733 401/781/729
f 404/786/733 396/787/734 403/788/730
f 405/789/735 399/790/736 404/785/733
f 394/117/104 407/791/737 406/792/738
f 397/793/739 408/794/740 407/791/737
f 406/792/738 405/789/735 402/784/732
f 407/791/737 400/795/741 405/789/735
f 412/796/742 414/797/743 409/165/145
f 413/798/744 415/799/745 412/796/742
f 415/799/745 421/800/746 414/797/743
f 415/799/745 420/801/747 416/802/748
f 417/803/749 419/804/750 410/805/751
f 417/803/749 418/806/752 420/807/747
f 419/804/750 420/801/747 413/798/744
f 420/807/747 418/806/752 416/808/748
f 421/800/746 423/809/753 422/810/754
f 422/811/754 423/809/753 418/812/752
f 423/809/753 416/808/748 418/806/752
f 424/215/755 427/813/756 428/814/757
f 427/815/756 429/816/758 428/817/757
f 428/817/757 429/816/758 433/818/759
f 425/819/760 429/820/760 427/821/760
f 429/822/761 432/823/762 433/824/763
f 430/825/764 431/826/765 426/272/766
f 434/205/185 438/827/767 437/828/768
f 438/829/769 1837/830/769 439/831/769
f 436/229/209 442/832/770 438/833/771
f 442/832/772 437/834/773 438/835/774
f 438/835/775 1837/830/776 440/836/777
f 443/314/778 446/837/779 447/838/780
f 447/839/781 448/840/781 450/841/782
f 444/842/783 449/843/784 446/844/783
f 449/845/785 450/846/786 448/840/787
f 446/844/779 449/843/788 447/847/780
f 453/339/319 456/848/789 457/849/790
f 456/848/791 460/850/791 457/851/791
f 457/851/792 458/852/792 1838/853/792
f 454/854/793 457/855/794 460/856/795
f 457/857/796 459/858/797 1838/859/798
f 465/860/799 467/861/800 462/862/801
f 466/863/802 468/864/803 465/860/799
f 467/861/800 468/865/803 474/866/804
f 471/867/805 472/868/806 470/869/807
f 472/868/806 466/863/802 470/870/807
f 473/871/808 475/872/809 464/260/240
f 474/866/804 476/873/810 473/871/808
f 476/873/810 471/867/805 475/872/809
f 476/873/810 468/865/803 469/874/811
f 480/875/812 481/876/813 477/268/814
f 480/875/815 482/877/816 486/878/817
f 479/266/246 485/879/818 486/880/819
f 485/879/820 481/881/820 486/882/820
f 482/877/821 484/883/822 486/882/823
f 490/884/824 492/885/825 487/288/268
f 491/886/826 493/887/827 490/884/824
f 493/887/827 499/888/828 492/885/825
f 493/887/827 494/889/829 501/890/830
f 496/891/831 497/892/832 495/893/833
f 497/892/832 491/886/826 495/894/833
f 498/895/834 500/896/835 489/280/260
f 498/895/834 499/888/828 501/897/830
f 501/897/830 496/891/831 500/896/835
f 502/194/836 505/898/837 506/899/838
f 505/900/839 508/901/840 1839/902/840
f 506/899/838 505/903/837 510/904/841
f 504/286/842 509/905/843 511/906/844
f 510/904/841 511/907/844 509/905/843
f 511/907/845 1839/908/845 508/909/845
f 515/910/846 517/911/847 512/276/256
f 516/912/848 518/913/849 515/910/846
f 518/913/849 527/914/850 517/911/847
f 518/913/849 519/915/851 520/916/852
f 513/247/227 524/917/853 523/918/854
f 521/919/855 525/920/856 524/917/853
f 523/918/854 519/921/857 516/922/858
f 524/917/853 520/923/859 519/921/857
f 514/295/275 529/924/860 528/925/861
f 527/914/850 529/924/860 526/926/862
f 529/924/860 522/927/863 528/925/861
f 529/924/860 520/928/852 525/929/864
f 533/930/865 535/931/866 530/239/219
f 534/932/867 536/933/868 533/930/865
f 536/933/868 545/934/869 535/931/866
f 536/933/868 537/935/870 538/936/871
f 531/285/265 542/937/872 541/938/873
f 539/939/874 543/940/875 542/937/872
f 541/941/873 537/935/876 534/932/877
f 542/942/872 538/943/878 537/935/876
f 544/944/879 546/945/880 532/256/236
f 545/934/869 547/946/881 544/944/879
f 547/946/881 540/947/882 546/945/880
f 547/946/881 538/943/871 543/948/883
f 551/949/884 553/950/885 548/271/251
f 552/951/886 554/952/887 551/949/884
f 554/952/887 563/953/888 553/950/885
f 554/952/887 556/954/889 566/955/890
f 557/956/891 559/957/892 549/250/230
f 558/958/893 560/959/894 557/956/891
f 560/959/894 552/951/886 559/957/892
f 560/959/894 556/954/889 555/960/895
f 562/961/896 564/962/897 550/298/278
f 563/953/888 565/963/898 562/961/896
f 565/963/898 558/958/893 564/962/897
f 565/963/898 556/954/889 561/964/899
f 567/227/207 573/965/900 572/966/901
f 571/967/902 573/965/900 570/968/903
f 573/965/900 581/969/904 572/966/901
f 573/965/900 574/970/905 584/971/906
f 568/296/276 578/972/907 577/973/908
f 575/974/909 579/975/910 578/976/907
f 577/973/908 574/977/911 571/978/912
f 578/972/913 584/979/914 574/977/915
f 580/980/916 582/981/917 569/265/245
f 581/969/904 583/982/918 580/980/916
f 583/982/918 576/983/919 582/981/917
f 583/982/918 584/984/920 579/975/921
f 585/985/922 591/986/923 590/987/924
f 589/988/925 591/986/926 588/989/927
f 590/987/924 601/990/928 598/991/929
f 591/986/926 592/992/930 601/990/931
f 586/305/285 596/993/932 595/994/933
f 593/995/934 601/996/935 596/993/936
f 595/994/937 596/997/937 589/988/937
f 596/993/938 601/996/938 592/992/938
f 597/998/939 599/999/940 587/1000/311
f 598/991/929 600/1001/941 597/998/939
f 600/1001/942 594/1002/943 599/999/940
f 605/1003/944 607/1004/945 602/317/297
f 606/1005/946 608/1006/947 605/1003/944
f 608/1006/947 616/1007/948 607/1004/945
f 609/1008/949 619/1009/950 608/1006/947
f 610/1010/951 612/1011/952 603/1012/312
f 611/1013/953 613/1014/954 610/1010/951
f 613/1014/954 606/1005/946 612/1011/952
f 613/1014/954 614/1015/955 609/1008/949
f 615/1016/956 617/1017/957 604/303/283
f 616/1007/948 618/1018/958 615/1016/956
f 618/1018/958 611/1013/953 617/1017/957
f 618/1018/958 619/1009/950 614/1019/955
f 620/316/296 635/1020/959 625/1021/960
f 623/1022/961 626/1023/962 635/1020/959
f 625/1021/960 635/1024/959 633/1025/963
f 635/1020/964 626/1023/965 627/1026/965
f 628/1027/966 630/1028/967 621/1029/200
f 629/1030/968 631/1031/969 628/1027/966
f 631/1031/970 624/1032/971 630/1028/967
f 622/306/286 635/1033/972 634/1034/973
f 632/1035/974 633/1025/975 635/1033/972
f 634/1034/973 626/1036/976 629/1030/968
f 639/1037/977 641/1038/978 636/221/201
f 640/1039/979 642/1040/980 639/1037/977
f 642/1040/980 650/1041/981 641/1038/978
f 643/1042/982 653/1043/983 642/1040/980
f 644/1044/984 646/1045/985 637/310/290
f 645/1046/986 647/1047/987 644/1044/984
f 647/1047/987 640/1039/979 646/1045/985
f 647/1047/987 648/1048/988 643/1042/982
f 649/1049/989 651/1050/990 638/1051/299
f 650/1041/981 652/1052/991 649/1049/989
f 652/1052/991 645/1046/986 651/1050/990
f 652/1052/991 653/1043/983 648/1053/988
f 654/337/317 669/1054/992 659/1055/993
f 657/1056/994 660/1057/995 669/1054/992
f 659/1055/993 669/1058/992 667/1059/996
f 669/1054/997 660/1057/997 661/1060/997
f 662/1061/998 664/1062/999 655/1063/303
f 663/1064/1000 665/1065/1001 662/1061/998
f 665/1065/1002 658/1066/1003 664/1062/999
f 656/308/288 669/1067/1004 668/1068/1005
f 666/1069/1006 667/1059/1007 669/1067/1004
f 668/1068/1005 660/1070/1008 663/1064/1000
f 670/1071/1009 675/1072/1010 674/1073/1011
f 673/1074/1012 676/1075/1013 675/1072/1010
f 674/1073/1011 687/1076/1014 684/1077/1015
f 675/1072/1010 677/1078/1016 687/1076/1014
f 671/311/291 681/1079/1017 680/1080/1018
f 678/1081/1019 682/1082/1020 681/1079/1017
f 680/1080/1018 681/1079/1017 676/1075/1021
f 681/1079/1017 677/1078/1016 676/1075/1021
f 683/1083/1022 685/1084/1023 672/1085/316
f 684/1077/1015 686/1086/1024 683/1083/1022
f 686/1086/1024 679/1087/1025 685/1084/1023
f 687/1076/1014 682/1082/1020 686/1086/1024
f 688/341/321 694/1088/1026 693/1089/1027
f 691/1090/1028 695/1091/1029 694/1088/1026
f 693/1089/1030 705/1092/1031 702/1093/1032
f 694/1088/1026 696/1094/1033 705/1092/1031
f 697/1095/1034 699/1096/1035 689/1097/191
f 698/1098/1036 700/1099/1037 697/1095/1034
f 700/1099/1037 692/1100/1038 699/1096/1035
f 701/1101/1039 695/1091/1029 700/1099/1037
f 690/302/282 704/1102/1040 703/1103/1041
f 702/1093/1042 705/1092/1043 704/1102/1040
f 703/1103/1041 701/1101/1039 698/1098/1036
f 704/1102/1040 696/1094/1033 701/1101/1039
f 709/1104/1044 711/1105/1045 706/328/308
f 710/1106/1046 712/1107/1047 709/1104/1044
f 712/1107/1047 720/1108/1048 711/1105/1045
f 713/1109/1049 723/1110/1050 712/1107/1047
f 714/1111/1051 716/1112/1052 707/299/279
f 715/1113/1053 717/1114/1054 714/1111/1051
f 717/1114/1054 710/1106/1046 716/1112/1052
f 717/1114/1054 718/1115/1055 713/1109/1049
f 719/1116/1056 721/1117/1057 708/1118/179
f 720/1108/1048 722/1119/1058 719/1116/1056
f 722/1119/1058 715/1113/1053 721/1117/1057
f 722/1119/1058 723/1110/1050 718/1120/1055
f 724/1121/1059 730/1122/1060 729/1123/1061
f 728/1124/1062 730/1122/1060 727/1125/1063
f 730/1122/1060 739/1126/1064 729/1123/1061
f 731/1127/1065 742/1128/1066 730/1122/1060
f 725/301/281 736/1129/1067 735/1130/1068
f 733/1131/1069 737/1132/1070 736/1129/1067
f 735/1130/1068 731/1127/1071 728/1124/1072
f 736/1129/1067 732/1133/1073 731/1127/1074
f 738/1134/1075 740/1135/1076 726/1136/307
f 739/1126/1064 741/1137/1077 738/1134/1075
f 741/1137/1077 734/1138/1078 740/1135/1076
f 742/1128/1079 737/1132/1080 741/1137/1077
f 793/1139/1081 799/1140/1082 798/1141/1083
f 796/1142/1084 800/1143/1085 799/1140/1082
f 798/1141/1083 799/1140/1082 810/1144/1086
f 799/1140/1082 801/1145/1087 810/1144/1086
f 802/1146/1088 804/1147/1089 794/1148/1090
f 803/1149/1091 805/1150/1092 802/1146/1088
f 805/1150/1092 797/1151/1093 804/1147/1089
f 806/1152/1094 800/1143/1085 805/1150/1092
f 795/389/364 809/1153/1095 808/1154/1096
f 807/1155/1097 810/1144/1098 809/1156/1095
f 808/1157/1096 806/1152/1099 803/1149/1100
f 809/1156/1095 801/1145/1101 806/1152/1099
f 831/1158/476 836/1159/1102 835/1160/1103
f 834/1161/1104 837/1162/1105 836/1159/1102
f 835/1160/1103 848/1163/1106 845/1164/1107
f 836/1159/1102 838/1165/1108 848/1163/1106
f 832/1166/1109 842/1167/1110 841/1168/1111
f 839/1169/1112 843/1170/1113 842/1171/1110
f 841/1172/1114 837/1162/1115 834/1161/1116
f 842/1171/1110 838/1165/1117 837/1162/1115
f 844/1173/1118 846/1174/1119 833/1175/1120
f 845/1164/1107 847/1176/1121 844/1173/1118
f 847/1176/1121 840/1177/1122 846/1174/1119
f 848/1163/1106 843/1170/1123 847/1176/1121
f 899/1178/440 904/1179/1124 903/1180/1125
f 902/1181/1126 905/1182/1127 904/1179/1124
f 903/1180/1125 915/1183/1128 912/1184/1129
f 904/1179/1124 906/1185/1130 915/1183/1128
f 900/446/415 909/1186/1131 902/1187/1132
f 907/1188/1133 910/1189/1134 909/1186/1131
f 902/1187/1132 909/1186/1131 905/1182/1135
f 909/1186/1131 906/1185/1136 905/1182/1135
f 911/1190/1137 913/1191/1138 901/514/473
f 912/1184/1129 914/1192/1139 911/1190/1137
f 914/1192/1139 908/1193/1140 913/1191/1138
f 915/1183/1141 910/1189/1134 914/1192/1139
f 936/519/478 942/1194/1142 941/1195/1143
f 939/1196/1144 943/1197/1145 942/1194/1142
f 941/1195/1143 942/1194/1142 952/1198/1146
f 942/1194/1142 944/1199/1147 952/1198/1146
f 945/1200/1148 947/1201/1149 937/1202/1150
f 946/1203/1151 948/1204/1152 945/1200/1148
f 948/1204/1152 940/1205/1153 947/1201/1149
f 949/1206/1154 943/1197/1155 948/1204/1152
f 938/458/424 951/1207/1156 950/1208/1157
f 941/1209/1158 952/1198/1159 951/1207/1156
f 950/1208/1157 949/1206/1154 946/1203/1151
f 951/1207/1156 944/1199/1160 949/1206/1154
f 1003/1210/1161 1009/1211/1162 1008/1212/1163
f 1006/1213/1164 1010/1214/1165 1009/1211/1162
f 1008/1212/1163 1020/1215/1166 1017/1216/1167
f 1009/1211/1162 1011/1217/1168 1020/1215/1166
f 1012/1218/1169 1014/1219/1170 1004/1220/1171
f 1013/1221/1172 1015/1222/1173 1012/1218/1169
f 1015/1222/1173 1007/1223/1174 1014/1219/1170
f 1016/1224/1175 1010/1214/1165 1015/1222/1173
f 1005/578/530 1019/1225/1176 1018/1226/1177
f 1017/1227/1178 1020/1228/1179 1019/1225/1176
f 1018/1226/1177 1016/1229/1180 1013/1230/1181
f 1019/1225/1176 1011/1231/1182 1016/1229/1180
f 1024/1232/1183 1026/1233/1184 1021/712/653
f 1025/1234/1185 1027/1235/1186 1024/1232/1183
f 1027/1235/1186 1035/1236/1187 1026/1233/1184
f 1027/1235/1186 1028/1237/1188 1038/1238/1189
f 1029/1239/1190 1031/1240/1191 1022/1241/531
f 1030/1242/1192 1032/1243/1193 1029/1239/1190
f 1031/1240/1191 1028/1244/1188 1025/1234/1185
f 1032/1243/1193 1033/1245/1194 1028/1244/1188
f 1023/696/637 1037/1246/1195 1036/1247/1196
f 1034/1248/1197 1038/1238/1198 1037/1246/1195
f 1036/1247/1196 1033/1245/1199 1030/1242/1200
f 1037/1246/1201 1028/1237/1188 1033/1245/1194
f 1054/1249/645 1059/1250/1202 1058/1251/1203
f 1057/1252/1204 1060/1253/1205 1059/1250/1202
f 1058/1251/1203 1071/1254/1206 1068/1255/1207
f 1059/1250/1202 1061/1256/1208 1071/1254/1206
f 1055/1257/1209 1065/1258/1210 1064/1259/1211
f 1062/1260/1212 1066/1261/1213 1065/1258/1210
f 1064/1259/1214 1060/1262/1215 1057/1263/1216
f 1065/1258/1210 1061/1264/1217 1060/1262/1215
f 1067/1265/1218 1069/1266/1219 1056/1267/1220
f 1068/1255/1207 1070/1268/1221 1067/1265/1218
f 1070/1268/1221 1063/1269/1222 1069/1266/1219
f 1071/1254/1206 1066/1270/1223 1070/1268/1221
f 1122/667/610 1127/1271/1224 1126/1272/1225
f 1125/1273/1226 1128/1274/1227 1127/1271/1224
f 1126/1272/1225 1138/1275/1228 1135/1276/1229
f 1127/1271/1224 1129/1277/1230 1138/1275/1228
f 1123/636/585 1132/1278/1231 1125/1279/1232
f 1130/1280/1233 1133/1281/1234 1132/1278/1231
f 1125/1279/1232 1132/1278/1231 1128/1282/1235
f 1132/1278/1231 1129/1283/1236 1128/1282/1235
f 1134/1284/1237 1136/1285/1238 1124/1286/642
f 1135/1276/1229 1137/1287/1239 1134/1284/1237
f 1137/1287/1239 1131/1288/1240 1136/1285/1238
f 1138/1275/1241 1133/1289/1234 1137/1287/1239
f 1159/706/647 1164/1290/1242 1172/1291/1243
f 1162/1292/1244 1165/1293/1245 1164/1290/1242
f 1172/1291/1243 1164/1290/1242 1175/1294/1246
f 1164/1290/1242 1166/1295/1247 1175/1294/1248
f 1167/1296/1249 1169/1297/1250 1160/1298/1251
f 1168/1299/1252 1170/1300/1253 1167/1296/1249
f 1170/1300/1253 1163/1301/1254 1169/1297/1250
f 1171/1302/1255 1165/1293/1256 1170/1300/1253
f 1161/648/594 1174/1303/1257 1173/1304/1258
f 1172/1305/1259 1175/1294/1260 1174/1303/1257
f 1173/1304/1258 1171/1302/1255 1168/1299/1252
f 1174/1303/1257 1166/1295/1261 1171/1302/1255
f 1831/1306/582 1834/1307/1262 1833/1308/1263
f 1834/1307/1262 1835/1309/1264 1833/1308/1263
f 1835/1309/1264 1836/1310/1265 1833/1308/1263
f 1836/1310/1265 1832/711/652 1833/1308/1263
f 220/25/22 1178/1311/1266 223/1312/1267
f 223/1313/1267 1179/1314/1268 222/1315/1269
f 222/1315/1270 1180/1316/1271 221/1317/1272
f 1180/1316/1271 219/180/160 221/1317/1272
f 1176/24/21 206/1318/1273 1178/1311/1266
f 1178/1319/1266 207/1320/1274 1179/1314/1268
f 1179/1314/1275 208/1321/1276 1180/1316/1271
f 208/1321/1276 1177/139/123 1180/1316/1271
f 1181/61/56 228/1322/1277 225/8/7
f 1183/1323/1278 227/1324/1279 228/1322/1277
f 1184/1325/1280 226/1326/1281 227/1324/1282
f 226/1326/1281 1182/1327/106 224/1328/18
f 209/189/169 1183/1323/1278 1181/61/56
f 211/1329/1283 1184/1325/1284 1183/1323/1278
f 212/1330/1285 1185/1331/1286 1184/1325/1280
f 1185/1331/1286 210/1332/15 1182/1327/106
f 1186/129/115 203/1333/1287 200/3/3
f 1188/1334/1288 202/1335/1289 203/1336/1287
f 1189/1337/1290 201/1338/1291 202/1335/1292
f 201/1338/1291 1187/4/4 199/16/13
f 220/25/22 1188/1339/1288 1186/129/115
f 223/1313/1267 1189/1337/1293 1188/1334/1288
f 222/1315/1270 1190/1340/1294 1189/1337/1290
f 1190/1340/1294 219/180/160 1187/4/4
f 215/158/139 1193/1341/1295 218/1342/1296
f 218/1342/1296 1194/1343/1297 217/1344/1298
f 217/1344/1299 1195/1345/1300 216/1346/1301
f 1195/1345/1300 214/1347/8 216/1346/1301
f 1191/26/23 228/1322/1277 1193/1341/1295
f 1193/1341/1295 227/1324/1279 1194/1343/1297
f 1194/1343/1302 226/1326/1281 1195/1345/1300
f 226/1326/1281 1192/1348/20 1195/1345/1300
f 230/159/140 1198/1349/1303 233/1350/1304
f 233/1350/1304 1199/1351/1305 232/1352/1306
f 232/1352/1307 1200/1353/1308 231/1354/1309
f 1200/1353/1308 229/1355/25 231/1354/1309
f 1196/153/135 218/1342/1296 1198/1349/1303
f 1198/1349/1303 217/1344/1298 1199/1351/1305
f 1199/1351/1310 216/1346/1301 1200/1353/1308
f 216/1346/1301 1197/1356/10 1200/1353/1308
f 204/15/12 1203/1357/1311 206/1318/1273
f 206/1358/1273 1204/1359/1312 207/1320/1274
f 207/1320/1313 1205/1360/1314 208/1321/1276
f 1205/1360/1314 205/35/31 208/1321/1276
f 1201/14/11 236/1361/1315 1203/1357/1311
f 1203/1362/1311 237/1363/1316 1204/1359/1312
f 1204/1359/1317 238/1364/1318 1205/1360/1314
f 238/1364/1318 1202/33/29 1205/1360/1314
f 234/44/40 1208/1365/1319 236/1361/1315
f 236/1366/1315 1209/1367/1320 237/1363/1316
f 237/1363/1321 1210/1368/1322 238/1364/1318
f 1210/1368/1322 235/32/28 238/1364/1318
f 1206/53/48 246/1369/1323 1208/1365/1319
f 1208/1370/1319 247/1371/1324 1209/1367/1320
f 1209/1367/1325 248/1372/1326 1210/1368/1322
f 248/1372/1326 1207/30/26 1210/1368/1322
f 240/190/170 1213/1373/1327 243/1374/1328
f 243/1374/1328 1214/1375/1329 242/1376/1330
f 242/1376/1331 1215/1377/1332 241/1378/1333
f 1215/1377/1332 239/1379/35 241/1378/1333
f 1211/183/163 233/1350/1304 1213/1373/1327
f 1213/1373/1327 232/1352/1306 1214/1375/1329
f 1214/1375/1334 231/1354/1309 1215/1377/1332
f 231/1354/1309 1212/1380/33 1215/1377/1332
f 1216/170/150 271/1381/1335 268/168/148
f 1218/1382/1336 270/1383/1337 271/1381/1335
f 1219/1384/1338 269/1385/1339 270/1383/1337
f 1220/1386/1340 267/49/45 269/1387/1339
f 250/731/671 1218/1382/1336 1216/170/150
f 260/730/670 1219/1384/1338 1218/1382/1336
f 253/734/674 1220/1388/1340 1219/1384/1338
f 252/724/664 1217/1389/117 1220/1388/1340
f 244/52/47 1223/1390/1341 246/1369/1323
f 246/1391/1323 1224/1392/1342 247/1371/1324
f 247/1371/1343 1225/1393/1344 248/1372/1326
f 248/1372/1326 1222/40/36 245/42/38
f 1221/152/134 271/1381/1335 1223/1390/1341
f 1223/1394/1345 270/1395/1337 1224/1392/1342
f 1224/1392/1346 269/1387/1339 1225/1393/1344
f 269/1387/1339 1222/40/36 1225/1393/1344
f 250/731/671 1228/1396/1347 258/729/669
f 258/729/669 1229/1397/1348 259/732/672
f 259/732/681 1230/1398/1349 264/738/677
f 264/738/677 1227/1399/42 251/736/44
f 1226/169/149 243/1374/1328 1228/1396/1347
f 1228/1396/1347 242/1376/1330 1229/1397/1348
f 1229/1397/1350 241/1378/1333 1230/1398/1349
f 1230/1398/1349 239/1379/35 1227/1399/42
f 1231/69/63 211/1329/1283 209/189/169
f 1233/1400/1351 212/1330/1352 211/1329/1283
f 1234/1401/1353 213/1402/1354 212/1330/1285
f 213/1402/1354 1232/1403/142 210/1332/15
f 277/128/114 1233/1400/1351 1231/69/63
f 279/1404/1355 1234/1401/1356 1233/1400/1351
f 280/1405/1357 1235/1406/1358 1234/1401/1353
f 1235/1407/1358 278/58/53 1232/162/142
f 1236/1/1 276/1408/1359 273/177/157
f 1238/1409/1360 275/1410/1361 276/1411/1359
f 1239/1412/1362 274/1413/1363 275/1410/1364
f 274/1413/1363 1237/54/49 272/56/51
f 200/3/3 1238/1414/1360 1236/1/1
f 203/1336/1287 1239/1412/1365 1238/1409/1360
f 202/1335/1292 1240/1415/1366 1239/1412/1362
f 1240/1415/1366 199/16/13 1237/54/49
f 289/755/701 1243/1416/1367 300/753/699
f 300/753/699 1244/1417/1368 301/746/688
f 301/1418/688 1245/1419/1369 291/740/684
f 291/740/684 1242/120/107 287/176/156
f 1241/143/126 284/1420/1370 1243/1416/1367
f 1243/1416/1367 285/1421/1371 1244/1417/1368
f 1244/1422/1368 286/1423/1372 1245/1419/1369
f 1245/1419/1369 283/64/59 1242/120/107
f 1246/144/127 279/1404/1355 277/128/114
f 1248/1424/1373 280/1405/1374 279/1404/1355
f 1249/1425/1375 281/1426/1376 280/1405/1357
f 1250/1427/1377 278/58/53 281/1428/1376
f 289/755/701 1248/1424/1373 1246/144/127
f 302/754/700 1249/1425/1378 1248/1424/1373
f 296/757/1379 1250/1429/1377 1249/1425/1375
f 295/1430/693 1247/66/61 1250/1427/1377
f 1251/146/129 284/1420/1370 282/145/128
f 1253/1431/1380 285/1432/1371 284/1433/1370
f 1254/1434/1381 286/1423/1372 285/1432/1371
f 286/1423/1372 1252/62/57 283/64/59
f 273/177/157 1253/1435/1380 1251/146/129
f 276/1411/1359 1254/1434/1382 1253/1431/1380
f 275/1410/1364 1255/1436/1383 1254/1434/1381
f 274/1413/1363 1252/62/57 1255/1436/1383
f 1256/142/125 329/1437/1384 326/71/64
f 1258/1438/1385 328/1439/1386 329/1437/1384
f 1259/1440/1387 327/1441/1388 328/1439/1386
f 1260/1442/1389 325/188/168 327/1441/1388
f 310/91/83 1258/1438/1385 1256/142/125
f 312/1443/1390 1259/1440/1387 1258/1438/1385
f 313/1444/1391 1260/1442/1389 1259/1440/1387
f 314/1445/1392 1257/187/167 1260/1442/1389
f 331/85/77 1263/1446/1393 334/1447/1394
f 334/1447/1394 1264/1448/1395 333/1449/1396
f 333/1449/1396 1265/1450/1397 332/1451/1398
f 332/1451/1398 1262/123/110 330/126/113
f 1261/84/76 317/1452/1399 1263/1446/1393
f 1263/1446/1393 318/1453/1400 1264/1448/1395
f 1264/1448/1395 319/1454/1401 1265/1450/1397
f 1265/1450/1397 316/124/111 1262/123/110
f 306/81/73 1268/1455/1402 309/1456/1403
f 309/1456/1403 1269/1457/1404 308/1458/1405
f 308/1458/1405 1270/1459/1406 307/1460/1407
f 307/1460/1407 1267/140/124 305/106/96
f 1266/72/65 329/1437/1384 1268/1455/1402
f 1268/1455/1402 328/1439/1386 1269/1457/1404
f 1269/1457/1404 327/1441/1388 1270/1459/1406
f 1270/1459/1406 325/188/168 1267/140/124
f 1271/86/78 324/1461/1408 321/125/112
f 1273/1462/1409 323/1463/1410 324/1461/1408
f 1274/1464/1411 322/1465/1412 323/1463/1410
f 1275/1466/1413 320/181/161 322/1465/1412
f 331/85/77 1273/1462/1409 1271/86/78
f 334/1447/1394 1274/1464/1411 1273/1462/1409
f 333/1449/1396 1275/1466/1413 1274/1464/1411
f 332/1451/1398 1272/161/141 1275/1466/1413
f 1276/77/69 339/1467/1414 336/155/136
f 1278/1468/1415 338/1469/1416 339/1467/1414
f 1279/1470/1417 337/1471/1418 338/1469/1416
f 1280/1472/1419 335/78/70 337/1471/1418
f 321/125/112 1278/1468/1415 1276/77/69
f 324/1461/1408 1279/1470/1417 1278/1468/1415
f 323/1463/1410 1280/1472/1419 1279/1470/1417
f 322/1465/1412 1277/94/86 1280/1472/1419
f 1281/92/84 312/1443/1390 310/91/83
f 1283/1473/1420 313/1444/1391 312/1443/1390
f 1284/1474/1421 314/1445/1392 313/1444/1391
f 1285/1475/1422 311/186/166 314/1445/1392
f 340/97/88 1283/1473/1420 1281/92/84
f 342/1476/1423 1284/1474/1421 1283/1473/1420
f 343/1477/1424 1285/1475/1422 1284/1474/1421
f 344/1478/1425 1282/74/67 1285/1475/1422
f 1286/98/89 342/1476/1423 340/97/88
f 1288/1479/1426 343/1477/1424 342/1476/1423
f 1289/1480/1427 344/1478/1425 343/1477/1424
f 1290/1481/1428 341/138/122 344/1478/1425
f 350/102/92 1288/1479/1426 1286/98/89
f 352/1482/1429 1289/1480/1427 1288/1479/1426
f 353/1483/1430 1290/1481/1428 1289/1480/1427
f 354/1484/1431 1287/182/162 1290/1481/1428
f 1291/93/85 349/1485/1432 346/184/164
f 1293/1486/1433 348/1487/1434 349/1485/1432
f 1294/1488/1435 347/1489/1436 348/1487/1434
f 1295/1490/1437 345/101/91 347/1489/1436
f 336/155/136 1293/1486/1433 1291/93/85
f 339/1467/1414 1294/1488/1435 1293/1486/1433
f 338/1469/1416 1295/1490/1437 1294/1488/1435
f 337/1471/1418 1292/80/72 1295/1490/1437
f 373/185/165 1298/1491/1438 376/1492/1439
f 376/1492/1439 1299/1493/1440 375/1494/1441
f 375/1494/1441 1300/1495/1442 374/1496/1443
f 374/1496/1443 1297/172/152 372/174/154
f 1296/137/121 358/759/706 1298/1491/1438
f 1298/1491/1438 368/763/710 1299/1493/1440
f 1299/1493/1440 367/769/718 1300/1495/1442
f 1300/1495/1442 357/173/153 1297/172/152
f 1301/104/94 352/1482/1429 350/102/92
f 1303/1497/1444 353/1483/1430 352/1482/1429
f 1304/1498/1445 354/1484/1431 353/1483/1430
f 1305/1499/1446 351/179/159 354/1484/1431
f 373/185/165 1303/1497/1444 1301/104/94
f 376/1492/1439 1304/1498/1445 1303/1497/1444
f 375/1494/1441 1305/1499/1446 1304/1498/1445
f 374/1496/1443 1302/156/137 1305/1499/1446
f 1306/99/90 362/767/714 356/105/95
f 1308/1500/1447 363/772/721 362/767/714
f 1309/1501/1448 369/770/719 363/772/721
f 1310/1502/1449 357/173/153 369/770/719
f 346/184/164 1308/1500/1447 1306/99/90
f 349/1485/1432 1309/1501/1448 1308/1500/1447
f 348/1487/1434 1310/1502/1449 1309/1501/1448
f 347/1489/1436 1307/171/151 1310/1502/1449
f 315/88/80 1313/1503/1450 317/1452/1399
f 317/1452/1399 1314/1504/1451 318/1453/1400
f 318/1453/1400 1315/1505/1452 319/1454/1401
f 319/1454/1401 1312/166/146 316/124/111
f 1311/109/97 384/1506/1453 1313/1503/1450
f 1313/1503/1450 385/1507/1454 1314/1504/1451
f 1314/1504/1451 386/1508/1455 1315/1505/1452
f 1315/1505/1452 383/130/116 1312/166/146
f 378/111/99 1318/1509/1456 381/1510/1457
f 381/1510/1457 1319/1511/1458 380/1512/1459
f 380/1512/1459 1320/1513/1460 379/1514/1461
f 379/1514/1461 1317/115/102 377/114/101
f 1316/82/74 309/1456/1403 1318/1509/1456
f 1318/1509/1456 308/1458/1405 1319/1511/1458
f 1319/1511/1458 307/1460/1407 1320/1513/1460
f 1320/1513/1460 305/106/96 1317/115/102
f 1321/122/109 395/1515/725 392/178/158
f 1323/1516/1462 396/787/734 395/775/725
f 1324/1517/1463 403/788/730 396/787/734
f 1325/1518/1464 393/783/731 403/782/730
f 387/1519/105 1323/1516/1462 1321/1520/109
f 389/1521/1465 1324/1517/1463 1323/1516/1462
f 390/1522/1466 1325/1523/1464 1324/1517/1463
f 391/1524/1467 1322/150/133 1325/1518/1464
f 382/110/98 1328/1525/1468 384/1506/1453
f 384/1506/1453 1329/1526/1469 385/1507/1454
f 385/1507/1454 1330/1527/1470 386/1508/1455
f 386/1508/1455 1327/149/132 383/130/116
f 1326/116/103 406/792/738 1328/1525/1468
f 1328/1525/1468 402/784/732 1329/1526/1469
f 1329/1526/1469 401/781/729 1330/1527/1470
f 1330/1527/1470 393/783/731 1327/149/132
f 387/118/105 1333/1528/1471 389/1529/1465
f 389/1529/1465 1334/1530/1472 390/1531/1466
f 390/1531/1466 1335/1532/1473 391/1524/1467
f 391/1524/1467 1332/148/131 388/147/130
f 1331/112/100 381/1510/1457 1333/1528/1471
f 1333/1528/1471 380/1512/1459 1334/1530/1472
f 1334/1530/1472 379/1514/1461 1335/1532/1473
f 1335/1532/1473 377/114/101 1332/148/131
f 394/117/104 1338/1533/1474 397/1534/739
f 397/774/724 1337/175/155 392/178/158
f 1336/67/62 297/1535/1475 1338/1533/1474
f 1338/1536/1476 297/750/1476 290/741/1477
f 1338/1537/1478 287/176/156 1337/175/155
f 1339/1538/43 263/1539/1479 251/736/44
f 263/727/1480 1341/1540/1480 254/723/1481
f 1341/1540/1482 249/721/661 254/723/663
f 356/1541/95 1341/1542/1483 1339/1538/43
f 364/1543/707 1340/1544/118 1341/1540/1482
f 532/256/236 1344/1545/1484 544/944/879
f 544/944/879 1345/1546/1485 545/934/869
f 1345/1546/1485 535/931/866 545/934/869
f 1346/1547/1486 530/239/219 535/931/866
f 1342/255/235 553/950/885 1344/1545/1484
f 1344/1545/1484 563/953/888 1345/1546/1485
f 563/953/888 1346/1547/1486 1345/1546/1485
f 562/961/896 1343/257/237 1346/1547/1486
f 1347/249/229 557/956/891 549/250/230
f 1349/1548/1487 558/958/893 557/956/891
f 558/958/893 1351/1549/1488 564/962/897
f 564/962/897 1348/236/216 550/298/278
f 567/227/207 1349/1548/1487 1347/249/229
f 572/966/901 1350/1550/1489 1349/1548/1487
f 1350/1550/1489 580/980/916 1351/1549/1488
f 1351/1549/1488 569/265/245 1348/236/216
f 1352/284/264 575/1551/909 568/296/276
f 1354/1552/1490 576/983/1491 575/974/909
f 576/983/919 1355/1553/1492 582/981/917
f 1355/1553/1492 569/265/245 582/981/917
f 1352/284/264 541/938/873 1354/1554/1490
f 1354/1552/1490 534/932/877 1355/1555/1493
f 1355/1555/1492 534/932/867 533/930/865
f 1355/1553/1492 530/239/219 1353/238/218
f 514/295/275 1358/1556/1494 526/926/862
f 526/926/862 1359/1557/1495 527/914/850
f 1359/1557/1495 517/911/847 527/914/850
f 1360/1558/1496 512/276/256 517/911/847
f 1356/291/271 559/957/892 1358/1556/1494
f 1358/1556/1494 552/951/886 1359/1557/1495
f 552/951/886 1360/1558/1496 1359/1557/1495
f 551/949/884 1357/270/250 1360/1558/1496
f 1361/245/225 539/939/874 531/285/265
f 1363/1559/1497 540/1560/1498 539/939/874
f 540/947/882 1364/1561/1499 546/945/880
f 1364/1561/1499 532/256/236 546/945/880
f 1361/245/225 523/918/854 1363/1559/1497
f 1363/1559/1497 516/922/858 1364/1562/1500
f 1364/1563/1499 516/912/848 515/910/846
f 1364/1561/1499 512/276/256 1362/224/204
f 1365/246/226 521/919/855 513/247/227
f 1367/1564/1501 522/1565/1502 521/919/855
f 522/1565/863 1368/1566/1503 528/1567/861
f 1368/1568/1503 514/295/275 528/925/861
f 1365/246/226 577/973/908 1367/1564/1501
f 1367/1564/1501 571/978/912 1368/1569/1504
f 1368/1569/1505 571/978/1505 570/1570/1505
f 1368/1568/1503 567/227/207 1366/226/206
f 434/205/185 1371/1571/1506 438/829/767
f 438/829/767 1372/1572/1507 1837/1573/1508
f 1837/1573/1508 1373/1574/1509 441/1575/1510
f 441/1575/1510 1370/242/222 435/312/292
f 409/165/145 1371/1571/1506 1369/163/143
f 414/797/743 1372/1572/1507 1371/1571/1506
f 421/800/746 1373/1574/1509 1372/1572/1507
f 422/810/754 1370/242/222 1373/1574/1509
f 1374/254/234 451/1576/1511 445/212/192
f 1376/1577/1512 450/841/1513 451/1576/1511
f 1377/1578/1514 447/838/1515 450/841/1513
f 1378/1579/1516 443/314/294 447/838/1515
f 1374/254/234 422/811/754 1376/1577/1512
f 1376/1577/1512 418/812/752 1377/1578/1514
f 1377/1578/1514 417/803/749 1378/1579/1516
f 1378/1579/1516 410/805/751 1375/232/212
f 1379/313/293 441/1580/1510 435/312/292
f 1381/1581/1517 440/836/1518 441/1580/1510
f 1382/1582/1519 438/833/1520 440/836/1518
f 1383/1583/1521 436/229/209 438/833/771
f 1379/313/293 451/1584/1511 1381/1581/1517
f 1381/1581/1517 452/1585/1522 1382/1582/1519
f 1382/1582/1519 449/845/1523 1383/1583/1521
f 1383/1583/1521 444/842/1524 1380/243/223
f 462/862/801 1386/1586/1525 465/860/799
f 465/860/799 1387/1587/1526 466/863/802
f 466/863/802 1388/1588/1527 470/870/807
f 470/870/807 1385/274/254 463/318/298
f 424/215/195 1386/1586/1525 1384/293/273
f 428/814/1528 1387/1587/1526 1386/1586/1525
f 433/1589/763 432/1590/762 1388/1588/1527
f 430/825/1529 1385/274/254 1388/1588/1527
f 477/268/248 1391/1591/1530 480/875/1531
f 480/875/1531 1392/1592/1532 1840/1593/1533
f 1840/1593/1533 1393/1594/1534 483/1595/1535
f 483/1595/1535 1390/334/314 478/202/182
f 464/260/240 1391/1591/1530 1389/258/238
f 475/872/809 1392/1592/1532 1391/1591/1530
f 471/867/805 1393/1594/1534 1392/1592/1532
f 470/869/807 1390/334/314 1393/1594/1534
f 1394/204/184 483/1596/1535 478/202/182
f 1396/1597/1536 484/883/1537 483/1596/1535
f 1397/1598/1538 486/880/819 484/883/1537
f 1398/1599/1539 479/266/246 486/880/819
f 1394/204/184 431/826/1540 1396/1597/1536
f 1396/1597/1536 432/823/1541 1397/1598/1538
f 1397/1598/1538 429/822/1542 1398/1599/1539
f 1398/1599/1539 425/819/1543 1395/261/241
f 1399/252/232 461/1600/1544 455/191/171
f 1401/1601/1545 1838/853/1546 461/1600/1544
f 1402/1602/1547 457/849/1548 1838/853/1546
f 1403/1603/1549 453/339/319 457/849/790
f 1399/252/232 495/894/833 1401/1601/1545
f 1401/1601/1545 491/886/826 1402/1602/1547
f 1402/1602/1547 490/884/824 1403/1603/1549
f 1403/1603/1549 487/288/268 1400/290/270
f 1404/324/304 495/893/833 488/275/255
f 1406/1604/1550 496/891/831 495/893/833
f 1407/1605/1551 500/896/835 496/891/831
f 1408/1606/1552 489/280/260 500/896/835
f 1404/324/304 507/1607/1553 1406/1604/1550
f 1406/1604/1550 508/901/1554 1407/1605/1551
f 1407/1605/1551 505/900/1555 1408/1606/1552
f 1408/1606/1552 502/194/174 1405/196/176
f 1409/338/318 507/1608/1553 503/325/305
f 1411/1609/1556 508/909/1557 507/1608/1558
f 1412/1610/1559 511/906/1560 508/909/1557
f 1413/1611/1561 504/286/266 511/906/1562
f 1409/338/318 461/1612/1544 1411/1609/1556
f 1411/1609/1556 459/858/1563 1412/1610/1559
f 1412/1610/1559 457/857/1564 1413/1611/1565
f 1413/1611/1561 454/854/793 1410/281/261
f 587/1000/311 1416/1613/1566 597/998/939
f 597/998/939 1417/1614/1567 598/991/929
f 598/991/929 1418/1615/1568 590/987/924
f 590/987/924 1415/278/258 585/985/922
f 1414/1616/310 612/1011/952 1416/1613/1566
f 1416/1613/1566 606/1005/946 1417/1614/1567
f 1417/1614/1567 605/1003/944 1418/1615/1568
f 1418/1615/1568 602/317/297 1415/278/258
f 1419/304/284 623/1022/961 620/316/296
f 1421/1617/1569 624/1032/971 623/1022/961
f 1422/1618/1570 630/1028/967 624/1032/971
f 1423/1619/1571 621/1029/200 630/1028/967
f 604/303/283 1421/1617/1569 1419/304/284
f 617/1017/957 1422/1618/1570 1421/1617/1569
f 611/1013/953 1423/1619/1571 1422/1618/1570
f 610/1010/951 1420/1620/198 1423/1619/1571
f 1424/307/287 593/995/934 586/305/285
f 1426/1621/1572 594/1002/943 593/995/934
f 1427/1622/1573 599/999/940 594/1002/943
f 1428/1623/1574 587/1000/311 599/999/940
f 1424/307/287 634/1034/973 1426/1621/1572
f 1426/1621/1572 629/1030/968 1427/1622/1573
f 1427/1622/1573 628/1027/966 1428/1623/1574
f 1428/1623/1574 621/1029/200 1425/1624/199
f 1429/1625/301 649/1049/989 638/1051/299
f 1431/1626/1575 650/1041/981 649/1049/989
f 1432/1627/1576 641/1038/978 650/1041/981
f 1433/1628/1577 636/221/201 641/1038/978
f 655/1063/303 1431/1626/1575 1429/1625/301
f 664/1062/999 1432/1627/1576 1431/1626/1575
f 658/1066/1003 1433/1628/1577 1432/1627/1576
f 657/1056/994 1430/222/202 1433/1628/1577
f 672/1085/316 1436/1629/1578 683/1083/1022
f 683/1083/1022 1437/1630/1579 684/1077/1015
f 684/1077/1015 1438/1631/1580 674/1073/1011
f 674/1073/1011 1435/208/188 670/1071/1009
f 1434/1632/315 651/1050/990 1436/1629/1578
f 1436/1629/1578 645/1046/986 1437/1630/1579
f 1437/1630/1579 644/1044/984 1438/1631/1580
f 1438/1631/1580 637/310/290 1435/208/188
f 1439/309/289 678/1081/1019 671/311/291
f 1441/1633/1581 679/1087/1025 678/1081/1019
f 1442/1634/1582 685/1084/1023 679/1087/1025
f 1443/1635/1583 672/1085/316 685/1084/1023
f 1439/309/289 668/1068/1005 1441/1633/1581
f 1441/1633/1581 663/1064/1000 1442/1634/1582
f 1442/1634/1582 662/1061/998 1443/1635/1583
f 1443/1635/1583 655/1063/303 1440/1636/302
f 1444/329/309 691/1090/1028 688/341/321
f 1446/1637/1584 692/1100/1038 691/1090/1028
f 1447/1638/1585 699/1096/1035 692/1100/1038
f 1448/1639/1586 689/1097/191 699/1096/1035
f 706/328/308 1446/1637/1584 1444/329/309
f 711/1105/1045 1447/1638/1585 1446/1637/1584
f 720/1108/1048 1448/1639/1586 1447/1638/1585
f 719/1116/1056 1445/1640/181 1448/1639/1586
f 1449/198/178 714/1111/1051 707/299/279
f 1451/1641/1587 715/1113/1053 714/1111/1051
f 715/1113/1053 1453/1642/1588 721/1117/1057
f 721/1117/1057 1450/1643/306 708/1118/179
f 724/1121/1059 1451/1641/1587 1449/198/178
f 729/1123/1061 1452/1644/1589 1451/1641/1587
f 1452/1644/1589 738/1134/1075 1453/1642/1588
f 1453/1642/1588 726/1136/307 1450/1643/306
f 725/301/281 1456/1645/1590 733/1131/1069
f 1456/1645/1590 734/1138/1591 733/1131/1069
f 1457/1646/1592 740/1135/1076 734/1138/1078
f 1458/1647/1593 726/1136/307 740/1135/1076
f 1454/300/280 703/1103/1041 1456/1645/1590
f 1456/1645/1590 698/1098/1036 1457/1646/1592
f 1457/1646/1592 697/1095/1034 1458/1647/1593
f 1458/1647/1593 689/1097/191 1455/1648/190
f 409/165/145 1461/1649/1594 412/796/742
f 412/796/742 1462/1650/1595 413/798/1596
f 413/798/1596 1463/1651/1597 419/804/750
f 1463/1651/1597 410/805/751 419/804/750
f 1459/164/144 607/1004/945 1461/1649/1594
f 1461/1649/1594 616/1007/948 1462/1650/1595
f 616/1007/948 1463/1651/1597 1462/1650/1595
f 615/1016/956 1460/233/213 1463/1651/1597
f 622/306/286 1466/1652/1598 632/1035/974
f 1466/1652/1599 633/1025/1600 632/1035/1601
f 633/1025/1602 1467/1653/1603 625/1021/960
f 1467/1653/1603 620/316/296 625/1021/960
f 444/842/1524 1466/1652/1598 1464/244/224
f 1466/1652/1599 446/1654/1604 1467/1655/1605
f 1467/1653/1603 443/314/294 1465/315/295
f 424/215/195 1470/1656/1606 427/813/1607
f 427/813/1608 1470/1656/1609 1471/1657/1610
f 1471/1658/1611 425/819/1543 427/821/1612
f 654/337/317 1470/1656/1606 1468/217/197
f 1470/1656/1609 667/1059/1613 1471/1657/1610
f 1471/1657/1611 667/1059/1614 666/1069/1006
f 1471/1658/1611 656/308/288 1469/262/242
f 670/1071/1009 1474/1659/1615 673/1074/1616
f 1474/1659/1617 680/1660/1618 673/1074/1012
f 1475/1661/1619 671/311/291 680/1080/1018
f 1472/207/187 481/876/1620 1474/1659/1615
f 1474/1659/1617 481/881/1621 1475/1662/1622
f 1475/1662/1622 481/881/1621 485/879/1617
f 485/879/818 1473/267/247 1475/1661/1619
f 1476/279/259 498/895/834 489/280/260
f 1478/1663/1623 499/888/1624 498/895/834
f 1479/1664/1625 492/885/825 499/888/1624
f 1480/1665/1626 487/288/268 492/885/825
f 707/299/279 1478/1663/1623 1476/279/259
f 716/1112/1052 1479/1664/1625 1478/1663/1623
f 710/1106/1046 1480/1665/1626 1479/1664/1625
f 709/1104/1044 1477/1666/1627 1480/1665/1626
f 690/302/282 1483/1667/1628 702/1668/1042
f 702/1093/1032 1484/1669/1629 693/1089/1030
f 693/1089/1027 1482/340/320 688/341/321
f 1481/282/262 460/856/795 1483/1667/1628
f 1483/1670/1629 456/848/1630 1484/1669/1629
f 1484/1669/1631 453/339/319 1482/340/320
f 585/985/922 1487/1671/1632 588/989/1633
f 1487/1671/1634 589/988/1635 588/989/1636
f 589/988/1637 1488/1672/1638 595/994/933
f 1488/1672/1638 586/305/285 595/994/933
f 1485/277/257 437/828/768 1487/1671/1632
f 1487/1671/1634 437/834/1639 1488/1673/1640
f 1488/1673/1640 437/834/1639 442/832/1639
f 1488/1672/1638 436/229/209 1486/231/211
f 464/260/240 1491/1674/1641 473/871/808
f 473/871/808 1492/1675/1642 474/866/1643
f 474/866/1643 1493/1676/1644 467/861/800
f 467/861/800 1490/294/274 462/862/801
f 1489/259/239 646/1045/985 1491/1674/1641
f 1491/1674/1641 640/1039/979 1492/1675/1642
f 1492/1675/1642 639/1037/977 1493/1676/1644
f 1493/1676/1644 636/221/201 1490/294/274
f 1494/287/267 509/905/1645 504/286/266
f 509/905/1646 1497/1677/1647 510/904/1648
f 510/904/1649 1498/1678/1650 506/899/1651
f 506/899/1652 1495/197/177 502/194/174
f 725/301/281 1496/1679/1653 1494/287/267
f 1496/1679/1654 728/1124/1072 1497/1677/1647
f 1497/1677/1655 727/1125/1063 1498/1678/1650
f 1498/1678/1656 724/1121/1059 1495/197/177
f 764/366/343 1501/1680/1657 767/1681/1658
f 767/1681/1658 1502/1682/1659 766/1683/1660
f 766/1683/1661 1503/1684/1662 765/1685/1663
f 1503/1686/1662 763/521/480 765/1687/1663
f 1499/365/342 750/1688/1664 1501/1680/1657
f 1501/1680/1657 751/1689/1665 1502/1682/1659
f 1502/1682/1666 752/1690/1667 1503/1684/1662
f 752/1691/1667 1500/480/443 1503/1686/1662
f 1504/402/376 772/1692/1668 769/349/328
f 1506/1693/1669 771/1694/1670 772/1692/1668
f 1507/1695/1671 770/1696/1672 771/1694/1673
f 770/1697/1672 1505/460/426 768/362/339
f 753/532/489 1506/1693/1669 1504/402/376
f 755/1698/1674 1507/1695/1675 1506/1693/1669
f 756/1699/1676 1508/1700/1677 1507/1695/1671
f 1508/1701/1677 754/359/336 1505/460/426
f 1509/470/435 747/1702/1678 744/344/324
f 1511/1703/1679 746/1704/1680 747/1702/1678
f 1512/1705/1681 745/1706/1682 746/1704/1683
f 745/1706/1682 1510/1707/325 743/1708/334
f 764/366/343 1511/1703/1679 1509/470/435
f 767/1681/1658 1512/1705/1684 1511/1703/1679
f 766/1683/1661 1513/1709/1685 1512/1705/1681
f 1513/1709/1685 763/1710/480 1510/1707/325
f 759/499/459 1516/1711/1686 762/1712/1687
f 762/1712/1687 1517/1713/1688 761/1714/1689
f 761/1714/1690 1518/1715/1691 760/1716/1692
f 1518/1717/1691 758/351/329 760/1718/1692
f 1514/367/344 772/1692/1668 1516/1711/1686
f 1516/1711/1686 771/1694/1670 1517/1713/1688
f 1517/1713/1693 770/1696/1672 1518/1715/1691
f 770/1697/1672 1515/364/341 1518/1717/1691
f 774/500/460 1521/1719/1694 777/1720/1695
f 777/1720/1695 1522/1721/1696 776/1722/1697
f 776/1722/1698 1523/1723/1699 775/1724/1700
f 1523/1725/1699 773/370/346 775/1726/1700
f 1519/494/455 762/1712/1687 1521/1719/1694
f 1521/1719/1694 761/1714/1689 1522/1721/1696
f 1522/1721/1701 760/1716/1692 1523/1723/1699
f 760/1718/1692 1520/353/331 1523/1725/1699
f 748/356/333 1526/1727/1702 750/1688/1664
f 750/1688/1664 1527/1728/1703 751/1689/1665
f 751/1689/1704 1528/1729/1705 752/1690/1667
f 1528/1730/1705 749/376/352 752/1691/1667
f 1524/355/332 780/1731/1706 1526/1727/1702
f 1526/1727/1702 781/1732/1707 1527/1728/1703
f 1527/1728/1708 782/1733/1709 1528/1729/1705
f 782/1734/1709 1525/374/350 1528/1730/1705
f 778/385/360 1531/1735/1710 780/1731/1706
f 780/1731/1706 1532/1736/1711 781/1732/1707
f 781/1732/1712 1533/1737/1713 782/1733/1709
f 1533/1738/1713 779/373/349 782/1734/1709
f 1529/394/368 790/1739/1714 1531/1735/1710
f 1531/1735/1710 791/1740/1715 1532/1736/1711
f 1532/1736/1716 792/1741/1717 1533/1737/1713
f 792/1742/1717 1530/371/347 1533/1738/1713
f 784/533/490 1536/1743/1718 787/1744/1719
f 787/1744/1719 1537/1745/1720 786/1746/1721
f 786/1746/1722 1538/1747/1723 785/1748/1724
f 1538/1749/1723 783/380/356 785/1750/1724
f 1534/525/483 777/1720/1695 1536/1743/1718
f 1536/1743/1718 776/1722/1697 1537/1745/1720
f 1537/1745/1725 775/1724/1700 1538/1747/1723
f 775/1726/1700 1535/378/354 1538/1749/1723
f 1539/511/470 815/1751/1726 812/509/468
f 1541/1752/1727 814/1753/1728 815/1751/1726
f 1542/1754/1729 813/1755/1730 814/1753/1728
f 1543/1756/1731 811/390/365 813/1757/1730
f 794/1148/1090 1541/1752/1727 1539/511/470
f 804/1147/1089 1542/1754/1729 1541/1752/1727
f 797/1151/1093 1543/1758/1731 1542/1754/1729
f 796/1142/1084 1540/474/437 1543/1758/1731
f 788/393/367 1546/1759/1732 790/1739/1714
f 790/1739/1714 1547/1760/1733 791/1740/1715
f 791/1740/1734 1548/1761/1735 792/1741/1717
f 792/1742/1717 1545/381/357 789/383/359
f 1544/493/454 815/1751/1726 1546/1759/1732
f 1546/1759/1736 814/1753/1728 1547/1760/1733
f 1547/1760/1737 813/1755/1730 1548/1761/1735
f 813/1757/1730 1545/381/357 1548/1762/1735
f 794/1148/1090 1551/1763/1738 802/1146/1088
f 802/1146/1088 1552/1764/1739 803/1149/1091
f 803/1149/1100 1553/1765/1740 808/1157/1096
f 808/1154/1096 1550/387/362 795/389/364
f 1549/510/469 787/1744/1719 1551/1763/1738
f 1551/1763/1738 786/1746/1721 1552/1764/1739
f 1552/1764/1741 785/1748/1724 1553/1765/1740
f 1553/1766/1740 783/380/356 1550/387/362
f 1554/410/383 755/1698/1674 753/532/489
f 1556/1767/1742 756/1699/1743 755/1698/1674
f 1557/1768/1744 757/1769/1745 756/1699/1676
f 757/1770/1745 1555/503/462 754/359/336
f 821/469/434 1556/1767/1742 1554/410/383
f 823/1771/1746 1557/1768/1747 1556/1767/1742
f 824/1772/1748 1558/1773/1749 1557/1768/1744
f 1558/1774/1749 822/399/373 1555/503/462
f 1559/342/322 820/1775/1750 817/518/477
f 1561/1776/1751 819/1777/1752 820/1775/1750
f 1562/1778/1753 818/1779/1754 819/1777/1755
f 818/1780/1754 1560/395/369 816/397/371
f 744/344/324 1561/1776/1751 1559/342/322
f 747/1702/1678 1562/1778/1756 1561/1776/1751
f 746/1704/1683 1563/1781/1757 1562/1778/1753
f 1563/1781/1757 743/1708/334 1560/1782/369
f 833/1175/1120 1566/1783/1758 844/1173/1118
f 844/1173/1118 1567/1784/1759 845/1164/1107
f 845/1164/1107 1568/1785/1760 835/1160/1103
f 835/1786/1103 1565/461/427 831/517/476
f 1564/484/446 828/1787/1761 1566/1783/1758
f 1566/1783/1758 829/1788/1762 1567/1784/1759
f 1567/1784/1759 830/1789/1763 1568/1785/1760
f 1568/1790/1760 827/405/379 1565/461/427
f 1569/485/447 823/1771/1746 821/469/434
f 1571/1791/1764 824/1772/1765 823/1771/1746
f 1572/1792/1766 825/1793/1767 824/1772/1748
f 1573/1794/1768 822/399/373 825/1795/1767
f 833/1175/1120 1571/1791/1764 1569/485/447
f 846/1174/1119 1572/1792/1769 1571/1791/1764
f 840/1177/1770 1573/1796/1768 1572/1792/1766
f 839/1797/1112 1570/407/381 1573/1794/1768
f 1574/487/449 828/1787/1761 826/486/448
f 1576/1798/1771 829/1788/1762 828/1787/1761
f 1577/1799/1772 830/1789/1763 829/1788/1762
f 830/1800/1763 1575/403/377 827/405/379
f 817/518/477 1576/1798/1771 1574/487/449
f 820/1775/1750 1577/1799/1773 1576/1798/1771
f 819/1777/1755 1578/1801/1774 1577/1799/1772
f 818/1780/1754 1575/403/377 1578/1802/1774
f 1579/483/445 873/1803/1775 870/412/384
f 1581/1804/1776 872/1805/1777 873/1803/1775
f 1582/1806/1778 871/1807/1779 872/1805/1777
f 1583/1808/1780 869/531/488 871/1807/1779
f 854/432/402 1581/1804/1776 1579/483/445
f 856/1809/1781 1582/1806/1778 1581/1804/1776
f 857/1810/1782 1583/1808/1780 1582/1806/1778
f 858/1811/1783 1580/530/487 1583/1808/1780
f 875/426/396 1586/1812/1784 878/1813/1785
f 878/1813/1785 1587/1814/1786 877/1815/1787
f 877/1815/1787 1588/1816/1788 876/1817/1789
f 876/1817/1789 1585/464/430 874/467/433
f 1584/425/395 861/1818/1790 1586/1812/1784
f 1586/1812/1784 862/1819/1791 1587/1814/1786
f 1587/1814/1786 863/1820/1792 1588/1816/1788
f 1588/1816/1788 860/465/431 1585/464/430
f 850/422/392 1591/1821/1793 853/1822/1794
f 853/1822/1794 1592/1823/1795 852/1824/1796
f 852/1824/1796 1593/1825/1797 851/1826/1798
f 851/1826/1798 1590/481/444 849/447/416
f 1589/413/385 873/1803/1775 1591/1821/1793
f 1591/1821/1793 872/1805/1777 1592/1823/1795
f 1592/1823/1795 871/1807/1779 1593/1825/1797
f 1593/1825/1797 869/531/488 1590/481/444
f 1594/427/397 868/1827/1799 865/466/432
f 1596/1828/1800 867/1829/1801 868/1827/1799
f 1597/1830/1802 866/1831/1803 867/1829/1801
f 1598/1832/1804 864/522/481 866/1831/1803
f 875/426/396 1596/1828/1800 1594/427/397
f 878/1813/1785 1597/1830/1802 1596/1828/1800
f 877/1815/1787 1598/1832/1804 1597/1830/1802
f 876/1817/1789 1595/502/461 1598/1832/1804
f 1599/418/389 883/1833/1805 880/496/456
f 1601/1834/1806 882/1835/1807 883/1833/1805
f 1602/1836/1808 881/1837/1809 882/1835/1807
f 1603/1838/1810 879/419/390 881/1837/1809
f 865/466/432 1601/1834/1806 1599/418/389
f 868/1827/1799 1602/1836/1808 1601/1834/1806
f 867/1829/1801 1603/1838/1810 1602/1836/1808
f 866/1831/1803 1600/435/405 1603/1838/1810
f 1604/433/403 856/1809/1781 854/432/402
f 1606/1839/1811 857/1810/1782 856/1809/1781
f 1607/1840/1812 858/1811/1783 857/1810/1782
f 1608/1841/1813 855/529/486 858/1811/1783
f 884/438/407 1606/1839/1811 1604/433/403
f 886/1842/1814 1607/1840/1812 1606/1839/1811
f 887/1843/1815 1608/1841/1813 1607/1840/1812
f 888/1844/1816 1605/415/387 1608/1841/1813
f 1609/439/408 886/1842/1814 884/438/407
f 1611/1845/1817 887/1843/1815 886/1842/1814
f 1612/1846/1818 888/1844/1816 887/1843/1815
f 1613/1847/1819 885/479/442 888/1844/1816
f 894/443/412 1611/1845/1817 1609/439/408
f 896/1848/1820 1612/1846/1818 1611/1845/1817
f 897/1849/1821 1613/1847/1819 1612/1846/1818
f 898/1850/1822 1610/523/482 1613/1847/1819
f 1614/434/404 893/1851/1823 890/526/484
f 1616/1852/1824 892/1853/1825 893/1851/1823
f 1617/1854/1826 891/1855/1827 892/1853/1825
f 1618/1856/1828 889/442/411 891/1855/1827
f 880/496/456 1616/1852/1824 1614/434/404
f 883/1833/1805 1617/1854/1826 1616/1852/1824
f 882/1835/1807 1618/1856/1828 1617/1854/1826
f 881/1837/1809 1615/421/391 1618/1856/1828
f 917/528/485 1621/1857/1829 920/1858/1830
f 920/1858/1830 1622/1859/1831 919/1860/1832
f 919/1860/1832 1623/1861/1833 918/1862/1834
f 918/1862/1834 1620/513/472 916/515/474
f 1619/1863/441 903/1180/1125 1621/1857/1829
f 1621/1857/1829 912/1184/1129 1622/1859/1831
f 1622/1859/1831 911/1190/1137 1623/1861/1833
f 1623/1861/1833 901/514/473 1620/513/472
f 1624/445/414 896/1848/1820 894/443/412
f 1626/1864/1835 897/1849/1821 896/1848/1820
f 1627/1865/1836 898/1850/1822 897/1849/1821
f 1628/1866/1837 895/520/479 898/1850/1822
f 917/528/485 1626/1864/1835 1624/445/414
f 920/1858/1830 1627/1865/1836 1626/1864/1835
f 919/1860/1832 1628/1866/1837 1627/1865/1836
f 918/1862/1834 1625/497/457 1628/1866/1837
f 1629/440/409 907/1188/1133 900/446/415
f 1631/1867/1838 908/1193/1140 907/1188/1133
f 1632/1868/1839 913/1191/1138 908/1193/1140
f 1633/1869/1840 901/514/473 913/1191/1138
f 890/526/484 1631/1867/1838 1629/440/409
f 893/1851/1823 1632/1868/1839 1631/1867/1838
f 892/1853/1825 1633/1869/1840 1632/1868/1839
f 891/1855/1827 1630/512/471 1633/1869/1840
f 859/429/399 1636/1870/1841 861/1818/1790
f 861/1818/1790 1637/1871/1842 862/1819/1791
f 862/1819/1791 1638/1872/1843 863/1820/1792
f 863/1820/1792 1635/507/466 860/465/431
f 1634/450/417 928/1873/1844 1636/1870/1841
f 1636/1870/1841 929/1874/1845 1637/1871/1842
f 1637/1871/1842 930/1875/1846 1638/1872/1843
f 1638/1872/1843 927/471/436 1635/507/466
f 922/452/419 1641/1876/1847 925/1877/1848
f 925/1877/1848 1642/1878/1849 924/1879/1850
f 924/1879/1850 1643/1880/1851 923/1881/1852
f 923/1881/1852 1640/456/422 921/455/421
f 1639/423/393 853/1822/1794 1641/1876/1847
f 1641/1876/1847 852/1824/1796 1642/1878/1849
f 1642/1878/1849 851/1826/1798 1643/1880/1851
f 1643/1880/1851 849/447/416 1640/456/422
f 1644/463/429 939/1196/1144 936/519/478
f 1646/1882/1853 940/1205/1153 939/1196/1144
f 1647/1883/1854 947/1201/1149 940/1205/1153
f 1648/1884/1855 937/1202/1150 947/1201/1149
f 931/459/425 1646/1882/1853 1644/463/429
f 933/1885/1856 1647/1883/1854 1646/1882/1853
f 934/1886/1857 1648/1884/1855 1647/1883/1854
f 935/1887/1858 1645/491/453 1648/1884/1855
f 926/451/418 1651/1888/1859 928/1873/1844
f 928/1873/1844 1652/1889/1860 929/1874/1845
f 929/1874/1845 1653/1890/1861 930/1875/1846
f 930/1875/1846 1650/490/452 927/471/436
f 1649/457/423 950/1208/1157 1651/1888/1859
f 1651/1888/1859 946/1203/1151 1652/1889/1860
f 1652/1889/1860 945/1200/1148 1653/1890/1861
f 1653/1890/1861 937/1202/1150 1650/490/452
f 931/459/425 1656/1891/1862 933/1885/1856
f 933/1885/1856 1657/1892/1863 934/1886/1857
f 934/1886/1857 1658/1893/1864 935/1887/1858
f 935/1887/1858 1655/489/451 932/488/450
f 1654/453/420 925/1877/1848 1656/1891/1862
f 1656/1891/1862 924/1879/1850 1657/1892/1863
f 1657/1892/1863 923/1881/1852 1658/1893/1864
f 1658/1893/1864 921/455/421 1655/489/451
f 938/458/424 1661/1894/1865 941/1895/1158
f 941/1195/1143 1660/516/475 936/519/478
f 1659/408/382 841/1168/1866 1661/1894/1865
f 1661/1894/1867 841/1168/1868 834/1896/1869
f 1661/1897/1870 831/517/476 1660/516/475
f 1662/388/363 807/1898/1871 795/389/364
f 807/1898/1872 1664/1899/1872 798/1900/1872
f 1664/1901/1873 793/1139/1081 798/1141/1083
f 900/446/415 1664/1902/1874 1662/388/363
f 902/1903/1126 1663/475/438 1664/1901/1873
f 974/555/509 1667/1904/1875 977/1905/1876
f 977/1905/1876 1668/1906/1877 976/1907/1878
f 976/1907/1879 1669/1908/1880 975/1909/1881
f 1669/1910/1880 973/708/649 975/1911/1881
f 1665/554/508 960/1912/1882 1667/1904/1875
f 1667/1904/1875 961/1913/1883 1668/1906/1877
f 1668/1906/1884 962/1914/1885 1669/1908/1880
f 962/1915/1885 1666/670/613 1669/1910/1880
f 1670/591/543 982/1916/1886 979/538/494
f 1672/1917/1887 981/1918/1888 982/1919/1886
f 1673/1920/1889 980/1921/1890 981/1918/1891
f 980/1921/1890 1671/650/596 978/551/505
f 963/719/659 1672/1922/1887 1670/591/543
f 965/1923/1892 1673/1920/1893 1672/1917/1887
f 966/1924/1894 1674/1925/1895 1673/1920/1889
f 1674/1925/1895 964/548/502 1671/650/596
f 1675/660/605 957/1926/1896 954/506/465
f 1677/1927/1897 956/1928/1898 957/1926/1896
f 1678/1929/1899 955/1930/1900 956/1928/1901
f 955/1931/1900 1676/534/491 953/546/500
f 974/555/509 1677/1927/1897 1675/660/605
f 977/1905/1876 1678/1929/1902 1677/1927/1897
f 976/1907/1879 1679/1932/1903 1678/1929/1899
f 1679/1933/1903 973/708/649 1676/534/491
f 969/689/631 1682/1934/1904 972/1935/1905
f 972/1936/1905 1683/1937/1906 971/1938/1907
f 971/1938/1908 1684/1939/1909 970/1940/1910
f 1684/1939/1909 968/540/495 970/1940/1910
f 1680/556/510 982/1916/1886 1682/1934/1904
f 1682/1941/1904 981/1918/1888 1683/1937/1906
f 1683/1937/1911 980/1921/1890 1684/1939/1909
f 980/1921/1890 1681/553/507 1684/1939/1909
f 984/690/632 1687/1942/1912 987/1943/1913
f 987/1943/1913 1688/1944/1914 986/1945/1915
f 986/1946/1916 1689/1947/1917 985/1948/1918
f 1689/1947/1917 983/559/512 985/1948/1918
f 1685/684/626 972/1935/1905 1687/1942/1912
f 1687/1949/1912 971/1938/1907 1688/1950/1914
f 1688/1950/1919 970/1940/1910 1689/1947/1917
f 970/1940/1910 1686/542/497 1689/1947/1917
f 958/545/499 1692/1951/1920 960/1912/1882
f 960/1912/1882 1693/1952/1921 961/1913/1883
f 961/1913/1922 1694/1953/1923 962/1914/1885
f 1694/1954/1923 959/565/518 962/1915/1885
f 1690/544/498 990/1955/1924 1692/1951/1920
f 1692/1951/1920 991/1956/1925 1693/1952/1921
f 1693/1952/1926 992/1957/1927 1694/1953/1923
f 992/1957/1927 1691/1958/516 1694/1953/1923
f 988/574/526 1697/1959/1928 990/1955/1924
f 990/1955/1924 1698/1960/1929 991/1956/1925
f 991/1956/1930 1699/1961/1931 992/1957/1927
f 1699/1961/1931 989/1962/515 992/1957/1927
f 1695/583/535 1000/1963/1932 1697/1959/1928
f 1697/1959/1928 1001/1964/1933 1698/1960/1929
f 1698/1960/1934 1002/1965/1935 1699/1961/1931
f 1002/1965/1935 1696/1966/513 1699/1961/1931
f 994/720/660 1702/1967/1936 997/1968/1937
f 997/1968/1937 1703/1969/1938 996/1970/1939
f 996/1971/1940 1704/1972/1941 995/1973/1942
f 1704/1972/1941 993/569/522 995/1973/1942
f 1700/713/654 987/1943/1913 1702/1967/1936
f 1702/1967/1936 986/1945/1915 1703/1969/1938
f 1703/1974/1943 985/1948/1918 1704/1972/1941
f 985/1948/1918 1701/567/520 1704/1972/1941
f 1705/698/639 1034/1248/1197 1023/696/637
f 1707/1975/1944 1035/1236/1187 1034/1248/1197
f 1708/1976/1945 1026/1233/1184 1035/1236/1187
f 1709/1977/1946 1021/712/653 1026/1233/1184
f 1004/1220/1171 1707/1975/1944 1705/698/639
f 1014/1219/1170 1708/1976/1945 1707/1975/1944
f 1007/1223/1174 1709/1977/1946 1708/1976/1945
f 1006/1213/1164 1706/664/607 1709/1977/1946
f 998/582/534 1712/1978/1947 1000/1963/1932
f 1000/1963/1932 1713/1979/1948 1001/1964/1933
f 1001/1964/1949 1714/1980/1950 1002/1965/1935
f 1002/1965/1935 1711/1981/523 999/1982/525
f 1710/683/625 1036/1247/1196 1712/1978/1947
f 1712/1978/1951 1030/1242/1200 1713/1979/1948
f 1713/1979/1952 1029/1239/1190 1714/1980/1950
f 1714/1980/1950 1022/1241/531 1711/1981/523
f 1004/1220/1171 1717/1983/1953 1012/1218/1169
f 1012/1218/1169 1718/1984/1954 1013/1221/1172
f 1013/1230/1181 1719/1985/1955 1018/1226/1177
f 1018/1226/1177 1716/576/528 1005/578/530
f 1715/697/638 997/1968/1937 1717/1983/1953
f 1717/1983/1953 996/1970/1939 1718/1984/1954
f 1718/1986/1956 995/1973/1942 1719/1985/1955
f 1719/1985/1955 993/569/522 1716/576/528
f 1720/599/550 965/1987/1892 963/719/659
f 1722/1988/1957 966/1924/1958 965/1923/1892
f 1723/1989/1959 967/1990/1960 966/1924/1894
f 967/1990/1960 1721/693/634 964/548/502
f 1044/659/604 1722/1991/1957 1720/599/550
f 1046/1992/1961 1723/1989/1962 1722/1988/1957
f 1047/1993/1963 1724/1994/1964 1723/1989/1959
f 1724/1994/1964 1045/588/540 1721/693/634
f 1725/504/463 1043/1995/1965 1040/705/646
f 1727/1996/1966 1042/1997/1967 1043/1995/1965
f 1728/1998/1968 1041/1999/1969 1042/1997/1970
f 1041/2000/1969 1726/584/536 1039/586/538
f 954/506/465 1727/1996/1966 1725/504/463
f 957/1926/1896 1728/1998/1971 1727/1996/1966
f 956/1928/1901 1729/2001/1972 1728/1998/1968
f 1729/2002/1972 953/546/500 1726/584/536
f 1056/1267/1220 1732/2003/1973 1067/1265/1218
f 1067/1265/1218 1733/2004/1974 1068/1255/1207
f 1068/1255/1207 1734/2005/1975 1058/1251/1203
f 1058/1251/1203 1731/2006/597 1054/1249/645
f 1730/674/616 1051/2007/1976 1732/2003/1973
f 1732/2003/1973 1052/2008/1977 1733/2004/1974
f 1733/2004/1974 1053/2009/1978 1734/2005/1975
f 1734/2010/1975 1050/594/546 1731/651/597
f 1735/675/617 1046/2011/1961 1044/659/604
f 1737/2012/1979 1047/1993/1980 1046/1992/1961
f 1738/2013/1981 1048/2014/1982 1047/1993/1963
f 1739/2015/1983 1045/588/540 1048/2014/1982
f 1056/1267/1220 1737/2016/1979 1735/675/617
f 1069/2017/1219 1738/2013/1984 1737/2012/1979
f 1063/2018/1985 1739/2015/1983 1738/2013/1981
f 1062/1260/1212 1736/596/548 1739/2015/1983
f 1740/677/619 1051/2007/1976 1049/676/618
f 1742/2019/1986 1052/2008/1977 1051/2007/1976
f 1743/2020/1987 1053/2009/1978 1052/2008/1977
f 1053/2021/1978 1741/592/544 1050/594/546
f 1040/705/646 1742/2019/1986 1740/677/619
f 1043/1995/1965 1743/2020/1988 1742/2019/1986
f 1042/1997/1970 1744/2022/1989 1743/2020/1987
f 1041/2000/1969 1741/592/544 1744/2023/1989
f 1745/673/615 1096/2024/1990 1093/601/551
f 1747/2025/1991 1095/2026/1992 1096/2024/1990
f 1748/2027/1993 1094/2028/1994 1095/2026/1992
f 1749/2029/1995 1092/718/658 1094/2028/1994
f 1077/621/570 1747/2025/1991 1745/673/615
f 1079/2030/1996 1748/2027/1993 1747/2025/1991
f 1080/2031/1997 1749/2029/1995 1748/2027/1993
f 1081/2032/1998 1746/717/657 1749/2029/1995
f 1098/615/564 1752/2033/1999 1101/2034/2000
f 1101/2034/2000 1753/2035/2001 1100/2036/2002
f 1100/2036/2002 1754/2037/2003 1099/2038/2004
f 1099/2038/2004 1751/654/600 1097/657/603
f 1750/614/563 1084/2039/2005 1752/2033/1999
f 1752/2033/1999 1085/2040/2006 1753/2035/2001
f 1753/2035/2001 1086/2041/2007 1754/2037/2003
f 1754/2037/2003 1083/655/601 1751/654/600
f 1073/611/560 1757/2042/2008 1076/2043/2009
f 1076/2043/2009 1758/2044/2010 1075/2045/2011
f 1075/2045/2011 1759/2046/2012 1074/2047/2013
f 1074/2047/2013 1756/671/614 1072/637/586
f 1755/602/552 1096/2024/1990 1757/2042/2008
f 1757/2042/2008 1095/2026/1992 1758/2044/2010
f 1758/2044/2010 1094/2028/1994 1759/2046/2012
f 1759/2046/2012 1092/718/658 1756/671/614
f 1760/616/565 1091/2048/2014 1088/656/602
f 1762/2049/2015 1090/2050/2016 1091/2048/2014
f 1763/2051/2017 1089/2052/2018 1090/2050/2016
f 1764/2053/2019 1087/709/650 1089/2052/2018
f 1098/615/564 1762/2049/2015 1760/616/565
f 1101/2034/2000 1763/2051/2017 1762/2049/2015
f 1100/2036/2002 1764/2053/2019 1763/2051/2017
f 1099/2038/2004 1761/692/633 1764/2053/2019
f 1765/607/556 1106/2054/2020 1103/686/628
f 1767/2055/2021 1105/2056/2022 1106/2054/2020
f 1768/2057/2023 1104/2058/2024 1105/2056/2022
f 1769/2059/2025 1102/608/557 1104/2058/2024
f 1088/656/602 1767/2055/2021 1765/607/556
f 1091/2048/2014 1768/2057/2023 1767/2055/2021
f 1090/2050/2016 1769/2059/2025 1768/2057/2023
f 1089/2052/2018 1766/624/573 1769/2059/2025
f 1770/622/571 1079/2030/1996 1077/621/570
f 1772/2060/2026 1080/2031/1997 1079/2030/1996
f 1773/2061/2027 1081/2032/1998 1080/2031/1997
f 1774/2062/2028 1078/716/656 1081/2032/1998
f 1107/627/576 1772/2060/2026 1770/622/571
f 1109/2063/2029 1773/2061/2027 1772/2060/2026
f 1110/2064/2030 1774/2062/2028 1773/2061/2027
f 1111/2065/2031 1771/604/554 1774/2062/2028
f 1775/628/577 1109/2063/2029 1107/627/576
f 1777/2066/2032 1110/2064/2030 1109/2063/2029
f 1778/2067/2033 1111/2065/2031 1110/2064/2030
f 1779/2068/2034 1108/669/612 1111/2065/2031
f 1117/632/581 1777/2066/2032 1775/628/577
f 1119/2069/2035 1778/2067/2033 1777/2066/2032
f 1120/2070/2036 1779/2068/2034 1778/2067/2033
f 1121/2071/2037 1776/710/651 1779/2068/2034
f 1780/623/572 1116/2072/2038 1113/714/655
f 1782/2073/2039 1115/2074/2040 1116/2072/2038
f 1783/2075/2041 1114/2076/2042 1115/2074/2040
f 1784/2077/2043 1112/631/580 1114/2076/2042
f 1103/686/628 1782/2073/2039 1780/623/572
f 1106/2054/2020 1783/2075/2041 1782/2073/2039
f 1105/2056/2022 1784/2077/2043 1783/2075/2041
f 1104/2058/2024 1781/610/559 1784/2077/2043
f 1785/668/611 1143/2078/2044 1140/715/583
f 1143/2078/2044 1788/2079/2045 1142/2080/2046
f 1142/2080/2046 1789/2081/2047 1141/2082/2048
f 1141/2082/2048 1786/2083/641 1139/2084/643
f 1785/668/611 1126/1272/1225 1787/2085/2049
f 1787/2085/2049 1135/1276/1229 1788/2079/2045
f 1788/2079/2045 1134/1284/1237 1789/2081/2047
f 1789/2081/2047 1124/1286/642 1786/2083/641
f 1790/635/584 1119/2069/2035 1117/632/581
f 1792/2086/2050 1120/2070/2036 1119/2069/2035
f 1793/2087/2051 1121/2071/2037 1120/2070/2036
f 1794/2088/2052 1118/707/648 1121/2071/2037
f 1140/634/583 1792/2086/2050 1790/635/584
f 1143/2089/2044 1793/2087/2051 1792/2086/2050
f 1142/2090/2046 1794/2088/2052 1793/2087/2051
f 1141/2091/2048 1791/687/629 1794/2088/2052
f 1795/629/578 1130/1280/1233 1123/636/585
f 1797/2092/2053 1131/2093/1240 1130/1280/1233
f 1798/2094/2054 1136/2095/1238 1131/2093/1240
f 1799/2096/2055 1124/701/642 1136/2095/1238
f 1113/714/655 1797/2092/2053 1795/629/578
f 1116/2072/2038 1798/2094/2054 1797/2092/2053
f 1115/2074/2040 1799/2096/2055 1798/2094/2054
f 1114/2076/2042 1796/699/640 1799/2096/2055
f 1082/618/567 1802/2097/2056 1084/2039/2005
f 1084/2039/2005 1803/2098/2057 1085/2040/2006
f 1085/2040/2006 1804/2099/2058 1086/2041/2007
f 1086/2041/2007 1801/694/635 1083/655/601
f 1800/640/587 1151/2100/2059 1802/2097/2056
f 1802/2097/2056 1152/2101/2060 1803/2098/2057
f 1803/2098/2057 1153/2102/2061 1804/2099/2058
f 1804/2099/2058 1150/661/606 1801/694/635
f 1145/642/589 1807/2103/2062 1148/2104/2063
f 1148/2104/2063 1808/2105/2064 1147/2106/2065
f 1147/2106/2065 1809/2107/2066 1146/2108/2067
f 1146/2108/2067 1806/646/592 1144/645/591
f 1805/612/561 1076/2043/2009 1807/2103/2062
f 1807/2103/2062 1075/2045/2011 1808/2105/2064
f 1808/2105/2064 1074/2047/2013 1809/2107/2066
f 1809/2107/2066 1072/637/586 1806/646/592
f 1810/653/599 1162/1292/1244 1159/706/647
f 1812/2109/2068 1163/1301/1254 1162/1292/1244
f 1813/2110/2069 1169/1297/1250 1163/1301/1254
f 1814/2111/2070 1160/1298/1251 1169/1297/1250
f 1154/649/595 1812/2109/2068 1810/653/599
f 1156/2112/2071 1813/2110/2069 1812/2109/2068
f 1157/2113/2072 1814/2111/2070 1813/2110/2069
f 1158/2114/2073 1811/681/623 1814/2111/2070
f 1149/641/588 1817/2115/2074 1151/2100/2059
f 1151/2100/2059 1818/2116/2075 1152/2101/2060
f 1152/2101/2060 1819/2117/2076 1153/2102/2061
f 1153/2102/2061 1816/680/622 1150/661/606
f 1815/647/593 1173/1304/1258 1817/2115/2074
f 1817/2115/2074 1168/1299/1252 1818/2116/2075
f 1818/2116/2075 1167/1296/1249 1819/2117/2076
f 1819/2117/2076 1160/1298/1251 1816/680/622
f 1154/649/595 1822/2118/2077 1156/2112/2071
f 1156/2112/2071 1823/2119/2078 1157/2113/2072
f 1157/2113/2072 1824/2120/2079 1158/2114/2073
f 1158/2114/2073 1821/679/621 1155/678/620
f 1820/643/590 1148/2104/2063 1822/2118/2077
f 1822/2118/2077 1147/2106/2065 1823/2119/2078
f 1823/2119/2078 1146/2108/2067 1824/2120/2079
f 1824/2120/2079 1144/645/591 1821/679/621
f 1161/648/594 1827/2121/2080 1172/2122/1259
f 1172/2123/2081 1826/2124/644 1159/2125/2082
f 1825/597/549 1064/1259/2083 1827/2121/2080
f 1827/2121/2084 1064/1259/2084 1057/1263/2084
f 1827/2126/2085 1054/1249/645 1826/2124/644
f 1828/577/529 1017/2127/1178 1005/578/530
f 1017/1216/2086 1830/2128/2086 1008/1212/2086
f 1830/2128/2087 1003/1210/1161 1008/1212/2088
f 1123/636/585 1830/2129/2089 1828/577/529
f 1125/2130/1226 1829/665/608 1830/2128/2087
f 1831/1306/582 1031/1240/1191 1834/1307/1262
f 1834/1307/1262 1025/1234/1185 1835/1309/1264
f 1835/1309/1264 1024/1232/1183 1836/1310/1265
f 1836/1310/1265 1021/712/653 1832/711/652
f 449/843/788 448/2131/2090 447/847/780
f 451/1576/1511 450/841/2091 452/2132/1522
f 461/1600/2092 1838/853/798 459/2133/797
f 511/907/844 505/903/837 1839/902/2093
f 483/1595/1535 484/2134/1537 1840/1593/2094
f 441/1575/2095 440/2135/777 1837/1573/776
f 199/16/13 1187/4/4 105/6/6
f 1212/37/33 107/36/32 23/38/34
f 1227/46/42 114/45/41 1339/47/43
f 1252/62/57 272/56/51 17/57/52
f 105/6/6 20/5/5 326/71/64
f 10/73/66 311/186/166 1282/74/67
f 24/76/68 321/125/112 1276/77/69
f 335/78/70 8/95/71 97/79/71
f 103/55/50 16/17/14 306/81/73
f 15/83/75 102/87/79 1261/84/76
f 116/90/82 1281/92/84 310/91/83
f 22/28/24 336/155/136 1291/93/85
f 1277/94/86 96/75/66 8/95/71
f 23/38/34 346/184/164 1306/99/90
f 1292/80/72 97/79/71 11/100/71
f 114/45/41 1306/99/90 356/105/95
f 305/106/96 1267/140/124 95/107/66
f 14/20/17 101/19/16 1311/109/97
f 101/19/16 13/60/55 382/110/98
f 111/63/58 17/57/52 378/111/99
f 99/113/66 12/132/66 377/114/101
f 21/65/60 111/63/58 1331/112/100
f 7/108/66 95/107/66 1262/123/110
f 108/22/19 1271/86/78 321/125/112
f 95/107/66 9/141/66 330/126/113
f 16/17/14 105/6/6 1266/72/65
f 383/130/116 1327/149/132 100/131/66
f 96/75/66 1282/74/67 341/138/122
f 1267/140/124 325/188/168 9/141/66
f 26/34/30 310/91/83 1256/142/125
f 100/131/66 1322/150/133 388/147/130
f 1327/149/132 393/783/731 1322/150/133
f 113/11/9 1276/77/69 336/155/136
f 11/100/71 351/179/159 1302/156/137
f 94/160/66 1272/161/141 330/126/113
f 10/73/66 320/181/161 1272/161/141
f 7/108/66 99/113/66 1317/115/102
f 1369/163/143 136/206/186 1459/164/144
f 1312/166/146 383/130/116 12/132/66
f 1307/171/151 98/157/138 1297/172/152
f 98/157/138 1302/156/137 372/174/154
f 17/57/52 103/55/50 1316/82/74
f 12/132/66 100/131/66 1332/148/131
f 97/79/71 1287/182/162 351/179/159
f 320/181/161 10/73/66 96/75/66
f 8/95/71 341/138/122 1287/182/162
f 107/36/32 1291/93/85 346/184/164
f 311/186/166 10/73/66 94/160/66
f 1257/187/167 94/160/66 9/141/66
f 345/101/91 11/100/71 98/157/138
f 316/124/111 1312/166/146 99/113/66
f 478/202/182 32/228/208 126/203/183
f 434/205/185 1485/277/257 136/206/186
f 445/212/192 1379/313/293 123/213/193
f 424/215/195 1384/293/273 134/216/196
f 1420/218/198 131/333/313 1425/219/199
f 134/216/196 1490/294/274 636/221/201
f 27/223/203 532/256/236 1362/224/204
f 31/225/205 126/203/183 1366/226/206
f 32/228/208 514/295/275 1366/226/206
f 411/240/220 28/269/249 121/241/221
f 30/248/228 124/273/253 1347/249/229
f 445/212/192 29/214/194 122/253/233
f 27/223/203 121/241/221 1342/255/235
f 1389/258/238 137/209/189 1489/259/239
f 1395/261/241 425/819/1543 1469/262/242
f 479/266/246 1395/261/241 118/263/243
f 477/268/248 1472/207/187 137/209/189
f 28/269/249 122/253/233 1357/270/250
f 29/214/194 512/276/256 1357/270/250
f 426/272/252 31/225/205 124/273/253
f 29/214/194 123/213/193 1362/224/204
f 1485/277/257 585/985/922 1415/278/258
f 28/269/249 548/271/251 1342/255/235
f 30/248/228 549/250/230 1356/291/271
f 31/225/205 567/227/207 1347/249/229
f 1384/293/273 462/862/801 1490/294/274
f 32/228/208 125/292/272 1356/291/271
f 568/296/276 1365/246/226 120/297/277
f 33/235/215 127/251/231 1343/257/237
f 118/263/243 1469/262/242 656/308/288
f 1473/267/247 118/263/243 1439/309/289
f 435/312/292 27/223/203 123/213/193
f 136/206/186 1415/278/258 602/317/297
f 426/272/252 1394/204/184 126/203/183
f 463/318/298 1385/274/254 124/273/253
f 638/319/299 1434/335/315 132/320/300
f 1429/321/301 132/320/300 1440/322/302
f 411/240/220 1374/254/234 122/253/233
f 435/312/292 1370/242/222 121/241/221
f 1425/219/199 131/333/313 1414/330/310
f 603/332/312 1414/330/310 131/333/313
f 463/318/298 30/248/228 125/292/272
f 478/202/182 1390/334/314 125/292/272
f 1440/322/302 132/320/300 1434/335/315
f 134/216/196 1430/222/202 654/337/317
f 1676/534/491 973/708/649 81/535/492
f 953/546/500 1676/534/491 187/536/493
f 1696/560/513 186/626/575 80/561/514
f 1691/563/516 198/620/569 86/564/517
f 1711/570/523 194/580/532 79/571/524
f 1726/584/536 953/546/500 77/547/501
f 1039/586/538 1726/584/536 185/585/537
f 1741/592/544 1039/586/538 78/587/539
f 187/536/493 81/535/492 1093/601/551
f 71/603/553 1078/716/656 1771/604/554
f 85/606/555 1088/656/602 1765/607/556
f 1102/608/557 69/625/574 179/609/558
f 185/585/537 77/547/501 1073/611/560
f 76/613/562 184/617/566 1750/614/563
f 76/613/562 1098/615/564 1760/616/565
f 184/617/566 75/550/504 1082/618/567
f 197/619/568 1745/673/615 1093/601/551
f 198/620/569 1770/622/571 1077/621/570
f 80/561/514 1107/627/576 1770/622/571
f 1766/624/573 178/605/553 69/625/574
f 186/626/575 1775/628/577 1107/627/576
f 79/571/524 1117/632/581 1775/628/577
f 1781/610/559 179/609/558 72/630/579
f 194/580/532 1790/635/584 1117/632/581
f 1790/635/584 194/580/532 1831/633/582
f 1831/633/582 1833/2136/1263 1140/634/583
f 1072/637/586 1756/671/614 177/638/553
f 75/550/504 183/549/503 1800/640/587
f 183/549/503 74/590/542 1149/641/588
f 181/644/553 73/663/553 1144/645/591
f 74/590/542 191/589/541 1815/647/593
f 191/589/541 1825/597/549 1161/648/594
f 1671/650/596 964/548/502 75/550/504
f 68/639/553 177/638/553 1751/654/600
f 190/552/506 1760/616/565 1088/656/602
f 177/638/553 70/672/553 1097/657/603
f 77/547/501 187/536/493 1755/602/552
f 1150/661/606 1816/680/622 182/662/553
f 989/562/515 80/561/514 198/620/569
f 178/605/553 1771/604/554 1108/669/612
f 959/565/518 86/564/517 197/619/568
f 1756/671/614 1092/718/658 70/672/553
f 86/564/517 1077/621/570 1745/673/615
f 182/662/553 1811/681/623 1155/678/620
f 1816/680/622 1160/1298/1251 1811/681/623
f 195/541/496 1765/607/556 1103/686/628
f 72/630/579 1118/707/648 1791/687/629
f 176/691/553 1761/692/633 1097/657/603
f 71/603/553 1087/709/650 1761/692/633
f 68/639/553 181/644/553 1806/646/592
f 1801/694/635 1150/661/606 73/663/553
f 1796/699/640 180/688/630 1786/700/641
f 180/688/630 1791/687/629 1139/702/643
f 188/652/598 1810/653/599 1159/706/647
f 999/572/525 79/571/524 186/626/575
f 73/663/553 182/662/553 1821/679/621
f 179/609/558 1776/710/651 1118/707/648
f 1666/670/613 197/619/568 81/535/492
f 1087/709/650 71/603/553 178/605/553
f 69/625/574 1108/669/612 1776/710/651
f 1078/716/656 71/603/553 176/691/553
f 1746/717/657 176/691/553 70/672/553
f 1112/631/580 72/630/579 180/688/630
f 1083/655/601 1801/694/635 181/644/553
f 314/1445/1392 311/186/166 1257/187/167
f 1264/1448/1395 318/1453/1400 319/1454/1401
f 1269/1457/1404 328/1439/1386 327/1441/1388
f 322/1465/1412 320/181/161 1277/94/86
f 344/1478/1425 341/138/122 1282/74/67
f 1290/1481/1428 1287/182/162 341/138/122
f 1294/1488/1435 1295/1490/1437 347/1489/1436
f 336/155/136 339/1467/1414 1293/1486/1433
f 1306/99/90 1308/1500/1447 362/767/714
f 347/1489/1436 345/101/91 1307/171/151
f 1313/1503/1450 384/1506/1453 385/1507/1454
f 379/1514/1461 1320/1513/1460 1317/115/102
f 1318/1509/1456 309/1456/1403 308/1458/1405
f 1328/1525/1468 406/792/738 402/784/732
f 563/953/888 562/961/896 1346/1547/1486
f 562/961/896 550/298/278 1343/257/237
f 1347/249/229 1349/1548/1487 557/956/891
f 558/958/893 1350/1550/1489 1351/1549/1488
f 1351/1549/1488 580/980/916 569/265/245
f 514/295/275 1356/291/271 1358/1556/1494
f 526/926/862 1358/1556/1494 1359/1557/1495
f 1359/1557/1495 1360/1558/1496 517/911/847
f 1360/1558/1496 1357/270/250 512/276/256
f 1356/291/271 549/250/230 559/957/892
f 1358/1556/1494 559/957/892 552/951/886
f 552/951/886 551/949/884 1360/1558/1496
f 551/949/884 548/271/251 1357/270/250
f 1364/1561/1499 1362/224/204 532/256/236
f 1364/1561/1499 515/910/846 512/276/256
f 1365/246/226 1367/1564/1501 521/919/855
f 1368/1568/1503 1366/226/206 514/295/275
f 1365/246/226 568/296/276 577/973/908
f 1367/1564/1501 577/973/908 571/978/912
f 1368/1568/1503 570/968/903 567/227/207
f 434/205/185 1369/163/143 1371/1571/1506
f 1837/1573/1508 1372/1572/1507 1373/1574/1509
f 441/1575/1510 1373/1574/1509 1370/242/222
f 409/165/145 414/797/743 1371/1571/1506
f 414/797/743 421/800/746 1372/1572/1507
f 421/800/746 422/810/754 1373/1574/1509
f 422/810/754 411/240/220 1370/242/222
f 1374/254/234 1376/1577/1512 451/1576/1511
f 1376/1577/1512 1377/1578/1514 450/841/1513
f 1379/313/293 1381/1581/1517 441/1580/1510
f 1382/1582/1519 1383/1583/1521 438/833/1520
f 1379/313/293 445/212/192 451/1584/1511
f 1382/1582/1519 452/1585/1522 449/845/1523
f 462/862/801 1384/293/273 1386/1586/1525
f 465/860/799 1386/1586/1525 1387/1587/1526
f 466/863/802 1387/1587/1526 1388/1588/1527
f 428/814/1528 433/1589/763 1387/1587/1526
f 1388/1588/1527 1387/1587/1526 433/1589/763
f 432/1590/762 430/825/1529 1388/1588/1527
f 430/825/1529 426/272/252 1385/274/254
f 464/260/240 475/872/809 1391/1591/1530
f 475/872/809 471/867/805 1392/1592/1532
f 471/867/805 470/869/807 1393/1594/1534
f 1394/204/184 1396/1597/1536 483/1596/1535
f 1396/1597/1536 1397/1598/1538 484/883/1537
f 1397/1598/1538 1398/1599/1539 486/880/819
f 1396/1597/1536 431/826/1540 432/823/1541
f 587/1000/311 1414/1616/310 1416/1613/1566
f 598/991/929 1417/1614/1567 1418/1615/1568
f 1414/1616/310 603/1012/312 612/1011/952
f 1417/1614/1567 606/1005/946 605/1003/944
f 1426/1621/1572 1427/1622/1573 594/1002/943
f 1428/1623/1574 1425/1624/199 587/1000/311
f 1426/1621/1572 634/1034/973 629/1030/968
f 1428/1623/1574 628/1027/966 621/1029/200
f 1429/1625/301 1431/1626/1575 649/1049/989
f 1431/1626/1575 1432/1627/1576 650/1041/981
f 1432/1627/1576 1433/1628/1577 641/1038/978
f 1433/1628/1577 1430/222/202 636/221/201
f 658/1066/1003 657/1056/994 1433/1628/1577
f 1441/1633/1581 1442/1634/1582 679/1087/1025
f 1442/1634/1582 1443/1635/1583 685/1084/1023
f 1443/1635/1583 1440/1636/302 672/1085/316
f 1441/1633/1581 668/1068/1005 663/1064/1000
f 1442/1634/1582 663/1064/1000 662/1061/998
f 1100/2036/2002 1753/2035/2001 1754/2037/2003
f 1752/2033/1999 1084/2039/2005 1085/2040/2006
f 1759/2046/2012 1094/2028/1994 1092/718/658
f 1088/656/602 1091/2048/2014 1767/2055/2021
f 1107/627/576 1109/2063/2029 1772/2060/2026
f 1779/2068/2034 1776/710/651 1108/669/612
f 1119/2069/2035 1120/2070/2036 1778/2067/2033
f 1084/2039/2005 1802/2097/2056 1803/2098/2057
f 1808/2105/2064 1075/2045/2011 1074/2047/2013
f 1152/2101/2060 1818/2116/2075 1819/2117/2076
f 1819/2117/2076 1167/1296/1249 1160/1298/1251
f 1158/2114/2073 1824/2120/2079 1821/679/621
f 1236/1/1 92/70/2 1/2/2
f 1187/4/4 219/180/160 20/5/5
f 88/7/2 1181/61/56 225/8/7
f 214/10/8 24/76/68 113/11/9
f 4/13/2 89/43/39 1201/14/11
f 210/18/15 1232/162/142 101/19/16
f 224/21/18 15/83/75 108/22/19
f 3/9/2 87/27/2 1176/24/21
f 1191/26/23 215/158/139 4/13/2
f 1197/12/10 113/11/9 22/28/24
f 1207/30/26 104/96/87 19/31/27
f 1202/33/29 116/90/82 26/34/30
f 229/29/25 22/28/24 107/36/32
f 1222/40/36 112/50/46 18/41/37
f 89/43/39 2/154/2 234/44/40
f 239/39/35 23/38/34 114/45/41
f 267/49/45 25/103/93 112/50/46
f 90/51/39 5/151/39 244/52/47
f 1237/54/49 199/16/13 16/17/14
f 272/56/51 1237/54/49 103/55/50
f 278/58/53 1247/66/61 109/59/54
f 1/2/2 209/189/169 1181/61/56
f 283/64/59 1252/62/57 111/63/58
f 1247/66/61 288/2137/690 1336/67/62
f 6/68/2 277/128/114 1231/69/63
f 15/83/75 331/85/77 1271/86/78
f 102/87/79 14/20/17 315/88/80
f 115/89/81 1256/142/125 326/71/64
f 19/31/27 340/97/88 1281/92/84
f 104/96/87 1286/98/89 340/97/88
f 18/41/37 350/102/92 1286/98/89
f 112/50/46 1301/104/94 350/102/92
f 25/103/93 373/185/165 1301/104/94
f 13/60/55 109/59/54 1326/116/103
f 109/59/54 1336/67/62 394/117/104
f 1182/119/106 210/18/15 14/20/17
f 1242/120/107 283/64/59 21/65/60
f 106/121/108 21/65/60 387/118/105
f 225/8/7 1191/26/23 87/27/2
f 1192/23/20 108/22/19 24/76/68
f 93/127/2 1246/144/127 277/128/114
f 200/3/3 1/2/2 88/7/2
f 235/32/28 19/31/27 116/90/82
f 1217/133/117 249/2138/661 1340/134/118
f 110/135/119 1340/134/118 355/136/120
f 205/35/31 26/34/30 115/89/81
f 224/21/18 1182/119/106 102/87/79
f 1241/143/126 289/755/701 1246/144/127
f 282/145/128 1241/143/126 93/127/2
f 5/151/39 91/167/147 1221/152/134
f 1196/153/135 230/159/140 2/154/2
f 215/158/139 1196/153/135 89/43/39
f 230/159/140 1211/183/163 90/51/39
f 1232/162/142 278/58/53 13/60/55
f 91/167/147 1216/170/150 268/168/148
f 1226/169/149 250/731/671 1216/170/150
f 1242/120/107 106/121/108 1337/175/155
f 273/177/157 6/68/2 92/70/2
f 106/121/108 1321/122/109 392/178/158
f 245/42/38 18/41/37 104/96/87
f 1251/146/129 93/127/2 6/68/2
f 2/154/2 90/51/39 1206/53/48
f 1177/139/123 115/89/81 20/5/5
f 1217/133/117 110/135/119 25/103/93
f 1211/183/163 240/190/170 5/151/39
f 110/135/119 1296/137/121 373/185/165
f 1186/129/115 88/7/2 3/9/2
f 87/27/2 4/13/2 204/15/12
f 92/70/2 1231/69/63 209/189/169
f 240/190/170 1226/169/149 91/167/147
f 455/191/171 1409/338/318 129/192/172
f 502/194/174 1495/197/177 135/195/175
f 1495/197/177 724/1121/1059 1449/198/178
f 708/199/179 1450/326/306 130/200/180
f 1472/207/187 670/1071/1009 1435/208/188
f 1445/201/181 130/200/180 1455/210/190
f 436/229/209 1380/243/223 133/230/210
f 1375/232/212 410/805/751 1460/233/213
f 33/235/215 550/298/278 1348/236/216
f 34/193/173 129/192/172 1353/238/218
f 1380/243/223 444/842/1524 1464/244/224
f 1361/245/225 120/297/277 1365/246/226
f 455/191/171 34/193/173 127/251/231
f 34/193/173 530/239/219 1343/257/237
f 35/264/244 569/265/245 1353/238/218
f 35/264/244 128/237/217 1348/236/216
f 488/275/255 1399/252/232 127/251/231
f 1405/196/176 135/195/175 1476/279/259
f 1410/281/261 454/854/793 1481/282/262
f 1352/284/264 120/297/277 1361/245/225
f 504/286/266 1410/281/261 138/283/263
f 487/288/268 1477/1666/1627 117/289/269
f 135/195/175 1449/198/178 707/299/279
f 1494/287/267 138/283/263 1454/300/280
f 138/283/263 1481/282/262 690/302/282
f 119/234/214 1460/233/213 604/303/283
f 133/230/210 1424/307/287 586/305/285
f 133/230/210 1464/244/224 622/306/286
f 137/209/189 1435/208/188 637/310/290
f 443/314/294 1375/232/212 119/234/214
f 1465/315/295 119/234/214 1419/304/284
f 488/275/255 33/235/215 128/237/217
f 503/325/305 1404/324/304 128/237/217
f 1455/210/190 130/200/180 1450/326/306
f 117/289/269 1477/1666/1627 706/328/308
f 503/325/305 35/264/244 129/192/172
f 453/339/319 1400/290/270 117/289/269
f 117/289/269 1444/329/309 688/341/321
f 1559/342/322 144/411/323 36/343/323
f 1510/345/325 763/521/480 55/346/326
f 140/348/323 1504/402/376 769/349/328
f 758/351/329 59/417/388 165/352/330
f 39/354/323 141/384/323 1524/355/332
f 743/357/334 1510/345/325 157/347/327
f 754/359/336 1555/503/462 153/360/337
f 768/362/339 50/424/394 160/363/340
f 38/350/323 139/368/323 1499/365/342
f 1514/367/344 759/499/459 39/354/323
f 1520/353/331 165/352/330 57/369/345
f 1530/371/347 156/437/406 54/372/348
f 1525/374/350 168/431/401 61/375/351
f 773/370/346 57/369/345 159/377/353
f 1535/378/354 159/377/353 58/379/355
f 1545/381/357 164/391/366 53/382/358
f 141/384/323 37/495/323 778/385/360
f 783/380/356 58/379/355 166/386/361
f 1550/387/362 166/386/361 1662/388/363
f 811/390/365 60/444/413 164/391/366
f 142/392/323 40/492/323 788/393/367
f 1560/395/369 743/357/334 51/358/335
f 816/397/371 1560/395/369 155/396/370
f 822/399/373 1570/407/381 161/400/374
f 36/343/323 753/532/489 1504/402/376
f 1575/403/377 816/397/371 52/398/372
f 827/405/379 1575/403/377 163/404/378
f 1570/407/381 832/1166/1109 1659/408/382
f 41/409/323 821/469/434 1554/410/383
f 157/347/327 55/346/326 870/412/384
f 45/414/386 855/529/486 1605/415/387
f 59/417/388 865/466/432 1599/418/389
f 879/419/390 43/436/386 149/420/386
f 155/396/370 51/358/335 850/422/392
f 50/424/394 154/428/398 1584/425/395
f 50/424/394 875/426/396 1594/427/397
f 154/428/398 49/361/338 859/429/399
f 167/430/400 1579/483/445 870/412/384
f 168/431/401 1604/433/403 854/432/402
f 54/372/348 884/438/407 1604/433/403
f 57/369/345 880/496/456 1614/434/404
f 1600/435/405 148/416/386 43/436/386
f 156/437/406 1609/439/408 884/438/407
f 53/382/358 894/443/412 1609/439/408
f 58/379/355 890/526/484 1629/440/409
f 1615/421/391 149/420/386 46/441/410
f 164/391/366 1624/445/414 894/443/412
f 60/444/413 917/528/485 1624/445/414
f 166/386/361 1629/440/409 900/446/415
f 849/447/416 1590/481/444 147/448/386
f 49/361/338 153/360/337 1634/450/417
f 153/360/337 48/401/375 926/451/418
f 163/404/378 52/398/372 922/452/419
f 151/454/386 47/473/386 921/455/421
f 48/401/375 161/400/374 1649/457/423
f 161/400/374 1659/408/382 938/458/424
f 56/406/380 163/404/378 1654/453/420
f 1505/460/426 754/359/336 49/361/338
f 1565/461/427 827/405/379 56/406/380
f 158/462/428 56/406/380 931/459/425
f 42/449/386 147/448/386 1585/464/430
f 769/349/328 1514/367/344 139/368/323
f 1515/364/341 160/363/340 59/417/388
f 160/363/340 1594/427/397 865/466/432
f 147/448/386 44/482/386 874/467/433
f 145/468/323 1569/485/447 821/469/434
f 744/344/324 36/343/323 140/348/323
f 51/358/335 157/347/327 1589/413/385
f 927/471/436 1650/490/452 152/472/386
f 779/373/349 54/372/348 168/431/401
f 1540/474/437 793/1139/1081 1663/475/438
f 162/476/439 1663/475/438 899/477/440
f 148/416/386 1605/415/387 885/479/442
f 749/376/352 61/375/351 167/430/400
f 768/362/339 1505/460/426 154/428/398
f 1590/481/444 869/531/488 44/482/386
f 61/375/351 854/432/402 1579/483/445
f 1564/484/446 833/1175/1120 1569/485/447
f 826/486/448 1564/484/446 145/468/323
f 152/472/386 1645/491/453 932/488/450
f 1650/490/452 937/1202/1150 1645/491/453
f 40/492/323 143/508/467 1544/493/454
f 1519/494/455 774/500/460 37/495/323
f 165/352/330 1599/418/389 880/496/456
f 46/441/410 895/520/479 1625/497/457
f 759/499/459 1519/494/455 141/384/323
f 774/500/460 1534/525/483 142/392/323
f 146/501/386 1595/502/461 874/467/433
f 45/414/386 864/522/481 1595/502/461
f 1555/503/462 822/399/373 48/401/375
f 42/449/386 151/454/386 1640/456/422
f 1725/504/463 174/600/464 62/505/464
f 1635/507/466 927/471/436 47/473/386
f 143/508/467 1539/511/470 812/509/468
f 1549/510/469 794/1148/1090 1539/511/470
f 1630/512/471 150/498/458 1620/513/472
f 150/498/458 1625/497/457 916/515/474
f 1565/461/427 158/462/428 1660/516/475
f 817/518/477 41/409/323 144/411/323
f 52/398/372 155/396/370 1639/423/393
f 158/462/428 1644/463/429 936/519/478
f 789/383/359 53/382/358 156/437/406
f 1574/487/449 145/468/323 41/409/323
f 47/473/386 152/472/386 1655/489/451
f 149/420/386 1610/523/482 895/520/479
f 37/495/323 142/392/323 1529/394/368
f 1500/480/443 167/430/400 55/346/326
f 864/522/481 45/414/386 148/416/386
f 43/436/386 885/479/442 1610/523/482
f 1540/524/437 162/527/439 60/444/413
f 1534/525/483 784/533/490 40/492/323
f 159/377/353 1614/434/404 890/526/484
f 162/527/439 1619/1863/441 917/528/485
f 1509/470/435 140/348/323 38/350/323
f 139/368/323 39/354/323 748/356/333
f 855/529/486 45/414/386 146/501/386
f 1580/530/487 146/501/386 44/482/386
f 144/411/323 1554/410/383 753/532/489
f 784/533/490 1549/510/469 143/508/467
f 889/442/411 46/441/410 150/498/458
f 860/465/431 1635/507/466 151/454/386
f 170/537/464 1670/591/543 979/538/494
f 968/540/495 85/606/555 195/541/496
f 65/543/464 171/573/464 1690/544/498
f 964/548/502 1721/693/634 183/549/503
f 978/551/505 76/613/562 190/552/506
f 64/539/464 169/557/464 1665/554/508
f 1680/556/510 969/689/631 65/543/464
f 1686/542/497 195/541/496 83/558/511
f 983/559/512 83/558/511 189/566/519
f 1701/567/520 189/566/519 84/568/521
f 171/573/464 63/685/627 988/574/526
f 993/569/522 84/568/521 196/575/527
f 1716/576/528 196/575/527 1828/577/529
f 1022/579/531 1831/633/582 194/580/532
f 172/581/533 66/682/624 998/582/534
f 1045/588/540 1736/596/548 191/589/541
f 62/505/464 963/719/659 1670/591/543
f 1050/594/546 1741/592/544 193/593/545
f 1736/596/548 1055/1257/1209 1825/597/549
f 67/598/464 1044/659/604 1720/599/550
f 83/558/511 1103/686/628 1780/623/572
f 84/568/521 1113/714/655 1795/629/578
f 196/575/527 1795/629/578 1123/636/585
f 193/593/545 78/587/539 1145/642/589
f 82/595/547 193/593/545 1820/643/590
f 1731/651/597 1050/594/546 82/595/547
f 188/652/598 82/595/547 1154/649/595
f 979/538/494 1680/556/510 169/557/464
f 1681/553/507 190/552/506 85/606/555
f 175/658/464 1735/675/617 1044/659/604
f 954/506/465 62/505/464 170/537/464
f 1706/664/607 1003/1210/1161 1829/665/608
f 192/666/609 1829/665/608 1122/667/610
f 978/551/505 1671/650/596 184/617/566
f 1730/674/616 1056/1267/1220 1735/675/617
f 1049/676/618 1730/674/616 175/658/464
f 66/682/624 173/695/636 1710/683/625
f 1685/684/626 984/690/632 63/685/627
f 969/689/631 1685/684/626 171/573/464
f 984/690/632 1700/713/654 172/581/533
f 1721/693/634 1045/588/540 74/590/542
f 173/695/636 1705/698/639 1023/696/637
f 1715/697/638 1004/1220/1171 1705/698/639
f 1731/651/597 188/652/598 1826/703/644
f 1040/705/646 67/598/464 174/600/464
f 78/587/539 185/585/537 1805/612/561
f 1740/677/619 175/658/464 67/598/464
f 63/685/627 172/581/533 1695/583/535
f 1706/664/607 192/666/609 1832/711/652
f 1700/713/654 994/720/660 66/682/624
f 189/566/519 1780/623/572 1113/714/655
f 1140/715/583 1833/1308/1263 1832/711/652
f 1832/711/652 192/666/609 1140/715/583
f 1675/660/605 170/537/464 64/539/464
f 169/557/464 65/543/464 958/545/499
f 174/600/464 1720/599/550 963/719/659
f 994/720/660 1715/697/638 173/695/636
f 249/721/661 252/724/664 255/722/662
f 252/724/664 253/734/674 256/725/665
f 254/723/663 255/722/662 266/726/666
f 255/722/662 256/725/665 257/728/668
f 258/729/669 261/733/673 260/730/670
f 259/732/672 262/735/675 261/733/673
f 261/733/673 256/725/665 253/734/674
f 262/735/675 257/728/668 256/725/665
f 251/736/44 263/1539/678 265/737/676
f 264/738/677 265/737/676 262/735/680
f 265/737/676 266/726/679 257/728/682
f 287/176/156 290/2139/685 292/739/683
f 291/744/684 292/743/683 304/745/687
f 292/743/683 293/742/686 294/747/689
f 288/748/690 295/751/693 298/749/691
f 295/751/693 296/757/1379 299/752/694
f 297/750/695 298/749/691 293/742/696
f 298/749/691 299/752/694 294/747/698
f 300/753/699 303/756/702 302/754/700
f 301/746/688 304/745/687 303/756/702
f 303/756/702 299/752/704 296/757/703
f 304/745/687 294/747/689 299/752/704
f 355/136/120 364/2140/707 359/758/705
f 358/759/706 359/758/705 371/762/709
f 359/758/705 360/761/2096 361/764/711
f 356/105/95 362/767/714 365/765/712
f 362/767/714 363/772/721 366/768/715
f 365/765/712 366/768/715 361/764/717
f 367/769/718 370/771/720 369/770/719
f 368/763/710 371/762/722 370/771/720
f 370/771/720 366/768/715 363/772/721
f 371/762/722 361/764/717 366/768/715
f 392/178/158 395/1515/725 398/773/723
f 395/775/725 396/787/734 399/776/726
f 398/777/723 399/776/726 400/780/728
f 401/781/729 404/785/733 403/782/730
f 402/784/732 405/789/735 404/785/733
f 404/786/733 399/776/736 396/787/734
f 405/789/735 400/795/741 399/790/736
f 394/117/104 397/1534/739 407/791/737
f 406/792/738 407/791/737 405/789/735
f 407/791/737 408/794/2097 400/795/741
f 412/796/742 415/799/745 414/797/743
f 413/798/744 420/801/747 415/799/745
f 415/799/745 416/802/748 421/800/746
f 417/803/749 420/807/747 419/804/750
f 421/800/746 416/802/748 423/809/753
f 430/825/764 432/1590/2098 431/826/765
f 449/845/785 452/1585/2099 450/846/786
f 465/860/799 468/864/803 467/861/800
f 466/863/802 469/2141/811 468/864/803
f 471/867/805 469/874/811 472/868/806
f 472/868/806 469/2141/811 466/863/802
f 473/871/808 476/873/810 475/872/809
f 474/866/804 468/865/803 476/873/810
f 476/873/810 469/874/811 471/867/805
f 480/875/812 486/878/2100 481/876/813
f 480/875/815 1840/2142/2101 482/877/816
f 482/877/821 1840/2142/2102 484/883/822
f 490/884/824 493/887/827 492/885/825
f 491/886/826 494/2143/829 493/887/827
f 493/887/827 501/890/830 499/888/828
f 496/891/831 494/2144/829 497/892/832
f 497/892/832 494/2143/829 491/886/826
f 498/895/834 501/897/830 500/896/835
f 501/897/830 494/2144/829 496/891/831
f 510/904/841 505/903/837 511/907/844
f 515/910/846 518/913/849 517/911/847
f 516/912/848 519/915/2103 518/913/849
f 518/913/849 520/916/852 527/914/850
f 513/247/227 521/919/855 524/917/853
f 521/919/855 522/1565/1502 525/920/856
f 523/918/854 524/917/853 519/921/857
f 524/917/853 525/920/856 520/923/859
f 514/295/275 526/926/862 529/924/860
f 527/914/850 520/916/852 529/924/860
f 529/924/860 525/929/2104 522/927/863
f 533/930/865 536/933/868 535/931/866
f 534/932/867 537/935/2105 536/933/868
f 536/933/868 538/936/871 545/934/869
f 531/285/265 539/939/874 542/937/872
f 539/939/874 540/1560/1498 543/940/875
f 541/941/873 542/942/872 537/935/876
f 542/942/872 543/948/875 538/943/878
f 544/944/879 547/946/881 546/945/880
f 545/934/869 538/936/871 547/946/881
f 547/946/881 543/948/2106 540/947/882
f 551/949/884 554/952/887 553/950/885
f 552/951/886 555/960/895 554/952/887
f 554/952/887 566/955/890 563/953/888
f 554/952/887 555/960/895 556/954/889
f 557/956/891 560/959/894 559/957/892
f 558/958/893 561/964/899 560/959/894
f 560/959/894 555/960/895 552/951/886
f 560/959/894 561/964/899 556/954/889
f 562/961/896 565/963/898 564/962/897
f 563/953/888 566/955/890 565/963/898
f 565/963/898 561/964/899 558/958/893
f 565/963/898 566/955/890 556/954/889
f 567/227/207 570/968/903 573/965/900
f 571/967/902 574/970/905 573/965/900
f 573/965/900 584/971/906 581/969/904
f 568/296/276 575/1551/909 578/972/907
f 575/974/909 576/983/1491 579/975/910
f 577/973/908 578/972/907 574/977/911
f 578/972/913 579/2145/2107 584/979/914
f 580/980/916 583/982/918 582/981/917
f 581/969/904 584/971/920 583/982/918
f 583/982/918 579/975/921 576/983/919
f 585/985/922 588/989/1633 591/986/923
f 589/988/925 596/997/2108 591/986/926
f 590/987/924 591/986/923 601/990/928
f 591/986/926 596/997/2108 592/992/930
f 586/305/285 593/995/934 596/993/932
f 593/995/934 594/1002/943 601/996/935
f 597/998/939 600/1001/941 599/999/940
f 598/991/929 601/990/928 600/1001/941
f 600/1001/942 601/996/935 594/1002/943
f 605/1003/944 608/1006/947 607/1004/945
f 606/1005/946 609/1008/949 608/1006/947
f 608/1006/947 619/1009/950 616/1007/948
f 609/1008/949 614/1015/955 619/1009/950
f 610/1010/951 613/1014/954 612/1011/952
f 611/1013/953 614/1019/955 613/1014/954
f 613/1014/954 609/1008/949 606/1005/946
f 615/1016/956 618/1018/958 617/1017/957
f 616/1007/948 619/1009/950 618/1018/958
f 618/1018/958 614/1019/955 611/1013/953
f 620/316/296 623/1022/961 635/1020/959
f 623/1022/961 624/1032/971 626/1023/962
f 628/1027/966 631/1031/970 630/1028/967
f 629/1030/968 626/1036/976 631/1031/969
f 631/1031/970 626/1023/962 624/1032/971
f 622/306/286 632/1035/974 635/1033/972
f 634/1034/973 635/1033/972 626/1036/976
f 639/1037/977 642/1040/980 641/1038/978
f 640/1039/979 643/1042/982 642/1040/980
f 642/1040/980 653/1043/983 650/1041/981
f 643/1042/982 648/1048/988 653/1043/983
f 644/1044/984 647/1047/987 646/1045/985
f 645/1046/986 648/1053/988 647/1047/987
f 647/1047/987 643/1042/982 640/1039/979
f 649/1049/989 652/1052/991 651/1050/990
f 650/1041/981 653/1043/983 652/1052/991
f 652/1052/991 648/1053/988 645/1046/986
f 654/337/317 657/1056/994 669/1054/992
f 657/1056/994 658/1066/1003 660/1057/995
f 662/1061/998 665/1065/1002 664/1062/999
f 663/1064/1000 660/1070/1008 665/1065/1001
f 665/1065/1002 660/1057/995 658/1066/1003
f 656/308/288 666/1069/1006 669/1067/1004
f 668/1068/1005 669/1067/1004 660/1070/1008
f 670/1071/1009 673/1074/1616 675/1072/1010
f 673/1074/1012 680/1660/1618 676/1075/1013
f 674/1073/1011 675/1072/1010 687/1076/1014
f 675/1072/1010 676/1075/1013 677/1078/1016
f 671/311/291 678/1081/1019 681/1079/1017
f 678/1081/1019 679/1087/1025 682/1082/1020
f 681/1079/1017 682/1082/1020 677/1078/1016
f 683/1083/1022 686/1086/1024 685/1084/1023
f 684/1077/1015 687/1076/1014 686/1086/1024
f 686/1086/1024 682/1082/1020 679/1087/1025
f 687/1076/1014 677/1078/1016 682/1082/1020
f 688/341/321 691/1090/1028 694/1088/1026
f 691/1090/1028 692/1100/1038 695/1091/1029
f 693/1089/1030 694/1088/1026 705/1092/1031
f 694/1088/1026 695/1091/1029 696/1094/1033
f 697/1095/1034 700/1099/1037 699/1096/1035
f 698/1098/1036 701/1101/1039 700/1099/1037
f 700/1099/1037 695/1091/1029 692/1100/1038
f 701/1101/1039 696/1094/1033 695/1091/1029
f 690/302/282 702/1668/1042 704/1102/1040
f 703/1103/1041 704/1102/1040 701/1101/1039
f 704/1102/1040 705/1092/1043 696/1094/1033
f 709/1104/1044 712/1107/1047 711/1105/1045
f 710/1106/1046 713/1109/1049 712/1107/1047
f 712/1107/1047 723/1110/1050 720/1108/1048
f 713/1109/1049 718/1115/1055 723/1110/1050
f 714/1111/1051 717/1114/1054 716/1112/1052
f 715/1113/1053 718/1120/1055 717/1114/1054
f 717/1114/1054 713/1109/1049 710/1106/1046
f 719/1116/1056 722/1119/1058 721/1117/1057
f 720/1108/1048 723/1110/1050 722/1119/1058
f 722/1119/1058 718/1120/1055 715/1113/1053
f 724/1121/1059 727/1125/1063 730/1122/1060
f 728/1124/1062 731/1127/1065 730/1122/1060
f 730/1122/1060 742/1128/1066 739/1126/1064
f 731/1127/1065 732/1133/2109 742/1128/1066
f 725/301/281 733/1131/1069 736/1129/1067
f 733/1131/1069 734/1138/1591 737/1132/1070
f 735/1130/1068 736/1129/1067 731/1127/1071
f 736/1129/1067 737/1132/1070 732/1133/1073
f 738/1134/1075 741/1137/1077 740/1135/1076
f 739/1126/1064 742/1128/1079 741/1137/1077
f 741/1137/1077 737/1132/1080 734/1138/1078
f 742/1128/1079 732/1133/2110 737/1132/1080
f 793/1139/1081 796/1142/1084 799/1140/1082
f 796/1142/1084 797/1151/1093 800/1143/1085
f 799/1140/1082 800/1143/1085 801/1145/1087
f 802/1146/1088 805/1150/1092 804/1147/1089
f 803/1149/1091 806/1152/1094 805/1150/1092
f 805/1150/1092 800/1143/1085 797/1151/1093
f 806/1152/1094 801/1145/1087 800/1143/1085
f 795/389/364 807/1898/2111 809/1153/1095
f 807/1155/1097 798/2146/2112 810/1144/1098
f 808/1157/1096 809/1156/1095 806/1152/1099
f 809/1156/1095 810/1144/1098 801/1145/1101
f 831/1158/476 834/2147/1104 836/1159/1102
f 835/1160/1103 836/1159/1102 848/1163/1106
f 836/1159/1102 837/1162/1105 838/1165/1108
f 832/1166/1109 839/1797/1112 842/1167/1110
f 839/1169/1112 840/1177/1770 843/1170/1113
f 841/1172/1114 842/1171/1110 837/1162/1115
f 842/1171/1110 843/1170/1113 838/1165/1117
f 844/1173/1118 847/1176/1121 846/1174/1119
f 845/1164/1107 848/1163/1106 847/1176/1121
f 847/1176/1121 843/1170/1123 840/1177/1122
f 848/1163/1106 838/1165/1108 843/1170/1123
f 899/1178/440 902/2148/1126 904/1179/1124
f 903/1180/1125 904/1179/1124 915/1183/1128
f 904/1179/1124 905/1182/2113 906/1185/1130
f 900/446/415 907/1188/1133 909/1186/1131
f 907/1188/1133 908/1193/1140 910/1189/1134
f 909/1186/1131 910/1189/1134 906/1185/1136
f 911/1190/1137 914/1192/1139 913/1191/1138
f 912/1184/1129 915/1183/1141 914/1192/1139
f 914/1192/1139 910/1189/1134 908/1193/1140
f 915/1183/1141 906/1185/1136 910/1189/1134
f 936/519/478 939/1196/1144 942/1194/1142
f 939/1196/1144 940/1205/1153 943/1197/1145
f 942/1194/1142 943/1197/1145 944/1199/1147
f 945/1200/1148 948/1204/1152 947/1201/1149
f 946/1203/1151 949/1206/1154 948/1204/1152
f 948/1204/1152 943/1197/1155 940/1205/1153
f 949/1206/1154 944/1199/1160 943/1197/1155
f 938/458/424 941/1895/1158 951/1207/1156
f 950/1208/1157 951/1207/1156 949/1206/1154
f 951/1207/1156 952/1198/2114 944/1199/1160
f 1003/1210/1161 1006/1213/1164 1009/1211/1162
f 1006/1213/1164 1007/1223/1174 1010/1214/1165
f 1008/1212/1163 1009/1211/1162 1020/1215/1166
f 1009/1211/1162 1010/1214/1165 1011/1217/1168
f 1012/1218/1169 1015/1222/1173 1014/1219/1170
f 1013/1221/1172 1016/1224/1175 1015/1222/1173
f 1015/1222/1173 1010/1214/1165 1007/1223/1174
f 1016/1224/1175 1011/1217/1168 1010/1214/1165
f 1005/578/530 1017/2127/1178 1019/1225/1176
f 1018/1226/1177 1019/1225/1176 1016/1229/1180
f 1019/1225/1176 1020/1228/1179 1011/1231/1182
f 1024/1232/1183 1027/1235/1186 1026/1233/1184
f 1025/1234/1185 1028/1244/1188 1027/1235/1186
f 1027/1235/1186 1038/1238/1189 1035/1236/1187
f 1029/1239/1190 1032/1243/1193 1031/1240/1191
f 1030/1242/1192 1033/1245/1194 1032/1243/1193
f 1031/1240/1191 1032/1243/1193 1028/1244/1188
f 1023/696/637 1034/1248/1197 1037/1246/1195
f 1034/1248/1197 1035/1236/1187 1038/1238/1198
f 1036/1247/1196 1037/1246/1195 1033/1245/1199
f 1037/1246/1201 1038/1238/1189 1028/1237/1188
f 1054/1249/645 1057/2149/1204 1059/1250/1202
f 1058/1251/1203 1059/1250/1202 1071/1254/1206
f 1059/1250/1202 1060/1253/1205 1061/1256/1208
f 1055/1257/1209 1062/1260/1212 1065/1258/1210
f 1062/1260/1212 1063/2018/1985 1066/1261/1213
f 1064/1259/1214 1065/1258/1210 1060/1262/1215
f 1065/1258/1210 1066/1261/1213 1061/1264/1217
f 1067/1265/1218 1070/1268/1221 1069/1266/1219
f 1068/1255/1207 1071/1254/1206 1070/1268/1221
f 1070/1268/1221 1066/1270/1223 1063/1269/1222
f 1071/1254/1206 1061/1256/1208 1066/1270/1223
f 1122/667/610 1125/2130/1226 1127/1271/1224
f 1126/1272/1225 1127/1271/1224 1138/1275/1228
f 1127/1271/1224 1128/1274/1227 1129/1277/1230
f 1123/636/585 1130/1280/1233 1132/1278/1231
f 1130/1280/1233 1131/2093/1240 1133/1281/1234
f 1132/1278/1231 1133/1281/1234 1129/1283/1236
f 1134/1284/1237 1137/1287/1239 1136/1285/1238
f 1135/1276/1229 1138/1275/1241 1137/1287/1239
f 1137/1287/1239 1133/1289/1234 1131/1288/1240
f 1138/1275/1241 1129/1277/1236 1133/1289/1234
f 1159/706/647 1162/1292/1244 1164/1290/1242
f 1162/1292/1244 1163/1301/1254 1165/1293/1245
f 1164/1290/1242 1165/1293/1245 1166/1295/1247
f 1167/1296/1249 1170/1300/1253 1169/1297/1250
f 1168/1299/1252 1171/1302/1255 1170/1300/1253
f 1170/1300/1253 1165/1293/1256 1163/1301/1254
f 1171/1302/1255 1166/1295/1261 1165/1293/1256
f 1161/648/594 1172/2122/1259 1174/1303/1257
f 1173/1304/1258 1174/1303/1257 1171/1302/1255
f 1174/1303/1257 1175/1294/1260 1166/1295/1261
f 220/25/22 1176/24/21 1178/1311/1266
f 223/1313/1267 1178/1319/1266 1179/1314/1268
f 222/1315/1270 1179/1314/1275 1180/1316/1271
f 1180/1316/1271 1177/139/123 219/180/160
f 1176/24/21 204/15/12 206/1318/1273
f 1178/1319/1266 206/1358/1273 207/1320/1274
f 1179/1314/1275 207/1320/1313 208/1321/1276
f 208/1321/1276 205/35/31 1177/139/123
f 1181/61/56 1183/1323/1278 228/1322/1277
f 1183/1323/1278 1184/1325/1284 227/1324/1279
f 1184/1325/1280 1185/1331/1286 226/1326/1281
f 226/1326/1281 1185/1331/1286 1182/1327/106
f 209/189/169 211/1329/1283 1183/1323/1278
f 211/1329/1283 212/1330/1352 1184/1325/1284
f 212/1330/1285 213/1402/1354 1185/1331/1286
f 1185/1331/1286 213/1402/1354 210/1332/15
f 1186/129/115 1188/1339/1288 203/1333/1287
f 1188/1334/1288 1189/1337/1293 202/1335/1289
f 1189/1337/1290 1190/1340/1294 201/1338/1291
f 201/1338/1291 1190/1340/1294 1187/4/4
f 220/25/22 223/1312/1267 1188/1339/1288
f 223/1313/1267 222/1315/1269 1189/1337/1293
f 222/1315/1270 221/1317/1272 1190/1340/1294
f 1190/1340/1294 221/1317/1272 219/180/160
f 215/158/139 1191/26/23 1193/1341/1295
f 218/1342/1296 1193/1341/1295 1194/1343/1297
f 217/1344/1299 1194/1343/1302 1195/1345/1300
f 1195/1345/1300 1192/1348/20 214/1347/8
f 1191/26/23 225/8/7 228/1322/1277
f 1193/1341/1295 228/1322/1277 227/1324/1279
f 1194/1343/1302 227/1324/1282 226/1326/1281
f 226/1326/1281 224/1328/18 1192/1348/20
f 230/159/140 1196/153/135 1198/1349/1303
f 233/1350/1304 1198/1349/1303 1199/1351/1305
f 232/1352/1307 1199/1351/1310 1200/1353/1308
f 1200/1353/1308 1197/1356/10 229/1355/25
f 1196/153/135 215/158/139 218/1342/1296
f 1198/1349/1303 218/1342/1296 217/1344/1298
f 1199/1351/1310 217/1344/1299 216/1346/1301
f 216/1346/1301 214/1347/8 1197/1356/10
f 204/15/12 1201/14/11 1203/1357/1311
f 206/1358/1273 1203/1362/1311 1204/1359/1312
f 207/1320/1313 1204/1359/1317 1205/1360/1314
f 1205/1360/1314 1202/33/29 205/35/31
f 1201/14/11 234/44/40 236/1361/1315
f 1203/1362/1311 236/1366/1315 237/1363/1316
f 1204/1359/1317 237/1363/1321 238/1364/1318
f 238/1364/1318 235/32/28 1202/33/29
f 234/44/40 1206/53/48 1208/1365/1319
f 236/1366/1315 1208/1370/1319 1209/1367/1320
f 237/1363/1321 1209/1367/1325 1210/1368/1322
f 1210/1368/1322 1207/30/26 235/32/28
f 1206/53/48 244/52/47 246/1369/1323
f 1208/1370/1319 246/1391/1323 247/1371/1324
f 1209/1367/1325 247/1371/1343 248/1372/1326
f 248/1372/1326 245/42/38 1207/30/26
f 240/190/170 1211/183/163 1213/1373/1327
f 243/1374/1328 1213/1373/1327 1214/1375/1329
f 242/1376/1331 1214/1375/1334 1215/1377/1332
f 1215/1377/1332 1212/1380/33 239/1379/35
f 1211/183/163 230/159/140 233/1350/1304
f 1213/1373/1327 233/1350/1304 232/1352/1306
f 1214/1375/1334 232/1352/1307 231/1354/1309
f 231/1354/1309 229/1355/25 1212/1380/33
f 1216/170/150 1218/1382/1336 271/1381/1335
f 1218/1382/1336 1219/1384/1338 270/1383/1337
f 1219/1384/1338 1220/1388/1340 269/1385/1339
f 1220/1386/1340 1217/133/117 267/49/45
f 250/731/671 260/730/670 1218/1382/1336
f 260/730/670 253/734/674 1219/1384/1338
f 253/734/674 252/724/664 1220/1388/1340
f 252/724/664 249/721/661 1217/1389/117
f 244/52/47 1221/152/134 1223/1390/1341
f 246/1391/1323 1223/1394/1345 1224/1392/1342
f 247/1371/1343 1224/1392/1346 1225/1393/1344
f 248/1372/1326 1225/1393/1344 1222/40/36
f 1221/152/134 268/168/148 271/1381/1335
f 1223/1394/1345 271/2150/1335 270/1395/1337
f 1224/1392/1346 270/1395/1337 269/1387/1339
f 269/1387/1339 267/49/45 1222/40/36
f 250/731/671 1226/169/149 1228/1396/1347
f 258/729/669 1228/1396/1347 1229/1397/1348
f 259/732/681 1229/1397/1350 1230/1398/1349
f 264/738/677 1230/1398/1349 1227/1399/42
f 1226/169/149 240/190/170 243/1374/1328
f 1228/1396/1347 243/1374/1328 242/1376/1330
f 1229/1397/1350 242/1376/1331 241/1378/1333
f 1230/1398/1349 241/1378/1333 239/1379/35
f 1231/69/63 1233/1400/1351 211/1329/1283
f 1233/1400/1351 1234/1401/1356 212/1330/1352
f 1234/1401/1353 1235/1406/1358 213/1402/1354
f 213/1402/1354 1235/1406/1358 1232/1403/142
f 277/128/114 279/1404/1355 1233/1400/1351
f 279/1404/1355 280/1405/1374 1234/1401/1356
f 280/1405/1357 281/1426/1376 1235/1406/1358
f 1235/1407/1358 281/1428/1376 278/58/53
f 1236/1/1 1238/1414/1360 276/1408/1359
f 1238/1409/1360 1239/1412/1365 275/1410/1361
f 1239/1412/1362 1240/1415/1366 274/1413/1363
f 274/1413/1363 1240/1415/1366 1237/54/49
f 200/3/3 203/1333/1287 1238/1414/1360
f 203/1336/1287 202/1335/1289 1239/1412/1365
f 202/1335/1292 201/1338/1291 1240/1415/1366
f 1240/1415/1366 201/1338/1291 199/16/13
f 289/755/701 1241/143/126 1243/1416/1367
f 300/753/699 1243/1416/1367 1244/1417/1368
f 301/1418/688 1244/1422/1368 1245/1419/1369
f 291/740/684 1245/1419/1369 1242/120/107
f 1241/143/126 282/145/128 284/1420/1370
f 1243/1416/1367 284/1420/1370 285/1421/1371
f 1244/1422/1368 285/1432/1371 286/1423/1372
f 1245/1419/1369 286/1423/1372 283/64/59
f 1246/144/127 1248/1424/1373 279/1404/1355
f 1248/1424/1373 1249/1425/1378 280/1405/1374
f 1249/1425/1375 1250/1429/1377 281/1426/1376
f 1250/1427/1377 1247/66/61 278/58/53
f 289/755/701 302/754/700 1248/1424/1373
f 302/754/700 296/757/703 1249/1425/1378
f 296/757/1379 295/751/693 1250/1429/1377
f 295/1430/693 288/2137/690 1247/66/61
f 1251/146/129 1253/1435/1380 284/1420/1370
f 1253/1431/1380 1254/1434/1382 285/1432/1371
f 1254/1434/1381 1255/1436/1383 286/1423/1372
f 286/1423/1372 1255/1436/1383 1252/62/57
f 273/177/157 276/1408/1359 1253/1435/1380
f 276/1411/1359 275/1410/1361 1254/1434/1382
f 275/1410/1364 274/1413/1363 1255/1436/1383
f 274/1413/1363 272/56/51 1252/62/57
f 1256/142/125 1258/1438/1385 329/1437/1384
f 1258/1438/1385 1259/1440/1387 328/1439/1386
f 1259/1440/1387 1260/1442/1389 327/1441/1388
f 1260/1442/1389 1257/187/167 325/188/168
f 310/91/83 312/1443/1390 1258/1438/1385
f 312/1443/1390 313/1444/1391 1259/1440/1387
f 313/1444/1391 314/1445/1392 1260/1442/1389
f 331/85/77 1261/84/76 1263/1446/1393
f 334/1447/1394 1263/1446/1393 1264/1448/1395
f 333/1449/1396 1264/1448/1395 1265/1450/1397
f 332/1451/1398 1265/1450/1397 1262/123/110
f 1261/84/76 315/88/80 317/1452/1399
f 1263/1446/1393 317/1452/1399 318/1453/1400
f 1265/1450/1397 319/1454/1401 316/124/111
f 306/81/73 1266/72/65 1268/1455/1402
f 309/1456/1403 1268/1455/1402 1269/1457/1404
f 308/1458/1405 1269/1457/1404 1270/1459/1406
f 307/1460/1407 1270/1459/1406 1267/140/124
f 1266/72/65 326/71/64 329/1437/1384
f 1268/1455/1402 329/1437/1384 328/1439/1386
f 1270/1459/1406 327/1441/1388 325/188/168
f 1271/86/78 1273/1462/1409 324/1461/1408
f 1273/1462/1409 1274/1464/1411 323/1463/1410
f 1274/1464/1411 1275/1466/1413 322/1465/1412
f 1275/1466/1413 1272/161/141 320/181/161
f 331/85/77 334/1447/1394 1273/1462/1409
f 334/1447/1394 333/1449/1396 1274/1464/1411
f 333/1449/1396 332/1451/1398 1275/1466/1413
f 332/1451/1398 330/126/113 1272/161/141
f 1276/77/69 1278/1468/1415 339/1467/1414
f 1278/1468/1415 1279/1470/1417 338/1469/1416
f 1279/1470/1417 1280/1472/1419 337/1471/1418
f 1280/1472/1419 1277/94/86 335/78/70
f 321/125/112 324/1461/1408 1278/1468/1415
f 324/1461/1408 323/1463/1410 1279/1470/1417
f 323/1463/1410 322/1465/1412 1280/1472/1419
f 1281/92/84 1283/1473/1420 312/1443/1390
f 1283/1473/1420 1284/1474/1421 313/1444/1391
f 1284/1474/1421 1285/1475/1422 314/1445/1392
f 1285/1475/1422 1282/74/67 311/186/166
f 340/97/88 342/1476/1423 1283/1473/1420
f 342/1476/1423 343/1477/1424 1284/1474/1421
f 343/1477/1424 344/1478/1425 1285/1475/1422
f 1286/98/89 1288/1479/1426 342/1476/1423
f 1288/1479/1426 1289/1480/1427 343/1477/1424
f 1289/1480/1427 1290/1481/1428 344/1478/1425
f 350/102/92 352/1482/1429 1288/1479/1426
f 352/1482/1429 353/1483/1430 1289/1480/1427
f 353/1483/1430 354/1484/1431 1290/1481/1428
f 354/1484/1431 351/179/159 1287/182/162
f 1291/93/85 1293/1486/1433 349/1485/1432
f 1293/1486/1433 1294/1488/1435 348/1487/1434
f 1295/1490/1437 1292/80/72 345/101/91
f 339/1467/1414 338/1469/1416 1294/1488/1435
f 338/1469/1416 337/1471/1418 1295/1490/1437
f 337/1471/1418 335/78/70 1292/80/72
f 373/185/165 1296/137/121 1298/1491/1438
f 376/1492/1439 1298/1491/1438 1299/1493/1440
f 375/1494/1441 1299/1493/1440 1300/1495/1442
f 374/1496/1443 1300/1495/1442 1297/172/152
f 1296/137/121 355/136/120 358/759/706
f 1298/1491/1438 358/759/706 368/763/710
f 1299/1493/1440 368/763/710 367/769/718
f 1300/1495/1442 367/769/718 357/173/153
f 1301/104/94 1303/1497/1444 352/1482/1429
f 1303/1497/1444 1304/1498/1445 353/1483/1430
f 1304/1498/1445 1305/1499/1446 354/1484/1431
f 1305/1499/1446 1302/156/137 351/179/159
f 373/185/165 376/1492/1439 1303/1497/1444
f 376/1492/1439 375/1494/1441 1304/1498/1445
f 375/1494/1441 374/1496/1443 1305/1499/1446
f 374/1496/1443 372/174/154 1302/156/137
f 1308/1500/1447 1309/1501/1448 363/772/721
f 1309/1501/1448 1310/1502/1449 369/770/719
f 1310/1502/1449 1307/171/151 357/173/153
f 346/184/164 349/1485/1432 1308/1500/1447
f 349/1485/1432 348/1487/1434 1309/1501/1448
f 348/1487/1434 347/1489/1436 1310/1502/1449
f 315/88/80 1311/109/97 1313/1503/1450
f 317/1452/1399 1313/1503/1450 1314/1504/1451
f 318/1453/1400 1314/1504/1451 1315/1505/1452
f 319/1454/1401 1315/1505/1452 1312/166/146
f 1311/109/97 382/110/98 384/1506/1453
f 1314/1504/1451 385/1507/1454 386/1508/1455
f 1315/1505/1452 386/1508/1455 383/130/116
f 378/111/99 1316/82/74 1318/1509/1456
f 381/1510/1457 1318/1509/1456 1319/1511/1458
f 380/1512/1459 1319/1511/1458 1320/1513/1460
f 1316/82/74 306/81/73 309/1456/1403
f 1319/1511/1458 308/1458/1405 307/1460/1407
f 1320/1513/1460 307/1460/1407 305/106/96
f 1321/122/109 1323/2151/1462 395/1515/725
f 1323/1516/1462 1324/1517/1463 396/787/734
f 1324/1517/1463 1325/1523/1464 403/788/730
f 1325/1518/1464 1322/150/133 393/783/731
f 387/1519/105 389/1521/1465 1323/1516/1462
f 389/1521/1465 390/1522/1466 1324/1517/1463
f 390/1522/1466 391/2152/1467 1325/1523/1464
f 391/1524/1467 388/147/130 1322/150/133
f 382/110/98 1326/116/103 1328/1525/1468
f 384/1506/1453 1328/1525/1468 1329/1526/1469
f 385/1507/1454 1329/1526/1469 1330/1527/1470
f 386/1508/1455 1330/1527/1470 1327/149/132
f 1326/116/103 394/117/104 406/792/738
f 1329/1526/1469 402/784/732 401/781/729
f 1330/1527/1470 401/781/729 393/783/731
f 387/118/105 1331/112/100 1333/1528/1471
f 389/1529/1465 1333/1528/1471 1334/1530/1472
f 390/1531/1466 1334/1530/1472 1335/1532/1473
f 391/1524/1467 1335/1532/1473 1332/148/131
f 1331/112/100 378/111/99 381/1510/1457
f 1333/1528/1471 381/1510/1457 380/1512/1459
f 1334/1530/1472 380/1512/1459 379/1514/1461
f 1335/1532/1473 379/1514/1461 377/114/101
f 394/117/104 1336/67/62 1338/1533/1474
f 397/774/724 1338/1537/1478 1337/175/155
f 1336/67/62 288/2137/690 297/1535/1475
f 1338/1537/1478 290/2139/685 287/176/156
f 1339/1538/43 1341/1542/1483 263/1539/1479
f 1341/1540/1482 1340/1544/118 249/721/661
f 356/1541/95 364/2153/713 1341/1542/1483
f 364/1543/707 355/2154/120 1340/1544/118
f 532/256/236 1342/255/235 1344/1545/1484
f 544/944/879 1344/1545/1484 1345/1546/1485
f 1345/1546/1485 1346/1547/1486 535/931/866
f 1346/1547/1486 1343/257/237 530/239/219
f 1342/255/235 548/271/251 553/950/885
f 1344/1545/1484 553/950/885 563/953/888
f 1349/1548/1487 1350/1550/1489 558/958/893
f 564/962/897 1351/1549/1488 1348/236/216
f 567/227/207 572/966/901 1349/1548/1487
f 572/966/901 581/969/904 1350/1550/1489
f 1350/1550/1489 581/969/904 580/980/916
f 1352/284/264 1354/1554/1490 575/1551/909
f 1354/1552/1490 1355/1555/1493 576/983/1491
f 1355/1553/1492 1353/238/218 569/265/245
f 1352/284/264 531/285/265 541/938/873
f 1354/1552/1490 541/941/873 534/932/877
f 1355/1553/1492 533/930/865 530/239/219
f 1361/245/225 1363/1559/1497 539/939/874
f 1363/1559/1497 1364/1562/1500 540/1560/1498
f 1361/245/225 513/247/227 523/918/854
f 1363/1559/1497 523/918/854 516/922/858
f 1367/1564/1501 1368/1569/1504 522/1565/1502
f 438/829/767 1371/1571/1506 1372/1572/1507
f 1377/1578/1514 1378/1579/1516 447/838/1515
f 1378/1579/1516 1375/232/212 443/314/294
f 1374/254/234 411/240/220 422/811/754
f 1376/1577/1512 422/811/754 418/812/752
f 1377/1578/1514 418/812/752 417/803/749
f 1378/1579/1516 417/803/749 410/805/751
f 1381/1581/1517 1382/1582/1519 440/836/1518
f 1383/1583/1521 1380/243/223 436/229/209
f 1381/1581/1517 451/1584/1511 452/1585/1522
f 1383/1583/1521 449/845/1523 444/842/1524
f 470/870/807 1388/1588/1527 1385/274/254
f 424/215/195 428/814/1528 1386/1586/1525
f 477/268/248 1389/258/238 1391/1591/1530
f 480/875/1531 1391/1591/1530 1392/1592/1532
f 1840/1593/1533 1392/1592/1532 1393/1594/1534
f 483/1595/1535 1393/1594/1534 1390/334/314
f 470/869/807 463/318/298 1390/334/314
f 1398/1599/1539 1395/261/241 479/266/246
f 1394/204/184 426/272/252 431/826/1540
f 1397/1598/1538 432/823/1541 429/822/1542
f 1398/1599/1539 429/822/1542 425/819/1543
f 1399/252/232 1401/1601/1545 461/1600/1544
f 1401/1601/1545 1402/1602/1547 1838/853/1546
f 1402/1602/1547 1403/1603/1549 457/849/1548
f 1403/1603/1549 1400/290/270 453/339/319
f 1399/252/232 488/275/255 495/894/833
f 1401/1601/1545 495/894/833 491/886/826
f 1402/1602/1547 491/886/826 490/884/824
f 1403/1603/1549 490/884/824 487/288/268
f 1404/324/304 1406/1604/1550 495/893/833
f 1406/1604/1550 1407/1605/1551 496/891/831
f 1407/1605/1551 1408/1606/1552 500/896/835
f 1408/1606/1552 1405/196/176 489/280/260
f 1404/324/304 503/325/305 507/1607/1553
f 1406/1604/1550 507/1607/1553 508/901/1554
f 1407/1605/1551 508/901/1554 505/900/1555
f 1408/1606/1552 505/900/1555 502/194/174
f 1409/338/318 1411/1609/1556 507/1608/1553
f 1411/1609/1556 1412/1610/1559 508/909/1557
f 1412/1610/1559 1413/1611/1565 511/906/1560
f 1413/1611/1561 1410/281/261 504/286/266
f 1409/338/318 455/191/171 461/1612/1544
f 1411/1609/1556 461/1612/1544 459/858/1563
f 1412/1610/1559 459/858/1563 457/857/1564
f 1413/1611/1561 457/857/794 454/854/793
f 597/998/939 1416/1613/1566 1417/1614/1567
f 590/987/924 1418/1615/1568 1415/278/258
f 1416/1613/1566 612/1011/952 606/1005/946
f 1418/1615/1568 605/1003/944 602/317/297
f 1419/304/284 1421/1617/1569 623/1022/961
f 1421/1617/1569 1422/1618/1570 624/1032/971
f 1422/1618/1570 1423/1619/1571 630/1028/967
f 1423/1619/1571 1420/1620/198 621/1029/200
f 604/303/283 617/1017/957 1421/1617/1569
f 617/1017/957 611/1013/953 1422/1618/1570
f 611/1013/953 610/1010/951 1423/1619/1571
f 610/1010/951 603/1012/312 1420/1620/198
f 1424/307/287 1426/1621/1572 593/995/934
f 1427/1622/1573 1428/1623/1574 599/999/940
f 1424/307/287 622/306/286 634/1034/973
f 1427/1622/1573 629/1030/968 628/1027/966
f 655/1063/303 664/1062/999 1431/1626/1575
f 664/1062/999 658/1066/1003 1432/1627/1576
f 657/1056/994 654/337/317 1430/222/202
f 672/1085/316 1434/1632/315 1436/1629/1578
f 683/1083/1022 1436/1629/1578 1437/1630/1579
f 684/1077/1015 1437/1630/1579 1438/1631/1580
f 674/1073/1011 1438/1631/1580 1435/208/188
f 1434/1632/315 638/1051/299 651/1050/990
f 1436/1629/1578 651/1050/990 645/1046/986
f 1437/1630/1579 645/1046/986 644/1044/984
f 1438/1631/1580 644/1044/984 637/310/290
f 1439/309/289 1441/1633/1581 678/1081/1019
f 1439/309/289 656/308/288 668/1068/1005
f 1443/1635/1583 662/1061/998 655/1063/303
f 1444/329/309 1446/1637/1584 691/1090/1028
f 1446/1637/1584 1447/1638/1585 692/1100/1038
f 1447/1638/1585 1448/1639/1586 699/1096/1035
f 1448/1639/1586 1445/1640/181 689/1097/191
f 706/328/308 711/1105/1045 1446/1637/1584
f 711/1105/1045 720/1108/1048 1447/1638/1585
f 720/1108/1048 719/1116/1056 1448/1639/1586
f 719/1116/1056 708/1118/179 1445/1640/181
f 1449/198/178 1451/1641/1587 714/1111/1051
f 1451/1641/1587 1452/1644/1589 715/1113/1053
f 715/1113/1053 1452/1644/1589 1453/1642/1588
f 721/1117/1057 1453/1642/1588 1450/1643/306
f 724/1121/1059 729/1123/1061 1451/1641/1587
f 729/1123/1061 739/1126/1064 1452/1644/1589
f 1452/1644/1589 739/1126/1064 738/1134/1075
f 1453/1642/1588 738/1134/1075 726/1136/307
f 725/301/281 1454/300/280 1456/1645/1590
f 1456/1645/1590 1457/1646/1592 734/1138/1591
f 1457/1646/1592 1458/1647/1593 740/1135/1076
f 1458/1647/1593 1455/1648/190 726/1136/307
f 1454/300/280 690/302/282 703/1103/1041
f 1456/1645/1590 703/1103/1041 698/1098/1036
f 1457/1646/1592 698/1098/1036 697/1095/1034
f 1458/1647/1593 697/1095/1034 689/1097/191
f 409/165/145 1459/164/144 1461/1649/1594
f 412/796/742 1461/1649/1594 1462/1650/1595
f 413/798/1596 1462/1650/1595 1463/1651/1597
f 1463/1651/1597 1460/233/213 410/805/751
f 1459/164/144 602/317/297 607/1004/945
f 1461/1649/1594 607/1004/945 616/1007/948
f 616/1007/948 615/1016/956 1463/1651/1597
f 615/1016/956 604/303/283 1460/233/213
f 622/306/286 1464/244/224 1466/1652/1598
f 1466/1652/1599 1467/1655/1605 633/1025/1600
f 1467/1653/1603 1465/315/295 620/316/296
f 444/842/1524 446/844/2115 1466/1652/1598
f 1467/1653/1603 446/837/2116 443/314/294
f 424/215/195 1468/217/197 1470/1656/1606
f 1471/1658/1611 1469/262/242 425/819/1543
f 654/337/317 659/1055/993 1470/1656/1606
f 1470/1656/1609 659/1055/2117 667/1059/1613
f 1471/1658/1611 666/1069/1006 656/308/288
f 670/1071/1009 1472/207/187 1474/1659/1615
f 1474/1659/1617 1475/1662/1622 680/1660/1618
f 1475/1661/1619 1473/267/247 671/311/291
f 1472/207/187 477/268/248 481/876/1620
f 485/879/818 479/266/246 1473/267/247
f 1476/279/259 1478/1663/1623 498/895/834
f 1478/1663/1623 1479/1664/1625 499/888/1624
f 1479/1664/1625 1480/1665/1626 492/885/825
f 1480/1665/1626 1477/1666/1627 487/288/268
f 707/299/279 716/1112/1052 1478/1663/1623
f 716/1112/1052 710/1106/1046 1479/1664/1625
f 710/1106/1046 709/1104/1044 1480/1665/1626
f 709/1104/1044 706/328/308 1477/1666/1627
f 690/302/282 1481/282/262 1483/1667/1628
f 702/1093/1032 1483/1670/1629 1484/1669/1629
f 693/1089/1027 1484/1669/1631 1482/340/320
f 1481/282/262 454/854/793 460/856/795
f 1483/1670/1629 460/850/2118 456/848/1630
f 1484/1669/1631 456/848/789 453/339/319
f 585/985/922 1485/277/257 1487/1671/1632
f 1487/1671/1634 1488/1673/1640 589/988/1635
f 1488/1672/1638 1486/231/211 586/305/285
f 1485/277/257 434/205/185 437/828/768
f 1488/1672/1638 442/832/770 436/229/209
f 464/260/240 1489/259/239 1491/1674/1641
f 473/871/808 1491/1674/1641 1492/1675/1642
f 474/866/1643 1492/1675/1642 1493/1676/1644
f 467/861/800 1493/1676/1644 1490/294/274
f 1489/259/239 637/310/290 646/1045/985
f 1491/1674/1641 646/1045/985 640/1039/979
f 1492/1675/1642 640/1039/979 639/1037/977
f 1493/1676/1644 639/1037/977 636/221/201
f 1494/287/267 1496/1679/1653 509/905/1645
f 509/905/1646 1496/1679/1654 1497/1677/1647
f 510/904/1649 1497/1677/1655 1498/1678/1650
f 506/899/1652 1498/1678/1656 1495/197/177
f 725/301/281 735/1130/1068 1496/1679/1653
f 1496/1679/1654 735/1130/1068 728/1124/1072
f 1497/1677/1655 728/1124/1062 727/1125/1063
f 1498/1678/1656 727/1125/1063 724/1121/1059
f 764/366/343 1499/365/342 1501/1680/1657
f 767/1681/1658 1501/1680/1657 1502/1682/1659
f 766/1683/1661 1502/1682/1666 1503/1684/1662
f 1503/1686/1662 1500/480/443 763/521/480
f 1499/365/342 748/356/333 750/1688/1664
f 1501/1680/1657 750/1688/1664 751/1689/1665
f 1502/1682/1666 751/1689/1704 752/1690/1667
f 752/1691/1667 749/376/352 1500/480/443
f 1504/402/376 1506/1693/1669 772/1692/1668
f 1506/1693/1669 1507/1695/1675 771/1694/1670
f 1507/1695/1671 1508/1700/1677 770/1696/1672
f 770/1697/1672 1508/1701/1677 1505/460/426
f 753/532/489 755/1698/1674 1506/1693/1669
f 755/1698/1674 756/1699/1743 1507/1695/1675
f 756/1699/1676 757/1769/1745 1508/1700/1677
f 1508/1701/1677 757/1770/1745 754/359/336
f 1509/470/435 1511/1703/1679 747/1702/1678
f 1511/1703/1679 1512/1705/1684 746/1704/1680
f 1512/1705/1681 1513/1709/1685 745/1706/1682
f 745/1706/1682 1513/1709/1685 1510/1707/325
f 764/366/343 767/1681/1658 1511/1703/1679
f 767/1681/1658 766/1683/1660 1512/1705/1684
f 766/1683/1661 765/1685/1663 1513/1709/1685
f 1513/1709/1685 765/1685/1663 763/1710/480
f 759/499/459 1514/367/344 1516/1711/1686
f 762/1712/1687 1516/1711/1686 1517/1713/1688
f 761/1714/1690 1517/1713/1693 1518/1715/1691
f 1518/1717/1691 1515/364/341 758/351/329
f 1514/367/344 769/349/328 772/1692/1668
f 1516/1711/1686 772/1692/1668 771/1694/1670
f 1517/1713/1693 771/1694/1673 770/1696/1672
f 770/1697/1672 768/362/339 1515/364/341
f 774/500/460 1519/494/455 1521/1719/1694
f 777/1720/1695 1521/1719/1694 1522/1721/1696
f 776/1722/1698 1522/1721/1701 1523/1723/1699
f 1523/1725/1699 1520/353/331 773/370/346
f 1519/494/455 759/499/459 762/1712/1687
f 1521/1719/1694 762/1712/1687 761/1714/1689
f 1522/1721/1701 761/1714/1690 760/1716/1692
f 760/1718/1692 758/351/329 1520/353/331
f 748/356/333 1524/355/332 1526/1727/1702
f 750/1688/1664 1526/1727/1702 1527/1728/1703
f 751/1689/1704 1527/1728/1708 1528/1729/1705
f 1528/1730/1705 1525/374/350 749/376/352
f 1524/355/332 778/385/360 780/1731/1706
f 1526/1727/1702 780/1731/1706 781/1732/1707
f 1527/1728/1708 781/1732/1712 782/1733/1709
f 782/1734/1709 779/373/349 1525/374/350
f 778/385/360 1529/394/368 1531/1735/1710
f 780/1731/1706 1531/1735/1710 1532/1736/1711
f 781/1732/1712 1532/1736/1716 1533/1737/1713
f 1533/1738/1713 1530/371/347 779/373/349
f 1529/394/368 788/393/367 790/1739/1714
f 1531/1735/1710 790/1739/1714 791/1740/1715
f 1532/1736/1716 791/1740/1734 792/1741/1717
f 792/1742/1717 789/383/359 1530/371/347
f 784/533/490 1534/525/483 1536/1743/1718
f 787/1744/1719 1536/1743/1718 1537/1745/1720
f 786/1746/1722 1537/1745/1725 1538/1747/1723
f 1538/1749/1723 1535/378/354 783/380/356
f 1534/525/483 774/500/460 777/1720/1695
f 1536/1743/1718 777/1720/1695 776/1722/1697
f 1537/1745/1725 776/1722/1698 775/1724/1700
f 775/1726/1700 773/370/346 1535/378/354
f 1539/511/470 1541/1752/1727 815/1751/1726
f 1541/1752/1727 1542/1754/1729 814/1753/1728
f 1542/1754/1729 1543/1758/1731 813/1755/1730
f 1543/1756/1731 1540/524/437 811/390/365
f 794/1148/1090 804/1147/1089 1541/1752/1727
f 804/1147/1089 797/1151/1093 1542/1754/1729
f 797/1151/1093 796/1142/1084 1543/1758/1731
f 796/1142/1084 793/1139/1081 1540/474/437
f 788/393/367 1544/493/454 1546/1759/1732
f 790/1739/1714 1546/1759/1736 1547/1760/1733
f 791/1740/1734 1547/1760/1737 1548/1761/1735
f 792/1742/1717 1548/1762/1735 1545/381/357
f 1544/493/454 812/509/468 815/1751/1726
f 1546/1759/1736 815/1751/1726 814/1753/1728
f 1547/1760/1737 814/1753/1728 813/1755/1730
f 813/1757/1730 811/390/365 1545/381/357
f 794/1148/1090 1549/510/469 1551/1763/1738
f 802/1146/1088 1551/1763/1738 1552/1764/1739
f 803/1149/1100 1552/1764/1741 1553/1765/1740
f 808/1154/1096 1553/1766/1740 1550/387/362
f 1549/510/469 784/533/490 787/1744/1719
f 1551/1763/1738 787/1744/1719 786/1746/1721
f 1552/1764/1741 786/1746/1722 785/1748/1724
f 1553/1766/1740 785/1750/1724 783/380/356
f 1554/410/383 1556/1767/1742 755/1698/1674
f 1556/1767/1742 1557/1768/1747 756/1699/1743
f 1557/1768/1744 1558/1773/1749 757/1769/1745
f 757/1770/1745 1558/1774/1749 1555/503/462
f 821/469/434 823/1771/1746 1556/1767/1742
f 823/1771/1746 824/1772/1765 1557/1768/1747
f 824/1772/1748 825/1793/1767 1558/1773/1749
f 1558/1774/1749 825/1795/1767 822/399/373
f 1559/342/322 1561/1776/1751 820/1775/1750
f 1561/1776/1751 1562/1778/1756 819/1777/1752
f 1562/1778/1753 1563/1781/1757 818/1779/1754
f 818/1780/1754 1563/2155/1757 1560/395/369
f 744/344/324 747/1702/1678 1561/1776/1751
f 747/1702/1678 746/1704/1680 1562/1778/1756
f 746/1704/1683 745/1706/1682 1563/1781/1757
f 1563/1781/1757 745/1706/1682 743/1708/334
f 833/1175/1120 1564/484/446 1566/1783/1758
f 844/1173/1118 1566/1783/1758 1567/1784/1759
f 845/1164/1107 1567/1784/1759 1568/1785/1760
f 835/1786/1103 1568/1790/1760 1565/461/427
f 1564/484/446 826/486/448 828/1787/1761
f 1566/1783/1758 828/1787/1761 829/1788/1762
f 1567/1784/1759 829/1788/1762 830/1789/1763
f 1568/1790/1760 830/1800/1763 827/405/379
f 1569/485/447 1571/1791/1764 823/1771/1746
f 1571/1791/1764 1572/1792/1769 824/1772/1765
f 1572/1792/1766 1573/1796/1768 825/1793/1767
f 1573/1794/1768 1570/407/381 822/399/373
f 833/1175/1120 846/1174/1119 1571/1791/1764
f 846/1174/1119 840/1177/1122 1572/1792/1769
f 840/1177/1770 839/1169/1112 1573/1796/1768
f 839/1797/1112 832/1166/1109 1570/407/381
f 1574/487/449 1576/1798/1771 828/1787/1761
f 1576/1798/1771 1577/1799/1773 829/1788/1762
f 1577/1799/1772 1578/1801/1774 830/1789/1763
f 830/1800/1763 1578/1802/1774 1575/403/377
f 817/518/477 820/1775/1750 1576/1798/1771
f 820/1775/1750 819/1777/1752 1577/1799/1773
f 819/1777/1755 818/1779/1754 1578/1801/1774
f 818/1780/1754 816/397/371 1575/403/377
f 1579/483/445 1581/1804/1776 873/1803/1775
f 1581/1804/1776 1582/1806/1778 872/1805/1777
f 1582/1806/1778 1583/1808/1780 871/1807/1779
f 1583/1808/1780 1580/530/487 869/531/488
f 854/432/402 856/1809/1781 1581/1804/1776
f 856/1809/1781 857/1810/1782 1582/1806/1778
f 857/1810/1782 858/1811/1783 1583/1808/1780
f 858/1811/1783 855/529/486 1580/530/487
f 875/426/396 1584/425/395 1586/1812/1784
f 878/1813/1785 1586/1812/1784 1587/1814/1786
f 877/1815/1787 1587/1814/1786 1588/1816/1788
f 876/1817/1789 1588/1816/1788 1585/464/430
f 1584/425/395 859/429/399 861/1818/1790
f 1586/1812/1784 861/1818/1790 862/1819/1791
f 1587/1814/1786 862/1819/1791 863/1820/1792
f 1588/1816/1788 863/1820/1792 860/465/431
f 850/422/392 1589/413/385 1591/1821/1793
f 853/1822/1794 1591/1821/1793 1592/1823/1795
f 852/1824/1796 1592/1823/1795 1593/1825/1797
f 851/1826/1798 1593/1825/1797 1590/481/444
f 1589/413/385 870/412/384 873/1803/1775
f 1591/1821/1793 873/1803/1775 872/1805/1777
f 1592/1823/1795 872/1805/1777 871/1807/1779
f 1593/1825/1797 871/1807/1779 869/531/488
f 1594/427/397 1596/1828/1800 868/1827/1799
f 1596/1828/1800 1597/1830/1802 867/1829/1801
f 1597/1830/1802 1598/1832/1804 866/1831/1803
f 1598/1832/1804 1595/502/461 864/522/481
f 875/426/396 878/1813/1785 1596/1828/1800
f 878/1813/1785 877/1815/1787 1597/1830/1802
f 877/1815/1787 876/1817/1789 1598/1832/1804
f 876/1817/1789 874/467/433 1595/502/461
f 1599/418/389 1601/1834/1806 883/1833/1805
f 1601/1834/1806 1602/1836/1808 882/1835/1807
f 1602/1836/1808 1603/1838/1810 881/1837/1809
f 1603/1838/1810 1600/435/405 879/419/390
f 865/466/432 868/1827/1799 1601/1834/1806
f 868/1827/1799 867/1829/1801 1602/1836/1808
f 867/1829/1801 866/1831/1803 1603/1838/1810
f 866/1831/1803 864/522/481 1600/435/405
f 1604/433/403 1606/1839/1811 856/1809/1781
f 1606/1839/1811 1607/1840/1812 857/1810/1782
f 1607/1840/1812 1608/1841/1813 858/1811/1783
f 1608/1841/1813 1605/415/387 855/529/486
f 884/438/407 886/1842/1814 1606/1839/1811
f 886/1842/1814 887/1843/1815 1607/1840/1812
f 887/1843/1815 888/1844/1816 1608/1841/1813
f 888/1844/1816 885/479/442 1605/415/387
f 1609/439/408 1611/1845/1817 886/1842/1814
f 1611/1845/1817 1612/1846/1818 887/1843/1815
f 1612/1846/1818 1613/1847/1819 888/1844/1816
f 1613/1847/1819 1610/523/482 885/479/442
f 894/443/412 896/1848/1820 1611/1845/1817
f 896/1848/1820 897/1849/1821 1612/1846/1818
f 897/1849/1821 898/1850/1822 1613/1847/1819
f 898/1850/1822 895/520/479 1610/523/482
f 1614/434/404 1616/1852/1824 893/1851/1823
f 1616/1852/1824 1617/1854/1826 892/1853/1825
f 1617/1854/1826 1618/1856/1828 891/1855/1827
f 1618/1856/1828 1615/421/391 889/442/411
f 880/496/456 883/1833/1805 1616/1852/1824
f 883/1833/1805 882/1835/1807 1617/1854/1826
f 882/1835/1807 881/1837/1809 1618/1856/1828
f 881/1837/1809 879/419/390 1615/421/391
f 917/528/485 1619/1863/441 1621/1857/1829
f 920/1858/1830 1621/1857/1829 1622/1859/1831
f 919/1860/1832 1622/1859/1831 1623/1861/1833
f 918/1862/1834 1623/1861/1833 1620/513/472
f 1619/1863/441 899/1178/440 903/1180/1125
f 1621/1857/1829 903/1180/1125 912/1184/1129
f 1622/1859/1831 912/1184/1129 911/1190/1137
f 1623/1861/1833 911/1190/1137 901/514/473
f 1624/445/414 1626/1864/1835 896/1848/1820
f 1626/1864/1835 1627/1865/1836 897/1849/1821
f 1627/1865/1836 1628/1866/1837 898/1850/1822
f 1628/1866/1837 1625/497/457 895/520/479
f 917/528/485 920/1858/1830 1626/1864/1835
f 920/1858/1830 919/1860/1832 1627/1865/1836
f 919/1860/1832 918/1862/1834 1628/1866/1837
f 918/1862/1834 916/515/474 1625/497/457
f 1629/440/409 1631/1867/1838 907/1188/1133
f 1631/1867/1838 1632/1868/1839 908/1193/1140
f 1632/1868/1839 1633/1869/1840 913/1191/1138
f 1633/1869/1840 1630/512/471 901/514/473
f 890/526/484 893/1851/1823 1631/1867/1838
f 893/1851/1823 892/1853/1825 1632/1868/1839
f 892/1853/1825 891/1855/1827 1633/1869/1840
f 891/1855/1827 889/442/411 1630/512/471
f 859/429/399 1634/450/417 1636/1870/1841
f 861/1818/1790 1636/1870/1841 1637/1871/1842
f 862/1819/1791 1637/1871/1842 1638/1872/1843
f 863/1820/1792 1638/1872/1843 1635/507/466
f 1634/450/417 926/451/418 928/1873/1844
f 1636/1870/1841 928/1873/1844 929/1874/1845
f 1637/1871/1842 929/1874/1845 930/1875/1846
f 1638/1872/1843 930/1875/1846 927/471/436
f 922/452/419 1639/423/393 1641/1876/1847
f 925/1877/1848 1641/1876/1847 1642/1878/1849
f 924/1879/1850 1642/1878/1849 1643/1880/1851
f 923/1881/1852 1643/1880/1851 1640/456/422
f 1639/423/393 850/422/392 853/1822/1794
f 1641/1876/1847 853/1822/1794 852/1824/1796
f 1642/1878/1849 852/1824/1796 851/1826/1798
f 1643/1880/1851 851/1826/1798 849/447/416
f 1644/463/429 1646/1882/1853 939/1196/1144
f 1646/1882/1853 1647/1883/1854 940/1205/1153
f 1647/1883/1854 1648/1884/1855 947/1201/1149
f 1648/1884/1855 1645/491/453 937/1202/1150
f 931/459/425 933/1885/1856 1646/1882/1853
f 933/1885/1856 934/1886/1857 1647/1883/1854
f 934/1886/1857 935/1887/1858 1648/1884/1855
f 935/1887/1858 932/488/450 1645/491/453
f 926/451/418 1649/457/423 1651/1888/1859
f 928/1873/1844 1651/1888/1859 1652/1889/1860
f 929/1874/1845 1652/1889/1860 1653/1890/1861
f 930/1875/1846 1653/1890/1861 1650/490/452
f 1649/457/423 938/458/424 950/1208/1157
f 1651/1888/1859 950/1208/1157 946/1203/1151
f 1652/1889/1860 946/1203/1151 945/1200/1148
f 1653/1890/1861 945/1200/1148 937/1202/1150
f 931/459/425 1654/453/420 1656/1891/1862
f 933/1885/1856 1656/1891/1862 1657/1892/1863
f 934/1886/1857 1657/1892/1863 1658/1893/1864
f 935/1887/1858 1658/1893/1864 1655/489/451
f 1654/453/420 922/452/419 925/1877/1848
f 1656/1891/1862 925/1877/1848 924/1879/1850
f 1657/1892/1863 924/1879/1850 923/1881/1852
f 1658/1893/1864 923/1881/1852 921/455/421
f 938/458/424 1659/408/382 1661/1894/1865
f 941/1195/1143 1661/1897/1870 1660/516/475
f 1659/408/382 832/1166/1109 841/1168/1866
f 1661/1897/1870 834/2156/1104 831/517/476
f 1662/388/363 1664/1902/1874 807/1898/1871
f 1664/1901/1873 1663/475/438 793/1139/1081
f 900/446/415 902/1187/1132 1664/1902/1874
f 902/1903/1126 899/477/440 1663/475/438
f 974/555/509 1665/554/508 1667/1904/1875
f 977/1905/1876 1667/1904/1875 1668/1906/1877
f 976/1907/1879 1668/1906/1884 1669/1908/1880
f 1669/1910/1880 1666/670/613 973/708/649
f 1665/554/508 958/545/499 960/1912/1882
f 1667/1904/1875 960/1912/1882 961/1913/1883
f 1668/1906/1884 961/1913/1922 962/1914/1885
f 962/1915/1885 959/565/518 1666/670/613
f 1670/591/543 1672/1922/1887 982/1916/1886
f 1672/1917/1887 1673/1920/1893 981/1918/1888
f 1673/1920/1889 1674/1925/1895 980/1921/1890
f 980/1921/1890 1674/1925/1895 1671/650/596
f 963/719/659 965/1987/1892 1672/1922/1887
f 965/1923/1892 966/1924/1958 1673/1920/1893
f 966/1924/1894 967/1990/1960 1674/1925/1895
f 1674/1925/1895 967/1990/1960 964/548/502
f 1675/660/605 1677/1927/1897 957/1926/1896
f 1677/1927/1897 1678/1929/1902 956/1928/1898
f 1678/1929/1899 1679/1932/1903 955/1930/1900
f 955/1931/1900 1679/1933/1903 1676/534/491
f 974/555/509 977/1905/1876 1677/1927/1897
f 977/1905/1876 976/1907/1878 1678/1929/1902
f 976/1907/1879 975/1909/1881 1679/1932/1903
f 1679/1933/1903 975/1911/1881 973/708/649
f 969/689/631 1680/556/510 1682/1934/1904
f 972/1936/1905 1682/1941/1904 1683/1937/1906
f 971/1938/1908 1683/1937/1911 1684/1939/1909
f 1684/1939/1909 1681/553/507 968/540/495
f 1680/556/510 979/538/494 982/1916/1886
f 1682/1941/1904 982/1919/1886 981/1918/1888
f 1683/1937/1911 981/1918/1891 980/1921/1890
f 980/1921/1890 978/551/505 1681/553/507
f 984/690/632 1685/684/626 1687/1942/1912
f 987/1943/1913 1687/1942/1912 1688/1944/1914
f 986/1946/1916 1688/1950/1919 1689/1947/1917
f 1689/1947/1917 1686/542/497 983/559/512
f 1685/684/626 969/689/631 972/1935/1905
f 1687/1949/1912 972/1936/1905 971/1938/1907
f 1688/1950/1919 971/1938/1908 970/1940/1910
f 970/1940/1910 968/540/495 1686/542/497
f 958/545/499 1690/544/498 1692/1951/1920
f 960/1912/1882 1692/1951/1920 1693/1952/1921
f 961/1913/1922 1693/1952/1926 1694/1953/1923
f 1694/1954/1923 1691/563/516 959/565/518
f 1690/544/498 988/574/526 990/1955/1924
f 1692/1951/1920 990/1955/1924 991/1956/1925
f 1693/1952/1926 991/1956/1930 992/1957/1927
f 992/1957/1927 989/1962/515 1691/1958/516
f 988/574/526 1695/583/535 1697/1959/1928
f 990/1955/1924 1697/1959/1928 1698/1960/1929
f 991/1956/1930 1698/1960/1934 1699/1961/1931
f 1699/1961/1931 1696/1966/513 989/1962/515
f 1695/583/535 998/582/534 1000/1963/1932
f 1697/1959/1928 1000/1963/1932 1001/1964/1933
f 1698/1960/1934 1001/1964/1949 1002/1965/1935
f 1002/1965/1935 999/1982/525 1696/1966/513
f 994/720/660 1700/713/654 1702/1967/1936
f 997/1968/1937 1702/1967/1936 1703/1969/1938
f 996/1971/1940 1703/1974/1943 1704/1972/1941
f 1704/1972/1941 1701/567/520 993/569/522
f 1700/713/654 984/690/632 987/1943/1913
f 1702/1967/1936 987/1943/1913 986/1945/1915
f 1703/1974/1943 986/1946/1916 985/1948/1918
f 985/1948/1918 983/559/512 1701/567/520
f 1705/698/639 1707/1975/1944 1034/1248/1197
f 1707/1975/1944 1708/1976/1945 1035/1236/1187
f 1708/1976/1945 1709/1977/1946 1026/1233/1184
f 1709/1977/1946 1706/664/607 1021/712/653
f 1004/1220/1171 1014/1219/1170 1707/1975/1944
f 1014/1219/1170 1007/1223/1174 1708/1976/1945
f 1007/1223/1174 1006/1213/1164 1709/1977/1946
f 1006/1213/1164 1003/1210/1161 1706/664/607
f 998/582/534 1710/683/625 1712/1978/1947
f 1000/1963/1932 1712/1978/1951 1713/1979/1948
f 1001/1964/1949 1713/1979/1952 1714/1980/1950
f 1002/1965/1935 1714/1980/1950 1711/1981/523
f 1710/683/625 1023/696/637 1036/1247/1196
f 1712/1978/1951 1036/1247/1196 1030/1242/1200
f 1713/1979/1952 1030/1242/1192 1029/1239/1190
f 1714/1980/1950 1029/1239/1190 1022/1241/531
f 1004/1220/1171 1715/697/638 1717/1983/1953
f 1012/1218/1169 1717/1983/1953 1718/1984/1954
f 1013/1230/1181 1718/1986/1956 1719/1985/1955
f 1018/1226/1177 1719/1985/1955 1716/576/528
f 1715/697/638 994/720/660 997/1968/1937
f 1717/1983/1953 997/1968/1937 996/1970/1939
f 1718/1986/1956 996/1971/1940 995/1973/1942
f 1719/1985/1955 995/1973/1942 993/569/522
f 1720/599/550 1722/1991/1957 965/1987/1892
f 1722/1988/1957 1723/1989/1962 966/1924/1958
f 1723/1989/1959 1724/1994/1964 967/1990/1960
f 967/1990/1960 1724/1994/1964 1721/693/634
f 1044/659/604 1046/2011/1961 1722/1991/1957
f 1046/1992/1961 1047/1993/1980 1723/1989/1962
f 1047/1993/1963 1048/2014/1982 1724/1994/1964
f 1724/1994/1964 1048/2014/1982 1045/588/540
f 1725/504/463 1727/1996/1966 1043/1995/1965
f 1727/1996/1966 1728/1998/1971 1042/1997/1967
f 1728/1998/1968 1729/2001/1972 1041/1999/1969
f 1041/2000/1969 1729/2002/1972 1726/584/536
f 954/506/465 957/1926/1896 1727/1996/1966
f 957/1926/1896 956/1928/1898 1728/1998/1971
f 956/1928/1901 955/1930/1900 1729/2001/1972
f 1729/2002/1972 955/1931/1900 953/546/500
f 1056/1267/1220 1730/674/616 1732/2003/1973
f 1067/1265/1218 1732/2003/1973 1733/2004/1974
f 1068/1255/1207 1733/2004/1974 1734/2005/1975
f 1058/1251/1203 1734/2005/1975 1731/2006/597
f 1730/674/616 1049/676/618 1051/2007/1976
f 1732/2003/1973 1051/2007/1976 1052/2008/1977
f 1733/2004/1974 1052/2008/1977 1053/2009/1978
f 1734/2010/1975 1053/2021/1978 1050/594/546
f 1735/675/617 1737/2016/1979 1046/2011/1961
f 1737/2012/1979 1738/2013/1984 1047/1993/1980
f 1738/2013/1981 1739/2015/1983 1048/2014/1982
f 1739/2015/1983 1736/596/548 1045/588/540
f 1056/1267/1220 1069/1266/1219 1737/2016/1979
f 1069/2017/1219 1063/2018/1222 1738/2013/1984
f 1063/2018/1985 1062/1260/1212 1739/2015/1983
f 1062/1260/1212 1055/1257/1209 1736/596/548
f 1740/677/619 1742/2019/1986 1051/2007/1976
f 1742/2019/1986 1743/2020/1988 1052/2008/1977
f 1743/2020/1987 1744/2022/1989 1053/2009/1978
f 1053/2021/1978 1744/2023/1989 1741/592/544
f 1040/705/646 1043/1995/1965 1742/2019/1986
f 1043/1995/1965 1042/1997/1967 1743/2020/1988
f 1042/1997/1970 1041/1999/1969 1744/2022/1989
f 1041/2000/1969 1039/586/538 1741/592/544
f 1745/673/615 1747/2025/1991 1096/2024/1990
f 1747/2025/1991 1748/2027/1993 1095/2026/1992
f 1748/2027/1993 1749/2029/1995 1094/2028/1994
f 1749/2029/1995 1746/717/657 1092/718/658
f 1077/621/570 1079/2030/1996 1747/2025/1991
f 1079/2030/1996 1080/2031/1997 1748/2027/1993
f 1080/2031/1997 1081/2032/1998 1749/2029/1995
f 1081/2032/1998 1078/716/656 1746/717/657
f 1098/615/564 1750/614/563 1752/2033/1999
f 1101/2034/2000 1752/2033/1999 1753/2035/2001
f 1099/2038/2004 1754/2037/2003 1751/654/600
f 1750/614/563 1082/618/567 1084/2039/2005
f 1753/2035/2001 1085/2040/2006 1086/2041/2007
f 1754/2037/2003 1086/2041/2007 1083/655/601
f 1073/611/560 1755/602/552 1757/2042/2008
f 1076/2043/2009 1757/2042/2008 1758/2044/2010
f 1075/2045/2011 1758/2044/2010 1759/2046/2012
f 1074/2047/2013 1759/2046/2012 1756/671/614
f 1755/602/552 1093/601/551 1096/2024/1990
f 1757/2042/2008 1096/2024/1990 1095/2026/1992
f 1758/2044/2010 1095/2026/1992 1094/2028/1994
f 1760/616/565 1762/2049/2015 1091/2048/2014
f 1762/2049/2015 1763/2051/2017 1090/2050/2016
f 1763/2051/2017 1764/2053/2019 1089/2052/2018
f 1764/2053/2019 1761/692/633 1087/709/650
f 1098/615/564 1101/2034/2000 1762/2049/2015
f 1101/2034/2000 1100/2036/2002 1763/2051/2017
f 1100/2036/2002 1099/2038/2004 1764/2053/2019
f 1099/2038/2004 1097/657/603 1761/692/633
f 1765/607/556 1767/2055/2021 1106/2054/2020
f 1767/2055/2021 1768/2057/2023 1105/2056/2022
f 1768/2057/2023 1769/2059/2025 1104/2058/2024
f 1769/2059/2025 1766/624/573 1102/608/557
f 1091/2048/2014 1090/2050/2016 1768/2057/2023
f 1090/2050/2016 1089/2052/2018 1769/2059/2025
f 1089/2052/2018 1087/709/650 1766/624/573
f 1770/622/571 1772/2060/2026 1079/2030/1996
f 1772/2060/2026 1773/2061/2027 1080/2031/1997
f 1773/2061/2027 1774/2062/2028 1081/2032/1998
f 1774/2062/2028 1771/604/554 1078/716/656
f 1109/2063/2029 1110/2064/2030 1773/2061/2027
f 1110/2064/2030 1111/2065/2031 1774/2062/2028
f 1111/2065/2031 1108/669/612 1771/604/554
f 1775/628/577 1777/2066/2032 1109/2063/2029
f 1777/2066/2032 1778/2067/2033 1110/2064/2030
f 1778/2067/2033 1779/2068/2034 1111/2065/2031
f 1117/632/581 1119/2069/2035 1777/2066/2032
f 1120/2070/2036 1121/2071/2037 1779/2068/2034
f 1121/2071/2037 1118/707/648 1776/710/651
f 1780/623/572 1782/2073/2039 1116/2072/2038
f 1782/2073/2039 1783/2075/2041 1115/2074/2040
f 1783/2075/2041 1784/2077/2043 1114/2076/2042
f 1784/2077/2043 1781/610/559 1112/631/580
f 1103/686/628 1106/2054/2020 1782/2073/2039
f 1106/2054/2020 1105/2056/2022 1783/2075/2041
f 1105/2056/2022 1104/2058/2024 1784/2077/2043
f 1104/2058/2024 1102/608/557 1781/610/559
f 1785/668/611 1787/2085/2049 1143/2078/2044
f 1143/2078/2044 1787/2085/2049 1788/2079/2045
f 1142/2080/2046 1788/2079/2045 1789/2081/2047
f 1141/2082/2048 1789/2081/2047 1786/2083/641
f 1785/668/611 1122/667/610 1126/1272/1225
f 1787/2085/2049 1126/1272/1225 1135/1276/1229
f 1788/2079/2045 1135/1276/1229 1134/1284/1237
f 1789/2081/2047 1134/1284/1237 1124/1286/642
f 1790/635/584 1792/2086/2050 1119/2069/2035
f 1792/2086/2050 1793/2087/2051 1120/2070/2036
f 1793/2087/2051 1794/2088/2052 1121/2071/2037
f 1794/2088/2052 1791/687/629 1118/707/648
f 1140/634/583 1143/2089/2044 1792/2086/2050
f 1143/2089/2044 1142/2090/2046 1793/2087/2051
f 1142/2090/2046 1141/2091/2048 1794/2088/2052
f 1141/2091/2048 1139/702/643 1791/687/629
f 1795/629/578 1797/2092/2053 1130/1280/1233
f 1797/2092/2053 1798/2094/2054 1131/2093/1240
f 1798/2094/2054 1799/2096/2055 1136/2095/1238
f 1799/2096/2055 1796/699/640 1124/701/642
f 1113/714/655 1116/2072/2038 1797/2092/2053
f 1116/2072/2038 1115/2074/2040 1798/2094/2054
f 1115/2074/2040 1114/2076/2042 1799/2096/2055
f 1114/2076/2042 1112/631/580 1796/699/640
f 1082/618/567 1800/640/587 1802/2097/2056
f 1085/2040/2006 1803/2098/2057 1804/2099/2058
f 1086/2041/2007 1804/2099/2058 1801/694/635
f 1800/640/587 1149/641/588 1151/2100/2059
f 1802/2097/2056 1151/2100/2059 1152/2101/2060
f 1803/2098/2057 1152/2101/2060 1153/2102/2061
f 1804/2099/2058 1153/2102/2061 1150/661/606
f 1145/642/589 1805/612/561 1807/2103/2062
f 1148/2104/2063 1807/2103/2062 1808/2105/2064
f 1147/2106/2065 1808/2105/2064 1809/2107/2066
f 1146/2108/2067 1809/2107/2066 1806/646/592
f 1805/612/561 1073/611/560 1076/2043/2009
f 1807/2103/2062 1076/2043/2009 1075/2045/2011
f 1809/2107/2066 1074/2047/2013 1072/637/586
f 1810/653/599 1812/2109/2068 1162/1292/1244
f 1812/2109/2068 1813/2110/2069 1163/1301/1254
f 1813/2110/2069 1814/2111/2070 1169/1297/1250
f 1814/2111/2070 1811/681/623 1160/1298/1251
f 1154/649/595 1156/2112/2071 1812/2109/2068
f 1156/2112/2071 1157/2113/2072 1813/2110/2069
f 1157/2113/2072 1158/2114/2073 1814/2111/2070
f 1158/2114/2073 1155/678/620 1811/681/623
f 1149/641/588 1815/647/593 1817/2115/2074
f 1151/2100/2059 1817/2115/2074 1818/2116/2075
f 1153/2102/2061 1819/2117/2076 1816/680/622
f 1815/647/593 1161/648/594 1173/1304/1258
f 1817/2115/2074 1173/1304/1258 1168/1299/1252
f 1818/2116/2075 1168/1299/1252 1167/1296/1249
f 1154/649/595 1820/643/590 1822/2118/2077
f 1156/2112/2071 1822/2118/2077 1823/2119/2078
f 1157/2113/2072 1823/2119/2078 1824/2120/2079
f 1820/643/590 1145/642/589 1148/2104/2063
f 1822/2118/2077 1148/2104/2063 1147/2106/2065
f 1823/2119/2078 1147/2106/2065 1146/2108/2067
f 1824/2120/2079 1146/2108/2067 1144/645/591
f 1161/648/594 1825/597/549 1827/2121/2080
f 1172/2123/2081 1827/2126/2085 1826/2124/644
f 1825/597/549 1055/1257/1209 1064/1259/2083
f 1827/2126/2085 1057/2149/2119 1054/1249/645
f 1828/577/529 1830/2129/2089 1017/2127/1178
f 1830/2128/2087 1829/665/608 1003/1210/1161
f 1123/636/585 1125/1279/1232 1830/2129/2089
f 1125/2130/1226 1122/667/610 1829/665/608
f 1831/1306/582 1022/1241/531 1031/1240/1191
f 1834/1307/1262 1031/1240/1191 1025/1234/1185
f 1835/1309/1264 1025/1234/1185 1024/1232/1183
f 1836/1310/1265 1024/1232/1183 1021/712/653
