# Blender 5.2.2 LTS
# www.blender.org
mtllib Holocron_Esquina_8.mtl
o Holocron.009
v -51.874168 2.344100 5.629810
v -50.646671 1.191710 5.600846
v -51.498783 1.901366 5.618914
v -51.077850 1.510841 5.609086
v -50.129002 0.906955 5.597011
v -52.232384 2.902261 5.643263
v -51.869877 2.345268 5.741549
v -50.642380 1.192878 5.712583
v -51.494492 1.902534 5.730651
v -51.073559 1.512011 5.720823
v -50.124710 0.908123 5.708747
v -52.228092 2.903430 5.755002
v -52.099434 3.114419 5.703607
v -51.716522 2.487236 5.688526
v -51.341385 2.044271 5.677623
v -52.027527 2.202133 5.682833
v -52.361046 2.691272 5.694659
v -50.343452 0.789774 5.646903
v -50.800098 1.049677 5.653867
v -51.651890 1.759629 5.671940
v -50.488949 1.334911 5.659562
v -49.910259 1.025303 5.658855
v -50.920212 1.653966 5.667800
v -49.842064 0.563828 5.640599
v -51.231197 1.368882 5.662108
v -48.476440 0.345372 5.747189
v -52.904232 0.354823 5.730289
v -52.921783 4.766785 5.807581
v -53.146896 0.359346 5.490527
v -53.164249 0.456390 1.106503
v -53.156372 4.779628 5.587985
v -52.907829 0.120789 5.485121
v -48.504894 0.110384 5.486713
v -52.922253 0.213631 1.084046
v -50.843792 0.283689 4.487183
v -52.024323 0.298801 3.286464
v -51.295124 0.287364 4.122037
v -51.695301 0.292597 3.710182
v -52.320683 0.307098 2.784329
v -50.277527 0.281687 4.828431
v -50.839085 0.172156 4.480579
v -52.019611 0.187269 3.279860
v -51.290417 0.175834 4.115433
v -51.690594 0.181067 3.703578
v -52.315979 0.195567 2.777724
v -50.272820 0.170156 4.821827
v -50.066525 0.230938 4.693701
v -50.702469 0.232853 4.325222
v -51.154026 0.236526 3.960331
v -50.980408 0.222990 4.642541
v -50.483822 0.220906 4.956557
v -52.431381 0.245490 2.991381
v -52.160999 0.238101 3.441896
v -51.431519 0.226676 4.277139
v -49.914886 0.220043 5.248230
v -51.882935 0.247972 3.124429
v -52.205280 0.257175 2.570672
v -51.553986 0.241762 3.548229
v -52.668835 0.254224 2.495377
v -51.831909 0.231899 3.865531
v -53.051891 1.390727 3.424432
v -53.029099 2.555659 4.640170
v -53.052654 1.742699 3.886127
v -53.044441 2.142394 4.298397
v -53.011654 3.053488 4.954831
v -53.039139 1.065380 2.849024
v -53.161911 1.406434 3.412009
v -53.139118 2.571366 4.627747
v -53.162674 1.758406 3.873705
v -53.154457 2.158103 4.285975
v -53.121674 3.069195 4.942408
v -53.149158 1.081086 2.836600
v -53.063496 1.209130 2.639279
v -53.079308 1.559833 3.285007
v -53.080112 1.911544 3.746916
v -53.134495 1.237328 3.551435
v -53.124798 0.937336 3.046344
v -53.088783 2.843387 5.061090
v -53.111713 2.402184 4.767233
v -53.135212 1.589559 4.012916
v -53.106819 0.661360 2.469911
v -53.056503 2.724839 4.500682
v -53.044540 3.279295 4.836146
v -53.071857 2.311493 4.158979
v -53.127041 1.989007 4.425393
v -51.291485 1.697981 5.613824
v -51.693504 2.117589 5.624262
v -50.863487 1.342559 5.604772
v -50.416039 1.052658 5.597632
v -49.752457 0.738923 5.600465
v -52.045517 2.589015 5.635750
v -52.455872 3.323431 5.653287
v -51.287193 1.699151 5.725560
v -51.689213 2.118757 5.736000
v -50.859196 1.343728 5.716508
v -50.411747 1.053824 5.709369
v -49.748161 0.740090 5.712202
v -52.041225 2.590183 5.747488
v -52.451576 3.324600 5.765027
v -51.890896 2.740834 5.694671
v -51.536011 2.260581 5.682973
v -52.195850 2.438362 5.688568
v -50.577095 0.913732 5.650262
v -51.846706 1.975765 5.677288
v -52.699898 3.809541 5.720684
v -50.250690 1.192752 5.656740
v -51.133995 1.840969 5.672535
v -52.375568 3.682096 5.717088
v -49.320358 0.557329 5.662219
v -52.531879 2.965935 5.701229
v -50.096577 0.674554 5.643709
v -50.705776 1.485749 5.663487
v -49.404041 0.804460 5.668958
v -51.444679 1.556162 5.666849
v -51.016907 1.200536 5.657793
v -50.825054 0.170557 5.241772
v -53.106297 2.489315 3.476702
v -52.667015 2.429770 5.726803
v -51.450428 1.866029 4.048685
v -50.690334 0.350098 5.738739
v -52.913006 2.560804 5.768937
v -50.699112 2.556078 5.777386
v -53.155571 0.407868 3.298515
v -53.151634 2.569486 5.539255
v -53.160313 2.618009 3.347243
v -50.706364 0.115586 5.485917
v -52.915039 0.167211 3.284584
v -50.713573 0.162008 3.285379
v -51.442574 0.247910 4.019846
v -51.437435 1.819899 5.666695
v -53.052753 1.860634 4.060799
v -50.815544 2.428282 5.730014
v -53.105228 0.646235 3.427491
v -52.673340 0.213749 3.409468
v -50.810429 0.593699 5.690987
v -53.100433 2.446090 5.305089
v -50.829456 0.210602 3.404985
v -51.503262 0.289826 3.919460
v -51.074440 0.285317 4.311751
v -51.868500 0.295582 3.499747
v -52.168633 0.302430 3.060209
v -52.496788 0.313288 2.430499
v -50.594967 0.282467 4.652371
v -49.851448 0.281341 5.033496
v -51.498554 0.178296 3.912855
v -51.069733 0.173787 4.305146
v -51.863792 0.184051 3.493143
v -52.163921 0.190898 3.053604
v -52.492081 0.201756 2.423895
v -50.590260 0.170938 4.645768
v -49.846741 0.169808 5.026890
v -50.444878 0.231647 4.493750
v -50.933258 0.234478 4.149948
v -50.740349 0.221757 4.804389
v -52.302063 0.241615 3.222093
v -51.210918 0.224625 4.466950
v -49.358212 0.225465 5.253386
v -52.030491 0.251713 2.891720
v -51.362083 0.238986 3.757662
v -49.492535 0.230763 4.956814
v -52.685707 0.264610 2.026915
v -50.205654 0.220385 5.103572
v -52.552265 0.249747 2.747247
v -51.727119 0.244750 3.337722
v -52.436600 0.265296 2.107146
v -51.639736 0.229135 4.074654
v -52.005169 0.234880 3.655168
v -53.049557 1.939015 4.100171
v -53.053410 1.559487 3.660007
v -53.037640 2.347396 4.477891
v -53.019360 2.777830 4.791761
v -53.008747 3.413280 5.147974
v -53.047825 1.232609 3.171086
v -53.024323 0.871998 2.417770
v -53.159576 1.954724 4.087748
v -53.163425 1.575194 3.647584
v -53.147655 2.363103 4.465468
v -53.129375 2.793537 4.779338
v -53.118767 3.428984 5.135550
v -53.157845 1.248316 3.158663
v -53.134342 0.887705 2.405346
v -53.074844 1.398609 3.022817
v -53.080853 1.728433 3.520715
v -53.130821 1.082314 3.306932
v -53.101288 2.617279 4.916224
v -53.135983 1.406249 3.786877
v -53.060947 0.670050 1.915145
v -53.047447 2.954089 4.654873
v -53.077000 2.107955 3.960882
v -53.042213 0.961686 2.058752
v -53.063824 3.831069 5.353684
v -53.116455 0.798017 2.764364
v -53.074219 3.082844 5.210027
v -53.065041 2.516566 4.338413
v -53.053291 3.759418 5.073503
v -53.132133 1.785782 4.227036
v -53.120251 2.193933 4.604949
v -52.046658 2.185885 5.630486
v -52.044872 2.187618 5.626687
v -52.046951 2.185652 5.629015
v -52.046719 2.185896 5.627776
v -52.045986 2.186586 5.626959
v -51.248512 1.354394 5.605963
v -51.250320 1.352639 5.609777
v -51.249638 1.353354 5.606236
v -51.250378 1.352654 5.607056
v -51.250618 1.352405 5.608299
v -51.703503 2.500552 5.632936
v -51.701427 2.502357 5.636941
v -51.702354 2.501597 5.633258
v -51.701557 2.502307 5.634133
v -51.701233 2.502573 5.635427
v -50.905121 1.669086 5.616217
v -50.907204 1.667274 5.612209
v -50.904922 1.669304 5.614701
v -50.905251 1.669037 5.613408
v -50.906052 1.668324 5.612532
v -51.671017 1.743384 5.619598
v -51.669228 1.745116 5.615794
v -51.671314 1.743147 5.618124
v -51.671078 1.743394 5.616884
v -51.670345 1.744087 5.616066
v -51.326294 2.059393 5.626039
v -51.328362 2.057595 5.622033
v -51.326096 2.059610 5.624524
v -51.326420 2.059347 5.623231
v -51.327213 2.058637 5.622356
v -50.473858 1.350029 5.607983
v -50.475983 1.348179 5.603971
v -50.473667 1.350243 5.606466
v -50.474003 1.349967 5.605171
v -50.474815 1.349243 5.604294
v -50.817371 1.035226 5.597721
v -50.819214 1.033438 5.601554
v -50.818512 1.034173 5.597995
v -50.819263 1.033462 5.598820
v -50.819511 1.033206 5.600070
v -49.895168 1.040421 5.607281
v -49.898411 1.039061 5.603206
v -49.895061 1.040671 5.605757
v -49.895641 1.040503 5.604448
v -49.896816 1.039936 5.603552
v -50.359650 0.774817 5.590815
v -50.362560 0.773547 5.594619
v -50.361202 0.773958 5.591069
v -50.362301 0.773414 5.591881
v -50.362778 0.773270 5.593128
v -48.787930 0.565876 5.632031
v -48.802067 0.570987 5.627662
v -48.787521 0.567605 5.632166
v -48.791073 0.566570 5.630403
v -48.794861 0.567786 5.629001
v -48.786621 0.565964 5.632327
v -48.788807 0.566803 5.630668
v -48.791283 0.567798 5.629345
v -48.789730 0.567926 5.629815
v -48.798557 0.571060 5.628113
v -48.794559 0.570440 5.629128
v -48.798721 0.569335 5.628039
v -48.794575 0.569237 5.628648
v -48.791157 0.568922 5.629399
v -48.790684 0.569228 5.630550
v -48.788620 0.568048 5.630738
v -48.787476 0.567153 5.630832
v -49.861156 0.547610 5.588353
v -49.862415 0.550620 5.584894
v -49.861698 0.547464 5.586875
v -49.862125 0.547983 5.585700
v -49.862377 0.549091 5.585003
v -52.380177 2.675025 5.642310
v -52.379028 2.677742 5.638535
v -52.380524 2.674865 5.640841
v -52.380424 2.675324 5.639606
v -52.379902 2.676333 5.638799
v -52.085831 3.126647 5.647990
v -52.084339 3.129539 5.652025
v -52.084908 3.128108 5.648323
v -52.084297 3.129169 5.649207
v -52.084099 3.129670 5.650506
v -52.725677 3.241535 5.656022
v -52.723042 3.236806 5.651887
v -52.723721 3.233343 5.655643
v -52.725941 3.240504 5.654459
v -52.725533 3.239241 5.653124
v -52.725548 3.239575 5.656075
v -52.725697 3.238633 5.654503
v -52.725616 3.237757 5.653260
v -52.725452 3.236755 5.653601
v -52.723999 3.235550 5.652153
v -52.724464 3.234448 5.652959
v -52.724518 3.237943 5.652223
v -52.724926 3.236688 5.652623
v -52.725147 3.235677 5.653185
v -52.724487 3.235139 5.655870
v -52.725128 3.237329 5.656024
v -52.724365 3.233675 5.654184
v -52.724934 3.235328 5.654369
v -52.678123 4.376513 5.681736
v -52.676086 4.377072 5.681614
v -52.673233 4.364872 5.677359
v -52.677971 4.377846 5.681970
v -52.677479 4.373878 5.680105
v -52.677162 4.376043 5.680293
v -52.676743 4.377326 5.680390
v -52.676022 4.375415 5.679386
v -52.674606 4.374544 5.680035
v -52.673546 4.371336 5.678668
v -52.676868 4.378149 5.681903
v -52.675812 4.376359 5.680256
v -52.675030 4.374253 5.678946
v -52.674831 4.367579 5.677734
v -52.676323 4.370740 5.678699
v -52.673061 4.367939 5.677731
v -52.674816 4.371255 5.678259
v -52.676208 4.374002 5.678959
v -52.003792 2.222508 5.739097
v -52.008396 2.218380 5.735182
v -52.005119 2.221297 5.738781
v -52.006462 2.220085 5.737926
v -52.007614 2.219064 5.736662
v -51.212074 1.385127 5.714441
v -51.207428 1.389287 5.718373
v -51.211285 1.385810 5.715928
v -51.210129 1.386843 5.717196
v -51.208775 1.388062 5.718055
v -51.731613 2.472116 5.740110
v -51.736000 2.467993 5.743999
v -51.732304 2.471447 5.741617
v -51.733376 2.470428 5.742885
v -51.734676 2.469215 5.743721
v -50.939701 1.634716 5.723273
v -50.935303 1.638847 5.719384
v -50.938374 1.635944 5.722996
v -50.937069 1.637157 5.722159
v -50.935989 1.638179 5.720892
v -51.628147 1.780010 5.728204
v -51.632759 1.775877 5.724284
v -51.629478 1.778799 5.727887
v -51.630825 1.777586 5.727031
v -51.631977 1.776559 5.725766
v -51.360859 2.025038 5.733097
v -51.356480 2.029150 5.729210
v -51.359535 2.026255 5.732819
v -51.358238 2.027467 5.731983
v -51.357166 2.028482 5.730715
v -50.508484 1.315619 5.715034
v -50.504040 1.319790 5.711141
v -50.507137 1.316861 5.714756
v -50.505821 1.318089 5.713919
v -50.504730 1.319118 5.712649
v -50.780983 1.065916 5.706182
v -50.776287 1.070120 5.710132
v -50.780190 1.066606 5.707676
v -50.779018 1.067647 5.708951
v -50.777649 1.068882 5.709814
v -49.931194 1.006639 5.714255
v -49.925350 1.010186 5.710432
v -49.929310 1.007641 5.714004
v -49.927540 1.008667 5.713190
v -49.926147 1.009558 5.711936
v -50.324345 0.806004 5.699192
v -50.318298 0.809568 5.703239
v -50.323444 0.806649 5.700699
v -50.321980 0.807553 5.701999
v -50.320171 0.808578 5.702890
v -48.818115 0.535896 5.735283
v -48.817699 0.537368 5.735314
v -48.837959 0.539879 5.738597
v -48.816269 0.536166 5.735641
v -48.822594 0.535968 5.736621
v -48.820248 0.536061 5.736763
v -48.818836 0.536304 5.736840
v -48.821964 0.536758 5.737506
v -48.822346 0.538355 5.736710
v -48.827824 0.539179 5.737824
v -48.820126 0.537179 5.736804
v -48.823856 0.537602 5.737784
v -48.833336 0.538126 5.738414
v -48.827938 0.536752 5.737720
v -48.833309 0.539713 5.738487
v -48.828236 0.537898 5.738182
v -48.823910 0.536574 5.737741
v -49.821396 0.585488 5.697402
v -49.822971 0.580048 5.692853
v -49.821556 0.583784 5.696872
v -49.821911 0.582150 5.695821
v -49.822407 0.580836 5.694410
v -52.338108 2.712874 5.750951
v -52.341915 2.707521 5.747007
v -52.339134 2.711191 5.750625
v -52.340218 2.709585 5.749760
v -52.341194 2.708297 5.748489
v -52.114525 3.099298 5.755188
v -52.118176 3.093812 5.759047
v -52.115158 3.098526 5.756692
v -52.116074 3.097214 5.757955
v -52.117134 3.095556 5.758780
v -52.687836 3.273896 5.760365
v -52.685459 3.265841 5.760341
v -52.682034 3.271796 5.764300
v -52.687569 3.271966 5.760489
v -52.687023 3.269754 5.760526
v -52.686928 3.273391 5.761879
v -52.686607 3.271755 5.761875
v -52.686295 3.270185 5.761855
v -52.685665 3.270468 5.762650
v -52.684978 3.267011 5.761833
v -52.684162 3.268553 5.763109
v -52.686283 3.267603 5.760475
v -52.685665 3.268657 5.761850
v -52.685040 3.269662 5.762970
v -52.683788 3.272254 5.764009
v -52.685509 3.272815 5.763161
v -52.683128 3.270236 5.763976
v -52.684444 3.270921 5.763555
v -52.685627 3.271520 5.762992
v -52.707947 4.346364 5.784660
v -52.704548 4.329834 5.788363
v -52.706268 4.346835 5.784777
v -52.708008 4.342535 5.786139
v -52.707378 4.338051 5.787360
v -52.707836 4.344722 5.786250
v -52.707428 4.341624 5.787302
v -52.707172 4.343359 5.787024
v -52.704552 4.333809 5.788148
v -52.704880 4.338438 5.787395
v -52.706165 4.333591 5.788139
v -52.706226 4.338017 5.787798
v -52.706367 4.341788 5.787319
v -52.707008 4.347929 5.784998
v -52.705482 4.343009 5.786210
v -52.706654 4.344948 5.786283
v -52.707531 4.346040 5.786305
v -52.657536 0.594124 5.731284
v -52.661827 0.598392 5.731337
v -52.666164 0.589708 5.735424
v -52.659168 0.594450 5.731282
v -52.660557 0.595377 5.731291
v -52.659496 0.593759 5.732897
v -52.661243 0.594658 5.732807
v -52.661816 0.594075 5.733711
v -52.662144 0.596439 5.732930
v -52.663082 0.594102 5.734267
v -52.661491 0.596763 5.731310
v -52.661827 0.592793 5.734251
v -52.664494 0.591738 5.735142
v -52.663143 0.592741 5.734695
v -53.157501 0.689139 1.619522
v -53.157627 0.692275 1.618221
v -53.161819 0.684806 1.606808
v -53.157887 0.689407 1.618172
v -53.158051 0.690099 1.617451
v -53.159325 0.689383 1.616271
v -53.160084 0.688643 1.615036
v -53.157959 0.691106 1.617468
v -53.160542 0.687933 1.613417
v -53.161488 0.685676 1.609546
v -53.161011 0.687272 1.612198
v -48.931519 0.586795 5.752831
v -48.915428 0.581614 5.756917
v -48.929840 0.590003 5.753110
v -48.928097 0.586277 5.754454
v -48.923836 0.585111 5.755801
v -48.930187 0.587087 5.752333
v -48.924988 0.586056 5.755159
v -48.918324 0.582816 5.756676
v -48.922077 0.584830 5.755868
v -48.919388 0.583474 5.756666
v -48.929279 0.588820 5.752483
v -48.929401 0.587797 5.752211
v -48.926125 0.587356 5.754616
v -48.926899 0.586874 5.754063
v -52.685913 4.259232 5.798886
v -52.682724 4.260406 5.798778
v -52.691669 4.272169 5.802978
v -52.685600 4.260632 5.798715
v -52.684887 4.261345 5.798635
v -52.686871 4.262274 5.800440
v -52.687252 4.264133 5.801148
v -52.683876 4.261268 5.798657
v -52.685997 4.263025 5.800263
v -52.689983 4.269278 5.802657
v -52.688305 4.265790 5.801795
v -52.688995 4.266963 5.802182
v -48.985470 0.120687 5.236266
v -48.984234 0.120749 5.233255
v -48.972172 0.116302 5.240915
v -48.984066 0.120691 5.236032
v -48.982655 0.119043 5.236588
v -48.980457 0.118214 5.236813
v -48.977936 0.117618 5.238203
v -48.983398 0.120725 5.234406
v -48.981464 0.119112 5.235968
v -48.975456 0.116671 5.239103
v -48.979130 0.117613 5.237551
v -48.974739 0.116652 5.239986
v -53.142876 0.603171 5.251722
v -53.147114 0.598641 5.260260
v -53.142868 0.607328 5.256107
v -53.144501 0.602797 5.253677
v -53.145874 0.601804 5.255986
v -53.142876 0.603456 5.253363
v -53.144440 0.603096 5.254694
v -53.145313 0.603068 5.256010
v -53.146793 0.600693 5.258636
v -53.145874 0.603064 5.257277
v -53.146324 0.601725 5.257307
v -53.142868 0.605707 5.255735
v -53.142872 0.604348 5.254772
v -53.144493 0.605395 5.256390
v -53.144440 0.604383 5.256037
v -53.152554 4.284824 5.362858
v -53.156757 4.298705 5.368100
v -53.152538 4.286110 5.359883
v -53.154167 4.288085 5.363540
v -53.155533 4.291866 5.364776
v -53.152470 4.286230 5.362657
v -53.156437 4.295486 5.366846
v -53.155975 4.292964 5.365357
v -53.155342 4.290704 5.364219
v -53.152462 4.286923 5.361044
v -53.154156 4.288671 5.362401
v -52.664719 0.130208 5.245267
v -52.673557 0.125862 5.249778
v -52.668987 0.130311 5.241018
v -52.666649 0.128574 5.245584
v -52.669006 0.127172 5.246552
v -52.666348 0.130217 5.244947
v -52.667683 0.128640 5.245269
v -52.669022 0.127763 5.245264
v -52.670322 0.127206 5.245243
v -52.671432 0.126221 5.248025
v -52.670387 0.126723 5.246614
v -52.668659 0.130270 5.242648
v -52.667732 0.130239 5.244027
v -52.669334 0.128638 5.242912
v -52.669014 0.128673 5.243947
v -52.677773 0.207876 1.575925
v -52.682308 0.203892 1.562551
v -52.674755 0.207896 1.574665
v -52.678123 0.206308 1.572954
v -52.677547 0.207906 1.574524
v -52.678310 0.205532 1.570866
v -52.681332 0.204163 1.565263
v -52.679554 0.205020 1.568517
v -52.675915 0.207916 1.573841
v -52.677441 0.206385 1.571944
v -53.151730 5.261045 5.812184
v -53.152523 5.263268 5.808684
v -53.155991 5.260572 5.807878
v -53.151165 5.262073 5.811915
v -53.151115 5.262856 5.811158
v -53.153355 5.260924 5.811833
v -53.153091 5.262815 5.811458
v -53.153008 5.264044 5.810861
v -53.153851 5.263283 5.807761
v -53.154976 5.262776 5.807282
v -53.151596 5.263276 5.810021
v -53.153336 5.263939 5.809524
v -53.154663 5.264009 5.809203
v -53.155655 5.260671 5.809503
v -53.154732 5.260792 5.810894
v -53.155727 5.261827 5.807324
v -53.155266 5.262691 5.809268
v -53.154552 5.263157 5.810742
v -48.037663 0.104467 5.732486
v -48.035534 0.107930 5.733829
v -48.037491 0.109147 5.737462
v -48.036762 0.104743 5.732005
v -48.036041 0.105497 5.732091
v -48.037628 0.104795 5.734324
v -48.035854 0.105205 5.734128
v -48.034725 0.105818 5.734121
v -48.035568 0.108962 5.735188
v -48.035954 0.109554 5.736355
v -48.035610 0.106617 5.732732
v -48.034870 0.107179 5.734556
v -48.034683 0.107556 5.735950
v -48.037533 0.107327 5.737015
v -48.037582 0.105797 5.735912
v -48.036629 0.109620 5.737154
v -48.035789 0.107533 5.736586
v -48.035385 0.105957 5.735751
v -53.142185 0.120048 5.725159
v -53.146683 0.120124 5.720724
v -53.142105 0.115715 5.720469
v -53.143906 0.120053 5.724813
v -53.145367 0.120070 5.723850
v -53.142170 0.118357 5.724775
v -53.143833 0.118426 5.724277
v -53.145164 0.118482 5.723618
v -53.144756 0.117536 5.723185
v -53.146336 0.118435 5.720654
v -53.145348 0.117006 5.720582
v -53.146339 0.120095 5.722414
v -53.145836 0.118464 5.722298
v -53.145157 0.117159 5.722207
v -53.142128 0.116013 5.722239
v -53.142151 0.116940 5.723749
v -53.143860 0.116049 5.720518
v -53.143810 0.116502 5.722212
v -53.143780 0.117129 5.723572
v -53.166676 0.227999 0.606256
v -53.163242 0.226889 0.603525
v -53.162144 0.223369 0.605651
v -53.166424 0.228532 0.605109
v -53.165684 0.228508 0.604187
v -53.166332 0.226224 0.606103
v -53.165943 0.226489 0.604132
v -53.165344 0.226550 0.602845
v -53.162224 0.225553 0.603545
v -53.161655 0.224412 0.603956
v -53.164566 0.227932 0.603630
v -53.163998 0.226156 0.602904
v -53.163620 0.224794 0.602743
v -53.163879 0.223717 0.605776
v -53.165352 0.224720 0.605935
v -53.161629 0.223646 0.604695
v -53.163658 0.224157 0.603929
v -53.165195 0.224934 0.603596
v -48.996132 0.597637 5.635529
v -48.994652 0.600918 5.635387
v -49.003883 0.602285 5.631407
v -48.994217 0.597739 5.635477
v -48.993263 0.598398 5.635431
v -48.997749 0.598261 5.633954
v -48.995037 0.598941 5.633907
v -48.996536 0.599457 5.633073
v -48.996384 0.601294 5.633823
v -48.998745 0.601685 5.632518
v -48.993416 0.599514 5.635401
v -48.997238 0.600260 5.632736
v -49.001945 0.600779 5.631723
v -48.999790 0.599364 5.632617
v -49.001381 0.602033 5.631670
v -48.999290 0.600470 5.632050
v -48.997658 0.599329 5.632776
v -52.657742 0.596240 5.644283
v -52.657745 0.600601 5.640127
v -52.661999 0.600495 5.644395
v -52.657745 0.596603 5.642662
v -52.657749 0.597558 5.641302
v -52.659374 0.596561 5.644295
v -52.659416 0.596993 5.642633
v -52.659332 0.597768 5.641527
v -52.659378 0.600592 5.640455
v -52.660759 0.600569 5.641382
v -52.657749 0.598963 5.640411
v -52.659420 0.598913 5.640806
v -52.660542 0.598978 5.641560
v -52.661674 0.598867 5.644356
v -52.660755 0.597486 5.644320
v -52.661678 0.600535 5.642766
v -52.661289 0.598866 5.642684
v -52.660542 0.597740 5.642738
v -52.658321 4.260962 5.732598
v -52.652431 4.255045 5.728509
v -52.655251 4.262085 5.732770
v -52.657188 4.260101 5.731046
v -52.655670 4.258677 5.729724
v -52.658268 4.262795 5.732677
v -52.657063 4.261904 5.731090
v -52.655815 4.260633 5.730010
v -52.652824 4.257329 5.728900
v -52.653500 4.259470 5.729846
v -52.653999 4.256899 5.728836
v -52.654469 4.259304 5.729290
v -52.656605 4.263404 5.732770
v -52.657665 4.263652 5.732738
v -52.654350 4.261139 5.731206
v -52.655708 4.262398 5.731164
v -53.055878 0.603047 5.251513
v -53.055862 0.607206 5.255875
v -53.051609 0.607303 5.251605
v -53.055870 0.603333 5.253149
v -53.055866 0.604226 5.254554
v -53.054245 0.603371 5.251516
v -53.054199 0.603723 5.253196
v -53.054283 0.604446 5.254339
v -53.054230 0.607214 5.255547
v -53.052853 0.607234 5.254620
v -53.055862 0.605587 5.255510
v -53.054192 0.605551 5.255114
v -53.053070 0.605651 5.254365
v -53.051937 0.605674 5.251566
v -53.052864 0.604293 5.251534
v -53.051929 0.607265 5.253235
v -53.052322 0.605594 5.253236
v -53.053074 0.604472 5.253126
v -53.064655 0.689569 1.587686
v -53.060379 0.693712 1.592090
v -53.064537 0.692698 1.586309
v -53.063023 0.689865 1.588679
v -53.061634 0.690756 1.589865
v -53.064987 0.689837 1.586317
v -53.063225 0.690270 1.586875
v -53.061848 0.690937 1.587584
v -53.062279 0.691308 1.586611
v -53.060696 0.694062 1.590205
v -53.061600 0.693989 1.588446
v -53.060707 0.692104 1.591063
v -53.061172 0.692288 1.588749
v -53.061832 0.692317 1.586979
v -53.064922 0.691533 1.585572
v -53.065083 0.690527 1.585575
v -53.062946 0.693513 1.587077
v -53.063187 0.692000 1.586115
v -53.063328 0.690832 1.585737
v -53.050453 4.284999 5.345516
v -53.050488 4.286294 5.342523
v -53.046272 4.279058 5.340395
v -53.050381 4.286405 5.345305
v -53.048847 4.283625 5.344883
v -53.048874 4.285326 5.344573
v -53.048901 4.286418 5.344100
v -53.048027 4.285264 5.343444
v -53.048874 4.285161 5.341527
v -53.047504 4.283390 5.340775
v -53.050400 4.287105 5.343688
v -53.048885 4.286055 5.342978
v -53.047665 4.284791 5.342425
v -53.046585 4.280406 5.342114
v -53.047489 4.282011 5.343689
v -53.046589 4.281247 5.340379
v -53.047050 4.282835 5.342212
v -53.047661 4.284204 5.343670
v -48.985390 0.214141 5.238333
v -48.991447 0.218502 5.234182
v -48.984154 0.214210 5.235324
v -48.986778 0.215778 5.238049
v -48.988419 0.217184 5.237159
v -48.983990 0.214146 5.238101
v -48.985085 0.215729 5.237689
v -48.986229 0.217007 5.237045
v -48.985184 0.216630 5.236713
v -48.989315 0.218178 5.233995
v -48.987179 0.217251 5.234147
v -48.990059 0.218140 5.235802
v -48.987652 0.217669 5.235723
v -48.985699 0.217032 5.235759
v -48.983322 0.214181 5.236473
v -48.985367 0.215857 5.234613
v -48.984413 0.215765 5.236058
v -48.984005 0.215701 5.237177
v -52.664639 0.217186 5.247220
v -52.668911 0.217283 5.242970
v -52.664646 0.221539 5.243055
v -52.666271 0.217195 5.246899
v -52.667656 0.217216 5.245979
v -52.664639 0.218822 5.246932
v -52.666309 0.218874 5.246545
v -52.667439 0.218806 5.245797
v -52.668583 0.218915 5.243005
v -52.667660 0.220294 5.243034
v -52.668583 0.217247 5.244598
v -52.668190 0.218917 5.244677
v -52.667439 0.220045 5.244616
v -52.664642 0.221179 5.244678
v -52.664639 0.220225 5.246038
v -52.666275 0.221218 5.243052
v -52.666313 0.220789 5.244714
v -52.666225 0.220016 5.245821
v -52.677692 0.299531 1.577961
v -52.674679 0.299557 1.576700
v -52.673416 0.303652 1.584044
v -52.677658 0.299572 1.576101
v -52.677074 0.299591 1.575208
v -52.677177 0.301140 1.578910
v -52.677086 0.301221 1.577082
v -52.676155 0.302001 1.577456
v -52.674389 0.301162 1.577746
v -52.674049 0.302505 1.579509
v -52.676025 0.299585 1.575418
v -52.675758 0.301231 1.576528
v -52.674858 0.303368 1.582202
v -52.676182 0.302487 1.580400
v -52.673706 0.303380 1.581720
v -52.675201 0.303033 1.579756
v -52.676262 0.302316 1.578405
v -50.997906 0.274368 4.663089
v -50.996330 0.278275 4.661333
v -50.998180 0.275832 4.663422
v -50.997978 0.277089 4.663205
v -50.997330 0.277946 4.662471
v -51.847813 0.287183 3.884304
v -51.849403 0.283276 3.886078
v -51.848820 0.286854 3.885449
v -51.849476 0.285995 3.886189
v -51.849678 0.284739 3.886410
v -50.691269 0.289101 4.313049
v -50.689388 0.285197 4.310856
v -50.690243 0.288836 4.311873
v -50.689526 0.287999 4.311044
v -50.689224 0.286722 4.310687
v -51.540901 0.294105 3.533865
v -51.542789 0.298009 3.536063
v -51.540741 0.295630 3.533695
v -51.541039 0.296908 3.534053
v -51.541759 0.297742 3.534885
v -51.449017 0.278057 4.297688
v -51.447441 0.281960 4.295932
v -51.449291 0.279520 4.298021
v -51.449089 0.280776 4.297804
v -51.448441 0.281631 4.297071
v -51.140945 0.288867 3.945965
v -51.142818 0.292770 3.948149
v -51.140778 0.290393 3.945795
v -51.141079 0.291670 3.946150
v -51.141792 0.292505 3.946976
v -51.869850 0.300308 3.110066
v -51.871769 0.304216 3.112299
v -51.869690 0.301834 3.109898
v -51.869999 0.303113 3.110264
v -51.870728 0.303949 3.111107
v -52.176868 0.293387 3.460629
v -52.178493 0.289464 3.462437
v -52.177891 0.293058 3.461790
v -52.178555 0.292196 3.462541
v -52.178768 0.290935 3.462768
v -52.192204 0.309507 2.556310
v -52.193634 0.313406 2.559523
v -52.192001 0.311035 2.556217
v -52.192204 0.312312 2.556795
v -52.192780 0.313145 2.557956
v -52.447731 0.300793 3.009136
v -52.448864 0.296831 3.011914
v -52.448566 0.300456 3.010670
v -52.449074 0.299582 3.011737
v -52.449177 0.298310 3.012173
v -52.689507 0.327202 1.548532
v -52.684219 0.330980 1.561159
v -52.687626 0.327254 1.547966
v -52.688789 0.328678 1.551400
v -52.687534 0.329916 1.554807
v -52.689426 0.326973 1.547202
v -52.688587 0.328561 1.549174
v -52.687576 0.329794 1.551398
v -52.687450 0.329425 1.549905
v -52.684193 0.330749 1.557887
v -52.684826 0.329960 1.554232
v -52.685932 0.330724 1.558235
v -52.686081 0.330367 1.554340
v -52.686428 0.329813 1.551152
v -52.688412 0.327002 1.546895
v -52.686031 0.328733 1.550747
v -52.687290 0.328589 1.548864
v -52.688240 0.328500 1.547852
v -52.686306 0.305534 2.515897
v -52.683365 0.309457 2.517128
v -52.686485 0.307020 2.516466
v -52.685989 0.308289 2.516899
v -52.684895 0.309143 2.517132
v -50.501312 0.272272 4.977099
v -50.498646 0.276186 4.975978
v -50.501511 0.273739 4.977482
v -50.501072 0.275000 4.977403
v -50.500069 0.275859 4.976876
v -50.056488 0.287187 4.680939
v -50.053444 0.283279 4.679337
v -50.055016 0.286920 4.679989
v -50.053921 0.286084 4.679351
v -50.053368 0.284805 4.679121
v -49.933071 0.275325 5.266023
v -49.932369 0.271380 5.268762
v -49.933205 0.274996 5.267543
v -49.933117 0.274130 5.268597
v -49.932827 0.272861 5.269025
v -48.792854 0.283166 5.244286
v -48.792381 0.283226 5.242462
v -48.806362 0.287134 5.239266
v -48.791527 0.282960 5.244177
v -48.795906 0.284678 5.243621
v -48.793659 0.284552 5.243366
v -48.792328 0.284490 5.242996
v -48.794510 0.285429 5.242247
v -48.795383 0.284755 5.240901
v -48.799091 0.286033 5.239747
v -48.791271 0.282992 5.243190
v -48.793407 0.284589 5.242091
v -48.795853 0.285837 5.241258
v -48.803219 0.286825 5.240904
v -48.799549 0.285962 5.242433
v -48.802948 0.286869 5.239171
v -48.799179 0.286426 5.240972
v -48.796047 0.285805 5.242396
v -50.958740 0.167911 4.617190
v -50.962914 0.171609 4.621993
v -50.959938 0.168159 4.618562
v -50.961155 0.168950 4.619956
v -50.962196 0.170160 4.621161
v -51.814411 0.180520 3.844983
v -51.810226 0.176818 3.840162
v -51.813698 0.179072 3.844150
v -51.812649 0.177862 3.842941
v -51.811432 0.177068 3.841541
v -50.715553 0.180509 4.339586
v -50.719440 0.176404 4.343983
v -50.716156 0.178968 4.340258
v -50.717106 0.177648 4.341330
v -50.718262 0.176747 4.342638
v -51.570961 0.185310 3.566996
v -51.567070 0.189422 3.562594
v -51.569778 0.185656 3.565648
v -51.568623 0.186559 3.564339
v -51.567673 0.187882 3.563267
v -51.409851 0.171596 4.251790
v -51.414021 0.175292 4.256589
v -51.411053 0.171845 4.253161
v -51.412266 0.172634 4.254554
v -51.413307 0.173845 4.255758
v -51.170990 0.180071 3.979082
v -51.167110 0.184180 3.974696
v -51.169811 0.180416 3.977741
v -51.168663 0.181317 3.976436
v -51.167713 0.182640 3.975367
v -51.899940 0.191519 3.143231
v -51.896015 0.195634 3.138792
v -51.898746 0.191865 3.141870
v -51.897579 0.192769 3.140548
v -51.896622 0.194093 3.139467
v -52.143509 0.186734 3.421353
v -52.139282 0.183023 3.416486
v -52.142788 0.185282 3.420515
v -52.141731 0.184065 3.419296
v -52.140503 0.183273 3.417881
v -52.221672 0.200703 2.590708
v -52.218361 0.204846 2.585033
v -52.220711 0.201057 2.588874
v -52.219746 0.201968 2.587152
v -52.218922 0.203299 2.585803
v -52.413895 0.194144 2.970847
v -52.410286 0.190433 2.964743
v -52.413219 0.192685 2.969912
v -52.412296 0.191468 2.968424
v -52.411266 0.190677 2.966609
v -52.715332 0.222590 1.577207
v -52.713783 0.222599 1.576687
v -52.710808 0.218223 1.595315
v -52.715096 0.222288 1.575328
v -52.715118 0.220968 1.581318
v -52.715080 0.220958 1.579051
v -52.714867 0.220968 1.577674
v -52.714321 0.220147 1.580554
v -52.712696 0.220993 1.580854
v -52.711750 0.219595 1.585858
v -52.713947 0.220969 1.578828
v -52.713425 0.219801 1.582250
v -52.712669 0.218605 1.591118
v -52.714184 0.219568 1.586201
v -52.711086 0.218623 1.590935
v -52.713020 0.219150 1.586333
v -52.714455 0.219790 1.582398
v -52.645790 0.199092 2.473040
v -52.651360 0.202904 2.474852
v -52.647518 0.199365 2.473260
v -52.649181 0.200186 2.473681
v -52.650532 0.201429 2.474240
v -50.460785 0.165823 4.931998
v -50.466331 0.169538 4.936012
v -50.462509 0.166074 4.933066
v -50.464169 0.166870 4.934205
v -50.465508 0.168086 4.935239
v -50.079605 0.178597 4.708066
v -50.084961 0.174489 4.711717
v -50.080322 0.177057 4.708682
v -50.081593 0.175735 4.709591
v -50.083221 0.174832 4.710657
v -49.897404 0.168693 5.227694
v -49.895466 0.164962 5.221925
v -49.896854 0.167233 5.226784
v -49.896294 0.166012 5.225369
v -49.895805 0.165215 5.223662
v -48.818989 0.178523 5.272709
v -48.837742 0.174437 5.268764
v -48.818546 0.178547 5.271190
v -48.823238 0.176956 5.272636
v -48.828293 0.175629 5.271860
v -48.817669 0.178320 5.272713
v -48.820927 0.176937 5.272534
v -48.824387 0.175808 5.272021
v -48.822502 0.176151 5.271833
v -48.833267 0.174781 5.268909
v -48.828049 0.175683 5.269422
v -48.833385 0.174744 5.270500
v -48.828476 0.175229 5.270710
v -48.824280 0.175830 5.270989
v -48.822880 0.177008 5.270223
v -48.820751 0.176960 5.271404
v -48.819530 0.176944 5.272282
v -53.086311 1.212255 3.571891
v -53.082180 1.213727 3.570657
v -53.084908 1.211799 3.572261
v -53.083626 1.211919 3.572157
v -53.082668 1.212596 3.571593
v -53.074726 1.965412 4.444609
v -53.078854 1.963929 4.445852
v -53.075214 1.964278 4.445548
v -53.076172 1.963596 4.446114
v -53.077446 1.963476 4.446220
v -53.021606 1.567704 3.278227
v -53.025173 1.570255 3.276139
v -53.021706 1.568923 3.277220
v -53.022415 1.569839 3.276470
v -53.023636 1.570305 3.276091
v -53.017723 2.321916 4.150112
v -53.014160 2.319354 4.152209
v -53.016186 2.321965 4.150064
v -53.014969 2.321495 4.150445
v -53.014256 2.320577 4.151198
v -53.087025 1.564485 4.033375
v -53.082901 1.565952 4.032143
v -53.085621 1.564028 4.033744
v -53.084343 1.564146 4.033639
v -53.083385 1.564822 4.033077
v -53.025982 1.921969 3.738049
v -53.022415 1.919424 3.740131
v -53.024441 1.922019 3.738000
v -53.023224 1.921551 3.738379
v -53.022511 1.920642 3.739127
v -53.002373 2.735263 4.491815
v -52.998814 2.732659 4.493946
v -53.000832 2.735309 4.491769
v -52.999615 2.734829 4.492158
v -52.998905 2.733900 4.492923
v -53.059395 2.378614 4.786427
v -53.063530 2.377109 4.787693
v -53.059887 2.377470 4.787375
v -53.060844 2.376783 4.787949
v -53.062122 2.376656 4.788060
v -52.990414 3.289716 4.827281
v -52.986736 3.286156 4.828959
v -52.988861 3.289691 4.827199
v -52.987617 3.289006 4.827492
v -52.986874 3.287765 4.828110
v -53.036587 2.820675 5.080779
v -53.040600 2.818313 5.081546
v -53.037029 2.819202 5.081536
v -53.037949 2.818238 5.081949
v -53.039204 2.817924 5.081953
v -53.015049 4.338233 5.336583
v -53.010601 4.326632 5.332211
v -53.014896 4.338719 5.334538
v -53.013412 4.335599 5.336132
v -53.011993 4.332469 5.335143
v -53.013535 4.337698 5.335793
v -53.012196 4.335619 5.335001
v -53.012589 4.337008 5.334761
v -53.010921 4.329627 5.332003
v -53.011852 4.332973 5.332373
v -53.011005 4.329321 5.333765
v -53.011478 4.332899 5.333693
v -53.012135 4.335835 5.333827
v -53.015228 4.340127 5.335938
v -53.013248 4.336166 5.333262
v -53.013454 4.337968 5.334444
v -53.013588 4.338936 5.335358
v -53.010754 3.309884 5.382195
v -53.010567 3.301250 5.380337
v -53.007206 3.304013 5.379814
v -53.010868 3.307836 5.382063
v -53.010876 3.305475 5.381665
v -53.009266 3.308583 5.382543
v -53.009369 3.306576 5.382304
v -53.009411 3.304761 5.382071
v -53.009190 3.301353 5.381044
v -53.008068 3.301915 5.381196
v -53.010769 3.303161 5.381059
v -53.009327 3.303081 5.381577
v -53.008202 3.303218 5.381853
v -53.007347 3.305403 5.381250
v -53.008072 3.307009 5.382208
v -53.007370 3.302849 5.380763
v -53.007690 3.304167 5.381649
v -53.008205 3.305429 5.382295
v -53.076633 0.912271 3.066793
v -53.072456 0.913136 3.064453
v -53.075218 0.911767 3.067080
v -53.073929 0.911753 3.066737
v -53.072960 0.912235 3.065814
v -53.005833 1.217560 2.633682
v -53.009365 1.219552 2.630413
v -53.005913 1.218566 2.632223
v -53.006615 1.219299 2.631089
v -53.007828 1.219645 2.630454
v -53.054596 0.638699 2.491425
v -53.058678 0.636307 2.490350
v -53.055054 0.637208 2.491482
v -53.055988 0.636231 2.491298
v -53.057262 0.635914 2.490901
v -52.961338 0.688945 1.355896
v -52.961102 0.690768 1.355485
v -52.957993 0.693281 1.369804
v -52.961437 0.689104 1.354560
v -52.960011 0.689409 1.359071
v -52.959949 0.689728 1.356824
v -52.959885 0.690136 1.355505
v -52.959053 0.690751 1.357770
v -52.959682 0.692123 1.358633
v -52.958591 0.693075 1.362458
v -52.961308 0.690090 1.354338
v -52.959793 0.691002 1.356616
v -52.958672 0.691669 1.359169
v -52.958199 0.691753 1.366598
v -52.958908 0.690394 1.362827
v -52.958000 0.693481 1.366381
v -52.958305 0.691821 1.362537
v -52.958801 0.690531 1.359327
v -53.185669 1.267584 3.526716
v -53.182678 1.262403 3.530979
v -53.185616 1.266171 3.527884
v -53.185028 1.264688 3.529104
v -53.183998 1.263364 3.530190
v -53.175232 2.014083 4.404933
v -53.178215 2.019268 4.400670
v -53.176548 2.015045 4.404147
v -53.177578 2.016367 4.403060
v -53.178165 2.017849 4.401840
v -53.133438 1.549411 3.293874
v -53.138153 1.545261 3.297323
v -53.135067 1.548850 3.294344
v -53.136536 1.547865 3.295165
v -53.137619 1.546605 3.296211
v -53.130707 2.296911 4.171303
v -53.125992 2.301069 4.167847
v -53.130173 2.298258 4.170188
v -53.129086 2.299522 4.169139
v -53.127617 2.300510 4.168317
v -53.186390 1.619809 3.988204
v -53.183403 1.614637 3.992457
v -53.186337 1.618396 3.989368
v -53.185749 1.616917 3.990586
v -53.184719 1.615597 3.991670
v -53.138962 1.896980 3.759225
v -53.134251 1.901122 3.755784
v -53.138428 1.898321 3.758116
v -53.137344 1.899579 3.757073
v -53.135876 1.900563 3.756254
v -53.115356 2.710215 4.513040
v -53.110634 2.714417 4.509549
v -53.114819 2.711577 4.511912
v -53.113731 2.712855 4.510853
v -53.112263 2.713852 4.510023
v -53.159901 2.427262 4.746778
v -53.162884 2.432472 4.742490
v -53.161221 2.428226 4.745987
v -53.162251 2.429553 4.744896
v -53.162834 2.431046 4.743669
v -53.103252 3.263479 4.847929
v -53.098671 3.268873 4.845015
v -53.102768 3.265300 4.847022
v -53.101727 3.266963 4.846148
v -53.100288 3.268219 4.845445
v -53.136967 2.868460 5.040635
v -53.140106 2.874742 5.036971
v -53.138298 2.869508 5.039893
v -53.139362 2.871068 5.038936
v -53.139996 2.872905 5.037910
v -53.123138 4.317423 5.354032
v -53.123158 4.317874 5.352273
v -53.126976 4.301982 5.350235
v -53.123325 4.318749 5.353942
v -53.124680 4.313859 5.353920
v -53.124733 4.316012 5.353715
v -53.124748 4.317305 5.353386
v -53.125534 4.314775 5.352954
v -53.124660 4.314315 5.351326
v -53.125912 4.310048 5.350607
v -53.124722 4.316234 5.352499
v -53.125839 4.313286 5.352109
v -53.126755 4.305501 5.351864
v -53.125946 4.309669 5.353158
v -53.126724 4.305717 5.350224
v -53.126369 4.309711 5.351934
v -53.125854 4.313126 5.353190
v -53.106403 3.359601 5.341908
v -53.110851 3.357960 5.335958
v -53.106930 3.351394 5.339426
v -53.107933 3.359210 5.340930
v -53.109318 3.358762 5.339456
v -53.106667 3.357651 5.341590
v -53.108036 3.357594 5.340587
v -53.109177 3.357486 5.339563
v -53.108891 3.356400 5.339600
v -53.110424 3.356332 5.337015
v -53.109528 3.354511 5.338045
v -53.110344 3.358322 5.337708
v -53.109852 3.356952 5.338357
v -53.109268 3.355628 5.338952
v -53.106953 3.353209 5.340249
v -53.106857 3.355407 5.341009
v -53.108299 3.352777 5.338892
v -53.108215 3.354466 5.339600
v -53.108112 3.356019 5.340249
v -53.175941 0.966841 3.020232
v -53.172970 0.962402 3.025892
v -53.175900 0.965713 3.021934
v -53.175323 0.964472 3.023607
v -53.174294 0.963309 3.024997
v -53.117622 1.198709 2.648147
v -53.122387 1.195265 2.653079
v -53.119255 1.198202 2.648730
v -53.120735 1.197370 2.649873
v -53.121834 1.196337 2.651399
v -53.154972 0.686417 2.449467
v -53.158085 0.692516 2.447469
v -53.156311 0.687452 2.448848
v -53.157372 0.688977 2.448251
v -53.157997 0.690754 2.447766
v -53.069534 0.668404 1.373609
v -53.074661 0.672185 1.392144
v -53.069355 0.669925 1.373217
v -53.071400 0.668495 1.377740
v -53.073029 0.669244 1.382709
v -53.071239 0.668658 1.375433
v -53.072575 0.669171 1.378820
v -53.072083 0.669379 1.376973
v -53.074005 0.672125 1.387703
v -53.072765 0.671678 1.382548
v -53.074173 0.670541 1.387769
v -53.073349 0.670418 1.382899
v -53.072464 0.670201 1.378749
v -53.069641 0.668756 1.371736
v -53.071133 0.670904 1.377461
v -53.071114 0.669786 1.375298
v -53.071110 0.668943 1.374051
v -51.462009 1.541660 5.610703
v -51.463806 1.539916 5.614511
v -51.463131 1.540625 5.610975
v -51.463867 1.539928 5.611794
v -51.464104 1.539681 5.613036
v -51.522987 2.273906 5.627384
v -51.520920 2.275702 5.631389
v -51.521843 2.274946 5.627707
v -51.521046 2.275656 5.628582
v -51.520721 2.275919 5.629874
v -51.864048 1.961250 5.621141
v -51.865833 1.959517 5.624942
v -51.865166 1.960220 5.621412
v -51.865894 1.959530 5.622231
v -51.866131 1.959283 5.623470
v -51.120979 1.854286 5.616944
v -51.118904 1.856090 5.620951
v -51.119831 1.855331 5.617267
v -51.119034 1.856040 5.618143
v -51.118710 1.856308 5.619436
v -50.692787 1.499041 5.607896
v -50.690685 1.500870 5.611907
v -50.691628 1.500095 5.608219
v -50.690823 1.500813 5.609096
v -50.690491 1.501086 5.610389
v -51.034199 1.186064 5.601647
v -51.036026 1.184297 5.605470
v -51.035336 1.185018 5.601920
v -51.036079 1.184314 5.602742
v -51.036324 1.184061 5.603989
v -50.594219 0.899229 5.594124
v -50.596210 0.897499 5.597963
v -50.595417 0.898193 5.594397
v -50.596214 0.897504 5.595222
v -50.596493 0.897257 5.596474
v -50.237881 1.206069 5.601140
v -50.235600 1.207870 5.605163
v -50.236652 1.207115 5.601466
v -50.235790 1.207821 5.602345
v -50.235420 1.208089 5.603644
v -49.332108 0.560812 5.606218
v -49.322346 0.556786 5.610457
v -49.328423 0.559258 5.606581
v -49.325272 0.557948 5.607514
v -49.323135 0.557080 5.608875
v -50.110554 0.658582 5.587738
v -50.115677 0.658332 5.591443
v -50.112957 0.658112 5.587948
v -50.114773 0.657899 5.588726
v -50.115730 0.657978 5.589953
v -49.394554 0.819220 5.613186
v -49.388950 0.819575 5.617383
v -49.392056 0.819713 5.613579
v -49.390114 0.819953 5.614515
v -49.389023 0.819905 5.615851
v -51.877800 2.754010 5.639076
v -51.875801 2.755955 5.643086
v -51.876682 2.755111 5.639400
v -51.875908 2.755864 5.640276
v -51.875603 2.756160 5.641572
v -52.213284 2.423975 5.632424
v -52.214981 2.422113 5.636220
v -52.214363 2.422896 5.632693
v -52.215065 2.422164 5.633511
v -52.215282 2.421891 5.634748
v -52.698120 3.801220 5.664630
v -52.701881 3.809002 5.669075
v -52.699608 3.804183 5.665026
v -52.700848 3.806705 5.666008
v -52.701645 3.808395 5.667429
v -52.360928 3.692144 5.661417
v -52.360477 3.697217 5.665505
v -52.360401 3.694439 5.661770
v -52.360130 3.696209 5.662673
v -52.360161 3.697186 5.663982
v -52.550957 2.954167 5.645147
v -52.551010 2.949684 5.648879
v -52.551407 2.952086 5.645392
v -52.551575 2.950502 5.646187
v -52.551434 2.949661 5.647411
v -51.425552 1.572407 5.719189
v -51.420929 1.576553 5.723113
v -51.424767 1.573091 5.720672
v -51.423615 1.574117 5.721939
v -51.422264 1.575336 5.722795
v -51.551105 2.245461 5.734561
v -51.555485 2.241346 5.738448
v -51.551792 2.244793 5.736067
v -51.552864 2.243778 5.737334
v -51.554161 2.242568 5.738170
v -51.827576 1.992013 5.729634
v -51.822968 1.996145 5.733552
v -51.826794 1.992695 5.731115
v -51.825642 1.993720 5.732380
v -51.824299 1.994929 5.733235
v -51.149090 1.825849 5.724121
v -51.153477 1.821728 5.728008
v -51.149776 1.825180 5.725626
v -51.150852 1.824162 5.726894
v -51.152153 1.822950 5.727731
v -50.720867 1.470629 5.715070
v -50.725285 1.466481 5.718960
v -50.721558 1.469960 5.716577
v -50.722641 1.468938 5.717846
v -50.723949 1.467714 5.718682
v -50.997784 1.216775 5.710118
v -50.993118 1.220958 5.714057
v -50.996994 1.217463 5.711607
v -50.995831 1.218500 5.712879
v -50.994469 1.219727 5.713739
v -50.557983 0.929965 5.702565
v -50.553101 0.934103 5.706537
v -50.557175 0.930652 5.704064
v -50.555962 0.931678 5.705346
v -50.554531 0.932891 5.706213
v -50.265781 1.177631 5.708317
v -50.270412 1.173532 5.712203
v -50.266487 1.176965 5.709826
v -50.267616 1.175951 5.711093
v -50.268993 1.174746 5.711928
v -49.318371 0.557868 5.713961
v -49.329483 0.562687 5.717933
v -49.319168 0.558249 5.715528
v -49.321564 0.559299 5.716833
v -49.325184 0.560858 5.717677
v -50.077477 0.690779 5.695982
v -50.068665 0.693080 5.700191
v -50.076363 0.691329 5.697508
v -50.074295 0.691959 5.698843
v -50.071594 0.692575 5.699786
v -49.419132 0.789341 5.720533
v -49.427933 0.787058 5.724204
v -49.420155 0.788813 5.722025
v -49.422188 0.788193 5.723247
v -49.424919 0.787578 5.724012
v -51.905987 2.725714 5.746253
v -51.910275 2.721416 5.750139
v -51.906670 2.725034 5.747759
v -51.907722 2.723976 5.749026
v -51.908989 2.722708 5.749863
v -52.176720 2.454612 5.740918
v -52.172226 2.458900 5.744836
v -52.175945 2.455307 5.742397
v -52.174820 2.456367 5.743662
v -52.173512 2.457628 5.744520
v -52.697914 3.810081 5.772294
v -52.693302 3.801353 5.776342
v -52.697514 3.809429 5.773908
v -52.696495 3.807543 5.775245
v -52.695015 3.804704 5.776100
v -52.390663 3.666976 5.768670
v -52.393044 3.658828 5.772465
v -52.391197 3.666002 5.770170
v -52.391838 3.664110 5.771418
v -52.392487 3.661592 5.772223
v -52.512749 2.982183 5.753578
v -52.510242 2.989640 5.757573
v -52.512123 2.983119 5.755064
v -52.511429 2.984864 5.756344
v -52.510769 2.987155 5.757226
v -52.704590 3.249590 5.707992
v -52.706757 3.257715 5.708179
v -52.705437 3.251329 5.708033
v -52.706146 3.253484 5.708083
v -52.706608 3.255725 5.708136
v -52.691177 4.361953 5.733197
v -52.693035 4.361438 5.733190
v -52.691872 4.363105 5.733223
v -52.692879 4.362827 5.733221
v -48.802612 0.552485 5.683740
v -48.803024 0.550881 5.683656
v -48.801090 0.551331 5.683755
v -50.589596 0.114583 5.731308
v -50.589890 0.110092 5.726495
v -50.589016 0.112833 5.730897
v -50.588867 0.111364 5.729837
v -50.589172 0.110402 5.728292
v -53.156677 0.174053 3.163373
v -53.152138 0.169540 3.163128
v -53.156338 0.172339 3.162563
v -53.155357 0.170880 3.162231
v -53.153881 0.169898 3.162431
v -50.599384 0.167410 3.168683
v -50.599873 0.163916 3.169162
v -50.598888 0.166084 3.168170
v -50.599155 0.164194 3.168430
v -53.151337 2.690554 5.764307
v -53.146961 2.690480 5.768671
v -53.151001 2.691267 5.765975
v -53.150051 2.691504 5.767391
v -53.148636 2.691226 5.768336
v -50.594028 2.685597 5.771256
v -50.594330 2.684753 5.774817
v -50.593513 2.686045 5.772604
v -50.593678 2.685588 5.774531
v -53.157883 2.745082 3.206107
v -53.161331 2.744361 3.207174
v -53.159210 2.745574 3.205662
v -53.160332 2.745611 3.205709
v -53.161076 2.745184 3.206240
v -50.794380 0.590479 5.742057
v -50.791103 0.585673 5.746174
v -50.793720 0.590033 5.743676
v -50.792866 0.588962 5.745028
v -50.791946 0.587431 5.745904
v -52.678921 2.431056 5.769204
v -52.673927 2.428813 5.765017
v -52.677242 2.430166 5.768887
v -52.675705 2.429426 5.767981
v -52.674541 2.428952 5.766621
v -50.803944 2.427342 5.779955
v -50.806755 2.425179 5.775765
v -50.804771 2.426427 5.779652
v -50.805595 2.425694 5.778749
v -50.806293 2.425256 5.777386
v -53.150188 0.646158 3.435482
v -53.154469 0.641729 3.433683
v -53.151817 0.645819 3.435577
v -53.153206 0.644859 3.435268
v -53.154137 0.643421 3.434603
v -53.147697 2.446078 5.309453
v -53.151936 2.448405 5.314173
v -53.149323 2.446254 5.309933
v -53.150700 2.446759 5.310997
v -53.151615 2.447512 5.312487
v -53.159290 2.491652 3.487316
v -53.155075 2.489163 3.489031
v -53.158962 2.490696 3.488296
v -53.158047 2.489887 3.488967
v -53.156681 2.489348 3.489225
v -50.822842 0.121082 5.245331
v -50.825092 0.125446 5.240767
v -50.823704 0.121446 5.243556
v -50.824436 0.122403 5.242064
v -50.824924 0.123808 5.241085
v -52.677921 0.164878 3.406052
v -52.673378 0.169092 3.408472
v -52.676186 0.165187 3.406949
v -52.674713 0.166095 3.407724
v -52.673725 0.167467 3.408258
v -50.827297 0.160099 3.401616
v -50.829494 0.164322 3.403960
v -50.828140 0.160408 3.402484
v -50.828854 0.161321 3.403234
v -50.829330 0.162693 3.403754
v -50.829937 0.601445 5.635766
v -50.826477 0.596918 5.639906
v -50.829021 0.599792 5.636047
v -50.828045 0.598352 5.636932
v -50.827152 0.597344 5.638288
v -52.660103 2.430727 5.688592
v -52.655087 2.428701 5.684340
v -52.659489 2.430605 5.686985
v -52.658321 2.430177 5.685610
v -52.656776 2.429508 5.684682
v -50.824333 2.431391 5.684256
v -50.828156 2.428668 5.679957
v -50.824871 2.431273 5.682631
v -50.825787 2.430713 5.681243
v -50.826942 2.429798 5.680305
v -53.055996 0.650527 3.420970
v -53.060265 0.646311 3.419501
v -53.056324 0.648917 3.420176
v -53.057251 0.647551 3.419618
v -53.058636 0.646636 3.419381
v -53.048939 2.444068 5.296021
v -53.053169 2.446104 5.300724
v -53.049255 2.444848 5.297701
v -53.050171 2.445508 5.299184
v -53.051544 2.445947 5.300244
v -53.057522 2.489467 3.464376
v -53.053326 2.486392 3.466251
v -53.055916 2.489236 3.464194
v -53.054554 2.488571 3.464486
v -53.053646 2.487574 3.465208
v -50.825016 0.215663 5.242776
v -50.827160 0.220019 5.238617
v -50.825176 0.217305 5.242488
v -50.825642 0.218705 5.241597
v -50.826340 0.219659 5.240237
v -52.673302 0.258407 3.410465
v -52.669033 0.262615 3.412672
v -52.672977 0.260033 3.410662
v -52.672050 0.261404 3.411151
v -52.670666 0.262311 3.411856
v -50.829418 0.256883 3.406013
v -50.832424 0.261075 3.409121
v -50.829647 0.258508 3.406278
v -50.830296 0.259875 3.406961
v -50.831276 0.260777 3.407960
v -52.657639 0.595183 5.687784
v -52.661911 0.599442 5.687867
v -52.659271 0.595508 5.687788
v -52.660656 0.596430 5.687805
v -52.661583 0.597815 5.687832
v -52.668983 4.261245 5.765771
v -52.672119 4.260098 5.765742
v -52.670189 4.262113 5.765789
v -52.671883 4.261488 5.765771
v -53.111076 0.689352 1.603603
v -53.111084 0.692489 1.602265
v -53.111080 0.689624 1.602123
v -53.111084 0.690315 1.601349
v -53.111084 0.691321 1.601398
v -53.101501 4.284914 5.354187
v -53.101513 4.286201 5.351202
v -53.101505 4.286316 5.353995
v -53.101509 4.287014 5.352379
v -52.668949 0.173796 5.241994
v -52.664680 0.173697 5.246243
v -52.668621 0.173759 5.243624
v -52.667694 0.173728 5.245003
v -52.666309 0.173707 5.245924
v -48.984196 0.167479 5.234291
v -48.985428 0.167415 5.237300
v -48.983360 0.167450 5.235439
v -48.984028 0.167417 5.237068
v -48.963821 0.592216 5.694189
v -48.962242 0.595459 5.694262
v -48.962208 0.592462 5.694197
v -48.961342 0.593165 5.694214
v -48.961353 0.594219 5.694236
v -53.099365 0.607267 5.255991
v -53.099377 0.603108 5.251617
v -53.099365 0.605646 5.255622
v -53.099365 0.604284 5.254663
v -53.099373 0.603394 5.253256
v -52.674717 0.253726 1.575683
v -52.677734 0.253705 1.576943
v -52.675877 0.253745 1.574859
v -52.677505 0.253733 1.575541
v -51.655651 0.284419 4.093439
v -51.657230 0.280513 4.095202
v -51.656654 0.284088 4.094580
v -51.657307 0.283229 4.095315
v -51.657509 0.281974 4.095534
v -50.922050 0.290725 4.137768
v -50.920174 0.286822 4.135583
v -50.921024 0.290460 4.136595
v -50.920311 0.289623 4.135767
v -50.920010 0.288345 4.135412
v -51.226841 0.279910 4.485744
v -51.228416 0.276004 4.487499
v -51.227840 0.279579 4.486882
v -51.228489 0.278722 4.487615
v -51.228691 0.277465 4.487831
v -51.350880 0.295234 3.745485
v -51.348999 0.291331 3.743296
v -51.349854 0.294968 3.744310
v -51.349136 0.294134 3.743482
v -51.348835 0.292856 3.743126
v -51.715939 0.300995 3.325571
v -51.714039 0.297089 3.323357
v -51.714905 0.300730 3.324387
v -51.714180 0.299894 3.323550
v -51.713875 0.298614 3.323189
v -52.021057 0.290164 3.673923
v -52.022663 0.286251 3.675713
v -52.022072 0.289835 3.675075
v -52.022732 0.288979 3.675820
v -52.022938 0.287718 3.676044
v -52.317982 0.296904 3.240689
v -52.319550 0.292967 3.242630
v -52.318981 0.296572 3.241901
v -52.319630 0.295708 3.242696
v -52.319832 0.294440 3.242952
v -52.019276 0.307953 2.879724
v -52.017410 0.304044 2.877358
v -52.018257 0.307691 2.878481
v -52.017540 0.306854 2.877595
v -52.017246 0.305575 2.877200
v -52.683792 0.320218 2.039149
v -52.687889 0.316246 2.029972
v -52.685413 0.319963 2.035712
v -52.686760 0.319120 2.032762
v -52.687630 0.317814 2.030746
v -52.569641 0.305090 2.762872
v -52.569744 0.301075 2.767774
v -52.570084 0.304737 2.765220
v -52.570259 0.303847 2.766976
v -52.570137 0.302563 2.767873
v -52.423923 0.321486 2.098108
v -52.423523 0.317626 2.092785
v -52.423462 0.321241 2.095732
v -52.423222 0.320422 2.093888
v -52.423244 0.319151 2.092852
v -50.433826 0.287892 4.481501
v -50.431797 0.283988 4.479384
v -50.432743 0.287629 4.480354
v -50.431976 0.286791 4.479549
v -50.431644 0.285513 4.479208
v -50.756126 0.277041 4.823263
v -50.757843 0.273130 4.824934
v -50.757179 0.276711 4.824369
v -50.757877 0.275852 4.825076
v -50.758110 0.274593 4.825274
v -49.369473 0.281232 5.252640
v -49.360390 0.277086 5.256443
v -49.366051 0.280919 5.254170
v -49.363121 0.280018 5.255431
v -49.361134 0.278674 5.256228
v -49.484940 0.287011 4.942952
v -49.479450 0.283103 4.942449
v -49.482533 0.286746 4.942422
v -49.480644 0.285909 4.942141
v -49.479565 0.284630 4.942150
v -50.218307 0.275662 5.124125
v -50.223145 0.271739 5.124110
v -50.220558 0.275333 5.124589
v -50.222267 0.274475 5.124749
v -50.223175 0.273211 5.124580
v -51.622238 0.177751 4.054104
v -51.618065 0.174054 4.049297
v -51.621521 0.176303 4.053273
v -51.620480 0.175093 4.052067
v -51.619263 0.174303 4.050671
v -50.946339 0.182134 4.164313
v -50.950222 0.178029 4.168701
v -50.946941 0.180593 4.164985
v -50.947891 0.179273 4.166054
v -50.949043 0.178371 4.167359
v -51.193420 0.173242 4.446401
v -51.189255 0.169545 4.441603
v -51.192707 0.171795 4.445569
v -51.191666 0.170583 4.444366
v -51.190453 0.169794 4.442972
v -51.375164 0.186646 3.772027
v -51.379051 0.182536 3.776417
v -51.375767 0.185104 3.772698
v -51.376717 0.183784 3.773768
v -51.377872 0.182880 3.775075
v -51.740200 0.192411 3.352085
v -51.744110 0.188297 3.356503
v -51.740807 0.190870 3.352759
v -51.741760 0.189546 3.353835
v -51.742920 0.188642 3.355150
v -51.987675 0.183507 3.634622
v -51.983471 0.179801 3.629781
v -51.986958 0.182057 3.633787
v -51.985909 0.180844 3.632573
v -51.984684 0.180052 3.631167
v -52.284573 0.190258 3.201554
v -52.280411 0.186540 3.196516
v -52.283855 0.188804 3.200701
v -52.282814 0.187586 3.199445
v -52.281605 0.186791 3.197975
v -52.043571 0.199379 2.906083
v -52.047432 0.195255 2.910687
v -52.044170 0.197834 2.906771
v -52.045116 0.196508 2.907888
v -52.046261 0.195603 2.909263
v -52.683529 0.212993 2.023858
v -52.678299 0.208658 2.034192
v -52.683079 0.211393 2.024568
v -52.681927 0.210004 2.026781
v -52.680248 0.209045 2.030161
v -52.534782 0.198417 2.726717
v -52.532475 0.194740 2.717909
v -52.534206 0.196956 2.725576
v -52.533566 0.195745 2.723500
v -52.532959 0.194968 2.720809
v -52.449680 0.212967 2.121507
v -52.451679 0.208774 2.129855
v -52.450138 0.211417 2.122480
v -52.450684 0.210074 2.124408
v -52.451221 0.209148 2.126998
v -50.457962 0.179304 4.508115
v -50.462036 0.175196 4.512412
v -50.458580 0.177762 4.508779
v -50.459568 0.176441 4.509829
v -50.460785 0.175539 4.511104
v -50.722855 0.170382 4.783843
v -50.718502 0.166677 4.779143
v -50.722126 0.168934 4.783019
v -50.721043 0.167720 4.781836
v -50.719769 0.166927 4.780475
v -49.356033 0.173861 5.250330
v -49.366245 0.169703 5.245361
v -49.356758 0.172269 5.249876
v -49.358952 0.170918 5.248773
v -49.362286 0.170020 5.247187
v -49.505615 0.178423 4.971178
v -49.514000 0.174314 4.973463
v -49.506561 0.176880 4.971689
v -49.508488 0.175560 4.972302
v -49.511097 0.174657 4.972926
v -50.188164 0.169024 5.083032
v -50.179962 0.165297 5.080396
v -50.187141 0.167569 5.082363
v -50.185226 0.166348 5.081627
v -50.182705 0.165551 5.080936
v -48.805466 0.230887 5.256827
v -48.805923 0.230844 5.258502
v -48.804543 0.230860 5.258387
v -52.700703 0.274929 1.562327
v -52.702423 0.274898 1.562873
v -52.702339 0.274930 1.561476
v -53.079819 1.762179 4.246260
v -53.083942 1.760706 4.247496
v -53.080307 1.761049 4.247195
v -53.081261 1.760371 4.247758
v -53.082539 1.760251 4.247864
v -53.023151 1.736310 3.513930
v -53.026718 1.738854 3.511847
v -53.023247 1.737527 3.512925
v -53.023960 1.738438 3.512177
v -53.025177 1.738905 3.511798
v -53.083672 1.382642 3.806103
v -53.087799 1.381174 3.807335
v -53.084160 1.381514 3.807038
v -53.085114 1.380836 3.807600
v -53.086391 1.380718 3.807704
v -53.019302 2.115829 3.954103
v -53.022869 2.118378 3.952016
v -53.019398 2.117049 3.953097
v -53.020107 2.117960 3.952347
v -53.021328 2.118427 3.951967
v -53.007347 2.524408 4.331657
v -53.010910 2.526988 4.329545
v -53.007442 2.525641 4.330641
v -53.008152 2.526562 4.329883
v -53.009369 2.527036 4.329499
v -53.067932 2.170350 4.624155
v -53.072063 2.168857 4.625407
v -53.068424 2.169210 4.625097
v -53.069382 2.168528 4.625666
v -53.070660 2.168404 4.625775
v -53.048985 2.593832 4.935478
v -53.053104 2.592206 4.936683
v -53.049469 2.592643 4.936401
v -53.050423 2.591915 4.936955
v -53.051701 2.591760 4.937054
v -52.989746 2.961773 4.648091
v -52.993317 2.964511 4.646007
v -52.989841 2.963065 4.647086
v -52.990555 2.964040 4.646337
v -52.991776 2.964548 4.645957
v -53.008812 3.815646 5.355985
v -53.013054 3.823819 5.359416
v -53.009136 3.818588 5.357446
v -53.010056 3.821177 5.358612
v -53.011433 3.823011 5.359303
v -53.022255 3.061671 5.230642
v -53.026039 3.057772 5.230482
v -53.022610 3.059610 5.231044
v -53.023453 3.058146 5.231155
v -53.024658 3.057500 5.230958
v -52.995258 3.764385 5.065429
v -52.999165 3.769840 5.064637
v -52.995483 3.766716 5.064918
v -52.996304 3.768571 5.064588
v -52.997597 3.769670 5.064487
v -53.017151 1.406554 3.016189
v -53.020718 1.409031 3.013950
v -53.017246 1.407748 3.015123
v -53.017956 1.408635 3.014324
v -53.019176 1.409089 3.013912
v -53.078503 1.058635 3.326009
v -53.082645 1.057245 3.327385
v -53.078995 1.057534 3.327000
v -53.079952 1.056883 3.327610
v -53.081238 1.056781 3.327745
v -53.006271 0.666003 1.930363
v -53.010025 0.662780 1.920896
v -53.006454 0.664591 1.926882
v -53.007233 0.663482 1.923861
v -53.008484 0.662846 1.921759
v -52.984642 0.971149 2.055624
v -52.988083 0.972107 2.049886
v -52.984688 0.971760 2.053220
v -52.985359 0.972157 2.051285
v -52.986549 0.972279 2.050114
v -53.064045 0.772749 2.780275
v -53.068295 0.772958 2.784810
v -53.064571 0.772257 2.782478
v -53.065567 0.772123 2.784113
v -53.066875 0.772370 2.784932
v -53.180321 1.810860 4.206577
v -53.183308 1.816036 4.202321
v -53.181641 1.811822 4.205790
v -53.182671 1.813142 4.204705
v -53.183254 1.814623 4.203487
v -53.134987 1.718007 3.529583
v -53.139698 1.713865 3.533024
v -53.136612 1.717449 3.530052
v -53.138081 1.716464 3.530871
v -53.139164 1.715206 3.531915
v -53.184174 1.431325 3.766419
v -53.187160 1.436500 3.762164
v -53.185490 1.432287 3.765633
v -53.186520 1.433609 3.764547
v -53.187107 1.435087 3.763329
v -53.131134 2.097533 3.969750
v -53.135849 2.093385 3.973196
v -53.132763 2.096971 3.970221
v -53.134232 2.095986 3.971041
v -53.135315 2.094726 3.972085
v -53.119175 2.506145 4.347280
v -53.123894 2.501965 4.350751
v -53.120804 2.505583 4.347752
v -53.122272 2.504590 4.348577
v -53.123356 2.503320 4.349630
v -53.168442 2.219009 4.584489
v -53.171425 2.224204 4.580215
v -53.169758 2.219971 4.583701
v -53.170788 2.221297 4.582612
v -53.171371 2.222784 4.581387
v -53.149475 2.642353 4.895769
v -53.152477 2.647714 4.891558
v -53.150795 2.643329 4.894986
v -53.151829 2.644691 4.893909
v -53.152420 2.646231 4.892705
v -53.101578 2.943668 4.663741
v -53.106285 2.939300 4.667167
v -53.103207 2.943091 4.664208
v -53.104671 2.942058 4.665025
v -53.105755 2.940727 4.666063
v -53.114590 3.838315 5.347951
v -53.118832 3.830436 5.343087
v -53.116211 3.837903 5.347435
v -53.117588 3.836258 5.346330
v -53.118507 3.833637 5.344801
v -53.122402 3.107919 5.189569
v -53.125824 3.116039 5.187027
v -53.123753 3.109106 5.188912
v -53.124878 3.111063 5.188200
v -53.125607 3.113499 5.187537
v -53.107422 3.748996 5.082371
v -53.111721 3.741277 5.084188
v -53.109020 3.748163 5.082716
v -53.110397 3.746404 5.083182
v -53.111347 3.743985 5.083700
v -53.128979 1.388187 3.031684
v -53.133698 1.384129 3.035322
v -53.130608 1.387634 3.032170
v -53.132076 1.386668 3.033031
v -53.133163 1.385438 3.034139
v -53.179001 1.107384 3.286477
v -53.181992 1.112472 3.282030
v -53.180321 1.108341 3.285675
v -53.181355 1.109643 3.284548
v -53.181938 1.111094 3.283268
v -53.111855 0.677317 1.909397
v -53.116344 0.682344 1.919440
v -53.113453 0.677876 1.910016
v -53.114868 0.679030 1.912143
v -53.115883 0.680597 1.915453
v -53.096340 0.951264 2.067618
v -53.101219 0.949103 2.075615
v -53.097980 0.950855 2.068437
v -53.099483 0.950301 2.070243
v -53.100624 0.949687 2.072764
v -53.164616 0.823081 2.743916
v -53.167511 0.826217 2.735568
v -53.165936 0.823891 2.742815
v -53.166946 0.824772 2.740841
v -53.167503 0.825587 2.738297
v -53.015228 0.680346 1.364351
v -53.015434 0.678670 1.364755
v -53.015308 0.678818 1.363383
v -53.069027 4.328298 5.343407
v -53.069088 4.327826 5.345311
v -53.069061 4.329444 5.344111
v -53.069096 4.329189 5.345142
v -53.058746 3.326320 5.359879
v -53.058567 3.334740 5.362051
v -53.058662 3.328084 5.360735
v -53.058598 3.330302 5.361450
v -53.058563 3.332639 5.361910
v -52.687817 4.264935 5.801576
v -52.678780 0.205129 1.569942
vn -0.8592 -0.4398 -0.2616
vn -0.8591 -0.4398 -0.2617
vn -0.8591 -0.4399 -0.2617
vn -0.0827 -0.0320 -0.9961
vn -0.0024 0.0226 -0.9997
vn -0.0804 -0.0360 -0.9961
vn -0.7123 -0.6131 0.3416
vn -0.6460 -0.6297 0.4315
vn -0.6822 -0.5897 0.4323
vn 0.0654 0.0874 -0.9940
vn 0.6144 0.7346 0.2879
vn 0.5546 0.7406 0.3794
vn 0.5731 0.7683 0.2852
vn -0.0602 -0.0562 -0.9966
vn -0.0644 -0.0524 -0.9965
vn -0.7462 -0.5717 0.3411
vn -0.7148 -0.5500 0.4319
vn 0.7740 0.5660 0.2838
vn 0.7921 0.4829 0.3733
vn 0.7482 0.5449 0.3786
vn 0.6950 0.6587 0.2883
vn 0.6326 0.6734 0.3825
vn 0.6543 0.6993 0.2880
vn -0.0679 -0.0485 -0.9965
vn -0.0726 -0.0446 -0.9964
vn 0.0619 0.0916 -0.9939
vn 0.5063 0.7762 0.3757
vn 0.5227 0.8048 0.2812
vn -0.4655 -0.8251 0.3201
vn -0.4913 -0.7647 0.4169
vn -0.5126 -0.7943 0.3262
vn -0.5569 -0.7612 0.3323
vn -0.5725 -0.7003 0.4265
vn -0.5977 -0.7281 0.3356
vn 0.4442 0.8163 0.3693
vn 0.4584 0.8448 0.2760
vn 0.3883 0.8475 0.3620
vn 0.4012 0.8753 0.2699
vn -0.3880 -0.8671 0.3125
vn -0.4038 -0.8215 0.4025
vn -0.4205 -0.8509 0.3150
vn -0.0562 -0.0606 -0.9966
vn 0.3604 0.8614 0.3579
vn 0.3730 0.8881 0.2687
vn 0.4598 0.8082 0.3679
vn 0.5728 0.7378 0.3572
vn -0.1831 -0.9501 0.2524
vn -0.3731 -0.8387 0.3967
vn 0.0026 0.0220 -0.9998
vn -0.0391 -0.0584 -0.9975
vn -0.0503 -0.0639 -0.9967
vn -0.7729 -0.5358 0.3398
vn -0.7406 -0.5158 0.4307
vn -0.7888 -0.5114 0.3410
vn -0.7568 -0.4927 0.4295
vn 0.8558 0.4390 0.2737
vn 0.8451 0.3930 0.3625
vn 0.8284 0.4235 0.3665
vn 0.0693 0.0834 -0.9941
vn -0.7974 -0.4991 0.3393
vn -0.7648 -0.4809 0.4288
vn -0.8199 -0.4578 0.3439
vn -0.7898 -0.4418 0.4256
vn 0.8722 0.4073 0.2707
vn 0.8245 0.4306 0.3672
vn -0.0023 0.0226 -0.9997
vn 0.0774 0.0727 -0.9943
vn -0.6177 -0.6043 0.5032
vn -0.6523 -0.5661 0.5041
vn 0.0024 -0.0226 0.9997
vn -0.0463 -0.0888 0.9950
vn 0.5946 0.7078 0.3814
vn 0.5336 0.7106 0.4586
vn 0.0465 0.0476 0.9978
vn -0.0040 -0.0233 0.9997
vn 0.0347 0.0543 0.9979
vn -0.6835 -0.5282 0.5039
vn -0.7082 -0.4956 0.5028
vn 0.6719 0.6342 0.3825
vn 0.6829 0.5668 0.4608
vn 0.6460 0.6075 0.4621
vn 0.6083 0.6453 0.4621
vn 0.7101 0.5919 0.3813
vn 0.7193 0.5215 0.4589
vn -0.6090 -0.6668 0.4295
vn -0.5338 -0.7325 0.4224
vn -0.5476 -0.6719 0.4987
vn -0.5107 -0.7031 0.4949
vn 0.4271 0.7858 0.4474
vn 0.0517 0.0437 0.9977
vn 0.0018 -0.0224 0.9997
vn -0.4465 -0.7953 0.4100
vn -0.4705 -0.7344 0.4892
vn -0.4280 -0.7642 0.4824
vn 0.3454 0.8320 0.4341
vn -0.0165 -0.0309 0.9994
vn 0.0169 0.0576 0.9982
vn -0.3880 -0.7904 0.4741
vn -0.1885 -0.9180 0.3489
vn -0.3597 -0.8092 0.4646
vn 0.4166 0.7537 0.5083
vn -0.0632 -0.0718 0.9954
vn 0.7624 0.4619 0.4532
vn 0.7987 0.4052 0.4448
vn -0.7240 -0.4739 0.5013
vn -0.7320 -0.4628 0.4999
vn -0.0671 -0.0662 0.9955
vn -0.0654 -0.0685 0.9955
vn 0.8161 0.3768 0.4382
vn 0.7805 0.3966 0.4832
vn -0.7552 -0.4328 0.4923
vn 0.7345 0.6149 0.2871
vn -0.9977 0.0295 -0.0605
vn -0.9383 -0.0286 0.3447
vn -0.9993 -0.0031 0.0385
vn -0.9061 -0.0475 0.4204
vn -0.9905 -0.0220 0.1356
vn 0.0647 0.0303 0.9974
vn 0.0679 0.0263 0.9973
vn 0.5722 0.6789 0.4602
vn 0.0616 0.0340 0.9975
vn -0.0022 0.0226 -0.9997
vn 0.0831 0.0681 -0.9942
vn -0.0761 -0.0400 -0.9963
vn 0.0769 0.0174 0.9969
vn 0.0022 -0.0226 0.9997
vn 0.0023 -0.0226 0.9997
vn 0.0071 -0.9957 -0.0928
vn 0.1230 -0.9632 -0.2391
vn -0.0276 -0.9996 0.0116
vn 0.0784 -0.9963 -0.0352
vn -0.0486 -0.9925 0.1118
vn -0.0426 -0.0922 0.9948
vn -0.6360 -0.6934 0.3386
vn -0.0601 -0.0754 0.9953
vn -0.5821 -0.6398 0.5018
vn -0.1008 0.0269 -0.9945
vn 0.0882 0.0660 -0.9939
vn -0.1549 -0.0108 -0.9879
vn -0.0859 -0.0287 -0.9959
vn -0.0952 -0.0496 0.9942
vn -0.0686 -0.0657 0.9955
vn 0.0813 0.0155 0.9966
vn -0.0946 -0.0246 0.9952
vn 0.0141 0.0266 -0.9995
vn -0.0232 -0.0369 -0.9991
vn 0.0542 0.0984 -0.9937
vn -0.0018 0.0223 -0.9997
vn 0.4873 0.7455 0.4548
vn -0.0589 -0.1453 0.9876
vn -0.0332 -0.0515 0.9981
vn 0.0583 0.0952 -0.9938
vn 0.0506 0.1009 -0.9936
vn 0.0579 0.0373 0.9976
vn 0.8189 0.5013 0.2793
vn 0.0711 0.9840 0.1635
vn 0.0007 0.9981 0.0616
vn 0.0983 0.9946 0.0344
vn 0.0715 0.0211 0.9972
vn 0.0291 0.0415 -0.9987
vn 0.0082 -0.0117 -0.9999
vn 0.0717 0.1216 -0.9900
vn 0.0395 -0.0460 -0.9982
vn 0.0012 0.0481 0.9988
vn -0.0470 -0.1544 0.9869
vn -0.0125 -0.0576 0.9983
vn -0.0646 -0.1964 0.9784
vn -0.9657 0.0760 -0.2481
vn -0.8991 0.1363 -0.4159
vn -0.0847 -0.0298 -0.9960
vn -0.9581 0.2792 0.0643
vn -0.0452 -0.1140 0.9924
vn -0.6744 -0.6548 0.3412
vn 0.0547 0.0404 0.9977
vn -0.0412 -0.0981 0.9943
vn 0.0520 0.1017 -0.9935
vn 0.3724 0.8174 0.4395
vn -0.1942 -0.8875 0.4180
vn -0.0498 -0.0855 0.9951
vn -0.0535 -0.0827 0.9951
vn -0.0566 -0.0791 0.9953
vn 0.0729 0.0785 -0.9942
vn 0.0612 0.1072 -0.9923
vn -0.0150 -0.9997 -0.0217
vn -0.0036 -0.9998 -0.0200
vn -0.0019 -0.9998 -0.0210
vn 0.9945 -0.1046 -0.0046
vn 0.9969 -0.0026 0.0786
vn 1.0000 -0.0007 -0.0024
vn 0.9869 -0.1608 0.0102
vn 0.9951 -0.0990 -0.0046
vn 0.0956 -0.9883 -0.1191
vn -0.0009 -0.9997 -0.0224
vn -0.0011 -0.9928 -0.1199
vn -0.9999 -0.0125 0.0017
vn -1.0000 -0.0031 0.0045
vn -0.9926 -0.0867 0.0849
vn 0.0008 0.9866 0.1630
vn -0.0742 0.9894 0.1245
vn -0.0919 0.0265 -0.9954
vn -0.3070 -0.0715 -0.9490
vn -0.1870 0.0247 -0.9821
vn -0.0718 -0.9962 0.0492
vn -0.0753 -0.9958 -0.0525
vn 0.0048 -0.0185 0.9998
vn 0.0181 0.0052 0.9998
vn -0.0003 -0.0089 1.0000
vn -0.0224 0.9971 0.0725
vn 0.0025 0.9997 0.0236
vn 0.0305 0.9943 0.1023
vn 0.0953 -0.0242 0.9952
vn -0.0654 -0.0917 0.9936
vn 0.0015 -0.1062 0.9943
vn -0.0960 0.9927 -0.0735
vn -0.0965 0.9951 0.0238
vn 0.0108 -0.0148 0.9998
vn 0.1090 0.0942 0.9896
vn -1.0000 -0.0012 0.0051
vn -0.9951 0.0721 -0.0677
vn -0.9901 -0.0524 -0.1304
vn -1.0000 -0.0014 0.0040
vn -0.6950 -0.7102 0.1122
vn -0.7239 -0.6263 0.2894
vn -0.6851 -0.6422 0.3439
vn 0.9630 0.0003 0.2694
vn 0.9948 0.1020 0.0011
vn 0.9840 -0.0011 0.1780
vn -0.0008 -0.9997 -0.0224
vn -0.0967 -0.9951 -0.0206
vn 0.0010 -0.9998 -0.0211
vn 0.0861 -0.9903 -0.1091
vn 0.1729 -0.9844 0.0327
vn 0.0158 0.0028 0.9999
vn -0.0040 -0.0334 0.9994
vn -0.0051 0.0540 0.9985
vn -0.6394 -0.7494 -0.1718
vn -0.7009 -0.7101 0.0673
vn 0.6068 0.6097 -0.5100
vn 0.5154 0.6152 -0.5966
vn 0.4712 0.7492 -0.4655
vn -1.0000 0.0005 0.0015
vn -0.9955 -0.0953 0.0019
vn -0.9899 -0.1016 0.0990
vn -0.0025 -0.9998 -0.0216
vn -0.0028 -0.9938 -0.1107
vn -0.0111 -0.0180 0.9998
vn 0.0811 -0.0175 0.9966
vn -0.0031 -0.1330 0.9911
vn 0.2097 -0.0787 0.9746
vn -0.0025 -0.9972 0.0750
vn -0.1299 0.0989 -0.9866
vn -0.0028 0.1243 -0.9922
vn 0.2172 -0.6682 0.7116
vn 0.1888 -0.7093 0.6791
vn 0.1541 -0.7130 0.6840
vn -0.0022 -0.9998 -0.0193
vn -0.0485 -0.9848 -0.1666
vn 0.1084 -0.7704 0.6282
vn -0.0020 -0.7562 0.6544
vn -0.1876 0.0275 -0.9819
vn -0.1668 -0.0537 -0.9845
vn -0.0055 -0.0214 0.9998
vn -0.1075 -0.0173 0.9941
vn -0.1005 -0.1200 0.9877
vn -0.9998 -0.0009 0.0175
vn -1.0000 0.0024 0.0040
vn -0.9940 0.1095 0.0065
vn 0.0223 -0.9989 -0.0422
vn -0.0497 0.1370 0.9893
vn -0.0545 0.9482 0.3131
vn 0.0002 0.9880 0.1542
vn 0.9886 -0.1301 -0.0763
vn 0.9950 0.0014 -0.1003
vn -0.7037 -0.0535 0.7085
vn -0.7589 -0.0138 0.6511
vn -0.7041 -0.0151 0.7099
vn 0.6057 0.5305 -0.5931
vn 0.7355 0.4839 -0.4742
vn -0.6660 -0.0761 0.7421
vn -0.6439 -0.0164 0.7649
vn 0.0685 -0.1090 -0.9917
vn -0.0024 0.0223 -0.9997
vn -0.0027 -0.0848 -0.9964
vn -0.9948 -0.0037 0.1015
vn -1.0000 -0.0024 0.0026
vn -0.0599 0.9979 0.0239
vn 0.0012 0.9972 -0.0742
vn -0.9896 0.1275 0.0665
vn 0.4658 0.4831 -0.7413
vn 0.5806 0.5845 -0.5668
vn -0.0929 -0.9932 0.0705
vn 0.9902 -0.0959 -0.1015
vn -0.6998 -0.1267 0.7030
vn -0.6848 -0.1667 0.7095
vn -0.7652 -0.1730 0.6202
vn 0.9907 0.0946 0.0981
vn 0.9630 -0.0065 0.2696
vn -0.6668 -0.5826 0.4647
vn -0.6974 -0.7139 -0.0626
vn -0.6944 -0.7005 0.1647
vn 0.2365 -0.6433 0.7282
vn 0.0898 -0.7198 0.6884
vn -0.0991 0.1217 -0.9876
vn -0.0538 -0.7852 0.6170
vn -0.0003 -0.0128 0.9999
vn -0.0775 -0.0921 0.9927
vn 0.8958 -0.0465 0.4420
vn 0.9210 -0.0848 0.3803
vn 0.8653 -0.0355 0.5001
vn 0.0966 0.9867 0.1308
vn -0.9995 0.0246 -0.0188
vn -0.9907 0.1002 -0.0922
vn -1.0000 0.0014 0.0024
vn -0.9951 0.0983 0.0047
vn -0.9949 -0.0710 0.0715
vn -0.9957 0.0327 0.0868
vn 0.0903 -0.9957 -0.0213
vn 0.0029 -1.0000 -0.0061
vn 0.0972 -0.9950 -0.0226
vn 0.0345 -0.9983 0.0475
vn 0.0955 0.0223 -0.9952
vn -0.0025 -0.0758 -0.9971
vn 0.0023 0.0726 0.9974
vn -0.0543 0.0307 0.9981
vn 0.0988 0.0727 0.9924
vn 0.0024 -0.0242 0.9997
vn -0.9946 0.0006 -0.1038
vn -0.9956 0.0037 -0.0932
vn -0.9972 -0.0711 -0.0246
vn -0.1324 0.9797 0.1505
vn -0.0962 -0.9926 0.0735
vn -0.0831 0.0222 -0.9963
vn -0.0570 -0.1116 -0.9921
vn -0.1059 -0.1373 -0.9849
vn -0.0622 0.9925 0.1055
vn -0.0099 0.9997 0.0224
vn -0.0666 0.9926 0.1016
vn -0.5852 -0.3755 0.7187
vn -0.6003 -0.4647 0.6508
vn -0.5595 -0.4649 0.6861
vn 0.0534 0.9975 -0.0470
vn 0.7290 -0.2525 -0.6362
vn 0.7397 -0.3436 -0.5786
vn 0.7638 -0.2488 -0.5956
vn -0.0868 0.9929 0.0815
vn -0.0832 0.9928 0.0857
vn -0.5419 -0.3745 0.7524
vn -0.5181 -0.4639 0.7186
vn 0.5570 -0.2502 -0.7919
vn 0.4765 -0.3414 -0.8102
vn 0.5396 -0.3456 -0.7677
vn 0.6517 -0.2523 -0.7152
vn 0.6709 -0.3474 -0.6551
vn 0.6930 -0.2529 -0.6751
vn -0.0798 0.9927 0.0899
vn -0.0753 0.9928 0.0936
vn 0.0578 0.9974 -0.0436
vn 0.7748 -0.3400 -0.5331
vn 0.7997 -0.2451 -0.5481
vn -0.8035 -0.3560 0.4771
vn -0.7393 -0.4516 0.4996
vn -0.7713 -0.3623 0.5233
vn -0.7373 -0.3671 0.5671
vn -0.6727 -0.4607 0.5790
vn -0.7029 -0.3713 0.6067
vn 0.8098 -0.3347 -0.4819
vn 0.8350 -0.2411 -0.4945
vn 0.8347 -0.3297 -0.4410
vn 0.8599 -0.2376 -0.4518
vn -0.8479 -0.3467 0.4010
vn -0.7985 -0.4373 0.4136
vn -0.8307 -0.3498 0.4331
vn -0.0908 0.9929 0.0771
vn 0.8457 -0.3271 -0.4217
vn 0.8705 -0.2357 -0.4320
vn 0.6717 -0.3503 -0.6528
vn 0.8355 -0.0695 -0.5451
vn -0.9383 -0.2856 0.1948
vn -0.8166 -0.4315 0.3834
vn -0.1002 0.9926 0.0687
vn -0.0960 0.9927 0.0731
vn -0.4976 -0.3730 0.7831
vn -0.4758 -0.4614 0.7488
vn -0.4553 -0.3712 0.8093
vn -0.4354 -0.4582 0.7749
vn 0.4278 -0.2429 -0.8706
vn 0.3852 -0.3325 -0.8608
vn 0.4161 -0.3359 -0.8450
vn 0.0495 0.9975 -0.0511
vn -0.4252 -0.3700 0.8260
vn -0.4069 -0.4553 0.7919
vn -0.1981 -0.3222 0.9257
vn -0.2022 -0.3874 0.8995
vn 0.3958 -0.2409 -0.8862
vn 0.6167 -0.3510 -0.7046
vn 0.0381 0.9976 -0.0581
vn -0.5732 -0.5353 0.6204
vn -0.5343 -0.5353 0.6542
vn 0.0099 -0.9997 -0.0224
vn -0.0554 -0.9981 0.0280
vn 0.7061 -0.3460 -0.6178
vn 0.7126 -0.4244 -0.5586
vn 0.0786 -0.9945 -0.0696
vn 0.0824 -0.9944 -0.0657
vn -0.4947 -0.5345 0.6852
vn -0.4545 -0.5323 0.7143
vn 0.6308 -0.3480 -0.6935
vn 0.5656 -0.4287 -0.7044
vn 0.6073 -0.4290 -0.6687
vn 0.6460 -0.4282 -0.6319
vn 0.5876 -0.3474 -0.7308
vn 0.5197 -0.4264 -0.7403
vn -0.6384 -0.4632 0.6147
vn -0.7060 -0.4568 0.5412
vn -0.6427 -0.5313 0.5520
vn -0.6747 -0.5277 0.5160
vn 0.7818 -0.4139 -0.4663
vn 0.0751 -0.9945 -0.0731
vn -0.7711 -0.4448 0.4556
vn -0.7069 -0.5227 0.4765
vn -0.7380 -0.5159 0.4349
vn 0.8179 -0.4047 -0.4090
vn 0.0100 -0.9997 -0.0224
vn 0.0863 -0.9943 -0.0628
vn -0.7653 -0.5079 0.3955
vn -0.9136 -0.3539 0.2003
vn -0.7838 -0.5007 0.3673
vn 0.7346 -0.4700 -0.4894
vn -0.0374 -0.9983 0.0439
vn 0.4588 -0.4229 -0.7814
vn 0.4010 -0.4160 -0.8162
vn -0.4166 -0.5282 0.7399
vn -0.3899 -0.5242 0.7571
vn -0.0304 -0.9982 0.0510
vn -0.0340 -0.9983 0.0478
vn 0.3721 -0.4092 -0.8331
vn 0.5675 -0.5176 -0.6404
vn -0.2067 -0.4522 0.8676
vn 0.6069 -0.2521 -0.7538
vn 0.0068 0.0424 0.9991
vn -0.0197 -0.0979 0.9950
vn -0.0353 -0.2010 0.9790
vn 0.0612 -0.9944 -0.0856
vn 0.0571 -0.9944 -0.0887
vn 0.6800 -0.4270 -0.5961
vn 0.0648 -0.9945 -0.0824
vn 0.0340 0.9973 -0.0648
vn -0.0713 0.9926 0.0982
vn 0.0480 -0.9941 -0.0976
vn -0.9981 0.0582 0.0196
vn -0.9732 0.2296 -0.0153
vn -0.9958 -0.0786 0.0464
vn -0.9985 0.0212 -0.0502
vn -0.9812 -0.1828 0.0618
vn -0.0587 -0.9980 0.0242
vn -0.6674 -0.3737 0.6442
vn -0.0412 -0.9983 0.0409
vn -0.6095 -0.5342 0.5858
vn -0.0076 0.9930 0.1178
vn 0.0315 0.9971 -0.0690
vn -0.0365 0.9910 0.1292
vn -0.0559 0.9920 0.1134
vn -0.0144 -0.9976 0.0681
vn -0.0286 -0.9981 0.0541
vn 0.0460 -0.9938 -0.1017
vn 0.0057 -0.9973 0.0731
vn -0.0100 0.9997 0.0224
vn -0.1046 0.9923 0.0666
vn 0.0651 0.9972 -0.0362
vn 0.7467 -0.4211 -0.5148
vn -0.0707 -0.9974 0.0155
vn 0.0100 -0.9997 -0.0225
vn 0.0620 0.9973 -0.0404
vn 0.0692 0.9971 -0.0322
vn 0.0688 -0.9944 -0.0796
vn 0.4910 -0.2471 -0.8354
vn 0.9739 -0.1864 0.1291
vn 0.9914 -0.1033 0.0804
vn 0.9740 -0.1830 0.1336
vn 0.0518 -0.9944 -0.0922
vn -0.0100 0.9997 0.0225
vn -0.1190 0.9916 0.0504
vn 0.0813 0.9964 -0.0228
vn -0.1058 0.9941 0.0224
vn 0.0895 -0.9941 -0.0619
vn -0.0800 -0.9967 -0.0158
vn -0.0061 -0.9985 -0.0548
vn -0.0838 -0.9965 0.0031
vn 0.0413 0.2485 0.9677
vn 0.1037 0.4271 0.8983
vn -0.0576 0.9924 0.1091
vn -0.0020 0.0950 0.9955
vn -0.0667 -0.9976 0.0171
vn -0.6280 -0.3745 0.6821
vn 0.0723 -0.9944 -0.0767
vn -0.0627 -0.9978 0.0206
vn 0.0727 0.9970 -0.0271
vn 0.8069 -0.4078 -0.4273
vn -0.8834 -0.4215 0.2048
vn -0.0517 -0.9982 0.0310
vn -0.0484 -0.9982 0.0342
vn -0.0450 -0.9983 0.0377
vn 0.0446 0.9975 -0.0546
vn 0.0786 0.9966 -0.0245
vn -0.4726 -0.7009 0.5342
vn -0.5573 -0.6264 0.5450
vn -0.5573 -0.6605 0.5032
vn 0.9993 -0.0324 0.0193
vn -0.1453 0.6731 -0.7251
vn -0.2418 0.6232 -0.7437
vn -0.1435 0.6342 -0.7598
vn 0.9741 -0.1641 0.1553
vn 0.9742 -0.1677 0.1509
vn -0.4715 -0.7335 0.4895
vn -0.5557 -0.6919 0.4610
vn -0.1453 0.8237 -0.5481
vn -0.2407 0.8470 -0.4739
vn -0.2435 0.8067 -0.5385
vn -0.1465 0.7494 -0.6457
vn -0.2446 0.6980 -0.6730
vn -0.1460 0.7111 -0.6877
vn 0.9741 -0.1715 0.1471
vn 0.9745 -0.1738 0.1421
vn 0.9992 -0.0363 0.0149
vn -0.2390 0.5760 -0.7818
vn -0.1413 0.5841 -0.7993
vn -0.4534 -0.4779 0.7524
vn -0.5428 -0.4815 0.6882
vn -0.4586 -0.5134 0.7253
vn -0.4642 -0.5544 0.6907
vn -0.5530 -0.5570 0.6197
vn -0.4679 -0.5930 0.6553
vn -0.2340 0.5125 -0.8262
vn -0.1373 0.5193 -0.8435
vn -0.2283 0.4520 -0.8623
vn -0.1335 0.4600 -0.8778
vn -0.4518 -0.4501 0.7702
vn -0.5330 -0.4293 0.7291
vn -0.4514 -0.4574 0.7662
vn 0.9741 -0.1606 0.1593
vn -0.2250 0.4205 -0.8789
vn -0.1319 0.4291 -0.8936
vn -0.2275 0.4604 -0.8580
vn 0.0211 0.6134 -0.7895
vn -0.4531 -0.4097 0.7917
vn -0.5313 -0.4216 0.7348
vn 0.9924 -0.0917 0.0815
vn 0.9819 -0.1345 0.1336
vn 0.9753 -0.1543 0.1578
vn -0.4689 -0.7632 0.4445
vn -0.5526 -0.7210 0.4180
vn -0.4656 -0.7883 0.4022
vn -0.5485 -0.7463 0.3772
vn -0.1415 0.8979 -0.4168
vn -0.2346 0.8945 -0.3807
vn -0.2369 0.8797 -0.4122
vn 0.9993 -0.0284 0.0232
vn -0.4649 -0.8035 0.3718
vn -0.5448 -0.7628 0.3484
vn -0.4081 -0.9012 0.1455
vn -0.4989 -0.8553 0.1398
vn -0.1411 0.9128 -0.3832
vn -0.2481 0.7458 -0.6183
vn 0.9992 -0.0211 0.0345
vn -0.6231 -0.5895 0.5139
vn -0.6230 -0.6225 0.4737
vn -0.9914 0.1032 -0.0804
vn -0.9986 0.0512 -0.0167
vn -0.9914 0.1033 -0.0804
vn -0.2436 0.6617 -0.7091
vn -0.3257 0.6091 -0.7231
vn -0.9777 0.1487 -0.1486
vn -0.9931 0.0872 -0.0780
vn -0.9790 0.1264 -0.1601
vn -0.6210 -0.6530 0.4337
vn -0.6187 -0.6804 0.3928
vn -0.2451 0.7353 -0.6319
vn -0.3286 0.7512 -0.5724
vn -0.3292 0.7163 -0.6152
vn -0.3292 0.6805 -0.6546
vn -0.2448 0.7712 -0.5876
vn -0.3278 0.7854 -0.5250
vn -0.5558 -0.5915 0.5842
vn -0.5486 -0.5205 0.6543
vn -0.6187 -0.5237 0.5856
vn -0.6145 -0.4891 0.6190
vn -0.3159 0.5014 -0.8055
vn -0.9773 0.1559 -0.1433
vn -0.9915 0.1020 -0.0808
vn -0.5368 -0.4484 0.7147
vn -0.6084 -0.4529 0.6517
vn -0.6030 -0.4203 0.6780
vn -0.3061 0.4082 -0.8600
vn -0.9966 0.0556 -0.0601
vn -0.9832 0.0868 -0.1603
vn -0.5977 -0.4026 0.6933
vn -0.5238 -0.3862 0.7593
vn -0.5917 -0.3978 0.7012
vn -0.4324 0.6277 -0.6473
vn -0.9988 0.0355 -0.0349
vn -0.3247 0.8247 -0.4630
vn -0.3188 0.8576 -0.4036
vn -0.6135 -0.7055 0.3547
vn -0.6094 -0.7221 0.3276
vn -0.9987 0.0287 -0.0422
vn -0.9988 0.0313 -0.0385
vn -0.3150 0.8723 -0.3740
vn -0.3814 0.8017 -0.4603
vn -0.5668 -0.8122 0.1383
vn -0.1464 0.7869 -0.5995
vn -0.0363 -0.9987 -0.0351
vn -0.1400 -0.9901 -0.0118
vn -0.2396 -0.9709 -0.0024
vn -0.9774 0.1675 -0.1292
vn -0.9774 0.1703 -0.1250
vn -0.3273 0.6462 -0.6894
vn -0.9774 0.1646 -0.1329
vn 0.9991 -0.0152 0.0395
vn 0.9742 -0.1782 0.1383
vn -0.9770 0.1790 -0.1155
vn -0.0086 0.0315 0.9995
vn 0.1404 0.0769 0.9871
vn -0.1121 0.0015 0.9937
vn -0.0240 0.0421 0.9988
vn -0.2077 -0.0162 0.9781
vn -0.9984 0.0544 -0.0132
vn -0.4714 -0.6284 0.6188
vn -0.9988 0.0388 -0.0311
vn -0.6211 -0.5570 0.5514
vn 0.9773 -0.1983 0.0745
vn 0.9991 -0.0104 0.0415
vn 0.9721 -0.2106 0.1031
vn 0.9731 -0.1948 0.1226
vn -0.9982 0.0118 -0.0586
vn -0.9987 0.0257 -0.0442
vn -0.9768 0.1818 -0.1133
vn -0.9968 0.0086 -0.0790
vn 0.9956 -0.0628 0.0702
vn 0.9921 -0.0978 0.0783
vn 0.9990 -0.0431 0.0072
vn 0.9915 -0.1020 0.0809
vn -0.3230 0.5634 -0.7604
vn -0.9964 -0.0076 0.0839
vn -0.9997 0.0163 -0.0175
vn 0.9992 -0.0388 0.0110
vn 0.9989 -0.0455 0.0062
vn -0.9775 0.1610 -0.1367
vn -0.1442 0.8649 -0.4808
vn -0.9776 0.1734 -0.1192
vn 0.9991 -0.0240 0.0362
vn 0.9957 -0.0376 0.0842
vn 0.9993 0.0282 -0.0251
vn 0.9932 0.0041 0.1161
vn -0.9900 0.0489 -0.1325
vn -0.9946 -0.0114 0.1033
vn -0.9997 0.0241 -0.0091
vn -0.9834 -0.0329 0.1785
vn 0.1721 -0.9836 -0.0544
vn 0.3617 -0.9268 -0.1012
vn 0.9736 -0.1913 0.1249
vn -0.0447 -0.9930 -0.1097
vn -0.9992 0.0310 0.0254
vn -0.4733 -0.6650 0.5777
vn -0.9777 0.1569 -0.1398
vn -0.9987 0.0510 -0.0047
vn -0.3915 -0.0166 0.9200
vn -0.3015 0.0042 0.9535
vn 0.9994 -0.0338 0.0108
vn -0.3096 0.4404 -0.8427
vn -0.4584 -0.0335 0.8881
vn -0.9986 0.0479 -0.0208
vn -0.9988 0.0441 -0.0235
vn -0.9988 0.0417 -0.0272
vn 0.9993 -0.0245 0.0278
vn 1.0000 -0.0037 0.0048
vn 0.1260 -0.8851 -0.4481
vn 0.2059 -0.6317 -0.7473
vn 0.1675 -0.8902 -0.4236
vn 0.0837 -0.7756 -0.6257
vn 0.1921 -0.3315 -0.9237
vn 0.2561 -0.6277 -0.7351
vn 0.2880 -0.3422 -0.8944
vn 0.2186 0.3475 -0.9118
vn 0.0923 -0.2108 -0.9732
vn 0.0832 0.0453 -0.9955
vn 0.2634 0.3853 -0.8844
vn 0.1926 0.0516 -0.9799
vn 0.0776 -0.4981 -0.8637
vn 0.2462 0.0587 -0.9674
vn 0.7611 0.4803 -0.4360
vn 0.5512 0.7081 -0.4413
vn 0.4364 0.8905 -0.1291
vn 0.5767 0.7675 0.2800
vn 0.4442 0.7850 -0.4319
vn 0.3800 0.8801 -0.2845
vn 0.5270 0.4867 -0.6967
vn -0.9976 -0.0248 -0.0644
vn -0.9505 -0.1244 0.2846
vn -0.9673 -0.0048 0.2534
vn -0.8567 0.0024 -0.5157
vn -0.9894 -0.1316 0.0611
vn -0.9244 -0.2352 0.3004
vn -0.9238 -0.0930 -0.3714
vn -0.9686 -0.2262 -0.1035
vn -0.6633 -0.1260 -0.7377
vn -0.4515 -0.0271 -0.8919
vn -0.4403 -0.1371 -0.8873
vn -0.7409 -0.1928 -0.6434
vn -0.8777 -0.3436 0.3341
vn -0.8948 -0.4459 0.0210
vn -0.9356 -0.3298 0.1259
vn -0.8932 -0.4298 -0.1319
vn -0.9181 -0.3930 0.0522
vn -0.6738 0.2191 -0.7057
vn -0.7936 0.0928 -0.6013
vn -0.8859 0.1937 -0.4215
vn -0.6562 0.2697 -0.7047
vn -0.3905 0.1987 -0.8989
vn -0.5380 0.0784 -0.8393
vn -0.4004 0.2991 -0.8661
vn 0.8421 0.5265 0.1167
vn 0.6731 0.6009 -0.4311
vn 0.7756 0.6094 -0.1644
vn 0.8645 0.4810 -0.1456
vn 0.7270 0.4989 -0.4718
vn -0.0514 0.8763 -0.4790
vn 0.4984 0.7452 -0.4429
vn -0.2576 0.8407 -0.4763
vn 0.3878 0.5780 -0.7180
vn -0.2588 0.0869 -0.9620
vn 0.2962 0.2221 -0.9290
vn 0.0009 0.0721 -0.9974
vn -0.0173 0.1924 -0.9812
vn 0.3192 0.2718 -0.9079
vn -0.0159 0.2517 -0.9677
vn 0.0620 -0.8710 0.4874
vn -0.0211 -0.9774 0.2102
vn 0.1665 -0.9824 -0.0851
vn 0.1348 -0.9090 0.3944
vn -0.0184 -0.8743 0.4850
vn -0.0352 -0.7095 0.7038
vn 0.1430 -0.5354 0.8324
vn 0.3064 0.5534 0.7745
vn 0.4870 0.7112 0.5070
vn 0.2976 0.6954 0.6541
vn 0.1883 0.2880 0.9389
vn 0.3518 0.5483 0.7587
vn 0.2509 0.2735 0.9286
vn -0.0156 -0.3545 0.9349
vn 0.0905 0.1829 0.9790
vn 0.0683 -0.0731 0.9950
vn 0.1881 0.4453 0.8754
vn 0.0954 -0.0770 0.9925
vn -0.8774 -0.1538 0.4545
vn -0.7794 -0.0801 0.6214
vn -0.8447 -0.2533 0.4715
vn -0.7819 -0.1504 0.6050
vn -0.5807 -0.0540 0.8123
vn -0.6681 -0.2085 0.7142
vn -0.6282 -0.1233 0.7682
vn -0.6584 -0.3572 0.6625
vn -0.8010 -0.3428 0.4907
vn -0.4837 -0.2844 0.8277
vn -0.7121 -0.3088 0.6306
vn -0.5675 -0.2565 0.7824
vn -0.7735 -0.2359 0.5882
vn -0.3190 -0.0600 0.9459
vn -0.2763 -0.1565 0.9482
vn -0.4419 -0.1535 0.8838
vn -0.8728 0.1365 0.4685
vn -0.8769 0.4790 0.0402
vn -0.9786 0.0108 0.2053
vn -0.8697 0.0267 0.4929
vn -0.9719 0.2271 -0.0618
vn -0.5471 0.1970 0.8136
vn -0.6446 0.1167 0.7555
vn 0.2067 0.1203 0.9710
vn -0.3301 0.0171 0.9438
vn -0.0161 0.0135 0.9998
vn 0.4500 0.2179 0.8660
vn -0.0583 0.1023 0.9930
vn -0.7051 0.0022 0.7091
vn 0.2829 0.2254 0.9323
vn -0.0715 0.1295 0.9890
vn 0.5309 0.3423 0.7752
vn 0.6796 0.3295 0.6554
vn 0.7453 0.4306 0.5091
vn 0.4783 0.3689 0.7969
vn 0.2503 0.2917 0.9232
vn 0.3526 0.9013 0.2517
vn 0.1542 0.8200 0.5512
vn 0.5933 0.5894 0.5483
vn 0.5291 0.5198 0.6707
vn 0.0423 0.6056 0.7946
vn 0.7308 0.2601 0.6310
vn 0.5078 0.4739 0.7194
vn 0.4021 0.2695 0.8750
vn 0.8394 0.1406 0.5250
vn 0.9047 0.3552 0.2353
vn 0.9894 0.1004 0.1053
vn 0.5992 0.0369 0.7998
vn 0.2988 0.7042 0.6441
vn 0.2950 0.3740 0.8793
vn 0.1878 0.1762 0.9663
vn 0.2361 0.1684 0.9570
vn -0.2317 0.9393 0.2531
vn -0.1317 0.9875 0.0870
vn -0.7326 0.4027 0.5487
vn -0.7261 0.2227 0.6506
vn -0.7280 0.2422 0.6413
vn 0.4200 -0.8686 0.2630
vn 0.1589 -0.6755 0.7200
vn 0.0400 -0.5488 0.8350
vn -0.6923 0.0500 0.7199
vn 0.2376 0.8123 -0.5326
vn 0.2376 0.8123 -0.5327
vn -0.0470 0.9703 0.2372
vn -0.0907 0.7741 0.6265
vn -0.3147 0.8510 0.4205
vn -0.4750 0.6836 0.5541
vn -0.1689 0.4414 0.8813
vn -0.1373 0.7207 0.6796
vn 0.2375 0.3689 -0.8986
vn 0.4958 0.7946 -0.3505
vn 0.2159 0.3339 -0.9175
vn -0.0023 0.1984 0.9801
vn 0.0625 0.5858 0.8080
vn 0.0076 0.5078 0.8614
vn -0.6877 -0.5663 0.4543
vn -0.5884 -0.6028 0.5389
vn -0.7573 -0.0732 0.6490
vn -0.5651 -0.0616 0.8227
vn -0.5447 -0.0917 0.8336
vn 0.0473 0.5026 0.8632
vn -0.5836 -0.1816 0.7915
vn -0.5910 -0.1919 0.7835
vn 0.7638 -0.2136 0.6091
vn 0.6179 -0.1644 0.7689
vn 0.1969 -0.6146 0.7639
vn -0.5394 -0.4868 0.6871
vn 0.4087 -0.1914 0.8924
vn 0.3712 -0.2173 0.9028
vn -0.6596 -0.7464 -0.0889
vn -0.6587 -0.6882 0.3041
vn -0.5956 -0.8023 -0.0394
vn 0.7073 0.2110 0.6747
vn 0.7073 0.2109 0.6747
vn 0.4204 -0.3710 0.8281
vn -0.0718 -0.7189 0.6914
vn -0.1581 -0.2454 -0.9565
vn -0.0181 -0.5044 -0.8633
vn -0.3358 -0.9298 -0.1506
vn -0.7380 -0.0711 0.6710
vn -0.6410 -0.4479 0.6233
vn -0.7872 -0.2443 0.5663
vn 0.4720 -0.1774 -0.8636
vn 0.4720 -0.1775 -0.8636
vn -0.5431 -0.7447 -0.3880
vn -0.3516 -0.7931 -0.4974
vn -0.6754 -0.6776 -0.2912
vn -0.2224 -0.7940 -0.5658
vn 0.1437 -0.5882 -0.7959
vn 0.4090 0.8570 -0.3135
vn 0.2176 0.9635 -0.1560
vn 0.1769 0.9766 -0.1226
vn -0.4980 0.8631 -0.0844
vn -0.2410 0.9152 -0.3231
vn -0.1254 0.9910 -0.0468
vn -0.8330 0.5316 -0.1532
vn -0.6403 0.6692 -0.3772
vn -0.5293 0.6154 -0.5841
vn -0.7989 0.4325 -0.4180
vn -0.8478 0.1849 -0.4970
vn -0.9488 0.2022 -0.2427
vn -0.9809 0.1311 -0.1436
vn -0.2419 0.3719 -0.8962
vn -0.5013 0.1332 -0.8550
vn -0.6392 0.4093 -0.6511
vn -0.2792 -0.0216 -0.9600
vn -0.5933 0.0114 -0.8049
vn -0.3844 -0.1100 -0.9166
vn -0.5537 -0.4323 0.7117
vn -0.1757 0.4018 -0.8987
vn 0.2118 0.5226 -0.8259
vn 0.2243 0.5254 -0.8208
vn -0.1756 -0.8012 0.5721
vn -0.3819 -0.6726 0.6338
vn -0.7811 -0.5667 -0.2622
vn -0.8431 -0.4786 -0.2450
vn -0.7851 -0.5674 -0.2482
vn -0.6871 0.2186 -0.6929
vn -0.6872 0.2186 -0.6928
vn -0.8445 -0.4723 -0.2525
vn -0.9134 -0.3579 -0.1938
vn 0.1004 -0.4916 -0.8650
vn 0.3424 -0.2247 -0.9123
vn 0.1814 -0.8512 -0.4924
vn 0.3841 -0.6334 -0.6718
vn 0.5942 -0.5244 -0.6098
vn 0.4255 -0.7864 -0.4479
vn 0.1868 -0.9608 -0.2050
vn 0.5300 -0.8245 -0.1982
vn 0.1780 -0.9516 -0.2505
vn 0.9049 -0.2383 -0.3527
vn 0.8521 -0.5098 -0.1181
vn 0.6546 -0.6400 -0.4024
vn 0.9905 -0.1290 0.0487
vn 0.7744 -0.6327 -0.0014
vn 0.9507 -0.2728 0.1476
vn -0.6077 -0.6457 0.4623
vn -0.3540 -0.8572 0.3741
vn -0.3085 -0.8823 0.3556
vn -0.5642 -0.2506 0.7867
vn -0.6252 -0.4564 0.6331
vn 0.3480 -0.7718 0.5321
vn 0.4471 -0.8181 0.3618
vn 0.4992 -0.8276 0.2568
vn 0.8677 -0.1974 -0.4562
vn 0.8677 -0.1973 -0.4562
vn 0.7246 -0.6879 -0.0419
vn 0.7568 -0.6457 -0.1012
vn -0.2038 0.3525 0.9134
vn -0.4005 0.1081 0.9099
vn 0.2745 0.6101 0.7432
vn 0.2419 0.4697 0.8490
vn -0.7122 0.0801 0.6974
vn -0.0963 0.4400 0.8928
vn -0.3871 0.2184 0.8958
vn 0.3110 0.8978 -0.3119
vn 0.5806 0.7923 -0.1876
vn 0.1547 0.8027 -0.5760
vn 0.0443 0.9023 -0.4289
vn 0.4382 0.8950 -0.0828
vn 0.6552 0.7554 0.0041
vn -0.3023 0.9103 0.2828
vn -0.3018 0.9104 0.2831
vn -0.5010 0.8637 0.0549
vn -0.9217 0.1099 0.3719
vn -0.8891 0.4156 -0.1916
vn -0.9274 0.3232 0.1883
vn -0.7965 0.5559 -0.2377
vn -0.9036 0.2227 0.3660
vn -0.9034 0.4181 0.0948
vn 0.3937 -0.9172 -0.0617
vn 0.1294 -0.9291 0.3465
vn 0.6646 -0.7284 -0.1664
vn 0.3696 -0.9164 0.1537
vn 0.0888 -0.7263 0.6816
vn 0.4765 -0.8762 0.0717
vn 0.2279 -0.9069 0.3543
vn 0.8647 0.3561 -0.3541
vn 0.7736 0.2443 -0.5847
vn 0.7739 0.5862 -0.2398
vn 0.8720 0.4636 -0.1573
vn 0.8710 0.1572 -0.4655
vn 0.7365 -0.0638 -0.6734
vn 0.9572 -0.2181 0.1904
vn 0.9571 -0.2208 0.1877
vn 0.9258 -0.0220 0.3773
vn 0.1400 -0.4054 0.9033
vn 0.4372 0.0275 0.8989
vn 0.3900 -0.2013 0.8985
vn 0.7012 0.1372 0.6996
vn 0.2336 -0.4078 0.8827
vn 0.4971 -0.1136 0.8602
vn -0.3852 -0.1480 0.9109
vn -0.1264 -0.4166 0.9003
vn -0.6990 -0.1293 0.7034
vn -0.3585 -0.3923 0.8471
vn -0.1075 -0.7289 0.6761
vn -0.5672 -0.6038 0.5602
vn -0.3196 -0.6932 0.6460
vn -0.9088 -0.3999 0.1188
vn -0.9105 -0.1388 0.3896
vn -0.6922 -0.7158 0.0921
vn -0.8512 -0.3842 0.3575
vn -0.6620 -0.3530 0.6612
vn -0.1218 -0.9269 0.3551
vn -0.3760 -0.9210 0.1020
vn -0.3509 -0.8745 0.3348
vn -0.6573 -0.6869 0.3100
vn -0.8780 0.2252 -0.4225
vn -0.9252 -0.3601 -0.1196
vn -0.7806 0.2593 -0.5687
vn -0.9281 -0.1745 -0.3289
vn -0.7141 -0.6930 -0.0986
vn -0.9013 -0.0899 -0.4237
vn -0.9065 -0.3589 -0.2224
vn 0.3146 0.3455 -0.8841
vn 0.1746 0.6007 -0.7802
vn 0.5787 0.2264 -0.7835
vn 0.4382 0.1337 -0.8889
vn 0.0714 0.4617 -0.8841
vn -0.0186 0.6756 -0.7370
vn -0.2932 -0.2367 -0.9263
vn -0.2943 -0.2363 -0.9260
vn -0.0852 -0.4254 -0.9010
vn -0.2080 -0.9010 -0.3807
vn 0.0433 -0.9096 -0.4132
vn -0.3956 -0.9077 -0.1397
vn 0.1046 -0.7506 -0.6525
vn -0.3965 -0.8866 -0.2380
vn -0.1157 -0.8734 -0.4731
vn -0.1834 0.7559 0.6285
vn -0.0732 0.8412 0.5357
vn -0.2453 0.8647 0.4384
vn -0.4829 0.7310 0.4822
vn -0.1847 0.5022 0.8448
vn -0.0261 0.6418 0.7664
vn -0.3892 0.2213 0.8942
vn -0.6068 -0.3120 0.7310
vn -0.7364 -0.3540 0.5765
vn -0.5861 -0.4706 0.6596
vn -0.4297 -0.1285 0.8938
vn -0.8005 -0.0936 0.5920
vn -0.0456 0.3175 0.9471
vn -0.2169 -0.1367 0.9666
vn -0.2040 0.1429 0.9685
vn -0.4095 -0.3619 0.8375
vn 0.1033 0.9086 0.4046
vn 0.3779 0.9182 0.1188
vn 0.0961 0.6842 0.7229
vn 0.3733 0.8402 0.3934
vn 0.7049 0.7012 0.1072
vn 0.3560 0.6445 0.6766
vn 0.6626 0.6517 0.3691
vn 0.3806 0.0744 0.9217
vn 0.0993 0.3542 0.9299
vn 0.7061 0.0733 0.7043
vn 0.3756 0.3523 0.8572
vn 0.6629 0.3382 0.6680
vn 0.9211 0.3750 0.1044
vn 0.9215 0.0869 0.3785
vn 0.8508 0.3628 0.3802
vn 0.7205 -0.1135 0.6841
vn 0.7994 -0.3205 0.5081
vn 0.7188 -0.0426 0.6939
vn 0.5668 -0.0755 0.8204
vn 0.7003 -0.5272 0.4813
vn -0.2355 -0.3349 0.9123
vn 0.2332 -0.0967 0.9676
vn -0.4824 -0.6170 0.6218
vn -0.3223 -0.5916 0.7390
vn 0.3273 -0.1165 0.9377
vn 0.5206 -0.0592 0.8517
vn -0.6871 -0.7244 0.0554
vn -0.6094 -0.7074 0.3580
vn -0.0571 -0.7372 0.6732
vn 0.1362 -0.6695 0.7302
vn 0.2035 -0.6670 0.7168
vn -0.3622 -0.6036 0.7103
vn 0.1546 -0.5479 0.8221
vn -0.0971 0.9293 -0.3563
vn -0.3780 0.9228 -0.0745
vn -0.0925 0.7209 -0.6868
vn -0.3736 0.8581 -0.3524
vn -0.7033 0.7072 -0.0731
vn -0.3555 0.6769 -0.6446
vn -0.6611 0.6703 -0.3372
vn -0.3807 0.1196 -0.9169
vn -0.0987 0.4008 -0.9109
vn -0.7057 0.1094 -0.7000
vn -0.3751 0.3943 -0.8389
vn -0.6622 0.3711 -0.6510
vn -0.9203 0.3817 -0.0856
vn -0.9211 0.1080 -0.3740
vn -0.8497 0.3831 -0.3623
vn -0.4529 0.8203 0.3494
vn -0.0531 0.8804 0.4712
vn -0.4076 0.9063 0.1117
vn -0.5743 0.7651 0.2912
vn -0.4378 0.7613 0.4783
vn 0.0093 0.7330 0.6802
vn -0.5960 0.6594 0.4582
vn -0.9311 -0.1830 0.3155
vn -0.9383 0.3294 0.1047
vn -0.6998 -0.4483 0.5561
vn -0.9514 0.1206 0.2833
vn -0.7511 0.6540 0.0902
vn -0.9198 0.0770 0.3847
vn -0.9182 0.2450 0.3113
vn 0.0646 -0.6214 0.7808
vn -0.3425 -0.3479 0.8728
vn -0.2575 -0.6184 0.7425
vn 0.0890 -0.2933 0.9519
vn -0.3220 -0.1921 0.9270
vn -0.4829 -0.3774 0.7902
vn -0.5448 -0.1211 0.8298
vn -0.6376 -0.2321 -0.7345
vn -0.5372 -0.0517 -0.8419
vn -0.3700 -0.1678 -0.9138
vn -0.6797 -0.3062 -0.6665
vn -0.8608 -0.2202 -0.4588
vn -0.8106 -0.0458 -0.5839
vn -0.8320 -0.3525 -0.4285
vn -0.5079 -0.7826 0.3600
vn -0.0434 -0.8186 0.5728
vn -0.3409 -0.7330 0.5887
vn -0.6016 -0.6997 0.3853
vn -0.2383 -0.9328 -0.2703
vn -0.5108 -0.8574 0.0624
vn -0.1496 -0.9083 -0.3907
vn -0.7075 -0.6962 0.1213
vn -0.9530 -0.0761 -0.2933
vn -0.9397 -0.2982 0.1677
vn -0.9644 -0.2449 -0.0999
vn -0.7369 -0.5329 0.4159
vn -0.9465 -0.3171 -0.0605
vn -0.2843 -0.5301 -0.7988
vn -0.2103 -0.1988 -0.9572
vn -0.0833 -0.4034 -0.9112
vn -0.2565 -0.8177 -0.5154
vn -0.3628 -0.5784 -0.7306
vn -0.5479 -0.8009 -0.2417
vn -0.2869 -0.9473 0.1423
vn -0.0897 -0.9365 -0.3390
vn -0.4990 -0.7744 0.3890
vn -0.2542 -0.9590 -0.1256
vn -0.0695 -0.7516 -0.6560
vn -0.5318 -0.8324 0.1556
vn -0.7551 -0.5556 0.3479
vn -0.6932 -0.4364 0.5736
vn -0.9478 -0.1772 -0.2651
vn -0.8534 -0.5179 0.0588
vn 0.3762 -0.0768 -0.9233
vn 0.0949 -0.3583 -0.9288
vn 0.0945 -0.0751 -0.9927
vn 0.7024 -0.0762 -0.7077
vn 0.3707 -0.3552 -0.8581
vn 0.0895 -0.6881 -0.7201
vn 0.6590 -0.3404 -0.6707
vn 0.3521 -0.6464 -0.6769
vn 0.9198 -0.3772 -0.1077
vn 0.9197 -0.0895 -0.3822
vn 0.7025 -0.7033 -0.1089
vn 0.8481 -0.3658 -0.3833
vn 0.6590 -0.6544 -0.3708
vn 0.0954 -0.9119 -0.3992
vn 0.3773 -0.9185 -0.1185
vn 0.3716 -0.8411 -0.3931
vn 0.8721 -0.4848 0.0666
vn 0.8880 -0.4597 0.0067
vn 0.7182 -0.5226 0.4594
vn 0.7183 -0.5227 0.4591
vn 0.7116 -0.6983 0.0776
vn 0.6746 -0.7381 0.0144
vn 0.5298 -0.7849 0.3214
vn -0.6427 -0.3427 0.6852
vn -0.6832 -0.1516 0.7144
vn -0.5539 -0.5381 0.6353
vn -0.3514 -0.7893 0.5035
vn -0.0163 -0.7847 0.6197
vn 0.0038 -0.6287 0.7776
vn -0.1696 -0.5313 0.8301
vn -0.6148 -0.7168 0.3290
vn 0.2789 -0.7029 0.6543
vn 0.3248 -0.9447 0.0451
vn -0.1775 -0.9511 0.2529
vn 0.4442 -0.8937 0.0631
vn -0.2644 -0.8171 0.5122
vn -0.4011 -0.7477 0.5293
vn -0.9058 0.4151 -0.0849
vn -0.6777 0.7181 -0.1581
vn -0.9023 0.4085 -0.1378
vn -0.8016 0.5971 -0.0305
vn -0.3904 0.9103 -0.1375
vn -0.6708 0.7117 -0.2086
vn -0.4050 0.8824 -0.2393
vn 0.2888 0.9401 -0.1810
vn -0.2619 0.9646 -0.0294
vn -0.0049 0.9997 -0.0244
vn 0.3181 0.9194 -0.2311
vn -0.0156 0.9900 -0.1403
vn -0.5411 0.8408 -0.0156
vn -0.0135 0.9797 -0.2001
vn 0.6729 0.4644 -0.5758
vn 0.8564 0.1804 -0.4838
vn -0.0515 0.5418 -0.8389
vn 0.5168 0.4739 -0.7130
vn 0.7261 0.4943 -0.4779
vn 0.8484 0.3335 -0.4111
vn 0.3964 0.7444 -0.5373
vn 0.1694 0.7233 0.6694
vn 0.0546 0.6029 0.7959
vn 0.1518 0.4192 0.8951
vn 0.2181 0.7182 0.6608
vn 0.1470 0.9096 0.3885
vn 0.0364 0.8404 0.5407
vn 0.2431 0.8830 0.4014
vn 0.5019 -0.0779 -0.8614
vn 0.5422 0.4630 -0.7012
vn 0.5663 0.2087 -0.7973
vn 0.4496 0.1740 -0.8761
vn 0.4463 0.4879 -0.7502
vn 0.8144 0.5796 0.0293
vn 0.6752 0.4775 -0.5623
vn 0.7823 0.5823 0.2214
vn 0.5152 0.7508 -0.4133
vn 0.0450 0.9624 0.2678
vn 0.1791 0.9409 -0.2873
vn 0.0346 0.9993 0.0162
vn 0.1463 0.9891 0.0183
vn 0.2252 0.9211 -0.3175
vn 0.2008 0.9795 0.0179
vn -0.8620 -0.5015 -0.0733
vn -0.9715 -0.2347 0.0337
vn -0.9887 0.0564 -0.1391
vn -0.8994 -0.4130 -0.1434
vn -0.8585 -0.5128 0.0063
vn -0.6835 -0.7299 0.0053
vn -0.5181 -0.8342 -0.1887
vn 0.5488 -0.7434 -0.3823
vn 0.6817 -0.4724 -0.5587
vn 0.6882 -0.6246 -0.3691
vn 0.3036 -0.9157 -0.2633
vn 0.5349 -0.7299 -0.4256
vn 0.2785 -0.9043 -0.3236
vn -0.3107 -0.9497 -0.0394
vn 0.2171 -0.9623 -0.1639
vn -0.0372 -0.9900 -0.1360
vn 0.4614 -0.8472 -0.2634
vn -0.0461 -0.9858 -0.1616
vn 0.0887 -0.5048 0.8587
vn 0.0380 0.1007 0.9942
vn -0.0070 -0.2270 0.9739
vn 0.0120 -0.5074 0.8616
vn 0.1533 -0.5315 0.8331
vn 0.1944 -0.8409 0.5050
vn 0.1427 -0.9615 -0.2349
vn 0.0363 -0.9529 0.3012
vn 0.0418 -0.9991 -0.0077
vn 0.2328 -0.8468 -0.4783
vn 0.1225 -0.9922 0.0208
vn 0.0057 -0.7313 0.6820
vn 0.2377 -0.9163 -0.3223
vn 0.1492 -0.9885 0.0264
vn 0.3656 -0.7407 -0.5637
vn 0.3319 -0.6266 -0.7052
vn 0.6882 -0.5110 -0.5150
vn 0.5117 -0.4687 -0.7200
vn 0.2997 -0.9047 -0.3030
vn 0.3101 0.2220 0.9244
vn 0.6429 0.2333 0.7295
vn 0.2792 0.3302 0.9017
vn 0.5227 0.0887 0.8479
vn 0.8763 0.1928 0.4414
vn 0.5895 0.2906 0.7537
vn 0.8479 0.3008 0.4366
vn 0.9455 0.2093 -0.2495
vn 0.9477 0.0754 0.3102
vn 0.9974 0.0574 0.0435
vn 0.7184 0.3603 -0.5951
vn 0.9814 0.1827 0.0583
vn 0.7996 0.0694 0.5965
vn 0.9689 0.2434 0.0440
vn 0.4927 0.5887 -0.6409
vn 0.2576 0.4757 -0.8410
vn 0.2954 0.6960 -0.6545
vn 0.2529 0.6822 -0.6861
vn 0.5481 0.4818 -0.6837
vn 0.7495 0.5541 -0.3622
vn -0.3500 -0.1033 0.9311
vn 0.0263 -0.0172 0.9995
vn -0.4012 -0.1939 0.8952
vn -0.1264 -0.0978 0.9871
vn 0.1386 -0.0214 0.9901
vn -0.1808 -0.2149 0.9598
vn 0.0012 -0.2060 0.9786
vn -0.1290 -0.4336 0.8918
vn -0.4336 -0.3054 0.8478
vn 0.0229 -0.4185 0.9079
vn -0.2390 -0.3190 0.9171
vn -0.0362 -0.2519 0.9671
vn 0.8831 -0.1099 0.4561
vn 0.9152 -0.1612 0.3695
vn 0.9271 -0.0348 0.3732
vn 0.7709 -0.0233 0.6365
vn 0.7265 -0.2517 0.6394
vn 0.7709 -0.3208 0.5502
vn 0.1954 -0.1243 0.9728
vn 0.6801 -0.7200 -0.1380
vn 0.5408 -0.8404 -0.0358
vn 0.3572 -0.9220 -0.1496
vn 0.6782 -0.7105 -0.1876
vn 0.8845 -0.4570 -0.0942
vn 0.7958 -0.6056 0.0065
vn 0.8649 -0.4636 -0.1924
vn 0.0261 0.8782 -0.4775
vn 0.5554 0.6749 -0.4858
vn 0.3116 0.7928 -0.5239
vn 0.2744 0.8705 -0.4087
vn 0.5765 0.7200 -0.3863
vn 0.6341 -0.0559 -0.7712
vn 0.5687 0.5386 -0.6216
vn 0.6189 -0.2490 -0.7450
vn 0.8164 0.3667 -0.4461
vn 0.9392 -0.3431 0.0155
vn 0.9714 0.2142 -0.1023
vn 0.9948 -0.0955 0.0360
vn 0.9927 -0.0939 -0.0760
vn 0.9577 0.2463 -0.1487
vn 0.9872 -0.0907 -0.1314
vn -0.5548 0.1259 0.8224
vn -0.3130 0.0209 0.9495
vn -0.0373 0.0920 0.9951
vn -0.5835 0.1932 0.7888
vn -0.5773 0.0456 0.8152
vn -0.7516 0.0126 0.6595
vn -0.8299 0.2208 0.5123
vn -0.6962 0.4285 -0.5760
vn -0.4097 0.7668 -0.4942
vn -0.5635 0.3705 -0.7384
vn -0.9057 0.2641 -0.3318
vn -0.3229 0.6000 -0.7319
vn -0.8950 0.3371 -0.2923
vn -0.8406 0.3329 -0.4273
vn -0.9542 0.0285 0.2979
vn -0.9583 0.1426 -0.2476
vn -0.9923 0.1219 0.0235
vn -0.8236 0.2523 -0.5079
vn -0.9870 0.1529 0.0494
vn -0.6313 -0.0610 0.7732
vn -0.5044 -0.1266 0.8542
vn -0.7920 -0.0396 0.6092
vn -0.6311 -0.1219 0.7660
vn -0.5342 -0.2154 0.8175
vn -0.7267 -0.1718 0.6652
vn -0.6291 -0.1971 0.7519
vn -0.9252 -0.1293 0.3568
vn -0.9139 -0.0491 0.4029
vn -0.7863 -0.2094 0.5813
vn -0.8622 -0.1239 0.4911
vn -0.7628 -0.0959 0.6395
vn -0.5642 -0.2932 0.7718
vn -0.7035 -0.3006 0.6439
vn -0.5762 -0.3740 0.7268
vn -0.6732 -0.2558 0.6938
vn -0.8276 -0.2338 0.5103
vn -0.5598 -0.8137 -0.1566
vn 0.0107 -0.9816 -0.1908
vn -0.3033 -0.9521 -0.0398
vn -0.5710 -0.8175 -0.0752
vn -0.4580 -0.8611 -0.2207
vn -0.8612 -0.4311 -0.2694
vn -0.8153 -0.5471 -0.1896
vn -0.9273 0.3145 -0.2030
vn -0.9683 -0.2226 -0.1131
vn -0.9897 0.0893 -0.1122
vn -0.7871 0.5510 -0.2772
vn -0.9793 0.0602 -0.1932
vn -0.7799 -0.6209 -0.0790
vn -0.8678 0.4019 -0.2921
vn -0.9738 0.0582 -0.2200
vn -0.6710 0.6352 -0.3825
vn -0.5427 0.7618 -0.3537
vn -0.3771 0.7584 -0.5317
vn -0.6525 0.6267 -0.4259
vn -0.8535 0.3830 -0.3534
vn -0.2956 -0.2964 -0.9082
vn -0.3148 -0.2788 -0.9073
vn -0.4378 -0.4515 -0.7775
vn -0.4649 -0.4255 -0.7764
vn -0.6994 -0.6636 -0.2654
vn -0.6806 -0.7325 -0.0103
vn -0.7222 -0.6916 -0.0092
vn -0.2784 -0.3128 -0.9081
vn -0.4121 -0.4750 -0.7775
vn -0.6588 -0.7040 -0.2654
vn -0.6395 -0.7687 -0.0133
vn 0.2981 0.3081 -0.9034
vn 0.3148 0.2893 -0.9040
vn 0.4487 0.4494 -0.7725
vn 0.7224 0.6194 -0.3074
vn 0.7199 0.6914 -0.0606
vn 0.6837 0.6625 -0.3059
vn 0.3322 0.2685 -0.9042
vn 0.4746 0.4206 -0.7732
vn 0.7605 0.5715 -0.3083
vn 0.7611 0.6457 -0.0618
vn -0.3489 -0.2406 -0.9057
vn -0.3330 -0.2601 -0.9064
vn -0.5145 -0.3703 -0.7734
vn -0.7387 -0.6200 -0.2645
vn -0.7979 -0.6028 -0.0064
vn -0.7737 -0.5771 -0.2613
vn -0.4920 -0.3990 -0.7738
vn -0.7624 -0.6470 -0.0081
vn 0.2814 0.3262 -0.9025
vn 0.2647 0.3417 -0.9018
vn 0.4226 0.4768 -0.7707
vn 0.3967 0.5000 -0.7698
vn 0.6045 0.7358 -0.3053
vn 0.6772 0.7333 -0.0609
vn 0.6358 0.7696 -0.0594
vn 0.6429 0.7018 -0.3069
vn 0.2470 0.3566 -0.9010
vn 0.2270 0.3710 -0.9005
vn 0.3698 0.5232 -0.7678
vn 0.3383 0.5472 -0.7656
vn 0.5147 0.8018 -0.3037
vn 0.5919 0.8036 -0.0618
vn 0.5391 0.8399 -0.0628
vn 0.5629 0.7677 -0.3062
vn -0.2603 -0.3296 -0.9075
vn -0.3859 -0.4989 -0.7760
vn -0.6185 -0.7386 -0.2682
vn -0.5953 -0.8034 -0.0160
vn -0.2406 -0.3463 -0.9067
vn -0.3566 -0.5221 -0.7748
vn -0.5752 -0.7722 -0.2699
vn -0.5472 -0.8368 -0.0184
vn -0.2191 -0.3633 -0.9055
vn -0.3262 -0.5461 -0.7716
vn -0.5280 -0.8054 -0.2691
vn -0.4963 -0.8679 -0.0219
vn -0.1941 -0.3700 -0.9085
vn -0.2952 -0.5594 -0.7746
vn -0.4775 -0.8358 -0.2711
vn -0.4483 -0.8937 -0.0211
vn 0.2087 0.3850 -0.8990
vn 0.2011 0.4033 -0.8927
vn 0.3048 0.5735 -0.7604
vn 0.2833 0.5981 -0.7496
vn 0.4092 0.8642 -0.2927
vn 0.4743 0.8780 -0.0644
vn 0.4187 0.9062 -0.0594
vn 0.4571 0.8363 -0.3028
vn -0.0755 -0.3503 -0.9336
vn 0.0444 -0.3247 -0.9448
vn -0.1655 -0.7861 -0.5956
vn 0.0423 -0.6751 -0.7365
vn -0.1873 -0.9777 -0.0954
vn 0.0324 -0.9177 -0.3959
vn -0.0644 -0.1134 -0.9915
vn -0.2690 -0.5636 -0.7810
vn -0.4289 -0.8640 -0.2637
vn -0.4131 -0.9105 -0.0173
vn -0.2640 -0.5767 -0.7731
vn -0.3956 -0.8830 -0.2526
vn 0.2018 0.4232 -0.8833
vn 0.2783 0.6173 -0.7359
vn 0.3926 0.9182 -0.0527
vn 0.3848 0.8786 -0.2826
vn 0.3521 0.2415 -0.9042
vn 0.5020 0.3889 -0.7725
vn 0.8037 0.5094 -0.3077
vn 0.8016 0.5945 -0.0634
vn 0.3752 0.2192 -0.9006
vn 0.5351 0.3466 -0.7704
vn 0.8402 0.4506 -0.3017
vn 0.8479 0.5261 -0.0657
vn -0.3702 -0.2135 -0.9041
vn -0.3616 -0.2244 -0.9049
vn -0.5467 -0.3322 -0.7686
vn -0.8010 -0.5397 -0.2591
vn -0.8428 -0.5382 -0.0043
vn -0.8185 -0.5137 -0.2572
vn -0.5342 -0.3477 -0.7705
vn -0.8257 -0.5640 -0.0067
vn -0.3893 0.0379 -0.9203
vn -0.7204 0.0469 -0.6920
vn -0.9346 0.0480 -0.3523
vn 0.3925 0.2089 -0.8957
vn 0.5687 0.3088 -0.7624
vn 0.8594 0.4189 -0.2933
vn 0.8852 0.4608 -0.0631
vn 0.9018 0.4284 -0.0575
vn 0.5884 0.2940 -0.7533
vn 0.8592 0.4127 -0.3023
vn -0.3759 -0.2091 -0.9028
vn -0.5981 -0.2940 -0.7455
vn -0.8281 -0.5020 -0.2495
vn -0.8513 -0.5246 -0.0026
vn -0.5554 -0.3253 -0.7653
vn -0.5224 -0.5173 0.6778
vn -0.4925 -0.5477 0.6764
vn -0.3770 -0.3823 0.8436
vn -0.3556 -0.4043 0.8426
vn -0.2088 -0.2239 0.9520
vn -0.1967 -0.2360 0.9516
vn -0.4632 -0.5751 0.6743
vn -0.3346 -0.4248 0.8412
vn -0.1851 -0.2476 0.9510
vn 0.5844 0.4787 0.6552
vn 0.5527 0.5133 0.6565
vn 0.4246 0.3388 0.8396
vn 0.4017 0.3639 0.8404
vn 0.2338 0.1743 0.9565
vn 0.2211 0.1879 0.9570
vn 0.6158 0.4401 0.6536
vn 0.4474 0.3111 0.8385
vn 0.2457 0.1592 0.9562
vn -0.5518 -0.4851 0.6784
vn -0.5786 -0.4532 0.6781
vn -0.3987 -0.3592 0.8438
vn -0.4186 -0.3364 0.8436
vn -0.2210 -0.2109 0.9522
vn -0.2321 -0.1982 0.9523
vn 0.4900 0.5747 0.6554
vn 0.5207 0.5458 0.6565
vn 0.3562 0.4085 0.8404
vn 0.3788 0.3875 0.8404
vn 0.1967 0.2127 0.9571
vn 0.2087 0.2009 0.9571
vn 0.4183 0.6339 0.6505
vn 0.4576 0.6028 0.6536
vn 0.3048 0.4530 0.8378
vn 0.3332 0.4290 0.8396
vn 0.1682 0.2376 0.9567
vn 0.1841 0.2237 0.9571
vn -0.4326 -0.6023 0.6709
vn -0.3127 -0.4451 0.8391
vn -0.1726 -0.2589 0.9504
vn -0.3992 -0.6299 0.6662
vn -0.2892 -0.4661 0.8361
vn -0.1597 -0.2711 0.9492
vn -0.3643 -0.6574 0.6597
vn -0.2649 -0.4883 0.8315
vn -0.1471 -0.2853 0.9471
vn -0.3324 -0.6844 0.6489
vn -0.2456 -0.5164 0.8204
vn -0.1411 -0.3111 0.9398
vn 0.3175 0.7050 0.6341
vn 0.3660 0.6724 0.6434
vn 0.2274 0.5142 0.8270
vn 0.2657 0.4850 0.8332
vn 0.1167 0.2768 0.9538
vn 0.1439 0.2585 0.9552
vn -0.0577 -0.9190 0.3901
vn -0.1816 -0.7820 0.5962
vn -0.0618 -0.7163 0.6950
vn -0.1509 -0.6172 0.7722
vn -0.0575 -0.4262 0.9028
vn -0.1110 -0.4182 0.9016
vn -0.3122 -0.7088 0.6325
vn -0.2378 -0.5504 0.8003
vn -0.1465 -0.3521 0.9244
vn 0.2930 0.7195 0.6296
vn 0.2068 0.5265 0.8247
vn 0.0993 0.2807 0.9546
vn 0.6537 0.3897 0.6487
vn 0.4761 0.2757 0.8351
vn 0.2615 0.1402 0.9550
vn 0.6886 0.3432 0.6388
vn 0.5048 0.2438 0.8281
vn 0.2792 0.1241 0.9522
vn -0.6001 -0.4259 0.6771
vn -0.6142 -0.4080 0.6755
vn -0.4349 -0.3170 0.8429
vn -0.4460 -0.3043 0.8417
vn -0.2410 -0.1873 0.9523
vn -0.2472 -0.1801 0.9521
vn -0.9104 -0.0274 0.4128
vn -0.6913 -0.0304 0.7219
vn -0.3738 -0.0288 0.9271
vn 0.7070 0.3207 0.6303
vn 0.5222 0.2289 0.8216
vn 0.2918 0.1168 0.9493
vn -0.6213 -0.3987 0.6745
vn -0.4524 -0.2984 0.8404
vn -0.2517 -0.1773 0.9514
vn -0.8395 -0.3505 0.4152
vn -0.8842 -0.2441 0.3983
vn -0.9167 -0.1360 0.3756
vn 0.7981 0.4739 0.3721
vn -0.2615 0.9442 0.2003
vn -0.2612 0.9441 0.2010
vn -0.2622 0.9440 0.2003
vn 0.7953 0.4780 0.3727
vn -0.2468 0.9470 0.2054
vn -0.9641 0.1155 -0.2392
vn 0.7943 0.4797 0.3727
vn 0.2306 -0.9503 -0.2093
vn 0.5585 0.7405 0.3739
vn -0.0031 -0.4167 0.9090
vn -0.0032 -0.7305 0.6829
vn -0.0029 -0.9342 0.3568
vn -0.9236 -0.3832 -0.0045
vn -0.3804 -0.9247 -0.0180
vn -0.7060 -0.7081 -0.0122
vn 0.6918 -0.1924 -0.6959
vn 0.6636 -0.1048 -0.7407
vn 0.6918 -0.1926 -0.6959
vn 0.5819 -0.5550 -0.5944
vn 0.1746 -0.9647 -0.1972
vn 0.6284 0.4736 -0.6171
vn 0.6036 -0.5072 -0.6151
vn -0.9224 -0.0082 0.3861
vn -0.7067 -0.0132 0.7074
vn -0.3874 -0.0163 0.9218
vn 0.6938 0.6853 0.2214
vn 0.7420 0.6674 0.0631
vn 0.6938 0.6853 0.2215
vn 0.6267 0.6146 0.4792
vn 0.1954 0.1801 0.9640
vn 0.6303 0.6323 -0.4505
vn 0.5672 0.5544 0.6090
vn 0.2276 0.6999 -0.6770
vn -0.0685 0.7603 -0.6459
vn -0.6757 0.5304 -0.5119
vn -0.9790 0.1477 -0.1406
vn -0.0053 0.7186 -0.6954
vn -0.6762 0.5301 -0.5116
vn -0.0008 0.8925 0.4510
vn -0.0029 0.6665 0.7455
vn -0.0047 0.3315 0.9434
vn 0.1385 0.0983 0.9855
vn -0.0001 -0.1216 0.9926
vn 0.3453 -0.0148 0.9384
vn 0.4750 -0.0129 0.8799
vn 0.6398 -0.0098 0.7685
vn 0.8552 -0.0038 0.5183
vn -0.1810 -0.1975 0.9635
vn -0.3069 -0.3252 0.8944
vn -0.4379 -0.4575 0.7739
vn -0.5147 -0.5347 0.6702
vn -0.6494 -0.6686 0.3622
vn -0.2922 -0.3104 0.9046
vn -0.3908 0.9202 0.0234
vn -0.7499 0.6613 0.0187
vn -0.9354 0.3534 0.0121
vn -0.6926 0.7210 0.0200
vn -0.8674 0.4974 0.0152
vn -0.9934 0.0509 0.1031
vn -0.4514 0.0248 -0.8920
vn -0.7398 0.0176 -0.6726
vn -0.8661 0.0124 -0.4997
vn -0.8846 0.0114 -0.4663
vn -0.9290 0.0084 -0.3699
vn -0.9948 -0.0915 -0.0439
vn -0.8870 -0.3323 0.3207
vn -0.7574 -0.4704 0.4528
vn -0.6069 -0.5727 0.5511
vn -0.1836 -0.7089 0.6810
vn -0.7189 -0.5008 0.4822
vn -0.5037 -0.6227 0.5987
vn -0.0031 -0.9683 -0.2498
vn -0.0033 -0.9286 -0.3711
vn -0.0035 -0.7207 -0.6932
vn -0.0034 -0.8177 -0.5756
vn -0.0011 -0.3903 -0.9207
vn 0.1191 -0.9800 -0.1592
vn 0.3576 -0.9331 -0.0387
vn 0.6809 -0.7322 -0.0171
vn 0.9155 -0.4021 -0.0107
vn 0.0800 -0.9927 0.0900
vn 0.5261 -0.8502 -0.0194
vn -0.3409 -0.8830 0.3227
vn -0.4933 -0.7252 0.4804
vn -0.5526 -0.6329 0.5423
vn -0.6743 -0.3042 0.6729
vn -0.2262 -0.9522 0.2055
vn -0.4999 -0.7161 0.4871
vn 0.0021 0.3564 0.9343
vn 0.0014 0.6783 0.7348
vn 0.0006 0.9012 0.4335
vn 0.8593 -0.0133 0.5114
vn 0.6425 -0.0193 0.7661
vn 0.3530 -0.0231 0.9354
vn -0.6280 -0.6392 0.4439
vn -0.4721 -0.4913 0.7320
vn -0.2562 -0.2806 0.9250
vn -0.9232 0.3841 0.0113
vn -0.7055 0.7085 0.0184
vn -0.3810 0.9243 0.0227
vn -0.9309 0.0101 -0.3652
vn -0.7394 0.0174 -0.6731
vn -0.4515 0.0224 -0.8920
vn -0.2296 -0.7028 0.6733
vn -0.6361 -0.5563 0.5348
vn -0.9120 -0.2946 0.2853
vn -0.0026 -0.3622 -0.9321
vn -0.0023 -0.6914 -0.7225
vn -0.0017 -0.9153 -0.4029
vn 0.9238 -0.3828 -0.0108
vn 0.7074 -0.7066 -0.0175
vn 0.3821 -0.9239 -0.0217
vn -0.6460 -0.4129 0.6420
vn -0.4979 -0.7186 0.4855
vn -0.2739 -0.9274 0.2546
vn 0.3822 0.9238 0.0214
vn 0.7052 0.7088 0.0156
vn 0.7061 0.7079 0.0156
vn 0.9229 0.3849 0.0074
vn -0.6846 -0.7058 -0.1819
vn 0.3374 -0.9364 0.0966
vn -0.2106 -0.9695 -0.1251
vn -0.2229 -0.9662 -0.1295
vn 0.9124 -0.1632 0.3753
vn -0.5662 -0.7826 -0.2589
vn -0.0672 -0.9973 -0.0312
vn 0.3386 -0.9351 0.1048
vn 0.6954 -0.6652 0.2719
vn 0.2194 0.7279 0.6496
vn 0.2192 0.7282 0.6494
vn 0.3242 -0.0461 0.9449
vn 0.3242 -0.0457 0.9449
vn 0.0573 0.9819 0.1804
vn 0.2194 0.7280 0.6496
vn 0.1519 -0.0211 0.9882
vn 0.3242 -0.0462 0.9449
vn 0.2678 -0.5744 0.7735
vn -0.1658 -0.1335 -0.9771
vn -0.0657 -0.9161 -0.3956
vn -0.0657 -0.9161 -0.3955
vn -0.0656 -0.9162 -0.3953
vn 0.0976 -0.8193 0.5650
vn 0.9230 0.0078 -0.3848
vn 0.7055 0.0153 -0.7086
vn 0.7051 0.0152 -0.7089
vn 0.3805 0.0205 -0.9245
vn -0.8013 -0.1612 0.5762
vn -0.9254 0.0091 -0.3789
vn -0.9209 -0.0882 -0.3796
vn -0.8095 -0.0123 0.5869
vn -0.9252 0.0092 -0.3794
vn -0.9251 0.0092 -0.3796
vn -0.1633 0.0221 -0.9863
vn -0.5864 0.7129 0.3846
vn -0.8780 -0.0196 0.4783
vn -0.1493 0.9739 0.1710
vn -0.5864 0.7121 0.3861
vn -0.7706 -0.0775 0.6326
vn -0.8779 -0.0202 0.4785
vn -0.7546 -0.5463 0.3636
vn -0.0018 0.4066 -0.9136
vn -0.0007 0.7254 -0.6883
vn -0.0007 0.7243 -0.6895
vn 0.0004 0.9329 -0.3600
vn 0.3821 -0.0090 0.9241
vn 0.3861 -0.0208 0.9222
vn 0.9870 -0.0043 0.1606
vn -0.5809 -0.0175 0.8138
vn -0.1830 -0.0123 0.9830
vn 0.3858 -0.0089 0.9225
vn 0.8370 -0.0040 0.5471
vn 0.9702 -0.0905 0.2246
vn -0.3203 0.8908 0.3223
vn -0.2998 0.8922 0.3378
vn -0.4669 0.7525 0.4644
vn -0.4395 0.7533 0.4894
vn -0.6557 0.2298 0.7192
vn -0.7167 -0.0258 0.6969
vn -0.6748 -0.0286 0.7374
vn -0.3358 0.8916 0.3038
vn -0.4908 0.7527 0.4388
vn -0.6964 0.2310 0.6794
vn -0.7539 -0.0249 0.6565
vn 0.2719 0.9186 -0.2868
vn 0.2531 0.9185 -0.3038
vn 0.4146 0.7945 -0.4437
vn 0.5926 0.3414 -0.7296
vn 0.6724 0.0977 -0.7337
vn 0.6360 0.3428 -0.6914
vn 0.2318 0.9185 -0.3204
vn 0.3851 0.7948 -0.4691
vn 0.5434 0.3434 -0.7660
vn 0.6258 0.0971 -0.7739
vn -0.2618 0.8901 0.3731
vn -0.2813 0.8910 0.3565
vn -0.3830 0.7503 0.5389
vn -0.6115 0.2283 0.7576
vn -0.5830 -0.0286 0.8120
vn -0.5661 0.2279 0.7922
vn -0.4108 0.7529 0.5142
vn -0.6294 -0.0299 0.7765
vn 0.2902 0.9181 -0.2701
vn 0.3061 0.9176 -0.2537
vn 0.4419 0.7940 -0.4175
vn 0.4659 0.7932 -0.3921
vn 0.7119 0.3400 -0.6144
vn 0.7153 0.0970 -0.6920
vn 0.7526 0.0968 -0.6514
vn 0.6766 0.3412 -0.6525
vn 0.3220 0.9166 -0.2369
vn 0.3397 0.9149 -0.2181
vn 0.4899 0.7911 -0.3662
vn 0.5154 0.7885 -0.3355
vn 0.7791 0.3387 -0.5275
vn 0.7877 0.0977 -0.6083
vn 0.8239 0.0985 -0.5581
vn 0.7451 0.3393 -0.5742
vn -0.3512 0.8919 0.2848
vn -0.5126 0.7539 0.4110
vn -0.7327 0.2315 0.6399
vn -0.7894 -0.0220 0.6135
vn -0.3696 0.8903 0.2661
vn -0.5389 0.7498 0.3838
vn -0.7672 0.2326 0.5977
vn -0.8242 -0.0193 0.5660
vn -0.3869 0.8889 0.2454
vn -0.5618 0.7480 0.3533
vn -0.8010 0.2339 0.5511
vn -0.8565 -0.0164 0.5159
vn -0.4062 0.8851 0.2271
vn -0.5862 0.7408 0.3279
vn -0.8329 0.2336 0.5017
vn -0.8834 -0.0166 0.4684
vn 0.3561 0.9138 -0.1956
vn 0.3747 0.9093 -0.1810
vn 0.5433 0.7832 -0.3023
vn 0.5645 0.7776 -0.2768
vn 0.8382 0.3291 -0.4349
vn 0.8592 0.1002 -0.5018
vn 0.8841 0.0949 -0.4576
vn 0.8130 0.3358 -0.4757
vn -0.4546 0.8803 0.1357
vn -0.3880 0.9214 0.0212
vn -0.8239 0.5266 0.2094
vn -0.7160 0.6979 0.0169
vn -0.9754 0.0493 0.2150
vn -0.9339 0.3574 0.0103
vn -0.1916 0.9752 0.1106
vn -0.6089 0.7302 0.3098
vn -0.8621 0.2258 0.4537
vn -0.9009 -0.0209 0.4335
vn -0.6209 0.7224 0.3044
vn -0.8820 0.2122 0.4207
vn 0.3839 0.9069 -0.1737
vn 0.5773 0.7713 -0.2681
vn 0.8945 0.0918 -0.4374
vn 0.8502 0.3242 -0.4148
vn 0.2041 0.9183 -0.3392
vn 0.3532 0.7933 -0.4960
vn 0.4803 0.3415 -0.8079
vn 0.5735 0.0997 -0.8131
vn 0.1815 0.9142 -0.3623
vn 0.3097 0.7909 -0.5278
vn 0.4213 0.3345 -0.8430
vn 0.5043 0.0991 -0.8578
vn -0.2231 0.8864 0.4057
vn -0.2418 0.8888 0.3893
vn -0.3298 0.7426 0.5829
vn -0.5193 0.2257 0.8242
vn -0.4904 -0.0323 0.8709
vn -0.4733 0.2176 0.8536
vn -0.3542 0.7480 0.5612
vn -0.5354 -0.0291 0.8441
vn -0.0002 0.9162 0.4007
vn 0.0095 0.6862 0.7274
vn 0.0174 0.3413 0.9398
vn -0.1223 0.8777 0.4633
vn -0.2037 0.5129 0.8339
vn -0.2168 0.0177 0.9761
vn 0.1707 0.9097 -0.3787
vn 0.2707 0.7830 -0.5601
vn 0.3896 0.3235 -0.8623
vn 0.4381 0.0954 -0.8938
vn 0.4056 0.0889 -0.9097
vn 0.2563 0.7726 -0.5809
vn 0.3819 0.3286 -0.8638
vn -0.2131 0.8813 0.4217
vn -0.4428 0.2007 0.8739
vn -0.3128 0.7343 0.6024
vn -0.4577 -0.0389 0.8882
vn -0.4829 -0.7047 0.5197
vn -0.5135 -0.7043 0.4903
vn -0.3456 -0.8633 0.3678
vn -0.3684 -0.8624 0.3470
vn -0.1874 -0.9630 0.1936
vn -0.2001 -0.9627 0.1821
vn -0.5422 -0.7017 0.4621
vn -0.3889 -0.8615 0.3264
vn -0.2121 -0.9622 0.1710
vn 0.4859 -0.6282 -0.6077
vn 0.5218 -0.6278 -0.5776
vn 0.3558 -0.8199 -0.4486
vn 0.3824 -0.8192 -0.4274
vn 0.1998 -0.9456 -0.2567
vn 0.2143 -0.9455 -0.2451
vn 0.4470 -0.6261 -0.6389
vn 0.3276 -0.8191 -0.4710
vn 0.1844 -0.9454 -0.2688
vn -0.4501 -0.7046 0.5486
vn -0.4163 -0.7047 0.5746
vn -0.3220 -0.8631 0.3890
vn -0.2978 -0.8629 0.4082
vn -0.1740 -0.9631 0.2052
vn -0.1609 -0.9629 0.2165
vn 0.5846 -0.6261 -0.5160
vn 0.5550 -0.6274 -0.5462
vn 0.4289 -0.8178 -0.3838
vn 0.4062 -0.8194 -0.4045
vn 0.2403 -0.9450 -0.2219
vn 0.2277 -0.9454 -0.2330
vn 0.6436 -0.6207 -0.4478
vn 0.6131 -0.6241 -0.4844
vn 0.4726 -0.8151 -0.3349
vn 0.4495 -0.8172 -0.3607
vn 0.2644 -0.9444 -0.1955
vn 0.2515 -0.9449 -0.2094
vn -0.5699 -0.6990 0.4320
vn -0.4098 -0.8596 0.3051
vn -0.2242 -0.9614 0.1593
vn -0.5980 -0.6951 0.3990
vn -0.4313 -0.8571 0.2818
vn -0.2360 -0.9607 0.1459
vn -0.6262 -0.6891 0.3647
vn -0.4535 -0.8532 0.2577
vn -0.2492 -0.9593 0.1329
vn -0.6525 -0.6808 0.3328
vn -0.4753 -0.8477 0.2356
vn -0.2630 -0.9573 0.1204
vn 0.7005 -0.6071 -0.3753
vn 0.6756 -0.6146 -0.4073
vn 0.5184 -0.8064 -0.2845
vn 0.4973 -0.8117 -0.3063
vn 0.2922 -0.9412 -0.1695
vn 0.2783 -0.9434 -0.1803
vn -0.9025 -0.4270 0.0559
vn -0.7437 -0.6464 0.1705
vn -0.6772 -0.7350 0.0333
vn -0.5448 -0.8300 0.1197
vn -0.3590 -0.9333 0.0060
vn -0.3074 -0.9497 0.0599
vn -0.6716 -0.6728 0.3103
vn -0.4935 -0.8412 0.2211
vn -0.2754 -0.9545 0.1140
vn 0.7125 -0.6018 -0.3608
vn 0.5304 -0.8018 -0.2752
vn 0.3007 -0.9393 -0.1649
vn 0.3959 -0.6219 -0.6756
vn 0.2921 -0.8155 -0.4996
vn 0.1651 -0.9445 -0.2839
vn 0.3481 -0.6131 -0.7092
vn 0.2592 -0.8092 -0.5273
vn 0.1488 -0.9417 -0.3017
vn -0.3829 -0.7022 0.6003
vn -0.3519 -0.6977 0.6240
vn -0.2743 -0.8611 0.4280
vn -0.2527 -0.8578 0.4475
vn -0.1481 -0.9623 0.2283
vn -0.1359 -0.9612 0.2399
vn -0.0343 -0.4389 0.8979
vn -0.0222 -0.7433 0.6685
vn -0.0068 -0.9374 0.3482
vn -0.1746 -0.6713 0.7204
vn -0.1260 -0.8440 0.5214
vn -0.0688 -0.9555 0.2870
vn 0.3249 -0.6047 -0.7272
vn 0.2440 -0.8021 -0.5451
vn 0.1412 -0.9388 -0.3141
vn -0.3306 -0.6922 0.6415
vn -0.2387 -0.8534 0.4634
vn -0.1289 -0.9596 0.2502
vn 0.8075 -0.3397 -0.4823
vn 0.4725 -0.3409 -0.8127
vn 0.9548 -0.1725 0.2422
vn 0.9548 -0.1725 0.2420
vn 0.0786 0.2439 0.9666
vn 0.7896 -0.3383 -0.5119
vn -0.2790 -0.1905 -0.9412
vn -0.2788 -0.1893 -0.9415
vn -0.2788 -0.1894 -0.9415
vn -0.9731 0.2244 -0.0523
vn 0.4366 -0.3428 -0.8318
vn 0.8375 -0.4004 0.3719
vn 0.8379 -0.4166 0.3527
vn 0.6779 -0.5353 0.5039
vn 0.6765 -0.5607 0.4775
vn 0.1228 -0.7519 0.6478
vn -0.1341 -0.7110 0.6903
vn -0.1361 -0.7495 0.6478
vn 0.8375 -0.3840 0.3888
vn 0.6775 -0.5109 0.5292
vn 0.1244 -0.7138 0.6892
vn -0.1321 -0.6711 0.7295
vn 0.9558 0.2184 -0.1968
vn 0.9559 0.2344 -0.1770
vn 0.8557 0.3880 -0.3424
vn 0.4423 0.7141 -0.5426
vn 0.2055 0.7404 -0.6400
vn 0.4425 0.6773 -0.5878
vn 0.9558 0.2500 -0.1550
vn 0.8559 0.4125 -0.3120
vn 0.4401 0.7503 -0.4934
vn 0.2053 0.7790 -0.5924
vn 0.8365 -0.4502 0.3123
vn 0.8373 -0.4341 0.3324
vn 0.6755 -0.6074 0.4181
vn 0.1217 -0.7890 0.6022
vn -0.1355 -0.8216 0.5537
vn 0.1221 -0.8226 0.5554
vn 0.6776 -0.5840 0.4470
vn -0.1358 -0.7872 0.6016
vn 0.9555 0.2023 -0.2147
vn 0.9548 0.1865 -0.2316
vn 0.8550 0.3629 -0.3705
vn 0.8543 0.3381 -0.3948
vn 0.4406 0.6025 -0.6655
vn 0.2045 0.7001 -0.6841
vn 0.2046 0.6602 -0.7227
vn 0.4405 0.6401 -0.6295
vn 0.9540 0.1691 -0.2474
vn 0.9535 0.1507 -0.2608
vn 0.8523 0.3123 -0.4195
vn 0.8500 0.2844 -0.4434
vn 0.4389 0.5168 -0.7350
vn 0.2050 0.6181 -0.7589
vn 0.2062 0.5673 -0.7973
vn 0.4397 0.5629 -0.6999
vn 0.8368 -0.3664 0.4067
vn 0.6762 -0.4849 0.5547
vn 0.1233 -0.6753 0.7271
vn -0.1292 -0.6299 0.7658
vn 0.8363 -0.3484 0.4234
vn 0.6749 -0.4580 0.5785
vn 0.1264 -0.6342 0.7627
vn -0.1254 -0.5848 0.8015
vn 0.8394 -0.3301 0.4317
vn 0.6762 -0.4341 0.5953
vn 0.1284 -0.5899 0.7972
vn -0.1221 -0.5472 0.8280
vn 0.8573 -0.3085 0.4122
vn 0.6964 -0.4111 0.5882
vn 0.1302 -0.5537 0.8225
vn -0.1188 -0.5256 0.8424
vn 0.9529 0.1433 -0.2674
vn 0.9461 0.1564 -0.2835
vn 0.8462 0.2611 -0.4646
vn 0.8341 0.2585 -0.4872
vn 0.4227 0.4269 -0.7994
vn 0.2055 0.5061 -0.8376
vn 0.1991 0.4553 -0.8678
vn 0.4339 0.4660 -0.7711
vn 0.9189 0.0215 0.3938
vn 0.8100 0.0155 0.5862
vn 0.6698 0.0363 0.7417
vn 0.2987 0.0442 0.9533
vn 0.9804 -0.1436 0.1347
vn 0.7415 -0.3859 0.5489
vn 0.1359 -0.5331 0.8351
vn -0.1159 -0.5176 0.8477
vn 0.7413 -0.3858 0.5492
vn 0.1448 -0.5260 0.8380
vn 0.9321 0.1765 -0.3163
vn 0.6341 0.3494 -0.6899
vn 0.1902 0.4308 -0.8822
vn 0.9546 0.2692 -0.1276
vn 0.8557 0.4365 -0.2781
vn 0.4391 0.7890 -0.4297
vn 0.2042 0.8173 -0.5388
vn 0.9510 0.2911 -0.1041
vn 0.8507 0.4697 -0.2358
vn 0.4286 0.8244 -0.3697
vn 0.2038 0.8594 -0.4690
vn 0.8323 -0.4823 0.2733
vn 0.8354 -0.4657 0.2918
vn 0.6687 -0.6488 0.3632
vn 0.1212 -0.8528 0.5080
vn -0.1357 -0.8776 0.4598
vn 0.1129 -0.8804 0.4607
vn 0.6740 -0.6282 0.3886
vn -0.1346 -0.8525 0.5051
vn 0.8793 -0.4733 0.0528
vn 0.6261 -0.7796 0.0165
vn 0.2670 -0.9634 -0.0226
vn 0.8270 -0.5359 0.1700
vn 0.4302 -0.8772 0.2131
vn -0.0753 -0.9796 0.1863
vn 0.9470 0.3074 -0.0936
vn 0.8422 0.5020 -0.1965
vn 0.4185 0.8431 -0.3378
vn 0.1973 0.8942 -0.4019
vn 0.1892 0.9098 -0.3693
vn 0.8337 0.5215 -0.1816
vn 0.4224 0.8439 -0.3307
vn 0.8276 -0.4962 0.2623
vn 0.0985 -0.8983 0.4282
vn 0.6580 -0.6688 0.3459
vn -0.1426 -0.8934 0.4259
vn -0.7769 -0.4734 0.4151
vn -0.7759 -0.4452 0.4469
vn -0.9124 -0.3056 0.2723
vn -0.9117 -0.2859 0.2952
vn -0.9862 -0.1207 0.1129
vn -0.9860 -0.1095 0.1253
vn -0.7743 -0.4164 0.4765
vn -0.9102 -0.2663 0.3174
vn -0.9855 -0.0996 0.1376
vn -0.5401 0.6693 -0.5103
vn -0.5409 0.6395 -0.5464
vn -0.7534 0.5226 -0.3991
vn -0.7537 0.5007 -0.4257
vn -0.9048 0.3383 -0.2586
vn -0.9051 0.3261 -0.2729
vn -0.5395 0.6985 -0.4701
vn -0.7532 0.5435 -0.3706
vn -0.9056 0.3478 -0.2429
vn -0.7771 -0.5009 0.3810
vn -0.7757 -0.5271 0.3471
vn -0.9124 -0.3261 0.2473
vn -0.9116 -0.3452 0.2231
vn -0.9863 -0.1317 0.0989
vn -0.9861 -0.1425 0.0853
vn -0.5390 0.5796 -0.6112
vn -0.5402 0.6092 -0.5805
vn -0.7523 0.4591 -0.4726
vn -0.7529 0.4799 -0.4503
vn -0.9053 0.3017 -0.2990
vn -0.9051 0.3141 -0.2866
vn -0.5356 0.5088 -0.6740
vn -0.5382 0.5484 -0.6400
vn -0.7506 0.4067 -0.5208
vn -0.7525 0.4359 -0.4937
vn -0.9045 0.2737 -0.3271
vn -0.9050 0.2908 -0.3107
vn -0.7700 -0.3900 0.5049
vn -0.9085 -0.2454 0.3383
vn -0.9849 -0.0863 0.1502
vn -0.7650 -0.3595 0.5343
vn -0.9052 -0.2243 0.3609
vn -0.9838 -0.0748 0.1627
vn -0.7601 -0.3327 0.5582
vn -0.9014 -0.2061 0.3808
vn -0.9819 -0.0669 0.1773
vn -0.7501 -0.3212 0.5780
vn -0.8890 -0.2066 0.4087
vn -0.9740 -0.0780 0.2126
vn -0.5209 0.3936 -0.7575
vn -0.5295 0.4519 -0.7179
vn -0.7456 0.3066 -0.5916
vn -0.7454 0.3615 -0.5601
vn -0.9064 0.1934 -0.3756
vn -0.9033 0.2400 -0.3557
vn -0.4617 -0.0201 0.8868
vn -0.7351 -0.0225 0.6775
vn -0.9212 -0.0216 0.3885
vn -0.7332 -0.3243 0.5977
vn -0.8653 -0.2237 0.4486
vn -0.9551 -0.1112 0.2747
vn -0.5206 0.3612 -0.7737
vn -0.7474 0.2754 -0.6046
vn -0.9119 0.1623 -0.3770
vn -0.5371 0.7330 -0.4174
vn -0.7508 0.5703 -0.3332
vn -0.9047 0.3633 -0.2227
vn -0.5280 0.7653 -0.3681
vn -0.7441 0.5973 -0.2992
vn -0.9017 0.3805 -0.2056
vn -0.7732 -0.5515 0.3132
vn -0.7679 -0.5751 0.2819
vn -0.9096 -0.3649 0.1985
vn -0.9068 -0.3828 0.1766
vn -0.9855 -0.1536 0.0718
vn -0.9845 -0.1648 0.0596
vn -0.5192 -0.8543 -0.0260
vn -0.8200 -0.5698 -0.0543
vn -0.9597 -0.2719 -0.0709
vn -0.7214 -0.6846 0.1047
vn -0.8859 -0.4572 0.0786
vn -0.9775 -0.2106 -0.0083
vn -0.5206 0.7815 -0.3439
vn -0.7367 0.6141 -0.2831
vn -0.8981 0.3928 -0.1978
vn -0.7635 -0.5911 0.2602
vn -0.9023 -0.3992 0.1628
vn -0.9829 -0.1761 0.0528
vn -0.2406 0.5316 -0.8121
vn -0.2407 0.8495 -0.4694
vn -0.1204 -0.2025 -0.9719
vn -0.1204 -0.2022 -0.9719
vn 0.1700 -0.9813 -0.0906
vn -0.2432 0.6519 -0.7183
vn -0.1552 0.9600 0.2330
vn -0.1519 0.9606 0.2327
vn -0.1506 0.9607 0.2332
vn 0.1350 0.1245 0.9830
vn -0.2303 0.5094 -0.8291
vn -0.1473 0.9613 0.2330
vn -0.5021 -0.3045 0.8094
vn -0.4720 -0.2101 0.8562
vn -0.4362 -0.1137 0.8926
vn -0.5945 -0.0891 -0.7992
vn -0.0037 -0.8508 -0.5254
vn 0.7863 0.3818 -0.4858
vn 0.4927 0.5612 -0.6651
vn 0.0687 -0.6431 0.7627
vn 0.5011 0.8036 -0.3212
vn 0.2174 -0.5286 -0.8205
vn 0.4413 0.8304 -0.3403
vn -0.1932 0.3946 -0.8983
vn -0.8724 -0.0880 0.4809
vn 0.2705 -0.7227 0.6360
vn -0.0731 0.8713 0.4852
vn 0.9166 -0.3995 -0.0127
vn -0.4774 -0.0290 -0.8782
vn -0.1878 -0.7072 0.6816
vn -0.4566 -0.4690 0.7560
vn -0.8608 0.2137 0.4620
vn 0.7608 0.2202 -0.6105
vn -0.2565 0.5409 -0.8010
vn -0.6252 -0.7737 -0.1026
vn 0.2930 -0.8576 -0.4227
vn 0.7358 0.5157 -0.4389
vn -0.2467 0.9470 0.2055
vn -0.6505 -0.6702 0.3574
vn -0.0774 -0.9964 -0.0349
vn -0.0655 -0.9165 -0.3947
vn -0.1975 -0.0126 0.9802
vt 0.676839 0.644729
vt 0.676839 0.644666
vt 0.676839 0.644607
vt 0.535864 0.437685
vt 0.534050 0.441630
vt 0.532560 0.439158
vt 0.803955 0.514879
vt 0.804019 0.526801
vt 0.801743 0.515356
vt 0.530835 0.443277
vt 0.529196 0.447590
vt 0.527710 0.445119
vt 0.782168 0.554935
vt 0.784441 0.567632
vt 0.781776 0.567695
vt 0.521891 0.449289
vt 0.517816 0.449012
vt 0.520405 0.446815
vt 0.801079 0.504280
vt 0.799023 0.504785
vt 0.779408 0.507397
vt 0.779396 0.496757
vt 0.781396 0.507168
vt 0.781614 0.529796
vt 0.784558 0.542041
vt 0.782114 0.542181
vt 0.523224 0.444674
vt 0.526224 0.442650
vt 0.526195 0.449618
vt 0.524709 0.447146
vt 0.783626 0.580468
vt 0.780874 0.580467
vt 0.809543 0.589383
vt 0.807382 0.576712
vt 0.810193 0.576479
vt 0.810168 0.563794
vt 0.806896 0.551517
vt 0.809506 0.551170
vt 0.782047 0.594302
vt 0.779215 0.594213
vt 0.778835 0.613582
vt 0.775938 0.613418
vt 0.806132 0.616718
vt 0.805224 0.602828
vt 0.808190 0.602730
vt 0.519301 0.451487
vt 0.515433 0.451282
vt 0.773483 0.642113
vt 0.770527 0.641938
vt 0.767278 0.676461
vt 0.764290 0.676328
vt 0.803238 0.631136
vt 0.803105 0.616722
vt 0.514643 0.456224
vt 0.511112 0.456216
vt 0.513215 0.453666
vt 0.797895 0.494560
vt 0.795997 0.495069
vt 0.794520 0.485313
vt 0.792765 0.485805
vt 0.774155 0.484295
vt 0.769908 0.467530
vt 0.775757 0.483961
vt 0.532322 0.445748
vt 0.791031 0.476156
vt 0.789386 0.476647
vt 0.787340 0.467255
vt 0.785809 0.467843
vt 0.768527 0.467807
vt 0.764811 0.451492
vt 0.541756 0.438631
vt 0.539070 0.442599
vt 0.537467 0.440142
vt 0.801669 0.527211
vt 0.799538 0.515804
vt 0.795861 0.553376
vt 0.804391 0.564418
vt 0.796001 0.566045
vt 0.784730 0.554829
vt 0.787114 0.567548
vt 0.786768 0.580408
vt 0.794428 0.592087
vt 0.785311 0.594323
vt 0.796973 0.505258
vt 0.794099 0.495548
vt 0.783923 0.529626
vt 0.785007 0.517720
vt 0.786239 0.529428
vt 0.787008 0.541876
vt 0.782843 0.517947
vt 0.783394 0.506907
vt 0.805748 0.538972
vt 0.807452 0.564088
vt 0.804295 0.551839
vt 0.804746 0.564359
vt 0.784896 0.594378
vt 0.787467 0.567505
vt 0.795570 0.578762
vt 0.806650 0.589550
vt 0.804583 0.576924
vt 0.803768 0.589697
vt 0.776437 0.642284
vt 0.792067 0.608313
vt 0.782141 0.613612
vt 0.802269 0.602910
vt 0.800213 0.630899
vt 0.800102 0.616711
vt 0.770260 0.676592
vt 0.796705 0.505302
vt 0.792309 0.516915
vt 0.790202 0.506241
vt 0.781209 0.496442
vt 0.777365 0.483604
vt 0.791007 0.486272
vt 0.787747 0.477122
vt 0.787640 0.496147
vt 0.790735 0.486269
vt 0.793839 0.495580
vt 0.771284 0.467229
vt 0.765435 0.451605
vt 0.784320 0.468409
vt 0.780684 0.518143
vt 0.775310 0.457232
vt 0.785669 0.467644
vt 0.774539 0.458217
vt 0.784321 0.468386
vt 0.773752 0.459185
vt 0.785292 0.517694
vt 0.783660 0.506879
vt 0.787299 0.554700
vt 0.786552 0.529397
vt 0.547453 0.436937
vt 0.544138 0.440974
vt 0.529347 0.440807
vt 0.777621 0.483627
vt 0.779207 0.472325
vt 0.784056 0.485085
vt 0.505753 0.468183
vt 0.503761 0.474425
vt 0.505111 0.468099
vt 0.786568 0.654751
vt 0.770451 0.676644
vt 0.784079 0.653561
vt 0.804218 0.576985
vt 0.808238 0.538580
vt 0.799252 0.515854
vt 0.794007 0.528458
vt 0.803265 0.539339
vt 0.553879 0.435154
vt 0.551720 0.439004
vt 0.547054 0.433459
vt 0.543175 0.434866
vt 0.784265 0.468493
vt 0.787453 0.477095
vt 0.771608 0.467430
vt 0.773891 0.459643
vt 0.512149 0.459358
vt 0.509082 0.458963
vt 0.520786 0.453962
vt 0.516917 0.453757
vt 0.786394 0.580450
vt 0.799587 0.616961
vt 0.788246 0.629338
vt 0.523377 0.451763
vt 0.518401 0.456232
vt 0.795196 0.540730
vt 0.787337 0.541841
vt 0.777596 0.497040
vt 0.643460 0.553072
vt 0.675450 0.522769
vt 0.644616 0.553378
vt 0.781477 0.496413
vt 0.509163 0.463485
vt 0.507192 0.461678
vt 0.509165 0.468035
vt 0.505855 0.468080
vt 0.776872 0.641972
vt 0.783994 0.652842
vt 0.770757 0.675542
vt 0.797053 0.630613
vt 0.764829 0.451503
vt 0.764649 0.450839
vt 0.539373 0.436286
vt 0.764883 0.452073
vt 0.801840 0.603043
vt 0.806377 0.526364
vt 0.787640 0.554660
vt 0.803387 0.589774
vt 0.789054 0.655918
vt 0.516068 0.458783
vt 0.781738 0.613738
vt 0.797247 0.630656
vt 0.803951 0.551897
vt 0.802939 0.539396
vt 0.801364 0.527265
vt 0.535540 0.444103
vt 0.513172 0.462501
vt 0.689125 0.463210
vt 0.605553 0.460959
vt 0.707104 0.457047
vt 0.586453 0.527941
vt 0.540595 0.507567
vt 0.586818 0.526888
vt 0.542691 0.507429
vt 0.587185 0.525838
vt 0.626673 0.535333
vt 0.615669 0.502067
vt 0.643339 0.502040
vt 0.644881 0.655468
vt 0.564970 0.618630
vt 0.569248 0.614687
vt 0.674892 0.521551
vt 0.714232 0.490585
vt 0.634385 0.601876
vt 0.641207 0.650126
vt 0.633215 0.602116
vt 0.610174 0.485458
vt 0.659990 0.468778
vt 0.676831 0.644978
vt 0.720926 0.574270
vt 0.673916 0.664693
vt 0.530287 0.543748
vt 0.581304 0.549905
vt 0.532645 0.545285
vt 0.667082 0.585662
vt 0.698918 0.566080
vt 0.686706 0.617470
vt 0.622178 0.560312
vt 0.580946 0.550968
vt 0.721253 0.469503
vt 0.726269 0.576057
vt 0.514568 0.530269
vt 0.560135 0.623006
vt 0.499190 0.516335
vt 0.657055 0.670252
vt 0.715645 0.572606
vt 0.714455 0.490667
vt 0.715985 0.487669
vt 0.656007 0.595474
vt 0.644571 0.553551
vt 0.656933 0.595139
vt 0.630452 0.545132
vt 0.577957 0.536834
vt 0.582343 0.532174
vt 0.604007 0.455769
vt 0.726030 0.450761
vt 0.643181 0.553098
vt 0.672866 0.515916
vt 0.674831 0.521346
vt 0.677124 0.642080
vt 0.714150 0.572481
vt 0.677908 0.398121
vt 0.617999 0.403266
vt 0.645166 0.354058
vt 0.628166 0.554336
vt 0.577897 0.537086
vt 0.631906 0.550518
vt 0.664223 0.508171
vt 0.658644 0.506708
vt 0.651933 0.600024
vt 0.655851 0.595599
vt 0.670632 0.510100
vt 0.726356 0.450998
vt 0.670437 0.509930
vt 0.623942 0.558759
vt 0.623106 0.559610
vt 0.530173 0.543998
vt 0.570396 0.613093
vt 0.569469 0.614424
vt 0.518692 0.511588
vt 0.499322 0.515973
vt 0.642547 0.652364
vt 0.644264 0.654784
vt 0.635557 0.601632
vt 0.642770 0.652236
vt 0.637394 0.551718
vt 0.647451 0.604916
vt 0.632120 0.550457
vt 0.529540 0.543436
vt 0.579863 0.543308
vt 0.581651 0.548653
vt 0.628807 0.539486
vt 0.670517 0.685508
vt 0.712921 0.493247
vt 0.676007 0.523991
vt 0.628644 0.539258
vt 0.628309 0.538111
vt 0.607034 0.465935
vt 0.685975 0.464875
vt 0.607443 0.467332
vt 0.650741 0.447329
vt 0.710649 0.442184
vt 0.538126 0.507425
vt 0.540582 0.507334
vt 0.628821 0.539206
vt 0.657575 0.505942
vt 0.658457 0.506638
vt 0.647197 0.604988
vt 0.641154 0.603285
vt 0.581667 0.548844
vt 0.622978 0.559486
vt 0.670148 0.685599
vt 0.590832 0.452474
vt 0.648883 0.416238
vt 0.631959 0.550301
vt 0.627988 0.537004
vt 0.607848 0.468717
vt 0.542679 0.507210
vt 0.683956 0.466022
vt 0.645683 0.553837
vt 0.657856 0.594802
vt 0.713113 0.493337
vt 0.677254 0.640437
vt 0.712666 0.572352
vt 0.532526 0.545507
vt 0.571321 0.611772
vt 0.622302 0.560431
vt 0.641025 0.650239
vt 0.716283 0.486836
vt 0.715982 0.572667
vt 0.676744 0.644145
vt 0.676880 0.642123
vt 0.677039 0.640445
vt 0.645726 0.553672
vt 0.624059 0.558508
vt 0.621327 0.561177
vt 0.596553 0.586486
vt 0.583817 0.561504
vt 0.584184 0.599122
vt 0.546343 0.561830
vt 0.586330 0.528098
vt 0.537303 0.507591
vt 0.593500 0.518727
vt 0.560358 0.502137
vt 0.628479 0.538061
vt 0.656693 0.505250
vt 0.679300 0.534247
vt 0.711130 0.514690
vt 0.647438 0.553823
vt 0.681775 0.561998
vt 0.635760 0.601660
vt 0.621676 0.598813
vt 0.622025 0.636412
vt 0.534638 0.546655
vt 0.606940 0.465616
vt 0.686100 0.465095
vt 0.688398 0.463755
vt 0.684060 0.466206
vt 0.544038 0.449411
vt 0.542370 0.453432
vt 0.540800 0.450989
vt 0.465580 0.545636
vt 0.467732 0.533572
vt 0.467978 0.545578
vt 0.539155 0.455169
vt 0.537520 0.459580
vt 0.535997 0.457058
vt 0.491477 0.509193
vt 0.490231 0.497753
vt 0.492562 0.497857
vt 0.530039 0.461231
vt 0.525924 0.460842
vt 0.528588 0.458695
vt 0.466320 0.557610
vt 0.468719 0.557519
vt 0.491580 0.557422
vt 0.490734 0.570391
vt 0.489245 0.557543
vt 0.490526 0.533177
vt 0.488441 0.521019
vt 0.490776 0.521043
vt 0.531461 0.456581
vt 0.534493 0.454559
vt 0.534428 0.461643
vt 0.532939 0.459100
vt 0.491720 0.486785
vt 0.494044 0.486935
vt 0.470796 0.477221
vt 0.471280 0.487982
vt 0.468884 0.487870
vt 0.467404 0.498687
vt 0.468712 0.509932
vt 0.466318 0.509889
vt 0.493784 0.475472
vt 0.496087 0.475667
vt 0.497130 0.460783
vt 0.499391 0.461002
vt 0.476197 0.455519
vt 0.475613 0.466697
vt 0.473209 0.466491
vt 0.527347 0.463392
vt 0.523445 0.463041
vt 0.501953 0.440459
vt 0.504234 0.440621
vt 0.506639 0.416232
vt 0.509148 0.415864
vt 0.479854 0.444613
vt 0.478611 0.455806
vt 0.522421 0.467980
vt 0.518849 0.467784
vt 0.521104 0.465335
vt 0.467521 0.569546
vt 0.469922 0.569424
vt 0.469226 0.581815
vt 0.471633 0.581662
vt 0.496276 0.587803
vt 0.499762 0.613723
vt 0.493960 0.588049
vt 0.540711 0.457663
vt 0.471472 0.594736
vt 0.473883 0.594557
vt 0.474055 0.608040
vt 0.476467 0.607851
vt 0.502064 0.613451
vt 0.506855 0.643956
vt 0.549946 0.450114
vt 0.547506 0.454227
vt 0.545755 0.451808
vt 0.470121 0.533552
vt 0.470371 0.545521
vt 0.478908 0.509531
vt 0.472502 0.498827
vt 0.479992 0.498256
vt 0.489143 0.509130
vt 0.487890 0.497649
vt 0.489068 0.486647
vt 0.483488 0.476418
vt 0.491154 0.475294
vt 0.471113 0.557427
vt 0.472319 0.569300
vt 0.488190 0.533197
vt 0.486114 0.545470
vt 0.485848 0.533218
vt 0.486097 0.520997
vt 0.488459 0.545403
vt 0.486900 0.557664
vt 0.468007 0.521606
vt 0.469798 0.498763
vt 0.471100 0.509977
vt 0.472185 0.498840
vt 0.491470 0.475271
vt 0.487573 0.497661
vt 0.481478 0.487379
vt 0.473195 0.477374
vt 0.473667 0.488095
vt 0.475585 0.477530
vt 0.499693 0.440294
vt 0.486446 0.463746
vt 0.494547 0.460632
vt 0.478005 0.466904
vt 0.482118 0.445071
vt 0.480990 0.456086
vt 0.504263 0.417171
vt 0.471429 0.557426
vt 0.478200 0.545496
vt 0.478961 0.557545
vt 0.488389 0.570577
vt 0.491636 0.588296
vt 0.474035 0.581506
vt 0.476292 0.594378
vt 0.480307 0.569931
vt 0.474363 0.581576
vt 0.472637 0.569311
vt 0.497455 0.613996
vt 0.504572 0.644146
vt 0.478881 0.607660
vt 0.490794 0.545335
vt 0.561290 0.445655
vt 0.554835 0.444726
vt 0.561345 0.445044
vt 0.555060 0.444086
vt 0.561399 0.444431
vt 0.485798 0.545474
vt 0.486583 0.557666
vt 0.486800 0.509068
vt 0.485532 0.533223
vt 0.555316 0.448199
vt 0.552480 0.452260
vt 0.537623 0.452703
vt 0.491308 0.588227
vt 0.486905 0.604195
vt 0.482814 0.584877
vt 0.490714 0.428801
vt 0.502779 0.415437
vt 0.492414 0.429895
vt 0.504112 0.417106
vt 0.494118 0.430986
vt 0.473985 0.488080
vt 0.465614 0.521592
vt 0.470687 0.545517
vt 0.477941 0.533389
vt 0.470395 0.521619
vt 0.561179 0.445726
vt 0.559642 0.449565
vt 0.554603 0.445432
vt 0.551103 0.446559
vt 0.479177 0.607566
vt 0.476643 0.594571
vt 0.497100 0.613792
vt 0.491674 0.625661
vt 0.519748 0.470899
vt 0.516650 0.470418
vt 0.528778 0.465970
vt 0.524841 0.465605
vt 0.489385 0.486633
vt 0.481355 0.455902
vt 0.490566 0.448249
vt 0.531498 0.463791
vt 0.526243 0.468199
vt 0.478203 0.521315
vt 0.485782 0.521005
vt 0.493067 0.570206
vt 0.549935 0.459504
vt 0.548250 0.463561
vt 0.546652 0.461107
vt 0.488071 0.570568
vt 0.516570 0.474589
vt 0.514648 0.472992
vt 0.516357 0.478780
vt 0.512967 0.478516
vt 0.499359 0.440490
vt 0.494092 0.431474
vt 0.503850 0.417849
vt 0.484597 0.445630
vt 0.567941 0.445433
vt 0.567999 0.446123
vt 0.547447 0.447933
vt 0.567804 0.444787
vt 0.478339 0.466833
vt 0.465333 0.533592
vt 0.486484 0.509078
vt 0.475906 0.477507
vt 0.523736 0.470652
vt 0.494868 0.460558
vt 0.484333 0.445515
vt 0.471416 0.509966
vt 0.470710 0.521612
vt 0.470436 0.533546
vt 0.543968 0.455903
vt 0.520618 0.474026
vt 0.769734 0.550597
vt 0.767754 0.562480
vt 0.767374 0.550670
vt 0.545033 0.465338
vt 0.543468 0.469782
vt 0.541898 0.467290
vt 0.744795 0.587251
vt 0.746437 0.598664
vt 0.744094 0.598646
vt 0.536032 0.471612
vt 0.531896 0.471344
vt 0.534507 0.469111
vt 0.768985 0.538830
vt 0.766620 0.538913
vt 0.743874 0.538988
vt 0.744737 0.526055
vt 0.746205 0.538865
vt 0.745142 0.563234
vt 0.747487 0.575345
vt 0.745153 0.575381
vt 0.537338 0.466915
vt 0.540339 0.464814
vt 0.540429 0.471908
vt 0.538879 0.469404
vt 0.745369 0.609766
vt 0.743011 0.609703
vt 0.766891 0.618138
vt 0.765723 0.607539
vt 0.768089 0.607519
vt 0.769046 0.596814
vt 0.767359 0.585791
vt 0.769718 0.585759
vt 0.743784 0.621412
vt 0.741408 0.621284
vt 0.741207 0.637090
vt 0.738839 0.636894
vt 0.764337 0.640718
vt 0.763202 0.629154
vt 0.765598 0.629099
vt 0.533402 0.473855
vt 0.529479 0.473631
vt 0.737232 0.659544
vt 0.734874 0.659313
vt 0.732561 0.685748
vt 0.730315 0.685360
vt 0.763128 0.652569
vt 0.761928 0.640797
vt 0.528636 0.478618
vt 0.524959 0.478547
vt 0.527198 0.476014
vt 0.767889 0.527064
vt 0.765513 0.527160
vt 0.766377 0.514901
vt 0.763984 0.515027
vt 0.739538 0.508726
vt 0.737246 0.483386
vt 0.741819 0.508543
vt 0.546622 0.467817
vt 0.764296 0.502072
vt 0.761891 0.502243
vt 0.761596 0.488894
vt 0.759295 0.489263
vt 0.734999 0.483520
vt 0.732620 0.453666
vt 0.555944 0.460238
vt 0.553402 0.464348
vt 0.551664 0.461921
vt 0.765401 0.562538
vt 0.765016 0.550742
vt 0.757298 0.586514
vt 0.764016 0.596884
vt 0.756626 0.597759
vt 0.747130 0.587240
vt 0.748786 0.598680
vt 0.748058 0.609796
vt 0.754248 0.619849
vt 0.746498 0.621499
vt 0.764257 0.538998
vt 0.763141 0.527260
vt 0.747479 0.563174
vt 0.749397 0.550897
vt 0.749817 0.563115
vt 0.749827 0.575309
vt 0.747059 0.550983
vt 0.748543 0.538741
vt 0.767732 0.574268
vt 0.766685 0.596838
vt 0.765002 0.585822
vt 0.764327 0.596859
vt 0.746175 0.621539
vt 0.749103 0.598655
vt 0.755635 0.608681
vt 0.764512 0.618168
vt 0.763357 0.607557
vt 0.762128 0.618196
vt 0.739596 0.659776
vt 0.752226 0.633188
vt 0.743912 0.637196
vt 0.760798 0.629206
vt 0.760716 0.652660
vt 0.759514 0.640875
vt 0.734892 0.686035
vt 0.763945 0.538999
vt 0.757270 0.550818
vt 0.756467 0.538870
vt 0.747072 0.525887
vt 0.744101 0.508354
vt 0.761597 0.515156
vt 0.759514 0.502412
vt 0.755178 0.526581
vt 0.761274 0.515084
vt 0.762827 0.527247
vt 0.739477 0.483243
vt 0.735267 0.453992
vt 0.757041 0.489623
vt 0.744727 0.551070
vt 0.749983 0.469387
vt 0.748215 0.470383
vt 0.746441 0.471376
vt 0.749712 0.550890
vt 0.748858 0.538738
vt 0.749470 0.587227
vt 0.750131 0.563104
vt 0.561596 0.458355
vt 0.558482 0.462452
vt 0.543454 0.462874
vt 0.744419 0.508430
vt 0.749199 0.492867
vt 0.752861 0.511784
vt 0.519434 0.489610
vt 0.517642 0.495204
vt 0.518839 0.489577
vt 0.517069 0.494939
vt 0.518243 0.489543
vt 0.763044 0.607588
vt 0.770091 0.574224
vt 0.764706 0.550748
vt 0.757674 0.562822
vt 0.765376 0.574312
vt 0.567945 0.456285
vt 0.566053 0.460026
vt 0.560936 0.455350
vt 0.557172 0.456627
vt 0.756760 0.489712
vt 0.759172 0.502221
vt 0.739805 0.483461
vt 0.746429 0.471856
vt 0.526075 0.481679
vt 0.522745 0.481253
vt 0.534913 0.476385
vt 0.530969 0.476151
vt 0.747737 0.609824
vt 0.759173 0.641064
vt 0.749482 0.650223
vt 0.537562 0.474130
vt 0.532458 0.478690
vt 0.757663 0.574801
vt 0.750141 0.575293
vt 0.742411 0.526220
vt 0.747387 0.525899
vt 0.523039 0.485558
vt 0.520739 0.483934
vt 0.523013 0.489763
vt 0.519524 0.489536
vt 0.739938 0.659575
vt 0.746657 0.669133
vt 0.735295 0.685455
vt 0.757962 0.652868
vt 0.736902 0.452398
vt 0.738382 0.450839
vt 0.553414 0.458015
vt 0.735418 0.453948
vt 0.760473 0.629301
vt 0.770113 0.562421
vt 0.749786 0.587207
vt 0.761812 0.618241
vt 0.520033 0.484074
vt 0.520667 0.483981
vt 0.530054 0.481237
vt 0.743584 0.637287
vt 0.519405 0.484206
vt 0.764692 0.585842
vt 0.765067 0.574327
vt 0.765091 0.562548
vt 0.549858 0.466028
vt 0.527096 0.484798
vt 0.504394 0.474669
vt 0.504416 0.474663
vt 0.504389 0.474685
vt 0.504422 0.474635
vt 0.504442 0.474637
vt 0.504414 0.474680
vt 0.504436 0.474656
vt 0.504506 0.474559
vt 0.504485 0.474552
vt 0.504515 0.474516
vt 0.764206 0.675892
vt 0.764138 0.675906
vt 0.764173 0.675671
vt 0.504471 0.474602
vt 0.504454 0.474595
vt 0.504455 0.474643
vt 0.764219 0.676247
vt 0.764240 0.676121
vt 0.764286 0.676482
vt 0.764200 0.676336
vt 0.764177 0.676090
vt 0.764167 0.676185
vt 0.787140 0.466874
vt 0.787103 0.466970
vt 0.787043 0.466883
vt 0.787232 0.466890
vt 0.787196 0.466959
vt 0.787177 0.467069
vt 0.787270 0.466958
vt 0.787251 0.467034
vt 0.787460 0.466924
vt 0.787344 0.466987
vt 0.787321 0.466898
vt 0.787430 0.467041
vt 0.787345 0.467054
vt 0.787292 0.467015
vt 0.787259 0.467169
vt 0.787377 0.467178
vt 0.787311 0.467108
vt 0.787402 0.467108
vt 0.764449 0.450974
vt 0.764427 0.450910
vt 0.764469 0.451131
vt 0.764384 0.451082
vt 0.764351 0.450982
vt 0.764368 0.450943
vt 0.764337 0.451030
vt 0.764126 0.451268
vt 0.764267 0.451120
vt 0.764336 0.451203
vt 0.764233 0.451080
vt 0.764299 0.451023
vt 0.560696 0.436831
vt 0.560696 0.436854
vt 0.560659 0.436844
vt 0.764304 0.450972
vt 0.764422 0.450920
vt 0.764271 0.451036
vt 0.764242 0.451099
vt 0.770450 0.676497
vt 0.770524 0.676397
vt 0.770301 0.676702
vt 0.770389 0.676554
vt 0.770509 0.676301
vt 0.770617 0.676110
vt 0.770453 0.676389
vt 0.770376 0.676470
vt 0.770279 0.676668
vt 0.770371 0.676334
vt 0.770464 0.676278
vt 0.770704 0.675813
vt 0.770632 0.675770
vt 0.770571 0.676062
vt 0.770499 0.676048
vt 0.784317 0.468403
vt 0.784298 0.468399
vt 0.784317 0.468415
vt 0.784304 0.468414
vt 0.784280 0.468424
vt 0.784301 0.468431
vt 0.784292 0.468430
vt 0.784324 0.468427
vt 0.784319 0.468419
vt 0.784314 0.468448
vt 0.784314 0.468428
vt 0.784304 0.468439
vt 0.784308 0.468423
vt 0.784268 0.468457
vt 0.784293 0.468470
vt 0.784289 0.468449
vt 0.765032 0.451870
vt 0.765086 0.451996
vt 0.764988 0.451835
vt 0.765055 0.451761
vt 0.765140 0.451836
vt 0.765092 0.451773
vt 0.765067 0.451703
vt 0.765055 0.451711
vt 0.765052 0.451692
vt 0.765091 0.451696
vt 0.765064 0.451719
vt 0.765038 0.451741
vt 0.765097 0.451727
vt 0.765197 0.451731
vt 0.765182 0.451667
vt 0.765226 0.451907
vt 0.643436 0.553112
vt 0.643386 0.553087
vt 0.643419 0.553158
vt 0.643371 0.553115
vt 0.643303 0.553103
vt 0.643363 0.553143
vt 0.643327 0.553135
vt 0.643315 0.553120
vt 0.643357 0.553206
vt 0.643412 0.553206
vt 0.643414 0.553252
vt 0.643309 0.553142
vt 0.643357 0.553173
vt 0.643234 0.553106
vt 0.643271 0.553120
vt 0.643232 0.553116
vt 0.643292 0.553152
vt 0.530181 0.543766
vt 0.530035 0.543674
vt 0.530131 0.543812
vt 0.530004 0.543688
vt 0.529867 0.543632
vt 0.529809 0.543590
vt 0.529962 0.543725
vt 0.530119 0.543882
vt 0.529988 0.543710
vt 0.529652 0.543515
vt 0.529754 0.543563
vt 0.529768 0.543588
vt 0.715765 0.487588
vt 0.715950 0.487408
vt 0.715835 0.487592
vt 0.715888 0.487602
vt 0.716053 0.487278
vt 0.715987 0.487414
vt 0.716218 0.486958
vt 0.716187 0.486998
vt 0.716143 0.487086
vt 0.716073 0.487184
vt 0.715935 0.487624
vt 0.716055 0.487396
vt 0.716023 0.487400
vt 0.716095 0.487205
vt 0.716140 0.487121
vt 0.676817 0.644174
vt 0.676794 0.644392
vt 0.676876 0.644168
vt 0.676832 0.644397
vt 0.676864 0.644388
vt 0.676846 0.644534
vt 0.676841 0.644596
vt 0.677008 0.644065
vt 0.676889 0.644396
vt 0.676934 0.644133
vt 0.676910 0.644394
vt 0.676848 0.644690
vt 0.688406 0.463668
vt 0.688575 0.463591
vt 0.688566 0.463513
vt 0.688686 0.463458
vt 0.688722 0.463445
vt 0.688251 0.463540
vt 0.688573 0.463481
vt 0.688343 0.463567
vt 0.688575 0.463463
vt 0.688835 0.463362
vt 0.688745 0.463423
vt 0.688388 0.463609
vt 0.688976 0.463316
vt 0.689002 0.463274
vt 0.623879 0.558604
vt 0.623850 0.558652
vt 0.623809 0.558630
vt 0.623957 0.558595
vt 0.623907 0.558620
vt 0.623929 0.558640
vt 0.623888 0.558682
vt 0.623954 0.558614
vt 0.623993 0.558610
vt 0.623995 0.558573
vt 0.624025 0.558550
vt 0.624018 0.558542
vt 0.623958 0.558576
vt 0.623919 0.558719
vt 0.623966 0.558689
vt 0.623949 0.558662
vt 0.623973 0.558611
vt 0.644498 0.654667
vt 0.644573 0.654957
vt 0.644464 0.654745
vt 0.644595 0.654933
vt 0.644706 0.655191
vt 0.644662 0.655134
vt 0.644696 0.655201
vt 0.644732 0.655243
vt 0.644785 0.655339
vt 0.644359 0.654796
vt 0.644500 0.654992
vt 0.644420 0.654783
vt 0.644526 0.654985
vt 0.644545 0.654965
vt 0.628810 0.539279
vt 0.628782 0.539231
vt 0.628779 0.539353
vt 0.628782 0.539296
vt 0.628754 0.539305
vt 0.628737 0.539250
vt 0.628764 0.539340
vt 0.628786 0.539436
vt 0.628758 0.539359
vt 0.628781 0.539397
vt 0.628797 0.539432
vt 0.628797 0.539363
vt 0.628690 0.539258
vt 0.628692 0.539314
vt 0.628725 0.539313
vt 0.628749 0.539377
vt 0.538122 0.507676
vt 0.537859 0.507592
vt 0.538068 0.507610
vt 0.537617 0.507585
vt 0.537696 0.507584
vt 0.537880 0.507629
vt 0.538067 0.507496
vt 0.537833 0.507525
vt 0.537855 0.507564
vt 0.537838 0.507542
vt 0.537657 0.507583
vt 0.537574 0.507574
vt 0.537731 0.507577
vt 0.670474 0.685660
vt 0.670425 0.685539
vt 0.670637 0.685648
vt 0.670587 0.685564
vt 0.670334 0.685564
vt 0.670487 0.685761
vt 0.670378 0.685704
vt 0.645164 0.354036
vt 0.645192 0.354051
vt 0.645139 0.354056
vt 0.645144 0.354027
vt 0.645183 0.354023
vt 0.645210 0.354046
vt 0.645163 0.354019
vt 0.670242 0.685583
vt 0.670128 0.685703
vt 0.670274 0.685711
vt 0.670159 0.685781
vt 0.670395 0.685765
vt 0.670316 0.685800
vt 0.726034 0.450685
vt 0.726123 0.450810
vt 0.726074 0.450615
vt 0.726184 0.450711
vt 0.726209 0.450862
vt 0.726241 0.450651
vt 0.726286 0.450750
vt 0.710666 0.442187
vt 0.710637 0.442206
vt 0.710663 0.442160
vt 0.710683 0.442170
vt 0.726159 0.450520
vt 0.726345 0.450604
vt 0.726313 0.450697
vt 0.726287 0.450923
vt 0.726438 0.450983
vt 0.726374 0.450826
vt 0.726517 0.450925
vt 0.726419 0.450727
vt 0.632069 0.550483
vt 0.632087 0.550410
vt 0.632017 0.550501
vt 0.632042 0.550438
vt 0.632049 0.550369
vt 0.631995 0.550426
vt 0.632017 0.550404
vt 0.631909 0.550461
vt 0.631964 0.550513
vt 0.631919 0.550407
vt 0.631962 0.550461
vt 0.632004 0.550456
vt 0.632007 0.550333
vt 0.631935 0.550354
vt 0.631982 0.550380
vt 0.631965 0.550419
vt 0.499086 0.516353
vt 0.499213 0.516240
vt 0.499011 0.516312
vt 0.499090 0.516194
vt 0.499243 0.516150
vt 0.499003 0.516131
vt 0.499120 0.516090
vt 0.590816 0.452480
vt 0.590816 0.452452
vt 0.499088 0.515840
vt 0.499098 0.515988
vt 0.498995 0.516007
vt 0.590798 0.452465
vt 0.590807 0.452431
vt 0.499068 0.516059
vt 0.499178 0.516009
vt 0.499276 0.515911
vt 0.499280 0.516062
vt 0.499207 0.515873
vt 0.712964 0.493312
vt 0.712898 0.493340
vt 0.713000 0.493228
vt 0.713044 0.493231
vt 0.712933 0.493389
vt 0.712871 0.493434
vt 0.713002 0.493308
vt 0.712968 0.493366
vt 0.713021 0.493340
vt 0.713076 0.493261
vt 0.713033 0.493411
vt 0.712966 0.493407
vt 0.712842 0.493528
vt 0.712886 0.493551
vt 0.714266 0.493697
vt 0.712911 0.493461
vt 0.712957 0.493481
vt 0.645762 0.553697
vt 0.645707 0.553712
vt 0.645794 0.553725
vt 0.645742 0.553733
vt 0.645694 0.553752
vt 0.645767 0.553751
vt 0.645730 0.553761
vt 0.645807 0.553811
vt 0.645821 0.553756
vt 0.643709 0.553388
vt 0.645768 0.553825
vt 0.645786 0.553776
vt 0.645758 0.553788
vt 0.645686 0.553793
vt 0.645727 0.553833
vt 0.645727 0.553792
vt 0.645752 0.553767
vt 0.677125 0.640410
vt 0.677106 0.640487
vt 0.677074 0.640361
vt 0.677140 0.640335
vt 0.677154 0.640423
vt 0.677144 0.640493
vt 0.677178 0.640169
vt 0.677130 0.640174
vt 0.678057 0.640603
vt 0.677199 0.640257
vt 0.677158 0.640263
vt 0.677105 0.640269
vt 0.677181 0.640403
vt 0.677223 0.640345
vt 0.677181 0.640480
vt 0.677174 0.640330
vt 0.622216 0.560337
vt 0.622160 0.560353
vt 0.622248 0.560364
vt 0.622196 0.560373
vt 0.622148 0.560393
vt 0.622206 0.560407
vt 0.622184 0.560402
vt 0.622262 0.560451
vt 0.622276 0.560395
vt 0.622222 0.560465
vt 0.622240 0.560416
vt 0.622212 0.560428
vt 0.622221 0.560391
vt 0.622140 0.560434
vt 0.622181 0.560473
vt 0.623592 0.559000
vt 0.622181 0.560432
vt 0.534640 0.546740
vt 0.534580 0.546695
vt 0.534709 0.546716
vt 0.534681 0.546782
vt 0.534604 0.546766
vt 0.534554 0.546730
vt 0.534645 0.546790
vt 0.534303 0.546804
vt 0.534805 0.546831
vt 0.533636 0.547229
vt 0.534701 0.546890
vt 0.534722 0.546831
vt 0.534761 0.546774
vt 0.534659 0.546826
vt 0.534531 0.546845
vt 0.534603 0.546810
vt 0.534626 0.546876
vt 0.534539 0.546771
vt 0.641119 0.650117
vt 0.641136 0.650050
vt 0.641135 0.650209
vt 0.641097 0.650157
vt 0.641069 0.650067
vt 0.641068 0.649987
vt 0.641065 0.650109
vt 0.641052 0.650157
vt 0.641096 0.650226
vt 0.640987 0.650135
vt 0.641026 0.650091
vt 0.641002 0.649930
vt 0.640943 0.649964
vt 0.640323 0.650780
vt 0.641012 0.650018
vt 0.640962 0.650048
vt 0.683985 0.466176
vt 0.684054 0.466139
vt 0.683968 0.466242
vt 0.683922 0.466199
vt 0.683985 0.466132
vt 0.683937 0.466161
vt 0.683768 0.466232
vt 0.683805 0.466288
vt 0.683980 0.465251
vt 0.683819 0.466165
vt 0.683853 0.466216
vt 0.683885 0.466267
vt 0.683896 0.466158
vt 0.683945 0.466110
vt 0.683877 0.466097
vt 0.684013 0.466066
vt 0.628113 0.536977
vt 0.628126 0.536921
vt 0.628153 0.536956
vt 0.628073 0.536991
vt 0.628091 0.536942
vt 0.628098 0.536890
vt 0.628056 0.536933
vt 0.628072 0.536918
vt 0.627991 0.536960
vt 0.628032 0.537000
vt 0.627998 0.536919
vt 0.628032 0.536959
vt 0.628035 0.536928
vt 0.628063 0.536955
vt 0.628065 0.536864
vt 0.628011 0.536880
vt 0.628550 0.538654
vt 0.628047 0.536900
vt 0.542718 0.507350
vt 0.542768 0.507398
vt 0.542650 0.507362
vt 0.542640 0.507326
vt 0.542784 0.507340
vt 0.542849 0.507372
vt 0.542702 0.507324
vt 0.542753 0.507323
vt 0.542717 0.507296
vt 0.542645 0.507288
vt 0.542768 0.507246
vt 0.542784 0.507306
vt 0.542935 0.507349
vt 0.542936 0.507303
vt 0.542165 0.506525
vt 0.542848 0.507324
vt 0.542851 0.507277
vt 0.511243 0.484253
vt 0.511269 0.484247
vt 0.511239 0.484274
vt 0.511275 0.484217
vt 0.511297 0.484222
vt 0.511268 0.484266
vt 0.511291 0.484242
vt 0.511361 0.484154
vt 0.511342 0.484144
vt 0.511372 0.484116
vt 0.511342 0.484197
vt 0.511327 0.484191
vt 0.511309 0.484180
vt 0.511311 0.484230
vt 0.509198 0.415909
vt 0.509188 0.416005
vt 0.511255 0.484288
vt 0.511287 0.484262
vt 0.511319 0.484246
vt 0.567987 0.446143
vt 0.567958 0.446141
vt 0.568025 0.446129
vt 0.568003 0.446147
vt 0.567955 0.446162
vt 0.567912 0.446159
vt 0.567975 0.446162
vt 0.509152 0.643685
vt 0.509198 0.643630
vt 0.509155 0.643740
vt 0.567971 0.446189
vt 0.567958 0.446177
vt 0.567995 0.446163
vt 0.568025 0.446139
vt 0.567866 0.446177
vt 0.567868 0.446198
vt 0.567828 0.446195
vt 0.567915 0.446178
vt 0.567916 0.446194
vt 0.504100 0.417237
vt 0.504032 0.417309
vt 0.504223 0.417081
vt 0.504149 0.417199
vt 0.504044 0.417378
vt 0.503962 0.417498
vt 0.504091 0.417319
vt 0.504158 0.417263
vt 0.504242 0.417107
vt 0.504155 0.417368
vt 0.504079 0.417397
vt 0.503894 0.417684
vt 0.503943 0.417714
vt 0.503995 0.417532
vt 0.504047 0.417547
vt 0.567783 0.444767
vt 0.567820 0.444786
vt 0.567756 0.444766
vt 0.567743 0.444750
vt 0.567800 0.444767
vt 0.567766 0.444753
vt 0.504209 0.643599
vt 0.504154 0.643634
vt 0.504103 0.643449
vt 0.504331 0.643790
vt 0.504271 0.643809
vt 0.504234 0.643849
vt 0.504377 0.643960
vt 0.504340 0.643986
vt 0.504475 0.644086
vt 0.504458 0.643984
vt 0.504567 0.644226
vt 0.504481 0.644150
vt 0.504403 0.644042
vt 0.518235 0.495431
vt 0.518256 0.495430
vt 0.518231 0.495446
vt 0.518261 0.495406
vt 0.518279 0.495411
vt 0.518254 0.495446
vt 0.518274 0.495427
vt 0.518335 0.495354
vt 0.518316 0.495345
vt 0.518342 0.495320
vt 0.730234 0.685087
vt 0.730177 0.685100
vt 0.730199 0.684945
vt 0.518305 0.495386
vt 0.518288 0.495376
vt 0.518291 0.495419
vt 0.730260 0.685322
vt 0.730270 0.685233
vt 0.730309 0.685443
vt 0.730252 0.685378
vt 0.730216 0.685223
vt 0.730215 0.685290
vt 0.520672 0.483959
vt 0.520687 0.483972
vt 0.520678 0.483933
vt 0.520691 0.483951
vt 0.520703 0.483959
vt 0.520707 0.483932
vt 0.520706 0.483943
vt 0.520715 0.483894
vt 0.520688 0.483907
vt 0.520697 0.483883
vt 0.520723 0.483907
vt 0.520704 0.483914
vt 0.520697 0.483932
vt 0.520715 0.483921
vt 0.520718 0.483932
vt 0.520730 0.483919
vt 0.520720 0.483946
vt 0.575173 0.457181
vt 0.575160 0.457201
vt 0.575132 0.457197
vt 0.575198 0.457186
vt 0.575178 0.457206
vt 0.575128 0.457218
vt 0.575084 0.457214
vt 0.575148 0.457219
vt 0.730277 0.453836
vt 0.730228 0.453885
vt 0.730279 0.453783
vt 0.730235 0.453977
vt 0.730188 0.453995
vt 0.730222 0.453826
vt 0.730278 0.453755
vt 0.730187 0.453924
vt 0.575035 0.457231
vt 0.575037 0.457254
vt 0.574993 0.457248
vt 0.575087 0.457234
vt 0.575088 0.457251
vt 0.575130 0.457232
vt 0.517054 0.494920
vt 0.517060 0.494896
vt 0.517061 0.494960
vt 0.517049 0.494934
vt 0.517046 0.494885
vt 0.517052 0.494846
vt 0.517043 0.494904
vt 0.734979 0.685994
vt 0.734890 0.686092
vt 0.734991 0.685899
vt 0.735064 0.685889
vt 0.517053 0.494960
vt 0.517034 0.494929
vt 0.735044 0.685960
vt 0.734978 0.686053
vt 0.735263 0.685618
vt 0.735201 0.685583
vt 0.517037 0.494844
vt 0.517045 0.494795
vt 0.735155 0.685764
vt 0.735097 0.685741
vt 0.517034 0.494886
vt 0.519386 0.484198
vt 0.519406 0.484184
vt 0.519365 0.484187
vt 0.519387 0.484179
vt 0.519406 0.484158
vt 0.519377 0.484162
vt 0.519389 0.484161
vt 0.758041 0.652841
vt 0.758015 0.652925
vt 0.758135 0.652871
vt 0.758075 0.652898
vt 0.519357 0.484163
vt 0.519344 0.484176
vt 0.519371 0.484173
vt 0.519408 0.484132
vt 0.519389 0.484120
vt 0.519409 0.484109
vt 0.519388 0.484141
vt 0.758203 0.652853
vt 0.758131 0.652810
vt 0.758221 0.652779
vt 0.519371 0.484151
vt 0.735423 0.454075
vt 0.735353 0.453904
vt 0.735484 0.454152
vt 0.735470 0.454219
vt 0.735377 0.454031
vt 0.735427 0.454157
vt 0.735554 0.454566
vt 0.735605 0.454538
vt 0.735642 0.454709
vt 0.735459 0.454389
vt 0.735512 0.454377
vt 0.735546 0.454345
vt 0.735434 0.454236
vt 0.735364 0.454096
vt 0.735362 0.454201
vt 0.735314 0.453891
vt 0.523214 0.444658
vt 0.526214 0.442633
vt 0.806545 0.526335
vt 0.808360 0.538564
vt 0.806492 0.526343
vt 0.808304 0.538570
vt 0.806439 0.526352
vt 0.520395 0.446799
vt 0.808416 0.538561
vt 0.809633 0.551160
vt 0.809575 0.551163
vt 0.529206 0.447607
vt 0.780519 0.518162
vt 0.781494 0.529803
vt 0.781437 0.529806
vt 0.780572 0.518155
vt 0.781550 0.529800
vt 0.532333 0.445765
vt 0.779257 0.507424
vt 0.779305 0.507413
vt 0.780625 0.518149
vt 0.532550 0.439142
vt 0.804111 0.514840
vt 0.801177 0.504251
vt 0.801222 0.504235
vt 0.804062 0.514853
vt 0.801133 0.504266
vt 0.529337 0.440790
vt 0.804013 0.514865
vt 0.526205 0.449635
vt 0.523387 0.451780
vt 0.781972 0.554924
vt 0.781987 0.542183
vt 0.782035 0.554932
vt 0.782047 0.542183
vt 0.782098 0.554936
vt 0.781927 0.542181
vt 0.780592 0.580404
vt 0.781574 0.567673
vt 0.780666 0.580431
vt 0.781638 0.567686
vt 0.780732 0.580451
vt 0.781703 0.567693
vt 0.780798 0.580463
vt 0.520796 0.453979
vt 0.517806 0.448995
vt 0.809693 0.551162
vt 0.810301 0.563790
vt 0.810240 0.563788
vt 0.515423 0.451265
vt 0.810363 0.563797
vt 0.810331 0.576482
vt 0.810268 0.576476
vt 0.513205 0.453648
vt 0.810394 0.576496
vt 0.809684 0.589395
vt 0.809620 0.589383
vt 0.511105 0.456195
vt 0.809747 0.589418
vt 0.808332 0.602764
vt 0.808269 0.602736
vt 0.775666 0.613242
vt 0.779005 0.594154
vt 0.775733 0.613311
vt 0.779070 0.594185
vt 0.775793 0.613366
vt 0.779137 0.594204
vt 0.775859 0.613403
vt 0.778933 0.594114
vt 0.507173 0.461675
vt 0.505826 0.468120
vt 0.507157 0.461674
vt 0.505799 0.468154
vt 0.507141 0.461676
vt 0.789149 0.655921
vt 0.803321 0.631138
vt 0.505774 0.468177
vt 0.509082 0.458932
vt 0.808391 0.602810
vt 0.806267 0.616796
vt 0.806210 0.616738
vt 0.509081 0.458908
vt 0.764126 0.675488
vt 0.770334 0.641741
vt 0.770387 0.641844
vt 0.770449 0.641912
vt 0.770278 0.641617
vt 0.535550 0.444120
vt 0.777463 0.497080
vt 0.777504 0.497063
vt 0.779353 0.507404
vt 0.539081 0.442616
vt 0.774046 0.484362
vt 0.774078 0.484331
vt 0.777547 0.497050
vt 0.539358 0.436271
vt 0.798024 0.494508
vt 0.794599 0.485273
vt 0.794631 0.485242
vt 0.797984 0.494528
vt 0.794565 0.485296
vt 0.535853 0.437669
vt 0.797944 0.494545
vt 0.553919 0.435143
vt 0.775402 0.457198
vt 0.775345 0.457207
vt 0.547071 0.433443
vt 0.775475 0.457200
vt 0.544154 0.440989
vt 0.768444 0.467901
vt 0.768465 0.467855
vt 0.774112 0.484309
vt 0.768491 0.467823
vt 0.551747 0.439016
vt 0.547040 0.433444
vt 0.791120 0.476051
vt 0.791098 0.476099
vt 0.791071 0.476134
vt 0.543151 0.434855
vt 0.801597 0.527223
vt 0.803188 0.539351
vt 0.801517 0.527238
vt 0.803103 0.539366
vt 0.801437 0.527252
vt 0.803017 0.539382
vt 0.804213 0.551850
vt 0.804123 0.551865
vt 0.804033 0.551881
vt 0.785074 0.517713
vt 0.786313 0.529422
vt 0.785148 0.517706
vt 0.786394 0.529414
vt 0.785223 0.517699
vt 0.786476 0.529405
vt 0.783457 0.506898
vt 0.783526 0.506891
vt 0.783595 0.506884
vt 0.799471 0.515816
vt 0.796910 0.505270
vt 0.799396 0.515830
vt 0.796840 0.505282
vt 0.799321 0.515843
vt 0.796770 0.505293
vt 0.787380 0.554694
vt 0.787086 0.541870
vt 0.787468 0.554684
vt 0.787172 0.541861
vt 0.787558 0.554672
vt 0.787257 0.541850
vt 0.786483 0.580446
vt 0.787198 0.567542
vt 0.786580 0.580436
vt 0.787290 0.567532
vt 0.786678 0.580423
vt 0.787382 0.567519
vt 0.804661 0.564369
vt 0.804568 0.564384
vt 0.804476 0.564401
vt 0.804496 0.576933
vt 0.804401 0.576948
vt 0.804305 0.576967
vt 0.803678 0.589707
vt 0.803578 0.589725
vt 0.803479 0.589749
vt 0.802168 0.602921
vt 0.802057 0.602952
vt 0.801944 0.602995
vt 0.781832 0.613732
vt 0.784994 0.594375
vt 0.781936 0.613705
vt 0.785102 0.594363
vt 0.782041 0.613662
vt 0.785210 0.594344
vt 0.784005 0.653475
vt 0.797197 0.630661
vt 0.783973 0.653314
vt 0.797142 0.630654
vt 0.783973 0.653094
vt 0.797091 0.630637
vt 0.799984 0.616724
vt 0.799851 0.616778
vt 0.799715 0.616862
vt 0.776534 0.642262
vt 0.776645 0.642194
vt 0.776761 0.642092
vt 0.781273 0.496431
vt 0.781342 0.496423
vt 0.781412 0.496417
vt 0.777423 0.483599
vt 0.777489 0.483603
vt 0.777557 0.483613
vt 0.794038 0.495558
vt 0.790945 0.486281
vt 0.793970 0.495568
vt 0.790875 0.486282
vt 0.793902 0.495575
vt 0.790803 0.486278
vt 0.773759 0.459273
vt 0.773788 0.459383
vt 0.773834 0.459508
vt 0.771354 0.467257
vt 0.771436 0.467303
vt 0.771522 0.467362
vt 0.787683 0.477136
vt 0.787609 0.477134
vt 0.787529 0.477118
vt 0.785780 0.467794
vt 0.785743 0.467740
vt 0.785704 0.467688
vt 0.764816 0.451489
vt 0.765334 0.451789
vt 0.764818 0.451493
vt 0.764820 0.451498
vt 0.764290 0.676425
vt 0.503759 0.474442
vt 0.767268 0.676532
vt 0.503106 0.474190
vt 0.670599 0.510040
vt 0.670556 0.509992
vt 0.670501 0.509956
vt 0.577886 0.537016
vt 0.577916 0.536891
vt 0.577892 0.536951
vt 0.590845 0.452493
vt 0.603896 0.455401
vt 0.603970 0.455648
vt 0.650742 0.447349
vt 0.603933 0.455523
vt 0.647269 0.604998
vt 0.647335 0.604989
vt 0.647395 0.604962
vt 0.677929 0.398107
vt 0.710670 0.442138
vt 0.726392 0.576101
vt 0.677942 0.398095
vt 0.726517 0.576145
vt 0.617977 0.403255
vt 0.645120 0.354055
vt 0.617963 0.403244
vt 0.645111 0.354055
vt 0.560036 0.623092
vt 0.590807 0.452414
vt 0.617959 0.403234
vt 0.674874 0.521502
vt 0.715896 0.487409
vt 0.674860 0.521450
vt 0.674846 0.521398
vt 0.676826 0.644816
vt 0.655888 0.595558
vt 0.655924 0.595523
vt 0.655964 0.595495
vt 0.715897 0.572642
vt 0.715814 0.572625
vt 0.715731 0.572614
vt 0.676843 0.644831
vt 0.581677 0.548798
vt 0.581676 0.548752
vt 0.581667 0.548704
vt 0.529684 0.543508
vt 0.635605 0.601628
vt 0.635655 0.601632
vt 0.635706 0.601644
vt 0.644798 0.655326
vt 0.569313 0.614624
vt 0.569369 0.614561
vt 0.569419 0.614494
vt 0.529948 0.543739
vt 0.658591 0.506696
vt 0.658542 0.506682
vt 0.688774 0.463417
vt 0.658497 0.506664
vt 0.586370 0.528060
vt 0.586404 0.528023
vt 0.586432 0.527983
vt 0.537467 0.507596
vt 0.537440 0.507579
vt 0.606965 0.465699
vt 0.606988 0.465779
vt 0.607011 0.465855
vt 0.676047 0.524138
vt 0.676036 0.524086
vt 0.676023 0.524037
vt 0.676891 0.527041
vt 0.657897 0.594782
vt 0.657937 0.594755
vt 0.657974 0.594723
vt 0.660083 0.593052
vt 0.712585 0.572345
vt 0.712504 0.572335
vt 0.712425 0.572323
vt 0.709965 0.571026
vt 0.581444 0.554243
vt 0.580942 0.551103
vt 0.580935 0.551057
vt 0.580936 0.551012
vt 0.633073 0.602110
vt 0.633122 0.602119
vt 0.633169 0.602121
vt 0.630320 0.601382
vt 0.571368 0.611704
vt 0.571416 0.611638
vt 0.573758 0.609774
vt 0.584148 0.599161
vt 0.656654 0.505225
vt 0.656611 0.505207
vt 0.656563 0.505193
vt 0.653664 0.503985
vt 0.587204 0.525796
vt 0.587231 0.525758
vt 0.587263 0.525721
vt 0.588793 0.523142
vt 0.607870 0.468792
vt 0.607892 0.468868
vt 0.607914 0.468944
vt 0.609142 0.472417
vt 0.644605 0.553421
vt 0.644593 0.553464
vt 0.644582 0.553508
vt 0.677050 0.642098
vt 0.676951 0.642124
vt 0.676999 0.642114
vt 0.532625 0.545360
vt 0.532607 0.545410
vt 0.532577 0.545454
vt 0.642708 0.652279
vt 0.641168 0.650182
vt 0.642616 0.652328
vt 0.642664 0.652304
vt 0.628352 0.538098
vt 0.628394 0.538086
vt 0.628437 0.538073
vt 0.686037 0.464983
vt 0.684039 0.466100
vt 0.686012 0.464939
vt 0.686063 0.465029
vt 0.714310 0.490583
vt 0.714405 0.490615
vt 0.714362 0.490590
vt 0.623074 0.559579
vt 0.623042 0.559548
vt 0.623010 0.559517
vt 0.540586 0.507402
vt 0.538052 0.507553
vt 0.540591 0.507497
vt 0.540588 0.507449
vt 0.531451 0.456565
vt 0.534483 0.454543
vt 0.531443 0.456551
vt 0.534475 0.454529
vt 0.531434 0.456537
vt 0.534466 0.454515
vt 0.465551 0.521590
vt 0.465270 0.533591
vt 0.528578 0.458678
vt 0.528570 0.458664
vt 0.528560 0.458651
vt 0.466255 0.509886
vt 0.537530 0.459598
vt 0.540722 0.457680
vt 0.537539 0.459613
vt 0.540731 0.457695
vt 0.537548 0.459627
vt 0.490591 0.533177
vt 0.543979 0.455920
vt 0.543988 0.455935
vt 0.540740 0.457710
vt 0.490858 0.545333
vt 0.540790 0.450972
vt 0.537613 0.452686
vt 0.540781 0.450958
vt 0.537604 0.452673
vt 0.540773 0.450944
vt 0.537587 0.452642
vt 0.540765 0.450927
vt 0.537596 0.452658
vt 0.534457 0.454498
vt 0.534438 0.461660
vt 0.531508 0.463809
vt 0.534447 0.461675
vt 0.531517 0.463824
vt 0.534457 0.461690
vt 0.531527 0.463838
vt 0.490840 0.521044
vt 0.491541 0.509196
vt 0.528788 0.465988
vt 0.526253 0.468217
vt 0.528797 0.466003
vt 0.526262 0.468232
vt 0.528807 0.466017
vt 0.526273 0.468246
vt 0.492627 0.497862
vt 0.494108 0.486942
vt 0.525914 0.460825
vt 0.525906 0.460810
vt 0.525896 0.460798
vt 0.467341 0.498683
vt 0.523435 0.463023
vt 0.523427 0.463009
vt 0.523416 0.462997
vt 0.468821 0.487864
vt 0.521095 0.465317
vt 0.521087 0.465303
vt 0.521076 0.465290
vt 0.470733 0.477213
vt 0.518843 0.467763
vt 0.518836 0.467745
vt 0.518827 0.467731
vt 0.473146 0.466478
vt 0.523745 0.470670
vt 0.520624 0.474048
vt 0.523753 0.470686
vt 0.520630 0.474066
vt 0.523764 0.470700
vt 0.520639 0.474081
vt 0.496150 0.475677
vt 0.499453 0.461015
vt 0.514630 0.472987
vt 0.512936 0.478550
vt 0.514613 0.472984
vt 0.512906 0.478579
vt 0.514596 0.472982
vt 0.490645 0.428789
vt 0.479790 0.444603
vt 0.512881 0.478597
vt 0.512859 0.478600
vt 0.516651 0.470388
vt 0.516651 0.470364
vt 0.516645 0.470345
vt 0.476137 0.455496
vt 0.516354 0.478810
vt 0.516354 0.478835
vt 0.516358 0.478854
vt 0.504295 0.440641
vt 0.547518 0.454243
vt 0.547528 0.454258
vt 0.543997 0.455950
vt 0.491644 0.557418
vt 0.552497 0.452273
vt 0.552511 0.452286
vt 0.547536 0.454273
vt 0.493131 0.570198
vt 0.547430 0.447919
vt 0.544027 0.449395
vt 0.547417 0.447907
vt 0.544017 0.449382
vt 0.547407 0.447894
vt 0.544002 0.449350
vt 0.547400 0.447876
vt 0.544010 0.449367
vt 0.561220 0.445709
vt 0.561256 0.445691
vt 0.561280 0.445674
vt 0.554603 0.445414
vt 0.554604 0.445398
vt 0.554606 0.445382
vt 0.554607 0.445364
vt 0.559671 0.449573
vt 0.559695 0.449581
vt 0.552522 0.452300
vt 0.502124 0.613427
vt 0.496339 0.587789
vt 0.559712 0.449591
vt 0.509183 0.643535
vt 0.551077 0.446549
vt 0.551055 0.446540
vt 0.551031 0.446512
vt 0.551040 0.446529
vt 0.470196 0.533551
vt 0.470470 0.521619
vt 0.470278 0.533549
vt 0.470552 0.521617
vt 0.470361 0.533548
vt 0.470635 0.521615
vt 0.471175 0.509977
vt 0.471257 0.509974
vt 0.471340 0.509971
vt 0.486039 0.545471
vt 0.485773 0.533219
vt 0.485957 0.545473
vt 0.485691 0.533220
vt 0.485875 0.545473
vt 0.485609 0.533222
vt 0.486825 0.557666
vt 0.486743 0.557667
vt 0.486660 0.557667
vt 0.470446 0.545519
vt 0.471188 0.557425
vt 0.470529 0.545518
vt 0.471270 0.557425
vt 0.470611 0.545517
vt 0.471353 0.557425
vt 0.486725 0.509067
vt 0.486022 0.520997
vt 0.486643 0.509069
vt 0.485941 0.520999
vt 0.486561 0.509073
vt 0.485858 0.521002
vt 0.489310 0.486631
vt 0.487815 0.497648
vt 0.489228 0.486634
vt 0.487733 0.497651
vt 0.489145 0.486640
vt 0.487650 0.497655
vt 0.472260 0.498840
vt 0.472343 0.498837
vt 0.472426 0.498833
vt 0.473742 0.488096
vt 0.473825 0.488093
vt 0.473909 0.488087
vt 0.475661 0.477531
vt 0.475744 0.477527
vt 0.475829 0.477518
vt 0.478082 0.466903
vt 0.478168 0.466888
vt 0.478257 0.466863
vt 0.494794 0.460560
vt 0.491396 0.475269
vt 0.494712 0.460575
vt 0.491314 0.475273
vt 0.494627 0.460601
vt 0.491231 0.475283
vt 0.494153 0.431047
vt 0.484402 0.445533
vt 0.494155 0.431157
vt 0.484472 0.445559
vt 0.494131 0.431306
vt 0.484539 0.445592
vt 0.481069 0.456077
vt 0.481162 0.456038
vt 0.481261 0.455976
vt 0.499619 0.440306
vt 0.499534 0.440348
vt 0.499444 0.440414
vt 0.488314 0.570580
vt 0.488231 0.570579
vt 0.488148 0.570574
vt 0.491560 0.588296
vt 0.491475 0.588282
vt 0.491389 0.588257
vt 0.472394 0.569299
vt 0.474111 0.581509
vt 0.472477 0.569301
vt 0.474196 0.581523
vt 0.472560 0.569305
vt 0.474283 0.581547
vt 0.561391 0.444412
vt 0.567696 0.444746
vt 0.491736 0.625993
vt 0.491713 0.625838
vt 0.555066 0.444066
vt 0.561366 0.444390
vt 0.479034 0.607629
vt 0.479110 0.607599
vt 0.497378 0.613986
vt 0.497287 0.613943
vt 0.497192 0.613874
vt 0.476370 0.594389
vt 0.478956 0.607649
vt 0.476461 0.594430
vt 0.476555 0.594494
vt 0.506865 0.644010
vt 0.504573 0.644200
vt 0.509151 0.643768
vt 0.567958 0.445435
vt 0.509143 0.415805
vt 0.506619 0.416141
vt 0.509130 0.415775
vt 0.510380 0.484006
vt 0.506629 0.416169
vt 0.509513 0.483736
vt 0.510380 0.483984
vt 0.537327 0.466899
vt 0.540328 0.464798
vt 0.537318 0.466885
vt 0.540320 0.464784
vt 0.537309 0.466872
vt 0.540311 0.464770
vt 0.770153 0.574223
vt 0.770175 0.562420
vt 0.534497 0.469095
vt 0.534488 0.469081
vt 0.534478 0.469068
vt 0.769780 0.585759
vt 0.543479 0.469799
vt 0.744549 0.551081
vt 0.745021 0.563236
vt 0.744964 0.563236
vt 0.744606 0.551076
vt 0.745078 0.563236
vt 0.546633 0.467834
vt 0.743698 0.539009
vt 0.743754 0.538999
vt 0.744663 0.551073
vt 0.546642 0.461090
vt 0.543444 0.462858
vt 0.546633 0.461077
vt 0.543435 0.462844
vt 0.546625 0.461062
vt 0.769047 0.538827
vt 0.543427 0.462830
vt 0.769796 0.550595
vt 0.540440 0.471926
vt 0.537573 0.474148
vt 0.744617 0.587236
vt 0.745033 0.575379
vt 0.744674 0.587245
vt 0.745089 0.575381
vt 0.744730 0.587250
vt 0.744975 0.575375
vt 0.534923 0.476402
vt 0.532469 0.478708
vt 0.742835 0.609668
vt 0.743973 0.598635
vt 0.742890 0.609686
vt 0.744030 0.598643
vt 0.742947 0.609698
vt 0.743917 0.598621
vt 0.531886 0.471327
vt 0.531877 0.471314
vt 0.531866 0.471301
vt 0.769108 0.596816
vt 0.529468 0.473614
vt 0.529459 0.473600
vt 0.529449 0.473588
vt 0.768150 0.607521
vt 0.527189 0.475997
vt 0.527180 0.475983
vt 0.527169 0.475971
vt 0.766953 0.618141
vt 0.524952 0.478526
vt 0.524945 0.478510
vt 0.524936 0.478497
vt 0.765660 0.629104
vt 0.530063 0.481255
vt 0.527102 0.484819
vt 0.738671 0.636806
vt 0.741288 0.621258
vt 0.738721 0.636850
vt 0.741344 0.621275
vt 0.738775 0.636880
vt 0.741234 0.621232
vt 0.519499 0.489564
vt 0.519476 0.489589
vt 0.519454 0.489605
vt 0.522743 0.481227
vt 0.522741 0.481207
vt 0.522735 0.481191
vt 0.764398 0.640728
vt 0.523012 0.489791
vt 0.734760 0.659240
vt 0.734811 0.659291
vt 0.734715 0.659166
vt 0.549869 0.466044
vt 0.742237 0.526258
vt 0.742292 0.526240
vt 0.743810 0.538992
vt 0.553414 0.464365
vt 0.739375 0.508801
vt 0.739424 0.508763
vt 0.742347 0.526227
vt 0.553398 0.458001
vt 0.549924 0.459488
vt 0.553384 0.457988
vt 0.549915 0.459474
vt 0.553374 0.457975
vt 0.766440 0.514891
vt 0.549907 0.459460
vt 0.767951 0.527059
vt 0.567990 0.456270
vt 0.568029 0.456255
vt 0.568056 0.456238
vt 0.568068 0.456219
vt 0.560937 0.455331
vt 0.560939 0.455314
vt 0.560944 0.455297
vt 0.750054 0.469379
vt 0.558499 0.462467
vt 0.734850 0.483661
vt 0.734892 0.483588
vt 0.739476 0.508738
vt 0.734939 0.483540
vt 0.566083 0.460036
vt 0.730177 0.454299
vt 0.730206 0.454142
vt 0.557144 0.456617
vt 0.764403 0.502007
vt 0.761660 0.488885
vt 0.761716 0.488893
vt 0.557122 0.456608
vt 0.766490 0.514868
vt 0.764357 0.502053
vt 0.765327 0.562540
vt 0.765303 0.574314
vt 0.765246 0.562543
vt 0.765222 0.574318
vt 0.765165 0.562546
vt 0.765141 0.574322
vt 0.764928 0.585825
vt 0.764847 0.585830
vt 0.764766 0.585836
vt 0.749472 0.550894
vt 0.749891 0.563113
vt 0.749553 0.550893
vt 0.749973 0.563110
vt 0.749635 0.550891
vt 0.750055 0.563107
vt 0.748618 0.538738
vt 0.748699 0.538737
vt 0.748782 0.538737
vt 0.764943 0.550744
vt 0.764183 0.539000
vt 0.764862 0.550746
vt 0.764102 0.539001
vt 0.764780 0.550747
vt 0.764020 0.539000
vt 0.749545 0.587225
vt 0.749901 0.575307
vt 0.749627 0.587221
vt 0.749983 0.575303
vt 0.749709 0.587214
vt 0.750065 0.575298
vt 0.747813 0.609823
vt 0.748861 0.598678
vt 0.747896 0.609816
vt 0.748943 0.598672
vt 0.747980 0.609807
vt 0.749026 0.598664
vt 0.764253 0.596862
vt 0.764172 0.596868
vt 0.764090 0.596876
vt 0.763282 0.607560
vt 0.763201 0.607567
vt 0.763119 0.607577
vt 0.762053 0.618201
vt 0.761971 0.618211
vt 0.761888 0.618226
vt 0.760722 0.629215
vt 0.760637 0.629236
vt 0.760552 0.629267
vt 0.743661 0.637284
vt 0.746251 0.621538
vt 0.743745 0.637265
vt 0.746335 0.621529
vt 0.743832 0.637234
vt 0.746420 0.621516
vt 0.518225 0.489535
vt 0.518209 0.489512
vt 0.518195 0.489478
vt 0.746639 0.669286
vt 0.759436 0.640891
vt 0.759347 0.640933
vt 0.759256 0.640994
vt 0.758301 0.652753
vt 0.739674 0.659766
vt 0.739761 0.659723
vt 0.739851 0.659655
vt 0.747146 0.525885
vt 0.747228 0.525887
vt 0.747310 0.525892
vt 0.744174 0.508356
vt 0.744257 0.508372
vt 0.744340 0.508399
vt 0.763066 0.527261
vt 0.761522 0.515153
vt 0.762984 0.527258
vt 0.761437 0.515137
vt 0.762902 0.527253
vt 0.761352 0.515113
vt 0.746402 0.471434
vt 0.746392 0.471542
vt 0.746404 0.471689
vt 0.756971 0.489638
vt 0.756897 0.489658
vt 0.756824 0.489683
vt 0.739551 0.483258
vt 0.739635 0.483305
vt 0.739722 0.483377
vt 0.759437 0.502401
vt 0.759349 0.502360
vt 0.759257 0.502297
vt 0.732617 0.453604
vt 0.735291 0.453922
vt 0.575256 0.455778
vt 0.575206 0.456485
vt 0.575239 0.455776
vt 0.575223 0.456491
vt 0.730313 0.685414
vt 0.732550 0.685804
vt 0.732548 0.685833
vt 0.517639 0.495220
vt 0.734891 0.686120
vt 0.517064 0.494953
vt 0.520046 0.483999
vt 0.520043 0.484025
vt 0.520038 0.484051
vt 0.520047 0.483977
vt 0.688869 0.463366
vt 0.546290 0.561852
vt 0.772621 0.678698
vt 0.501452 0.413759
vt 0.764563 0.451026
vt 0.560742 0.436840
vt 0.770359 0.676695
vt 0.716064 0.487232
vt 0.511243 0.484286
vt 0.568016 0.446125
vt 0.504188 0.417069
vt 0.575190 0.457183
vt 0.781499 0.567651
vt 0.806318 0.616886
vt 0.803391 0.631121
vt 0.503111 0.474174
vt 0.576103 0.607912
vt 0.555073 0.444044
vt 0.509518 0.483715
vt 0.763187 0.652597
s 1
usemtl Holocron_Corners.001
f 484/1/1 483/2/2 1895/3/3
f 1286/4/4 1/5/5 199/6/6
f 1237/7/7 20/8/8 104/9/9
f 87/10/5 224/11/10 3/12/5
f 213/13/11 112/14/12 1247/15/13
f 4/16/5 1251/17/14 203/18/15
f 198/19/16 104/9/9 16/20/17
f 209/21/18 100/22/19 14/23/20
f 223/24/21 107/25/22 1242/26/23
f 3/12/5 1226/27/24 219/28/25
f 1241/29/26 4/16/5 86/30/5
f 1247/15/13 21/31/27 228/32/28
f 1257/33/29 19/34/30 234/35/31
f 1252/36/32 25/37/33 204/38/34
f 228/32/28 106/39/35 1262/40/36
f 1262/40/36 22/41/37 238/42/38
f 1272/43/39 18/44/40 244/45/41
f 88/46/5 233/47/42 1251/17/14
f 238/42/38 113/48/43 1277/49/44
f 1277/49/44 1395/50/45 250/51/46
f 265/52/47 111/53/48 1272/43/39
f 89/54/49 243/55/50 1256/56/51
f 1287/57/52 16/20/17 102/58/53
f 270/59/54 102/58/53 17/60/55
f 276/61/56 108/62/57 13/63/58
f 1/5/5 1231/64/59 87/10/5
f 1302/65/60 17/60/55 110/66/61
f 282/67/62 110/66/61 1386/68/63
f 1297/69/64 1391/70/65 108/62/57
f 6/71/66 1281/72/67 91/73/5
f 104/9/9 337/74/68 1316/75/69
f 10/76/70 1332/77/71 95/78/70
f 23/79/72 1326/80/73 112/14/12
f 346/81/74 96/82/75 1342/83/76
f 102/58/53 317/84/77 1366/85/78
f 15/86/79 1311/87/80 342/88/81
f 15/86/79 1321/89/82 107/25/22
f 101/90/83 326/91/84 1311/87/80
f 114/92/85 337/74/68 20/8/8
f 115/93/86 321/94/87 25/37/33
f 19/34/30 1331/95/88 115/93/86
f 21/31/27 1341/96/89 106/39/35
f 1327/97/90 8/98/91 346/81/74
f 103/99/92 351/100/93 19/34/30
f 18/44/40 1336/101/94 103/99/92
f 22/41/37 1356/102/95 113/48/43
f 1342/83/76 11/103/96 356/104/97
f 111/53/48 361/105/98 18/44/40
f 24/106/99 1351/107/100 111/53/48
f 113/48/43 367/108/101 1395/50/45
f 316/109/102 94/110/70 7/111/70
f 14/23/20 1361/112/103 326/91/84
f 100/22/19 393/113/104 1361/112/103
f 110/66/61 389/114/105 1381/115/106
f 98/116/70 388/117/107 1367/118/108
f 13/63/58 1376/119/109 393/113/104
f 108/62/57 419/120/110 1376/119/109
f 1386/68/63 1381/115/106 399/121/111
f 1232/122/112 14/23/20 101/90/83
f 1292/123/113 1387/124/114 105/125/115
f 105/125/115 398/126/116 1371/127/117
f 7/111/70 1312/128/118 327/129/119
f 224/11/10 86/30/5 3/12/5
f 1242/26/23 23/79/72 213/13/11
f 107/25/22 332/130/120 23/79/72
f 94/110/70 341/131/121 1312/128/118
f 92/132/122 275/133/123 6/71/66
f 199/6/6 87/10/5 1236/134/124
f 16/20/17 1316/75/69 317/84/77
f 394/135/125 99/136/126 12/137/127
f 234/35/31 115/93/86 1252/36/32
f 1267/138/128 1396/139/129 109/140/130
f 109/141/130 366/142/131 1346/143/132
f 95/78/70 352/144/133 8/98/91
f 204/38/34 114/92/85 1227/145/134
f 223/24/21 101/90/83 15/86/79
f 1317/146/135 9/147/70 94/110/70
f 25/37/33 1306/148/136 114/92/85
f 1291/149/137 1296/150/138 92/132/122
f 281/151/139 92/132/122 1301/152/140
f 99/136/126 400/153/141 1382/154/142
f 1377/155/143 1372/156/144 99/136/126
f 5/157/145 1271/158/146 243/55/50
f 1246/159/147 2/160/148 88/46/5
f 112/14/12 347/161/149 21/31/27
f 11/103/96 1352/162/150 97/163/151
f 214/164/152 88/46/5 4/16/5
f 229/165/153 89/54/49 2/160/148
f 93/166/70 341/131/121 9/147/70
f 10/76/70 1322/167/154 93/166/70
f 1282/168/155 13/63/58 100/22/19
f 7/111/70 1367/118/108 316/109/102
f 434/169/156 135/170/157 1516/171/158
f 1362/172/159 12/137/127 98/116/70
f 90/173/160 266/174/161 1271/158/146
f 1276/175/162 1266/176/163 90/173/160
f 1357/177/164 1347/178/165 368/179/166
f 97/163/151 383/180/167 1347/178/165
f 1292/123/113 1392/181/168 298/182/169
f 271/183/170 91/73/5 1286/4/4
f 17/60/55 1366/85/78 389/114/105
f 105/125/115 417/184/171 1392/181/168
f 244/45/41 103/99/92 1257/33/29
f 1301/152/140 6/71/66 271/183/170
f 12/137/127 1382/154/142 388/117/107
f 96/82/75 362/185/172 11/103/96
f 2/160/148 1256/56/51 233/47/42
f 1227/145/134 20/8/8 218/186/173
f 331/187/174 95/78/70 1327/97/90
f 8/98/91 1337/188/175 96/82/75
f 1267/189/128 24/106/99 265/52/47
f 1261/190/176 5/157/145 89/54/49
f 106/39/35 357/191/177 22/41/37
f 109/141/130 384/192/178 24/106/99
f 1236/134/124 3/12/5 219/28/25
f 86/30/5 203/18/15 1226/27/24
f 322/193/179 93/166/70 1307/194/180
f 1307/194/180 9/147/70 336/195/181
f 91/73/5 208/196/182 1/5/5
f 239/197/183 90/173/160 5/157/145
f 356/104/97 97/163/151 1357/177/164
f 327/129/119 98/116/70 7/111/70
f 487/198/184 128/199/185 33/200/186
f 1462/201/187 1554/202/188 134/203/189
f 134/203/189 763/204/190 1506/205/191
f 747/206/192 129/207/193 1502/208/194
f 513/209/195 125/210/196 1451/211/197
f 1426/212/198 1543/213/199 135/170/157
f 136/214/200 709/215/201 1492/216/202
f 1502/208/194 1512/217/203 728/218/204
f 475/219/205 122/220/206 28/221/207
f 448/222/208 133/223/209 1525/224/210
f 1477/225/211 1482/226/212 657/227/213
f 133/223/209 672/228/214 1487/229/215
f 26/230/216 1418/231/217 122/220/206
f 30/232/218 1422/233/219 603/234/220
f 31/235/221 1422/233/219 125/210/196
f 1437/236/222 1544/237/223 461/238/224
f 1432/239/225 1517/240/226 118/241/227
f 32/242/228 1404/243/229 127/244/230
f 33/200/186 1409/245/231 566/246/232
f 436/247/233 120/248/234 1427/249/235
f 1437/236/222 1521/250/236 132/251/237
f 1417/252/238 1421/253/239 549/254/240
f 29/255/241 1403/256/242 585/257/243
f 487/198/184 126/258/244 1456/259/245
f 475/219/205 121/260/246 1431/261/247
f 26/230/216 1398/262/248 568/263/249
f 33/200/186 1399/264/250 126/258/244
f 499/265/251 136/214/200 1548/266/252
f 449/267/253 117/268/254 1452/269/255
f 34/270/256 1409/245/231 128/199/185
f 34/270/256 1404/243/229 605/271/257
f 1452/269/255 1531/272/258 514/273/259
f 1446/274/260 1530/275/261 136/214/200
f 27/276/262 1413/277/263 584/278/264
f 28/221/207 1413/277/263 121/260/246
f 450/279/265 123/280/266 1442/281/267
f 524/282/268 126/258/244 32/242/228
f 28/221/207 1418/231/217 548/283/269
f 135/170/157 621/284/270 1472/285/271
f 525/286/272 134/203/189 1534/287/273
f 1467/288/274 1539/289/275 137/290/276
f 1408/291/277 1417/252/238 567/292/278
f 27/276/262 1398/262/248 120/248/234
f 540/293/279 137/290/276 1553/294/280
f 523/295/281 116/296/282 1457/297/283
f 29/255/241 1412/298/284 124/299/285
f 30/232/218 1403/256/242 123/280/266
f 1441/300/286 1549/301/287 133/223/209
f 31/235/221 1412/298/284 550/302/288
f 604/303/289 119/304/290 1408/291/277
f 32/242/228 1399/264/250 586/305/291
f 1534/287/273 1506/205/191 746/306/292
f 1553/294/280 1511/307/293 764/308/294
f 137/290/276 729/309/295 1511/307/293
f 118/241/227 640/310/296 1476/311/297
f 132/251/237 622/312/298 1544/237/223
f 132/251/237 658/313/299 1481/314/300
f 1526/315/301 1496/316/302 117/268/254
f 1548/266/252 1492/216/202 673/317/303
f 117/268/254 710/318/304 1531/272/258
f 460/319/305 122/220/206 1436/320/306
f 473/321/307 118/241/227 1522/322/308
f 1522/322/308 1476/311/297 656/323/309
f 1516/171/158 1472/285/271 638/324/310
f 450/279/265 125/210/196 30/232/218
f 498/325/311 123/280/266 29/255/241
f 674/326/312 131/327/313 1486/328/314
f 1486/328/314 1497/329/315 691/330/316
f 524/282/268 127/244/230 1461/331/317
f 539/332/318 127/244/230 34/270/256
f 1512/217/203 1507/333/319 765/334/320
f 1535/335/321 1501/336/322 116/296/282
f 436/247/233 121/260/246 27/276/262
f 460/319/305 120/248/234 26/230/216
f 1482/226/212 1471/337/323 623/338/324
f 639/339/325 130/340/326 1477/225/211
f 498/325/311 124/299/285 1447/341/327
f 513/209/195 124/299/285 31/235/221
f 1497/329/315 1491/342/328 711/343/329
f 1525/224/210 1487/229/215 690/344/330
f 539/332/318 128/199/185 1466/345/331
f 1457/297/283 1540/346/332 485/347/333
f 116/296/282 727/348/334 1540/346/332
f 1617/349/335 35/350/336 781/351/337
f 1568/352/338 54/353/339 156/354/340
f 139/355/336 806/356/341 37/357/336
f 795/358/342 164/359/343 1578/360/344
f 38/361/336 1582/362/345 785/363/346
f 780/364/347 156/354/340 50/365/348
f 791/366/349 152/367/350 48/368/351
f 805/369/352 159/370/353 1573/371/354
f 37/357/336 1557/372/355 801/373/356
f 1572/374/357 38/361/336 138/375/336
f 1578/360/344 56/376/358 810/377/359
f 1588/378/360 53/379/361 816/380/362
f 1583/381/363 60/382/364 786/383/365
f 810/377/359 158/384/366 1593/385/367
f 1593/385/367 57/386/368 820/387/369
f 1603/388/370 52/389/371 826/390/372
f 140/391/336 815/392/373 1582/362/345
f 820/387/369 165/393/374 1608/394/375
f 1608/394/375 1720/395/376 832/396/377
f 848/397/378 163/398/379 1603/388/370
f 141/399/336 825/400/380 1587/401/381
f 1618/402/382 50/365/348 154/403/383
f 853/404/384 154/403/383 51/405/385
f 859/406/386 160/407/387 47/408/388
f 35/350/336 1562/409/389 139/355/336
f 1633/410/390 51/405/385 162/411/391
f 864/412/392 162/411/391 55/413/393
f 1628/414/394 1717/415/395 160/407/387
f 40/416/336 1612/417/396 143/418/336
f 156/354/340 907/419/397 1647/420/398
f 44/421/399 1663/422/400 147/423/399
f 58/424/401 1657/425/402 164/359/343
f 916/426/403 148/427/399 1673/428/404
f 154/403/383 887/429/405 1697/430/406
f 49/431/407 1642/432/408 912/433/409
f 49/431/407 1652/434/410 159/370/353
f 153/435/411 896/436/412 1642/432/408
f 166/437/413 907/419/397 54/353/339
f 167/438/414 891/439/415 60/382/364
f 53/379/361 1662/440/416 167/438/414
f 56/376/358 1672/441/417 158/384/366
f 1658/442/418 42/443/399 916/426/403
f 155/444/419 921/445/420 53/379/361
f 52/389/371 1667/446/421 155/444/419
f 57/386/368 1687/447/422 165/393/374
f 1673/428/404 45/448/423 926/449/424
f 163/398/379 931/450/425 52/389/371
f 59/451/426 1682/452/427 163/398/379
f 165/393/374 937/453/428 1720/395/376
f 886/454/429 146/455/399 41/456/399
f 48/368/351 1692/457/430 896/436/412
f 152/367/350 963/458/431 1692/457/430
f 162/411/391 959/459/432 1712/460/433
f 150/461/399 958/462/434 1698/463/435
f 47/408/388 1707/464/436 963/458/431
f 160/407/387 975/465/437 1707/464/436
f 55/413/393 1712/460/433 968/466/438
f 1563/467/439 48/368/351 153/435/411
f 1623/468/440 55/469/393 157/470/441
f 157/470/441 968/471/438 1702/472/442
f 41/456/399 1643/473/443 897/474/444
f 806/356/341 138/375/336 37/357/336
f 1573/371/354 58/424/401 795/358/342
f 159/370/353 902/475/445 58/424/401
f 146/455/399 911/476/446 1643/473/443
f 144/477/336 858/478/447 40/416/336
f 781/351/337 139/355/336 1567/479/448
f 50/365/348 1647/420/398 887/429/405
f 964/480/449 151/481/399 46/482/399
f 816/380/362 167/438/414 1583/381/363
f 1598/483/450 1721/484/451 161/485/452
f 161/485/452 936/486/453 1677/487/454
f 147/423/399 922/488/455 42/443/399
f 786/383/365 166/437/413 1558/489/456
f 805/369/352 153/435/411 49/431/407
f 1648/490/457 43/491/399 146/455/399
f 60/382/364 1637/492/458 166/437/413
f 1622/493/459 1627/494/460 144/477/336
f 863/495/461 144/477/336 1632/496/462
f 151/481/399 969/497/463 1713/498/464
f 1708/499/465 1703/500/466 151/481/399
f 39/501/467 1602/502/468 825/400/380
f 1577/503/469 36/504/336 140/391/336
f 164/359/343 917/505/470 56/376/358
f 45/448/423 1683/506/471 149/507/472
f 796/508/473 140/391/336 38/361/336
f 811/509/474 141/399/336 36/504/336
f 145/510/399 911/476/446 43/491/399
f 44/421/399 1653/511/475 145/510/399
f 1613/512/476 47/408/388 152/367/350
f 41/456/399 1698/463/435 886/454/429
f 1783/513/477 61/514/478 991/515/479
f 1693/516/480 46/482/399 150/461/399
f 142/517/481 849/518/482 1602/502/468
f 1607/519/483 1597/520/484 142/517/481
f 1688/521/485 1678/522/486 938/523/487
f 149/507/472 953/524/488 1678/522/486
f 1623/468/440 1718/525/489 868/526/490
f 854/527/491 143/418/336 1617/349/335
f 51/405/385 1697/430/406 959/459/432
f 157/470/441 973/528/492 1718/525/489
f 826/390/372 155/444/419 1588/378/360
f 1632/496/462 40/416/336 854/527/491
f 46/482/399 1713/498/464 958/462/434
f 148/427/399 932/529/493 45/448/423
f 36/504/336 1587/401/381 815/392/373
f 1558/489/456 54/353/339 800/530/494
f 901/531/495 147/423/399 1658/442/418
f 42/443/399 1668/532/496 148/427/399
f 1598/483/450 59/451/426 848/397/378
f 1592/533/497 39/501/467 141/399/336
f 158/384/366 927/534/498 57/386/368
f 161/485/452 954/535/499 59/451/426
f 1567/479/448 37/357/336 801/373/356
f 138/375/336 785/363/346 1557/372/355
f 892/536/500 145/510/399 1638/537/501
f 1638/537/501 43/491/399 906/538/502
f 143/418/336 790/539/503 35/350/336
f 821/540/504 142/517/481 39/501/467
f 926/449/424 149/507/472 1688/521/485
f 897/474/444 150/461/399 41/456/399
f 1734/541/505 80/542/506 186/543/507
f 169/544/478 1016/545/508 63/546/478
f 1005/547/509 194/548/510 1744/549/511
f 64/550/478 1748/551/512 995/552/513
f 990/553/514 186/543/507 76/554/515
f 1001/555/516 182/556/517 74/557/518
f 1015/558/519 189/559/520 1739/560/521
f 63/546/478 1723/561/522 1011/562/523
f 1738/563/524 64/550/478 168/564/478
f 1744/549/511 82/565/525 1020/566/526
f 1754/567/527 79/568/528 1026/569/529
f 1749/570/530 85/571/531 996/572/532
f 1020/566/526 188/573/533 1759/574/534
f 1759/574/534 83/575/535 1030/576/536
f 1769/577/537 78/578/538 1036/579/539
f 170/580/478 1025/581/540 1748/551/512
f 1030/576/536 195/582/541 1774/583/542
f 1774/583/542 1886/584/543 1042/585/544
f 1058/586/545 193/587/546 1769/577/537
f 171/588/547 1035/589/548 1753/590/549
f 1784/591/550 76/554/515 184/592/551
f 1075/593/552 184/592/551 77/594/553
f 1081/595/554 190/596/555 73/597/556
f 61/514/478 1728/598/557 169/544/478
f 1799/599/558 77/594/553 192/600/559
f 1086/601/560 192/600/559 81/602/561
f 1794/603/562 1883/604/563 190/596/555
f 66/605/478 1778/606/564 173/607/478
f 186/543/507 1129/608/565 1813/609/566
f 70/610/567 1829/611/568 177/612/569
f 84/613/570 1823/614/571 194/548/510
f 1138/615/572 178/616/573 1839/617/574
f 184/592/551 1109/618/575 1863/619/576
f 75/620/577 1808/621/578 1134/622/579
f 75/620/577 1818/623/580 189/559/520
f 183/624/581 1118/625/582 1808/621/578
f 196/626/583 1129/608/565 80/542/506
f 197/627/584 1113/628/585 85/571/531
f 79/568/528 1828/629/586 197/627/584
f 82/565/525 1838/630/587 188/573/533
f 1824/631/588 68/632/589 1138/615/572
f 185/633/590 1143/634/591 79/568/528
f 78/578/538 1833/635/592 185/633/590
f 83/575/535 1853/636/593 195/582/541
f 1839/617/574 71/637/594 1148/638/595
f 193/587/546 1153/639/596 78/578/538
f 1890/640/597 1848/641/598 193/587/546
f 195/582/541 1159/642/599 1886/584/543
f 1108/643/600 176/644/569 67/645/567
f 74/557/518 1858/646/601 1118/625/582
f 182/556/517 1199/647/602 1858/646/601
f 192/600/559 1195/648/603 1878/649/604
f 180/650/569 1194/651/605 1864/652/606
f 73/597/556 1873/653/607 1199/647/602
f 190/596/555 1211/654/608 1873/653/607
f 81/602/561 1878/649/604 1204/655/609
f 1729/656/610 74/557/518 183/624/581
f 1789/657/611 81/602/561 187/658/612
f 187/658/612 1204/655/609 1868/659/613
f 67/645/567 1809/660/614 1119/661/615
f 1016/545/508 168/564/478 63/546/478
f 1739/560/521 84/613/570 1005/547/509
f 189/559/520 1124/662/616 84/613/570
f 176/644/569 1133/663/617 1809/660/614
f 174/664/478 1080/665/618 66/605/478
f 991/515/479 169/544/478 1733/666/619
f 76/554/515 1813/609/566 1109/618/575
f 1200/667/620 181/668/569 72/669/569
f 1026/569/529 197/627/584 1749/570/530
f 1764/670/621 1887/671/622 191/672/623
f 191/672/623 1158/673/624 1843/674/625
f 177/612/569 1144/675/626 68/632/589
f 996/572/532 196/626/583 1724/676/627
f 1015/558/519 183/624/581 75/620/577
f 1814/677/628 69/678/569 176/644/569
f 85/571/531 1803/679/629 196/626/583
f 1788/680/630 1793/681/631 174/664/478
f 1085/682/632 174/664/478 1798/683/633
f 181/668/569 1205/684/634 1879/685/635
f 1874/686/636 1869/687/637 181/668/569
f 65/688/638 1768/689/639 1035/589/548
f 1743/690/640 62/691/641 170/580/478
f 194/548/510 1139/692/642 82/565/525
f 71/637/594 1849/693/643 179/694/644
f 1006/695/645 170/580/478 64/550/478
f 1021/696/646 171/588/547 62/691/641
f 175/697/569 1133/663/617 69/678/569
f 70/610/567 1819/698/647 175/697/569
f 1779/699/648 73/597/556 182/556/517
f 67/645/567 1864/652/606 1108/643/600
f 1859/700/649 72/669/569 180/650/569
f 172/701/650 1059/702/651 1768/689/639
f 1773/703/652 1763/704/653 172/701/650
f 1854/705/654 1844/706/655 1160/707/656
f 179/694/644 1176/708/657 1844/706/655
f 1789/657/611 1884/709/658 1090/710/659
f 1076/711/660 173/607/478 1783/513/477
f 77/594/553 1863/619/576 1195/648/603
f 187/658/612 1209/712/661 1884/709/658
f 1036/579/539 185/633/590 1754/567/527
f 1798/683/633 66/605/478 1076/711/660
f 72/669/569 1879/685/635 1194/651/605
f 178/616/573 1154/713/662 71/637/594
f 62/691/641 1753/590/549 1025/581/540
f 1724/676/627 80/542/506 1010/714/663
f 1123/715/664 177/612/569 1824/631/588
f 68/632/589 1834/716/665 178/616/573
f 1764/670/621 1891/717/666 1057/718/667
f 1758/719/668 65/688/638 171/588/547
f 188/573/533 1149/720/669 83/575/535
f 191/672/623 1175/721/670 1891/717/666
f 1733/666/619 63/546/478 1011/562/523
f 168/564/478 995/552/513 1723/561/522
f 1114/722/671 175/697/569 1804/723/672
f 1804/723/672 69/678/569 1128/724/673
f 173/607/478 1000/725/674 61/514/478
f 1031/726/675 172/701/650 65/688/638
f 1148/638/595 179/694/644 1854/705/654
f 1119/661/615 180/650/569 67/645/567
f 248/727/676 254/728/677 253/729/678
f 251/730/679 255/731/680 254/728/677
f 253/729/678 254/728/677 264/732/681
f 254/728/677 256/733/682 264/732/681
f 257/734/683 259/735/684 249/736/685
f 258/737/686 260/738/687 257/739/683
f 260/740/687 252/741/688 259/735/684
f 261/742/689 255/731/680 260/740/687
f 250/51/690 263/743/691 262/744/692
f 253/745/693 264/746/693 263/743/693
f 262/744/692 261/747/694 258/737/695
f 263/743/691 256/748/696 261/747/694
f 283/749/697 285/750/698 280/751/699
f 284/752/700 286/753/701 283/749/697
f 286/753/701 295/754/702 285/750/698
f 286/753/701 287/755/703 288/756/704
f 281/757/139 292/758/705 291/759/706
f 289/760/707 293/761/708 292/758/705
f 291/759/706 287/755/703 284/752/700
f 292/758/705 288/762/704 287/755/703
f 294/763/709 296/764/710 282/67/62
f 295/754/702 297/765/711 294/763/709
f 297/765/711 290/766/712 296/764/710
f 297/765/711 288/762/704 293/761/713
f 298/182/169 303/767/714 302/768/715
f 301/769/716 304/770/717 303/767/714
f 302/768/715 315/771/718 312/772/719
f 303/767/714 305/773/720 315/771/718
f 299/774/721 309/775/722 308/776/723
f 306/777/724 310/778/725 309/775/722
f 308/776/726 304/770/727 301/769/728
f 309/775/722 305/773/729 304/770/727
f 311/779/730 313/780/731 300/781/732
f 312/772/719 314/782/733 311/783/730
f 314/782/733 307/784/734 313/785/731
f 315/771/718 310/778/735 314/782/733
f 366/142/131 371/786/736 370/787/737
f 369/788/738 372/789/739 371/786/736
f 370/787/737 382/790/740 379/791/741
f 371/786/736 373/792/742 382/790/740
f 367/108/101 376/793/743 369/794/744
f 374/795/745 377/796/746 376/793/743
f 369/794/744 376/793/743 372/789/747
f 376/793/743 373/792/748 372/789/747
f 378/797/749 380/798/750 368/179/166
f 379/791/741 381/799/751 378/797/749
f 381/799/751 375/800/752 380/798/750
f 382/790/753 377/796/746 381/799/751
f 401/801/754 403/802/755 398/126/116
f 402/803/756 404/804/757 401/801/754
f 404/804/757 413/805/758 403/802/755
f 404/804/757 406/806/759 416/807/760
f 407/808/761 409/809/762 399/121/111
f 408/810/763 410/811/764 407/808/761
f 410/811/764 402/803/756 409/809/762
f 411/812/765 405/813/766 410/811/764
f 412/814/767 414/815/768 400/153/141
f 413/805/758 415/816/769 412/814/767
f 414/815/768 411/812/765 408/810/763
f 415/816/769 406/806/759 411/812/765
f 417/184/171 422/817/770 430/818/771
f 420/819/772 423/820/773 422/817/770
f 430/818/771 422/817/770 433/821/774
f 422/817/770 424/822/775 433/821/776
f 425/823/777 427/824/778 418/825/779
f 426/826/780 428/827/781 425/823/777
f 428/827/781 421/828/782 427/824/778
f 429/829/783 423/820/784 428/827/781
f 419/120/110 432/830/785 431/831/786
f 430/832/787 433/821/788 432/830/785
f 431/831/786 429/829/783 426/826/780
f 432/830/785 424/822/789 429/829/783
f 437/833/790 439/834/791 434/169/156
f 437/833/790 438/835/792 440/836/793
f 439/834/791 440/836/793 445/837/794
f 440/838/795 441/839/796 445/840/797
f 442/841/798 444/842/799 435/843/800
f 442/841/798 443/844/801 440/845/793
f 444/842/799 440/838/793 438/835/792
f 440/845/802 443/844/803 441/839/796
f 446/846/804 445/840/797 447/847/805
f 446/848/804 447/847/805 443/849/803
f 445/840/797 443/844/803 447/847/805
f 448/222/208 451/850/806 453/851/807
f 451/850/808 452/852/809 453/853/810
f 453/853/811 454/854/811 456/855/811
f 449/267/253 453/856/812 455/857/813
f 455/857/814 453/858/810 452/852/809
f 457/859/815 458/860/815 456/861/816
f 459/862/817 462/863/818 464/864/819
f 462/863/818 470/865/820 464/864/819
f 462/863/818 465/866/821 472/867/822
f 466/868/823 468/869/824 460/319/825
f 468/869/826 467/870/827 463/871/828
f 461/238/224 469/872/829 471/873/830
f 469/872/831 472/867/832 471/874/833
f 471/874/834 463/875/828 467/876/827
f 471/874/833 465/866/835 463/875/836
f 473/321/307 476/877/837 478/878/838
f 476/877/837 477/879/839 478/880/838
f 478/880/840 1895/3/840 483/2/840
f 478/881/838 479/882/841 1895/883/842
f 474/884/843 481/885/844 480/886/845
f 481/887/846 484/888/846 1895/883/847
f 481/885/848 477/879/839 480/886/849
f 485/347/333 488/889/850 489/890/851
f 489/891/852 490/892/852 495/893/852
f 486/894/853 493/895/854 492/896/855
f 493/897/856 491/898/856 495/899/857
f 492/896/858 489/891/859 488/900/860
f 493/895/861 490/892/862 489/891/859
f 494/901/863 496/902/864 487/198/865
f 500/903/866 502/904/867 497/905/868
f 500/903/866 501/906/869 503/907/870
f 502/904/867 503/908/870 509/909/871
f 503/907/870 501/906/869 504/910/872
f 506/911/873 507/912/874 505/913/875
f 505/914/875 507/912/874 501/915/869
f 507/912/874 504/910/872 501/906/869
f 508/916/876 510/917/877 499/265/251
f 509/909/871 511/918/878 508/916/876
f 511/918/878 506/911/873 510/917/877
f 511/918/878 503/908/870 504/919/872
f 512/920/879 515/921/880 517/922/881
f 515/923/882 516/924/882 520/925/882
f 516/926/883 519/927/884 518/928/885
f 514/273/259 521/929/886 522/930/887
f 517/931/888 522/932/889 521/929/890
f 522/932/891 520/925/891 516/926/892
f 522/932/889 515/933/893 520/925/894
f 526/934/895 528/935/896 523/295/281
f 526/934/895 527/936/897 529/937/898
f 528/935/896 529/938/898 535/939/899
f 529/937/898 527/936/897 530/940/900
f 532/941/901 531/942/902 533/943/903
f 532/944/901 533/943/903 527/945/897
f 531/942/902 527/936/897 533/943/903
f 534/946/904 536/947/905 525/286/272
f 535/939/899 537/948/906 534/946/904
f 536/947/905 537/948/906 531/949/902
f 537/948/906 530/940/900 531/942/902
f 538/950/907 541/951/908 542/952/909
f 545/953/910 543/954/911 541/955/912
f 540/293/279 546/956/913 547/957/914
f 546/956/915 541/958/916 547/959/917
f 547/959/918 1896/960/919 545/961/919
f 547/959/917 543/962/920 1896/960/921
f 548/283/269 554/963/922 553/964/923
f 552/965/924 554/963/922 551/966/925
f 554/963/922 562/967/926 553/964/923
f 554/963/922 555/968/927 565/969/928
f 549/254/240 559/970/929 558/971/930
f 556/972/931 560/973/932 559/970/929
f 558/971/930 555/974/933 552/975/934
f 559/970/935 565/976/936 555/974/937
f 561/977/938 563/978/939 550/302/288
f 562/967/926 564/979/940 561/977/938
f 564/979/940 557/980/941 563/978/939
f 564/979/940 565/981/942 560/982/943
f 569/983/944 571/984/945 566/246/232
f 570/985/946 572/986/947 569/983/944
f 572/986/947 580/987/948 571/984/945
f 572/986/947 573/988/949 583/989/950
f 567/292/278 577/990/951 576/991/952
f 574/992/953 578/993/954 577/990/951
f 576/994/952 573/988/955 570/985/956
f 577/995/957 583/996/958 573/988/959
f 579/997/960 581/998/961 568/263/249
f 580/987/948 582/999/962 579/997/960
f 582/999/962 575/1000/963 581/998/961
f 582/999/962 583/996/964 578/1001/965
f 587/1002/966 589/1003/967 584/278/264
f 588/1004/968 590/1005/969 587/1002/966
f 590/1005/969 599/1006/970 589/1003/967
f 590/1005/969 592/1007/971 602/1008/972
f 593/1009/973 595/1010/974 585/257/243
f 594/1011/975 596/1012/976 593/1009/973
f 596/1012/976 588/1004/968 595/1010/974
f 596/1012/976 592/1007/971 591/1013/977
f 598/1014/978 600/1015/979 586/305/291
f 599/1006/970 601/1016/980 598/1014/978
f 601/1016/980 594/1011/975 600/1015/979
f 601/1016/980 592/1007/971 597/1017/981
f 606/1018/982 608/1019/983 603/234/220
f 607/1020/984 609/1021/985 606/1018/982
f 609/1021/985 617/1022/986 608/1019/983
f 609/1021/985 610/1023/987 620/1024/988
f 604/303/289 614/1025/989 613/1026/990
f 611/1027/991 615/1028/992 614/1029/989
f 613/1026/990 610/1030/993 607/1031/994
f 614/1029/995 620/1032/996 610/1023/997
f 605/271/257 619/1033/998 618/1034/999
f 617/1022/986 619/1033/998 616/1035/1000
f 619/1033/998 612/1036/1001 618/1034/999
f 619/1033/998 620/1032/1002 615/1028/1003
f 621/284/270 627/1037/1004 626/1038/1005
f 624/1039/1006 625/1040/1007 627/1037/1004
f 626/1038/1005 637/1041/1008 634/1042/1009
f 627/1043/1004 628/1044/1010 637/1041/1008
f 622/312/298 627/1045/1011 631/1046/1012
f 629/1047/1013 632/1048/1014 627/1045/1011
f 631/1046/1012 627/1043/1011 625/1040/1015
f 627/1045/1011 632/1048/1014 628/1044/1010
f 633/1049/1016 635/1050/1017 623/1051/324
f 634/1042/1009 636/1052/1018 633/1049/1016
f 636/1052/1018 630/1053/1019 635/1050/1017
f 637/1041/1008 632/1048/1014 636/1052/1018
f 641/1054/1020 643/1055/1021 638/324/310
f 642/1056/1022 644/1057/1023 641/1054/1020
f 644/1057/1023 652/1058/1024 643/1055/1021
f 644/1057/1023 645/1059/1025 655/1060/1026
f 646/1061/1027 648/1062/1028 639/1063/325
f 647/1064/1029 649/1065/1030 646/1061/1027
f 649/1065/1030 642/1056/1022 648/1062/1028
f 650/1066/1031 645/1059/1025 649/1065/1030
f 651/1067/1032 653/1068/1033 640/310/296
f 652/1058/1024 654/1069/1034 651/1067/1032
f 654/1069/1034 647/1064/1029 653/1068/1033
f 654/1069/1034 655/1070/1026 650/1066/1031
f 656/323/309 662/1071/1035 661/1072/1036
f 659/1073/1037 663/1074/1038 662/1071/1035
f 661/1072/1036 662/1075/1035 669/1076/1039
f 664/1077/1040 666/1078/1041 657/1079/213
f 665/1080/1042 667/1081/1043 664/1077/1040
f 667/1081/1044 660/1082/1045 666/1078/1041
f 658/313/299 671/1083/1046 670/1084/1047
f 668/1085/1048 662/1075/1049 671/1083/1050
f 670/1084/1047 663/1086/1051 665/1080/1042
f 671/1083/1050 662/1075/1049 663/1086/1052
f 675/1087/1053 677/1088/1054 672/228/214
f 676/1089/1055 678/1090/1056 675/1087/1053
f 678/1090/1056 686/1091/1057 677/1088/1054
f 678/1090/1056 679/1092/1058 689/1093/1059
f 680/1094/1060 682/1095/1061 673/317/303
f 681/1096/1062 683/1097/1063 680/1094/1060
f 683/1097/1063 676/1089/1055 682/1095/1061
f 683/1097/1063 684/1098/1064 679/1099/1058
f 685/1100/1065 687/1101/1066 674/1102/312
f 686/1091/1057 688/1103/1067 685/1100/1065
f 688/1103/1067 681/1096/1062 687/1101/1066
f 689/1093/1059 684/1098/1064 688/1103/1067
f 690/344/330 696/1104/1068 695/1105/1069
f 693/1106/1070 697/1107/1071 696/1104/1068
f 695/1105/1069 708/1108/1072 705/1109/1073
f 696/1104/1068 698/1110/1074 708/1108/1072
f 699/1111/1075 701/1112/1076 691/1113/316
f 700/1114/1077 702/1115/1078 699/1111/1075
f 702/1115/1078 694/1116/1079 701/1112/1076
f 703/1117/1080 697/1107/1081 702/1115/1078
f 692/1118/1082 707/1119/1083 706/1120/1084
f 704/1121/1085 708/1108/1086 707/1119/1083
f 706/1120/1084 703/1117/1087 700/1114/1077
f 707/1119/1083 698/1110/1088 703/1117/1087
f 709/215/201 714/1122/1089 713/1123/1090
f 712/1124/1091 715/1125/1092 714/1122/1089
f 713/1123/1090 726/1126/1093 723/1127/1094
f 714/1122/1089 716/1128/1095 726/1126/1093
f 710/318/304 720/1129/1096 719/1130/1097
f 717/1131/1098 721/1132/1099 720/1129/1096
f 719/1130/1100 715/1125/1101 712/1124/1102
f 720/1129/1096 716/1128/1103 715/1125/1101
f 722/1133/1104 724/1134/1105 711/1135/329
f 723/1127/1094 725/1136/1106 722/1133/1104
f 725/1136/1106 718/1137/1107 724/1134/1105
f 726/1126/1093 721/1132/1108 725/1136/1106
f 727/348/334 733/1138/1109 732/1139/1110
f 730/1140/1111 734/1141/1112 733/1138/1109
f 732/1139/1110 733/1138/1109 744/1142/1113
f 733/1138/1109 735/1143/1114 744/1142/1113
f 736/1144/1115 738/1145/1116 728/1146/204
f 737/1147/1117 739/1148/1118 736/1144/1115
f 739/1148/1118 731/1149/1119 738/1145/1116
f 740/1150/1120 734/1141/1112 739/1148/1118
f 729/309/295 743/1151/1121 742/1152/1122
f 741/1153/1123 744/1142/1124 743/1151/1121
f 742/1152/1122 740/1150/1120 737/1147/1117
f 743/1151/1121 735/1143/1114 740/1150/1120
f 748/1154/1125 750/1155/1126 745/1156/1127
f 749/1157/1128 751/1158/1129 748/1154/1125
f 751/1158/1129 759/1159/1130 750/1155/1126
f 751/1158/1129 752/1160/1131 762/1161/1132
f 753/1162/1133 755/1163/1134 746/306/292
f 754/1164/1135 756/1165/1136 753/1162/1133
f 756/1165/1136 749/1157/1128 755/1163/1134
f 756/1165/1136 757/1166/1137 752/1167/1131
f 758/1168/1138 760/1169/1139 747/1170/192
f 759/1159/1130 761/1171/1140 758/1168/1138
f 761/1171/1140 754/1164/1135 760/1169/1139
f 762/1161/1132 757/1166/1137 761/1171/1140
f 763/204/190 769/1172/1141 768/1173/1142
f 766/1174/1143 767/1175/1144 769/1172/1143
f 768/1173/1142 779/1176/1145 776/1177/1146
f 769/1178/1141 770/1179/1147 779/1176/1145
f 764/308/294 774/1180/1148 773/1181/1149
f 771/1182/1150 779/1183/1151 774/1180/1152
f 774/1180/1152 767/1175/1153 773/1181/1154
f 774/1180/1152 770/1179/1155 769/1178/1156
f 775/1184/1157 777/1185/1158 765/1186/320
f 776/1177/1146 778/1187/1159 775/1184/1157
f 778/1187/1160 772/1188/1161 777/1185/1158
f 830/1189/1162 836/1190/1163 835/1191/1164
f 833/1192/1165 837/1193/1166 836/1190/1163
f 835/1191/1164 836/1190/1163 847/1194/1167
f 836/1190/1163 838/1195/1168 847/1194/1167
f 839/1196/1169 841/1197/1170 831/1198/1171
f 840/1199/1172 842/1200/1173 839/1196/1169
f 842/1200/1173 834/1201/1174 841/1197/1170
f 843/1202/1175 837/1193/1166 842/1200/1173
f 832/396/377 846/1203/1176 845/1204/1177
f 844/1205/1178 847/1194/1179 846/1206/1176
f 845/1207/1177 843/1202/1180 840/1199/1181
f 846/1206/1176 838/1195/1182 843/1202/1180
f 868/526/490 873/1208/1183 872/1209/1184
f 871/1210/1185 874/1211/1186 873/1208/1183
f 872/1209/1184 885/1212/1187 882/1213/1188
f 873/1208/1183 875/1214/1189 885/1212/1187
f 869/1215/1190 879/1216/1191 878/1217/1192
f 876/1218/1193 880/1219/1194 879/1220/1191
f 878/1221/1195 874/1211/1196 871/1210/1197
f 879/1220/1191 875/1214/1198 874/1211/1196
f 881/1222/1199 883/1223/1200 870/1224/1201
f 882/1213/1188 884/1225/1202 881/1222/1199
f 884/1225/1202 877/1226/1203 883/1223/1200
f 885/1212/1187 880/1219/1204 884/1225/1202
f 936/486/453 941/1227/1205 940/1228/1206
f 939/1229/1207 942/1230/1208 941/1227/1205
f 940/1228/1206 952/1231/1209 949/1232/1210
f 941/1227/1205 943/1233/1211 952/1231/1209
f 937/453/428 946/1234/1212 939/1235/1213
f 944/1236/1214 947/1237/1215 946/1234/1212
f 939/1235/1213 946/1234/1212 942/1230/1216
f 946/1234/1212 943/1233/1217 942/1230/1216
f 948/1238/1218 950/1239/1219 938/523/487
f 949/1232/1210 951/1240/1220 948/1238/1218
f 951/1240/1220 945/1241/1221 950/1239/1219
f 952/1231/1222 947/1237/1215 951/1240/1220
f 973/528/492 979/1242/1223 978/1243/1224
f 976/1244/1225 980/1245/1226 979/1242/1223
f 978/1243/1224 979/1242/1223 989/1246/1227
f 979/1242/1223 981/1247/1228 989/1246/1227
f 982/1248/1229 984/1249/1230 974/1250/1231
f 983/1251/1232 985/1252/1233 982/1248/1229
f 985/1252/1233 977/1253/1234 984/1249/1230
f 986/1254/1235 980/1255/1236 985/1252/1233
f 975/465/437 988/1256/1237 987/1257/1238
f 978/1258/1239 989/1259/1240 988/1256/1237
f 987/1257/1238 986/1254/1235 983/1251/1232
f 988/1256/1237 981/1260/1241 986/1254/1235
f 1040/1261/1242 1045/1262/1243 1053/1263/1244
f 1043/1264/1245 1046/1265/1246 1045/1262/1243
f 1053/1263/1244 1045/1262/1243 1056/1266/1247
f 1045/1262/1243 1047/1267/1248 1056/1266/1247
f 1048/1268/1249 1050/1269/1250 1041/1270/1251
f 1049/1271/1252 1051/1272/1253 1048/1273/1249
f 1051/1274/1253 1044/1275/1254 1050/1269/1250
f 1052/1276/1255 1046/1265/1246 1051/1274/1253
f 1042/585/544 1055/1277/1256 1054/1278/1257
f 1053/1279/1258 1056/1280/1259 1055/1277/1256
f 1054/1278/1257 1052/1281/1260 1049/1271/1252
f 1055/1277/1256 1047/1282/1261 1052/1281/1260
f 1060/1283/1262 1062/1284/1263 1057/718/667
f 1061/1285/1264 1063/1286/1265 1060/1283/1262
f 1063/1286/1265 1071/1287/1266 1062/1284/1263
f 1063/1286/1265 1064/1288/1267 1074/1289/1268
f 1065/1290/1269 1067/1291/1270 1058/1292/545
f 1066/1293/1271 1068/1294/1272 1065/1290/1269
f 1067/1291/1270 1064/1295/1267 1061/1285/1264
f 1068/1294/1272 1069/1296/1273 1064/1295/1267
f 1059/702/651 1073/1297/1274 1072/1298/1275
f 1070/1299/1276 1074/1289/1277 1073/1297/1274
f 1072/1298/1275 1069/1296/1278 1066/1293/1279
f 1073/1297/1280 1064/1288/1267 1069/1296/1273
f 1090/1300/659 1095/1301/1281 1094/1302/1282
f 1093/1303/1283 1096/1304/1284 1095/1301/1281
f 1094/1302/1282 1107/1305/1285 1104/1306/1286
f 1095/1301/1281 1097/1307/1287 1107/1305/1285
f 1091/1308/1288 1101/1309/1289 1100/1310/1290
f 1098/1311/1291 1102/1312/1292 1101/1309/1289
f 1100/1310/1293 1096/1313/1294 1093/1314/1295
f 1101/1309/1289 1097/1315/1296 1096/1313/1294
f 1103/1316/1297 1105/1317/1298 1092/1318/1299
f 1104/1306/1286 1106/1319/1300 1103/1316/1297
f 1106/1319/1300 1099/1320/1301 1105/1317/1298
f 1107/1305/1285 1102/1321/1302 1106/1319/1300
f 1158/673/624 1163/1322/1303 1162/1323/1304
f 1161/1324/1305 1164/1325/1306 1163/1322/1303
f 1162/1323/1304 1174/1326/1307 1171/1327/1308
f 1163/1322/1303 1165/1328/1309 1174/1326/1307
f 1159/642/599 1168/1329/1310 1161/1330/1311
f 1166/1331/1312 1169/1332/1313 1168/1329/1310
f 1161/1333/1311 1168/1334/1310 1164/1325/1314
f 1168/1329/1310 1165/1335/1315 1164/1336/1316
f 1170/1337/1317 1172/1338/1318 1160/707/656
f 1171/1327/1308 1173/1339/1319 1170/1340/1317
f 1173/1341/1319 1167/1342/1320 1172/1338/1318
f 1174/1326/1321 1169/1343/1313 1173/1339/1319
f 1178/1344/1322 1180/1345/1323 1175/721/670
f 1179/1346/1324 1181/1347/1325 1178/1344/1322
f 1181/1347/1325 1190/1348/1326 1180/1345/1323
f 1181/1347/1325 1183/1349/1327 1193/1350/1328
f 1184/1351/1329 1186/1352/1330 1176/708/657
f 1184/1351/1329 1188/1353/1331 1187/1354/1332
f 1187/1355/1332 1179/1346/1324 1186/1356/1330
f 1187/1355/1332 1183/1349/1327 1182/1357/1333
f 1189/1358/1334 1191/1359/1335 1177/1360/1336
f 1190/1348/1326 1192/1361/1337 1189/1358/1334
f 1192/1362/1337 1185/1363/1338 1191/1364/1335
f 1193/1350/1328 1188/1365/1331 1192/1361/1337
f 1209/712/661 1214/1366/1339 1222/1367/1340
f 1212/1368/1341 1215/1369/1342 1214/1366/1339
f 1222/1367/1340 1214/1366/1339 1225/1370/1343
f 1214/1366/1339 1216/1371/1344 1225/1370/1345
f 1217/1372/1346 1219/1373/1347 1210/1374/1348
f 1218/1375/1349 1220/1376/1350 1217/1372/1346
f 1220/1376/1350 1213/1377/1351 1219/1373/1347
f 1221/1378/1352 1215/1369/1353 1220/1376/1350
f 1211/654/608 1224/1379/1354 1223/1380/1355
f 1222/1381/1356 1225/1370/1357 1224/1379/1354
f 1223/1380/1355 1221/1378/1352 1218/1375/1349
f 1224/1379/1354 1216/1371/1358 1221/1378/1352
f 219/28/25 1228/1382/1359 222/1383/1360
f 222/1384/1360 1229/1385/1361 221/1386/1362
f 221/1386/1363 1230/1387/1364 220/1388/1365
f 1230/1387/1364 218/186/173 220/1388/1365
f 1226/27/24 205/1389/1366 1228/1382/1359
f 1228/1390/1359 206/1391/1367 1229/1385/1361
f 1229/1385/1368 207/1392/1369 1230/1387/1364
f 207/1392/1369 1227/145/134 1230/1387/1364
f 1231/64/59 227/1393/1370 224/11/10
f 1233/1394/1371 226/1395/1372 227/1396/1370
f 1234/1397/1373 225/1398/1374 226/1395/1375
f 225/1398/1374 1232/122/112 223/24/21
f 208/196/182 1233/1399/1371 1231/64/59
f 210/1400/1376 1234/1397/1377 1233/1394/1371
f 211/1401/1378 1235/1402/1379 1234/1397/1373
f 1235/1402/1379 209/21/18 1232/122/112
f 1236/134/124 202/1403/1380 199/6/6
f 1238/1404/1381 201/1405/1382 202/1406/1380
f 1239/1407/1383 200/1408/1384 201/1405/1385
f 200/1408/1384 1237/7/7 198/19/16
f 219/28/25 1238/1409/1381 1236/134/124
f 222/1384/1360 1239/1407/1386 1238/1404/1381
f 221/1386/1363 1240/1410/1387 1239/1407/1383
f 1240/1410/1387 218/186/173 1237/7/7
f 214/164/152 1243/1411/1388 217/1412/1389
f 217/1413/1389 1244/1414/1390 216/1415/1391
f 216/1415/1392 1245/1416/1393 215/1417/1394
f 1245/1416/1393 213/13/11 215/1417/1394
f 1241/29/26 227/1393/1370 1243/1411/1388
f 1243/1418/1388 226/1395/1372 1244/1414/1390
f 1244/1414/1395 225/1398/1374 1245/1416/1393
f 225/1398/1374 1242/26/23 1245/1416/1393
f 229/1419/153 1248/1420/1396 232/1421/1397
f 232/1421/1397 1249/1422/1398 231/1423/1399
f 231/1423/1400 1250/1424/1401 230/1425/1402
f 1250/1424/1401 228/32/28 230/1425/1402
f 1246/159/147 217/1412/1389 1248/1426/1396
f 1248/1420/1396 216/1415/1391 1249/1422/1398
f 1249/1422/1403 215/1417/1394 1250/1424/1401
f 215/1417/1394 1247/15/13 1250/1424/1401
f 203/18/15 1253/1427/1404 205/1389/1366
f 205/1428/1366 1254/1429/1405 206/1391/1367
f 206/1391/1406 1255/1430/1407 207/1392/1369
f 1255/1430/1407 204/38/34 207/1392/1369
f 1251/17/14 235/1431/1408 1253/1427/1404
f 1253/1432/1404 236/1433/1409 1254/1429/1405
f 1254/1429/1410 237/1434/1411 1255/1430/1407
f 237/1434/1411 1252/36/32 1255/1430/1407
f 233/47/42 1258/1435/1412 235/1431/1408
f 235/1436/1408 1259/1437/1413 236/1433/1409
f 236/1433/1414 1260/1438/1415 237/1434/1411
f 1260/1438/1415 234/35/31 237/1434/1411
f 1256/56/51 245/1439/1416 1258/1435/1412
f 1258/1440/1412 246/1441/1417 1259/1437/1413
f 1259/1437/1418 247/1442/1419 1260/1438/1415
f 247/1442/1419 1257/33/29 1260/1438/1415
f 239/1443/183 1263/1444/1420 242/1445/1421
f 242/1445/1421 1264/1446/1422 241/1447/1423
f 241/1447/1424 1265/1448/1425 240/1449/1426
f 1265/1448/1425 238/42/38 240/1449/1426
f 1261/1450/176 232/1421/1397 1263/1444/1420
f 1263/1444/1420 231/1423/1399 1264/1446/1422
f 1264/1446/1427 230/1425/1402 1265/1448/1425
f 230/1425/1402 1262/40/36 1265/1448/1425
f 1266/176/163 269/1451/1428 266/174/161
f 1268/1452/1429 268/1453/1430 269/1451/1428
f 1269/1454/1431 267/1455/1432 268/1453/1430
f 1270/1456/1433 265/52/47 267/1457/1432
f 249/736/685 1268/1452/1429 1266/176/163
f 259/735/684 1269/1454/1431 1268/1452/1429
f 252/741/688 1270/1458/1433 1269/1454/1431
f 251/730/679 1267/138/128 1270/1458/1433
f 243/55/50 1273/1459/1434 245/1439/1416
f 245/1460/1416 1274/1461/1435 246/1441/1417
f 246/1441/1436 1275/1462/1437 247/1442/1419
f 247/1442/1419 1272/43/39 244/45/41
f 1271/158/146 269/1451/1428 1273/1459/1434
f 1273/1459/1438 268/1453/1430 1274/1463/1435
f 1274/1461/1439 267/1457/1432 1275/1462/1437
f 267/1457/1432 1272/43/39 1275/1462/1437
f 249/1464/685 1278/1465/1440 257/739/683
f 257/739/683 1279/1466/1441 258/737/686
f 258/737/695 1280/1467/1442 262/744/692
f 262/744/692 1277/49/44 250/51/46
f 1276/1468/162 242/1445/1421 1278/1465/1440
f 1278/1465/1440 241/1447/1423 1279/1466/1441
f 1279/1466/1443 240/1449/1426 1280/1467/1442
f 1280/1467/1442 238/42/38 1277/49/44
f 1281/72/67 210/1469/1376 208/196/182
f 1283/1470/1444 211/1401/1445 210/1400/1376
f 1284/1471/1446 212/1472/1447 211/1401/1378
f 212/1472/1447 1282/168/155 209/21/18
f 275/133/123 1283/1473/1444 1281/72/67
f 277/1474/1448 1284/1471/1449 1283/1470/1444
f 278/1475/1450 1285/1476/1451 1284/1471/1446
f 1285/1476/1451 276/61/56 1282/168/155
f 1286/4/4 274/1477/1452 271/183/170
f 1288/1478/1453 273/1479/1454 274/1480/1452
f 1289/1481/1455 272/1482/1456 273/1479/1457
f 272/1482/1456 1287/57/52 270/59/54
f 199/6/6 1288/1483/1453 1286/4/4
f 202/1406/1380 1289/1481/1458 1288/1478/1453
f 201/1405/1385 1290/1484/1459 1289/1481/1455
f 1290/1484/1459 198/19/16 1287/57/52
f 300/781/732 1293/1485/1460 311/779/730
f 311/783/730 1294/1486/1461 312/772/719
f 312/772/719 1295/1487/1462 302/768/715
f 302/768/715 1292/123/113 298/182/169
f 1291/149/137 291/1488/706 1293/1485/1460
f 1293/1489/1460 284/752/700 1294/1486/1461
f 1294/1486/1461 283/749/697 1295/1487/1462
f 1295/1487/1462 280/751/699 1292/123/113
f 1296/150/138 277/1490/1448 275/133/123
f 1298/1491/1463 278/1475/1464 277/1474/1448
f 1299/1492/1465 279/1493/1466 278/1475/1450
f 1300/1494/1467 276/61/56 279/1493/1466
f 300/781/732 1298/1495/1463 1296/150/138
f 313/785/731 1299/1492/1468 1298/1491/1463
f 307/784/1469 1300/1494/1467 1299/1492/1465
f 306/777/724 1297/69/64 1300/1494/1467
f 1301/152/140 289/1496/707 281/151/139
f 1303/1497/1470 290/766/1471 289/760/707
f 1304/1498/1472 296/764/710 290/766/712
f 1305/1499/1473 282/67/62 296/764/710
f 271/183/170 1303/1500/1470 1301/152/140
f 274/1480/1452 1304/1498/1474 1303/1497/1470
f 273/1479/1457 1305/1499/1473 1304/1498/1472
f 272/1482/1456 1302/65/60 1305/1499/1473
f 1306/148/136 340/1501/1475 337/74/68
f 1308/1502/1476 339/1503/1477 340/1501/1475
f 1309/1504/1478 338/1505/1479 339/1503/1477
f 1310/1506/1480 336/195/181 338/1505/1479
f 321/94/87 1308/1502/1476 1306/148/136
f 323/1507/1481 1309/1504/1478 1308/1502/1476
f 324/1508/1482 1310/1506/1480 1309/1504/1478
f 325/1509/1483 1307/194/180 1310/1506/1480
f 342/88/81 1313/1510/1484 345/1511/1485
f 345/1511/1485 1314/1512/1486 344/1513/1487
f 344/1513/1487 1315/1514/1488 343/1515/1489
f 343/1515/1489 1312/128/118 341/131/121
f 1311/87/80 328/1516/1490 1313/1510/1484
f 1313/1510/1484 329/1517/1491 1314/1512/1486
f 1314/1512/1486 330/1518/1492 1315/1514/1488
f 1315/1514/1488 327/129/119 1312/128/118
f 317/84/77 1318/1519/1493 320/1520/1494
f 320/1520/1494 1319/1521/1495 319/1522/1496
f 319/1522/1496 1320/1523/1497 318/1524/1498
f 318/1524/1498 1317/146/135 316/109/102
f 1316/75/69 340/1501/1475 1318/1519/1493
f 1318/1519/1493 339/1503/1477 1319/1521/1495
f 1319/1521/1495 338/1505/1479 1320/1523/1497
f 1320/1523/1497 336/195/181 1317/146/135
f 1321/89/82 335/1525/1499 332/130/120
f 1323/1526/1500 334/1527/1501 335/1525/1499
f 1324/1528/1502 333/1529/1503 334/1527/1501
f 1325/1530/1504 331/187/174 333/1529/1503
f 342/88/81 1323/1526/1500 1321/89/82
f 345/1511/1485 1324/1528/1502 1323/1526/1500
f 344/1513/1487 1325/1530/1504 1324/1528/1502
f 343/1515/1489 1322/167/154 1325/1530/1504
f 1326/80/73 350/1531/1505 347/161/149
f 1328/1532/1506 349/1533/1507 350/1531/1505
f 1329/1534/1508 348/1535/1509 349/1533/1507
f 1330/1536/1510 346/81/74 348/1535/1509
f 332/130/120 1328/1532/1506 1326/80/73
f 335/1525/1499 1329/1534/1508 1328/1532/1506
f 334/1527/1501 1330/1536/1510 1329/1534/1508
f 333/1529/1503 1327/97/90 1330/1536/1510
f 1331/95/88 323/1507/1481 321/94/87
f 1333/1537/1511 324/1508/1482 323/1507/1481
f 1334/1538/1512 325/1509/1483 324/1508/1482
f 1335/1539/1513 322/193/179 325/1509/1483
f 351/100/93 1333/1537/1511 1331/95/88
f 353/1540/1514 1334/1538/1512 1333/1537/1511
f 354/1541/1515 1335/1539/1513 1334/1538/1512
f 355/1542/1516 1332/77/71 1335/1539/1513
f 1336/101/94 353/1540/1514 351/100/93
f 1338/1543/1517 354/1541/1515 353/1540/1514
f 1339/1544/1518 355/1542/1516 354/1541/1515
f 1340/1545/1519 352/144/133 355/1542/1516
f 361/105/98 1338/1543/1517 1336/101/94
f 363/1546/1520 1339/1544/1518 1338/1543/1517
f 364/1547/1521 1340/1545/1519 1339/1544/1518
f 365/1548/1522 1337/188/175 1340/1545/1519
f 1341/96/89 360/1549/1523 357/191/177
f 1343/1550/1524 359/1551/1525 360/1549/1523
f 1344/1552/1526 358/1553/1527 359/1551/1525
f 1345/1554/1528 356/104/97 358/1553/1527
f 347/161/149 1343/1550/1524 1341/96/89
f 350/1531/1505 1344/1552/1526 1343/1550/1524
f 349/1533/1507 1345/1554/1528 1344/1552/1526
f 348/1535/1509 1342/83/76 1345/1554/1528
f 384/192/178 1348/1555/1529 387/1556/1530
f 387/1556/1530 1349/1557/1531 386/1558/1532
f 386/1558/1532 1350/1559/1533 385/1560/1534
f 385/1560/1534 1347/178/165 383/180/167
f 1346/143/132 370/787/737 1348/1555/1529
f 1348/1555/1529 379/791/741 1349/1557/1531
f 1349/1557/1531 378/797/749 1350/1559/1533
f 1350/1559/1533 368/179/166 1347/178/165
f 1351/107/100 363/1546/1520 361/105/98
f 1353/1561/1535 364/1547/1521 363/1546/1520
f 1354/1562/1536 365/1548/1522 364/1547/1521
f 1355/1563/1537 362/185/172 365/1548/1522
f 384/192/178 1353/1561/1535 1351/107/100
f 387/1556/1530 1354/1562/1536 1353/1561/1535
f 386/1558/1532 1355/1563/1537 1354/1562/1536
f 385/1560/1534 1352/162/150 1355/1563/1537
f 1356/102/95 374/795/745 367/108/101
f 1358/1564/1538 375/800/752 374/795/745
f 1359/1565/1539 380/798/750 375/800/752
f 1360/1566/1540 368/179/166 380/798/750
f 357/191/177 1358/1564/1538 1356/102/95
f 360/1549/1523 1359/1565/1539 1358/1564/1538
f 359/1551/1525 1360/1566/1540 1359/1565/1539
f 358/1553/1527 1357/177/164 1360/1566/1540
f 326/91/84 1363/1567/1541 328/1516/1490
f 328/1516/1490 1364/1568/1542 329/1517/1491
f 329/1517/1491 1365/1569/1543 330/1518/1492
f 330/1518/1492 1362/172/159 327/129/119
f 1361/112/103 395/1570/1544 1363/1567/1541
f 1363/1567/1541 396/1571/1545 1364/1568/1542
f 1364/1568/1542 397/1572/1546 1365/1569/1543
f 1365/1569/1543 394/135/125 1362/172/159
f 389/114/105 1368/1573/1547 392/1574/1548
f 392/1574/1548 1369/1575/1549 391/1576/1550
f 391/1576/1550 1370/1577/1551 390/1578/1552
f 390/1578/1552 1367/118/108 388/117/107
f 1366/85/78 320/1520/1494 1368/1573/1547
f 1368/1573/1547 319/1522/1496 1369/1575/1549
f 1369/1575/1549 318/1524/1498 1370/1577/1551
f 1370/1577/1551 316/109/102 1367/118/108
f 1371/127/117 420/819/772 417/184/171
f 1373/1579/1553 421/828/782 420/819/772
f 1374/1580/1554 427/824/778 421/828/782
f 1375/1581/1555 418/825/779 427/824/778
f 398/126/116 1373/1579/1553 1371/127/117
f 403/802/755 1374/1580/1554 1373/1579/1553
f 413/805/758 1375/1581/1555 1374/1580/1554
f 412/814/767 1372/156/144 1375/1581/1555
f 393/113/104 1378/1582/1556 395/1570/1544
f 395/1570/1544 1379/1583/1557 396/1571/1545
f 396/1571/1545 1380/1584/1558 397/1572/1546
f 397/1572/1546 1377/155/143 394/135/125
f 1376/119/109 431/831/786 1378/1582/1556
f 1378/1582/1556 426/826/780 1379/1583/1557
f 1379/1583/1557 425/823/777 1380/1584/1558
f 1380/1584/1558 418/825/779 1377/155/143
f 399/121/111 1383/1585/1559 407/808/761
f 407/808/761 1384/1586/1560 408/810/763
f 408/810/763 1385/1587/1561 414/815/768
f 414/815/768 1382/154/142 400/153/141
f 1381/115/106 392/1574/1548 1383/1585/1559
f 1383/1585/1559 391/1576/1550 1384/1586/1560
f 1384/1586/1560 390/1578/1552 1385/1587/1561
f 1385/1587/1561 388/117/107 1382/154/142
f 1386/68/63 294/763/709 282/67/62
f 1388/1588/1562 295/754/702 294/763/709
f 1389/1589/1563 285/750/698 295/754/702
f 1390/1590/1564 280/751/699 285/750/698
f 399/121/111 1388/1588/1562 1386/68/63
f 409/809/762 1389/1589/1563 1388/1588/1562
f 402/803/756 1390/1590/1564 1389/1589/1563
f 401/801/754 1387/124/114 1390/1590/1564
f 419/120/110 1393/1591/1565 430/1592/787
f 430/1592/1566 1393/1591/1567 1394/1593/1568
f 430/818/771 1392/181/168 417/184/171
f 1391/70/65 308/776/1569 1393/1591/1565
f 1393/1591/1567 301/769/1570 1394/1593/1568
f 1394/1594/1571 298/182/169 1392/181/168
f 1395/50/45 253/1595/1572 250/51/46
f 1397/1596/1573 248/727/676 253/729/678
f 367/108/101 1397/1597/1574 1395/50/45
f 369/1598/738 1396/139/129 1397/1596/1573
f 568/263/249 1400/1599/1575 579/997/960
f 579/997/960 1401/1600/1576 580/987/948
f 1401/1600/1576 571/984/945 580/987/948
f 1402/1601/1577 566/246/232 571/984/945
f 1398/262/248 589/1003/967 1400/1599/1575
f 1400/1599/1575 599/1006/970 1401/1600/1576
f 599/1006/970 1402/1601/1577 1401/1600/1576
f 598/1014/978 1399/264/250 1402/1601/1577
f 1403/256/242 593/1009/973 585/257/243
f 1405/1602/1578 594/1011/975 593/1009/973
f 594/1011/975 1407/1603/1579 600/1015/979
f 600/1015/979 1404/243/229 586/305/291
f 603/234/220 1405/1602/1578 1403/256/242
f 608/1019/983 1406/1604/1580 1405/1602/1578
f 1406/1604/1580 616/1035/1000 1407/1603/1579
f 1407/1603/1579 605/271/257 1404/243/229
f 1408/291/277 611/1605/991 604/303/289
f 1410/1606/1581 612/1036/1582 611/1027/991
f 612/1036/1582 1411/1607/1583 618/1034/1584
f 1411/1607/1585 605/271/257 618/1034/999
f 1408/291/277 576/991/952 1410/1608/1586
f 1410/1606/1581 570/985/956 1411/1609/1583
f 1411/1609/1583 570/985/956 569/983/1587
f 1411/1607/1585 566/246/232 1409/245/231
f 550/302/288 1414/1610/1588 561/977/938
f 561/977/938 1415/1611/1589 562/967/926
f 1415/1611/1589 553/964/923 562/967/926
f 1416/1612/1590 548/283/269 553/964/923
f 1412/298/284 595/1010/974 1414/1610/1588
f 1414/1610/1588 588/1004/968 1415/1611/1589
f 588/1004/968 1416/1612/1590 1415/1611/1589
f 587/1002/966 1413/277/263 1416/1612/1590
f 1417/252/238 574/992/953 567/292/278
f 1419/1613/1591 575/1614/1592 574/992/953
f 575/1000/1592 1420/1615/1593 581/998/1594
f 1420/1615/1595 568/263/249 581/998/961
f 1417/252/238 558/971/930 1419/1613/1596
f 1419/1613/1591 552/975/934 1420/1616/1593
f 1420/1617/1597 552/965/924 551/966/925
f 1420/1615/1595 548/283/269 1418/231/217
f 1421/253/239 556/972/931 549/254/240
f 1423/1618/1598 557/1619/1599 556/972/931
f 1424/1620/1600 563/1621/939 557/1619/941
f 1425/1622/1601 550/302/288 563/978/939
f 1421/253/239 613/1026/990 1423/1618/1598
f 1423/1618/1598 607/1031/994 1424/1620/1602
f 1424/1620/1600 606/1623/982 1425/1624/1603
f 1425/1622/1601 603/234/220 1422/233/219
f 459/862/817 1428/1625/1604 462/1626/818
f 462/1626/818 1429/1627/1605 463/871/828
f 463/871/828 1430/1628/1606 468/869/826
f 468/869/826 1427/249/235 460/319/305
f 434/169/156 1428/1625/1604 1426/212/198
f 439/834/791 1429/1627/1605 1428/1625/1604
f 445/837/794 1430/1628/1606 1429/1627/1605
f 446/846/1607 1427/249/235 1430/1628/1606
f 1431/261/247 482/1629/1608 475/219/205
f 1433/1630/1609 483/2/1610 482/1629/1608
f 1434/1631/1611 478/878/838 483/2/1610
f 1435/1632/1612 473/321/307 478/878/838
f 1431/261/247 446/848/1607 1433/1630/1609
f 1433/1630/1609 443/849/801 1434/1631/1611
f 1434/1631/1611 442/841/798 1435/1632/1612
f 1435/1632/1612 435/843/800 1432/239/225
f 1436/320/306 466/868/1613 460/319/305
f 1438/1633/1614 467/876/1615 466/868/1613
f 1439/1634/1616 471/873/830 467/876/1615
f 1440/1635/1617 461/238/224 471/873/830
f 1436/320/306 482/1636/1608 1438/1633/1614
f 1438/1633/1614 484/888/1618 1439/1634/1616
f 1439/1634/1616 481/887/844 1440/1635/1617
f 1440/1635/1617 474/884/843 1437/236/222
f 497/905/868 1443/1637/1619 500/903/866
f 500/903/866 1444/1638/1620 501/915/869
f 501/915/869 1445/1639/1621 505/914/875
f 505/914/875 1442/281/267 498/325/311
f 448/222/208 1443/1637/1619 1441/300/286
f 453/851/1622 1444/1638/1620 1443/1637/1619
f 456/855/1623 1445/1639/1621 1444/1638/1620
f 457/1640/1624 1442/281/267 1445/1639/1621
f 512/920/879 1448/1641/1625 515/923/880
f 515/923/880 1449/1642/1626 516/924/1627
f 516/924/1628 1450/1643/1629 518/1644/1630
f 518/1644/1630 1447/341/327 513/209/195
f 499/265/251 1448/1641/1625 1446/274/260
f 510/917/877 1449/1642/1626 1448/1641/1625
f 506/911/873 1450/1643/1629 1449/1642/1626
f 505/913/875 1447/341/327 1450/1643/1629
f 1451/211/197 518/928/1630 513/209/195
f 1453/1645/1631 516/926/1632 518/928/1630
f 1454/1646/1633 522/930/887 516/926/1632
f 1455/1647/1634 514/273/259 522/930/887
f 1451/211/197 457/859/1624 1453/1645/1631
f 1453/1645/1631 456/861/1635 1454/1646/1633
f 1454/1646/1633 453/1648/1636 1455/1647/1634
f 1455/1647/1634 449/267/253 1452/269/255
f 1456/259/245 494/901/1637 487/198/184
f 1458/1649/1638 1459/1650/1639 495/1651/1640
f 1459/1650/1639 489/890/851 495/1651/1640
f 1460/1652/1641 485/347/333 489/890/851
f 1456/259/245 532/944/1642 1458/1649/1638
f 1458/1649/1638 527/945/897 1459/1650/1639
f 1459/1650/1639 526/934/895 1460/1652/1641
f 1460/1652/1641 523/295/281 1457/297/283
f 1461/331/317 532/941/1642 524/282/268
f 1463/1653/1643 531/949/902 532/941/1642
f 1464/1654/1644 536/947/905 531/949/902
f 1465/1655/1645 525/286/272 536/947/905
f 1461/331/317 544/1656/1646 1463/1653/1643
f 1463/1653/1643 545/953/1647 1464/1654/1644
f 1464/1654/1644 541/955/908 1465/1655/1645
f 1465/1655/1645 538/950/907 1462/201/187
f 1466/345/331 544/1657/1646 539/332/318
f 1468/1658/1648 545/961/1649 544/1657/1646
f 1469/1659/1650 547/957/914 545/961/1649
f 1470/1660/1651 540/293/279 547/957/914
f 1466/345/331 496/902/1652 1468/1658/1648
f 1468/1658/1648 491/898/1653 1469/1659/1650
f 1469/1659/1650 493/897/854 1470/1660/1651
f 1470/1660/1651 486/894/853 1467/288/274
f 623/1051/324 1473/1661/1654 633/1049/1016
f 633/1049/1016 1474/1662/1655 634/1042/1009
f 634/1042/1009 1475/1663/1656 626/1038/1005
f 626/1038/1005 1472/285/271 621/284/270
f 1471/1664/323 648/1062/1028 1473/1661/1654
f 1473/1661/1654 642/1056/1022 1474/1662/1655
f 1474/1662/1655 641/1054/1020 1475/1663/1656
f 1475/1663/1656 638/324/310 1472/285/271
f 1476/311/297 659/1073/1037 656/323/309
f 1478/1665/1657 660/1082/1045 659/1073/1037
f 1479/1666/1658 666/1078/1041 660/1082/1045
f 1480/1667/1659 657/1079/213 666/1078/1041
f 640/310/296 1478/1665/1657 1476/311/297
f 653/1068/1033 1479/1666/1658 1478/1665/1657
f 647/1064/1029 1480/1667/1659 1479/1666/1658
f 646/1061/1027 1477/1668/211 1480/1667/1659
f 1481/314/300 629/1047/1013 622/312/298
f 1483/1669/1660 630/1053/1019 629/1047/1013
f 1484/1670/1661 635/1050/1017 630/1053/1019
f 1485/1671/1662 623/1051/324 635/1050/1017
f 1481/314/300 670/1084/1047 1483/1669/1660
f 1483/1669/1660 665/1080/1042 1484/1670/1661
f 1484/1670/1661 664/1077/1040 1485/1671/1662
f 1485/1671/1662 657/1079/213 1482/1672/212
f 1486/1673/314 685/1100/1065 674/1102/312
f 1488/1674/1663 686/1091/1057 685/1100/1065
f 1489/1675/1664 677/1088/1054 686/1091/1057
f 677/1088/1054 1487/229/215 672/228/214
f 691/1113/316 1488/1674/1663 1486/1673/314
f 701/1112/1076 1489/1675/1664 1488/1674/1663
f 694/1116/1079 1490/1676/1665 1489/1675/1664
f 693/1106/1070 1487/229/215 1490/1676/1665
f 711/1135/329 1493/1677/1666 722/1133/1104
f 722/1133/1104 1494/1678/1667 723/1127/1094
f 723/1127/1094 1495/1679/1668 713/1123/1090
f 713/1123/1090 1492/216/202 709/215/201
f 1491/1680/328 687/1101/1066 1493/1677/1666
f 1493/1677/1666 681/1096/1062 1494/1678/1667
f 1494/1678/1667 680/1094/1060 1495/1679/1668
f 1495/1679/1668 673/317/303 1492/216/202
f 1496/316/302 717/1131/1098 710/318/304
f 1498/1681/1669 718/1137/1107 717/1131/1098
f 1499/1682/1670 724/1134/1105 718/1137/1107
f 1500/1683/1671 711/1135/329 724/1134/1105
f 1496/316/302 706/1120/1084 1498/1681/1669
f 1498/1681/1669 700/1114/1077 1499/1682/1670
f 1499/1682/1670 699/1111/1075 1500/1683/1671
f 1500/1684/1671 691/330/316 1497/329/315
f 1501/336/322 730/1140/1111 727/348/334
f 1503/1685/1672 731/1149/1119 730/1140/1111
f 1504/1686/1673 738/1145/1116 731/1149/1119
f 1505/1687/1674 728/1146/204 738/1145/1116
f 745/1156/1127 1503/1685/1672 1501/336/322
f 750/1155/1126 1504/1686/1673 1503/1685/1672
f 759/1159/1130 1505/1687/1674 1504/1686/1673
f 758/1168/1138 1502/1688/194 1505/1687/1674
f 746/306/292 1508/1689/1675 753/1162/1133
f 753/1162/1133 1509/1690/1676 754/1164/1135
f 754/1164/1135 1510/1691/1677 760/1169/1139
f 760/1169/1139 1507/1692/319 747/1170/192
f 1506/205/191 768/1173/1142 1508/1689/1675
f 1508/1689/1675 776/1177/1146 1509/1690/1676
f 1509/1690/1676 775/1184/1157 1510/1691/1677
f 1510/1691/1677 765/1186/320 1507/1692/319
f 1511/307/293 771/1182/1150 764/308/294
f 1513/1693/1678 772/1188/1161 771/1182/1150
f 1514/1694/1679 777/1185/1158 772/1188/1161
f 1515/1695/1680 765/1186/320 777/1185/1158
f 1511/307/293 742/1152/1122 1513/1693/1678
f 1513/1693/1678 737/1147/1117 1514/1694/1679
f 1514/1694/1679 736/1144/1115 1515/1695/1680
f 1515/1695/1680 728/1146/204 1512/1696/203
f 1516/171/158 437/833/790 434/169/156
f 1518/1697/1681 438/835/1682 437/833/790
f 1519/1698/1683 444/842/799 438/835/1682
f 1520/1699/1684 435/843/800 444/842/799
f 638/324/310 1518/1697/1681 1516/171/158
f 643/1055/1021 1519/1698/1683 1518/1697/1681
f 652/1058/1024 1520/1699/1684 1519/1698/1683
f 651/1067/1032 1517/240/226 1520/1699/1684
f 1521/250/236 668/1085/1685 658/313/299
f 1523/1700/1686 669/1076/1687 668/1085/1688
f 669/1076/1039 1524/1701/1689 661/1072/1036
f 1524/1701/1689 656/323/309 661/1072/1036
f 474/884/843 1523/1700/1690 1521/250/236
f 480/886/1691 1524/1702/1692 1523/1700/1686
f 1524/1702/1693 477/879/1693 476/877/1693
f 476/877/837 1522/322/308 1524/1701/1689
f 1525/224/210 451/850/806 448/222/208
f 1527/1703/1694 452/852/1695 451/850/1695
f 1528/1704/1696 455/857/1697 452/852/1697
f 455/857/813 1526/315/301 449/267/253
f 690/344/330 1527/1703/1698 1525/224/210
f 695/1105/1069 1528/1704/1699 1527/1703/1694
f 705/1109/1700 1529/1705/1701 1528/1704/1696
f 1529/1705/1702 692/1118/1082 1526/315/301
f 709/215/201 1532/1706/1703 712/1707/1091
f 712/1124/1102 1533/1708/1704 719/1130/1100
f 719/1130/1097 1531/272/258 710/318/304
f 1530/275/261 517/922/881 1532/1706/1703
f 1532/1709/1705 521/929/1706 1533/1708/1704
f 1533/1708/1707 514/273/259 1531/272/258
f 525/286/272 1536/1710/1708 534/946/904
f 534/946/904 1537/1711/1709 535/939/1710
f 1537/1711/1709 528/935/896 535/939/1710
f 528/935/896 1535/335/321 523/295/281
f 746/306/292 1536/1710/1708 1534/287/273
f 755/1163/1134 1537/1711/1709 1536/1710/1708
f 749/1157/1128 1538/1712/1711 1537/1711/1709
f 1538/1712/1711 745/1156/1127 1535/335/321
f 1539/289/275 741/1153/1712 729/309/295
f 741/1153/1123 1542/1713/1713 732/1714/1714
f 732/1139/1110 1540/346/332 727/348/334
f 1539/289/275 492/896/855 1541/1715/1715
f 1541/1715/1716 488/900/1717 1542/1713/1713
f 1542/1716/1718 485/347/333 1540/346/332
f 1543/213/199 624/1039/1006 621/284/270
f 1545/1717/1719 625/1040/1007 624/1039/1006
f 625/1040/1015 1547/1718/1720 631/1046/1012
f 631/1046/1012 1544/237/223 622/312/298
f 459/862/817 1545/1717/1721 1543/213/199
f 464/864/819 1546/1719/1722 1545/1717/1719
f 470/865/1723 1547/1718/1720 1546/1719/1724
f 1547/1718/1725 461/238/224 1544/237/223
f 1548/266/252 508/916/876 499/265/251
f 1550/1720/1726 509/909/1727 508/916/876
f 1551/1721/1728 502/904/867 509/909/1727
f 1552/1722/1729 497/905/868 502/904/867
f 673/317/303 1550/1720/1726 1548/266/252
f 682/1095/1061 1551/1721/1728 1550/1720/1726
f 676/1089/1055 1552/1722/1729 1551/1721/1728
f 1552/1722/1729 672/228/214 1549/301/287
f 1553/294/280 546/956/913 540/293/279
f 1555/1723/1730 542/1724/1731 546/956/1731
f 1556/1725/1732 538/950/907 542/952/909
f 764/308/294 1555/1723/1733 1553/294/280
f 1555/1723/1730 767/1175/1734 1556/1726/1735
f 1556/1726/1732 767/1175/1736 766/1174/1737
f 1556/1725/1732 763/204/190 1554/202/188
f 801/373/356 1559/1727/1738 804/1728/1739
f 804/1728/1739 1560/1729/1740 803/1730/1741
f 803/1730/1742 1561/1731/1743 802/1732/1744
f 1561/1733/1743 800/530/494 802/1734/1744
f 1557/372/355 787/1735/1745 1559/1727/1738
f 1559/1727/1738 788/1736/1746 1560/1729/1740
f 1560/1729/1747 789/1737/1748 1561/1731/1743
f 789/1738/1748 1558/489/456 1561/1733/1743
f 1562/409/389 809/1739/1749 806/356/341
f 1564/1740/1750 808/1741/1751 809/1739/1749
f 1565/1742/1752 807/1743/1753 808/1741/1754
f 807/1744/1753 1563/467/439 805/369/352
f 790/539/503 1564/1740/1750 1562/409/389
f 792/1745/1755 1565/1742/1756 1564/1740/1750
f 793/1746/1757 1566/1747/1758 1565/1742/1752
f 1566/1748/1758 791/366/349 1563/467/439
f 1567/479/448 784/1749/1759 781/351/337
f 1569/1750/1760 783/1751/1761 784/1749/1759
f 1570/1752/1762 782/1753/1763 783/1751/1764
f 782/1753/1763 1568/1754/338 780/1755/347
f 801/373/356 1569/1750/1760 1567/479/448
f 804/1728/1739 1570/1752/1765 1569/1750/1760
f 803/1730/1742 1571/1756/1766 1570/1752/1762
f 1571/1756/1766 800/1757/494 1568/1754/338
f 796/508/473 1574/1758/1767 799/1759/1768
f 799/1759/1768 1575/1760/1769 798/1761/1770
f 798/1761/1771 1576/1762/1772 797/1763/1773
f 1576/1764/1772 795/358/342 797/1765/1773
f 1572/374/357 809/1739/1749 1574/1758/1767
f 1574/1758/1767 808/1741/1751 1575/1760/1769
f 1575/1760/1774 807/1743/1753 1576/1762/1772
f 807/1744/1753 1573/371/354 1576/1764/1772
f 811/509/474 1579/1766/1775 814/1767/1776
f 814/1767/1776 1580/1768/1777 813/1769/1778
f 813/1769/1779 1581/1770/1780 812/1771/1781
f 1581/1772/1780 810/377/359 812/1773/1781
f 1577/503/469 799/1759/1768 1579/1766/1775
f 1579/1766/1775 798/1761/1770 1580/1768/1777
f 1580/1768/1782 797/1763/1773 1581/1770/1780
f 797/1765/1773 1578/360/344 1581/1772/1780
f 785/363/346 1584/1774/1783 787/1735/1745
f 787/1735/1745 1585/1775/1784 788/1736/1746
f 788/1736/1785 1586/1776/1786 789/1737/1748
f 1586/1777/1786 786/383/365 789/1738/1748
f 1582/362/345 817/1778/1787 1584/1774/1783
f 1584/1774/1783 818/1779/1788 1585/1775/1784
f 1585/1775/1789 819/1780/1790 1586/1776/1786
f 819/1781/1790 1583/381/363 1586/1777/1786
f 815/392/373 1589/1782/1791 817/1778/1787
f 817/1778/1787 1590/1783/1792 818/1779/1788
f 818/1779/1793 1591/1784/1794 819/1780/1790
f 1591/1785/1794 816/380/362 819/1781/1790
f 1587/401/381 827/1786/1795 1589/1782/1791
f 1589/1782/1791 828/1787/1796 1590/1783/1792
f 1590/1783/1797 829/1788/1798 1591/1784/1794
f 829/1789/1798 1588/378/360 1591/1785/1794
f 821/540/504 1594/1790/1799 824/1791/1800
f 824/1791/1800 1595/1792/1801 823/1793/1802
f 823/1793/1803 1596/1794/1804 822/1795/1805
f 1596/1796/1804 820/387/369 822/1797/1805
f 1592/533/497 814/1767/1776 1594/1790/1799
f 1594/1790/1799 813/1769/1778 1595/1792/1801
f 1595/1792/1806 812/1771/1781 1596/1794/1804
f 812/1773/1781 1593/385/367 1596/1796/1804
f 1597/520/484 852/1798/1807 849/518/482
f 1599/1799/1808 851/1800/1809 852/1798/1807
f 1600/1801/1810 850/1802/1811 851/1800/1809
f 1601/1803/1812 848/397/378 850/1804/1811
f 831/1198/1171 1599/1799/1808 1597/520/484
f 841/1197/1170 1600/1801/1810 1599/1799/1808
f 834/1201/1174 1601/1805/1812 1600/1801/1810
f 833/1192/1165 1598/1806/450 1601/1805/1812
f 825/400/380 1604/1807/1813 827/1786/1795
f 827/1786/1795 1605/1808/1814 828/1787/1796
f 828/1787/1815 1606/1809/1816 829/1788/1798
f 829/1789/1798 1603/388/370 826/390/372
f 1602/502/468 852/1798/1807 1604/1807/1813
f 1604/1807/1817 851/1800/1809 1605/1808/1814
f 1605/1808/1818 850/1802/1811 1606/1809/1816
f 850/1804/1811 1603/388/370 1606/1810/1816
f 831/1198/1171 1609/1811/1819 839/1196/1169
f 839/1196/1169 1610/1812/1820 840/1199/1172
f 840/1199/1181 1611/1813/1821 845/1207/1177
f 845/1204/1177 1608/394/375 832/396/377
f 1607/519/483 824/1791/1800 1609/1811/1819
f 1609/1811/1819 823/1793/1802 1610/1812/1820
f 1610/1812/1822 822/1795/1805 1611/1813/1821
f 1611/1814/1821 820/387/369 1608/394/375
f 1612/417/396 792/1745/1755 790/539/503
f 1614/1815/1823 793/1746/1824 792/1745/1755
f 1615/1816/1825 794/1817/1826 793/1746/1757
f 794/1818/1826 1613/512/476 791/366/349
f 858/478/447 1614/1815/1823 1612/417/396
f 860/1819/1827 1615/1816/1828 1614/1815/1823
f 861/1820/1829 1616/1821/1830 1615/1816/1825
f 1616/1822/1830 859/406/386 1613/512/476
f 1617/349/335 857/1823/1831 854/527/491
f 1619/1824/1832 856/1825/1833 857/1823/1831
f 1620/1826/1834 855/1827/1835 856/1825/1836
f 855/1827/1835 1618/1828/382 853/1829/384
f 781/351/337 1619/1824/1832 1617/349/335
f 784/1749/1759 1620/1826/1837 1619/1824/1832
f 783/1751/1764 1621/1830/1838 1620/1826/1834
f 1621/1830/1838 780/1755/347 1618/1828/382
f 870/1224/1201 1624/1831/1839 881/1222/1199
f 881/1222/1199 1625/1832/1840 882/1213/1188
f 882/1213/1188 1626/1833/1841 872/1209/1184
f 872/1209/1184 1623/468/440 868/526/490
f 1622/493/459 865/1834/1842 1624/1831/1839
f 1624/1831/1839 866/1835/1843 1625/1832/1840
f 1625/1832/1840 867/1836/1844 1626/1833/1841
f 1626/1833/1841 864/1837/392 1623/468/440
f 1627/494/460 860/1819/1827 858/478/447
f 1629/1838/1845 861/1820/1846 860/1819/1827
f 1630/1839/1847 862/1840/1848 861/1820/1829
f 1631/1841/1849 859/406/386 862/1842/1848
f 870/1224/1201 1629/1838/1845 1627/494/460
f 883/1223/1200 1630/1839/1850 1629/1838/1845
f 877/1226/1851 1631/1843/1849 1630/1839/1847
f 876/1844/1193 1628/414/394 1631/1841/1849
f 1632/496/462 865/1834/1842 863/495/461
f 1634/1845/1852 866/1835/1843 865/1834/1842
f 1635/1846/1853 867/1836/1844 866/1835/1843
f 867/1836/1844 1633/1847/390 864/1837/392
f 854/527/491 1634/1845/1852 1632/496/462
f 857/1823/1831 1635/1846/1854 1634/1845/1852
f 856/1825/1836 1636/1848/1855 1635/1846/1853
f 855/1827/1835 1633/1847/390 1636/1848/1855
f 1637/492/458 910/1849/1856 907/419/397
f 1639/1850/1857 909/1851/1858 910/1849/1856
f 1640/1852/1859 908/1853/1860 909/1851/1858
f 1641/1854/1861 906/538/502 908/1853/1860
f 891/439/415 1639/1850/1857 1637/492/458
f 893/1855/1862 1640/1852/1859 1639/1850/1857
f 894/1856/1863 1641/1854/1861 1640/1852/1859
f 895/1857/1864 1638/537/501 1641/1854/1861
f 912/433/409 1644/1858/1865 915/1859/1866
f 915/1859/1866 1645/1860/1867 914/1861/1868
f 914/1861/1868 1646/1862/1869 913/1863/1870
f 913/1863/1870 1643/473/443 911/476/446
f 1642/432/408 898/1864/1871 1644/1858/1865
f 1644/1858/1865 899/1865/1872 1645/1860/1867
f 1645/1860/1867 900/1866/1873 1646/1862/1869
f 1646/1862/1869 897/474/444 1643/473/443
f 887/429/405 1649/1867/1874 890/1868/1875
f 890/1868/1875 1650/1869/1876 889/1870/1877
f 889/1870/1877 1651/1871/1878 888/1872/1879
f 888/1872/1879 1648/490/457 886/454/429
f 1647/420/398 910/1849/1856 1649/1867/1874
f 1649/1867/1874 909/1851/1858 1650/1869/1876
f 1650/1869/1876 908/1853/1860 1651/1871/1878
f 1651/1871/1878 906/538/502 1648/490/457
f 1652/434/410 905/1873/1880 902/475/445
f 1654/1874/1881 904/1875/1882 905/1873/1880
f 1655/1876/1883 903/1877/1884 904/1875/1882
f 1656/1878/1885 901/531/495 903/1877/1884
f 912/433/409 1654/1874/1881 1652/434/410
f 915/1859/1866 1655/1876/1883 1654/1874/1881
f 914/1861/1868 1656/1878/1885 1655/1876/1883
f 913/1863/1870 1653/511/475 1656/1878/1885
f 1657/425/402 920/1879/1886 917/505/470
f 1659/1880/1887 919/1881/1888 920/1879/1886
f 1660/1882/1889 918/1883/1890 919/1881/1888
f 1661/1884/1891 916/426/403 918/1883/1890
f 902/475/445 1659/1880/1887 1657/425/402
f 905/1873/1880 1660/1882/1889 1659/1880/1887
f 904/1875/1882 1661/1884/1891 1660/1882/1889
f 903/1877/1884 1658/442/418 1661/1884/1891
f 1662/440/416 893/1855/1862 891/439/415
f 1664/1885/1892 894/1856/1863 893/1855/1862
f 1665/1886/1893 895/1857/1864 894/1856/1863
f 1666/1887/1894 892/536/500 895/1857/1864
f 921/445/420 1664/1885/1892 1662/440/416
f 923/1888/1895 1665/1886/1893 1664/1885/1892
f 924/1889/1896 1666/1887/1894 1665/1886/1893
f 925/1890/1897 1663/422/400 1666/1887/1894
f 1667/446/421 923/1888/1895 921/445/420
f 1669/1891/1898 924/1889/1896 923/1888/1895
f 1670/1892/1899 925/1890/1897 924/1889/1896
f 1671/1893/1900 922/488/455 925/1890/1897
f 931/450/425 1669/1891/1898 1667/446/421
f 933/1894/1901 1670/1892/1899 1669/1891/1898
f 934/1895/1902 1671/1893/1900 1670/1892/1899
f 935/1896/1903 1668/532/496 1671/1893/1900
f 1672/441/417 930/1897/1904 927/534/498
f 1674/1898/1905 929/1899/1906 930/1897/1904
f 1675/1900/1907 928/1901/1908 929/1899/1906
f 1676/1902/1909 926/449/424 928/1901/1908
f 917/505/470 1674/1898/1905 1672/441/417
f 920/1879/1886 1675/1900/1907 1674/1898/1905
f 919/1881/1888 1676/1902/1909 1675/1900/1907
f 918/1883/1890 1673/428/404 1676/1902/1909
f 954/535/499 1679/1903/1910 957/1904/1911
f 957/1904/1911 1680/1905/1912 956/1906/1913
f 956/1906/1913 1681/1907/1914 955/1908/1915
f 955/1908/1915 1678/522/486 953/524/488
f 1677/487/454 940/1228/1206 1679/1903/1910
f 1679/1903/1910 949/1232/1210 1680/1905/1912
f 1680/1905/1912 948/1238/1218 1681/1907/1914
f 1681/1907/1914 938/523/487 1678/522/486
f 1682/452/427 933/1894/1901 931/450/425
f 1684/1909/1916 934/1895/1902 933/1894/1901
f 1685/1910/1917 935/1896/1903 934/1895/1902
f 1686/1911/1918 932/529/493 935/1896/1903
f 954/535/499 1684/1909/1916 1682/452/427
f 957/1904/1911 1685/1910/1917 1684/1909/1916
f 956/1906/1913 1686/1911/1918 1685/1910/1917
f 955/1908/1915 1683/506/471 1686/1911/1918
f 1687/447/422 944/1236/1214 937/453/428
f 1689/1912/1919 945/1241/1221 944/1236/1214
f 1690/1913/1920 950/1239/1219 945/1241/1221
f 1691/1914/1921 938/523/487 950/1239/1219
f 927/534/498 1689/1912/1919 1687/447/422
f 930/1897/1904 1690/1913/1920 1689/1912/1919
f 929/1899/1906 1691/1914/1921 1690/1913/1920
f 928/1901/1908 1688/521/485 1691/1914/1921
f 896/436/412 1694/1915/1922 898/1864/1871
f 898/1864/1871 1695/1916/1923 899/1865/1872
f 899/1865/1872 1696/1917/1924 900/1866/1873
f 900/1866/1873 1693/516/480 897/474/444
f 1692/457/430 965/1918/1925 1694/1915/1922
f 1694/1915/1922 966/1919/1926 1695/1916/1923
f 1695/1916/1923 967/1920/1927 1696/1917/1924
f 1696/1917/1924 964/480/449 1693/516/480
f 959/459/432 1699/1921/1928 962/1922/1929
f 962/1922/1929 1700/1923/1930 961/1924/1931
f 961/1924/1931 1701/1925/1932 960/1926/1933
f 960/1926/1933 1698/463/435 958/462/434
f 1697/430/406 890/1868/1875 1699/1921/1928
f 1699/1921/1928 889/1870/1877 1700/1923/1930
f 1700/1923/1930 888/1872/1879 1701/1925/1932
f 1701/1925/1932 886/454/429 1698/463/435
f 1702/472/442 976/1244/1225 973/528/492
f 1704/1927/1934 977/1928/1234 976/1244/1225
f 1705/1929/1935 984/1249/1230 977/1253/1234
f 1706/1930/1936 974/1250/1231 984/1249/1230
f 968/471/438 1704/1927/1934 1702/472/442
f 970/1931/1937 1705/1932/1935 1704/1927/1934
f 971/1933/1938 1706/1930/1936 1705/1929/1935
f 972/1934/1939 1703/500/466 1706/1930/1936
f 963/458/431 1709/1935/1940 965/1918/1925
f 965/1918/1925 1710/1936/1941 966/1919/1926
f 966/1919/1926 1711/1937/1942 967/1920/1927
f 967/1920/1927 1708/499/465 964/480/449
f 1707/464/436 987/1257/1238 1709/1935/1940
f 1709/1935/1940 983/1251/1232 1710/1936/1941
f 1710/1936/1941 982/1248/1229 1711/1937/1942
f 1711/1937/1942 974/1250/1231 1708/499/465
f 968/466/438 1714/1938/1943 970/1939/1937
f 970/1939/1937 1715/1940/1944 971/1933/1938
f 971/1933/1938 1716/1941/1945 972/1934/1939
f 972/1934/1939 1713/498/464 969/497/463
f 1712/460/433 962/1922/1929 1714/1938/1943
f 1714/1938/1943 961/1924/1931 1715/1940/1944
f 1715/1940/1944 960/1926/1933 1716/1941/1945
f 1716/1941/1945 958/462/434 1713/498/464
f 975/465/437 1719/1942/1946 978/1943/1239
f 978/1243/1224 1718/525/489 973/528/492
f 1717/415/395 878/1217/1947 1719/1942/1946
f 1719/1942/1948 878/1217/1948 871/1944/1949
f 1719/1945/1950 868/526/490 1718/525/489
f 1720/395/376 844/1946/1951 832/396/377
f 844/1946/1952 1722/1947/1953 835/1948/1954
f 1722/1949/1955 830/1189/1162 835/1191/1164
f 937/453/428 1722/1950/1956 1720/395/376
f 939/1951/1207 1721/1952/451 1722/1949/1955
f 1011/562/523 1725/1953/1957 1014/1954/1958
f 1014/1954/1958 1726/1955/1959 1013/1956/1960
f 1013/1956/1961 1727/1957/1962 1012/1958/1963
f 1727/1959/1962 1010/714/663 1012/1960/1963
f 1723/561/522 997/1961/1964 1725/1953/1957
f 1725/1953/1957 998/1962/1965 1726/1955/1959
f 1726/1955/1966 999/1963/1967 1727/1957/1962
f 999/1964/1967 1724/676/627 1727/1959/1962
f 1728/598/557 1019/1965/1968 1016/545/508
f 1730/1966/1969 1018/1967/1970 1019/1968/1968
f 1731/1969/1971 1017/1970/1972 1018/1967/1973
f 1017/1970/1972 1729/656/610 1015/558/519
f 1000/725/674 1730/1971/1969 1728/598/557
f 1002/1972/1974 1731/1969/1975 1730/1966/1969
f 1003/1973/1976 1732/1974/1977 1731/1969/1971
f 1732/1974/1977 1001/555/516 1729/656/610
f 1733/666/619 994/1975/1978 991/515/479
f 1735/1976/1979 993/1977/1980 994/1975/1978
f 1736/1978/1981 992/1979/1982 993/1977/1983
f 992/1980/1982 1734/541/505 990/553/514
f 1011/562/523 1735/1976/1979 1733/666/619
f 1014/1954/1958 1736/1978/1984 1735/1976/1979
f 1013/1956/1961 1737/1981/1985 1736/1978/1981
f 1737/1982/1985 1010/714/663 1734/541/505
f 1006/695/645 1740/1983/1986 1009/1984/1987
f 1009/1985/1987 1741/1986/1988 1008/1987/1989
f 1008/1987/1990 1742/1988/1991 1007/1989/1992
f 1742/1988/1991 1005/547/509 1007/1989/1992
f 1738/563/524 1019/1965/1968 1740/1983/1986
f 1740/1990/1986 1018/1967/1970 1741/1986/1988
f 1741/1986/1993 1017/1970/1972 1742/1988/1991
f 1017/1970/1972 1739/560/521 1742/1988/1991
f 1021/696/646 1745/1991/1994 1024/1992/1995
f 1024/1993/1995 1746/1994/1996 1023/1995/1997
f 1023/1995/1998 1747/1996/1999 1022/1997/2000
f 1747/1996/1999 1020/566/526 1022/1997/2000
f 1743/690/640 1009/1984/1987 1745/1991/1994
f 1745/1998/1994 1008/1987/1989 1746/1994/1996
f 1746/1994/2001 1007/1989/1992 1747/1996/1999
f 1007/1989/1992 1744/549/511 1747/1996/1999
f 995/552/513 1750/1999/2002 997/1961/1964
f 997/1961/1964 1751/2000/2003 998/1962/1965
f 998/1962/2004 1752/2001/2005 999/1963/1967
f 1752/2002/2005 996/572/532 999/1964/1967
f 1748/551/512 1027/2003/2006 1750/1999/2002
f 1750/1999/2002 1028/2004/2007 1751/2000/2003
f 1751/2000/2008 1029/2005/2009 1752/2001/2005
f 1029/2006/2009 1749/570/530 1752/2002/2005
f 1025/581/540 1755/2007/2010 1027/2003/2006
f 1027/2003/2006 1756/2008/2011 1028/2004/2007
f 1028/2004/2012 1757/2009/2013 1029/2005/2009
f 1757/2010/2013 1026/569/529 1029/2006/2009
f 1753/590/549 1037/2011/2014 1755/2007/2010
f 1755/2007/2010 1038/2012/2015 1756/2008/2011
f 1756/2008/2016 1039/2013/2017 1757/2009/2013
f 1039/2014/2017 1754/567/527 1757/2010/2013
f 1031/726/675 1760/2015/2018 1034/2016/2019
f 1034/2017/2019 1761/2018/2020 1033/2019/2021
f 1033/2019/2022 1762/2020/2023 1032/2021/2024
f 1032/2021/2024 1759/574/534 1030/576/536
f 1758/719/668 1024/1992/1995 1760/2015/2018
f 1760/2022/2018 1023/1995/1997 1761/2018/2020
f 1761/2018/2025 1022/1997/2000 1762/2020/2023
f 1022/1997/2000 1759/574/534 1762/2020/2023
f 1763/704/653 1070/1299/1276 1059/702/651
f 1765/2023/2026 1071/1287/2027 1070/1299/1276
f 1766/2024/2028 1062/1284/1263 1071/1287/1266
f 1767/2025/2029 1057/718/667 1062/1284/1263
f 1041/1270/1251 1765/2023/2026 1763/704/653
f 1050/1269/1250 1766/2024/2028 1765/2023/2026
f 1044/1275/1254 1767/2025/2029 1766/2024/2028
f 1043/1264/1245 1764/670/621 1767/2025/2029
f 1035/589/548 1770/2026/2030 1037/2011/2014
f 1037/2011/2014 1771/2027/2031 1038/2012/2015
f 1038/2012/2032 1772/2028/2033 1039/2013/2017
f 1039/2014/2017 1769/577/537 1036/579/539
f 1768/689/639 1072/1298/1275 1770/2026/2030
f 1770/2026/2034 1066/1293/1279 1771/2027/2031
f 1771/2027/2035 1065/1290/1269 1772/2028/2033
f 1772/2029/2033 1058/586/545 1769/577/537
f 1041/1270/1251 1775/2030/2036 1048/1268/1249
f 1048/1273/1249 1776/2031/2037 1049/1271/1252
f 1049/1271/1252 1777/2032/2038 1054/1278/1257
f 1054/1278/1257 1774/583/542 1042/585/544
f 1773/703/652 1034/2016/2019 1775/2030/2036
f 1775/2033/2036 1033/2019/2021 1776/2031/2037
f 1776/2031/2037 1032/2021/2024 1777/2032/2038
f 1777/2032/2038 1030/576/536 1774/583/542
f 1778/606/564 1002/2034/1974 1000/725/674
f 1780/2035/2039 1003/1973/2040 1002/1972/1974
f 1781/2036/2041 1004/2037/2042 1003/1973/1976
f 1004/2037/2042 1779/699/648 1001/555/516
f 1080/665/618 1780/2038/2039 1778/606/564
f 1082/2039/2043 1781/2036/2044 1780/2035/2039
f 1083/2040/2045 1782/2041/2046 1781/2036/2041
f 1782/2041/2046 1081/595/554 1779/699/648
f 1783/513/477 1079/2042/2047 1076/711/660
f 1785/2043/2048 1078/2044/2049 1079/2042/2047
f 1786/2045/2050 1077/2046/2051 1078/2044/2052
f 1077/2047/2051 1784/591/550 1075/593/552
f 991/515/479 1785/2043/2048 1783/513/477
f 994/1975/1978 1786/2045/2053 1785/2043/2048
f 993/1977/1983 1787/2048/2054 1786/2045/2050
f 1787/2049/2054 990/553/514 1784/591/550
f 1092/1318/1299 1790/2050/2055 1103/1316/1297
f 1103/1316/1297 1791/2051/2056 1104/1306/1286
f 1104/1306/1286 1792/2052/2057 1094/1302/1282
f 1094/1302/1282 1789/2053/611 1090/1300/659
f 1788/680/630 1087/2054/2058 1790/2050/2055
f 1790/2050/2055 1088/2055/2059 1791/2051/2056
f 1791/2051/2056 1089/2056/2060 1792/2052/2057
f 1792/2057/2057 1086/601/560 1789/657/611
f 1793/681/631 1082/2058/2043 1080/665/618
f 1795/2059/2061 1083/2040/2062 1082/2039/2043
f 1796/2060/2063 1084/2061/2064 1083/2040/2045
f 1797/2062/2065 1081/595/554 1084/2061/2064
f 1092/1318/1299 1795/2063/2061 1793/681/631
f 1105/2064/1298 1796/2060/2066 1795/2059/2061
f 1099/2065/2067 1797/2062/2065 1796/2060/2063
f 1098/1311/1291 1794/603/562 1797/2062/2065
f 1798/683/633 1087/2054/2058 1085/682/632
f 1800/2066/2068 1088/2055/2059 1087/2054/2058
f 1801/2067/2069 1089/2068/2060 1088/2069/2059
f 1089/2068/2060 1799/599/558 1086/601/560
f 1076/711/660 1800/2066/2068 1798/683/633
f 1079/2042/2047 1801/2070/2070 1800/2066/2068
f 1078/2071/2052 1802/2072/2071 1801/2067/2069
f 1077/2047/2051 1799/599/558 1802/2072/2071
f 1803/679/629 1132/2073/2072 1129/608/565
f 1805/2074/2073 1131/2075/2074 1132/2073/2072
f 1806/2076/2075 1130/2077/2076 1131/2075/2074
f 1807/2078/2077 1128/724/673 1130/2077/2076
f 1113/628/585 1805/2074/2073 1803/679/629
f 1115/2079/2078 1806/2076/2075 1805/2074/2073
f 1116/2080/2079 1807/2078/2077 1806/2076/2075
f 1117/2081/2080 1804/723/672 1807/2078/2077
f 1134/622/579 1810/2082/2081 1137/2083/2082
f 1137/2083/2082 1811/2084/2083 1136/2085/2084
f 1136/2085/2084 1812/2086/2085 1135/2087/2086
f 1135/2087/2086 1809/660/614 1133/663/617
f 1808/621/578 1120/2088/2087 1810/2082/2081
f 1810/2082/2081 1121/2089/2088 1811/2084/2083
f 1811/2084/2083 1122/2090/2089 1812/2086/2085
f 1812/2086/2085 1119/661/615 1809/660/614
f 1109/618/575 1815/2091/2090 1112/2092/2091
f 1112/2092/2091 1816/2093/2092 1111/2094/2093
f 1111/2094/2093 1817/2095/2094 1110/2096/2095
f 1110/2096/2095 1814/677/628 1108/643/600
f 1813/609/566 1132/2073/2072 1815/2091/2090
f 1815/2091/2090 1131/2075/2074 1816/2093/2092
f 1816/2093/2092 1130/2077/2076 1817/2095/2094
f 1817/2095/2094 1128/724/673 1814/677/628
f 1818/623/580 1127/2097/2096 1124/662/616
f 1820/2098/2097 1126/2099/2098 1127/2097/2096
f 1821/2100/2099 1125/2101/2100 1126/2099/2098
f 1822/2102/2101 1123/715/664 1125/2101/2100
f 1134/622/579 1820/2098/2097 1818/623/580
f 1137/2083/2082 1821/2100/2099 1820/2098/2097
f 1136/2085/2084 1822/2102/2101 1821/2100/2099
f 1135/2087/2086 1819/698/647 1822/2102/2101
f 1823/614/571 1142/2103/2102 1139/692/642
f 1825/2104/2103 1141/2105/2104 1142/2103/2102
f 1826/2106/2105 1140/2107/2106 1141/2105/2104
f 1827/2108/2107 1138/615/572 1140/2107/2106
f 1124/662/616 1825/2104/2103 1823/614/571
f 1127/2097/2096 1826/2106/2105 1825/2104/2103
f 1126/2099/2098 1827/2108/2107 1826/2106/2105
f 1125/2101/2100 1824/631/588 1827/2108/2107
f 1828/629/586 1115/2079/2078 1113/628/585
f 1830/2109/2108 1116/2080/2079 1115/2079/2078
f 1831/2110/2109 1117/2081/2080 1116/2080/2079
f 1832/2111/2110 1114/722/671 1117/2081/2080
f 1143/634/591 1830/2109/2108 1828/629/586
f 1145/2112/2111 1831/2110/2109 1830/2109/2108
f 1146/2113/2112 1832/2111/2110 1831/2110/2109
f 1147/2114/2113 1829/611/568 1832/2111/2110
f 1833/635/592 1145/2112/2111 1143/634/591
f 1835/2115/2114 1146/2113/2112 1145/2112/2111
f 1836/2116/2115 1147/2114/2113 1146/2113/2112
f 1837/2117/2116 1144/675/626 1147/2114/2113
f 1153/639/596 1835/2115/2114 1833/635/592
f 1155/2118/2117 1836/2116/2115 1835/2115/2114
f 1156/2119/2118 1837/2117/2116 1836/2116/2115
f 1157/2120/2119 1834/716/665 1837/2117/2116
f 1838/630/587 1152/2121/2120 1149/720/669
f 1840/2122/2121 1151/2123/2122 1152/2121/2120
f 1841/2124/2123 1150/2125/2124 1151/2123/2122
f 1842/2126/2125 1148/638/595 1150/2125/2124
f 1139/692/642 1840/2122/2121 1838/630/587
f 1142/2103/2102 1841/2124/2123 1840/2122/2121
f 1141/2105/2104 1842/2126/2125 1841/2124/2123
f 1140/2107/2106 1839/617/574 1842/2126/2125
f 1175/721/670 1845/2127/2126 1178/1344/1322
f 1178/1344/1322 1846/2128/2127 1179/1346/1324
f 1179/1346/1324 1847/2129/2128 1186/1356/1330
f 1186/1352/1330 1844/706/655 1176/708/657
f 1843/674/625 1162/1323/1304 1845/2127/2126
f 1845/2127/2126 1171/1327/1308 1846/2128/2127
f 1846/2128/2127 1170/1340/1317 1847/2129/2128
f 1847/2130/2128 1160/707/656 1844/706/655
f 1848/641/598 1155/2118/2117 1153/639/596
f 1850/2131/2129 1156/2119/2118 1155/2118/2117
f 1851/2132/2130 1157/2120/2119 1156/2119/2118
f 1852/2133/2131 1154/713/662 1157/2120/2119
f 1177/2134/1336 1850/2131/2129 1848/641/598
f 1191/1364/1335 1851/2132/2130 1850/2131/2129
f 1185/1363/1338 1852/2133/2131 1851/2132/2130
f 1184/1351/1329 1849/693/643 1852/2133/2131
f 1853/636/593 1166/1331/1312 1159/642/599
f 1855/2135/2132 1167/1342/1320 1166/1331/1312
f 1856/2136/2133 1172/1338/1318 1167/1342/1320
f 1857/2137/2134 1160/707/656 1172/1338/1318
f 1149/720/669 1855/2135/2132 1853/636/593
f 1152/2121/2120 1856/2136/2133 1855/2135/2132
f 1151/2123/2122 1857/2137/2134 1856/2136/2133
f 1150/2125/2124 1854/705/654 1857/2137/2134
f 1118/625/582 1860/2138/2135 1120/2088/2087
f 1120/2088/2087 1861/2139/2136 1121/2089/2088
f 1121/2089/2088 1862/2140/2137 1122/2090/2089
f 1122/2090/2089 1859/700/649 1119/661/615
f 1858/646/601 1201/2141/2138 1860/2138/2135
f 1860/2138/2135 1202/2142/2139 1861/2139/2136
f 1861/2139/2136 1203/2143/2140 1862/2140/2137
f 1862/2140/2137 1200/667/620 1859/700/649
f 1195/648/603 1865/2144/2141 1198/2145/2142
f 1198/2145/2142 1866/2146/2143 1197/2147/2144
f 1197/2147/2144 1867/2148/2145 1196/2149/2146
f 1196/2149/2146 1864/652/606 1194/651/605
f 1863/619/576 1112/2092/2091 1865/2144/2141
f 1865/2144/2141 1111/2094/2093 1866/2146/2143
f 1866/2146/2143 1110/2096/2095 1867/2148/2145
f 1867/2148/2145 1108/643/600 1864/652/606
f 1868/659/613 1212/1368/1341 1209/712/661
f 1870/2150/2147 1213/1377/1351 1212/1368/1341
f 1871/2151/2148 1219/1373/1347 1213/1377/1351
f 1872/2152/2149 1210/1374/1348 1219/1373/1347
f 1204/655/609 1870/2150/2147 1868/659/613
f 1206/2153/2150 1871/2151/2148 1870/2150/2147
f 1207/2154/2151 1872/2152/2149 1871/2151/2148
f 1208/2155/2152 1869/687/637 1872/2152/2149
f 1199/647/602 1875/2156/2153 1201/2141/2138
f 1201/2141/2138 1876/2157/2154 1202/2142/2139
f 1202/2142/2139 1877/2158/2155 1203/2143/2140
f 1203/2143/2140 1874/686/636 1200/667/620
f 1873/653/607 1223/1380/1355 1875/2156/2153
f 1875/2156/2153 1218/1375/1349 1876/2157/2154
f 1876/2157/2154 1217/1372/1346 1877/2158/2155
f 1877/2158/2155 1210/1374/1348 1874/686/636
f 1204/655/609 1880/2159/2156 1206/2153/2150
f 1206/2153/2150 1881/2160/2157 1207/2154/2151
f 1207/2154/2151 1882/2161/2158 1208/2155/2152
f 1208/2155/2152 1879/685/635 1205/684/634
f 1878/649/604 1198/2145/2142 1880/2159/2156
f 1880/2159/2156 1197/2147/2144 1881/2160/2157
f 1881/2160/2157 1196/2149/2146 1882/2161/2158
f 1882/2161/2158 1194/651/605 1879/685/635
f 1211/654/608 1885/2162/2159 1222/2163/1356
f 1222/2164/1340 1884/2165/658 1209/2166/661
f 1883/604/563 1100/1310/2160 1885/2162/2159
f 1885/2162/2161 1100/1310/2162 1093/1314/2162
f 1885/2167/2163 1090/1300/659 1884/2165/658
f 1886/584/543 1053/2168/2164 1042/585/544
f 1053/2168/2165 1888/2169/2166 1889/2170/2167
f 1889/2171/2168 1040/1261/1242 1053/1263/1244
f 1159/642/599 1888/2169/2169 1886/584/543
f 1888/2169/2166 1161/2172/2170 1889/2170/2167
f 1161/2173/1305 1887/671/622 1889/2171/2168
f 1177/1360/1336 1892/2174/2171 1189/1358/1334
f 1189/1358/1334 1893/2175/2172 1190/1348/1326
f 1190/1348/1326 1894/2176/2173 1180/1345/1323
f 1180/1345/1323 1891/717/666 1175/721/670
f 1890/2177/597 1067/1291/1270 1892/2174/2171
f 1892/2174/2171 1061/1285/1264 1893/2175/2172
f 1893/2175/2172 1060/1283/1262 1894/2176/2173
f 1894/2176/2173 1057/718/667 1891/717/666
f 481/885/848 479/882/841 478/881/838
f 482/1629/2174 483/2/2174 484/1/2174
f 1237/7/7 218/186/173 20/8/8
f 1262/40/36 106/39/35 22/41/37
f 238/42/38 22/41/37 113/48/43
f 1277/49/44 113/48/43 1395/50/45
f 104/9/9 20/8/8 337/74/68
f 10/76/70 322/193/179 1332/77/71
f 23/79/72 332/130/120 1326/80/73
f 346/81/74 8/98/91 96/82/75
f 102/58/53 16/20/17 317/84/77
f 15/86/79 101/90/83 1311/87/80
f 15/86/79 342/88/81 1321/89/82
f 101/90/83 14/23/20 326/91/84
f 114/92/85 1306/148/136 337/74/68
f 115/93/86 1331/95/88 321/94/87
f 21/31/27 347/161/149 1341/96/89
f 1327/97/90 95/78/70 8/98/91
f 22/41/37 357/191/177 1356/102/95
f 1342/83/76 96/82/75 11/103/96
f 113/48/43 1356/102/95 367/108/101
f 316/109/102 1317/146/135 94/110/70
f 14/23/20 100/22/19 1361/112/103
f 110/66/61 17/60/55 389/114/105
f 98/116/70 12/137/127 388/117/107
f 13/63/58 108/62/57 1376/119/109
f 108/62/57 1391/70/65 419/120/110
f 1386/68/63 110/66/61 1381/115/106
f 7/111/70 94/110/70 1312/128/118
f 107/25/22 1321/89/82 332/130/120
f 94/110/70 9/147/70 341/131/121
f 16/20/17 104/9/9 1316/75/69
f 394/135/125 1377/155/143 99/136/126
f 95/78/70 1332/77/71 352/144/133
f 223/24/21 1232/122/112 101/90/83
f 1317/146/135 336/195/181 9/147/70
f 25/37/33 321/94/87 1306/148/136
f 99/136/126 1372/156/144 400/153/141
f 1377/155/143 418/825/779 1372/156/144
f 112/14/12 1326/80/73 347/161/149
f 11/103/96 362/185/172 1352/162/150
f 93/166/70 1322/167/154 341/131/121
f 10/76/70 331/187/174 1322/167/154
f 7/111/70 98/116/70 1367/118/108
f 434/169/156 1426/212/198 135/170/157
f 1362/172/159 394/135/125 12/137/127
f 1357/177/164 97/163/151 1347/178/165
f 97/163/151 1352/162/150 383/180/167
f 17/60/55 102/58/53 1366/85/78
f 12/137/127 99/136/126 1382/154/142
f 96/82/75 1337/188/175 362/185/172
f 331/187/174 10/76/70 95/78/70
f 8/98/91 352/144/133 1337/188/175
f 106/39/35 1341/96/89 357/191/177
f 322/193/179 10/76/70 93/166/70
f 1307/194/180 93/166/70 9/147/70
f 356/104/97 11/103/96 97/163/151
f 327/129/119 1362/172/159 98/116/70
f 487/198/184 1466/345/331 128/199/185
f 747/206/192 1507/333/319 129/207/193
f 513/209/195 31/235/221 125/210/196
f 1426/212/198 459/862/817 1543/213/199
f 1502/208/194 129/207/193 1512/217/203
f 475/219/205 1436/320/306 122/220/206
f 448/222/208 1441/300/286 133/223/209
f 1477/225/211 130/340/326 1482/226/212
f 133/223/209 1549/301/287 672/228/214
f 26/230/216 568/263/249 1418/231/217
f 30/232/218 125/210/196 1422/233/219
f 31/235/221 550/302/288 1422/233/219
f 1437/236/222 132/251/237 1544/237/223
f 32/242/228 586/305/291 1404/243/229
f 33/200/186 128/199/185 1409/245/231
f 436/247/233 27/276/262 120/248/234
f 1437/236/222 474/884/843 1521/250/236
f 29/255/241 123/280/266 1403/256/242
f 487/198/184 33/200/186 126/258/244
f 475/219/205 28/221/207 121/260/246
f 26/230/216 120/248/234 1398/262/248
f 33/200/186 566/246/232 1399/264/250
f 449/267/253 1526/315/301 117/268/254
f 34/270/256 605/271/257 1409/245/231
f 34/270/256 127/244/230 1404/243/229
f 27/276/262 121/260/246 1413/277/263
f 28/221/207 548/283/269 1413/277/263
f 450/279/265 30/232/218 123/280/266
f 524/282/268 1456/259/245 126/258/244
f 28/221/207 122/220/206 1418/231/217
f 135/170/157 1543/213/199 621/284/270
f 1467/288/274 486/894/853 1539/289/275
f 1408/291/277 119/304/290 1417/252/238
f 27/276/262 584/278/264 1398/262/248
f 540/293/279 1467/288/274 137/290/276
f 29/255/241 585/257/243 1412/298/284
f 30/232/218 603/234/220 1403/256/242
f 1441/300/286 497/905/868 1549/301/287
f 31/235/221 124/299/285 1412/298/284
f 604/303/289 1421/253/239 119/304/290
f 32/242/228 126/258/244 1399/264/250
f 1553/294/280 137/290/276 1511/307/293
f 137/290/276 1539/289/275 729/309/295
f 132/251/237 1481/314/300 622/312/298
f 132/251/237 1521/250/236 658/313/299
f 1526/315/301 692/1118/1082 1496/316/302
f 460/319/305 26/230/216 122/220/206
f 1516/171/158 135/170/157 1472/285/271
f 450/279/265 1451/211/197 125/210/196
f 498/325/311 1442/281/267 123/280/266
f 674/326/312 1491/342/328 131/327/313
f 1486/328/314 131/327/313 1497/329/315
f 524/282/268 32/242/228 127/244/230
f 539/332/318 1461/331/317 127/244/230
f 1512/217/203 129/207/193 1507/333/319
f 436/247/233 1431/261/247 121/260/246
f 460/319/305 1427/249/235 120/248/234
f 1482/226/212 130/340/326 1471/337/323
f 639/339/325 1471/337/323 130/340/326
f 498/325/311 29/255/241 124/299/285
f 513/209/195 1447/341/327 124/299/285
f 1497/329/315 131/327/313 1491/342/328
f 1525/224/210 133/223/209 1487/229/215
f 539/332/318 34/270/256 128/199/185
f 1568/352/338 800/530/494 54/353/339
f 780/364/347 1568/352/338 156/354/340
f 1588/378/360 155/444/419 53/379/361
f 1583/381/363 167/438/414 60/382/364
f 1603/388/370 163/398/379 52/389/371
f 848/397/378 59/451/426 163/398/379
f 1618/402/382 780/364/347 50/365/348
f 853/404/384 1618/402/382 154/403/383
f 864/412/392 1633/410/390 162/411/391
f 156/354/340 54/353/339 907/419/397
f 44/421/399 892/536/500 1663/422/400
f 916/426/403 42/443/399 148/427/399
f 154/403/383 50/365/348 887/429/405
f 166/437/413 1637/492/458 907/419/397
f 167/438/414 1662/440/416 891/439/415
f 53/379/361 921/445/420 1662/440/416
f 1658/442/418 147/423/399 42/443/399
f 155/444/419 1667/446/421 921/445/420
f 52/389/371 931/450/425 1667/446/421
f 1673/428/404 148/427/399 45/448/423
f 163/398/379 1682/452/427 931/450/425
f 59/451/426 954/535/499 1682/452/427
f 886/454/429 1648/490/457 146/455/399
f 162/411/391 51/405/385 959/459/432
f 150/461/399 46/482/399 958/462/434
f 55/413/393 162/411/391 1712/460/433
f 157/470/441 55/469/393 968/471/438
f 41/456/399 146/455/399 1643/473/443
f 146/455/399 43/491/399 911/476/446
f 50/365/348 156/354/340 1647/420/398
f 964/480/449 1708/499/465 151/481/399
f 816/380/362 53/379/361 167/438/414
f 147/423/399 1663/422/400 922/488/455
f 786/383/365 60/382/364 166/437/413
f 1648/490/457 906/538/502 43/491/399
f 60/382/364 891/439/415 1637/492/458
f 151/481/399 1703/500/466 969/497/463
f 1708/499/465 974/1250/1231 1703/500/466
f 45/448/423 932/529/493 1683/506/471
f 145/510/399 1653/511/475 911/476/446
f 44/421/399 901/531/495 1653/511/475
f 41/456/399 150/461/399 1698/463/435
f 1693/516/480 964/480/449 46/482/399
f 1688/521/485 149/507/472 1678/522/486
f 149/507/472 1683/506/471 953/524/488
f 51/405/385 154/403/383 1697/430/406
f 826/390/372 52/389/371 155/444/419
f 46/482/399 151/481/399 1713/498/464
f 148/427/399 1668/532/496 932/529/493
f 1558/489/456 166/437/413 54/353/339
f 901/531/495 44/421/399 147/423/399
f 42/443/399 922/488/455 1668/532/496
f 161/485/452 1677/487/454 954/535/499
f 892/536/500 44/421/399 145/510/399
f 1638/537/501 145/510/399 43/491/399
f 926/449/424 45/448/423 149/507/472
f 897/474/444 1693/516/480 150/461/399
f 1001/555/516 1779/699/648 182/556/517
f 1015/558/519 75/620/577 189/559/520
f 1754/567/527 185/633/590 79/568/528
f 1749/570/530 197/627/584 85/571/531
f 1769/577/537 193/587/546 78/578/538
f 1784/591/550 990/553/514 76/554/515
f 1075/593/552 1784/591/550 184/592/551
f 1799/599/558 1075/593/552 77/594/553
f 1086/601/560 1799/599/558 192/600/559
f 70/610/567 1114/722/671 1829/611/568
f 84/613/570 1124/662/616 1823/614/571
f 1138/615/572 68/632/589 178/616/573
f 184/592/551 76/554/515 1109/618/575
f 75/620/577 183/624/581 1808/621/578
f 75/620/577 1134/622/579 1818/623/580
f 183/624/581 74/557/518 1118/625/582
f 196/626/583 1803/679/629 1129/608/565
f 197/627/584 1828/629/586 1113/628/585
f 79/568/528 1143/634/591 1828/629/586
f 1824/631/588 177/612/569 68/632/589
f 185/633/590 1833/635/592 1143/634/591
f 78/578/538 1153/639/596 1833/635/592
f 1839/617/574 178/616/573 71/637/594
f 193/587/546 1848/641/598 1153/639/596
f 1890/640/597 1177/2134/1336 1848/641/598
f 1108/643/600 1814/677/628 176/644/569
f 74/557/518 182/556/517 1858/646/601
f 182/556/517 73/597/556 1199/647/602
f 192/600/559 77/594/553 1195/648/603
f 180/650/569 72/669/569 1194/651/605
f 73/597/556 190/596/555 1873/653/607
f 190/596/555 1883/604/563 1211/654/608
f 81/602/561 192/600/559 1878/649/604
f 67/645/567 176/644/569 1809/660/614
f 1739/560/521 189/559/520 84/613/570
f 189/559/520 1818/623/580 1124/662/616
f 176/644/569 69/678/569 1133/663/617
f 1200/667/620 1874/686/636 181/668/569
f 1026/569/529 79/568/528 197/627/584
f 177/612/569 1829/611/568 1144/675/626
f 996/572/532 85/571/531 196/626/583
f 1814/677/628 1128/724/673 69/678/569
f 85/571/531 1113/628/585 1803/679/629
f 181/668/569 1869/687/637 1205/684/634
f 1874/686/636 1210/1374/1348 1869/687/637
f 194/548/510 1823/614/571 1139/692/642
f 71/637/594 1154/713/662 1849/693/643
f 175/697/569 1819/698/647 1133/663/617
f 70/610/567 1123/715/664 1819/698/647
f 1779/699/648 1081/595/554 73/597/556
f 67/645/567 180/650/569 1864/652/606
f 1859/700/649 1200/667/620 72/669/569
f 1854/705/654 179/694/644 1844/706/655
f 179/694/644 1849/693/643 1176/708/657
f 77/594/553 184/592/551 1863/619/576
f 1036/579/539 78/578/538 185/633/590
f 72/669/569 181/668/569 1879/685/635
f 178/616/573 1834/716/665 1154/713/662
f 1724/676/627 196/626/583 80/542/506
f 1123/715/664 70/610/567 177/612/569
f 68/632/589 1144/675/626 1834/716/665
f 1114/722/671 70/610/567 175/697/569
f 1804/723/672 175/697/569 69/678/569
f 1148/638/595 71/637/594 179/694/644
f 1119/661/615 1859/700/649 180/650/569
f 1306/148/136 1308/1502/1476 340/1501/1475
f 1309/1504/1478 1310/1506/1480 338/1505/1479
f 324/1508/1482 325/1509/1483 1310/1506/1480
f 343/1515/1489 1315/1514/1488 1312/128/118
f 344/1513/1487 343/1515/1489 1325/1530/1504
f 1331/95/88 1333/1537/1511 323/1507/1481
f 1341/96/89 1343/1550/1524 360/1549/1523
f 349/1533/1507 348/1535/1509 1345/1554/1528
f 1358/1564/1538 1359/1565/1539 375/800/752
f 357/191/177 360/1549/1523 1358/1564/1538
f 1365/1569/1543 397/1572/1546 394/135/125
f 1369/1575/1549 319/1522/1496 318/1524/1498
f 393/113/104 1376/119/109 1378/1582/1556
f 1379/1583/1557 426/826/780 425/823/777
f 399/121/111 1381/115/106 1383/1585/1559
f 568/263/249 1398/262/248 1400/1599/1575
f 579/997/960 1400/1599/1575 1401/1600/1576
f 1401/1600/1576 1402/1601/1577 571/984/945
f 1400/1599/1575 589/1003/967 599/1006/970
f 599/1006/970 598/1014/978 1402/1601/1577
f 598/1014/978 586/305/291 1399/264/250
f 1403/256/242 1405/1602/1578 593/1009/973
f 1405/1602/1578 1406/1604/1580 594/1011/975
f 594/1011/975 1406/1604/1580 1407/1603/1579
f 600/1015/979 1407/1603/1579 1404/243/229
f 603/234/220 608/1019/983 1405/1602/1578
f 608/1019/983 617/1022/986 1406/1604/1580
f 1406/1604/1580 617/1022/986 616/1035/1000
f 1407/1603/1579 616/1035/1000 605/271/257
f 1408/291/277 1410/1608/1586 611/1605/991
f 1411/1607/1585 1409/245/231 605/271/257
f 1408/291/277 567/292/278 576/991/952
f 1411/1607/1585 569/983/944 566/246/232
f 550/302/288 1412/298/284 1414/1610/1588
f 1415/1611/1589 1416/1612/1590 553/964/923
f 1416/1612/1590 1413/277/263 548/283/269
f 1414/1610/1588 595/1010/974 588/1004/968
f 588/1004/968 587/1002/966 1416/1612/1590
f 587/1002/966 584/278/264 1413/277/263
f 1420/1615/1595 1418/231/217 568/263/249
f 1420/1615/1595 551/966/925 548/283/269
f 1424/1620/1600 1425/1624/1603 563/1621/939
f 1421/253/239 604/303/289 613/1026/990
f 1425/1622/1601 606/1018/982 603/234/220
f 459/862/817 1426/212/198 1428/1625/1604
f 462/1626/818 1428/1625/1604 1429/1627/1605
f 463/871/828 1429/1627/1605 1430/1628/1606
f 468/869/826 1430/1628/1606 1427/249/235
f 434/169/156 439/834/791 1428/1625/1604
f 439/834/791 445/837/794 1429/1627/1605
f 445/837/794 446/846/1607 1430/1628/1606
f 446/846/1607 436/247/233 1427/249/235
f 1431/261/247 1433/1630/1609 482/1629/1608
f 1435/1632/1612 1432/239/225 473/321/307
f 1435/1632/1612 442/841/798 435/843/800
f 1438/1633/1614 1439/1634/1616 467/876/1615
f 1439/1634/1616 1440/1635/1617 471/873/830
f 1440/1635/1617 1437/236/222 461/238/224
f 1436/320/306 475/219/205 482/1636/1608
f 1440/1635/1617 481/887/844 474/884/843
f 497/905/868 1441/300/286 1443/1637/1619
f 500/903/866 1443/1637/1619 1444/1638/1620
f 501/915/869 1444/1638/1620 1445/1639/1621
f 505/914/875 1445/1639/1621 1442/281/267
f 448/222/208 453/851/807 1443/1637/1619
f 453/851/1622 456/855/1623 1444/1638/1620
f 456/855/1623 457/1640/1624 1445/1639/1621
f 457/1640/1624 450/279/265 1442/281/267
f 518/1644/1630 1450/1643/1629 1447/341/327
f 1451/211/197 450/279/265 457/859/1624
f 1453/1645/1631 457/859/1624 456/861/1635
f 1454/1646/1633 456/861/1635 453/1648/1636
f 1455/1647/1634 453/1648/812 449/267/253
f 1456/259/245 1458/1649/1638 494/901/1637
f 491/2178/2175 494/901/1637 495/1651/1640
f 494/901/1637 1458/1649/1638 495/1651/1640
f 1459/1650/1639 1460/1652/1641 489/890/851
f 1458/1649/1638 532/944/1642 527/945/897
f 1459/1650/1639 527/945/897 526/934/895
f 1461/331/317 1463/1653/1643 532/941/1642
f 1463/1653/1643 544/1656/1646 545/953/1647
f 1465/1655/1645 541/955/908 538/950/907
f 1466/345/331 1468/1658/1648 544/1657/1646
f 1468/1658/1648 1469/1659/1650 545/961/1649
f 1469/1659/1650 1470/1660/1651 547/957/914
f 1470/1660/1651 1467/288/274 540/293/279
f 1466/345/331 487/198/184 496/902/1652
f 1468/1658/1648 496/902/1652 491/898/1653
f 1469/1659/1650 491/898/1653 493/897/854
f 1470/1660/1651 493/897/854 486/894/853
f 633/1049/1016 1473/1661/1654 1474/1662/1655
f 634/1042/1009 1474/1662/1655 1475/1663/1656
f 1471/1664/323 639/1063/325 648/1062/1028
f 1473/1661/1654 648/1062/1028 642/1056/1022
f 1474/1662/1655 642/1056/1022 641/1054/1020
f 1475/1663/1656 641/1054/1020 638/324/310
f 1486/1673/314 1488/1674/1663 685/1100/1065
f 1488/1674/1663 1489/1675/1664 686/1091/1057
f 1489/1675/1664 1490/1676/1665 677/1088/1054
f 677/1088/1054 1490/1676/1665 1487/229/215
f 701/1112/1076 694/1116/1079 1489/1675/1664
f 694/1116/1079 693/1106/1070 1490/1676/1665
f 693/1106/1070 690/344/330 1487/229/215
f 1496/316/302 692/1118/1082 706/1120/1084
f 1498/1681/1669 706/1120/1084 700/1114/1077
f 1499/1682/1670 700/1114/1077 699/1111/1075
f 1500/1684/1671 699/2179/1075 691/330/316
f 1511/307/293 1513/1693/1678 771/1182/1150
f 1513/1693/1678 1514/1694/1679 772/1188/1161
f 1514/1694/1679 1515/1695/1680 777/1185/1158
f 1515/1695/1680 1512/1696/203 765/1186/320
f 1511/307/293 729/309/295 742/1152/1122
f 1513/1693/1678 742/1152/1122 737/1147/1117
f 1514/1694/1679 737/1147/1117 736/1144/1115
f 1515/1695/1680 736/1144/1115 728/1146/204
f 1639/1850/1857 1640/1852/1859 909/1851/1858
f 887/429/405 1647/420/398 1649/1867/1874
f 890/1868/1875 1649/1867/1874 1650/1869/1876
f 889/1870/1877 1650/1869/1876 1651/1871/1878
f 1650/1869/1876 909/1851/1858 908/1853/1860
f 914/1861/1868 913/1863/1870 1656/1878/1885
f 1665/1886/1893 1666/1887/1894 895/1857/1864
f 924/1889/1896 925/1890/1897 1666/1887/1894
f 1669/1891/1898 1670/1892/1899 924/1889/1896
f 934/1895/1902 935/1896/1903 1671/1893/1900
f 1675/1900/1907 1676/1902/1909 928/1901/1908
f 955/1908/1915 1681/1907/1914 1678/522/486
f 1690/1913/1920 1691/1914/1921 950/1239/1219
f 1694/1915/1922 965/1918/1925 966/1919/1926
f 1697/430/406 887/429/405 890/1868/1875
f 965/1918/1925 1709/1935/1940 1710/1936/1941
f 1711/1937/1942 982/1248/1229 974/1250/1231
f 971/1933/1938 1715/1940/1944 1716/1941/1945
f 1714/1938/1943 962/1922/1929 961/1924/1931
f 1820/2098/2097 1821/2100/2099 1126/2099/2098
f 1825/2104/2103 1826/2106/2105 1141/2105/2104
f 1147/2114/2113 1144/675/626 1829/611/568
f 1840/2122/2121 1841/2124/2123 1151/2123/2122
f 1151/2123/2122 1150/2125/2124 1857/2137/2134
f 1120/2088/2087 1860/2138/2135 1861/2139/2136
f 1122/2090/2089 1862/2140/2137 1859/700/649
f 1197/2147/2144 1866/2146/2143 1867/2148/2145
f 1865/2144/2141 1112/2092/2091 1111/2094/2093
f 1866/2146/2143 1111/2094/2093 1110/2096/2095
f 1206/2153/2150 1207/2154/2151 1871/2151/2148
f 1199/647/602 1873/653/607 1875/2156/2153
f 1201/2141/2138 1875/2156/2153 1876/2157/2154
f 1873/653/607 1211/654/608 1223/1380/1355
f 1878/649/604 1195/648/603 1198/2145/2142
f 1881/2160/2157 1197/2147/2144 1196/2149/2146
f 1286/4/4 91/73/5 1/5/5
f 87/10/5 1231/64/59 224/11/10
f 213/13/11 23/79/72 112/14/12
f 4/16/5 88/46/5 1251/17/14
f 198/19/16 1237/7/7 104/9/9
f 209/21/18 1282/168/155 100/22/19
f 223/24/21 15/86/79 107/25/22
f 3/12/5 86/30/5 1226/27/24
f 1241/29/26 214/164/152 4/16/5
f 1247/15/13 112/14/12 21/31/27
f 1257/33/29 103/99/92 19/34/30
f 1252/36/32 115/93/86 25/37/33
f 228/32/28 21/31/27 106/39/35
f 1272/43/39 111/53/48 18/44/40
f 88/46/5 2/160/148 233/47/42
f 265/52/47 24/106/99 111/53/48
f 89/54/49 5/157/145 243/55/50
f 1287/57/52 198/19/16 16/20/17
f 270/59/54 1287/57/52 102/58/53
f 276/61/56 1297/69/64 108/62/57
f 1/5/5 208/196/182 1231/64/59
f 1302/65/60 270/59/54 17/60/55
f 282/67/62 1302/65/60 110/66/61
f 1297/69/64 299/774/721 1391/70/65
f 6/71/66 275/133/123 1281/72/67
f 19/34/30 351/100/93 1331/95/88
f 103/99/92 1336/101/94 351/100/93
f 18/44/40 361/105/98 1336/101/94
f 111/53/48 1351/107/100 361/105/98
f 24/106/99 384/192/178 1351/107/100
f 100/22/19 13/63/58 393/113/104
f 1232/122/112 209/21/18 14/23/20
f 1292/123/113 280/751/699 1387/124/114
f 105/125/115 1387/124/114 398/126/116
f 224/11/10 1241/29/26 86/30/5
f 1242/26/23 107/25/22 23/79/72
f 92/132/122 1296/150/138 275/133/123
f 199/6/6 1/5/5 87/10/5
f 234/35/31 19/34/30 115/93/86
f 1267/138/128 248/727/676 1396/139/129
f 109/141/130 1396/2180/129 366/142/131
f 204/38/34 25/37/33 114/92/85
f 1291/149/137 300/781/732 1296/150/138
f 281/151/139 1291/149/137 92/132/122
f 5/157/145 90/173/160 1271/158/146
f 1246/159/147 229/165/153 2/160/148
f 214/164/152 1246/159/147 88/46/5
f 229/165/153 1261/190/176 89/54/49
f 1282/168/155 276/61/56 13/63/58
f 90/173/160 1266/176/163 266/174/161
f 1276/175/162 249/736/685 1266/176/163
f 1292/123/113 105/125/115 1392/181/168
f 271/183/170 6/71/66 91/73/5
f 105/125/115 1371/127/117 417/184/171
f 244/45/41 18/44/40 103/99/92
f 1301/152/140 92/132/122 6/71/66
f 2/160/148 89/54/49 1256/56/51
f 1227/145/134 114/92/85 20/8/8
f 1267/189/128 109/141/130 24/106/99
f 1261/190/176 239/197/183 5/157/145
f 109/141/130 1346/143/132 384/192/178
f 1236/134/124 87/10/5 3/12/5
f 86/30/5 4/16/5 203/18/15
f 91/73/5 1281/72/67 208/196/182
f 239/197/183 1276/175/162 90/173/160
f 1462/201/187 538/950/907 1554/202/188
f 134/203/189 1554/202/188 763/204/190
f 136/214/200 1530/275/261 709/215/201
f 1432/239/225 435/843/800 1517/240/226
f 1417/252/238 119/304/290 1421/253/239
f 499/265/251 1446/274/260 136/214/200
f 1452/269/255 117/268/254 1531/272/258
f 1446/274/260 512/920/879 1530/275/261
f 525/286/272 1462/201/187 134/203/189
f 523/295/281 1535/335/321 116/296/282
f 1534/287/273 134/203/189 1506/205/191
f 118/241/227 1517/240/226 640/310/296
f 1548/266/252 136/214/200 1492/216/202
f 117/268/254 1496/316/302 710/318/304
f 473/321/307 1432/239/225 118/241/227
f 1522/322/308 118/241/227 1476/311/297
f 1535/335/321 745/1156/1127 1501/336/322
f 1457/297/283 116/296/282 1540/346/332
f 116/296/282 1501/336/322 727/348/334
f 1617/349/335 143/418/336 35/350/336
f 139/355/336 1562/409/389 806/356/341
f 795/358/342 58/424/401 164/359/343
f 38/361/336 140/391/336 1582/362/345
f 791/366/349 1613/512/476 152/367/350
f 805/369/352 49/431/407 159/370/353
f 37/357/336 138/375/336 1557/372/355
f 1572/374/357 796/508/473 38/361/336
f 1578/360/344 164/359/343 56/376/358
f 810/377/359 56/376/358 158/384/366
f 1593/385/367 158/384/366 57/386/368
f 140/391/336 36/504/336 815/392/373
f 820/387/369 57/386/368 165/393/374
f 1608/394/375 165/393/374 1720/395/376
f 141/399/336 39/501/467 825/400/380
f 859/406/386 1628/414/394 160/407/387
f 35/350/336 790/539/503 1562/409/389
f 1633/410/390 853/404/384 51/405/385
f 1628/414/394 869/1215/1190 1717/415/395
f 40/416/336 858/478/447 1612/417/396
f 58/424/401 902/475/445 1657/425/402
f 49/431/407 153/435/411 1642/432/408
f 49/431/407 912/433/409 1652/434/410
f 153/435/411 48/368/351 896/436/412
f 56/376/358 917/505/470 1672/441/417
f 57/386/368 927/534/498 1687/447/422
f 165/393/374 1687/447/422 937/453/428
f 48/368/351 152/367/350 1692/457/430
f 152/367/350 47/408/388 963/458/431
f 47/408/388 160/407/387 1707/464/436
f 160/407/387 1717/415/395 975/465/437
f 1563/467/439 791/366/349 48/368/351
f 1623/468/440 864/1837/392 55/469/393
f 806/356/341 1572/374/357 138/375/336
f 1573/371/354 159/370/353 58/424/401
f 159/370/353 1652/434/410 902/475/445
f 144/477/336 1627/494/460 858/478/447
f 781/351/337 35/350/336 139/355/336
f 1598/483/450 830/2181/1162 1721/484/451
f 161/485/452 1721/484/451 936/486/453
f 805/369/352 1563/467/439 153/435/411
f 1622/493/459 870/1224/1201 1627/494/460
f 863/495/461 1622/493/459 144/477/336
f 39/501/467 142/517/481 1602/502/468
f 1577/503/469 811/509/474 36/504/336
f 164/359/343 1657/425/402 917/505/470
f 796/508/473 1577/503/469 140/391/336
f 811/509/474 1592/533/497 141/399/336
f 1613/512/476 859/406/386 47/408/388
f 1783/513/477 173/607/478 61/514/478
f 142/517/481 1597/520/484 849/518/482
f 1607/519/483 831/1198/1171 1597/520/484
f 1623/468/440 157/470/441 1718/525/489
f 854/527/491 40/416/336 143/418/336
f 157/470/441 1702/472/442 973/528/492
f 1632/496/462 144/477/336 40/416/336
f 36/504/336 141/399/336 1587/401/381
f 1598/483/450 161/485/452 59/451/426
f 1592/533/497 821/540/504 39/501/467
f 158/384/366 1672/441/417 927/534/498
f 1567/479/448 139/355/336 37/357/336
f 138/375/336 38/361/336 785/363/346
f 143/418/336 1612/417/396 790/539/503
f 821/540/504 1607/519/483 142/517/481
f 1734/541/505 1010/714/663 80/542/506
f 169/544/478 1728/598/557 1016/545/508
f 1005/547/509 84/613/570 194/548/510
f 64/550/478 170/580/478 1748/551/512
f 990/553/514 1734/541/505 186/543/507
f 63/546/478 168/564/478 1723/561/522
f 1738/563/524 1006/695/645 64/550/478
f 1744/549/511 194/548/510 82/565/525
f 1020/566/526 82/565/525 188/573/533
f 1759/574/534 188/573/533 83/575/535
f 170/580/478 62/691/641 1025/581/540
f 1030/576/536 83/575/535 195/582/541
f 1774/583/542 195/582/541 1886/584/543
f 1058/586/545 1890/640/597 193/587/546
f 171/588/547 65/688/638 1035/589/548
f 1081/595/554 1794/603/562 190/596/555
f 61/514/478 1000/725/674 1728/598/557
f 1794/603/562 1091/1308/1288 1883/604/563
f 66/605/478 1080/665/618 1778/606/564
f 186/543/507 80/542/506 1129/608/565
f 82/565/525 1139/692/642 1838/630/587
f 83/575/535 1149/720/669 1853/636/593
f 195/582/541 1853/636/593 1159/642/599
f 1729/656/610 1001/555/516 74/557/518
f 1789/657/611 1086/601/560 81/602/561
f 187/658/612 81/602/561 1204/655/609
f 1016/545/508 1738/563/524 168/564/478
f 174/664/478 1793/681/631 1080/665/618
f 991/515/479 61/514/478 169/544/478
f 76/554/515 186/543/507 1813/609/566
f 1764/670/621 1040/1261/1242 1887/671/622
f 191/672/623 1887/671/622 1158/673/624
f 1015/558/519 1729/656/610 183/624/581
f 1788/680/630 1092/1318/1299 1793/681/631
f 1085/682/632 1788/680/630 174/664/478
f 65/688/638 172/701/650 1768/689/639
f 1743/690/640 1021/696/646 62/691/641
f 1006/695/645 1743/690/640 170/580/478
f 1021/696/646 1758/719/668 171/588/547
f 172/701/650 1763/704/653 1059/702/651
f 1773/703/652 1041/1270/1251 1763/704/653
f 1789/657/611 187/658/612 1884/709/658
f 1076/711/660 66/605/478 173/607/478
f 187/658/612 1868/659/613 1209/712/661
f 1798/683/633 174/664/478 66/605/478
f 62/691/641 171/588/547 1753/590/549
f 1764/670/621 191/672/623 1891/717/666
f 1758/719/668 1031/726/675 65/688/638
f 188/573/533 1838/630/587 1149/720/669
f 191/672/623 1843/674/625 1175/721/670
f 1733/666/619 169/544/478 63/546/478
f 168/564/478 64/550/478 995/552/513
f 173/607/478 1778/606/564 1000/725/674
f 1031/726/675 1773/703/652 172/701/650
f 248/727/676 251/730/679 254/728/677
f 251/730/679 252/741/688 255/731/680
f 254/728/677 255/731/680 256/733/682
f 257/734/683 260/740/687 259/735/684
f 258/737/686 261/747/689 260/738/687
f 260/740/687 255/731/680 252/741/688
f 261/742/689 256/733/682 255/731/680
f 250/51/690 253/1595/2176 263/743/691
f 262/744/692 263/743/691 261/747/694
f 263/743/691 264/746/2177 256/748/696
f 283/749/697 286/753/701 285/750/698
f 284/752/700 287/755/703 286/753/701
f 286/753/701 288/756/704 295/754/702
f 281/757/139 289/760/707 292/758/705
f 289/760/707 290/766/1471 293/761/708
f 291/759/706 292/758/705 287/755/703
f 292/758/705 293/761/708 288/762/704
f 294/763/709 297/765/711 296/764/710
f 295/754/702 288/756/704 297/765/711
f 297/765/711 293/761/713 290/766/712
f 298/182/169 301/2182/716 303/767/714
f 302/768/715 303/767/714 315/771/718
f 303/767/714 304/770/717 305/773/720
f 299/774/721 306/777/724 309/775/722
f 306/777/724 307/784/1469 310/778/725
f 308/776/726 309/775/722 304/770/727
f 309/775/722 310/778/725 305/773/729
f 311/779/730 314/2183/733 313/780/731
f 312/772/719 315/771/718 314/782/733
f 314/782/733 310/778/735 307/784/734
f 315/771/718 305/773/720 310/778/735
f 366/142/131 369/2184/738 371/786/736
f 370/787/737 371/786/736 382/790/740
f 371/786/736 372/789/2178 373/792/742
f 367/108/101 374/795/745 376/793/743
f 374/795/745 375/800/752 377/796/746
f 376/793/743 377/796/746 373/792/748
f 378/797/749 381/799/751 380/798/750
f 379/791/741 382/790/753 381/799/751
f 381/799/751 377/796/746 375/800/752
f 382/790/753 373/792/748 377/796/746
f 401/801/754 404/804/757 403/802/755
f 402/803/756 405/813/766 404/804/757
f 404/804/757 416/807/760 413/805/758
f 404/804/757 405/813/766 406/806/759
f 407/808/761 410/811/764 409/809/762
f 408/810/763 411/812/765 410/811/764
f 410/811/764 405/813/766 402/803/756
f 411/812/765 406/806/759 405/813/766
f 412/814/767 415/816/769 414/815/768
f 413/805/758 416/807/760 415/816/769
f 414/815/768 415/816/769 411/812/765
f 415/816/769 416/807/760 406/806/759
f 417/184/171 420/819/772 422/817/770
f 420/819/772 421/828/782 423/820/773
f 422/817/770 423/820/773 424/822/775
f 425/823/777 428/827/781 427/824/778
f 426/826/780 429/829/783 428/827/781
f 428/827/781 423/820/784 421/828/782
f 429/829/783 424/822/789 423/820/784
f 419/120/110 430/1592/787 432/830/785
f 431/831/786 432/830/785 429/829/783
f 432/830/785 433/821/788 424/822/789
f 437/833/790 440/836/793 439/834/791
f 442/841/798 440/845/793 444/842/799
f 445/840/797 441/839/796 443/844/803
f 462/863/818 472/867/822 470/865/820
f 462/863/818 463/2185/828 465/866/821
f 466/868/823 467/870/2179 468/869/824
f 469/872/831 470/865/1723 472/867/832
f 471/874/833 472/867/832 465/866/835
f 481/885/848 478/881/838 477/879/839
f 492/896/858 493/895/861 489/891/859
f 493/895/861 495/899/2180 490/892/862
f 494/901/863 491/2178/2181 496/902/864
f 500/903/866 503/907/870 502/904/867
f 506/911/873 504/919/872 507/912/874
f 508/916/876 511/918/878 510/917/877
f 509/909/871 503/908/870 511/918/878
f 511/918/878 504/919/872 506/911/873
f 516/926/883 520/925/2182 519/927/884
f 517/931/888 515/933/893 522/932/889
f 526/934/895 529/937/898 528/935/896
f 531/942/902 530/940/900 527/936/897
f 534/946/904 537/948/906 536/947/905
f 535/939/899 529/938/898 537/948/906
f 537/948/906 529/938/898 530/940/900
f 545/953/910 1896/960/2183 543/954/911
f 546/956/915 542/1724/2184 541/958/916
f 547/959/917 541/958/916 543/962/920
f 548/283/269 551/966/925 554/963/922
f 552/965/924 555/968/927 554/963/922
f 554/963/922 565/969/928 562/967/926
f 549/254/240 556/972/931 559/970/929
f 556/972/931 557/1619/1599 560/973/932
f 558/971/930 559/970/929 555/974/933
f 559/970/935 560/973/2185 565/976/936
f 561/977/938 564/979/940 563/978/939
f 562/967/926 565/969/942 564/979/940
f 564/979/940 560/982/943 557/980/941
f 569/983/944 572/986/947 571/984/945
f 570/985/946 573/988/949 572/986/947
f 572/986/947 583/989/950 580/987/948
f 567/292/278 574/992/953 577/990/951
f 574/992/953 575/1614/1592 578/993/954
f 576/994/952 577/995/951 573/988/955
f 577/995/957 578/1001/2186 583/996/958
f 579/997/960 582/999/962 581/998/961
f 580/987/948 583/989/964 582/999/962
f 582/999/962 578/1001/965 575/1000/963
f 587/1002/966 590/1005/969 589/1003/967
f 588/1004/968 591/1013/977 590/1005/969
f 590/1005/969 602/1008/972 599/1006/970
f 590/1005/969 591/1013/977 592/1007/971
f 593/1009/973 596/1012/976 595/1010/974
f 594/1011/975 597/1017/981 596/1012/976
f 596/1012/976 591/1013/977 588/1004/968
f 596/1012/976 597/1017/981 592/1007/971
f 598/1014/978 601/1016/980 600/1015/979
f 599/1006/970 602/1008/972 601/1016/980
f 601/1016/980 597/1017/981 594/1011/975
f 601/1016/980 602/1008/972 592/1007/971
f 606/1018/982 609/1021/985 608/1019/983
f 607/1020/984 610/1023/987 609/1021/985
f 609/1021/985 620/1024/988 617/1022/986
f 604/303/289 611/1605/991 614/1025/989
f 611/1027/991 612/1036/1582 615/1028/992
f 613/1026/990 614/1025/989 610/1030/993
f 614/1029/995 615/1028/2187 620/1032/996
f 605/271/257 616/1035/1000 619/1033/998
f 617/1022/986 620/1024/1002 619/1033/998
f 619/1033/998 615/1028/1003 612/1036/1001
f 621/284/270 624/1039/1006 627/1037/1004
f 626/1038/1005 627/1037/1004 637/1041/1008
f 622/312/298 629/1047/1013 627/1045/1011
f 629/1047/1013 630/1053/1019 632/1048/1014
f 633/1049/1016 636/1052/1018 635/1050/1017
f 634/1042/1009 637/1041/1008 636/1052/1018
f 636/1052/1018 632/1048/1014 630/1053/1019
f 637/1041/1008 628/1044/1010 632/1048/1014
f 641/1054/1020 644/1057/1023 643/1055/1021
f 642/1056/1022 645/1059/1025 644/1057/1023
f 644/1057/1023 655/1060/1026 652/1058/1024
f 646/1061/1027 649/1065/1030 648/1062/1028
f 647/1064/1029 650/1066/1031 649/1065/1030
f 649/1065/1030 645/1059/1025 642/1056/1022
f 650/1066/1031 655/1070/1026 645/1059/1025
f 651/1067/1032 654/1069/1034 653/1068/1033
f 652/1058/1024 655/1060/1026 654/1069/1034
f 654/1069/1034 650/1066/1031 647/1064/1029
f 656/323/309 659/1073/1037 662/1071/1035
f 659/1073/1037 660/1082/1045 663/1074/1038
f 664/1077/1040 667/1081/1044 666/1078/1041
f 665/1080/1042 663/1086/1051 667/1081/1043
f 667/1081/1044 663/1074/1038 660/1082/1045
f 658/313/299 668/1085/1685 671/1083/1046
f 668/1085/1048 669/1076/2188 662/1075/1049
f 670/1084/1047 671/1083/2189 663/1086/1051
f 675/1087/1053 678/1090/1056 677/1088/1054
f 676/1089/1055 679/1099/1058 678/1090/1056
f 678/1090/1056 689/1093/1059 686/1091/1057
f 680/1094/1060 683/1097/1063 682/1095/1061
f 681/1096/1062 684/1098/1064 683/1097/1063
f 683/1097/1063 679/1099/1058 676/1089/1055
f 685/1100/1065 688/1103/1067 687/1101/1066
f 686/1091/1057 689/1093/1059 688/1103/1067
f 688/1103/1067 684/1098/1064 681/1096/1062
f 689/1093/1059 679/1092/1058 684/1098/1064
f 690/344/330 693/1106/1070 696/1104/1068
f 693/1106/1070 694/1116/1079 697/1107/1071
f 695/1105/1069 696/1104/1068 708/1108/1072
f 696/1104/1068 697/1107/1071 698/1110/1074
f 699/1111/1075 702/1115/1078 701/1112/1076
f 700/1114/1077 703/1117/1080 702/1115/1078
f 702/1115/1078 697/1107/1081 694/1116/1079
f 703/1117/1080 698/1110/2190 697/1107/1081
f 692/1118/1082 704/1121/1085 707/1119/1083
f 704/1121/1085 705/1109/1700 708/1108/1086
f 706/1120/1084 707/1119/1083 703/1117/1087
f 707/1119/1083 708/1108/1086 698/1110/1088
f 709/215/201 712/1707/1091 714/1122/1089
f 713/1123/1090 714/1122/1089 726/1126/1093
f 714/1122/1089 715/1125/1092 716/1128/1095
f 710/318/304 717/1131/1098 720/1129/1096
f 717/1131/1098 718/1137/1107 721/1132/1099
f 719/1130/1100 720/1129/1096 715/1125/1101
f 720/1129/1096 721/1132/1099 716/1128/1103
f 722/1133/1104 725/1136/1106 724/1134/1105
f 723/1127/1094 726/1126/1093 725/1136/1106
f 725/1136/1106 721/1132/1108 718/1137/1107
f 726/1126/1093 716/1128/1095 721/1132/1108
f 727/348/334 730/1140/1111 733/1138/1109
f 730/1140/1111 731/1149/1119 734/1141/1112
f 733/1138/1109 734/1141/1112 735/1143/1114
f 736/1144/1115 739/1148/1118 738/1145/1116
f 737/1147/1117 740/1150/1120 739/1148/1118
f 739/1148/1118 734/1141/1112 731/1149/1119
f 740/1150/1120 735/1143/1114 734/1141/1112
f 729/309/295 741/1153/1712 743/1151/1121
f 741/1153/1123 732/1714/1714 744/1142/1124
f 742/1152/1122 743/1151/1121 740/1150/1120
f 743/1151/1121 744/1142/1124 735/1143/1114
f 748/1154/1125 751/1158/1129 750/1155/1126
f 749/1157/1128 752/1167/1131 751/1158/1129
f 751/1158/1129 762/1161/1132 759/1159/1130
f 753/1162/1133 756/1165/1136 755/1163/1134
f 754/1164/1135 757/1166/1137 756/1165/1136
f 756/1165/1136 752/1167/1131 749/1157/1128
f 758/1168/1138 761/1171/1140 760/1169/1139
f 759/1159/1130 762/1161/1132 761/1171/1140
f 761/1171/1140 757/1166/1137 754/1164/1135
f 762/1161/1132 752/1160/1131 757/1166/1137
f 763/204/190 766/1174/1737 769/1172/1141
f 768/1173/1142 769/1172/1141 779/1176/1145
f 764/308/294 771/1182/1150 774/1180/1148
f 771/1182/1150 772/1188/1161 779/1183/1151
f 774/1180/1152 769/1178/1156 767/1175/1153
f 774/1180/1152 779/1183/1151 770/1179/1155
f 775/1184/1157 778/1187/1159 777/1185/1158
f 776/1177/1146 779/1176/1145 778/1187/1159
f 778/1187/1160 779/1183/1151 772/1188/1161
f 830/1189/1162 833/1192/1165 836/1190/1163
f 833/1192/1165 834/1201/1174 837/1193/1166
f 836/1190/1163 837/1193/1166 838/1195/1168
f 839/1196/1169 842/1200/1173 841/1197/1170
f 840/1199/1172 843/1202/1175 842/1200/1173
f 842/1200/1173 837/1193/1166 834/1201/1174
f 843/1202/1175 838/1195/1168 837/1193/1166
f 832/396/377 844/1946/2191 846/1203/1176
f 844/1205/1178 835/2186/2192 847/1194/1179
f 845/1207/1177 846/1206/1176 843/1202/1180
f 846/1206/1176 847/1194/1179 838/1195/1182
f 868/526/490 871/2187/1185 873/1208/1183
f 872/1209/1184 873/1208/1183 885/1212/1187
f 873/1208/1183 874/1211/1186 875/1214/1189
f 869/1215/1190 876/1844/1193 879/1216/1191
f 876/1218/1193 877/1226/1851 880/1219/1194
f 878/1221/1195 879/1220/1191 874/1211/1196
f 879/1220/1191 880/1219/1194 875/1214/1198
f 881/1222/1199 884/1225/1202 883/1223/1200
f 882/1213/1188 885/1212/1187 884/1225/1202
f 884/1225/1202 880/1219/1204 877/1226/1203
f 885/1212/1187 875/1214/1189 880/1219/1204
f 936/486/453 939/2188/1207 941/1227/1205
f 940/1228/1206 941/1227/1205 952/1231/1209
f 941/1227/1205 942/1230/2193 943/1233/1211
f 937/453/428 944/1236/1214 946/1234/1212
f 944/1236/1214 945/1241/1221 947/1237/1215
f 946/1234/1212 947/1237/1215 943/1233/1217
f 948/1238/1218 951/1240/1220 950/1239/1219
f 949/1232/1210 952/1231/1222 951/1240/1220
f 951/1240/1220 947/1237/1215 945/1241/1221
f 952/1231/1222 943/1233/1217 947/1237/1215
f 973/528/492 976/1244/1225 979/1242/1223
f 976/1244/1225 977/1928/1234 980/1245/1226
f 979/1242/1223 980/1245/1226 981/1247/1228
f 982/1248/1229 985/1252/1233 984/1249/1230
f 983/1251/1232 986/1254/1235 985/1252/1233
f 985/1252/1233 980/1255/1236 977/1253/1234
f 986/1254/1235 981/1260/1241 980/1255/1236
f 975/465/437 978/1943/1239 988/1256/1237
f 987/1257/1238 988/1256/1237 986/1254/1235
f 988/1256/1237 989/1259/2194 981/1260/1241
f 1040/1261/1242 1043/1264/1245 1045/1262/1243
f 1043/1264/1245 1044/1275/1254 1046/1265/1246
f 1045/1262/1243 1046/1265/1246 1047/1267/1248
f 1048/1268/1249 1051/1274/1253 1050/1269/1250
f 1049/1271/1252 1052/1281/1255 1051/1272/1253
f 1051/1274/1253 1046/1265/1246 1044/1275/1254
f 1052/1276/1255 1047/1267/1248 1046/1265/1246
f 1042/585/544 1053/2168/1258 1055/1277/1256
f 1054/1278/1257 1055/1277/1256 1052/1281/1260
f 1055/1277/1256 1056/1280/2195 1047/1282/1261
f 1060/1283/1262 1063/1286/1265 1062/1284/1263
f 1061/1285/1264 1064/1295/1267 1063/1286/1265
f 1063/1286/1265 1074/1289/1268 1071/1287/1266
f 1065/1290/1269 1068/1294/1272 1067/1291/1270
f 1066/1293/1271 1069/1296/1273 1068/1294/1272
f 1067/1291/1270 1068/1294/1272 1064/1295/1267
f 1059/702/651 1070/1299/1276 1073/1297/1274
f 1070/1299/1276 1071/1287/2027 1074/1289/1277
f 1072/1298/1275 1073/1297/1274 1069/1296/1278
f 1073/1297/1280 1074/1289/1268 1064/1288/1267
f 1090/1300/659 1093/2189/1283 1095/1301/1281
f 1094/1302/1282 1095/1301/1281 1107/1305/1285
f 1095/1301/1281 1096/1304/1284 1097/1307/1287
f 1091/1308/1288 1098/1311/1291 1101/1309/1289
f 1098/1311/1291 1099/2065/2067 1102/1312/1292
f 1100/1310/1293 1101/1309/1289 1096/1313/1294
f 1101/1309/1289 1102/1312/1292 1097/1315/1296
f 1103/1316/1297 1106/1319/1300 1105/1317/1298
f 1104/1306/1286 1107/1305/1285 1106/1319/1300
f 1106/1319/1300 1102/1321/1302 1099/1320/1301
f 1107/1305/1285 1097/1307/1287 1102/1321/1302
f 1158/673/624 1161/2173/1305 1163/1322/1303
f 1162/1323/1304 1163/1322/1303 1174/1326/1307
f 1163/1322/1303 1164/1325/1306 1165/1328/1309
f 1159/642/599 1166/1331/1312 1168/1329/1310
f 1166/1331/1312 1167/1342/1320 1169/1332/1313
f 1168/1329/1310 1169/1332/1313 1165/1335/1315
f 1170/1337/1317 1173/1341/1319 1172/1338/1318
f 1171/1327/1308 1174/1326/1321 1173/1339/1319
f 1173/1341/1319 1169/1332/1313 1167/1342/1320
f 1174/1326/1321 1165/1328/1315 1169/1343/1313
f 1178/1344/1322 1181/1347/1325 1180/1345/1323
f 1179/1346/1324 1182/1357/1333 1181/1347/1325
f 1181/1347/1325 1193/1350/1328 1190/1348/1326
f 1181/1347/1325 1182/1357/1333 1183/1349/1327
f 1184/1351/1329 1187/1354/1332 1186/1352/1330
f 1184/1351/1329 1185/1363/1338 1188/1353/1331
f 1187/1355/1332 1182/1357/1333 1179/1346/1324
f 1187/1355/1332 1188/1365/1331 1183/1349/1327
f 1189/1358/1334 1192/1361/1337 1191/1359/1335
f 1190/1348/1326 1193/1350/1328 1192/1361/1337
f 1192/1362/1337 1188/1353/1331 1185/1363/1338
f 1193/1350/1328 1183/1349/1327 1188/1365/1331
f 1209/712/661 1212/1368/1341 1214/1366/1339
f 1212/1368/1341 1213/1377/1351 1215/1369/1342
f 1214/1366/1339 1215/1369/1342 1216/1371/1344
f 1217/1372/1346 1220/1376/1350 1219/1373/1347
f 1218/1375/1349 1221/1378/1352 1220/1376/1350
f 1220/1376/1350 1215/1369/1353 1213/1377/1351
f 1221/1378/1352 1216/1371/1358 1215/1369/1353
f 1211/654/608 1222/2163/1356 1224/1379/1354
f 1223/1380/1355 1224/1379/1354 1221/1378/1352
f 1224/1379/1354 1225/1370/1357 1216/1371/1358
f 219/28/25 1226/27/24 1228/1382/1359
f 222/1384/1360 1228/1390/1359 1229/1385/1361
f 221/1386/1363 1229/1385/1368 1230/1387/1364
f 1230/1387/1364 1227/145/134 218/186/173
f 1226/27/24 203/18/15 205/1389/1366
f 1228/1390/1359 205/1428/1366 206/1391/1367
f 1229/1385/1368 206/1391/1406 207/1392/1369
f 207/1392/1369 204/38/34 1227/145/134
f 1231/64/59 1233/1399/1371 227/1393/1370
f 1233/1394/1371 1234/1397/1377 226/1395/1372
f 1234/1397/1373 1235/1402/1379 225/1398/1374
f 225/1398/1374 1235/1402/1379 1232/122/112
f 208/196/182 210/1469/1376 1233/1399/1371
f 210/1400/1376 211/1401/1445 1234/1397/1377
f 211/1401/1378 212/1472/1447 1235/1402/1379
f 1235/1402/1379 212/1472/1447 209/21/18
f 1236/134/124 1238/1409/1381 202/1403/1380
f 1238/1404/1381 1239/1407/1386 201/1405/1382
f 1239/1407/1383 1240/1410/1387 200/1408/1384
f 200/1408/1384 1240/1410/1387 1237/7/7
f 219/28/25 222/1383/1360 1238/1409/1381
f 222/1384/1360 221/1386/1362 1239/1407/1386
f 221/1386/1363 220/1388/1365 1240/1410/1387
f 1240/1410/1387 220/1388/1365 218/186/173
f 214/164/152 1241/29/26 1243/1411/1388
f 217/1413/1389 1243/1418/1388 1244/1414/1390
f 216/1415/1392 1244/1414/1395 1245/1416/1393
f 1245/1416/1393 1242/26/23 213/13/11
f 1241/29/26 224/11/10 227/1393/1370
f 1243/1418/1388 227/1396/1370 226/1395/1372
f 1244/1414/1395 226/1395/1375 225/1398/1374
f 225/1398/1374 223/24/21 1242/26/23
f 229/1419/153 1246/2190/147 1248/1420/1396
f 232/1421/1397 1248/1420/1396 1249/1422/1398
f 231/1423/1400 1249/1422/1403 1250/1424/1401
f 1250/1424/1401 1247/15/13 228/32/28
f 1246/159/147 214/164/152 217/1412/1389
f 1248/1420/1396 217/1413/1389 216/1415/1391
f 1249/1422/1403 216/1415/1392 215/1417/1394
f 215/1417/1394 213/13/11 1247/15/13
f 203/18/15 1251/17/14 1253/1427/1404
f 205/1428/1366 1253/1432/1404 1254/1429/1405
f 206/1391/1406 1254/1429/1410 1255/1430/1407
f 1255/1430/1407 1252/36/32 204/38/34
f 1251/17/14 233/47/42 235/1431/1408
f 1253/1432/1404 235/1436/1408 236/1433/1409
f 1254/1429/1410 236/1433/1414 237/1434/1411
f 237/1434/1411 234/35/31 1252/36/32
f 233/47/42 1256/56/51 1258/1435/1412
f 235/1436/1408 1258/1440/1412 1259/1437/1413
f 236/1433/1414 1259/1437/1418 1260/1438/1415
f 1260/1438/1415 1257/33/29 234/35/31
f 1256/56/51 243/55/50 245/1439/1416
f 1258/1440/1412 245/1460/1416 246/1441/1417
f 1259/1437/1418 246/1441/1436 247/1442/1419
f 247/1442/1419 244/45/41 1257/33/29
f 239/1443/183 1261/1450/176 1263/1444/1420
f 242/1445/1421 1263/1444/1420 1264/1446/1422
f 241/1447/1424 1264/1446/1427 1265/1448/1425
f 1265/1448/1425 1262/40/36 238/42/38
f 1261/1450/176 229/1419/153 232/1421/1397
f 1263/1444/1420 232/1421/1397 231/1423/1399
f 1264/1446/1427 231/1423/1400 230/1425/1402
f 230/1425/1402 228/32/28 1262/40/36
f 1266/176/163 1268/1452/1429 269/1451/1428
f 1268/1452/1429 1269/1454/1431 268/1453/1430
f 1269/1454/1431 1270/1458/1433 267/1455/1432
f 1270/1456/1433 1267/189/128 265/52/47
f 249/736/685 259/735/684 1268/1452/1429
f 259/735/684 252/741/688 1269/1454/1431
f 252/741/688 251/730/679 1270/1458/1433
f 251/730/679 248/727/676 1267/138/128
f 243/55/50 1271/158/146 1273/1459/1434
f 245/1460/1416 1273/2191/1438 1274/1461/1435
f 246/1441/1436 1274/1461/1439 1275/1462/1437
f 247/1442/1419 1275/1462/1437 1272/43/39
f 1271/158/146 266/174/161 269/1451/1428
f 1273/1459/1438 269/1451/1428 268/1453/1430
f 1274/1461/1439 268/2192/1430 267/1457/1432
f 267/1457/1432 265/52/47 1272/43/39
f 249/1464/685 1276/1468/162 1278/1465/1440
f 257/739/683 1278/1465/1440 1279/1466/1441
f 258/737/695 1279/1466/1443 1280/1467/1442
f 262/744/692 1280/1467/1442 1277/49/44
f 1276/1468/162 239/1443/183 242/1445/1421
f 1278/1465/1440 242/1445/1421 241/1447/1423
f 1279/1466/1443 241/1447/1424 240/1449/1426
f 1280/1467/1442 240/1449/1426 238/42/38
f 1281/72/67 1283/1473/1444 210/1469/1376
f 1283/1470/1444 1284/1471/1449 211/1401/1445
f 1284/1471/1446 1285/1476/1451 212/1472/1447
f 212/1472/1447 1285/1476/1451 1282/168/155
f 275/133/123 277/1490/1448 1283/1473/1444
f 277/1474/1448 278/1475/1464 1284/1471/1449
f 278/1475/1450 279/1493/1466 1285/1476/1451
f 1285/1476/1451 279/1493/1466 276/61/56
f 1286/4/4 1288/1483/1453 274/1477/1452
f 1288/1478/1453 1289/1481/1458 273/1479/1454
f 1289/1481/1455 1290/1484/1459 272/1482/1456
f 272/1482/1456 1290/1484/1459 1287/57/52
f 199/6/6 202/1403/1380 1288/1483/1453
f 202/1406/1380 201/1405/1382 1289/1481/1458
f 201/1405/1385 200/1408/1384 1290/1484/1459
f 1290/1484/1459 200/1408/1384 198/19/16
f 300/781/732 1291/149/137 1293/1485/1460
f 311/783/730 1293/1489/1460 1294/1486/1461
f 312/772/719 1294/1486/1461 1295/1487/1462
f 302/768/715 1295/1487/1462 1292/123/113
f 1291/149/137 281/151/139 291/1488/706
f 1293/1489/1460 291/759/706 284/752/700
f 1294/1486/1461 284/752/700 283/749/697
f 1295/1487/1462 283/749/697 280/751/699
f 1296/150/138 1298/1495/1463 277/1490/1448
f 1298/1491/1463 1299/1492/1468 278/1475/1464
f 1299/1492/1465 1300/1494/1467 279/1493/1466
f 1300/1494/1467 1297/69/64 276/61/56
f 300/781/732 313/780/731 1298/1495/1463
f 313/785/731 307/784/734 1299/1492/1468
f 307/784/1469 306/777/724 1300/1494/1467
f 306/777/724 299/774/721 1297/69/64
f 1301/152/140 1303/1500/1470 289/1496/707
f 1303/1497/1470 1304/1498/1474 290/766/1471
f 1304/1498/1472 1305/1499/1473 296/764/710
f 1305/1499/1473 1302/65/60 282/67/62
f 271/183/170 274/1477/1452 1303/1500/1470
f 274/1480/1452 273/1479/1454 1304/1498/1474
f 273/1479/1457 272/1482/1456 1305/1499/1473
f 272/1482/1456 270/59/54 1302/65/60
f 1308/1502/1476 1309/1504/1478 339/1503/1477
f 1310/1506/1480 1307/194/180 336/195/181
f 321/94/87 323/1507/1481 1308/1502/1476
f 323/1507/1481 324/1508/1482 1309/1504/1478
f 325/1509/1483 322/193/179 1307/194/180
f 342/88/81 1311/87/80 1313/1510/1484
f 345/1511/1485 1313/1510/1484 1314/1512/1486
f 344/1513/1487 1314/1512/1486 1315/1514/1488
f 1311/87/80 326/91/84 328/1516/1490
f 1313/1510/1484 328/1516/1490 329/1517/1491
f 1314/1512/1486 329/1517/1491 330/1518/1492
f 1315/1514/1488 330/1518/1492 327/129/119
f 317/84/77 1316/75/69 1318/1519/1493
f 320/1520/1494 1318/1519/1493 1319/1521/1495
f 319/1522/1496 1319/1521/1495 1320/1523/1497
f 318/1524/1498 1320/1523/1497 1317/146/135
f 1316/75/69 337/74/68 340/1501/1475
f 1318/1519/1493 340/1501/1475 339/1503/1477
f 1319/1521/1495 339/1503/1477 338/1505/1479
f 1320/1523/1497 338/1505/1479 336/195/181
f 1321/89/82 1323/1526/1500 335/1525/1499
f 1323/1526/1500 1324/1528/1502 334/1527/1501
f 1324/1528/1502 1325/1530/1504 333/1529/1503
f 1325/1530/1504 1322/167/154 331/187/174
f 342/88/81 345/1511/1485 1323/1526/1500
f 345/1511/1485 344/1513/1487 1324/1528/1502
f 343/1515/1489 341/131/121 1322/167/154
f 1326/80/73 1328/1532/1506 350/1531/1505
f 1328/1532/1506 1329/1534/1508 349/1533/1507
f 1329/1534/1508 1330/1536/1510 348/1535/1509
f 1330/1536/1510 1327/97/90 346/81/74
f 332/130/120 335/1525/1499 1328/1532/1506
f 335/1525/1499 334/1527/1501 1329/1534/1508
f 334/1527/1501 333/1529/1503 1330/1536/1510
f 333/1529/1503 331/187/174 1327/97/90
f 1333/1537/1511 1334/1538/1512 324/1508/1482
f 1334/1538/1512 1335/1539/1513 325/1509/1483
f 1335/1539/1513 1332/77/71 322/193/179
f 351/100/93 353/1540/1514 1333/1537/1511
f 353/1540/1514 354/1541/1515 1334/1538/1512
f 354/1541/1515 355/1542/1516 1335/1539/1513
f 355/1542/1516 352/144/133 1332/77/71
f 1336/101/94 1338/1543/1517 353/1540/1514
f 1338/1543/1517 1339/1544/1518 354/1541/1515
f 1339/1544/1518 1340/1545/1519 355/1542/1516
f 1340/1545/1519 1337/188/175 352/144/133
f 361/105/98 363/1546/1520 1338/1543/1517
f 363/1546/1520 364/1547/1521 1339/1544/1518
f 364/1547/1521 365/1548/1522 1340/1545/1519
f 365/1548/1522 362/185/172 1337/188/175
f 1343/1550/1524 1344/1552/1526 359/1551/1525
f 1344/1552/1526 1345/1554/1528 358/1553/1527
f 1345/1554/1528 1342/83/76 356/104/97
f 347/161/149 350/1531/1505 1343/1550/1524
f 350/1531/1505 349/1533/1507 1344/1552/1526
f 348/1535/1509 346/81/74 1342/83/76
f 384/192/178 1346/143/132 1348/1555/1529
f 387/1556/1530 1348/1555/1529 1349/1557/1531
f 386/1558/1532 1349/1557/1531 1350/1559/1533
f 385/1560/1534 1350/1559/1533 1347/178/165
f 1346/143/132 366/142/131 370/787/737
f 1348/1555/1529 370/787/737 379/791/741
f 1349/1557/1531 379/791/741 378/797/749
f 1350/1559/1533 378/797/749 368/179/166
f 1351/107/100 1353/1561/1535 363/1546/1520
f 1353/1561/1535 1354/1562/1536 364/1547/1521
f 1354/1562/1536 1355/1563/1537 365/1548/1522
f 1355/1563/1537 1352/162/150 362/185/172
f 384/192/178 387/1556/1530 1353/1561/1535
f 387/1556/1530 386/1558/1532 1354/1562/1536
f 386/1558/1532 385/1560/1534 1355/1563/1537
f 385/1560/1534 383/180/167 1352/162/150
f 1356/102/95 1358/1564/1538 374/795/745
f 1359/1565/1539 1360/1566/1540 380/798/750
f 1360/1566/1540 1357/177/164 368/179/166
f 360/1549/1523 359/1551/1525 1359/1565/1539
f 359/1551/1525 358/1553/1527 1360/1566/1540
f 358/1553/1527 356/104/97 1357/177/164
f 326/91/84 1361/112/103 1363/1567/1541
f 328/1516/1490 1363/1567/1541 1364/1568/1542
f 329/1517/1491 1364/1568/1542 1365/1569/1543
f 330/1518/1492 1365/1569/1543 1362/172/159
f 1361/112/103 393/113/104 395/1570/1544
f 1363/1567/1541 395/1570/1544 396/1571/1545
f 1364/1568/1542 396/1571/1545 397/1572/1546
f 389/114/105 1366/85/78 1368/1573/1547
f 392/1574/1548 1368/1573/1547 1369/1575/1549
f 391/1576/1550 1369/1575/1549 1370/1577/1551
f 390/1578/1552 1370/1577/1551 1367/118/108
f 1366/85/78 317/84/77 320/1520/1494
f 1368/1573/1547 320/1520/1494 319/1522/1496
f 1370/1577/1551 318/1524/1498 316/109/102
f 1371/127/117 1373/1579/1553 420/819/772
f 1373/1579/1553 1374/1580/1554 421/828/782
f 1374/1580/1554 1375/1581/1555 427/824/778
f 1375/1581/1555 1372/156/144 418/825/779
f 398/126/116 403/802/755 1373/1579/1553
f 403/802/755 413/805/758 1374/1580/1554
f 413/805/758 412/814/767 1375/1581/1555
f 412/814/767 400/153/141 1372/156/144
f 395/1570/1544 1378/1582/1556 1379/1583/1557
f 396/1571/1545 1379/1583/1557 1380/1584/1558
f 397/1572/1546 1380/1584/1558 1377/155/143
f 1376/119/109 419/120/110 431/831/786
f 1378/1582/1556 431/831/786 426/826/780
f 1380/1584/1558 425/823/777 418/825/779
f 407/808/761 1383/1585/1559 1384/1586/1560
f 408/810/763 1384/1586/1560 1385/1587/1561
f 414/815/768 1385/1587/1561 1382/154/142
f 1381/115/106 389/114/105 392/1574/1548
f 1383/1585/1559 392/1574/1548 391/1576/1550
f 1384/1586/1560 391/1576/1550 390/1578/1552
f 1385/1587/1561 390/1578/1552 388/117/107
f 1386/68/63 1388/1588/1562 294/763/709
f 1388/1588/1562 1389/1589/1563 295/754/702
f 1389/1589/1563 1390/1590/1564 285/750/698
f 1390/1590/1564 1387/124/114 280/751/699
f 399/121/111 409/809/762 1388/1588/1562
f 409/809/762 402/803/756 1389/1589/1563
f 402/803/756 401/801/754 1390/1590/1564
f 401/801/754 398/126/116 1387/124/114
f 419/120/110 1391/70/65 1393/1591/1565
f 430/818/771 1394/1594/1571 1392/181/168
f 1391/70/65 299/774/721 308/776/1569
f 1393/1591/1567 308/776/2196 301/769/1570
f 1394/1594/1571 301/2182/716 298/182/169
f 1395/50/45 1397/1597/1574 253/1595/1572
f 1397/1596/1573 1396/139/129 248/727/676
f 367/108/101 369/794/744 1397/1597/1574
f 369/1598/738 366/2193/131 1396/139/129
f 1402/1601/1577 1399/264/250 566/246/232
f 1398/262/248 584/278/264 589/1003/967
f 1410/1606/1581 1411/1609/1583 612/1036/1582
f 1410/1606/1581 576/994/952 570/985/956
f 561/977/938 1414/1610/1588 1415/1611/1589
f 1412/298/284 585/257/243 595/1010/974
f 1417/252/238 1419/1613/1596 574/992/953
f 1419/1613/1591 1420/1616/1593 575/1614/1592
f 1417/252/238 549/254/240 558/971/930
f 1419/1613/1591 558/971/930 552/975/934
f 1421/253/239 1423/1618/1598 556/972/931
f 1423/1618/1598 1424/1620/1602 557/1619/1599
f 1425/1622/1601 1422/233/219 550/302/288
f 1423/1618/1598 613/1026/990 607/1031/994
f 1424/1620/1600 607/1031/984 606/1623/982
f 1433/1630/1609 1434/1631/1611 483/2/1610
f 1434/1631/1611 1435/1632/1612 478/878/838
f 1431/261/247 436/247/233 446/848/1607
f 1433/1630/1609 446/848/1607 443/849/801
f 1434/1631/1611 443/849/801 442/841/798
f 1436/320/306 1438/1633/1614 466/868/1613
f 1438/1633/1614 482/1636/1608 484/888/1618
f 1439/1634/1616 484/888/2197 481/887/844
f 512/920/879 1446/274/260 1448/1641/1625
f 515/923/880 1448/1641/1625 1449/1642/1626
f 516/924/1628 1449/1642/1626 1450/1643/1629
f 499/265/251 510/917/877 1448/1641/1625
f 510/917/877 506/911/873 1449/1642/1626
f 506/911/873 505/913/875 1450/1643/1629
f 505/913/875 498/325/311 1447/341/327
f 1451/211/197 1453/1645/1631 518/928/1630
f 1453/1645/1631 1454/1646/1633 516/926/1632
f 1454/1646/1633 1455/1647/1634 522/930/887
f 1455/1647/1634 1452/269/255 514/273/259
f 1460/1652/1641 1457/297/283 485/347/333
f 1456/259/245 524/282/268 532/944/1642
f 1460/1652/1641 526/934/895 523/295/281
f 1463/1653/1643 1464/1654/1644 531/949/902
f 1464/1654/1644 1465/1655/1645 536/947/905
f 1465/1655/1645 1462/201/187 525/286/272
f 1461/331/317 539/332/318 544/1656/1646
f 1464/1654/1644 545/953/1647 541/955/908
f 623/1051/324 1471/1664/323 1473/1661/1654
f 626/1038/1005 1475/1663/1656 1472/285/271
f 1476/311/297 1478/1665/1657 659/1073/1037
f 1478/1665/1657 1479/1666/1658 660/1082/1045
f 1479/1666/1658 1480/1667/1659 666/1078/1041
f 1480/1667/1659 1477/1668/211 657/1079/213
f 640/310/296 653/1068/1033 1478/1665/1657
f 653/1068/1033 647/1064/1029 1479/1666/1658
f 647/1064/1029 646/1061/1027 1480/1667/1659
f 646/1061/1027 639/1063/325 1477/1668/211
f 1481/314/300 1483/1669/1660 629/1047/1013
f 1483/1669/1660 1484/1670/1661 630/1053/1019
f 1484/1670/1661 1485/1671/1662 635/1050/1017
f 1485/1671/1662 1482/1672/212 623/1051/324
f 1481/314/300 658/313/299 670/1084/1047
f 1483/1669/1660 670/1084/1047 665/1080/1042
f 1484/1670/1661 665/1080/1042 664/1077/1040
f 1485/1671/1662 664/1077/1040 657/1079/213
f 691/1113/316 701/1112/1076 1488/1674/1663
f 711/1135/329 1491/1680/328 1493/1677/1666
f 722/1133/1104 1493/1677/1666 1494/1678/1667
f 723/1127/1094 1494/1678/1667 1495/1679/1668
f 713/1123/1090 1495/1679/1668 1492/216/202
f 1491/1680/328 674/1102/312 687/1101/1066
f 1493/1677/1666 687/1101/1066 681/1096/1062
f 1494/1678/1667 681/1096/1062 680/1094/1060
f 1495/1679/1668 680/1094/1060 673/317/303
f 1496/316/302 1498/1681/1669 717/1131/1098
f 1498/1681/1669 1499/1682/1670 718/1137/1107
f 1499/1682/1670 1500/1683/1671 724/1134/1105
f 1500/1683/1671 1497/2194/315 711/1135/329
f 1501/336/322 1503/1685/1672 730/1140/1111
f 1503/1685/1672 1504/1686/1673 731/1149/1119
f 1504/1686/1673 1505/1687/1674 738/1145/1116
f 1505/1687/1674 1502/1688/194 728/1146/204
f 745/1156/1127 750/1155/1126 1503/1685/1672
f 750/1155/1126 759/1159/1130 1504/1686/1673
f 759/1159/1130 758/1168/1138 1505/1687/1674
f 758/1168/1138 747/1170/192 1502/1688/194
f 746/306/292 1506/205/191 1508/1689/1675
f 753/1162/1133 1508/1689/1675 1509/1690/1676
f 754/1164/1135 1509/1690/1676 1510/1691/1677
f 760/1169/1139 1510/1691/1677 1507/1692/319
f 1506/205/191 763/204/190 768/1173/1142
f 1508/1689/1675 768/1173/1142 776/1177/1146
f 1509/1690/1676 776/1177/1146 775/1184/1157
f 1510/1691/1677 775/1184/1157 765/1186/320
f 1516/171/158 1518/1697/1681 437/833/790
f 1518/1697/1681 1519/1698/1683 438/835/1682
f 1519/1698/1683 1520/1699/1684 444/842/799
f 1520/1699/1684 1517/240/226 435/843/800
f 638/324/310 643/1055/1021 1518/1697/1681
f 643/1055/1021 652/1058/1024 1519/1698/1683
f 652/1058/1024 651/1067/1032 1520/1699/1684
f 651/1067/1032 640/310/296 1517/240/226
f 1521/250/236 1523/1700/1690 668/1085/1685
f 1523/1700/1686 1524/1702/1692 669/1076/1687
f 1524/1701/1689 1522/322/308 656/323/309
f 474/884/843 480/886/845 1523/1700/1690
f 480/886/1691 477/879/2198 1524/1702/1692
f 476/877/837 473/321/307 1522/322/308
f 1525/224/210 1527/1703/1698 451/850/806
f 1527/1703/1694 1528/1704/1699 452/852/1695
f 1528/1704/1696 1529/1705/1701 455/857/1697
f 455/857/813 1529/1705/1702 1526/315/301
f 690/344/330 695/1105/1069 1527/1703/1698
f 695/1105/1069 705/1109/1073 1528/1704/1699
f 705/1109/1700 704/1121/1085 1529/1705/1701
f 1529/1705/1702 704/1121/1085 692/1118/1082
f 709/215/201 1530/275/261 1532/1706/1703
f 712/1124/1102 1532/1709/1705 1533/1708/1704
f 719/1130/1097 1533/1708/1707 1531/272/258
f 1530/275/261 512/920/879 517/922/881
f 1532/1709/1705 517/931/2199 521/929/1706
f 1533/1708/1707 521/929/886 514/273/259
f 525/286/272 1534/287/273 1536/1710/1708
f 534/946/904 1536/1710/1708 1537/1711/1709
f 1537/1711/1709 1538/1712/1711 528/935/896
f 528/935/896 1538/1712/1711 1535/335/321
f 746/306/292 755/1163/1134 1536/1710/1708
f 755/1163/1134 749/1157/1128 1537/1711/1709
f 749/1157/1128 748/1154/1125 1538/1712/1711
f 1538/1712/1711 748/1154/1125 745/1156/1127
f 1539/289/275 1541/1715/1715 741/1153/1712
f 741/1153/1123 1541/1715/1716 1542/1713/1713
f 732/1139/1110 1542/1716/1718 1540/346/332
f 1539/289/275 486/894/853 492/896/855
f 1541/1715/1716 492/896/1717 488/900/1717
f 1542/1716/1718 488/889/850 485/347/333
f 1543/213/199 1545/1717/1721 624/1039/1006
f 1545/1717/1719 1546/1719/1722 625/1040/1007
f 625/1040/1015 1546/1719/1724 1547/1718/1720
f 631/1046/1012 1547/1718/1725 1544/237/223
f 459/862/817 464/864/819 1545/1717/1721
f 464/864/819 470/865/820 1546/1719/1722
f 470/865/1723 469/872/831 1547/1718/1720
f 1547/1718/1725 469/872/829 461/238/224
f 1548/266/252 1550/1720/1726 508/916/876
f 1550/1720/1726 1551/1721/1728 509/909/1727
f 1551/1721/1728 1552/1722/1729 502/904/867
f 1552/1722/1729 1549/301/287 497/905/868
f 673/317/303 682/1095/1061 1550/1720/1726
f 682/1095/1061 676/1089/1055 1551/1721/1728
f 676/1089/1055 675/1087/1053 1552/1722/1729
f 1552/1722/1729 675/1087/1053 672/228/214
f 1553/294/280 1555/1723/1733 546/956/913
f 1555/1723/1730 1556/1726/1735 542/1724/1731
f 1556/1725/1732 1554/202/188 538/950/907
f 764/308/294 773/1181/1149 1555/1723/1733
f 1555/1723/1730 773/1181/2200 767/1175/1734
f 1556/1725/1732 766/1174/1737 763/204/190
f 801/373/356 1557/372/355 1559/1727/1738
f 804/1728/1739 1559/1727/1738 1560/1729/1740
f 803/1730/1742 1560/1729/1747 1561/1731/1743
f 1561/1733/1743 1558/489/456 800/530/494
f 1557/372/355 785/363/346 787/1735/1745
f 1559/1727/1738 787/1735/1745 788/1736/1746
f 1560/1729/1747 788/1736/1785 789/1737/1748
f 789/1738/1748 786/383/365 1558/489/456
f 1562/409/389 1564/1740/1750 809/1739/1749
f 1564/1740/1750 1565/1742/1756 808/1741/1751
f 1565/1742/1752 1566/1747/1758 807/1743/1753
f 807/1744/1753 1566/1748/1758 1563/467/439
f 790/539/503 792/1745/1755 1564/1740/1750
f 792/1745/1755 793/1746/1824 1565/1742/1756
f 793/1746/1757 794/1817/1826 1566/1747/1758
f 1566/1748/1758 794/1818/1826 791/366/349
f 1567/479/448 1569/1750/1760 784/1749/1759
f 1569/1750/1760 1570/1752/1765 783/1751/1761
f 1570/1752/1762 1571/1756/1766 782/1753/1763
f 782/1753/1763 1571/1756/1766 1568/1754/338
f 801/373/356 804/1728/1739 1569/1750/1760
f 804/1728/1739 803/1730/1741 1570/1752/1765
f 803/1730/1742 802/1732/1744 1571/1756/1766
f 1571/1756/1766 802/1732/1744 800/1757/494
f 796/508/473 1572/374/357 1574/1758/1767
f 799/1759/1768 1574/1758/1767 1575/1760/1769
f 798/1761/1771 1575/1760/1774 1576/1762/1772
f 1576/1764/1772 1573/371/354 795/358/342
f 1572/374/357 806/356/341 809/1739/1749
f 1574/1758/1767 809/1739/1749 808/1741/1751
f 1575/1760/1774 808/1741/1754 807/1743/1753
f 807/1744/1753 805/369/352 1573/371/354
f 811/509/474 1577/503/469 1579/1766/1775
f 814/1767/1776 1579/1766/1775 1580/1768/1777
f 813/1769/1779 1580/1768/1782 1581/1770/1780
f 1581/1772/1780 1578/360/344 810/377/359
f 1577/503/469 796/508/473 799/1759/1768
f 1579/1766/1775 799/1759/1768 798/1761/1770
f 1580/1768/1782 798/1761/1771 797/1763/1773
f 797/1765/1773 795/358/342 1578/360/344
f 785/363/346 1582/362/345 1584/1774/1783
f 787/1735/1745 1584/1774/1783 1585/1775/1784
f 788/1736/1785 1585/1775/1789 1586/1776/1786
f 1586/1777/1786 1583/381/363 786/383/365
f 1582/362/345 815/392/373 817/1778/1787
f 1584/1774/1783 817/1778/1787 818/1779/1788
f 1585/1775/1789 818/1779/1793 819/1780/1790
f 819/1781/1790 816/380/362 1583/381/363
f 815/392/373 1587/401/381 1589/1782/1791
f 817/1778/1787 1589/1782/1791 1590/1783/1792
f 818/1779/1793 1590/1783/1797 1591/1784/1794
f 1591/1785/1794 1588/378/360 816/380/362
f 1587/401/381 825/400/380 827/1786/1795
f 1589/1782/1791 827/1786/1795 828/1787/1796
f 1590/1783/1797 828/1787/1815 829/1788/1798
f 829/1789/1798 826/390/372 1588/378/360
f 821/540/504 1592/533/497 1594/1790/1799
f 824/1791/1800 1594/1790/1799 1595/1792/1801
f 823/1793/1803 1595/1792/1806 1596/1794/1804
f 1596/1796/1804 1593/385/367 820/387/369
f 1592/533/497 811/509/474 814/1767/1776
f 1594/1790/1799 814/1767/1776 813/1769/1778
f 1595/1792/1806 813/1769/1779 812/1771/1781
f 812/1773/1781 810/377/359 1593/385/367
f 1597/520/484 1599/1799/1808 852/1798/1807
f 1599/1799/1808 1600/1801/1810 851/1800/1809
f 1600/1801/1810 1601/1805/1812 850/1802/1811
f 1601/1803/1812 1598/483/450 848/397/378
f 831/1198/1171 841/1197/1170 1599/1799/1808
f 841/1197/1170 834/1201/1174 1600/1801/1810
f 834/1201/1174 833/1192/1165 1601/1805/1812
f 833/1192/1165 830/1189/1162 1598/1806/450
f 825/400/380 1602/502/468 1604/1807/1813
f 827/1786/1795 1604/1807/1817 1605/1808/1814
f 828/1787/1815 1605/1808/1818 1606/1809/1816
f 829/1789/1798 1606/1810/1816 1603/388/370
f 1602/502/468 849/518/482 852/1798/1807
f 1604/1807/1817 852/1798/1807 851/1800/1809
f 1605/1808/1818 851/1800/1809 850/1802/1811
f 850/1804/1811 848/397/378 1603/388/370
f 831/1198/1171 1607/519/483 1609/1811/1819
f 839/1196/1169 1609/1811/1819 1610/1812/1820
f 840/1199/1181 1610/1812/1822 1611/1813/1821
f 845/1204/1177 1611/1814/1821 1608/394/375
f 1607/519/483 821/540/504 824/1791/1800
f 1609/1811/1819 824/1791/1800 823/1793/1802
f 1610/1812/1822 823/1793/1803 822/1795/1805
f 1611/1814/1821 822/1797/1805 820/387/369
f 1612/417/396 1614/1815/1823 792/1745/1755
f 1614/1815/1823 1615/1816/1828 793/1746/1824
f 1615/1816/1825 1616/1821/1830 794/1817/1826
f 794/1818/1826 1616/1822/1830 1613/512/476
f 858/478/447 860/1819/1827 1614/1815/1823
f 860/1819/1827 861/1820/1846 1615/1816/1828
f 861/1820/1829 862/1840/1848 1616/1821/1830
f 1616/1822/1830 862/1842/1848 859/406/386
f 1617/349/335 1619/1824/1832 857/1823/1831
f 1619/1824/1832 1620/1826/1837 856/1825/1833
f 1620/1826/1834 1621/1830/1838 855/1827/1835
f 855/1827/1835 1621/1830/1838 1618/1828/382
f 781/351/337 784/1749/1759 1619/1824/1832
f 784/1749/1759 783/1751/1761 1620/1826/1837
f 783/1751/1764 782/1753/1763 1621/1830/1838
f 1621/1830/1838 782/1753/1763 780/1755/347
f 870/1224/1201 1622/493/459 1624/1831/1839
f 881/1222/1199 1624/1831/1839 1625/1832/1840
f 882/1213/1188 1625/1832/1840 1626/1833/1841
f 872/1209/1184 1626/1833/1841 1623/468/440
f 1622/493/459 863/495/461 865/1834/1842
f 1624/1831/1839 865/1834/1842 866/1835/1843
f 1625/1832/1840 866/1835/1843 867/1836/1844
f 1626/1833/1841 867/1836/1844 864/1837/392
f 1627/494/460 1629/1838/1845 860/1819/1827
f 1629/1838/1845 1630/1839/1850 861/1820/1846
f 1630/1839/1847 1631/1843/1849 862/1840/1848
f 1631/1841/1849 1628/414/394 859/406/386
f 870/1224/1201 883/1223/1200 1629/1838/1845
f 883/1223/1200 877/1226/1203 1630/1839/1850
f 877/1226/1851 876/1218/1193 1631/1843/1849
f 876/1844/1193 869/1215/1190 1628/414/394
f 1632/496/462 1634/1845/1852 865/1834/1842
f 1634/1845/1852 1635/1846/1854 866/1835/1843
f 1635/1846/1853 1636/1848/1855 867/1836/1844
f 867/1836/1844 1636/1848/1855 1633/1847/390
f 854/527/491 857/1823/1831 1634/1845/1852
f 857/1823/1831 856/1825/1833 1635/1846/1854
f 856/1825/1836 855/1827/1835 1636/1848/1855
f 855/1827/1835 853/1829/384 1633/1847/390
f 1637/492/458 1639/1850/1857 910/1849/1856
f 1640/1852/1859 1641/1854/1861 908/1853/1860
f 1641/1854/1861 1638/537/501 906/538/502
f 891/439/415 893/1855/1862 1639/1850/1857
f 893/1855/1862 894/1856/1863 1640/1852/1859
f 894/1856/1863 895/1857/1864 1641/1854/1861
f 895/1857/1864 892/536/500 1638/537/501
f 912/433/409 1642/432/408 1644/1858/1865
f 915/1859/1866 1644/1858/1865 1645/1860/1867
f 914/1861/1868 1645/1860/1867 1646/1862/1869
f 913/1863/1870 1646/1862/1869 1643/473/443
f 1642/432/408 896/436/412 898/1864/1871
f 1644/1858/1865 898/1864/1871 899/1865/1872
f 1645/1860/1867 899/1865/1872 900/1866/1873
f 1646/1862/1869 900/1866/1873 897/474/444
f 888/1872/1879 1651/1871/1878 1648/490/457
f 1647/420/398 907/419/397 910/1849/1856
f 1649/1867/1874 910/1849/1856 909/1851/1858
f 1651/1871/1878 908/1853/1860 906/538/502
f 1652/434/410 1654/1874/1881 905/1873/1880
f 1654/1874/1881 1655/1876/1883 904/1875/1882
f 1655/1876/1883 1656/1878/1885 903/1877/1884
f 1656/1878/1885 1653/511/475 901/531/495
f 912/433/409 915/1859/1866 1654/1874/1881
f 915/1859/1866 914/1861/1868 1655/1876/1883
f 913/1863/1870 911/476/446 1653/511/475
f 1657/425/402 1659/1880/1887 920/1879/1886
f 1659/1880/1887 1660/1882/1889 919/1881/1888
f 1660/1882/1889 1661/1884/1891 918/1883/1890
f 1661/1884/1891 1658/442/418 916/426/403
f 902/475/445 905/1873/1880 1659/1880/1887
f 905/1873/1880 904/1875/1882 1660/1882/1889
f 904/1875/1882 903/1877/1884 1661/1884/1891
f 903/1877/1884 901/531/495 1658/442/418
f 1662/440/416 1664/1885/1892 893/1855/1862
f 1664/1885/1892 1665/1886/1893 894/1856/1863
f 1666/1887/1894 1663/422/400 892/536/500
f 921/445/420 923/1888/1895 1664/1885/1892
f 923/1888/1895 924/1889/1896 1665/1886/1893
f 925/1890/1897 922/488/455 1663/422/400
f 1667/446/421 1669/1891/1898 923/1888/1895
f 1670/1892/1899 1671/1893/1900 925/1890/1897
f 1671/1893/1900 1668/532/496 922/488/455
f 931/450/425 933/1894/1901 1669/1891/1898
f 933/1894/1901 934/1895/1902 1670/1892/1899
f 935/1896/1903 932/529/493 1668/532/496
f 1672/441/417 1674/1898/1905 930/1897/1904
f 1674/1898/1905 1675/1900/1907 929/1899/1906
f 1676/1902/1909 1673/428/404 926/449/424
f 917/505/470 920/1879/1886 1674/1898/1905
f 920/1879/1886 919/1881/1888 1675/1900/1907
f 919/1881/1888 918/1883/1890 1676/1902/1909
f 918/1883/1890 916/426/403 1673/428/404
f 954/535/499 1677/487/454 1679/1903/1910
f 957/1904/1911 1679/1903/1910 1680/1905/1912
f 956/1906/1913 1680/1905/1912 1681/1907/1914
f 1677/487/454 936/486/453 940/1228/1206
f 1679/1903/1910 940/1228/1206 949/1232/1210
f 1680/1905/1912 949/1232/1210 948/1238/1218
f 1681/1907/1914 948/1238/1218 938/523/487
f 1682/452/427 1684/1909/1916 933/1894/1901
f 1684/1909/1916 1685/1910/1917 934/1895/1902
f 1685/1910/1917 1686/1911/1918 935/1896/1903
f 1686/1911/1918 1683/506/471 932/529/493
f 954/535/499 957/1904/1911 1684/1909/1916
f 957/1904/1911 956/1906/1913 1685/1910/1917
f 956/1906/1913 955/1908/1915 1686/1911/1918
f 955/1908/1915 953/524/488 1683/506/471
f 1687/447/422 1689/1912/1919 944/1236/1214
f 1689/1912/1919 1690/1913/1920 945/1241/1221
f 1691/1914/1921 1688/521/485 938/523/487
f 927/534/498 930/1897/1904 1689/1912/1919
f 930/1897/1904 929/1899/1906 1690/1913/1920
f 929/1899/1906 928/1901/1908 1691/1914/1921
f 928/1901/1908 926/449/424 1688/521/485
f 896/436/412 1692/457/430 1694/1915/1922
f 898/1864/1871 1694/1915/1922 1695/1916/1923
f 899/1865/1872 1695/1916/1923 1696/1917/1924
f 900/1866/1873 1696/1917/1924 1693/516/480
f 1692/457/430 963/458/431 965/1918/1925
f 1695/1916/1923 966/1919/1926 967/1920/1927
f 1696/1917/1924 967/1920/1927 964/480/449
f 959/459/432 1697/430/406 1699/1921/1928
f 962/1922/1929 1699/1921/1928 1700/1923/1930
f 961/1924/1931 1700/1923/1930 1701/1925/1932
f 960/1926/1933 1701/1925/1932 1698/463/435
f 1699/1921/1928 890/1868/1875 889/1870/1877
f 1700/1923/1930 889/1870/1877 888/1872/1879
f 1701/1925/1932 888/1872/1879 886/454/429
f 1702/472/442 1704/1927/1934 976/1244/1225
f 1704/1927/1934 1705/1932/1935 977/1928/1234
f 1705/1929/1935 1706/1930/1936 984/1249/1230
f 1706/1930/1936 1703/500/466 974/1250/1231
f 968/471/438 970/1931/1937 1704/1927/1934
f 970/1931/1937 971/2195/1938 1705/1932/1935
f 971/1933/1938 972/1934/1939 1706/1930/1936
f 972/1934/1939 969/497/463 1703/500/466
f 963/458/431 1707/464/436 1709/1935/1940
f 966/1919/1926 1710/1936/1941 1711/1937/1942
f 967/1920/1927 1711/1937/1942 1708/499/465
f 1707/464/436 975/465/437 987/1257/1238
f 1709/1935/1940 987/1257/1238 983/1251/1232
f 1710/1936/1941 983/1251/1232 982/1248/1229
f 968/466/438 1712/460/433 1714/1938/1943
f 970/1939/1937 1714/1938/1943 1715/1940/1944
f 972/1934/1939 1716/1941/1945 1713/498/464
f 1712/460/433 959/459/432 962/1922/1929
f 1715/1940/1944 961/1924/1931 960/1926/1933
f 1716/1941/1945 960/1926/1933 958/462/434
f 975/465/437 1717/415/395 1719/1942/1946
f 978/1243/1224 1719/1945/1950 1718/525/489
f 1717/415/395 869/1215/1190 878/1217/1947
f 1719/1945/1950 871/2187/1185 868/526/490
f 1720/395/376 1722/1950/1956 844/1946/1951
f 1722/1949/1955 1721/1952/451 830/1189/1162
f 937/453/428 939/1235/1213 1722/1950/1956
f 939/1951/1207 936/2196/453 1721/1952/451
f 1011/562/523 1723/561/522 1725/1953/1957
f 1014/1954/1958 1725/1953/1957 1726/1955/1959
f 1013/1956/1961 1726/1955/1966 1727/1957/1962
f 1727/1959/1962 1724/676/627 1010/714/663
f 1723/561/522 995/552/513 997/1961/1964
f 1725/1953/1957 997/1961/1964 998/1962/1965
f 1726/1955/1966 998/1962/2004 999/1963/1967
f 999/1964/1967 996/572/532 1724/676/627
f 1728/598/557 1730/1971/1969 1019/1965/1968
f 1730/1966/1969 1731/1969/1975 1018/1967/1970
f 1731/1969/1971 1732/1974/1977 1017/1970/1972
f 1017/1970/1972 1732/1974/1977 1729/656/610
f 1000/725/674 1002/2034/1974 1730/1971/1969
f 1002/1972/1974 1003/1973/2040 1731/1969/1975
f 1003/1973/1976 1004/2037/2042 1732/1974/1977
f 1732/1974/1977 1004/2037/2042 1001/555/516
f 1733/666/619 1735/1976/1979 994/1975/1978
f 1735/1976/1979 1736/1978/1984 993/1977/1980
f 1736/1978/1981 1737/1981/1985 992/1979/1982
f 992/1980/1982 1737/1982/1985 1734/541/505
f 1011/562/523 1014/1954/1958 1735/1976/1979
f 1014/1954/1958 1013/1956/1960 1736/1978/1984
f 1013/1956/1961 1012/1958/1963 1737/1981/1985
f 1737/1982/1985 1012/1960/1963 1010/714/663
f 1006/695/645 1738/563/524 1740/1983/1986
f 1009/1985/1987 1740/1990/1986 1741/1986/1988
f 1008/1987/1990 1741/1986/1993 1742/1988/1991
f 1742/1988/1991 1739/560/521 1005/547/509
f 1738/563/524 1016/545/508 1019/1965/1968
f 1740/1990/1986 1019/1968/1968 1018/1967/1970
f 1741/1986/1993 1018/1967/1973 1017/1970/1972
f 1017/1970/1972 1015/558/519 1739/560/521
f 1021/696/646 1743/690/640 1745/1991/1994
f 1024/1993/1995 1745/1998/1994 1746/1994/1996
f 1023/1995/1998 1746/1994/2001 1747/1996/1999
f 1747/1996/1999 1744/549/511 1020/566/526
f 1743/690/640 1006/695/645 1009/1984/1987
f 1745/1998/1994 1009/1985/1987 1008/1987/1989
f 1746/1994/2001 1008/1987/1990 1007/1989/1992
f 1007/1989/1992 1005/547/509 1744/549/511
f 995/552/513 1748/551/512 1750/1999/2002
f 997/1961/1964 1750/1999/2002 1751/2000/2003
f 998/1962/2004 1751/2000/2008 1752/2001/2005
f 1752/2002/2005 1749/570/530 996/572/532
f 1748/551/512 1025/581/540 1027/2003/2006
f 1750/1999/2002 1027/2003/2006 1028/2004/2007
f 1751/2000/2008 1028/2004/2012 1029/2005/2009
f 1029/2006/2009 1026/569/529 1749/570/530
f 1025/581/540 1753/590/549 1755/2007/2010
f 1027/2003/2006 1755/2007/2010 1756/2008/2011
f 1028/2004/2012 1756/2008/2016 1757/2009/2013
f 1757/2010/2013 1754/567/527 1026/569/529
f 1753/590/549 1035/589/548 1037/2011/2014
f 1755/2007/2010 1037/2011/2014 1038/2012/2015
f 1756/2008/2016 1038/2012/2032 1039/2013/2017
f 1039/2014/2017 1036/579/539 1754/567/527
f 1031/726/675 1758/719/668 1760/2015/2018
f 1034/2017/2019 1760/2022/2018 1761/2018/2020
f 1033/2019/2022 1761/2018/2025 1762/2020/2023
f 1032/2021/2024 1762/2020/2023 1759/574/534
f 1758/719/668 1021/696/646 1024/1992/1995
f 1760/2022/2018 1024/1993/1995 1023/1995/1997
f 1761/2018/2025 1023/1995/1998 1022/1997/2000
f 1022/1997/2000 1020/566/526 1759/574/534
f 1763/704/653 1765/2023/2026 1070/1299/1276
f 1765/2023/2026 1766/2024/2028 1071/1287/2027
f 1766/2024/2028 1767/2025/2029 1062/1284/1263
f 1767/2025/2029 1764/670/621 1057/718/667
f 1041/1270/1251 1050/1269/1250 1765/2023/2026
f 1050/1269/1250 1044/1275/1254 1766/2024/2028
f 1044/1275/1254 1043/1264/1245 1767/2025/2029
f 1043/1264/1245 1040/1261/1242 1764/670/621
f 1035/589/548 1768/689/639 1770/2026/2030
f 1037/2011/2014 1770/2026/2034 1771/2027/2031
f 1038/2012/2032 1771/2027/2035 1772/2028/2033
f 1039/2014/2017 1772/2029/2033 1769/577/537
f 1768/689/639 1059/702/651 1072/1298/1275
f 1770/2026/2034 1072/1298/1275 1066/1293/1279
f 1771/2027/2035 1066/1293/1271 1065/1290/1269
f 1772/2029/2033 1065/2197/1269 1058/586/545
f 1041/1270/1251 1773/703/652 1775/2030/2036
f 1048/1273/1249 1775/2033/2036 1776/2031/2037
f 1049/1271/1252 1776/2031/2037 1777/2032/2038
f 1054/1278/1257 1777/2032/2038 1774/583/542
f 1773/703/652 1031/726/675 1034/2016/2019
f 1775/2033/2036 1034/2017/2019 1033/2019/2021
f 1776/2031/2037 1033/2019/2022 1032/2021/2024
f 1777/2032/2038 1032/2021/2024 1030/576/536
f 1778/606/564 1780/2038/2039 1002/2034/1974
f 1780/2035/2039 1781/2036/2044 1003/1973/2040
f 1781/2036/2041 1782/2041/2046 1004/2037/2042
f 1004/2037/2042 1782/2041/2046 1779/699/648
f 1080/665/618 1082/2058/2043 1780/2038/2039
f 1082/2039/2043 1083/2040/2062 1781/2036/2044
f 1083/2040/2045 1084/2061/2064 1782/2041/2046
f 1782/2041/2046 1084/2061/2064 1081/595/554
f 1783/513/477 1785/2043/2048 1079/2042/2047
f 1785/2043/2048 1786/2045/2053 1078/2044/2049
f 1786/2045/2050 1787/2048/2054 1077/2046/2051
f 1077/2047/2051 1787/2049/2054 1784/591/550
f 991/515/479 994/1975/1978 1785/2043/2048
f 994/1975/1978 993/1977/1980 1786/2045/2053
f 993/1977/1983 992/1979/1982 1787/2048/2054
f 1787/2049/2054 992/1980/1982 990/553/514
f 1092/1318/1299 1788/680/630 1790/2050/2055
f 1103/1316/1297 1790/2050/2055 1791/2051/2056
f 1104/1306/1286 1791/2051/2056 1792/2052/2057
f 1094/1302/1282 1792/2052/2057 1789/2053/611
f 1788/680/630 1085/682/632 1087/2054/2058
f 1790/2050/2055 1087/2054/2058 1088/2055/2059
f 1791/2051/2056 1088/2055/2059 1089/2056/2060
f 1792/2057/2057 1089/2068/2060 1086/601/560
f 1793/681/631 1795/2063/2061 1082/2058/2043
f 1795/2059/2061 1796/2060/2066 1083/2040/2062
f 1796/2060/2063 1797/2062/2065 1084/2061/2064
f 1797/2062/2065 1794/603/562 1081/595/554
f 1092/1318/1299 1105/1317/1298 1795/2063/2061
f 1105/2064/1298 1099/2065/1301 1796/2060/2066
f 1099/2065/2067 1098/1311/1291 1797/2062/2065
f 1098/1311/1291 1091/1308/1288 1794/603/562
f 1798/683/633 1800/2066/2068 1087/2054/2058
f 1800/2066/2068 1801/2070/2070 1088/2055/2059
f 1801/2067/2069 1802/2072/2071 1089/2068/2060
f 1089/2068/2060 1802/2072/2071 1799/599/558
f 1076/711/660 1079/2042/2047 1800/2066/2068
f 1079/2042/2047 1078/2044/2049 1801/2070/2070
f 1078/2071/2052 1077/2047/2051 1802/2072/2071
f 1077/2047/2051 1075/593/552 1799/599/558
f 1803/679/629 1805/2074/2073 1132/2073/2072
f 1805/2074/2073 1806/2076/2075 1131/2075/2074
f 1806/2076/2075 1807/2078/2077 1130/2077/2076
f 1807/2078/2077 1804/723/672 1128/724/673
f 1113/628/585 1115/2079/2078 1805/2074/2073
f 1115/2079/2078 1116/2080/2079 1806/2076/2075
f 1116/2080/2079 1117/2081/2080 1807/2078/2077
f 1117/2081/2080 1114/722/671 1804/723/672
f 1134/622/579 1808/621/578 1810/2082/2081
f 1137/2083/2082 1810/2082/2081 1811/2084/2083
f 1136/2085/2084 1811/2084/2083 1812/2086/2085
f 1135/2087/2086 1812/2086/2085 1809/660/614
f 1808/621/578 1118/625/582 1120/2088/2087
f 1810/2082/2081 1120/2088/2087 1121/2089/2088
f 1811/2084/2083 1121/2089/2088 1122/2090/2089
f 1812/2086/2085 1122/2090/2089 1119/661/615
f 1109/618/575 1813/609/566 1815/2091/2090
f 1112/2092/2091 1815/2091/2090 1816/2093/2092
f 1111/2094/2093 1816/2093/2092 1817/2095/2094
f 1110/2096/2095 1817/2095/2094 1814/677/628
f 1813/609/566 1129/608/565 1132/2073/2072
f 1815/2091/2090 1132/2073/2072 1131/2075/2074
f 1816/2093/2092 1131/2075/2074 1130/2077/2076
f 1817/2095/2094 1130/2077/2076 1128/724/673
f 1818/623/580 1820/2098/2097 1127/2097/2096
f 1821/2100/2099 1822/2102/2101 1125/2101/2100
f 1822/2102/2101 1819/698/647 1123/715/664
f 1134/622/579 1137/2083/2082 1820/2098/2097
f 1137/2083/2082 1136/2085/2084 1821/2100/2099
f 1136/2085/2084 1135/2087/2086 1822/2102/2101
f 1135/2087/2086 1133/663/617 1819/698/647
f 1823/614/571 1825/2104/2103 1142/2103/2102
f 1826/2106/2105 1827/2108/2107 1140/2107/2106
f 1827/2108/2107 1824/631/588 1138/615/572
f 1124/662/616 1127/2097/2096 1825/2104/2103
f 1127/2097/2096 1126/2099/2098 1826/2106/2105
f 1126/2099/2098 1125/2101/2100 1827/2108/2107
f 1125/2101/2100 1123/715/664 1824/631/588
f 1828/629/586 1830/2109/2108 1115/2079/2078
f 1830/2109/2108 1831/2110/2109 1116/2080/2079
f 1831/2110/2109 1832/2111/2110 1117/2081/2080
f 1832/2111/2110 1829/611/568 1114/722/671
f 1143/634/591 1145/2112/2111 1830/2109/2108
f 1145/2112/2111 1146/2113/2112 1831/2110/2109
f 1146/2113/2112 1147/2114/2113 1832/2111/2110
f 1833/635/592 1835/2115/2114 1145/2112/2111
f 1835/2115/2114 1836/2116/2115 1146/2113/2112
f 1836/2116/2115 1837/2117/2116 1147/2114/2113
f 1837/2117/2116 1834/716/665 1144/675/626
f 1153/639/596 1155/2118/2117 1835/2115/2114
f 1155/2118/2117 1156/2119/2118 1836/2116/2115
f 1156/2119/2118 1157/2120/2119 1837/2117/2116
f 1157/2120/2119 1154/713/662 1834/716/665
f 1838/630/587 1840/2122/2121 1152/2121/2120
f 1841/2124/2123 1842/2126/2125 1150/2125/2124
f 1842/2126/2125 1839/617/574 1148/638/595
f 1139/692/642 1142/2103/2102 1840/2122/2121
f 1142/2103/2102 1141/2105/2104 1841/2124/2123
f 1141/2105/2104 1140/2107/2106 1842/2126/2125
f 1140/2107/2106 1138/615/572 1839/617/574
f 1175/721/670 1843/674/625 1845/2127/2126
f 1178/1344/1322 1845/2127/2126 1846/2128/2127
f 1179/1346/1324 1846/2128/2127 1847/2129/2128
f 1186/1352/1330 1847/2130/2128 1844/706/655
f 1843/674/625 1158/673/624 1162/1323/1304
f 1845/2127/2126 1162/1323/1304 1171/1327/1308
f 1846/2128/2127 1171/1327/1308 1170/1340/1317
f 1847/2130/2128 1170/1337/1317 1160/707/656
f 1848/641/598 1850/2131/2129 1155/2118/2117
f 1850/2131/2129 1851/2132/2130 1156/2119/2118
f 1851/2132/2130 1852/2133/2131 1157/2120/2119
f 1852/2133/2131 1849/693/643 1154/713/662
f 1177/2134/1336 1191/1364/1335 1850/2131/2129
f 1191/1364/1335 1185/1363/1338 1851/2132/2130
f 1185/1363/1338 1184/1351/1329 1852/2133/2131
f 1184/1351/1329 1176/708/657 1849/693/643
f 1853/636/593 1855/2135/2132 1166/1331/1312
f 1855/2135/2132 1856/2136/2133 1167/1342/1320
f 1856/2136/2133 1857/2137/2134 1172/1338/1318
f 1857/2137/2134 1854/705/654 1160/707/656
f 1149/720/669 1152/2121/2120 1855/2135/2132
f 1152/2121/2120 1151/2123/2122 1856/2136/2133
f 1150/2125/2124 1148/638/595 1854/705/654
f 1118/625/582 1858/646/601 1860/2138/2135
f 1121/2089/2088 1861/2139/2136 1862/2140/2137
f 1858/646/601 1199/647/602 1201/2141/2138
f 1860/2138/2135 1201/2141/2138 1202/2142/2139
f 1861/2139/2136 1202/2142/2139 1203/2143/2140
f 1862/2140/2137 1203/2143/2140 1200/667/620
f 1195/648/603 1863/619/576 1865/2144/2141
f 1198/2145/2142 1865/2144/2141 1866/2146/2143
f 1196/2149/2146 1867/2148/2145 1864/652/606
f 1863/619/576 1109/618/575 1112/2092/2091
f 1867/2148/2145 1110/2096/2095 1108/643/600
f 1868/659/613 1870/2150/2147 1212/1368/1341
f 1870/2150/2147 1871/2151/2148 1213/1377/1351
f 1871/2151/2148 1872/2152/2149 1219/1373/1347
f 1872/2152/2149 1869/687/637 1210/1374/1348
f 1204/655/609 1206/2153/2150 1870/2150/2147
f 1207/2154/2151 1208/2155/2152 1872/2152/2149
f 1208/2155/2152 1205/684/634 1869/687/637
f 1202/2142/2139 1876/2157/2154 1877/2158/2155
f 1203/2143/2140 1877/2158/2155 1874/686/636
f 1875/2156/2153 1223/1380/1355 1218/1375/1349
f 1876/2157/2154 1218/1375/1349 1217/1372/1346
f 1877/2158/2155 1217/1372/1346 1210/1374/1348
f 1204/655/609 1878/649/604 1880/2159/2156
f 1206/2153/2150 1880/2159/2156 1881/2160/2157
f 1207/2154/2151 1881/2160/2157 1882/2161/2158
f 1208/2155/2152 1882/2161/2158 1879/685/635
f 1880/2159/2156 1198/2145/2142 1197/2147/2144
f 1882/2161/2158 1196/2149/2146 1194/651/605
f 1211/654/608 1883/604/563 1885/2162/2159
f 1222/2164/1340 1885/2167/2163 1884/2165/658
f 1883/604/563 1091/1308/1288 1100/1310/2160
f 1885/2167/2163 1093/2189/1283 1090/1300/659
f 1886/584/543 1888/2169/2169 1053/2168/2164
f 1889/2171/2168 1887/671/622 1040/1261/1242
f 1159/642/599 1161/1330/1311 1888/2169/2169
f 1161/2173/1305 1158/673/624 1887/671/622
f 1177/1360/1336 1890/2177/597 1892/2174/2171
f 1189/1358/1334 1892/2174/2171 1893/2175/2172
f 1190/1348/1326 1893/2175/2172 1894/2176/2173
f 1180/1345/1323 1894/2176/2173 1891/717/666
f 1890/2177/597 1058/1292/545 1067/1291/1270
f 1892/2174/2171 1067/1291/1270 1061/1285/1264
f 1893/2175/2172 1061/1285/1264 1060/1283/1262
f 1894/2176/2173 1060/1283/1262 1057/718/667
f 481/885/848 1895/883/842 479/882/841
