# Blender 5.2.2 LTS
# www.blender.org
mtllib Holocron_Esquina_1.mtl
o Holocron.002
v -51.897324 10.343721 3.667403
v -50.663204 10.323727 4.812894
v -51.519394 10.336029 4.108034
v -51.096218 10.329252 4.496193
v -50.152714 10.318796 5.094705
v -52.254631 10.353430 3.111214
v -51.893322 10.455462 3.665640
v -50.659203 10.435467 4.811131
v -51.515388 10.447771 4.106271
v -51.092213 10.440996 4.494431
v -50.148712 10.430534 5.092941
v -52.250629 10.465170 3.109450
v -52.127163 10.413004 2.898019
v -51.740646 10.402094 3.523073
v -51.362961 10.394400 3.963934
v -52.050003 10.397087 3.809971
v -52.378098 10.405592 3.322645
v -50.357819 10.372599 5.212849
v -50.815956 10.377090 4.955528
v -51.671822 10.389399 4.250371
v -52.685917 10.415373 2.762364
v -50.506451 10.382103 4.668496
v -49.943611 10.376730 4.974798
v -50.939545 10.387627 4.351871
v -49.855137 10.368704 5.435956
v -51.248886 10.382620 4.638753
v -48.518650 10.469730 5.643827
v -52.916279 10.451822 5.661996
v -52.935776 10.537228 1.253585
v -53.158360 10.211433 5.660085
v -53.161930 5.809813 5.577901
v -53.177898 10.296999 1.243004
v -52.917923 10.207850 5.897297
v -48.498848 10.224258 5.885245
v -52.921482 5.806544 5.814344
v -50.852333 9.214244 5.727708
v -52.029892 8.010520 5.725476
v -51.302757 8.847958 5.728476
v -51.701912 8.435082 5.727636
v -52.325027 7.507612 5.721440
v -50.286930 9.556908 5.724728
v -50.846973 9.208223 5.839244
v -52.024532 8.004498 5.837011
v -51.297398 8.841936 5.840012
v -51.696552 8.429063 5.839172
v -52.319668 7.501590 5.832975
v -50.281570 9.550888 5.836262
v -50.075302 9.422968 5.774958
v -50.710316 9.052896 5.778560
v -51.160961 8.686866 5.779337
v -50.988995 9.369569 5.788390
v -50.493198 9.684832 5.786032
v -52.435894 7.714700 5.782622
v -52.166618 8.165917 5.786162
v -51.439190 9.003027 5.789150
v -49.925007 9.977922 5.782155
v -51.887810 7.849100 5.776326
v -52.208805 7.294502 5.771794
v -51.559902 8.273747 5.778488
v -52.672142 7.218066 5.777781
v -51.838566 8.590398 5.788318
v -53.064018 8.140325 4.638751
v -53.050941 9.350129 3.467509
v -53.067955 8.600207 4.284434
v -53.063061 9.010440 3.882594
v -53.035011 9.659721 2.960758
v -53.047958 7.566625 4.966958
v -53.174091 8.127546 4.623736
v -53.161015 9.337350 3.452495
v -53.178028 8.587428 4.269419
v -53.173134 8.997664 3.867580
v -53.145084 9.646944 2.945744
v -53.158031 7.553847 4.951943
v -53.072601 7.356087 4.824422
v -53.092045 7.999965 4.470519
v -53.096024 8.460064 4.116460
v -53.146065 8.267904 4.791968
v -53.133385 7.764385 5.094478
v -53.113300 9.759796 3.177860
v -53.132999 9.477772 3.620801
v -53.149956 8.727570 4.437391
v -53.112377 7.189420 5.373290
v -53.078953 9.209709 3.299203
v -53.066792 9.546865 2.728642
v -53.091091 8.870090 3.714371
v -53.086452 10.010305 2.688977
v -53.145107 9.138014 4.035803
v -51.310928 10.332500 4.310256
v -51.715359 10.339785 3.892903
v -50.880886 10.326338 4.663267
v -50.432877 10.321320 4.950641
v -49.793930 10.315870 5.260568
v -52.069569 10.347979 3.423442
v -52.471786 10.360760 2.691232
v -51.306923 10.444239 4.308492
v -51.711353 10.451525 3.891140
v -50.876884 10.438078 4.661504
v -50.428875 10.433060 4.948878
v -49.789928 10.427612 5.258805
v -52.065563 10.459719 3.421679
v -52.467785 10.472500 2.689468
v -51.916473 10.406504 3.270445
v -51.558830 10.398155 3.748715
v -52.218655 10.401194 3.574675
v -50.592171 10.374739 5.090215
v -51.867882 10.393152 4.035328
v -52.706913 10.425081 2.206118
v -50.269581 10.379641 4.809304
v -51.154404 10.390871 4.166072
v -52.406567 10.422886 2.331866
v -49.386269 10.368570 5.439383
v -52.533009 10.410372 3.048834
v -50.110283 10.370611 5.326670
v -50.724144 10.384712 4.518879
v -49.473576 10.372871 5.192703
v -51.463444 10.385868 4.452675
v -51.033627 10.379702 4.805894
v -50.835258 9.972832 5.837220
v -53.119572 8.173570 3.540044
v -52.683117 10.443655 3.585792
v -51.450123 8.777581 4.149967
v -50.717464 10.460777 5.652911
v -52.926025 10.494524 3.457790
v -50.727211 10.503479 3.448705
v -53.160145 8.010623 5.618992
v -53.168129 10.254215 3.451544
v -53.169914 8.053405 3.410452
v -50.708385 10.216053 5.891271
v -52.919701 8.007195 5.855821
v -50.710167 8.015399 5.849794
v -51.449722 8.745602 5.769294
v -51.457703 10.384380 4.188905
v -53.069168 8.774268 4.165609
v -50.855209 10.447948 3.574558
v -53.111629 8.138436 5.383396
v -52.678734 8.132378 5.810972
v -50.847309 10.412975 5.409239
v -53.119564 10.010790 3.574006
v -50.835255 8.135900 5.803953
v -51.510391 8.644851 5.728240
v -51.082542 9.038230 5.728294
v -51.874592 8.224203 5.726717
v -52.173649 7.783890 5.723830
v -52.500271 7.153314 5.718064
v -50.603924 9.380056 5.726661
v -49.861374 9.763035 5.721593
v -51.505032 8.638828 5.839774
v -51.077183 9.032208 5.839829
v -51.869236 8.218182 5.838252
v -52.168289 7.777868 5.835364
v -52.494911 7.147293 5.829600
v -50.598564 9.374036 5.838195
v -49.856014 9.757015 5.833128
v -50.453148 9.222072 5.777435
v -50.940666 8.877042 5.779150
v -50.749340 9.532021 5.787423
v -52.307140 7.945750 5.784578
v -51.219063 9.193396 5.788971
v -49.368385 9.984440 5.773522
v -52.034798 7.616009 5.774618
v -51.368515 8.483668 5.779097
v -49.501984 9.687511 5.770509
v -52.687893 6.749515 5.769885
v -50.215405 9.832541 5.784211
v -52.556187 7.470246 5.780302
v -51.732521 8.062794 5.777567
v -52.438995 6.830364 5.767365
v -51.646908 8.800013 5.788918
v -52.011307 8.379592 5.787400
v -53.066517 8.813247 4.087011
v -53.067093 8.375028 4.468801
v -53.057880 9.188899 3.676644
v -53.042583 9.500284 3.243610
v -53.030144 9.845591 2.584614
v -53.058411 7.887802 4.798136
v -53.030952 7.136405 5.162451
v -53.176590 8.800468 4.071996
v -53.177166 8.362248 4.453786
v -53.167953 9.176121 3.661629
v -53.152657 9.487507 3.228595
v -53.140217 9.832813 2.569600
v -53.168484 7.875025 4.783123
v -53.141026 7.123626 5.147438
v -53.086006 7.738619 4.633053
v -53.095146 8.234801 4.300728
v -53.140892 8.024209 4.948208
v -53.124172 9.624481 3.404878
v -53.149113 8.502474 4.621856
v -53.065155 6.634732 5.367172
v -53.071068 9.363308 3.067326
v -53.094570 8.673028 3.918945
v -53.048443 6.776890 5.074703
v -53.082035 10.041666 2.145319
v -53.123531 7.483145 5.235184
v -53.100430 9.887093 2.937312
v -53.085896 9.048488 3.508348
v -53.069931 9.791311 2.216902
v -53.148537 8.940690 4.240061
v -53.139938 9.316533 3.829925
v -52.068901 10.344793 3.826590
v -52.067104 10.340973 3.824857
v -52.069195 10.343317 3.826836
v -52.068954 10.342072 3.826592
v -52.068222 10.341248 3.825898
v -51.265972 10.326506 4.653622
v -51.267784 10.330330 4.655371
v -51.267094 10.326782 4.654669
v -51.267834 10.327604 4.655368
v -51.268074 10.328850 4.655615
v -51.727558 10.346470 3.509962
v -51.725506 10.350473 3.508129
v -51.726418 10.346790 3.508911
v -51.725628 10.347664 3.508193
v -51.725307 10.348955 3.507918
v -50.924408 10.336008 4.336928
v -50.926468 10.332003 4.338767
v -50.924210 10.334492 4.336717
v -50.924534 10.333197 4.336993
v -50.925323 10.332325 4.337712
v -51.690723 10.337103 4.266991
v -51.688927 10.333286 4.265258
v -51.691013 10.335627 4.267236
v -51.690777 10.334383 4.266994
v -51.690041 10.333561 4.266298
v -51.347824 10.342775 3.948991
v -51.349869 10.338774 3.950816
v -51.347626 10.341261 3.948779
v -51.347946 10.339968 3.949052
v -51.348732 10.339096 3.949767
v -50.491318 10.330486 4.653555
v -50.493408 10.326475 4.655424
v -50.491119 10.328968 4.653346
v -50.491447 10.327673 4.653628
v -50.492252 10.326797 4.654358
v -50.833000 10.320978 4.970362
v -50.834846 10.324814 4.972143
v -50.834137 10.321255 4.971422
v -50.834888 10.322081 4.972132
v -50.835136 10.323330 4.972386
v -49.928478 10.325119 4.959859
v -49.931561 10.321112 4.961274
v -49.928356 10.323599 4.959615
v -49.928898 10.322306 4.959798
v -49.930027 10.321430 4.960381
v -50.373871 10.316479 5.228138
v -50.376701 10.320345 5.229456
v -50.375389 10.316759 5.229023
v -50.376457 10.317593 5.229585
v -50.376919 10.318850 5.229736
v -48.906708 10.316849 5.428000
v -48.919395 10.312931 5.422970
v -48.906193 10.316860 5.426105
v -48.909561 10.315327 5.427326
v -48.912975 10.314049 5.426134
v -48.905384 10.317110 5.427894
v -48.907345 10.315502 5.427064
v -48.909569 10.314245 5.426082
v -48.908089 10.314650 5.425925
v -48.916130 10.313236 5.422854
v -48.912476 10.314091 5.423409
v -48.916428 10.313208 5.424605
v -48.912540 10.313646 5.424654
v -48.909355 10.314264 5.424927
v -48.905109 10.317116 5.426868
v -48.908989 10.315361 5.424551
v -48.907074 10.315516 5.425760
v -48.906036 10.315601 5.426682
v -49.874008 10.316479 5.452553
v -49.875237 10.312613 5.449539
v -49.874538 10.314978 5.452707
v -49.874958 10.313715 5.452189
v -49.875202 10.312885 5.451076
v -52.396992 10.353313 3.339259
v -52.395863 10.349497 3.336453
v -52.397339 10.351831 3.339424
v -52.397243 10.350588 3.338949
v -52.396725 10.349768 3.337905
v -52.113453 10.357359 2.886058
v -52.112026 10.361385 2.883077
v -52.112553 10.357689 2.884567
v -52.111965 10.358566 2.883477
v -52.111778 10.359867 2.882954
v -52.701958 10.359221 2.779483
v -52.704800 10.363119 2.778971
v -52.703476 10.359512 2.779668
v -52.704552 10.360355 2.779636
v -52.705017 10.361622 2.779391
v -52.712761 10.383112 1.639335
v -52.710949 10.383106 1.638809
v -52.707268 10.378889 1.652578
v -52.712692 10.383356 1.638011
v -52.711975 10.381531 1.642325
v -52.711784 10.381723 1.640072
v -52.711456 10.381832 1.638736
v -52.710625 10.380850 1.640867
v -52.709270 10.381533 1.641719
v -52.707981 10.380182 1.645358
v -52.711712 10.383352 1.637726
v -52.710518 10.381725 1.639785
v -52.709591 10.380432 1.642170
v -52.709000 10.379250 1.649493
v -52.710655 10.380177 1.645892
v -52.707279 10.379253 1.649171
v -52.709194 10.379759 1.645469
v -52.710720 10.380430 1.642398
v -52.026505 10.453304 3.789154
v -52.031105 10.449385 3.793352
v -52.027836 10.452991 3.790383
v -52.029179 10.452137 3.791613
v -52.030327 10.450869 3.792655
v -51.229988 10.434916 4.622134
v -51.225372 10.438839 4.617921
v -51.229206 10.436403 4.621437
v -51.228058 10.437668 4.620391
v -51.226707 10.438526 4.619156
v -51.755779 10.453720 3.538015
v -51.760151 10.457617 3.542140
v -51.756466 10.455229 3.538679
v -51.757542 10.456497 3.539697
v -51.758835 10.457336 3.540912
v -50.959057 10.443150 4.370941
v -50.954681 10.439251 4.366812
v -50.957737 10.442871 4.369712
v -50.956444 10.442030 4.368495
v -50.955368 10.440760 4.367478
v -51.648327 10.445618 4.229556
v -51.652924 10.441702 4.233750
v -51.649658 10.445305 4.230785
v -51.650997 10.444450 4.232013
v -51.652145 10.443184 4.233054
v -51.382462 10.449923 3.982992
v -51.378098 10.446024 3.978877
v -51.381145 10.449642 3.981768
v -51.379856 10.448803 3.980556
v -51.378784 10.447533 3.979541
v -50.526001 10.437624 4.687600
v -50.521584 10.433718 4.683437
v -50.524666 10.437344 4.686357
v -50.523357 10.436502 4.685130
v -50.522278 10.435228 4.684104
v -50.797062 10.429373 4.938914
v -50.792400 10.433311 4.934659
v -50.796276 10.430864 4.938212
v -50.795113 10.432137 4.937157
v -50.793751 10.432995 4.935908
v -49.964409 10.432264 4.993318
v -49.958740 10.428341 4.989736
v -49.962597 10.431978 4.992299
v -49.960884 10.431131 4.991260
v -49.959530 10.429853 4.990360
v -50.338932 10.424862 5.196241
v -50.333015 10.428808 5.192566
v -50.338051 10.426359 5.195580
v -50.336617 10.427633 5.194650
v -50.334846 10.428495 5.193592
v -48.936932 10.420033 5.457543
v -48.936459 10.420076 5.455982
v -48.955254 10.424107 5.453656
v -48.935619 10.420288 5.457559
v -48.941082 10.421566 5.457493
v -48.938816 10.421629 5.457392
v -48.937447 10.421656 5.457138
v -48.940361 10.422424 5.456699
v -48.940689 10.421619 5.455058
v -48.945747 10.422926 5.454292
v -48.938629 10.421656 5.456252
v -48.942089 10.422758 5.455858
v -48.950996 10.423771 5.455389
v -48.946018 10.422880 5.456736
v -48.950863 10.423801 5.453799
v -48.946194 10.423325 5.455590
v -48.942207 10.422735 5.456893
v -49.834694 10.424944 5.413850
v -49.836258 10.420942 5.419356
v -49.834858 10.424616 5.415574
v -49.835213 10.423740 5.417226
v -49.835705 10.422451 5.418554
v -52.355431 10.461836 3.300478
v -52.359203 10.457880 3.306029
v -52.356445 10.461512 3.302224
v -52.357517 10.460646 3.303892
v -52.358486 10.459370 3.305228
v -52.142296 10.464628 2.912961
v -52.145882 10.468502 2.918527
v -52.142925 10.466135 2.913736
v -52.143829 10.467400 2.915066
v -52.144867 10.468231 2.916749
v -52.667027 10.467638 2.745754
v -52.661400 10.471554 2.743764
v -52.666168 10.469131 2.745223
v -52.664795 10.470400 2.744658
v -52.663124 10.471251 2.744146
v -52.742722 10.486324 1.669178
v -52.738331 10.489983 1.687920
v -52.741219 10.486345 1.668692
v -52.742561 10.487774 1.673464
v -52.741673 10.488979 1.678531
v -52.742767 10.486561 1.667864
v -52.742527 10.487858 1.671152
v -52.741940 10.488905 1.674627
v -52.741798 10.488617 1.672731
v -52.738598 10.489759 1.683447
v -52.739239 10.488989 1.678222
v -52.740185 10.489756 1.683607
v -52.740524 10.489401 1.678694
v -52.740913 10.488909 1.674493
v -52.740162 10.487789 1.673041
v -52.741402 10.487865 1.670948
v -52.742317 10.487896 1.669751
v -52.670952 10.452190 5.421276
v -52.675232 10.452251 5.417042
v -52.679764 10.456343 5.425924
v -52.672585 10.452192 5.420961
v -52.673973 10.452206 5.420046
v -52.672905 10.453806 5.421662
v -52.673927 10.453753 5.421348
v -52.675259 10.454624 5.421376
v -52.675571 10.453844 5.418995
v -52.676552 10.455183 5.421369
v -52.674900 10.452225 5.418670
v -52.675247 10.453772 5.420028
v -52.677673 10.456055 5.424178
v -52.675262 10.455164 5.422681
v -52.676624 10.455610 5.422757
v -53.155136 6.305474 5.349702
v -53.155148 6.304279 5.346662
v -53.159443 6.291761 5.354032
v -53.155136 6.304077 5.349445
v -53.156769 6.302480 5.350000
v -53.156773 6.301437 5.349054
v -53.155144 6.303430 5.347801
v -53.158192 6.298824 5.350910
v -53.159100 6.294664 5.353041
v -53.158619 6.297406 5.351530
v -49.035343 10.468933 5.399006
v -49.022522 10.473143 5.403546
v -49.034042 10.469048 5.395937
v -49.032536 10.470566 5.399362
v -49.033958 10.469193 5.398769
v -49.030701 10.471466 5.399561
v -49.025261 10.472836 5.402612
v -49.028412 10.471949 5.400838
v -49.033257 10.469254 5.397108
v -49.031647 10.470657 5.398677
v -52.691002 10.522034 1.756200
v -52.688000 10.522070 1.754948
v -52.695686 10.526581 1.742515
v -52.690777 10.522064 1.754799
v -52.691166 10.523676 1.752779
v -52.691563 10.524586 1.751165
v -52.689156 10.522083 1.754121
v -52.693901 10.526184 1.745837
v -52.693027 10.525663 1.748177
v -48.996548 9.981762 5.877674
v -48.995312 9.978752 5.877599
v -48.982941 9.986868 5.881960
v -48.995148 9.981531 5.877617
v -48.993553 9.982307 5.879293
v -48.992493 9.981411 5.879264
v -48.994480 9.979904 5.877576
v -48.986187 9.985069 5.881612
v -48.989918 9.983458 5.880701
v -48.988518 9.984163 5.881131
v -53.155117 9.971395 5.417464
v -53.159359 9.980145 5.422177
v -53.155136 9.975739 5.413284
v -53.156746 9.973331 5.417854
v -53.158123 9.975672 5.418883
v -53.155121 9.973032 5.417171
v -53.156689 9.974363 5.417552
v -53.157566 9.975698 5.417586
v -53.158131 9.976994 5.417586
v -53.159042 9.978064 5.420404
v -53.158577 9.977043 5.418972
v -53.155128 9.975382 5.414909
v -53.155121 9.974432 5.416273
v -53.156757 9.976048 5.415218
v -53.156696 9.975708 5.416248
v -53.170982 10.045837 1.735102
v -53.175312 10.050737 1.721499
v -53.170990 10.042854 1.733803
v -53.172626 10.046247 1.732149
v -53.170990 10.045635 1.733697
v -53.173458 10.046482 1.730050
v -53.174969 10.048897 1.724786
v -53.174488 10.047997 1.727086
v -53.170994 10.044022 1.732994
v -53.172630 10.045378 1.731014
v -52.674263 9.968573 5.887715
v -52.683056 9.973036 5.892089
v -52.678524 9.964296 5.887647
v -52.676182 9.968885 5.889358
v -52.678524 9.969843 5.890765
v -52.675892 9.968243 5.887715
v -52.677216 9.968563 5.889299
v -52.678547 9.968554 5.890179
v -52.681313 9.970928 5.891718
v -52.679840 9.968529 5.890744
v -52.679905 9.969898 5.891224
v -52.678196 9.965929 5.887677
v -52.677273 9.967314 5.887702
v -52.678860 9.966200 5.889315
v -52.678543 9.967234 5.889278
v -52.678520 6.299005 5.818349
v -52.683151 6.285329 5.822372
v -52.675510 6.297758 5.818317
v -52.678291 6.297604 5.818323
v -52.678665 6.295560 5.819858
v -52.679371 6.293333 5.821079
v -52.682129 6.288152 5.822096
v -52.680523 6.290920 5.821670
v -52.676662 6.296930 5.818308
v -53.175877 10.547874 0.764631
v -53.177032 10.544489 0.762024
v -53.180481 10.543261 0.764514
v -53.175365 10.547647 0.763535
v -53.175404 10.546925 0.762657
v -53.177643 10.547529 0.764620
v -53.177422 10.547173 0.762666
v -53.177391 10.546591 0.761388
v -53.178364 10.543436 0.762098
v -53.179485 10.542831 0.762596
v -53.175991 10.545816 0.762125
v -53.177780 10.545235 0.761456
v -53.179138 10.544838 0.761362
v -53.180134 10.545033 0.764557
v -53.179138 10.546532 0.764595
v -53.180229 10.542768 0.763444
v -53.179741 10.544847 0.762621
v -53.178982 10.546415 0.762223
v -48.014782 10.461637 5.888529
v -48.012352 10.462831 5.885067
v -48.014858 10.466320 5.884067
v -48.013733 10.461126 5.888253
v -48.012901 10.461172 5.887499
v -48.014801 10.463400 5.888218
v -48.012882 10.463184 5.887805
v -48.011635 10.463158 5.887190
v -48.012413 10.464178 5.884074
v -48.012913 10.465315 5.883535
v -48.012417 10.461771 5.886380
v -48.011738 10.463568 5.885842
v -48.011642 10.464931 5.885492
v -48.014843 10.465933 5.885801
v -48.014820 10.464909 5.887260
v -48.013771 10.466066 5.883533
v -48.012901 10.465538 5.885554
v -48.012463 10.464750 5.887080
v -53.152802 10.447300 5.898077
v -53.157360 10.442728 5.897990
v -53.152790 10.442663 5.902506
v -53.154545 10.446953 5.898075
v -53.156025 10.445961 5.898057
v -53.152802 10.446928 5.899799
v -53.154480 10.446419 5.899732
v -53.155827 10.445740 5.899678
v -53.155415 10.445316 5.900644
v -53.157009 10.442701 5.899724
v -53.156017 10.442678 5.901190
v -53.157013 10.444479 5.898029
v -53.156502 10.444387 5.899696
v -53.155823 10.444324 5.901031
v -53.152794 10.444416 5.902196
v -53.152798 10.445913 5.901246
v -53.154533 10.442665 5.902167
v -53.154472 10.444359 5.901699
v -53.154434 10.445721 5.901054
v -53.164417 5.327866 5.801769
v -53.160995 5.325421 5.802801
v -53.159813 5.327762 5.806316
v -53.164177 5.326823 5.801223
v -53.163445 5.325991 5.801227
v -53.164078 5.327831 5.803516
v -53.163689 5.325928 5.803245
v -53.163086 5.324693 5.803175
v -53.162514 5.324732 5.804346
v -53.159946 5.325471 5.804132
v -53.159351 5.325934 5.805267
v -53.162327 5.325498 5.801781
v -53.161732 5.324796 5.803550
v -53.161335 5.324669 5.804904
v -53.161583 5.327774 5.805978
v -53.163082 5.327800 5.804993
v -53.159302 5.326739 5.806035
v -53.161366 5.325886 5.805538
v -49.012192 10.365589 5.397060
v -49.010880 10.365595 5.393998
v -49.017166 10.361410 5.392757
v -49.010807 10.365824 5.396823
v -49.013329 10.363966 5.396714
v -49.011562 10.364130 5.396348
v -49.010445 10.364227 5.395819
v -49.011429 10.363230 5.395311
v -49.011791 10.364002 5.393165
v -49.013306 10.362644 5.392636
v -49.010094 10.365829 5.395166
v -49.010834 10.364145 5.394663
v -49.011845 10.362823 5.394307
v -49.016022 10.361704 5.394385
v -49.014675 10.362602 5.395775
v -49.015194 10.361736 5.392491
v -49.013680 10.362171 5.394277
v -49.012432 10.362806 5.395647
v -52.670952 10.365196 5.419617
v -52.670971 10.361015 5.415277
v -52.675232 10.365276 5.415383
v -52.670956 10.363571 5.419263
v -52.670959 10.362206 5.418313
v -52.672585 10.365202 5.419304
v -52.672630 10.363537 5.418882
v -52.673420 10.362768 5.417785
v -52.672604 10.361340 5.415293
v -52.673985 10.362265 5.415319
v -52.670967 10.361309 5.416913
v -52.672638 10.361700 5.416970
v -52.674904 10.365246 5.417012
v -52.673973 10.365219 5.418388
v -52.674911 10.363646 5.415351
v -52.674511 10.363573 5.417019
v -52.691002 10.435059 1.754543
v -52.686714 10.430685 1.760456
v -52.687992 10.435083 1.753279
v -52.690670 10.433401 1.755889
v -52.689739 10.431990 1.757486
v -52.690777 10.435085 1.753140
v -52.690323 10.433493 1.754195
v -52.689644 10.432211 1.755307
v -52.689327 10.432613 1.754268
v -52.686546 10.431049 1.758333
v -52.686733 10.432013 1.756224
v -52.688351 10.431034 1.759090
v -52.688297 10.431553 1.756698
v -52.688358 10.432222 1.754766
v -52.689148 10.435099 1.752457
v -52.687241 10.433430 1.754449
v -52.688694 10.433504 1.753511
v -52.689819 10.433554 1.753115
v -53.068127 9.971401 5.417091
v -53.068142 9.975744 5.412910
v -53.063885 9.971483 5.412812
v -53.068127 9.973038 5.416796
v -53.068130 9.974438 5.415898
v -53.066498 9.971409 5.416761
v -53.066456 9.973087 5.416399
v -53.066544 9.974224 5.415672
v -53.066513 9.975418 5.412896
v -53.065132 9.974495 5.412873
v -53.068138 9.975388 5.414535
v -53.066467 9.974997 5.414560
v -53.065342 9.974249 5.414457
v -53.064201 9.971451 5.414444
v -53.065117 9.971426 5.415830
v -53.064209 9.973114 5.412844
v -53.064590 9.973124 5.414518
v -53.065338 9.973017 5.415644
v -53.068146 6.305480 5.349327
v -53.063904 6.311563 5.345159
v -53.068157 6.304284 5.346286
v -53.066517 6.306406 5.348821
v -53.065136 6.307888 5.347852
v -53.068146 6.303622 5.349253
v -53.065353 6.305896 5.347894
v -53.065693 6.304953 5.347768
v -53.064224 6.309241 5.345403
v -53.065147 6.307041 5.345703
v -53.064220 6.309698 5.346565
v -53.064610 6.307254 5.346859
v -53.068153 6.302974 5.347608
v -53.068146 6.302740 5.348650
v -53.066528 6.305301 5.346014
v -53.066563 6.303828 5.348215
v -53.083992 10.045843 1.734727
v -53.083996 10.042862 1.733428
v -53.079704 10.041468 1.740680
v -53.084000 10.045641 1.733323
v -53.082355 10.045494 1.736103
v -53.082420 10.045170 1.734399
v -53.082466 10.044683 1.733311
v -53.081543 10.044174 1.734476
v -53.082363 10.042088 1.734619
v -53.080971 10.041552 1.736415
v -53.084000 10.044027 1.732620
v -53.082424 10.043554 1.733695
v -53.081158 10.043200 1.734970
v -53.080036 10.043125 1.739323
v -53.080967 10.044538 1.737716
v -53.080040 10.041334 1.738543
v -53.080517 10.043108 1.736917
v -53.081158 10.044476 1.735526
v -48.995533 9.970932 5.782766
v -49.001541 9.966188 5.778489
v -48.994301 9.967916 5.782722
v -48.996914 9.970423 5.781148
v -48.998543 9.969341 5.779766
v -48.994133 9.970699 5.782716
v -48.995213 9.970074 5.781173
v -48.996346 9.969261 5.779929
v -48.995293 9.968988 5.780294
v -48.999374 9.966085 5.778800
v -48.997238 9.966379 5.779713
v -49.000164 9.967855 5.778833
v -48.997742 9.967863 5.779290
v -48.995789 9.967995 5.779906
v -48.993465 9.969069 5.782692
v -48.995457 9.967022 5.781090
v -48.994522 9.968456 5.781146
v -48.994129 9.969572 5.781192
v -52.674686 9.970064 5.800729
v -52.678947 9.965803 5.800676
v -52.674706 9.965878 5.796395
v -52.676315 9.969740 5.800731
v -52.677700 9.968815 5.800722
v -52.674694 9.969769 5.799092
v -52.676365 9.969376 5.799052
v -52.677490 9.968626 5.799131
v -52.678631 9.965832 5.799044
v -52.677711 9.965857 5.797657
v -52.678623 9.967434 5.800703
v -52.678238 9.967503 5.799030
v -52.677498 9.967438 5.797900
v -52.674706 9.967503 5.796748
v -52.674702 9.968868 5.797694
v -52.676334 9.965872 5.796727
v -52.676376 9.967535 5.797148
v -52.676285 9.968649 5.797916
v -52.678944 6.300410 5.737216
v -52.675926 6.299156 5.737178
v -52.674706 6.306482 5.733040
v -52.678059 6.298278 5.737175
v -52.678627 6.301813 5.735607
v -52.678272 6.300120 5.735634
v -52.677761 6.299041 5.735654
v -52.677280 6.300226 5.734753
v -52.675186 6.300387 5.735565
v -52.674698 6.302209 5.734213
v -52.676636 6.299441 5.735614
v -52.676315 6.300740 5.734375
v -52.676334 6.305098 5.733348
v -52.677711 6.303460 5.734249
v -52.674526 6.304350 5.733326
v -52.676266 6.302695 5.733776
v -52.677605 6.301276 5.734390
v -51.006832 9.389810 5.737011
v -51.005276 9.388038 5.733103
v -51.007122 9.390134 5.735545
v -51.006924 9.389912 5.734288
v -51.006279 9.389174 5.733431
v -51.854832 8.608850 5.733030
v -51.856407 8.610641 5.736939
v -51.855839 8.609995 5.733359
v -51.856491 8.610738 5.734216
v -51.856689 8.610964 5.735475
v -50.699406 9.040465 5.722315
v -50.697495 9.038297 5.726217
v -50.698372 9.039293 5.722581
v -50.697647 9.038468 5.723416
v -50.697338 9.038119 5.724693
v -51.547081 8.259148 5.726148
v -51.549000 8.261320 5.722243
v -51.546928 8.258971 5.724621
v -51.547237 8.259321 5.723344
v -51.547962 8.260146 5.722509
v -51.457035 9.023270 5.737765
v -51.455475 9.021499 5.733864
v -51.457321 9.023595 5.736303
v -51.457123 9.023371 5.735047
v -51.456478 9.022635 5.734191
v -51.148140 8.672267 5.726992
v -51.150043 8.674426 5.723088
v -51.147987 8.672088 5.725467
v -51.148293 8.672436 5.724190
v -51.149017 8.673257 5.723354
v -51.874992 7.834502 5.723991
v -51.876938 7.836711 5.720081
v -51.874836 7.834328 5.722462
v -51.875153 7.834687 5.721183
v -51.875889 7.835522 5.720347
v -52.182850 8.184327 5.730872
v -52.184452 8.186152 5.734797
v -52.183868 8.185488 5.731203
v -52.184532 8.186241 5.732064
v -52.184738 8.186475 5.733327
v -52.195988 7.279905 5.719464
v -52.197453 7.283094 5.715558
v -52.195797 7.279804 5.717933
v -52.196007 7.280372 5.716654
v -52.196590 7.281528 5.715820
v -52.452610 7.732129 5.727323
v -52.453724 7.734926 5.731278
v -52.453445 7.733662 5.727657
v -52.453949 7.734733 5.728528
v -52.454048 7.735176 5.729798
v -52.690838 6.270810 5.709759
v -52.685608 6.283431 5.705889
v -52.688957 6.270250 5.709701
v -52.690136 6.273671 5.708265
v -52.688900 6.277075 5.707006
v -52.689930 6.271446 5.708394
v -52.688931 6.273667 5.707143
v -52.688801 6.272176 5.707517
v -52.685566 6.280162 5.706135
v -52.686188 6.276507 5.706947
v -52.687309 6.280503 5.706172
v -52.687443 6.276609 5.706546
v -52.687782 6.273424 5.707119
v -52.690369 6.268910 5.710066
v -52.687378 6.273028 5.708198
v -52.688633 6.271140 5.708361
v -52.689579 6.270127 5.708459
v -52.689957 7.238280 5.726466
v -52.687042 7.239498 5.722521
v -52.690147 7.238839 5.724980
v -52.689663 7.239269 5.723707
v -52.688572 7.239498 5.722843
v -50.511036 9.705065 5.734665
v -50.508385 9.703932 5.730738
v -50.511238 9.705441 5.733196
v -50.510807 9.705355 5.731933
v -50.509808 9.704826 5.731071
v -50.065556 9.409944 5.718722
v -50.062481 9.408368 5.722619
v -50.064079 9.408998 5.718984
v -50.062977 9.408367 5.719817
v -50.062416 9.408145 5.721094
v -49.943550 9.995390 5.726884
v -49.942833 9.998150 5.730810
v -49.943684 9.996910 5.727209
v -49.943596 9.997967 5.728069
v -49.943298 9.998402 5.729333
v -48.803345 9.976456 5.712638
v -48.802868 9.974634 5.712585
v -48.816864 9.971382 5.708773
v -48.801460 9.975967 5.712897
v -48.806408 9.975777 5.711148
v -48.804153 9.975527 5.711261
v -48.802826 9.975161 5.711320
v -48.805008 9.974401 5.710395
v -48.805874 9.973057 5.711083
v -48.809586 9.971888 5.709832
v -48.803902 9.974253 5.711230
v -48.806351 9.973408 5.710003
v -48.813721 9.973030 5.709056
v -48.810051 9.974573 5.709890
v -48.813446 9.971298 5.709020
v -48.809681 9.973108 5.709434
v -48.806549 9.974545 5.710027
v -50.966949 9.344556 5.843475
v -50.971153 9.349328 5.839776
v -50.968151 9.345922 5.843226
v -50.969376 9.347309 5.842435
v -50.970428 9.348506 5.841222
v -51.820724 8.570160 5.839700
v -51.816505 8.565368 5.843403
v -51.819996 8.569335 5.841149
v -51.818943 8.568136 5.842361
v -51.817715 8.566742 5.843153
v -50.723137 9.067499 5.830905
v -50.727013 9.071907 5.835013
v -50.723732 9.068177 5.832444
v -50.724678 9.069252 5.833768
v -50.725830 9.070562 5.834667
v -51.576603 8.292760 5.834941
v -51.572723 8.288346 5.830831
v -51.575420 8.291413 5.834596
v -51.574265 8.290103 5.833695
v -51.573318 8.289025 5.832372
v -51.417149 8.978016 5.844237
v -51.421349 8.982787 5.840539
v -51.418354 8.979383 5.843987
v -51.419571 8.980770 5.843196
v -51.420624 8.981964 5.841985
v -51.177650 8.705865 5.835787
v -51.173782 8.701467 5.831680
v -51.176472 8.704524 5.835444
v -51.175320 8.703218 5.834541
v -51.174377 8.702144 5.833221
v -51.904541 7.868150 5.832780
v -51.900627 7.863698 5.828663
v -51.903347 7.866791 5.832433
v -51.902180 7.865466 5.831529
v -51.901226 7.864382 5.830206
v -52.148781 8.145683 5.837532
v -52.144520 8.140845 5.841244
v -52.148048 8.144855 5.838985
v -52.146984 8.143645 5.840201
v -52.145744 8.142237 5.840995
v -52.224922 7.314784 5.828259
v -52.221622 7.309098 5.824124
v -52.223961 7.312951 5.827908
v -52.222996 7.311228 5.826998
v -52.222176 7.309873 5.825670
v -52.418064 7.694474 5.833972
v -52.414417 7.688398 5.837692
v -52.417381 7.693547 5.835430
v -52.416447 7.692066 5.836650
v -52.415405 7.690260 5.837444
v -52.716137 6.299958 5.814369
v -52.714588 6.299442 5.814355
v -52.711639 6.318097 5.818618
v -52.715900 6.298081 5.814683
v -52.715927 6.304076 5.815971
v -52.715885 6.301810 5.815993
v -52.715664 6.300433 5.815986
v -52.715126 6.303318 5.816788
v -52.713505 6.303620 5.815935
v -52.712563 6.308632 5.817300
v -52.714748 6.301589 5.815976
v -52.714230 6.305019 5.817123
v -52.713493 6.313894 5.818269
v -52.714996 6.308968 5.817340
v -52.711906 6.313716 5.818244
v -52.713833 6.309107 5.817751
v -52.715260 6.305165 5.817137
v -52.648727 7.196069 5.832894
v -52.654320 7.197848 5.829104
v -52.650459 7.196284 5.832627
v -52.652126 7.196697 5.831813
v -52.653484 7.197245 5.830577
v -50.469784 9.660614 5.841107
v -50.475361 9.664595 5.837404
v -50.471512 9.661676 5.840860
v -50.473179 9.662807 5.840068
v -50.474529 9.663832 5.838855
v -50.088123 9.437569 5.827300
v -50.093460 9.441229 5.831421
v -50.088829 9.438190 5.828842
v -50.090092 9.439104 5.830166
v -50.091717 9.440170 5.831072
v -49.907177 9.957695 5.833506
v -49.905205 9.951950 5.837257
v -49.906616 9.956795 5.834967
v -49.906048 9.955387 5.836193
v -49.905552 9.953686 5.836997
v -48.828953 10.005350 5.817284
v -48.847675 10.001379 5.821497
v -48.828506 10.003832 5.817263
v -48.833195 10.005276 5.818876
v -48.838242 10.004492 5.820235
v -48.830883 10.005178 5.818882
v -48.834335 10.004663 5.820033
v -48.832455 10.004477 5.819680
v -48.843204 10.001534 5.821127
v -48.837994 10.002054 5.820192
v -48.843327 10.003126 5.821156
v -48.838417 10.003344 5.820642
v -48.834225 10.003632 5.820016
v -48.827389 10.004538 5.817468
v -48.832832 10.002863 5.818836
v -48.830704 10.004049 5.818863
v -48.829487 10.004930 5.818868
v -53.097801 8.288608 4.816657
v -53.093666 8.287373 4.815166
v -53.096390 8.288983 4.817104
v -53.095108 8.288883 4.816978
v -53.094151 8.288316 4.816298
v -53.092701 9.157466 4.058981
v -53.096844 9.158714 4.060488
v -53.093189 9.158416 4.060119
v -53.094147 9.158985 4.060805
v -53.095432 9.159090 4.060936
v -53.034374 7.993293 4.462353
v -53.037952 7.991183 4.459831
v -53.034477 7.992279 4.461138
v -53.035191 7.991523 4.460231
v -53.036411 7.991135 4.459774
v -53.036995 8.861304 3.703685
v -53.033421 8.863428 3.706220
v -53.035454 8.861260 3.703628
v -53.034237 8.861650 3.704089
v -53.033520 8.862410 3.705000
v -53.101692 8.748275 4.462083
v -53.097557 8.747040 4.460591
v -53.100281 8.748651 4.462528
v -53.098999 8.748548 4.462403
v -53.098045 8.747982 4.461723
v -53.041931 8.451279 4.105775
v -53.038353 8.453385 4.108289
v -53.040390 8.451232 4.105715
v -53.039169 8.451616 4.106174
v -53.038456 8.452373 4.107076
v -53.024864 9.200924 3.288517
v -53.021294 9.203083 3.291096
v -53.023323 9.200882 3.288463
v -53.022102 9.201277 3.288934
v -53.021389 9.202049 3.289858
v -53.080589 9.497189 3.643938
v -53.084755 9.498465 3.645478
v -53.081078 9.498150 3.645092
v -53.082047 9.498730 3.645790
v -53.083336 9.498840 3.645925
v -53.012703 9.538080 2.717957
v -53.009056 9.539694 2.721691
v -53.011158 9.537996 2.717991
v -53.009918 9.538275 2.718712
v -53.009182 9.538870 2.720012
v -53.060974 9.779787 3.199901
v -53.065086 9.780478 3.202523
v -53.061436 9.780527 3.201473
v -53.062378 9.780918 3.202524
v -53.063660 9.780901 3.202892
v -53.023464 10.064102 1.595297
v -53.019398 10.058760 1.610258
v -53.023479 10.062458 1.594867
v -53.021957 10.063427 1.598666
v -53.020653 10.062174 1.602691
v -53.023659 10.064049 1.593974
v -53.022072 10.063288 1.596369
v -53.020805 10.062315 1.599035
v -53.021179 10.062222 1.597408
v -53.019661 10.058838 1.606589
v -53.020527 10.059566 1.602376
v -53.019756 10.060535 1.606762
v -53.020157 10.060791 1.602468
v -53.020756 10.061211 1.598899
v -53.021866 10.060839 1.598259
v -53.022030 10.062075 1.596174
v -53.022133 10.062996 1.595014
v -53.038280 10.030968 2.713618
v -53.034992 10.028307 2.715075
v -53.036903 10.031248 2.714305
v -53.035797 10.030840 2.714822
v -53.035126 10.029810 2.715093
v -53.085129 7.785081 5.119160
v -53.080948 7.782742 5.118281
v -53.083714 7.785373 5.119657
v -53.082420 7.785033 5.119663
v -53.081451 7.784109 5.119180
v -53.014977 7.350590 4.815693
v -53.018513 7.347303 4.813737
v -53.015060 7.349127 4.814694
v -53.015762 7.347986 4.813971
v -53.016975 7.347346 4.813636
v -53.060074 7.211169 5.395540
v -53.064144 7.210108 5.397960
v -53.060528 7.211238 5.397031
v -53.061455 7.211060 5.398017
v -53.062729 7.210663 5.398342
v -52.964245 6.075646 5.350567
v -52.964016 6.075225 5.348743
v -52.960957 6.089544 5.346141
v -52.964340 6.074309 5.350416
v -52.962925 6.078820 5.350082
v -52.962860 6.076573 5.349771
v -52.962795 6.075252 5.349370
v -52.961971 6.077516 5.348737
v -52.962608 6.078367 5.347366
v -52.961536 6.082191 5.346388
v -52.964218 6.074082 5.349428
v -52.962711 6.076358 5.348498
v -52.961597 6.078911 5.347811
v -52.961143 6.086343 5.347685
v -52.961838 6.082577 5.349070
v -52.960957 6.086116 5.345957
v -52.961243 6.082279 5.347640
v -52.961723 6.079075 5.348948
v -53.197350 8.242898 4.762125
v -53.194332 8.247204 4.767278
v -53.197289 8.244076 4.763537
v -53.196697 8.245307 4.765011
v -53.195660 8.246406 4.766326
v -53.193371 9.117314 4.011115
v -53.196388 9.112992 4.005941
v -53.194695 9.116514 4.010161
v -53.195736 9.115412 4.008842
v -53.196331 9.114175 4.007360
v -53.146141 8.008752 4.481205
v -53.150841 8.012210 4.485367
v -53.147766 8.009221 4.481772
v -53.149231 8.010043 4.482762
v -53.150307 8.011093 4.484025
v -53.149887 8.882345 3.729231
v -53.145184 8.878875 3.725057
v -53.149353 8.881224 3.727885
v -53.148273 8.880170 3.726619
v -53.146809 8.879346 3.725626
v -53.201241 8.702566 4.407550
v -53.198227 8.706867 4.412701
v -53.201183 8.703743 4.408961
v -53.200592 8.704973 4.410435
v -53.199551 8.706071 4.411750
v -53.154816 8.472301 4.131302
v -53.150120 8.468849 4.127147
v -53.154289 8.471187 4.129963
v -53.153210 8.470139 4.128702
v -53.151745 8.469317 4.127714
v -53.137756 9.222002 3.314109
v -53.133045 9.218493 3.309888
v -53.137222 9.220865 3.312744
v -53.136139 9.219799 3.311463
v -53.134674 9.218967 3.310460
v -53.181244 9.457079 3.596122
v -53.184273 9.452715 3.590896
v -53.182579 9.456274 3.595161
v -53.183620 9.455162 3.593830
v -53.184216 9.453913 3.592332
v -53.125496 9.558458 2.744993
v -53.120880 9.555649 2.739327
v -53.125000 9.557590 2.743075
v -53.123947 9.556751 2.741325
v -53.122501 9.556070 2.740009
v -53.161518 9.739119 3.153195
v -53.164680 9.735468 3.146589
v -53.162872 9.738361 3.152125
v -53.163948 9.737404 3.150493
v -53.164581 9.736387 3.148549
v -53.131836 10.081442 1.616682
v -53.131653 10.080027 1.616237
v -53.135731 10.076094 1.636672
v -53.131992 10.081223 1.614808
v -53.133369 10.080990 1.621166
v -53.133362 10.080999 1.618775
v -53.133331 10.080822 1.617335
v -53.134125 10.080139 1.620471
v -53.133198 10.078632 1.620887
v -53.134518 10.077394 1.626404
v -53.133282 10.079897 1.618637
v -53.134422 10.079170 1.622375
v -53.135479 10.078096 1.631985
v -53.134651 10.079815 1.626540
v -53.135406 10.076504 1.631946
v -53.135017 10.078608 1.626806
v -53.134480 10.080193 1.622436
v -53.138859 9.983864 2.662089
v -53.134632 9.989643 2.664333
v -53.138363 9.985592 2.662373
v -53.137386 9.987299 2.662899
v -53.136078 9.988720 2.663587
v -53.184624 7.737987 5.065396
v -53.181641 7.743686 5.069792
v -53.184582 7.739698 5.066517
v -53.184002 7.741381 5.067745
v -53.182968 7.742780 5.068895
v -53.126694 7.364873 4.835108
v -53.131451 7.369811 4.838555
v -53.128326 7.365453 4.835622
v -53.129799 7.366596 4.836456
v -53.130898 7.368128 4.837486
v -53.160618 7.168730 5.348612
v -53.163761 7.166676 5.342541
v -53.161961 7.168100 5.347586
v -53.163029 7.167487 5.346071
v -53.163662 7.166990 5.344300
v -53.072361 6.093191 5.371636
v -53.077560 6.111699 5.367788
v -53.072193 6.092795 5.370114
v -53.074238 6.097317 5.371535
v -53.075882 6.102281 5.370768
v -53.074074 6.095012 5.371381
v -53.075420 6.098394 5.370859
v -53.074924 6.096545 5.370659
v -53.076889 6.107260 5.367867
v -53.075634 6.102107 5.368335
v -53.077049 6.107332 5.369453
v -53.076210 6.102464 5.369596
v -53.075317 6.098316 5.369830
v -53.072468 6.091317 5.371293
v -53.073982 6.097029 5.369126
v -53.073956 6.094872 5.370255
v -53.073940 6.093629 5.371102
v -48.990852 9.982937 5.880407
v -53.157902 6.299762 5.350440
v -51.480541 10.329754 4.467556
v -51.482342 10.333574 4.469295
v -51.481659 10.330030 4.468598
v -51.482395 10.330851 4.469295
v -51.482635 10.332096 4.469539
v -51.545738 10.342529 3.735599
v -51.543694 10.346533 3.733773
v -51.544601 10.342852 3.734550
v -51.543816 10.343723 3.733834
v -51.543495 10.345016 3.733561
v -51.884987 10.337038 4.050216
v -51.886780 10.340858 4.051947
v -51.886101 10.337315 4.051255
v -51.886833 10.338137 4.051950
v -51.887074 10.339382 4.052192
v -51.141315 10.335245 4.152959
v -51.139267 10.339249 4.151130
v -51.140179 10.335567 4.151908
v -51.139389 10.336441 4.151191
v -51.139069 10.337732 4.150918
v -50.711082 10.329086 4.505789
v -50.709011 10.333096 4.503938
v -50.709930 10.329409 4.504730
v -50.709137 10.330284 4.504006
v -50.708813 10.331577 4.503728
v -51.050694 10.323589 4.820746
v -51.052521 10.327417 4.822510
v -51.051823 10.323864 4.821799
v -51.052567 10.324690 4.822504
v -51.052814 10.325937 4.822754
v -50.609081 10.318626 5.105093
v -50.611061 10.322474 5.106825
v -50.610271 10.318903 5.106135
v -50.611065 10.319733 5.106832
v -50.611343 10.320986 5.107074
v -50.256672 10.324017 4.796187
v -50.254448 10.328030 4.794366
v -50.255466 10.324337 4.795139
v -50.254620 10.325212 4.794425
v -50.254261 10.326509 4.794153
v -49.397320 10.312771 5.436255
v -49.388123 10.316837 5.440200
v -49.393845 10.313059 5.437784
v -49.390877 10.313934 5.439071
v -49.388866 10.315260 5.439920
v -50.124180 10.314474 5.342924
v -50.129162 10.318371 5.343273
v -50.126522 10.314762 5.343440
v -50.128292 10.315605 5.343687
v -50.129219 10.316872 5.343629
v -49.463665 10.317270 5.178209
v -49.458443 10.321264 5.177765
v -49.461311 10.317585 5.177687
v -49.459492 10.318453 5.177420
v -49.458485 10.319746 5.177447
v -51.903309 10.350876 3.257482
v -51.901340 10.354881 3.255503
v -51.902203 10.351196 3.256374
v -51.901436 10.352074 3.255609
v -51.901134 10.353365 3.255303
v -52.235844 10.345081 3.589421
v -52.237553 10.348907 3.591292
v -52.236927 10.345356 3.590515
v -52.237633 10.346182 3.591255
v -52.237850 10.347427 3.591528
v -52.704613 10.369059 2.215785
v -52.708767 10.373363 2.206934
v -52.706249 10.369432 2.212418
v -52.707611 10.370382 2.209554
v -52.708496 10.371763 2.207628
v -52.391689 10.367199 2.322313
v -52.391430 10.371267 2.316924
v -52.391235 10.367544 2.319900
v -52.391026 10.368439 2.318029
v -52.391094 10.369747 2.316984
v -52.551964 10.354315 3.060504
v -52.551899 10.358105 3.065445
v -52.552372 10.354570 3.062775
v -52.552498 10.355379 3.064512
v -52.552334 10.356621 3.065449
v -51.444542 10.438168 4.436055
v -51.439941 10.442087 4.431854
v -51.443764 10.439651 4.435358
v -51.442619 10.440916 4.434315
v -51.441273 10.441772 4.433085
v -51.573967 10.449781 3.763658
v -51.578331 10.453678 3.767775
v -51.574654 10.451288 3.764322
v -51.575726 10.452557 3.765338
v -51.577015 10.453398 3.766551
v -51.848980 10.445456 4.018707
v -51.844387 10.449371 4.014514
v -51.848202 10.446938 4.018011
v -51.847057 10.448204 4.016970
v -51.845718 10.449059 4.015742
v -51.169540 10.442493 4.181015
v -51.173908 10.446394 4.185134
v -51.170227 10.444002 4.181679
v -51.171299 10.445272 4.182695
v -51.172592 10.446112 4.183908
v -50.739277 10.436335 4.533820
v -50.743671 10.440235 4.537965
v -50.739967 10.437841 4.534487
v -50.741047 10.439114 4.535509
v -50.742348 10.439955 4.536730
v -51.014729 10.431993 4.789276
v -51.010094 10.435923 4.785043
v -51.013947 10.433479 4.788576
v -51.012791 10.434750 4.787526
v -51.011436 10.435606 4.786285
v -50.573280 10.427015 5.073602
v -50.568447 10.430958 5.069407
v -50.572483 10.428507 5.072904
v -50.571281 10.429783 5.071861
v -50.569866 10.430643 5.070633
v -50.284714 10.431255 4.824244
v -50.289295 10.435165 4.828345
v -50.285419 10.432768 4.824907
v -50.286537 10.434042 4.825919
v -50.287899 10.434883 4.827127
v -49.384415 10.420286 5.438568
v -49.394989 10.424524 5.433752
v -49.385174 10.421881 5.438181
v -49.387451 10.423248 5.437130
v -49.390896 10.424177 5.435575
v -50.091400 10.422863 5.310066
v -50.082745 10.426800 5.307615
v -50.090309 10.424360 5.309498
v -50.088280 10.425636 5.308832
v -50.085625 10.426493 5.308171
v -49.488705 10.424484 5.207641
v -49.497086 10.428429 5.209992
v -49.489700 10.425999 5.208172
v -49.491642 10.427282 5.208805
v -49.494236 10.428135 5.209444
v -51.931610 10.458128 3.285388
v -51.935879 10.462023 3.289697
v -51.932293 10.459635 3.286067
v -51.933342 10.460905 3.287124
v -51.934601 10.461742 3.288399
v -52.199757 10.453487 3.558057
v -52.195267 10.457417 3.553681
v -52.198986 10.454975 3.557347
v -52.197861 10.456244 3.556265
v -52.196556 10.457102 3.554978
v -52.705059 10.476784 2.205303
v -52.699894 10.480774 2.215484
v -52.704620 10.478365 2.206056
v -52.703484 10.479679 2.208256
v -52.701824 10.480526 2.211567
v -52.421700 10.474508 2.346807
v -52.423836 10.478333 2.355363
v -52.422218 10.476011 2.347810
v -52.422806 10.477266 2.349788
v -52.423374 10.478083 2.352440
v -52.514114 10.462648 3.032221
v -52.511799 10.466660 3.024057
v -52.513508 10.464148 3.031222
v -52.512856 10.465435 3.029318
v -52.512253 10.466318 3.026803
v -52.726082 10.434725 1.653751
v -52.727745 10.434717 1.654259
v -52.727669 10.434740 1.652876
v -48.921326 10.368469 5.441044
v -48.921822 10.368439 5.442777
v -48.920429 10.368441 5.442655
v -50.583889 10.456810 5.891083
v -50.583767 10.452164 5.895518
v -50.583099 10.456432 5.892806
v -50.582802 10.455418 5.894254
v -50.583035 10.453918 5.895208
v -53.160889 7.885255 5.849891
v -53.156315 7.885182 5.854413
v -53.160545 7.884502 5.851614
v -53.159554 7.884222 5.853077
v -53.158070 7.884461 5.854059
v -50.586670 7.894130 5.843935
v -50.587334 7.894711 5.847425
v -50.586182 7.893625 5.845256
v -50.586544 7.893938 5.847145
v -53.168922 10.493008 3.331215
v -53.164352 10.497587 3.331310
v -53.168579 10.494780 3.330507
v -53.167587 10.496271 3.330275
v -53.166107 10.497257 3.330558
v -50.594688 10.503658 3.323551
v -50.595490 10.507099 3.324270
v -50.594215 10.504999 3.323090
v -50.594650 10.506859 3.323480
v -53.169014 7.934955 3.282413
v -53.172451 7.935581 3.283172
v -53.170345 7.934479 3.281931
v -53.172203 7.934818 3.282343
v -50.853058 10.460562 5.410141
v -50.851048 10.464743 5.414724
v -50.853065 10.462185 5.410514
v -50.852684 10.463551 5.411517
v -50.851974 10.464449 5.412995
v -52.687714 10.491461 3.584263
v -52.683117 10.487144 3.586622
v -52.685955 10.491116 3.585191
v -52.684464 10.490173 3.585965
v -52.683468 10.488777 3.586466
v -50.858944 10.499861 3.573147
v -50.860962 10.495548 3.575460
v -50.859875 10.499510 3.574057
v -50.860584 10.498568 3.574816
v -50.860966 10.497177 3.575308
v -53.155128 8.138433 5.383584
v -53.159401 8.135995 5.388096
v -53.156757 8.138247 5.383933
v -53.158146 8.137719 5.384912
v -53.159073 8.136928 5.386375
v -53.163059 10.010788 3.574193
v -53.167336 10.015427 3.571873
v -53.164692 10.011141 3.574022
v -53.166077 10.012148 3.573521
v -53.167007 10.013651 3.572767
v -53.167381 8.171235 3.537733
v -53.163067 8.173566 3.540232
v -53.167038 8.172126 3.538696
v -53.166096 8.172883 3.539508
v -53.164703 8.173388 3.540048
v -50.833008 9.979940 5.887023
v -50.835403 9.975157 5.882686
v -50.833927 9.978176 5.886668
v -50.834709 9.976648 5.885719
v -50.835228 9.975586 5.884320
v -52.683090 8.129210 5.857231
v -52.678524 8.131652 5.852998
v -52.681335 8.130122 5.856916
v -52.679852 8.130906 5.856002
v -52.678864 8.131442 5.854626
v -50.833000 8.136093 5.852165
v -50.835403 8.138239 5.847953
v -50.833923 8.136984 5.851858
v -50.834705 8.137704 5.850950
v -50.835224 8.138145 5.849579
v -50.843193 10.361214 5.404011
v -50.841560 10.365393 5.408338
v -50.842407 10.361507 5.405643
v -50.841824 10.362406 5.407037
v -50.841526 10.363770 5.407984
v -52.683117 10.400167 3.584963
v -52.678848 10.395868 3.586986
v -52.682793 10.398533 3.585092
v -52.681866 10.397142 3.585522
v -52.680481 10.396206 3.586187
v -50.849457 10.400351 3.573657
v -50.851944 10.396048 3.576605
v -50.849491 10.398722 3.573858
v -50.849972 10.397331 3.574488
v -50.850834 10.396393 3.575453
v -53.063892 8.140645 5.378971
v -53.068134 8.138440 5.383209
v -53.064209 8.139802 5.380586
v -53.065128 8.139087 5.381961
v -53.066505 8.138608 5.382881
v -53.071800 10.006493 3.575859
v -53.076069 10.010794 3.573819
v -53.072128 10.008139 3.575071
v -53.073051 10.009535 3.574407
v -53.074436 10.010466 3.573967
v -53.076077 8.173571 3.539857
v -53.071804 8.176523 3.542913
v -53.074448 8.173796 3.540084
v -53.073063 8.174437 3.540744
v -53.072132 8.175394 3.541738
v -50.835114 9.970510 5.791755
v -50.837234 9.966034 5.787439
v -50.835270 9.970104 5.790123
v -50.835728 9.969110 5.788727
v -50.836418 9.967680 5.787786
v -52.678944 8.133105 5.768944
v -52.674706 8.135303 5.764702
v -52.678631 8.133296 5.767316
v -52.677711 8.133780 5.765937
v -52.676334 8.134484 5.765020
v -50.835110 8.133561 5.759956
v -50.838116 8.136342 5.755765
v -50.835335 8.133704 5.758331
v -50.835983 8.134283 5.756964
v -50.836960 8.135209 5.756063
v -52.670952 10.408693 5.420448
v -52.675232 10.408764 5.416214
v -52.672585 10.408695 5.420133
v -52.673973 10.408710 5.419218
v -52.674900 10.408733 5.417842
v -52.687996 10.478575 1.754114
v -52.691002 10.478546 1.755371
v -52.689152 10.478590 1.753289
v -52.690777 10.478573 1.753970
v -53.111641 6.305476 5.349514
v -53.111652 6.304281 5.346474
v -53.111641 6.304078 5.349258
v -53.111649 6.303433 5.347612
v -53.127487 10.045839 1.734914
v -53.127495 10.042858 1.733615
v -53.127495 10.045637 1.733509
v -53.127495 10.044025 1.732807
v -52.678734 9.965050 5.844162
v -52.674473 9.969318 5.844223
v -52.678410 9.966681 5.844190
v -52.677486 9.968065 5.844211
v -52.676105 9.968990 5.844223
v -48.994808 9.973335 5.830161
v -48.996044 9.976347 5.830220
v -48.993973 9.974491 5.830178
v -48.994640 9.976122 5.830211
v -49.023766 10.417257 5.398032
v -49.022461 10.417318 5.394967
v -49.022327 10.417267 5.397791
v -49.021576 10.417282 5.397123
v -53.111641 9.975740 5.413097
v -53.111622 9.971401 5.417277
v -53.111633 9.975386 5.414722
v -53.111626 9.974436 5.416085
v -53.111622 9.973036 5.416984
v -52.675716 6.298457 5.777748
v -52.678734 6.299707 5.777782
v -52.676872 6.297631 5.777736
v -52.678501 6.298307 5.777754
v -51.663185 8.818477 5.733629
v -51.664749 8.820254 5.737534
v -51.664188 8.819615 5.733958
v -51.664837 8.820354 5.734816
v -51.665035 8.820579 5.736072
v -50.929749 8.864604 5.722902
v -50.927845 8.862443 5.726805
v -50.928719 8.863435 5.723169
v -50.927994 8.862614 5.724003
v -50.927689 8.862266 5.725280
v -51.235352 9.211868 5.733685
v -51.236904 9.213640 5.737588
v -51.236351 9.213006 5.734012
v -51.236996 9.213740 5.734869
v -51.237194 9.213963 5.736125
v -51.357605 8.471231 5.722850
v -51.355698 8.469069 5.726755
v -51.356571 8.470061 5.723118
v -51.355850 8.469240 5.723952
v -51.355541 8.468892 5.725229
v -51.721630 8.050384 5.721320
v -51.719700 8.048196 5.725228
v -51.720589 8.049204 5.721586
v -51.719856 8.048373 5.722423
v -51.719543 8.048018 5.723702
v -52.027557 8.398025 5.732114
v -52.029144 8.399830 5.736027
v -52.028572 8.399175 5.732443
v -52.029232 8.399923 5.733304
v -52.029430 8.400153 5.734563
v -52.323421 7.964021 5.729286
v -52.324974 7.965979 5.733222
v -52.324421 7.965234 5.729618
v -52.325069 7.966030 5.730483
v -52.325264 7.966294 5.731747
v -52.023872 7.603752 5.718374
v -52.021980 7.601411 5.722285
v -52.022850 7.602514 5.718640
v -52.022129 7.601632 5.719475
v -52.021824 7.601247 5.720757
v -52.686325 6.761470 5.714205
v -52.690372 6.752302 5.718247
v -52.687935 6.758032 5.714487
v -52.689270 6.755081 5.715354
v -52.690125 6.753071 5.716674
v -52.573917 7.485543 5.724981
v -52.574009 7.490465 5.728972
v -52.574364 7.487892 5.725327
v -52.574535 7.489653 5.726206
v -52.574409 7.490556 5.727485
v -52.426617 6.821069 5.711149
v -52.426178 6.815768 5.715037
v -52.426147 6.818699 5.711404
v -52.425900 6.816858 5.712233
v -52.425911 6.815829 5.713508
v -50.442387 9.209564 5.721190
v -50.440327 9.207471 5.725093
v -50.441296 9.208420 5.721456
v -50.440525 9.207622 5.722290
v -50.440182 9.207288 5.723568
v -50.765480 9.550571 5.732135
v -50.767178 9.552258 5.736049
v -50.766537 9.551676 5.732464
v -50.767227 9.552385 5.733324
v -50.767456 9.552589 5.734583
v -49.379959 9.983381 5.717825
v -49.370865 9.987228 5.721900
v -49.376541 9.984921 5.718114
v -49.373611 9.986193 5.718990
v -49.371620 9.987003 5.720318
v -49.494678 9.673380 5.714289
v -49.489166 9.672911 5.718169
v -49.492268 9.672857 5.714546
v -49.490372 9.672585 5.715373
v -49.489285 9.672602 5.716646
v -50.228424 9.852779 5.728903
v -50.233238 9.852770 5.732855
v -50.230675 9.853239 5.729242
v -50.232376 9.853399 5.730111
v -50.233276 9.853233 5.731380
v -51.629066 8.779770 5.840304
v -51.624859 8.774994 5.844001
v -51.628342 8.778947 5.841749
v -51.627289 8.777751 5.842961
v -51.626064 8.776362 5.843752
v -50.953484 8.891643 5.831494
v -50.957355 8.896041 5.835601
v -50.954079 8.892320 5.833035
v -50.955025 8.893394 5.834356
v -50.956173 8.894700 5.835258
v -51.201221 9.173153 5.840357
v -51.197021 9.168385 5.844055
v -51.200497 9.172333 5.841805
v -51.199444 9.171136 5.843014
v -51.198227 9.169751 5.843805
v -51.381336 8.498269 5.831441
v -51.385208 8.502670 5.835549
v -51.381931 8.498946 5.832982
v -51.382877 8.500022 5.834304
v -51.384029 8.501328 5.835205
v -51.745338 8.077395 5.829907
v -51.749233 8.081823 5.834018
v -51.745934 8.078074 5.831449
v -51.746887 8.079155 5.832771
v -51.748043 8.080471 5.833675
v -51.993469 8.359355 5.838780
v -51.989235 8.354543 5.842486
v -51.992741 8.358528 5.840229
v -51.991680 8.357323 5.841443
v -51.990448 8.355924 5.842234
v -52.289307 7.925516 5.835940
v -52.285110 7.920510 5.839659
v -52.288582 7.924674 5.837394
v -52.287529 7.923426 5.838614
v -52.286308 7.921963 5.839409
v -52.047615 7.630605 5.826952
v -52.051460 7.635223 5.831072
v -52.048210 7.631302 5.828497
v -52.049149 7.632424 5.829822
v -52.050293 7.633799 5.830726
v -52.685410 6.746730 5.821503
v -52.680183 6.757097 5.825757
v -52.684952 6.747450 5.823098
v -52.683796 6.749675 5.824468
v -52.682121 6.753062 5.825401
v -52.538361 7.450022 5.831638
v -52.536007 7.441239 5.835345
v -52.537773 7.448890 5.833100
v -52.537117 7.446822 5.834320
v -52.536499 7.444136 5.835107
v -52.451813 6.844960 5.819691
v -52.453808 6.853325 5.823855
v -52.452267 6.845941 5.821242
v -52.452805 6.847875 5.822577
v -52.453346 6.850468 5.823495
v -50.465969 9.236673 5.829775
v -50.470032 9.240983 5.833885
v -50.466576 9.237345 5.831318
v -50.467564 9.238400 5.832639
v -50.468777 9.239676 5.833542
v -50.731499 9.511782 5.838802
v -50.727116 9.507113 5.842507
v -50.730762 9.510967 5.840251
v -50.729668 9.509790 5.841464
v -50.728390 9.508438 5.842256
v -49.365906 9.981657 5.825129
v -49.376080 9.976681 5.829371
v -49.366619 9.981209 5.826728
v -49.368801 9.980104 5.828095
v -49.372124 9.978518 5.829024
v -49.514805 9.702110 5.822847
v -49.523170 9.704395 5.826994
v -49.515743 9.702627 5.824391
v -49.517662 9.703243 5.825722
v -49.520271 9.703863 5.826635
v -50.197571 9.812309 5.835575
v -50.189342 9.809713 5.839270
v -50.196537 9.811649 5.837029
v -50.194611 9.810925 5.838241
v -50.192085 9.810246 5.839028
v -48.815689 9.989233 5.764924
v -48.816151 9.990908 5.764961
v -48.814774 9.990795 5.764937
v -52.701771 6.284845 5.762026
v -52.703491 6.285387 5.762064
v -52.703407 6.283991 5.762037
v -53.096134 8.960153 4.263253
v -53.100269 8.961392 4.264751
v -53.096619 8.961097 4.264387
v -53.097576 8.961665 4.265071
v -53.098858 8.961767 4.265197
v -53.037476 8.228124 4.292558
v -53.041054 8.226017 4.290044
v -53.037575 8.227112 4.291347
v -53.038292 8.226357 4.290442
v -53.039513 8.225972 4.289983
v -53.096714 8.521945 4.645057
v -53.100845 8.523177 4.646547
v -53.097198 8.522886 4.646187
v -53.098156 8.523450 4.646867
v -53.099434 8.523553 4.646993
v -53.036900 8.666354 3.910781
v -53.040478 8.664243 3.908259
v -53.036999 8.665339 3.909565
v -53.037716 8.664583 3.908659
v -53.038937 8.664198 3.908200
v -53.028233 9.041841 3.500216
v -53.031807 9.039702 3.497662
v -53.028328 9.040816 3.498988
v -53.029045 9.040050 3.498071
v -53.030266 9.039660 3.497605
v -53.087532 9.335972 3.853085
v -53.091686 9.337232 3.854607
v -53.088020 9.336925 3.854231
v -53.088982 9.337501 3.854922
v -53.090267 9.337606 3.855054
v -53.071770 9.643961 3.427861
v -53.075943 9.645168 3.429548
v -53.072262 9.644897 3.429073
v -53.073223 9.645456 3.429819
v -53.074516 9.645550 3.429986
v -53.013401 9.356625 3.059379
v -53.016979 9.354525 3.056641
v -53.013500 9.355616 3.058081
v -53.014214 9.354862 3.057104
v -53.015438 9.354479 3.056599
v -53.027069 10.043528 2.162482
v -53.031021 10.047588 2.152277
v -53.027348 10.045223 2.158745
v -53.028198 10.046591 2.155493
v -53.029488 10.047422 2.153222
v -53.048264 9.908203 2.957142
v -53.052235 9.907764 2.961965
v -53.048664 9.908516 2.959560
v -53.049561 9.908541 2.961325
v -53.050812 9.908278 2.962170
v -53.012039 9.783028 2.212380
v -53.015842 9.782526 2.206217
v -53.012222 9.782627 2.209770
v -53.013012 9.782394 2.207683
v -53.014282 9.782358 2.206435
v -53.028339 7.732095 4.624814
v -53.031910 7.729833 4.622367
v -53.028439 7.731023 4.623626
v -53.029152 7.730219 4.622745
v -53.030373 7.729800 4.622303
v -53.088486 8.043533 4.971483
v -53.092628 8.044909 4.972892
v -53.088974 8.044531 4.972584
v -53.089931 8.045141 4.973240
v -53.091217 8.045276 4.973347
v -53.010494 6.650110 5.370830
v -53.014206 6.640649 5.374121
v -53.010662 6.646634 5.372261
v -53.011425 6.643616 5.373387
v -53.012672 6.641516 5.374042
v -52.990921 6.773858 5.064929
v -52.994354 6.768105 5.064018
v -52.990963 6.771450 5.064329
v -52.991631 6.769511 5.063946
v -52.992821 6.768337 5.063838
v -53.071018 7.499306 5.260070
v -53.075287 7.503836 5.259863
v -53.071548 7.501512 5.260554
v -53.072548 7.503149 5.260686
v -53.073860 7.503965 5.260441
v -53.196800 8.919988 4.215373
v -53.199818 8.915679 4.210213
v -53.198128 8.919190 4.214420
v -53.199165 8.918092 4.213103
v -53.199760 8.916858 4.211628
v -53.149242 8.243587 4.311415
v -53.153938 8.247042 4.315571
v -53.150867 8.244056 4.311982
v -53.152332 8.244878 4.312972
v -53.153412 8.245927 4.314232
v -53.197384 8.481771 4.597166
v -53.200397 8.477470 4.592016
v -53.198708 8.480974 4.596213
v -53.199745 8.479877 4.594902
v -53.200340 8.478646 4.593426
v -53.148666 8.681812 3.929632
v -53.153366 8.685272 3.933792
v -53.150291 8.682281 3.930199
v -53.151756 8.683104 3.931188
v -53.152836 8.684154 3.932450
v -53.139988 9.057273 3.519034
v -53.144695 9.060759 3.523227
v -53.141617 9.057743 3.519603
v -53.143082 9.058573 3.520600
v -53.144165 9.059630 3.521873
v -53.188194 9.295836 3.805241
v -53.191216 9.291493 3.800044
v -53.189522 9.295033 3.804283
v -53.190563 9.293925 3.802959
v -53.191158 9.292684 3.801470
v -53.172405 9.603796 3.380205
v -53.175457 9.599508 3.374784
v -53.173744 9.602993 3.379226
v -53.174797 9.601896 3.377853
v -53.175396 9.600674 3.376293
v -53.125160 9.372093 3.078012
v -53.129864 9.375523 3.082428
v -53.126785 9.372561 3.078599
v -53.128254 9.373377 3.079644
v -53.129333 9.374416 3.080989
v -53.133030 10.035746 2.138363
v -53.137154 10.029984 2.149100
v -53.134583 10.035164 2.139011
v -53.135914 10.033863 2.141279
v -53.136814 10.032045 2.144822
v -53.148628 9.866421 2.912657
v -53.152008 9.864157 2.903321
v -53.150005 9.865768 2.911376
v -53.151127 9.865110 2.909152
v -53.151833 9.864542 2.906323
v -53.124020 9.800097 2.227587
v -53.128441 9.801508 2.236286
v -53.125626 9.800411 2.228500
v -53.127029 9.800789 2.230474
v -53.128021 9.801174 2.233208
v -53.140095 7.747403 4.643738
v -53.144806 7.751053 4.647804
v -53.141724 7.747888 4.644299
v -53.143188 7.748750 4.645268
v -53.144272 7.749862 4.646498
v -53.189156 8.003509 4.923518
v -53.192169 7.999019 4.918463
v -53.190483 8.002696 4.922572
v -53.191521 8.001558 4.921280
v -53.192112 8.000268 4.919837
v -53.116081 6.628822 5.360226
v -53.120632 6.638826 5.355175
v -53.117687 6.629435 5.359670
v -53.119114 6.631554 5.358514
v -53.120148 6.634850 5.356937
v -53.102531 6.785673 5.085389
v -53.107422 6.793672 5.087537
v -53.104176 6.786487 5.085804
v -53.105682 6.788295 5.086356
v -53.106819 6.790817 5.086967
v -53.171783 7.462447 5.210504
v -53.174679 7.454067 5.207423
v -53.173103 7.461338 5.209706
v -53.174118 7.459357 5.208841
v -53.174671 7.456803 5.208039
v -53.018105 6.084009 5.359430
v -53.018303 6.084421 5.361106
v -53.018173 6.083049 5.360963
v -53.077568 10.071243 1.605552
v -53.077652 10.072775 1.605992
v -53.077633 10.072737 1.604631
v -52.679832 6.292385 5.821276
v -49.029835 10.471842 5.400019
v -52.692032 10.525034 1.750258
v -53.173882 10.046965 1.729130
vn -0.0814 -0.9960 0.0370
vn -0.0000 -0.9998 -0.0175
vn -0.0775 -0.9961 0.0414
vn -0.7096 0.3432 0.6153
vn -0.6435 0.4331 0.6312
vn -0.6799 0.4336 0.5913
vn 0.0678 -0.9942 -0.0831
vn 0.6096 0.2852 -0.7396
vn 0.5494 0.3769 -0.7457
vn 0.5676 0.2837 -0.7729
vn -0.0574 -0.9964 0.0617
vn -0.0613 -0.9964 0.0586
vn -0.7448 0.3416 0.5733
vn -0.7135 0.4329 0.5509
vn 0.7702 0.2826 -0.5718
vn 0.7884 0.3728 -0.4893
vn 0.7441 0.3777 -0.5510
vn 0.6906 0.2860 -0.6643
vn 0.6278 0.3806 -0.6790
vn 0.6495 0.2861 -0.7045
vn -0.0657 -0.9964 0.0544
vn -0.0693 -0.9964 0.0496
vn 0.0643 -0.9941 -0.0874
vn 0.5030 0.3731 -0.7796
vn 0.5192 0.2788 -0.8079
vn -0.4615 0.3235 0.8260
vn -0.4880 0.4196 0.7654
vn -0.5088 0.3291 0.7955
vn -0.5539 0.3330 0.7631
vn -0.5695 0.4287 0.7013
vn -0.5943 0.3380 0.7297
vn 0.4510 0.3676 -0.8133
vn 0.4649 0.2752 -0.8415
vn 0.4095 0.3624 -0.8372
vn 0.4216 0.2711 -0.8653
vn -0.3840 0.3145 0.8681
vn -0.4001 0.4057 0.8218
vn -0.4167 0.3171 0.8520
vn -0.0531 -0.9964 0.0659
vn 0.3900 0.3597 -0.8477
vn 0.4014 0.2697 -0.8753
vn 0.6257 0.3834 -0.6794
vn 0.5195 0.1034 -0.8482
vn -0.1741 0.2546 0.9513
vn -0.3693 0.4000 0.8388
vn -0.0441 -0.9962 0.0747
vn -0.0484 -0.9964 0.0702
vn -0.7768 0.3406 0.5297
vn -0.7448 0.4311 0.5094
vn -0.8036 0.3409 0.4879
vn -0.7720 0.4282 0.4697
vn 0.8528 0.2731 -0.4452
vn 0.8419 0.3625 -0.3997
vn 0.8251 0.3664 -0.4301
vn 0.0720 -0.9943 -0.0791
vn -0.8222 0.3369 0.4588
vn -0.7898 0.4258 0.4415
vn -0.9262 0.2964 0.2330
vn -0.8900 0.3910 0.2344
vn 0.8688 0.2723 -0.4135
vn 0.6781 0.3837 -0.6269
vn 0.0795 -0.9945 -0.0681
vn -0.6153 0.5053 0.6051
vn -0.6498 0.5064 0.5668
vn -0.0000 0.9998 0.0175
vn -0.0484 0.9953 0.0841
vn 0.5895 0.3793 -0.7132
vn 0.5283 0.4567 -0.7157
vn 0.0451 0.9976 -0.0522
vn 0.0413 0.9976 -0.0562
vn -0.6825 0.5047 0.5286
vn -0.7129 0.5021 0.4895
vn 0.6673 0.3809 -0.6400
vn 0.6785 0.4595 -0.5731
vn 0.6415 0.4603 -0.6137
vn 0.6031 0.4608 -0.6511
vn 0.7058 0.3800 -0.5979
vn 0.7157 0.4570 -0.5282
vn -0.6062 0.4314 0.6681
vn -0.5307 0.4249 0.7334
vn -0.5453 0.5001 0.6728
vn -0.5081 0.4969 0.7035
vn 0.4342 0.4469 -0.7822
vn 0.0490 0.9976 -0.0491
vn -0.4430 0.4130 0.7957
vn -0.4675 0.4920 0.7345
vn -0.4249 0.4854 0.7641
vn 0.3763 0.4362 -0.8174
vn 0.0001 0.9998 0.0174
vn 0.0384 0.9975 -0.0601
vn -0.3845 0.4778 0.7899
vn -0.1776 0.3509 0.9194
vn -0.3555 0.4710 0.8073
vn 0.5727 0.5395 -0.6173
vn -0.0648 0.9957 0.0665
vn 0.7580 0.4540 -0.4682
vn 0.7952 0.4448 -0.4120
vn -0.7390 0.4997 0.4518
vn -0.7572 0.4955 0.4256
vn -0.0722 0.9956 0.0598
vn -0.0682 0.9957 0.0629
vn 0.8124 0.4393 -0.3835
vn 0.6129 0.5470 -0.5702
vn -0.8538 0.4632 0.2378
vn 0.7304 0.2855 -0.6206
vn -0.9976 -0.0656 0.0201
vn -0.9979 0.0367 0.0535
vn -0.9880 0.1367 0.0721
vn 0.0620 0.9974 -0.0358
vn 0.0651 0.9974 -0.0316
vn 0.5669 0.4586 -0.6843
vn 0.0586 0.9975 -0.0393
vn 0.0857 -0.9943 -0.0637
vn -0.0738 -0.9962 0.0459
vn 0.0740 0.9970 -0.0227
vn 0.0103 -0.0857 0.9963
vn 0.0472 -0.2572 0.9652
vn -0.0236 0.0167 0.9996
vn -0.0023 -0.1134 0.9936
vn -0.0423 0.1174 0.9922
vn -0.0448 0.9951 0.0877
vn -0.6327 0.3409 0.6953
vn -0.0617 0.9956 0.0703
vn -0.5798 0.5035 0.6406
vn -0.0956 -0.9953 -0.0169
vn 0.0904 -0.9940 -0.0615
vn -0.1067 -0.9942 0.0122
vn -0.0894 -0.9955 0.0310
vn -0.0902 0.9949 0.0444
vn -0.0751 0.9955 0.0579
vn 0.0783 0.9967 -0.0209
vn -0.0947 0.9952 0.0242
vn -0.0001 -0.9998 -0.0174
vn -0.0418 -0.9960 0.0787
vn 0.0564 -0.9940 -0.0940
vn 0.4839 0.4527 -0.7490
vn -0.0353 0.9945 0.0988
vn 0.0605 -0.9940 -0.0909
vn 0.0521 -0.9938 -0.0979
vn 0.0558 0.9975 -0.0433
vn 0.8154 0.2788 -0.5074
vn -0.0066 0.1217 -0.9925
vn 0.0918 0.0190 -0.9956
vn 0.0643 0.1486 -0.9868
vn 0.0692 0.9972 -0.0267
vn -0.0251 -0.9954 0.0923
vn 0.0426 -0.9930 -0.1101
vn 0.0025 -0.9969 0.0786
vn 0.0371 0.9973 -0.0630
vn -0.0041 0.9938 0.1112
vn 0.0327 0.9989 0.0329
vn -0.0228 0.9937 0.1099
vn -0.9630 -0.2688 -0.0209
vn -0.8915 -0.4438 -0.0907
vn -0.0862 -0.9957 0.0333
vn -0.9925 -0.1197 0.0266
vn -0.0373 0.9948 0.0953
vn -0.6719 0.3418 0.6571
vn 0.0521 0.9976 -0.0459
vn -0.0407 0.9950 0.0910
vn 0.0473 -0.9937 -0.1019
vn 0.3947 0.4402 -0.8065
vn -0.1826 0.4268 0.8857
vn -0.0514 0.9954 0.0803
vn -0.0551 0.9955 0.0776
vn -0.0583 0.9956 0.0740
vn 0.0754 -0.9944 -0.0742
vn 0.0440 -0.9933 -0.1068
vn -0.0068 -0.0239 0.9997
vn 0.0018 -0.0178 0.9998
vn 0.0024 -0.0188 0.9998
vn 0.9963 0.0515 0.0686
vn 1.0000 0.0001 -0.0050
vn 0.9950 -0.0019 0.0999
vn 0.9966 0.0823 -0.0038
vn 0.9957 -0.0016 0.0928
vn 0.1017 -0.1141 0.9882
vn 0.0049 -0.0173 0.9998
vn 0.0049 -0.1135 0.9935
vn -0.9999 -0.0040 0.0155
vn -0.9999 0.0081 0.0124
vn -0.9899 0.0970 0.1032
vn -0.0622 0.1351 -0.9889
vn -0.0062 0.0182 -0.9998
vn -0.0000 -0.9998 -0.0191
vn -0.1584 -0.9837 0.0853
vn -0.0982 -0.9950 -0.0185
vn -0.0648 0.0527 0.9965
vn -0.0698 -0.0435 0.9966
vn 0.0022 0.9995 0.0313
vn -0.0068 0.9997 0.0219
vn -0.0032 0.9997 0.0229
vn -0.0996 0.0630 -0.9930
vn -0.0043 0.0185 -0.9998
vn -0.0043 0.0997 -0.9950
vn 0.0975 0.9951 0.0185
vn -0.0698 0.9935 0.0894
vn 0.0309 0.9952 0.0930
vn -0.1008 -0.0789 -0.9918
vn -0.1023 0.0184 -0.9946
vn -0.0037 0.9998 0.0200
vn 0.0734 0.9956 -0.0577
vn -1.0000 0.0061 0.0045
vn -0.9950 -0.0703 -0.0705
vn -0.9881 -0.1414 0.0609
vn -1.0000 0.0021 0.0069
vn -0.7402 -0.0858 0.6669
vn -0.7022 -0.0970 0.7054
vn -0.8187 -0.1744 0.5470
vn 0.9884 0.1335 -0.0730
vn 1.0000 0.0001 -0.0043
vn 0.9945 0.1045 -0.0023
vn 0.0031 -0.0191 0.9998
vn -0.0939 -0.0186 0.9954
vn 0.0038 -0.0189 0.9998
vn 0.0843 -0.1004 0.9914
vn 0.1587 0.0400 0.9865
vn 0.0216 0.9998 -0.0025
vn -0.0042 0.9998 0.0190
vn -0.0050 0.9959 -0.0899
vn -0.7026 -0.1030 0.7041
vn -0.6447 -0.0370 0.7635
vn 0.6031 -0.5066 -0.6161
vn 0.5154 -0.5957 -0.6160
vn 0.4611 -0.4496 -0.7650
vn -1.0000 0.0002 0.0027
vn -0.9954 -0.0007 0.0963
vn -0.9902 0.0949 0.1022
vn 0.0028 -0.0195 0.9998
vn 0.0031 -0.1098 0.9940
vn 0.0027 0.9998 0.0192
vn 0.0907 0.9957 0.0187
vn -0.0035 0.9931 0.1175
vn 0.1497 0.9855 0.0799
vn 0.0024 0.0772 0.9970
vn -0.1053 -0.9943 -0.0185
vn -0.0004 -0.9932 -0.1165
vn -0.1308 -0.9874 -0.0897
vn -0.0759 0.6927 0.7172
vn 0.0028 0.7510 0.6603
vn 0.0031 0.6949 0.7191
vn 0.0028 -0.0182 0.9998
vn -0.0542 -0.1749 0.9831
vn -0.0995 0.6537 0.7502
vn 0.0033 0.6342 0.7732
vn -0.0971 -0.9949 0.0256
vn -0.0013 0.9998 0.0181
vn -0.0960 0.9952 0.0198
vn -0.0975 0.9885 0.1156
vn -0.9998 0.0184 -0.0006
vn -1.0000 0.0011 -0.0028
vn -0.9956 0.0019 -0.0941
vn 0.0235 -0.0406 0.9989
vn -0.0615 0.9905 -0.1232
vn -0.0859 -0.0005 -0.9963
vn -0.0061 0.1162 -0.9932
vn 0.9954 -0.0960 -0.0065
vn 0.9895 -0.0742 0.1239
vn -0.7063 0.7071 -0.0355
vn -0.7587 0.6477 -0.0703
vn -0.7057 0.7074 -0.0392
vn 0.6029 -0.5957 -0.5306
vn 0.7491 -0.4595 -0.4773
vn -0.6685 0.7408 -0.0668
vn -0.6474 0.7621 0.0017
vn 0.0037 -0.9896 0.1435
vn 0.1003 -0.9949 -0.0087
vn 0.0023 -0.9991 0.0428
vn -0.9953 0.0966 0.0063
vn -1.0000 -0.0011 0.0043
vn -0.1346 -0.0529 -0.9895
vn -0.1085 0.0179 -0.9939
vn -0.9874 0.0622 -0.1455
vn 0.4670 -0.7405 -0.4834
vn 0.5754 -0.5673 -0.5892
vn -0.0936 0.0770 0.9926
vn 0.9909 -0.0998 0.0907
vn -0.7051 0.7065 0.0606
vn -0.5379 0.8290 0.1529
vn -0.7705 0.6310 0.0909
vn 0.9901 0.0996 -0.0992
vn 0.9952 0.0978 -0.0024
vn -0.7038 0.0049 0.7104
vn -0.7909 0.0093 0.6119
vn -0.6188 0.1278 0.7751
vn -0.1087 0.6907 0.7149
vn -0.0982 -0.9884 -0.1158
vn -0.1558 0.6077 0.7787
vn -0.0167 0.9997 0.0198
vn -0.0962 0.9891 0.1118
vn 0.9963 0.0700 0.0489
vn 0.9970 -0.0015 0.0770
vn 0.9818 0.1597 0.1025
vn 0.0904 0.1152 -0.9892
vn -0.9995 -0.0239 -0.0183
vn -0.9910 -0.0942 -0.0947
vn -1.0000 -0.0001 0.0043
vn -0.9956 0.0017 -0.0936
vn -0.9946 0.0704 0.0768
vn -0.9970 0.0714 -0.0288
vn 0.0952 -0.0188 0.9953
vn 0.0078 -0.0056 1.0000
vn 0.1028 -0.0172 0.9945
vn 0.0358 0.0569 0.9977
vn 0.0980 -0.9920 0.0795
vn 0.0013 -0.9891 0.1469
vn -0.0006 0.9968 -0.0794
vn -0.0799 0.9967 -0.0133
vn 0.0963 0.9922 -0.0786
vn -0.0000 0.9998 0.0191
vn -0.9959 -0.0902 0.0026
vn -0.9954 -0.0962 0.0024
vn -0.9964 -0.0321 0.0782
vn -0.2115 0.0671 -0.9751
vn -0.0907 0.0746 0.9931
vn -0.0388 -0.9806 0.1920
vn -0.0781 -0.9906 0.1119
vn -0.0959 -0.9614 0.2579
vn -0.0678 0.0999 -0.9927
vn -0.0157 0.0172 -0.9997
vn -0.0722 0.0959 -0.9928
vn -0.5848 0.7191 0.3754
vn -0.5993 0.6517 0.4648
vn -0.5586 0.6871 0.4646
vn 0.0482 -0.0523 -0.9975
vn 0.7326 -0.6335 0.2491
vn 0.7431 -0.5750 0.3424
vn 0.7666 -0.5923 0.2481
vn -0.0929 0.0763 -0.9927
vn -0.0891 0.0804 -0.9928
vn -0.5416 0.7528 0.3742
vn -0.5173 0.7197 0.4631
vn 0.5604 -0.7892 0.2513
vn 0.4805 -0.8072 0.3429
vn 0.5435 -0.7646 0.3464
vn 0.6549 -0.7122 0.2527
vn 0.6745 -0.6517 0.3470
vn 0.6963 -0.6723 0.2515
vn -0.0854 0.0844 -0.9928
vn -0.0808 0.0880 -0.9928
vn 0.0526 -0.0489 -0.9974
vn 0.7781 -0.5294 0.3382
vn 0.8023 -0.5446 0.2442
vn -0.8025 0.4769 0.3586
vn -0.7380 0.5000 0.4532
vn -0.7703 0.5231 0.3646
vn -0.7363 0.5669 0.3693
vn -0.6715 0.5797 0.4615
vn -0.7023 0.6069 0.3720
vn 0.8129 -0.4782 0.3325
vn 0.8377 -0.4912 0.2385
vn 0.8377 -0.4372 0.3271
vn 0.8625 -0.4485 0.2346
vn -0.8472 0.4008 0.3486
vn -0.7971 0.4138 0.4398
vn -0.8297 0.4328 0.3525
vn -0.0976 0.0724 -0.9926
vn 0.8486 -0.4179 0.3244
vn 0.8731 -0.4285 0.2326
vn 0.6750 -0.6496 0.3499
vn 0.7696 -0.6380 0.0271
vn -0.9373 0.1940 0.2895
vn -0.8151 0.3836 0.4341
vn -0.1061 0.0634 -0.9923
vn -0.1019 0.0678 -0.9925
vn -0.4974 0.7838 0.3717
vn -0.4751 0.7499 0.4604
vn -0.4554 0.8103 0.3688
vn -0.4348 0.7761 0.4567
vn 0.4314 -0.8684 0.2446
vn 0.3892 -0.8582 0.3347
vn 0.4202 -0.8422 0.3379
vn 0.0440 -0.0562 -0.9974
vn -0.4252 0.8270 0.3678
vn -0.4063 0.7932 0.4535
vn -0.1986 0.9269 0.3185
vn -0.1978 0.8887 0.4136
vn 0.3993 -0.8838 0.2439
vn 0.6218 -0.7000 0.3512
vn 0.0330 -0.0636 -0.9974
vn -0.5716 0.6216 0.5357
vn -0.5330 0.6558 0.5347
vn 0.0157 -0.0172 0.9997
vn -0.0500 0.0332 0.9982
vn 0.7096 -0.6143 0.3452
vn 0.7167 -0.5548 0.4224
vn 0.0845 -0.0643 0.9943
vn 0.0882 -0.0603 0.9943
vn -0.4934 0.6868 0.5338
vn -0.4535 0.7162 0.5305
vn 0.6345 -0.6902 0.3479
vn 0.5700 -0.7011 0.4285
vn 0.6115 -0.6651 0.4287
vn 0.6501 -0.6281 0.4276
vn 0.5914 -0.7275 0.3478
vn 0.5239 -0.7367 0.4275
vn -0.6373 0.6155 0.4637
vn -0.7047 0.5418 0.4581
vn -0.6408 0.5529 0.5326
vn -0.6728 0.5169 0.5292
vn 0.7849 -0.4619 0.4130
vn 0.0806 -0.0676 0.9945
vn -0.7697 0.4560 0.4469
vn -0.7053 0.4775 0.5240
vn -0.7362 0.4358 0.5178
vn 0.8212 -0.4049 0.4020
vn 0.0157 -0.0173 0.9997
vn 0.0924 -0.0577 0.9941
vn -0.7633 0.3962 0.5102
vn -0.9023 0.1949 0.3845
vn -0.7818 0.3679 0.5034
vn 0.7384 -0.4853 0.4682
vn -0.0318 0.0489 0.9983
vn 0.4634 -0.7784 0.4235
vn 0.4056 -0.8135 0.4168
vn -0.4155 0.7416 0.5267
vn -0.3888 0.7588 0.5225
vn -0.0247 0.0559 0.9981
vn -0.0283 0.0526 0.9982
vn 0.3765 -0.8298 0.4119
vn 0.3971 -0.8005 0.4489
vn -0.1997 0.8510 0.4857
vn 0.6102 -0.7510 0.2522
vn 0.0040 0.9989 -0.0475
vn -0.0261 0.9981 0.0552
vn -0.0416 0.9870 0.1552
vn 0.0671 -0.0804 0.9945
vn 0.0632 -0.0839 0.9945
vn 0.6840 -0.5923 0.4258
vn 0.0708 -0.0772 0.9945
vn 0.0282 -0.0692 -0.9972
vn -0.0763 0.0918 -0.9928
vn 0.0540 -0.0926 0.9942
vn -0.9985 0.0168 -0.0527
vn -0.9744 -0.0188 -0.2240
vn -0.9975 0.0490 0.0506
vn -0.9986 -0.0509 -0.0168
vn -0.9864 0.0658 0.1508
vn -0.0533 0.0292 0.9982
vn -0.6668 0.6443 0.3745
vn -0.0356 0.0459 0.9983
vn -0.6079 0.5870 0.5347
vn -0.0136 0.1134 -0.9935
vn 0.0264 -0.0748 -0.9969
vn -0.0428 0.1250 -0.9912
vn -0.0618 0.1083 -0.9922
vn -0.0089 0.0735 0.9973
vn -0.0231 0.0593 0.9980
vn 0.0523 -0.0973 0.9939
vn 0.0113 0.0776 0.9969
vn -0.0157 0.0173 -0.9997
vn -0.1112 0.0617 -0.9919
vn 0.0595 -0.0412 -0.9974
vn 0.7506 -0.5109 0.4191
vn -0.0645 0.0202 0.9977
vn 0.0158 -0.0173 0.9997
vn 0.0560 -0.0450 -0.9974
vn 0.0631 -0.0368 -0.9973
vn 0.0746 -0.0742 0.9944
vn 0.4946 -0.8330 0.2481
vn 0.9746 0.1326 0.1804
vn 0.9918 0.0834 0.0972
vn 0.9748 0.1367 0.1761
vn 0.0576 -0.0868 0.9946
vn -0.0158 0.0173 -0.9997
vn -0.1248 0.0450 -0.9912
vn 0.0756 -0.0277 -0.9968
vn -0.1120 0.0171 -0.9936
vn 0.0951 -0.0564 0.9939
vn -0.0788 -0.0106 0.9968
vn -0.0009 -0.0494 0.9988
vn -0.0761 0.0080 0.9971
vn 0.0399 0.9678 -0.2486
vn 0.1847 0.8840 -0.4295
vn -0.0640 0.1046 -0.9925
vn 0.2472 0.9645 0.0925
vn -0.0619 0.0222 0.9978
vn -0.6273 0.6822 0.3756
vn 0.0781 -0.0714 0.9944
vn -0.0567 0.0254 0.9981
vn 0.0674 -0.0322 -0.9972
vn 0.8101 -0.4230 0.4060
vn -0.8661 0.1979 0.4591
vn -0.0461 0.0360 0.9983
vn -0.0427 0.0391 0.9983
vn -0.0394 0.0426 0.9983
vn 0.0390 -0.0595 -0.9975
vn 0.0720 -0.0289 -0.9970
vn -0.4699 0.5366 0.7009
vn -0.5552 0.5468 0.6267
vn -0.5548 0.5052 0.6611
vn 0.9994 0.0217 0.0264
vn -0.1469 -0.7289 -0.6687
vn -0.2435 -0.7475 -0.6180
vn -0.1455 -0.7642 -0.6284
vn 0.9748 0.1582 0.1575
vn 0.9746 0.1549 0.1614
vn -0.4684 0.4926 0.7335
vn -0.5530 0.4631 0.6927
vn -0.1487 -0.5529 -0.8199
vn -0.2443 -0.4789 -0.8432
vn -0.2468 -0.5432 -0.8025
vn -0.1497 -0.6494 -0.7455
vn -0.2469 -0.6772 -0.6932
vn -0.1486 -0.6918 -0.7067
vn 0.9747 0.1508 0.1651
vn 0.9748 0.1457 0.1691
vn 0.9994 0.0178 0.0303
vn -0.2402 -0.7857 -0.5700
vn -0.1426 -0.8031 -0.5785
vn -0.4500 0.7619 0.4659
vn -0.5415 0.6903 0.4798
vn -0.4573 0.7280 0.5107
vn -0.4623 0.6928 0.5534
vn -0.5513 0.6212 0.5570
vn -0.4672 0.6570 0.5917
vn -0.2346 -0.8310 -0.5045
vn -0.1377 -0.8483 -0.5114
vn -0.2283 -0.8672 -0.4425
vn -0.1336 -0.8834 -0.4491
vn -0.4417 0.8076 0.3908
vn -0.5256 0.7527 0.3964
vn -0.4446 0.7895 0.4232
vn 0.9745 0.1642 0.1532
vn -0.2247 -0.8834 -0.4111
vn -0.1320 -0.8987 -0.4183
vn -0.2443 -0.7309 -0.6372
vn -0.1854 -0.8941 -0.4076
vn -0.3758 0.9046 0.2011
vn -0.5189 0.7720 0.3672
vn 0.9925 0.0850 0.0875
vn 0.9801 0.1510 0.1284
vn 0.9751 0.1657 0.1472
vn -0.4659 0.4476 0.7633
vn -0.5496 0.4203 0.7220
vn -0.4627 0.4049 0.7886
vn -0.5452 0.3796 0.7475
vn -0.1454 -0.4211 -0.8953
vn -0.2387 -0.3858 -0.8912
vn -0.2409 -0.4173 -0.8762
vn 0.9994 0.0267 0.0230
vn -0.4603 0.3746 0.8049
vn -0.5413 0.3509 0.7641
vn -0.4032 0.1491 0.9029
vn -0.4662 0.1491 0.8720
vn -0.1448 -0.3893 -0.9097
vn -0.2508 -0.6229 -0.7410
vn 0.9993 0.0355 0.0155
vn -0.6205 0.5162 0.5904
vn -0.6204 0.4762 0.6231
vn -0.9918 -0.0834 -0.0972
vn -0.9988 -0.0194 -0.0455
vn -0.2455 -0.7132 -0.6566
vn -0.3270 -0.7271 -0.6036
vn -0.9782 -0.1513 -0.1424
vn -0.9931 -0.0823 -0.0841
vn -0.9792 -0.1613 -0.1234
vn -0.6191 0.4350 0.6538
vn -0.6154 0.3949 0.6822
vn -0.2477 -0.6363 -0.7306
vn -0.3317 -0.5774 -0.7460
vn -0.3315 -0.6202 -0.7110
vn -0.3315 -0.6577 -0.6764
vn -0.2476 -0.5922 -0.7668
vn -0.3310 -0.5300 -0.7808
vn -0.5539 0.5858 0.5916
vn -0.5473 0.6556 0.5202
vn -0.6179 0.5859 0.5244
vn -0.6140 0.6196 0.4890
vn -0.3167 -0.8108 -0.4923
vn -0.9781 -0.1459 -0.1482
vn -0.9918 -0.0838 -0.0961
vn -0.5340 0.7237 0.4372
vn -0.6076 0.6537 0.4511
vn -0.6004 0.6862 0.4107
vn -0.3049 -0.8641 -0.4005
vn -0.9958 -0.0689 -0.0595
vn -0.9818 -0.1660 -0.0923
vn -0.5896 0.7164 0.3729
vn -0.4662 0.8621 0.1985
vn -0.5782 0.7382 0.3475
vn -0.3857 -0.7908 -0.4752
vn -0.9989 -0.0372 -0.0290
vn -0.3285 -0.4681 -0.8204
vn -0.3227 -0.4090 -0.8536
vn -0.6106 0.3567 0.7071
vn -0.6061 0.3295 0.7239
vn -0.9987 -0.0450 -0.0231
vn -0.9988 -0.0413 -0.0264
vn -0.3183 -0.3792 -0.8688
vn -0.3851 -0.4655 -0.7969
vn -0.5012 0.1524 0.8518
vn -0.1496 -0.6037 -0.7830
vn -0.0305 -0.0301 0.9991
vn -0.1714 -0.0140 0.9851
vn -0.3004 -0.0079 0.9538
vn -0.9780 -0.1322 -0.1612
vn -0.9779 -0.1288 -0.1649
vn -0.3295 -0.6944 -0.6397
vn -0.9780 -0.1362 -0.1578
vn 0.9990 0.0432 0.0096
vn 0.9748 0.1414 0.1727
vn -0.9778 -0.1185 -0.1727
vn -0.0168 0.9990 0.0426
vn 0.1545 0.9880 0.0086
vn -0.1246 0.9897 0.0703
vn -0.0878 0.9954 -0.0386
vn -0.2234 0.9710 0.0846
vn -0.9987 -0.0155 -0.0488
vn -0.4692 0.6201 0.6287
vn -0.9989 -0.0344 -0.0328
vn -0.6195 0.5529 0.5573
vn 0.9781 0.0780 0.1927
vn 0.9990 0.0449 0.0050
vn 0.9729 0.1064 0.2053
vn 0.9740 0.1261 0.1883
vn -0.9981 -0.0620 -0.0061
vn -0.9987 -0.0466 -0.0195
vn -0.9772 -0.1171 -0.1769
vn -0.9967 -0.0815 -0.0018
vn 0.9949 0.0771 0.0647
vn 0.9893 0.1078 0.0984
vn 0.9993 0.0090 0.0373
vn 0.9918 0.0839 0.0961
vn -0.3243 -0.7644 -0.5572
vn -0.9975 0.0707 -0.0054
vn -0.9991 -0.0325 -0.0290
vn 0.9993 0.0144 0.0337
vn 0.9992 0.0088 0.0399
vn -0.9780 -0.1399 -0.1548
vn -0.1470 -0.4857 -0.8617
vn -0.9783 -0.1223 -0.1675
vn 0.9982 0.0498 0.0345
vn 0.9975 0.0484 0.0515
vn 0.9998 -0.0159 -0.0119
vn 0.9913 0.1300 0.0207
vn -0.9876 -0.1432 -0.0637
vn -0.9970 0.0775 -0.0010
vn -0.9987 -0.0335 -0.0382
vn -0.9872 0.1580 0.0220
vn 0.1777 -0.0493 0.9828
vn 0.3661 -0.0961 0.9256
vn 0.9744 0.1277 0.1848
vn -0.0386 -0.1047 0.9938
vn -0.9992 0.0307 -0.0266
vn -0.4700 0.5802 0.6652
vn -0.9779 -0.1439 -0.1519
vn -0.9989 -0.0082 -0.0470
vn 0.9994 0.0096 0.0321
vn -0.3096 -0.8474 -0.4314
vn -0.5257 0.8272 0.1984
vn -0.9988 -0.0224 -0.0425
vn -0.9988 -0.0277 -0.0393
vn -0.9989 -0.0301 -0.0362
vn 0.9994 0.0305 0.0191
vn 0.9999 0.0087 0.0105
vn 0.1186 -0.4375 0.8914
vn 0.1932 -0.7326 0.6526
vn 0.1697 -0.4294 0.8870
vn 0.0671 -0.6175 0.7837
vn 0.1682 -0.9172 0.3613
vn 0.2441 -0.7234 0.6459
vn 0.2691 -0.8876 0.3738
vn 0.1935 -0.9274 -0.3201
vn 0.0579 -0.9705 0.2341
vn 0.0465 -0.9986 -0.0237
vn 0.2424 -0.9045 -0.3509
vn 0.1625 -0.9866 -0.0160
vn 0.0495 -0.8549 0.5164
vn 0.2215 -0.9750 -0.0197
vn 0.5663 -0.4318 -0.7020
vn 0.4627 -0.1469 -0.8743
vn 0.8502 -0.5264 0.0102
vn 0.7082 -0.4406 -0.5517
vn 0.4678 -0.4646 -0.7519
vn 0.3938 -0.3021 -0.8681
vn 0.5426 -0.7182 -0.4357
vn -0.6580 -0.7334 -0.1710
vn -0.7833 -0.6197 -0.0490
vn -0.8899 -0.4345 -0.1389
vn -0.6517 -0.7260 -0.2196
vn -0.3727 -0.9138 -0.1614
vn -0.5228 -0.8512 -0.0451
vn -0.3882 -0.8855 -0.2553
vn 0.8450 0.1085 -0.5236
vn 0.6956 -0.4310 -0.5748
vn 0.7842 -0.1820 -0.5933
vn 0.8658 -0.1448 -0.4790
vn 0.7474 -0.4587 -0.4805
vn -0.0390 -0.5559 -0.8303
vn 0.5543 -0.4413 -0.7057
vn -0.2311 -0.5647 -0.7923
vn 0.4191 -0.7234 -0.5487
vn -0.2471 -0.9668 -0.0647
vn 0.3023 -0.9290 -0.2134
vn 0.0052 -0.9980 -0.0626
vn 0.0002 -0.9849 -0.1730
vn 0.3307 -0.9076 -0.2588
vn -0.0019 -0.9738 -0.2274
vn 0.0813 0.4822 0.8723
vn -0.0111 0.2074 0.9782
vn 0.0391 -0.1105 0.9931
vn 0.1460 0.5185 0.8425
vn 0.0068 0.4886 0.8725
vn -0.0017 0.7117 0.7025
vn 0.1855 0.8256 0.5329
vn 0.3684 0.7624 -0.5320
vn 0.6935 0.5347 -0.4828
vn 0.3354 0.6512 -0.6807
vn 0.2342 0.9298 -0.2839
vn 0.5245 0.4876 -0.6979
vn 0.2945 0.9197 -0.2595
vn 0.2892 0.8761 -0.3857
vn 0.0275 0.9413 0.3364
vn 0.1370 0.9711 -0.1953
vn 0.1152 0.9915 0.0604
vn 0.2308 0.8661 -0.4435
vn 0.1405 0.9876 0.0705
vn -0.8732 0.4848 -0.0502
vn -0.9924 -0.1224 -0.0140
vn -0.9787 0.2013 0.0414
vn -0.8762 0.4812 0.0270
vn -0.8471 0.5190 -0.1139
vn -0.5294 0.8338 -0.1567
vn 0.2090 0.9703 -0.1220
vn -0.3250 0.9457 -0.0009
vn -0.0158 0.9998 -0.0138
vn 0.4521 0.8639 -0.2221
vn -0.0458 0.9945 -0.0941
vn -0.6986 0.7147 0.0342
vn 0.2944 0.9298 -0.2208
vn -0.0517 0.9913 -0.1210
vn 0.5354 0.7642 -0.3597
vn 0.6813 0.6515 -0.3338
vn 0.4846 0.5413 -0.6872
vn 0.6940 0.5009 -0.5171
vn 0.2744 0.9190 -0.2832
vn 0.3388 0.2622 -0.9036
vn 0.0995 0.5244 -0.8456
vn 0.5923 0.5496 -0.5892
vn 0.3835 0.6606 -0.6454
vn 0.1645 0.8646 -0.4748
vn 0.4203 0.8124 -0.4041
vn 0.8541 0.5104 -0.0999
vn 0.9040 0.2519 -0.3453
vn 0.5452 0.8251 -0.1481
vn 0.6552 0.6541 -0.3780
vn 0.1252 0.9841 -0.1261
vn 0.1923 0.9562 -0.2207
vn -0.4997 0.2199 -0.8378
vn -0.6519 0.4572 -0.6049
vn -0.4550 0.1610 -0.8758
vn -0.8985 0.3227 -0.2976
vn -0.8930 0.4062 0.1937
vn -0.8675 0.4107 0.2806
vn -0.1000 0.7275 0.6788
vn -0.4376 0.6305 0.6410
vn -0.2883 0.7662 0.5743
vn -0.7542 -0.0794 -0.6519
vn -0.7027 -0.1118 -0.7027
vn -0.6977 -0.1150 -0.7071
vn -0.8174 0.5371 -0.2082
vn -0.0279 0.6655 -0.7459
vn -0.2422 0.5867 -0.7727
vn -0.4900 0.5628 0.6656
vn -0.4417 0.7382 0.5099
vn -0.4289 0.7680 0.4757
vn -0.7922 0.3982 0.4624
vn -0.6554 0.3910 0.6462
vn -0.5468 0.7875 -0.2845
vn -0.4419 0.8293 -0.3420
vn -0.3749 0.8481 -0.3744
vn 0.3202 0.4560 -0.8304
vn 0.4516 0.2772 -0.8481
vn 0.4711 0.2463 -0.8470
vn 0.9559 0.2482 0.1572
vn 0.8762 0.4816 0.0170
vn -0.2044 0.8295 0.5198
vn -0.2045 0.8295 0.5198
vn -0.6660 -0.1023 0.7389
vn -0.6641 -0.1448 0.7335
vn -0.5823 -0.0396 0.8120
vn 0.2328 0.7809 0.5797
vn 0.2328 0.7811 0.5794
vn -0.1783 -0.8182 0.5466
vn -0.4082 -0.6163 0.6734
vn -0.1186 -0.8543 0.5060
vn -0.5201 -0.2324 0.8219
vn -0.2959 -0.3217 0.8994
vn -0.4092 0.1808 0.8944
vn -0.2306 -0.0283 0.9726
vn -0.7433 0.6681 0.0345
vn -0.6587 0.6397 0.3960
vn -0.7899 0.5731 0.2185
vn 0.1377 -0.6858 0.7147
vn 0.1377 -0.6858 0.7146
vn -0.5123 -0.0897 -0.8541
vn -0.2485 -0.3278 -0.9115
vn -0.8619 -0.1779 -0.4748
vn -0.6494 -0.3755 -0.6613
vn -0.5389 -0.5849 -0.6061
vn -0.7970 -0.4232 -0.4310
vn -0.9649 -0.1922 -0.1792
vn -0.8295 -0.5272 -0.1842
vn -0.9570 -0.1823 -0.2256
vn -0.2447 -0.8996 -0.3618
vn -0.5093 -0.8524 -0.1183
vn -0.6468 -0.6521 -0.3955
vn -0.6371 -0.6479 0.4175
vn -0.4936 -0.8497 0.1855
vn -0.4524 -0.8825 0.1288
vn -0.8809 -0.3595 0.3079
vn -0.9060 -0.3469 0.2427
vn -0.8652 -0.4311 0.2560
vn -0.2872 0.5485 0.7853
vn -0.4360 0.6193 0.6530
vn -0.8206 -0.2288 0.5237
vn -0.8204 -0.2293 0.5238
vn -0.7118 -0.6925 -0.1176
vn -0.6630 -0.7293 -0.1688
vn 0.1061 -0.8628 0.4944
vn 0.3491 -0.9092 0.2268
vn 0.0745 -0.9880 0.1350
vn 0.1828 -0.5485 0.8159
vn 0.3907 -0.6683 0.6330
vn 0.6000 -0.6062 0.5221
vn 0.4317 -0.4445 0.7849
vn 0.6600 -0.3986 0.6368
vn 0.1842 -0.2061 0.9610
vn 0.4790 -0.2020 0.8543
vn 0.2307 -0.1979 0.9527
vn 0.9071 -0.3503 0.2334
vn 0.8564 -0.1148 0.5034
vn 0.8390 0.0013 0.5441
vn 0.9560 0.1529 0.2503
vn -0.7964 0.4614 0.3910
vn -0.5858 0.8103 -0.0163
vn -0.6665 0.7366 -0.1153
vn 0.2377 0.5556 0.7967
vn 0.7589 -0.4742 -0.4464
vn 0.7589 -0.4741 -0.4464
vn 0.2195 0.8752 -0.4310
vn -0.3730 0.9225 -0.0991
vn 0.5022 0.4430 -0.7426
vn -0.1965 0.9285 -0.3150
vn -0.7040 0.7069 -0.0685
vn -0.1132 0.9040 -0.4122
vn -0.3831 0.9026 -0.1961
vn 0.3130 -0.3010 -0.9008
vn 0.5793 -0.1701 -0.7972
vn 0.1555 -0.5687 -0.8077
vn 0.0876 -0.4230 -0.9019
vn 0.4347 -0.0691 -0.8979
vn -0.2865 0.2975 -0.9107
vn -0.2858 0.2980 -0.9108
vn -0.4698 0.0884 -0.8784
vn -0.9200 0.3761 -0.1100
vn -0.8625 -0.2185 -0.4565
vn -0.9226 0.1985 -0.3309
vn -0.4902 -0.4717 -0.7330
vn -0.8989 0.3869 -0.2057
vn -0.8951 0.1159 -0.4305
vn 0.4620 -0.2457 0.8522
vn 0.1245 0.3537 0.9271
vn 0.7281 -0.5003 0.4686
vn 0.3446 0.1714 0.9230
vn 0.0876 0.6887 0.7197
vn 0.4429 0.0851 0.8925
vn 0.2228 0.3599 0.9060
vn 0.8898 -0.3170 -0.3284
vn 0.7929 -0.5837 -0.1747
vn 0.7941 -0.1398 -0.5915
vn 0.8924 -0.0743 -0.4452
vn 0.8894 -0.4449 -0.1049
vn 0.9204 0.2734 0.2795
vn 0.9205 0.2736 0.2790
vn 0.8809 0.4677 0.0730
vn 0.1204 0.9116 0.3930
vn 0.4484 0.8695 -0.2072
vn 0.3388 0.9172 0.2095
vn 0.7164 0.5067 -0.4796
vn 0.2197 0.8907 0.3981
vn 0.4364 0.8915 0.1219
vn -0.3876 0.9105 0.1441
vn -0.1269 0.9052 0.4056
vn -0.7044 0.6986 0.1258
vn -0.3645 0.8494 0.3816
vn -0.1095 0.6865 0.7189
vn -0.5749 0.5646 0.5922
vn -0.3262 0.6532 0.6833
vn -0.9118 0.1179 0.3933
vn -0.9138 0.3825 0.1368
vn -0.6992 0.0954 0.7085
vn -0.8568 0.3551 0.3740
vn -0.6683 0.6601 0.3430
vn -0.1237 0.3664 0.9222
vn -0.3824 0.1072 0.9178
vn -0.3599 0.3437 0.8674
vn -0.6651 0.3139 0.6776
vn -0.8670 -0.4430 -0.2280
vn -0.9197 -0.1251 0.3721
vn -0.4912 -0.7138 -0.4991
vn -0.8993 -0.3605 0.2474
vn -0.6981 -0.1346 0.7033
vn -0.8107 -0.4181 0.4097
vn -0.6631 -0.3453 0.6641
vn 0.2302 -0.9418 -0.2452
vn 0.1574 -0.7830 -0.6018
vn 0.5830 -0.7832 -0.2161
vn 0.3133 -0.9429 -0.1131
vn 0.0922 -0.9407 -0.3264
vn 0.0336 -0.9982 -0.0488
vn -0.3668 -0.1405 0.9196
vn 0.2373 -0.4813 0.8438
vn -0.2417 -0.3790 0.8933
vn 0.5140 -0.7660 0.3861
vn -0.4051 -0.4303 0.8067
vn -0.1277 0.1636 -0.9782
vn -0.3218 0.5065 -0.8000
vn -0.0932 0.4327 -0.8967
vn -0.2396 0.1966 -0.9508
vn -0.3975 0.5430 -0.7397
vn -0.2570 0.6178 -0.7431
vn -0.0759 0.7698 -0.6337
vn -0.4325 0.6512 -0.6236
vn -0.8198 0.4339 0.3738
vn -0.8243 -0.0495 0.5640
vn -0.7246 0.3036 0.6187
vn -0.7506 0.5389 0.3824
vn -0.9638 -0.0042 -0.2667
vn -0.9775 0.2105 -0.0111
vn -0.9127 -0.1032 -0.3953
vn -0.7822 0.6080 0.1361
vn -0.7485 0.6302 0.2064
vn -0.0949 0.9469 -0.3073
vn -0.3054 0.9333 0.1890
vn -0.2713 0.9577 -0.0964
vn -0.5374 0.7187 0.4412
vn -0.2973 0.9313 -0.2104
vn -0.3667 0.9289 -0.0515
vn 0.0913 0.3957 -0.9138
vn 0.3723 0.1142 -0.9211
vn 0.1120 0.7158 -0.6893
vn 0.3957 0.4157 -0.8189
vn 0.6988 0.1296 -0.7035
vn 0.3764 0.9229 -0.0815
vn 0.0953 0.9275 -0.3614
vn 0.7015 0.7047 -0.1061
vn 0.3983 0.8321 -0.3859
vn 0.9189 0.1044 -0.3803
vn 0.9202 0.3799 -0.0941
vn 0.8229 0.4072 -0.3963
vn 0.7876 0.5440 0.2895
vn 0.9535 0.2171 0.2089
vn 0.9018 0.4235 0.0855
vn 0.4994 0.8236 0.2687
vn 0.7193 0.5885 0.3693
vn 0.2288 0.7956 0.5609
vn -0.1589 0.9372 0.3104
vn 0.3186 0.9420 0.1052
vn -0.3970 0.7509 0.5278
vn 0.1064 0.9563 0.2723
vn 0.6387 0.7653 0.0798
vn -0.1693 0.8186 0.5488
vn -0.3526 0.5324 0.7696
vn -0.5823 0.3925 0.7120
vn 0.2684 0.1639 0.9493
vn -0.0613 0.4973 0.8654
vn -0.1007 -0.3612 -0.9270
vn -0.3818 -0.0804 -0.9207
vn -0.0948 -0.6907 -0.7169
vn -0.3772 -0.3577 -0.8542
vn -0.7077 -0.0799 -0.7020
vn -0.3582 -0.6477 -0.6724
vn -0.6635 -0.3441 -0.6643
vn -0.3794 -0.9183 -0.1131
vn -0.0987 -0.9134 -0.3949
vn -0.7044 -0.7025 -0.1019
vn -0.3747 -0.8424 -0.3873
vn -0.6639 -0.6528 -0.3649
vn -0.9223 -0.0906 -0.3758
vn -0.9208 -0.3768 -0.1004
vn -0.8506 -0.3667 -0.3768
vn -0.5135 0.2160 -0.8305
vn -0.2746 0.2998 -0.9136
vn -0.4642 0.0930 -0.8809
vn -0.6467 0.1200 -0.7532
vn -0.5244 0.4828 -0.7014
vn -0.7402 0.3428 -0.5784
vn -0.7402 0.3428 -0.5785
vn -0.9444 0.2700 0.1875
vn -0.9445 0.0745 -0.3200
vn -0.7315 0.5384 0.4183
vn -0.8055 0.5232 0.2782
vn -0.8933 0.0947 -0.4393
vn -0.7399 0.0462 -0.6712
vn -0.1983 0.7194 0.6657
vn -0.5965 0.6765 0.4319
vn -0.5196 0.6702 0.5300
vn -0.3643 0.7570 0.5425
vn -0.5197 0.8336 0.1873
vn -0.7662 0.5741 0.2887
vn -0.5466 -0.7929 0.2695
vn -0.4235 -0.9035 0.0659
vn -0.1797 -0.4983 0.8482
vn -0.5143 -0.6613 0.5461
vn -0.8281 -0.5025 0.2486
vn -0.7662 -0.6399 0.0587
vn -0.8040 -0.2371 0.5454
vn -0.5451 0.3436 0.7648
vn -0.2162 0.5124 0.8311
vn -0.4207 0.5679 0.7074
vn -0.8269 0.1623 0.5384
vn -0.5926 0.2392 0.7691
vn -0.9442 -0.3180 0.0861
vn -0.9426 0.1583 0.2939
vn -0.9607 -0.1088 0.2554
vn -0.7639 0.3955 0.5100
vn -0.2564 -0.7560 0.6022
vn -0.1497 -0.9548 0.2569
vn -0.0717 -0.8647 0.4971
vn -0.2344 -0.4815 0.8445
vn -0.8530 -0.4760 0.2140
vn -0.5313 -0.6297 0.5667
vn -0.9144 -0.3803 0.1390
vn -0.3696 -0.4452 0.8156
vn -0.2883 0.1563 0.9447
vn -0.0804 -0.3156 0.9455
vn -0.5144 0.4072 0.7547
vn -0.2458 -0.1154 0.9624
vn -0.0577 -0.6110 0.7895
vn -0.3203 -0.0735 0.9444
vn -0.7739 0.3637 0.5184
vn -0.7131 0.5927 0.3745
vn -0.8283 0.5399 0.1497
vn -0.7805 0.2525 0.5718
vn -0.6889 0.3849 0.6143
vn -0.6965 0.1252 0.7065
vn 0.3789 -0.9220 0.0797
vn 0.0995 -0.9269 0.3619
vn 0.7045 -0.7055 0.0765
vn 0.3752 -0.8557 0.3562
vn 0.0956 -0.7159 0.6916
vn 0.6628 -0.6673 0.3397
vn 0.3578 -0.6729 0.6475
vn 0.9223 -0.1042 0.3721
vn 0.9202 -0.3819 0.0863
vn 0.7076 -0.1045 0.6989
vn 0.8507 -0.3811 0.3621
vn 0.6645 -0.3666 0.6511
vn 0.1017 -0.3946 0.9132
vn 0.3827 -0.1129 0.9169
vn 0.3775 -0.3878 0.8409
vn 0.9685 0.2023 0.1456
vn 0.8010 0.3028 0.5165
vn 0.9044 0.0741 0.4202
vn 0.9099 0.3848 0.1546
vn 0.7801 0.3775 0.4990
vn 0.5025 0.2411 0.8303
vn 0.6433 0.0540 0.7637
vn 0.2323 0.5334 0.8133
vn -0.3397 0.7766 0.5306
vn -0.3655 0.9151 0.1703
vn -0.5709 0.6970 0.4340
vn -0.1672 0.5190 0.8382
vn -0.2728 0.8140 0.5127
vn 0.3229 0.0720 0.9437
vn -0.1591 0.2739 0.9485
vn 0.1097 0.2377 0.9651
vn -0.3926 0.4880 0.7796
vn -0.8981 -0.1748 -0.4036
vn -0.6858 -0.1759 -0.7062
vn -0.8970 -0.2687 -0.3510
vn -0.8048 -0.0353 -0.5925
vn -0.3958 -0.1434 -0.9070
vn -0.7321 -0.2261 -0.6426
vn -0.4111 -0.2445 -0.8782
vn 0.2828 -0.1848 -0.9412
vn -0.2681 -0.0346 -0.9628
vn -0.0122 -0.0293 -0.9995
vn 0.3132 -0.2349 -0.9202
vn -0.0211 -0.1452 -0.9892
vn -0.5460 -0.0209 -0.8375
vn -0.0190 -0.2057 -0.9784
vn 0.6673 -0.5880 -0.4571
vn 0.8569 -0.4821 -0.1825
vn 0.6513 -0.7123 -0.2615
vn 0.7121 -0.6826 -0.1644
vn 0.7236 -0.4794 -0.4966
vn 0.8476 -0.4110 -0.3355
vn 0.3959 -0.5432 -0.7404
vn 0.1755 0.6682 -0.7229
vn 0.0490 0.7926 -0.6078
vn 0.2740 0.8832 -0.3807
vn 0.2260 0.7123 -0.6645
vn 0.1415 0.3833 -0.9127
vn 0.0305 0.5358 -0.8438
vn 0.2374 0.3959 -0.8871
vn 0.5999 -0.7995 0.0298
vn 0.5514 -0.6977 -0.4574
vn 0.6707 -0.6904 -0.2711
vn 0.4509 -0.8759 -0.1718
vn 0.4454 -0.7512 -0.4872
vn 0.6455 -0.7429 -0.1773
vn 0.5110 -0.4174 -0.7514
vn 0.4797 -0.4975 -0.7227
vn 0.0391 0.2628 -0.9641
vn 0.1744 -0.2912 -0.9406
vn 0.0291 0.0109 -0.9995
vn 0.1409 0.0132 -0.9899
vn 0.2207 -0.3207 -0.9211
vn 0.1958 0.0115 -0.9806
vn -0.8586 -0.0736 0.5073
vn -0.9703 0.0317 0.2399
vn -0.9895 -0.1355 -0.0509
vn -0.8962 -0.1414 0.4205
vn -0.8558 0.0070 0.5172
vn -0.6785 0.0073 0.7346
vn -0.5114 -0.1852 0.8392
vn 0.5524 -0.3774 0.7432
vn 0.6856 -0.5551 0.4709
vn 0.6927 -0.3645 0.6223
vn 0.3092 -0.2582 0.9153
vn 0.5388 -0.4219 0.7291
vn 0.2831 -0.3185 0.9047
vn -0.3065 -0.0353 0.9512
vn 0.2236 -0.1590 0.9616
vn -0.0310 -0.1312 0.9909
vn 0.4663 -0.2577 0.8463
vn -0.0395 -0.1556 0.9870
vn 0.1127 0.8639 0.4909
vn 0.3146 0.8683 0.3834
vn -0.0082 0.9751 0.2216
vn 0.0125 0.8645 0.5025
vn 0.1745 0.9846 -0.0140
vn 0.1982 0.5103 0.8369
vn 0.1180 0.6220 0.7741
vn 0.1488 -0.2296 0.9619
vn 0.0408 0.3069 0.9509
vn 0.0474 -0.0022 0.9989
vn 0.2387 -0.4735 0.8478
vn 0.1280 0.0264 0.9914
vn 0.0080 0.6856 0.7279
vn 0.2439 -0.3174 0.9164
vn 0.1551 0.0311 0.9874
vn 0.3484 -0.5645 0.7483
vn 0.3373 -0.7012 0.6282
vn 0.4293 -0.7767 0.4609
vn 0.3746 -0.5235 0.7653
vn 0.3055 -0.2968 0.9048
vn 0.3600 0.9313 -0.0561
vn 0.6990 0.7033 -0.1299
vn 0.3342 0.9373 -0.0984
vn 0.5461 0.8377 -0.0122
vn 0.8998 0.4197 -0.1193
vn 0.6892 0.7013 -0.1819
vn 0.8786 0.4261 -0.2156
vn 0.9522 -0.2500 -0.1758
vn 0.9524 0.3036 -0.0266
vn 0.9982 0.0525 -0.0279
vn 0.9295 -0.2940 -0.2226
vn 0.9898 0.0444 -0.1356
vn 0.8130 0.5822 -0.0052
vn 0.9818 0.0300 -0.1874
vn 0.5331 -0.4430 -0.7208
vn 0.5407 -0.6550 -0.5279
vn 0.2541 -0.8562 -0.4498
vn -0.1229 -0.7807 -0.6128
vn -0.1229 -0.7806 -0.6128
vn 0.5313 -0.7291 -0.4314
vn 0.4050 -0.8278 -0.3881
vn 0.7741 -0.4055 -0.4861
vn 0.6840 -0.1329 0.7173
vn 0.5454 -0.0306 0.8376
vn 0.3623 -0.1451 0.9207
vn 0.6827 -0.1820 0.7077
vn 0.8876 -0.0900 0.4517
vn 0.7992 0.0116 0.6010
vn 0.8680 -0.1874 0.4599
vn 0.0244 -0.4833 -0.8751
vn 0.5542 -0.4892 -0.6735
vn 0.3117 -0.5255 -0.7916
vn 0.2718 -0.4125 -0.8695
vn 0.5755 -0.3872 -0.7204
vn 0.6345 -0.7709 0.0561
vn 0.5676 -0.6232 -0.5380
vn 0.6196 -0.7444 0.2490
vn 0.8162 -0.4460 -0.3673
vn 0.9412 0.0190 0.3374
vn 0.9704 -0.1017 -0.2192
vn 0.9952 0.0393 0.0896
vn 0.9933 -0.0731 0.0894
vn 0.9568 -0.1471 -0.2507
vn 0.9879 -0.1287 0.0862
vn -0.5823 0.8113 -0.0532
vn -0.3255 0.9442 0.0495
vn -0.0122 0.9927 -0.1198
vn -0.4788 0.8703 -0.1158
vn -0.5832 0.8118 0.0285
vn -0.7750 0.6313 0.0273
vn -0.8789 0.4479 -0.1637
vn -0.6851 -0.6266 -0.3714
vn -0.3740 -0.7513 -0.5437
vn -0.5475 -0.7553 -0.3603
vn -0.8912 -0.3769 -0.2524
vn -0.6608 -0.6245 -0.4163
vn -0.8788 -0.3575 -0.3161
vn -0.9637 0.2664 -0.0190
vn -0.9502 -0.2730 -0.1502
vn -0.9927 -0.0203 -0.1186
vn -0.8089 -0.5299 -0.2549
vn -0.9890 -0.0143 -0.1470
vn -0.5547 -0.1532 0.8178
vn 0.0166 -0.1861 0.9824
vn -0.2974 -0.0361 0.9541
vn -0.5655 -0.0727 0.8215
vn -0.4533 -0.2179 0.8643
vn -0.8577 -0.2680 0.4388
vn -0.8107 -0.1875 0.5546
vn -0.9286 -0.2070 -0.3080
vn -0.9667 -0.1141 0.2291
vn -0.9899 -0.1153 -0.0826
vn -0.7897 -0.2830 -0.5444
vn -0.9791 -0.1960 -0.0545
vn -0.7763 -0.0777 0.6255
vn -0.8696 -0.2962 -0.3951
vn -0.9739 -0.2212 -0.0507
vn -0.6737 -0.3877 -0.6291
vn -0.5468 -0.3591 -0.7564
vn -0.3796 -0.5367 -0.7536
vn -0.6543 -0.4311 -0.6214
vn -0.8539 -0.3591 -0.3766
vn -0.2921 -0.9071 0.3029
vn -0.3104 -0.9070 0.2847
vn -0.4333 -0.7765 0.4575
vn -0.4607 -0.7754 0.4319
vn -0.6948 -0.2673 0.6677
vn -0.6763 -0.0099 0.7366
vn -0.7185 -0.0100 0.6955
vn -0.2757 -0.9061 0.3207
vn -0.4099 -0.7732 0.4840
vn -0.6539 -0.2656 0.7084
vn -0.6351 -0.0107 0.7724
vn 0.2987 -0.9043 -0.3051
vn 0.3168 -0.9039 -0.2873
vn 0.4478 -0.7740 -0.4476
vn 0.7196 -0.3091 -0.6218
vn 0.7161 -0.0629 -0.6952
vn 0.6805 -0.3083 -0.6647
vn 0.3334 -0.9045 -0.2661
vn 0.4751 -0.7733 -0.4199
vn 0.7577 -0.3101 -0.5742
vn 0.7576 -0.0630 -0.6497
vn -0.3456 -0.9053 0.2470
vn -0.3286 -0.9062 0.2661
vn -0.5111 -0.7725 0.3768
vn -0.7344 -0.2607 0.6266
vn -0.7952 -0.0090 0.6063
vn -0.7695 -0.2650 0.5811
vn -0.4859 -0.7751 0.4038
vn -0.7585 -0.0055 0.6517
vn 0.2826 -0.9028 -0.3242
vn 0.2655 -0.9024 -0.3394
vn 0.4226 -0.7707 -0.4768
vn 0.3965 -0.7705 -0.4991
vn 0.6010 -0.3064 -0.7382
vn 0.6732 -0.0621 -0.7369
vn 0.6313 -0.0617 -0.7731
vn 0.6404 -0.3077 -0.7037
vn 0.2482 -0.9014 -0.3547
vn 0.2277 -0.9007 -0.3701
vn 0.3701 -0.7678 -0.5230
vn 0.3379 -0.7663 -0.5464
vn 0.5121 -0.3067 -0.8023
vn 0.5872 -0.0619 -0.8070
vn 0.5361 -0.0650 -0.8416
vn 0.5597 -0.3059 -0.7702
vn -0.2560 -0.9066 0.3354
vn -0.3802 -0.7751 0.5046
vn -0.6135 -0.2658 0.7436
vn -0.5909 -0.0156 0.8066
vn -0.2357 -0.9059 0.3517
vn -0.3510 -0.7741 0.5269
vn -0.5699 -0.2688 0.7765
vn -0.5424 -0.0153 0.8400
vn -0.2148 -0.9043 0.3690
vn -0.3208 -0.7705 0.5508
vn -0.5231 -0.2658 0.8098
vn -0.4914 -0.0182 0.8708
vn -0.1956 -0.9011 0.3870
vn -0.2944 -0.7641 0.5740
vn -0.4724 -0.2669 0.8400
vn -0.4431 -0.0184 0.8963
vn 0.2062 -0.8988 -0.3869
vn 0.1898 -0.8948 -0.4041
vn 0.3035 -0.7614 -0.5729
vn 0.2779 -0.7546 -0.5945
vn 0.4176 -0.2974 -0.8586
vn 0.4791 -0.0635 -0.8755
vn 0.4339 -0.0616 -0.8988
vn 0.4595 -0.3024 -0.8351
vn -0.1031 -0.8956 0.4328
vn 0.0103 -0.9317 0.3632
vn -0.1741 -0.5538 0.8142
vn 0.0190 -0.7173 0.6965
vn -0.1857 -0.0810 0.9793
vn 0.0244 -0.3827 0.9236
vn -0.0835 -0.9824 0.1672
vn -0.2757 -0.7530 0.5974
vn -0.4237 -0.2597 0.8678
vn -0.4078 -0.0128 0.9130
vn -0.2703 -0.7451 0.6097
vn -0.3905 -0.2463 0.8870
vn 0.1829 -0.8913 -0.4148
vn 0.2679 -0.7491 -0.6059
vn 0.4135 -0.0578 -0.9087
vn 0.3972 -0.2916 -0.8702
vn 0.3535 -0.9043 -0.2393
vn 0.5016 -0.7732 -0.3880
vn 0.8007 -0.3109 -0.5121
vn 0.7983 -0.0664 -0.5986
vn 0.3768 -0.9005 -0.2170
vn 0.5354 -0.7705 -0.3460
vn 0.8391 -0.2988 -0.4547
vn 0.8447 -0.0678 -0.5309
vn -0.3802 -0.9008 0.2099
vn -0.3622 -0.9039 0.2275
vn -0.5556 -0.7654 0.3248
vn -0.8043 -0.2570 0.5359
vn -0.8569 0.0005 0.5154
vn -0.8351 -0.2475 0.4913
vn -0.5347 -0.7696 0.3490
vn -0.8288 -0.0043 0.5595
vn -0.3806 -0.9246 -0.0142
vn -0.7119 -0.7022 -0.0084
vn -0.9317 -0.3632 -0.0006
vn -0.4401 -0.8911 0.1105
vn -0.8159 -0.5374 0.2134
vn -0.9689 -0.0452 0.2433
vn 0.3938 -0.8956 -0.2068
vn 0.5689 -0.7626 -0.3079
vn 0.8583 -0.2908 -0.4229
vn 0.8828 -0.0628 -0.4655
vn 0.8995 -0.0560 -0.4333
vn 0.5882 -0.7536 -0.2933
vn 0.8600 -0.2964 -0.4154
vn -0.3958 -0.8963 0.1998
vn -0.8557 -0.2350 0.4610
vn -0.5779 -0.7553 0.3091
vn -0.8755 0.0022 0.4831
vn -0.5211 0.6791 0.5171
vn -0.4908 0.6783 0.5467
vn -0.3770 0.8446 0.3802
vn -0.3553 0.8439 0.4020
vn -0.2096 0.9527 0.2198
vn -0.1975 0.9524 0.2321
vn -0.4621 0.6754 0.5747
vn -0.3341 0.8427 0.4221
vn -0.1855 0.9521 0.2431
vn 0.5797 0.6547 -0.4851
vn 0.5485 0.6547 -0.5202
vn 0.4201 0.8392 -0.3453
vn 0.3979 0.8390 -0.3712
vn 0.2303 0.9562 -0.1805
vn 0.2179 0.9564 -0.1946
vn 0.6123 0.6520 -0.4472
vn 0.4442 0.8375 -0.3183
vn 0.2426 0.9559 -0.1655
vn -0.5502 0.6802 0.4844
vn -0.5779 0.6796 0.4519
vn -0.3988 0.8447 0.3571
vn -0.4189 0.8445 0.3335
vn -0.2217 0.9529 0.2068
vn -0.2329 0.9530 0.1937
vn 0.4852 0.6534 -0.5811
vn 0.5159 0.6550 -0.5521
vn 0.3526 0.8383 -0.4158
vn 0.3744 0.8393 -0.3942
vn 0.1936 0.9563 -0.2193
vn 0.2057 0.9563 -0.2077
vn 0.4153 0.6480 -0.6384
vn 0.4526 0.6518 -0.6085
vn 0.3033 0.8351 -0.4590
vn 0.3289 0.8378 -0.4357
vn 0.1667 0.9557 -0.2428
vn 0.1806 0.9561 -0.2306
vn -0.4307 0.6732 0.6011
vn -0.3123 0.8407 0.4423
vn -0.1740 0.9511 0.2551
vn -0.3969 0.6690 0.6284
vn -0.2877 0.8385 0.4627
vn -0.1605 0.9502 0.2670
vn -0.3618 0.6629 0.6555
vn -0.2634 0.8343 0.4843
vn -0.1467 0.9489 0.2794
vn -0.3286 0.6557 0.6798
vn -0.2403 0.8290 0.5050
vn -0.1342 0.9468 0.2926
vn 0.3418 0.6338 -0.6939
vn 0.3741 0.6420 -0.6693
vn 0.2519 0.8262 -0.5039
vn 0.2739 0.8319 -0.4827
vn 0.1401 0.9526 -0.2700
vn 0.1514 0.9546 -0.2567
vn -0.0394 0.4014 0.9151
vn -0.1633 0.6219 0.7659
vn -0.0301 0.7155 0.6980
vn -0.1223 0.8117 0.5711
vn -0.0163 0.9229 0.3847
vn -0.0721 0.9397 0.3342
vn -0.3055 0.6473 0.6983
vn -0.2254 0.8220 0.5230
vn -0.1269 0.9440 0.3045
vn 0.3268 0.6291 -0.7053
vn 0.2420 0.8222 -0.5151
vn 0.1351 0.9510 -0.2780
vn 0.6487 0.6498 -0.3961
vn 0.4718 0.8353 -0.2823
vn 0.2584 0.9549 -0.1466
vn 0.6853 0.6382 -0.3508
vn 0.5013 0.8281 -0.2509
vn 0.2762 0.9522 -0.1306
vn -0.6046 0.6773 0.4193
vn -0.6291 0.6732 0.3888
vn -0.4383 0.8437 0.3099
vn -0.4588 0.8402 0.2890
vn -0.2443 0.9527 0.1808
vn -0.2570 0.9514 0.1694
vn -0.9054 0.4185 0.0718
vn -0.6827 0.7281 0.0616
vn -0.3686 0.9286 0.0428
vn -0.7301 0.6491 0.2135
vn -0.5362 0.8279 0.1643
vn -0.3070 0.9460 0.1039
vn 0.7037 0.6303 -0.3279
vn 0.5211 0.8199 -0.2372
vn 0.2890 0.9493 -0.1235
vn -0.6470 0.6679 0.3678
vn -0.4753 0.8356 0.2755
vn -0.2679 0.9496 0.1629
vn 0.4509 0.3726 -0.8111
vn 0.7915 0.3725 -0.4845
vn -0.2734 0.1911 -0.9427
vn -0.2734 0.1912 -0.9427
vn -0.9629 -0.2636 -0.0580
vn 0.4824 0.3703 -0.7938
vn 0.9448 0.2041 0.2565
vn 0.9448 0.2041 0.2564
vn 0.0849 -0.2510 0.9643
vn 0.8133 0.3734 -0.4463
vn -0.0023 0.9154 0.4025
vn -0.0006 0.6909 0.7229
vn 0.0012 0.3620 0.9322
vn -0.9230 -0.0060 0.3848
vn -0.3776 -0.0169 0.9258
vn -0.7029 -0.0124 0.7112
vn 0.6922 -0.6968 0.1877
vn 0.6923 -0.6969 0.1872
vn 0.1663 -0.1820 0.9691
vn 0.6272 -0.6212 -0.4697
vn -0.9242 0.3817 0.0116
vn -0.7077 0.7063 0.0170
vn -0.3827 0.9237 0.0198
vn 0.6852 0.2431 -0.6866
vn 0.6850 0.2440 -0.6865
vn 0.1522 0.9788 -0.1369
vn 0.6277 -0.4433 -0.6399
vn -0.1561 -0.6875 -0.7092
vn -0.1562 -0.6875 -0.7092
vn -0.9773 -0.1477 -0.1522
vn 0.4531 -0.6209 -0.6396
vn -0.0075 0.4173 -0.9088
vn -0.0075 0.7388 -0.6738
vn -0.0068 0.8796 -0.4756
vn -0.0064 0.9346 -0.3555
vn -0.1078 0.9939 -0.0243
vn -0.0043 0.9906 0.1365
vn 0.3651 0.9307 0.0210
vn 0.5636 0.8259 0.0133
vn 0.6827 0.7306 0.0110
vn 0.9144 0.4047 0.0038
vn -0.3157 0.8896 0.3300
vn -0.4993 0.7005 0.5099
vn -0.5210 0.6667 0.5330
vn -0.6871 0.2180 0.6930
vn -0.4253 0.7922 0.4377
vn -0.5548 0.6101 0.5656
vn -0.4040 0.0169 -0.9146
vn -0.7274 0.0127 -0.6861
vn -0.9313 0.0067 -0.3643
vn -0.9831 -0.1197 -0.1383
vn -0.5150 0.0159 -0.8571
vn -0.8909 0.0083 -0.4540
vn -0.9923 0.1026 -0.0700
vn -0.4047 -0.9143 -0.0157
vn -0.4326 -0.9015 -0.0153
vn -0.7315 -0.6818 -0.0098
vn -0.8268 -0.5624 -0.0072
vn -0.9345 -0.3560 -0.0028
vn -0.9927 -0.0026 0.1205
vn -0.8972 0.3064 0.3181
vn -0.7975 0.4149 0.4379
vn -0.6523 0.5252 0.5465
vn -0.3197 0.6573 0.6825
vn -0.7205 0.4322 0.5423
vn -0.1149 -0.0124 0.9933
vn 0.0039 -0.3700 0.9290
vn 0.0043 -0.5455 0.8381
vn 0.0045 -0.6745 0.7383
vn 0.0046 -0.8172 0.5763
vn 0.0045 -0.8992 0.4376
vn 0.1421 -0.1340 0.9807
vn 0.3324 -0.0178 0.9430
vn 0.6711 -0.0140 0.7412
vn 0.9162 -0.0076 0.4006
vn 0.0766 0.0839 0.9935
vn 0.5023 -0.0164 0.8645
vn -0.2997 0.2849 0.9105
vn -0.5435 0.4518 0.7075
vn -0.5155 0.5042 0.6928
vn -0.5520 0.5421 0.6336
vn -0.6831 0.6785 0.2702
vn -0.3953 0.3814 0.8357
vn -0.0024 0.9307 -0.3658
vn -0.0044 0.7201 -0.6939
vn -0.0057 0.3998 -0.9166
vn 0.9241 0.3822 0.0033
vn 0.7071 0.7071 0.0104
vn 0.3825 0.9238 0.0160
vn -0.6668 0.3070 0.6791
vn -0.5182 0.6663 0.5362
vn -0.2782 0.9130 0.2984
vn -0.9255 0.0070 -0.3786
vn -0.7100 0.0131 -0.7040
vn -0.3866 0.0171 -0.9221
vn -0.9246 -0.3808 -0.0033
vn -0.7070 -0.7071 -0.0104
vn -0.3811 -0.9244 -0.0159
vn -0.3962 0.6378 0.6605
vn -0.7057 0.4912 0.5106
vn -0.9204 0.2699 0.2829
vn 0.0022 -0.9086 0.4176
vn 0.0036 -0.6947 0.7193
vn 0.0045 -0.3865 0.9223
vn 0.9259 -0.0065 0.3777
vn 0.7100 -0.0122 0.7041
vn 0.3870 -0.0160 0.9220
vn -0.6616 0.6599 0.3562
vn -0.5088 0.5021 0.6993
vn -0.2714 0.2609 0.9264
vn 0.3770 0.0177 -0.9260
vn 0.7032 0.0135 -0.7108
vn 0.7035 0.0135 -0.7106
vn 0.9220 0.0074 -0.3871
vn 0.9947 0.0019 -0.1025
vn -0.5808 -0.0156 0.8139
vn -0.5728 0.1331 0.8088
vn 0.3865 -0.0176 0.9221
vn 0.3849 0.0788 0.9196
vn 0.9876 -0.0030 0.1567
vn -0.0043 0.1809 -0.9835
vn 0.0108 0.9305 -0.3662
vn -0.0016 0.9306 -0.3661
vn -0.0041 0.1809 -0.9835
vn 0.0059 0.5659 -0.8245
vn 0.0107 0.9789 0.2038
vn 0.0108 0.9321 -0.3620
vn 0.0026 0.8006 0.5992
vn 0.0007 -0.9898 0.1424
vn -0.1471 -0.9791 0.1408
vn 0.0040 -0.3995 0.9167
vn -0.0935 -0.3973 0.9129
vn 0.0003 -0.9981 0.0619
vn 0.0007 -0.9899 0.1418
vn 0.0040 -0.3994 0.9168
vn 0.0040 -0.3991 0.9169
vn 0.0035 0.5692 0.8222
vn 0.9246 -0.3807 -0.0111
vn 0.7076 -0.7064 -0.0156
vn 0.7099 -0.7041 -0.0156
vn 0.3841 -0.9231 -0.0178
vn -0.9249 -0.3788 0.0336
vn -0.1573 -0.9814 0.1103
vn -0.8077 0.5848 -0.0754
vn -0.9233 -0.3825 0.0336
vn -0.9250 -0.3785 0.0335
vn -0.1567 -0.9815 0.1103
vn -0.1657 -0.0185 -0.9860
vn -0.6558 -0.1331 -0.7431
vn -0.6624 -0.1347 -0.7370
vn -0.9056 -0.2068 0.3704
vn -0.1671 -0.0186 -0.9858
vn -0.8974 -0.2016 -0.3924
vn -0.8994 -0.2022 -0.3875
vn -0.8031 -0.1902 0.5646
vn -0.0017 -0.9164 -0.4002
vn -0.0030 -0.6935 -0.7204
vn -0.0040 -0.3656 -0.9308
vn -0.0043 -0.0794 -0.9968
vn -0.0031 -0.6935 -0.7204
vn 0.3849 0.9229 0.0089
vn 0.3823 0.9239 0.0140
vn -0.5807 0.8139 0.0172
vn 0.3834 0.9236 0.0035
vn 0.3850 0.9229 0.0089
vn 0.9857 0.1687 -0.0021
vn -0.3254 0.3161 -0.8912
vn -0.3067 0.3335 -0.8915
vn -0.4725 0.4595 -0.7521
vn -0.4457 0.4851 -0.7524
vn -0.6589 0.7161 -0.2302
vn -0.7183 0.6952 0.0265
vn -0.6766 0.7358 0.0278
vn -0.3413 0.2981 -0.8914
vn -0.4955 0.4332 -0.7528
vn -0.6993 0.6764 -0.2314
vn -0.7555 0.6547 0.0257
vn 0.2676 -0.2910 -0.9186
vn 0.2484 -0.3076 -0.9185
vn 0.4115 -0.4468 -0.7944
vn 0.5921 -0.7302 -0.3408
vn 0.6737 -0.7325 -0.0975
vn 0.6363 -0.6918 -0.3413
vn 0.2269 -0.3238 -0.9185
vn 0.3813 -0.4719 -0.7949
vn 0.5436 -0.7668 -0.3412
vn 0.6272 -0.7728 -0.0971
vn -0.2670 0.3670 -0.8911
vn -0.2872 0.3511 -0.8912
vn -0.3880 0.5334 -0.7516
vn -0.6142 0.7550 -0.2295
vn -0.5849 0.8107 0.0276
vn -0.5694 0.7896 -0.2287
vn -0.4175 0.5108 -0.7515
vn -0.6310 0.7753 0.0280
vn 0.2864 -0.2748 -0.9178
vn 0.3022 -0.2582 -0.9176
vn 0.4385 -0.4207 -0.7942
vn 0.4632 -0.3957 -0.7930
vn 0.7113 -0.6147 -0.3409
vn 0.7165 -0.6907 -0.0978
vn 0.7535 -0.6500 -0.0986
vn 0.6767 -0.6526 -0.3409
vn 0.3170 -0.2410 -0.9173
vn 0.3339 -0.2211 -0.9163
vn 0.4866 -0.3692 -0.7918
vn 0.5118 -0.3386 -0.7896
vn 0.7792 -0.5274 -0.3388
vn 0.7887 -0.6068 -0.0987
vn 0.8247 -0.5566 -0.1002
vn 0.7449 -0.5736 -0.3407
vn -0.3580 0.2804 -0.8906
vn -0.5192 0.4068 -0.7516
vn -0.7357 0.6370 -0.2302
vn -0.7909 0.6115 0.0239
vn -0.3754 0.2606 -0.8895
vn -0.5432 0.3779 -0.7497
vn -0.7701 0.5947 -0.2308
vn -0.8255 0.5640 0.0213
vn -0.3930 0.2402 -0.8876
vn -0.5675 0.3484 -0.7460
vn -0.8041 0.5480 -0.2306
vn -0.8577 0.5138 0.0180
vn -0.4118 0.2215 -0.8840
vn -0.5906 0.3221 -0.7399
vn -0.8352 0.4982 -0.2328
vn -0.8844 0.4663 0.0189
vn 0.3517 -0.1997 -0.9146
vn 0.3691 -0.1841 -0.9110
vn 0.5382 -0.3041 -0.7860
vn 0.5615 -0.2796 -0.7788
vn 0.8370 -0.4349 -0.3322
vn 0.8600 -0.5003 -0.1005
vn 0.8845 -0.4561 -0.0983
vn 0.8128 -0.4757 -0.3362
vn -0.4598 0.1301 -0.8784
vn -0.3940 0.0155 -0.9190
vn -0.8277 0.2048 -0.5225
vn -0.7204 0.0116 -0.6934
vn -0.9762 0.2121 -0.0451
vn -0.9362 0.0061 -0.3513
vn -0.1988 0.1058 -0.9743
vn -0.6123 0.3041 -0.7298
vn -0.8643 0.4504 -0.2239
vn -0.9019 0.4313 0.0238
vn -0.6251 0.2989 -0.7211
vn -0.8844 0.4176 -0.2084
vn 0.3800 -0.1778 -0.9077
vn 0.5743 -0.2707 -0.7726
vn 0.8950 -0.4356 -0.0958
vn 0.8494 -0.4144 -0.3268
vn 0.1998 -0.3435 -0.9177
vn 0.3487 -0.4975 -0.7943
vn 0.4805 -0.8088 -0.3389
vn 0.5752 -0.8121 -0.0981
vn 0.1772 -0.3666 -0.9133
vn 0.3059 -0.5302 -0.7908
vn 0.4213 -0.8439 -0.3323
vn 0.5058 -0.8570 -0.0984
vn -0.2296 0.4014 -0.8866
vn -0.2478 0.3840 -0.8895
vn -0.3358 0.5779 -0.7438
vn -0.5227 0.8220 -0.2260
vn -0.4924 0.8699 0.0292
vn -0.4766 0.8512 -0.2199
vn -0.3602 0.5569 -0.7484
vn -0.5369 0.8432 0.0277
vn -0.0064 0.3966 -0.9180
vn 0.0038 0.7233 -0.6905
vn 0.0131 0.9378 -0.3468
vn -0.1285 0.4592 -0.8790
vn -0.2089 0.8307 -0.5160
vn -0.2191 0.9754 -0.0224
vn 0.1667 -0.3835 -0.9084
vn 0.2678 -0.5639 -0.7812
vn 0.3900 -0.8628 -0.3218
vn 0.4398 -0.8932 -0.0935
vn 0.4074 -0.9093 -0.0852
vn 0.2529 -0.5832 -0.7719
vn 0.3825 -0.8645 -0.3261
vn -0.2194 0.4171 -0.8820
vn -0.4463 0.8716 -0.2029
vn -0.3186 0.5984 -0.7351
vn -0.4598 0.8873 0.0365
vn -0.4799 0.5218 0.7052
vn -0.5109 0.4927 0.7044
vn -0.3421 0.3719 0.8629
vn -0.3645 0.3507 0.8626
vn -0.1827 0.1985 0.9629
vn -0.1948 0.1863 0.9630
vn -0.5389 0.4640 0.7030
vn -0.3854 0.3303 0.8616
vn -0.2066 0.1750 0.9626
vn 0.4913 -0.6037 0.6279
vn 0.5268 -0.5729 0.6279
vn 0.3621 -0.4440 0.8196
vn 0.3877 -0.4218 0.8197
vn 0.2062 -0.2518 0.9455
vn 0.2201 -0.2396 0.9456
vn 0.4523 -0.6348 0.6265
vn 0.3338 -0.4664 0.8192
vn 0.1908 -0.2639 0.9455
vn -0.4470 0.5506 0.7050
vn -0.4140 0.5776 0.7035
vn -0.3179 0.3924 0.8631
vn -0.2944 0.4125 0.8621
vn -0.1690 0.2101 0.9630
vn -0.1559 0.2210 0.9627
vn 0.5897 -0.5116 0.6249
vn 0.5600 -0.5416 0.6269
vn 0.4336 -0.3777 0.8181
vn 0.4118 -0.3992 0.8192
vn 0.2456 -0.2160 0.9450
vn 0.2336 -0.2276 0.9453
vn 0.6484 -0.4431 0.6191
vn 0.6179 -0.4797 0.6229
vn 0.4777 -0.3293 0.8145
vn 0.4548 -0.3552 0.8167
vn 0.2704 -0.1901 0.9438
vn 0.2574 -0.2039 0.9446
vn -0.5668 0.4340 0.7003
vn -0.4056 0.3084 0.8605
vn -0.2187 0.1634 0.9620
vn -0.5954 0.4013 0.6960
vn -0.4276 0.2854 0.8577
vn -0.2313 0.1506 0.9612
vn -0.6236 0.3669 0.6902
vn -0.4493 0.2610 0.8544
vn -0.2435 0.1369 0.9602
vn -0.6488 0.3344 0.6835
vn -0.4708 0.2386 0.8494
vn -0.2579 0.1254 0.9580
vn 0.7046 -0.3703 0.6054
vn 0.6798 -0.4022 0.6133
vn 0.5242 -0.2793 0.8045
vn 0.5025 -0.3008 0.8105
vn 0.2983 -0.1641 0.9403
vn 0.2841 -0.1747 0.9427
vn -0.9001 0.0558 0.4321
vn -0.7405 0.1719 0.6497
vn -0.6727 0.0354 0.7391
vn -0.5405 0.1226 0.8324
vn -0.3532 0.0100 0.9355
vn -0.3010 0.0640 0.9515
vn -0.6686 0.3120 0.6750
vn -0.4891 0.2241 0.8429
vn -0.2693 0.1177 0.9558
vn 0.7168 -0.3559 0.5997
vn 0.5358 -0.2698 0.8001
vn 0.3061 -0.1592 0.9386
vn 0.4010 -0.6712 0.6234
vn 0.2974 -0.4937 0.8172
vn 0.1711 -0.2784 0.9451
vn 0.3533 -0.7051 0.6148
vn 0.2651 -0.5225 0.8104
vn 0.1549 -0.2963 0.9424
vn -0.3806 0.6032 0.7009
vn -0.3495 0.6268 0.6964
vn -0.2703 0.4316 0.8606
vn -0.2489 0.4513 0.8570
vn -0.1431 0.2328 0.9619
vn -0.1310 0.2444 0.9608
vn -0.0341 0.8995 0.4355
vn -0.0197 0.6728 0.7396
vn -0.0023 0.3535 0.9354
vn -0.1727 0.7239 0.6679
vn -0.1227 0.5257 0.8418
vn -0.0642 0.2922 0.9542
vn 0.3301 -0.7231 0.6068
vn 0.2499 -0.5402 0.8036
vn 0.1476 -0.3094 0.9394
vn -0.3282 0.6441 0.6910
vn -0.2351 0.4673 0.8523
vn -0.1243 0.2552 0.9589
vn 0.8100 -0.4790 0.3384
vn 0.4657 0.8756 -0.1284
vn 0.6081 -0.7130 0.3490
vn 0.0770 0.9671 -0.2426
vn 0.6861 -0.6400 0.3460
vn -0.9743 -0.0558 -0.2181
vn 0.4405 -0.8289 0.3450
vn 0.8388 0.3765 0.3933
vn 0.8395 0.3545 0.4118
vn 0.6790 0.5099 0.5282
vn 0.6805 0.4776 0.5558
vn 0.1269 0.6510 0.7484
vn -0.1324 0.6938 0.7079
vn -0.1324 0.6512 0.7473
vn 0.8385 0.3936 0.3768
vn 0.6788 0.5337 0.5044
vn 0.1252 0.6940 0.7090
vn -0.1301 0.7333 0.6674
vn 0.9550 -0.1963 -0.2224
vn 0.9551 -0.1751 -0.2390
vn 0.8540 -0.3440 -0.3903
vn 0.4404 -0.5453 -0.7133
vn 0.2021 -0.6436 -0.7382
vn 0.4394 -0.5910 -0.6765
vn 0.9548 -0.1536 -0.2546
vn 0.8543 -0.3115 -0.4162
vn 0.4385 -0.4969 -0.7489
vn 0.2024 -0.5960 -0.7771
vn 0.8385 0.3166 0.4434
vn 0.8387 0.3372 0.4275
vn 0.6781 0.4218 0.6019
vn 0.1259 0.6074 0.7844
vn -0.1324 0.5575 0.8196
vn 0.1242 0.5610 0.8184
vn 0.6785 0.4527 0.5785
vn -0.1325 0.6052 0.7850
vn 0.9548 -0.2139 -0.2065
vn 0.9547 -0.2289 -0.1902
vn 0.8539 -0.3701 -0.3660
vn 0.8538 -0.3936 -0.3406
vn 0.4393 -0.6683 -0.6004
vn 0.2026 -0.6874 -0.6975
vn 0.2035 -0.7255 -0.6575
vn 0.4393 -0.6323 -0.6381
vn 0.9535 -0.2466 -0.1730
vn 0.9533 -0.2595 -0.1548
vn 0.8526 -0.4174 -0.3143
vn 0.8501 -0.4427 -0.2852
vn 0.4390 -0.7359 -0.5155
vn 0.2036 -0.7612 -0.6157
vn 0.2049 -0.7997 -0.5644
vn 0.4390 -0.7005 -0.5626
vn 0.8390 0.4087 0.3593
vn 0.6792 0.5562 0.4789
vn 0.1275 0.7324 0.6688
vn -0.1278 0.7691 0.6262
vn 0.8369 0.4289 0.3401
vn 0.6762 0.5828 0.4507
vn 0.1276 0.7665 0.6295
vn -0.1240 0.8054 0.5796
vn 0.8378 0.4436 0.3182
vn 0.6764 0.6053 0.4196
vn 0.1299 0.8026 0.5823
vn -0.1198 0.8391 0.5306
vn 0.8489 0.4422 0.2897
vn 0.6868 0.6151 0.3873
vn 0.1300 0.8347 0.5351
vn -0.1186 0.8662 0.4855
vn 0.9516 -0.2725 -0.1424
vn 0.9465 -0.2876 -0.1464
vn 0.8452 -0.4682 -0.2577
vn 0.8318 -0.4978 -0.2456
vn 0.4213 -0.8072 -0.4135
vn 0.2046 -0.8424 -0.4986
vn 0.1974 -0.8747 -0.4427
vn 0.4331 -0.7755 -0.4594
vn 0.9167 0.3714 0.1472
vn 0.9186 0.3946 0.0237
vn 0.8130 0.5661 0.1364
vn 0.6769 0.7355 0.0300
vn -0.0229 0.9725 0.2318
vn 0.3332 0.9423 0.0311
vn 0.3028 0.9525 0.0316
vn 0.9752 0.1714 0.1403
vn 0.7136 0.6046 0.3539
vn 0.1282 0.8636 0.4877
vn -0.1203 0.8854 0.4491
vn 0.7068 0.6149 0.3498
vn 0.1203 0.8832 0.4532
vn 0.9358 -0.3151 -0.1580
vn 0.8155 -0.5219 -0.2501
vn 0.1878 -0.8897 -0.4161
vn 0.4076 -0.8251 -0.3912
vn 0.9531 -0.1289 -0.2739
vn 0.8540 -0.2770 -0.4404
vn 0.4348 -0.4315 -0.7904
vn 0.2019 -0.5441 -0.8144
vn 0.9495 -0.1034 -0.2962
vn 0.8482 -0.2374 -0.4734
vn 0.4252 -0.3737 -0.8243
vn 0.2004 -0.4725 -0.8583
vn 0.8348 0.2768 0.4759
vn 0.8375 0.2961 0.4593
vn 0.6716 0.3681 0.6430
vn 0.1242 0.5126 0.8496
vn -0.1325 0.4634 0.8762
vn 0.1176 0.4650 0.8775
vn 0.6760 0.3941 0.6226
vn -0.1310 0.5095 0.8504
vn 0.8814 0.0574 0.4689
vn 0.6303 0.0221 0.7760
vn 0.2722 -0.0170 0.9621
vn 0.8301 0.1745 0.5296
vn 0.4346 0.2191 0.8736
vn -0.0698 0.1914 0.9790
vn 0.9454 -0.0925 -0.3126
vn 0.8401 -0.1973 -0.5053
vn 0.4139 -0.3423 -0.8435
vn 0.1930 -0.4060 -0.8933
vn 0.1852 -0.3737 -0.9089
vn 0.8313 -0.1812 -0.5255
vn 0.4189 -0.3344 -0.8442
vn 0.8293 0.2667 0.4911
vn 0.1018 0.4320 0.8961
vn 0.6622 0.3508 0.6621
vn -0.1379 0.4299 0.8923
vn -0.7752 0.4161 0.4753
vn -0.7746 0.4472 0.4473
vn -0.9111 0.2717 0.3100
vn -0.9108 0.2944 0.2895
vn -0.9860 0.1103 0.1250
vn -0.9860 0.1219 0.1140
vn -0.7729 0.4761 0.4195
vn -0.9093 0.3171 0.2695
vn -0.9852 0.1370 0.1030
vn -0.5436 -0.5148 -0.6630
vn -0.5430 -0.5517 -0.6331
vn -0.7556 -0.4035 -0.5159
vn -0.7554 -0.4301 -0.4943
vn -0.9065 -0.2623 -0.3309
vn -0.9065 -0.2769 -0.3187
vn -0.5430 -0.4737 -0.6934
vn -0.7556 -0.3735 -0.5380
vn -0.9064 -0.2470 -0.3428
vn -0.7749 0.3827 0.5031
vn -0.7741 0.3467 0.5296
vn -0.9109 0.2471 0.3305
vn -0.9103 0.2214 0.3497
vn -0.9858 0.0971 0.1369
vn -0.9854 0.0838 0.1480
vn -0.5414 -0.6155 -0.5728
vn -0.5432 -0.5832 -0.6040
vn -0.7546 -0.4764 -0.4513
vn -0.7554 -0.4537 -0.4728
vn -0.9058 -0.3034 -0.2959
vn -0.9063 -0.2903 -0.3073
vn -0.5369 -0.6777 -0.5024
vn -0.5395 -0.6442 -0.5421
vn -0.7519 -0.5240 -0.4002
vn -0.7535 -0.4980 -0.4292
vn -0.9057 -0.3291 -0.2672
vn -0.9060 -0.3141 -0.2838
vn -0.7700 0.5047 0.3903
vn -0.9081 0.3364 0.2492
vn -0.9848 0.1474 0.0916
vn -0.7650 0.5348 0.3589
vn -0.9052 0.3596 0.2264
vn -0.9837 0.1612 0.0795
vn -0.7585 0.5639 0.3265
vn -0.9000 0.3848 0.2047
vn -0.9816 0.1779 0.0686
vn -0.7429 0.5992 0.2986
vn -0.8858 0.4226 0.1917
vn -0.9723 0.2220 0.0735
vn -0.5207 -0.7605 -0.3880
vn -0.5286 -0.7233 -0.4444
vn -0.7412 -0.5973 -0.3064
vn -0.7478 -0.5610 -0.3552
vn -0.9031 -0.3816 -0.1969
vn -0.9044 -0.3554 -0.2360
vn -0.4860 0.8707 0.0758
vn -0.6762 0.7161 0.1732
vn -0.7589 0.6488 0.0557
vn -0.8177 0.5606 0.1303
vn -0.9341 0.3558 0.0292
vn -0.9205 0.3822 0.0813
vn -0.7219 0.6308 0.2844
vn -0.8592 0.4728 0.1954
vn -0.9584 0.2720 0.0862
vn -0.5163 -0.7780 -0.3579
vn -0.7424 -0.6095 -0.2780
vn -0.9101 -0.3780 -0.1696
vn -0.5400 -0.4226 -0.7279
vn -0.7531 -0.3385 -0.5641
vn -0.9063 -0.2267 -0.3567
vn -0.5322 -0.3735 -0.7598
vn -0.7472 -0.3041 -0.5909
vn -0.9034 -0.2094 -0.3741
vn -0.7707 0.3141 0.5544
vn -0.7656 0.2829 0.5779
vn -0.9084 0.1982 0.3680
vn -0.9049 0.1765 0.3874
vn -0.9848 0.0705 0.1590
vn -0.9837 0.0582 0.1701
vn -0.5478 -0.0259 0.8362
vn -0.7895 -0.0506 0.6117
vn -0.9579 -0.0718 0.2779
vn -0.7247 0.1497 0.6726
vn -0.8869 0.0493 0.4594
vn -0.9763 -0.0102 0.2161
vn -0.5236 -0.3494 -0.7770
vn -0.7399 -0.2881 -0.6079
vn -0.9002 -0.2018 -0.3858
vn -0.7603 0.2603 0.5952
vn -0.9003 0.1627 0.4037
vn -0.9821 0.0519 0.1809
vn -0.2416 -0.8157 -0.5256
vn -0.2443 -0.4754 -0.8451
vn -0.1169 -0.9710 0.2087
vn -0.1168 -0.9709 0.2090
vn 0.1756 -0.0847 0.9808
vn -0.2451 -0.4961 -0.8329
vn -0.2451 -0.4957 -0.8332
vn 0.1515 0.9881 -0.0259
vn -0.2455 -0.5198 -0.8183
vn -0.3729 0.8498 -0.3725
vn -0.5855 0.4648 0.6643
vn -0.6440 0.4649 0.6075
vn 0.7999 0.5963 0.0681
vn 0.7999 0.5962 0.0681
vn 0.7999 0.5963 0.0680
vn -0.6067 -0.7934 0.0494
vn -0.1000 0.6624 -0.7424
vn -0.1000 0.6623 -0.7425
vn -0.1000 0.6624 -0.7425
vn -0.2168 -0.0458 0.9751
vn -0.6397 0.6325 0.4367
vn 0.5931 -0.1870 -0.7831
vn 0.8173 -0.5340 0.2163
vn 0.3931 0.8764 -0.2783
vn -0.6729 0.4987 -0.5463
vn -0.8867 0.3099 -0.3431
vn -0.9761 0.2071 -0.0656
vn -0.4986 0.1004 0.8610
vn -0.6218 0.7470 -0.2353
vn 0.0786 0.6931 -0.7166
vn 0.7572 -0.4278 -0.4936
vn 0.7572 -0.4277 -0.4937
vn 0.7571 -0.4279 -0.4936
vn -0.4546 -0.5603 0.6924
vn -0.2816 -0.3628 0.8883
vn -0.6578 -0.5967 0.4596
vn -0.0807 0.4837 -0.8715
vn 0.8848 0.0571 0.4624
vn -0.8951 -0.4288 -0.1221
vn 0.1291 -0.4545 0.8813
vn -0.9064 0.3157 0.2807
vn -0.4360 0.8822 -0.1780
vn 0.5744 0.5888 -0.5686
vn 0.4725 -0.5112 -0.7179
vn -0.6172 -0.1026 0.7801
vn 0.5738 -0.3524 -0.7393
vn 0.7436 -0.4894 -0.4556
vn -0.8239 0.5601 -0.0869
vn 0.0103 0.9758 0.2183
vn -0.9233 -0.3826 0.0336
vn 0.1186 0.8867 0.4469
vt 0.129631 0.361744
vt 0.128187 0.367085
vt 0.125808 0.364265
vt 0.014481 0.493987
vt 0.017135 0.478653
vt 0.017529 0.493897
vt 0.124415 0.369792
vt 0.123058 0.375612
vt 0.120742 0.372677
vt 0.047080 0.447537
vt 0.045370 0.433032
vt 0.048333 0.433135
vt 0.113893 0.378853
vt 0.108668 0.378985
vt 0.111686 0.375890
vt 0.015512 0.509196
vt 0.018562 0.509060
vt 0.047593 0.508735
vt 0.046648 0.525145
vt 0.044635 0.508908
vt 0.046065 0.477990
vt 0.043328 0.462576
vt 0.046294 0.462586
vt 0.114965 0.372794
vt 0.118455 0.369774
vt 0.119481 0.378697
vt 0.117213 0.375728
vt 0.047109 0.419091
vt 0.050066 0.419247
vt 0.020509 0.407297
vt 0.021261 0.420878
vt 0.018233 0.420765
vt 0.016473 0.434454
vt 0.018224 0.448676
vt 0.015192 0.448639
vt 0.049548 0.404670
vt 0.052490 0.404881
vt 0.053564 0.385818
vt 0.056476 0.386058
vt 0.026853 0.379839
vt 0.026397 0.393942
vt 0.023365 0.393737
vt 0.110835 0.381978
vt 0.105880 0.382110
vt 0.059568 0.359528
vt 0.062468 0.359747
vt 0.066096 0.328688
vt 0.069125 0.328770
vt 0.030792 0.365670
vt 0.029890 0.380089
vt 0.105305 0.388479
vt 0.100762 0.388735
vt 0.103268 0.385330
vt 0.017153 0.524357
vt 0.020205 0.524173
vt 0.019494 0.539931
vt 0.022548 0.539690
vt 0.053812 0.547008
vt 0.058088 0.579309
vt 0.050910 0.547327
vt 0.126777 0.372683
vt 0.022666 0.556286
vt 0.025716 0.555970
vt 0.026608 0.573102
vt 0.029592 0.572502
vt 0.060974 0.579000
vt 0.066104 0.617392
vt 0.137228 0.361654
vt 0.134805 0.367263
vt 0.132196 0.364486
vt 0.020169 0.478613
vt 0.020568 0.493807
vt 0.031137 0.448083
vt 0.022923 0.434582
vt 0.032398 0.433783
vt 0.044114 0.447481
vt 0.042398 0.432929
vt 0.043740 0.418955
vt 0.036519 0.406065
vt 0.046193 0.404491
vt 0.021603 0.508922
vt 0.023247 0.523987
vt 0.043101 0.478034
vt 0.040562 0.493624
vt 0.040129 0.478077
vt 0.040354 0.462566
vt 0.043536 0.493520
vt 0.041665 0.509083
vt 0.017417 0.463473
vt 0.019502 0.434528
vt 0.021249 0.448713
vt 0.022523 0.434601
vt 0.046596 0.404456
vt 0.041996 0.432948
vt 0.034144 0.419986
vt 0.023538 0.407455
vt 0.024279 0.420993
vt 0.026557 0.407616
vt 0.056675 0.359306
vt 0.040022 0.389893
vt 0.050239 0.385672
vt 0.029419 0.394150
vt 0.033868 0.365959
vt 0.032920 0.380345
vt 0.063057 0.328705
vt 0.022004 0.508919
vt 0.030514 0.493717
vt 0.031580 0.509000
vt 0.043692 0.525406
vt 0.048005 0.547651
vt 0.025591 0.539447
vt 0.028751 0.555656
vt 0.033416 0.524686
vt 0.026007 0.539529
vt 0.023651 0.523997
vt 0.055210 0.579618
vt 0.063029 0.617344
vt 0.032509 0.571905
vt 0.046501 0.493416
vt 0.042874 0.597699
vt 0.045147 0.596315
vt 0.047441 0.594927
vt 0.040161 0.493631
vt 0.041263 0.509088
vt 0.041141 0.447424
vt 0.039729 0.478087
vt 0.143757 0.358353
vt 0.140791 0.364004
vt 0.122088 0.366935
vt 0.047595 0.547566
vt 0.042271 0.567533
vt 0.036802 0.543518
vt 0.095041 0.403142
vt 0.093421 0.409965
vt 0.094268 0.403071
vt 0.092575 0.409727
vt 0.093487 0.402992
vt 0.024682 0.420970
vt 0.014384 0.463470
vt 0.020969 0.493800
vt 0.030094 0.478352
vt 0.020443 0.463474
vt 0.150643 0.354464
vt 0.149410 0.359681
vt 0.142423 0.354736
vt 0.138109 0.356888
vt 0.032867 0.571776
vt 0.029197 0.555886
vt 0.054772 0.579358
vt 0.047430 0.594296
vt 0.102353 0.392556
vt 0.098309 0.392387
vt 0.113019 0.385009
vt 0.108010 0.385133
vt 0.044142 0.418933
vt 0.033383 0.380096
vt 0.044957 0.369864
vt 0.116118 0.381853
vt 0.110156 0.388199
vt 0.030341 0.463031
vt 0.039953 0.462579
vt 0.049590 0.524888
vt 0.274927 0.451153
vt 0.236716 0.487801
vt 0.235302 0.487385
vt 0.043290 0.525399
vt 0.098884 0.397693
vt 0.096061 0.395976
vt 0.099523 0.402950
vt 0.095150 0.403021
vt 0.056237 0.359564
vt 0.049721 0.347983
vt 0.062498 0.329590
vt 0.037200 0.366661
vt 0.150773 0.354368
vt 0.159041 0.353489
vt 0.159031 0.354490
vt 0.133696 0.359299
vt 0.150781 0.353586
vt 0.158888 0.352618
vt 0.029841 0.394052
vt 0.014087 0.478693
vt 0.040740 0.447440
vt 0.026963 0.407581
vt 0.095131 0.396159
vt 0.095971 0.395980
vt 0.107359 0.391668
vt 0.050651 0.385572
vt 0.047469 0.345912
vt 0.036852 0.366515
vt 0.021649 0.448697
vt 0.020843 0.463462
vt 0.020569 0.478604
vt 0.130603 0.369941
vt 0.103960 0.396393
vt 0.298947 0.379508
vt 0.193563 0.368148
vt 0.321240 0.372861
vt 0.107046 0.427116
vt 0.166473 0.452154
vt 0.166013 0.453369
vt 0.109938 0.427040
vt 0.166938 0.450941
vt 0.216882 0.464775
vt 0.205061 0.422334
vt 0.239815 0.423962
vt 0.230248 0.612791
vt 0.135163 0.565882
vt 0.140097 0.561014
vt 0.328100 0.413843
vt 0.275972 0.452195
vt 0.221565 0.547059
vt 0.226706 0.606880
vt 0.220233 0.547272
vt 0.199159 0.401143
vt 0.262724 0.383189
vt 0.273113 0.602013
vt 0.336782 0.516649
vt 0.267698 0.624802
vt 0.094352 0.469112
vt 0.158099 0.480392
vt 0.096775 0.470795
vt 0.263473 0.529781
vt 0.304647 0.506826
vt 0.286483 0.570921
vt 0.208661 0.495365
vt 0.157826 0.481711
vt 0.336746 0.390163
vt 0.344509 0.518728
vt 0.076964 0.453070
vt 0.129730 0.571246
vt 0.060304 0.436867
vt 0.245477 0.630378
vt 0.328378 0.414037
vt 0.327633 0.513927
vt 0.326600 0.417361
vt 0.235239 0.487603
vt 0.250613 0.539773
vt 0.249331 0.540195
vt 0.219661 0.476928
vt 0.155001 0.464046
vt 0.160682 0.458457
vt 0.191819 0.360781
vt 0.344302 0.366311
vt 0.234958 0.487405
vt 0.273432 0.443832
vt 0.274836 0.450930
vt 0.329440 0.514614
vt 0.273583 0.597902
vt 0.270775 0.358462
vt 0.305386 0.305441
vt 0.338819 0.357192
vt 0.216353 0.488219
vt 0.154911 0.464352
vt 0.221182 0.483655
vt 0.263768 0.433270
vt 0.256799 0.431346
vt 0.243975 0.545500
vt 0.249135 0.540347
vt 0.271676 0.435805
vt 0.344642 0.366670
vt 0.271458 0.435568
vt 0.222900 0.546842
vt 0.209838 0.494540
vt 0.210909 0.493521
vt 0.140402 0.560717
vt 0.096609 0.471034
vt 0.141678 0.559507
vt 0.083490 0.431489
vt 0.060441 0.436399
vt 0.229551 0.611975
vt 0.227934 0.609325
vt 0.229843 0.611819
vt 0.227903 0.485414
vt 0.238104 0.551126
vt 0.221452 0.483589
vt 0.093426 0.468669
vt 0.156652 0.472002
vt 0.158348 0.478834
vt 0.217909 0.469860
vt 0.261830 0.648119
vt 0.326332 0.417202
vt 0.277010 0.453239
vt 0.217377 0.468148
vt 0.217721 0.469572
vt 0.195231 0.375256
vt 0.294851 0.381219
vt 0.195581 0.376998
vt 0.247104 0.298691
vt 0.203692 0.347665
vt 0.107058 0.426787
vt 0.109927 0.426724
vt 0.256570 0.431248
vt 0.217589 0.468096
vt 0.255524 0.430295
vt 0.237792 0.551204
vt 0.230043 0.548997
vt 0.210750 0.493356
vt 0.158378 0.479079
vt 0.261351 0.648238
vt 0.280561 0.257262
vt 0.274197 0.320760
vt 0.221261 0.483390
vt 0.217044 0.466774
vt 0.195931 0.378722
vt 0.112465 0.426639
vt 0.292163 0.382413
vt 0.238016 0.488406
vt 0.251895 0.539343
vt 0.325843 0.513248
vt 0.325123 0.420233
vt 0.273798 0.595196
vt 0.142944 0.558305
vt 0.208808 0.495518
vt 0.226482 0.607022
vt 0.328713 0.413051
vt 0.329841 0.514748
vt 0.273027 0.600972
vt 0.273267 0.597875
vt 0.273533 0.595174
vt 0.238076 0.488203
vt 0.211066 0.493214
vt 0.206802 0.497036
vt 0.174690 0.527573
vt 0.159883 0.495764
vt 0.158658 0.542819
vt 0.113009 0.494494
vt 0.165856 0.453558
vt 0.106018 0.426984
vt 0.176218 0.441925
vt 0.135592 0.419099
vt 0.217249 0.466724
vt 0.254475 0.429349
vt 0.281646 0.465655
vt 0.322811 0.442731
vt 0.240441 0.488600
vt 0.283266 0.500757
vt 0.223146 0.546885
vt 0.205553 0.544113
vt 0.204306 0.591145
vt 0.098791 0.472238
vt 0.195143 0.374841
vt 0.298087 0.380087
vt 0.295004 0.381494
vt 0.292281 0.382644
vt 0.119719 0.350070
vt 0.118228 0.355437
vt 0.115849 0.352583
vt 0.458772 0.450248
vt 0.456109 0.465477
vt 0.455746 0.450328
vt 0.114424 0.358142
vt 0.113046 0.363982
vt 0.110729 0.361032
vt 0.426258 0.496504
vt 0.427970 0.510987
vt 0.425011 0.510885
vt 0.103852 0.367216
vt 0.098611 0.367345
vt 0.101641 0.364243
vt 0.457832 0.435156
vt 0.454805 0.435267
vt 0.425905 0.435388
vt 0.426975 0.419001
vt 0.428860 0.435235
vt 0.427289 0.466095
vt 0.430005 0.481488
vt 0.427043 0.481477
vt 0.104934 0.361142
vt 0.108438 0.358117
vt 0.109453 0.367068
vt 0.107184 0.364087
vt 0.426235 0.524908
vt 0.423284 0.524751
vt 0.452811 0.536671
vt 0.452049 0.523110
vt 0.455072 0.523221
vt 0.456821 0.509554
vt 0.455066 0.495360
vt 0.458093 0.495394
vt 0.423784 0.539316
vt 0.420838 0.539106
vt 0.419801 0.558178
vt 0.416890 0.557942
vt 0.446516 0.564113
vt 0.446947 0.550019
vt 0.449976 0.550219
vt 0.100786 0.370344
vt 0.095818 0.370485
vt 0.413864 0.584484
vt 0.410970 0.584272
vt 0.407393 0.615257
vt 0.404372 0.615178
vt 0.442605 0.578283
vt 0.443480 0.563869
vt 0.095270 0.376855
vt 0.090745 0.377157
vt 0.093216 0.373727
vt 0.456369 0.420065
vt 0.453325 0.420216
vt 0.454202 0.404521
vt 0.451155 0.404723
vt 0.419954 0.397065
vt 0.415669 0.364611
vt 0.422867 0.396757
vt 0.116786 0.361054
vt 0.451285 0.388171
vt 0.448243 0.388413
vt 0.447873 0.371444
vt 0.444833 0.371715
vt 0.412776 0.364931
vt 0.407348 0.326552
vt 0.127359 0.350056
vt 0.124877 0.355664
vt 0.122278 0.352853
vt 0.453093 0.465517
vt 0.452727 0.450407
vt 0.442175 0.495957
vt 0.450381 0.509429
vt 0.440922 0.510232
vt 0.429219 0.496560
vt 0.430937 0.511089
vt 0.429599 0.525043
vt 0.436816 0.537917
vt 0.427141 0.539495
vt 0.451784 0.435379
vt 0.450289 0.420370
vt 0.430249 0.466058
vt 0.432834 0.450510
vt 0.433215 0.466021
vt 0.432974 0.481500
vt 0.429866 0.450600
vt 0.431826 0.435081
vt 0.455860 0.480598
vt 0.453797 0.509482
vt 0.452047 0.495324
vt 0.450781 0.509410
vt 0.426738 0.539529
vt 0.431338 0.511070
vt 0.439182 0.524010
vt 0.449785 0.536516
vt 0.449034 0.522998
vt 0.446770 0.536360
vt 0.416752 0.584698
vt 0.433333 0.554084
vt 0.423125 0.558318
vt 0.443927 0.549816
vt 0.439530 0.578001
vt 0.440451 0.563618
vt 0.410425 0.615237
vt 0.451385 0.435380
vt 0.442842 0.450458
vt 0.441867 0.435230
vt 0.429933 0.418763
vt 0.425785 0.396444
vt 0.448116 0.404927
vt 0.445208 0.388654
vt 0.440170 0.419575
vt 0.447702 0.404840
vt 0.449887 0.420357
vt 0.418556 0.364289
vt 0.410423 0.326576
vt 0.441795 0.371990
vt 0.426906 0.450690
vt 0.141034 0.342912
vt 0.132881 0.342269
vt 0.141050 0.342144
vt 0.133113 0.341452
vt 0.141064 0.341374
vt 0.433234 0.450504
vt 0.432227 0.435078
vt 0.432187 0.496616
vt 0.433615 0.466013
vt 0.133943 0.346813
vt 0.130912 0.352449
vt 0.112090 0.355260
vt 0.426196 0.396531
vt 0.431723 0.376436
vt 0.436973 0.400708
vt 0.085086 0.391841
vt 0.083393 0.398811
vt 0.084292 0.391768
vt 0.082621 0.398484
vt 0.083493 0.391691
vt 0.448633 0.523021
vt 0.458888 0.480596
vt 0.452329 0.450412
vt 0.443217 0.465766
vt 0.452840 0.480599
vt 0.140903 0.343007
vt 0.139593 0.348206
vt 0.132643 0.343170
vt 0.128291 0.345283
vt 0.441428 0.372121
vt 0.444762 0.388412
vt 0.418996 0.364548
vt 0.426245 0.349473
vt 0.092355 0.380949
vt 0.088358 0.380827
vt 0.102974 0.373379
vt 0.097959 0.373502
vt 0.429197 0.525066
vt 0.439989 0.563867
vt 0.428440 0.574118
vt 0.106079 0.370226
vt 0.100102 0.376550
vt 0.442966 0.481041
vt 0.433374 0.481488
vt 0.424031 0.419237
vt 0.108054 0.336564
vt 0.106334 0.341823
vt 0.104080 0.338901
vt 0.430335 0.418773
vt 0.088930 0.386146
vt 0.086153 0.384446
vt 0.089490 0.391434
vt 0.085201 0.391716
vt 0.417189 0.584440
vt 0.423703 0.596000
vt 0.410981 0.614353
vt 0.436198 0.577304
vt 0.149270 0.342135
vt 0.149251 0.343130
vt 0.123836 0.347657
vt 0.149125 0.341268
vt 0.443506 0.549914
vt 0.459136 0.465436
vt 0.432587 0.496600
vt 0.446364 0.536395
vt 0.085193 0.384633
vt 0.086061 0.384450
vt 0.097327 0.380010
vt 0.422714 0.558418
vt 0.425958 0.598067
vt 0.436546 0.577450
vt 0.451648 0.495340
vt 0.452442 0.480611
vt 0.452695 0.465526
vt 0.120640 0.358321
vt 0.093959 0.384750
vt 0.407588 0.445170
vt 0.405153 0.459719
vt 0.404700 0.445254
vt 0.102487 0.344383
vt 0.101018 0.350105
vt 0.098776 0.347172
vt 0.377050 0.490158
vt 0.379140 0.504161
vt 0.376265 0.504157
vt 0.091956 0.353285
vt 0.086739 0.353486
vt 0.089729 0.350344
vt 0.406707 0.430772
vt 0.403813 0.430864
vt 0.375935 0.430838
vt 0.377085 0.414950
vt 0.378799 0.430700
vt 0.377417 0.460642
vt 0.380313 0.475521
vt 0.377445 0.475572
vt 0.093013 0.347236
vt 0.096538 0.344244
vt 0.097480 0.353110
vt 0.095245 0.350170
vt 0.377930 0.517787
vt 0.375039 0.517736
vt 0.404285 0.527800
vt 0.402831 0.514880
vt 0.405723 0.514843
vt 0.406830 0.501746
vt 0.404716 0.488266
vt 0.407603 0.488218
vt 0.376090 0.532159
vt 0.373182 0.532038
vt 0.372910 0.551972
vt 0.370025 0.551784
vt 0.400376 0.554653
vt 0.399582 0.541014
vt 0.402512 0.540974
vt 0.088959 0.356431
vt 0.084018 0.356687
vt 0.367932 0.580787
vt 0.365072 0.580589
vt 0.362425 0.614619
vt 0.359570 0.614290
vt 0.398004 0.568692
vt 0.397422 0.554698
vt 0.083661 0.363072
vt 0.079178 0.363513
vt 0.081517 0.360004
vt 0.405432 0.416381
vt 0.402528 0.416481
vt 0.403703 0.401509
vt 0.400778 0.401627
vt 0.370825 0.393597
vt 0.368104 0.362382
vt 0.373633 0.393387
vt 0.104736 0.347312
vt 0.401386 0.385719
vt 0.398444 0.385877
vt 0.398447 0.369261
vt 0.395539 0.369698
vt 0.365341 0.362544
vt 0.362432 0.325912
vt 0.115656 0.336938
vt 0.112856 0.342310
vt 0.110452 0.339437
vt 0.402272 0.459790
vt 0.401813 0.445339
vt 0.392392 0.489192
vt 0.400677 0.501859
vt 0.391631 0.502976
vt 0.379918 0.490132
vt 0.382022 0.504162
vt 0.381225 0.517795
vt 0.388868 0.530039
vt 0.379410 0.532223
vt 0.400922 0.430958
vt 0.399624 0.416585
vt 0.380288 0.460569
vt 0.382665 0.445492
vt 0.383160 0.460497
vt 0.383185 0.475471
vt 0.379793 0.445591
vt 0.381671 0.430562
vt 0.405140 0.474158
vt 0.403944 0.501787
vt 0.401832 0.488314
vt 0.401059 0.501827
vt 0.379014 0.532278
vt 0.382411 0.504130
vt 0.390497 0.516353
vt 0.401379 0.527838
vt 0.399939 0.514915
vt 0.398470 0.527871
vt 0.370791 0.580991
vt 0.386283 0.546535
vt 0.376205 0.552032
vt 0.396650 0.541047
vt 0.395022 0.568730
vt 0.394466 0.554737
vt 0.365397 0.614585
vt 0.400540 0.430956
vt 0.392323 0.445414
vt 0.391385 0.430762
vt 0.379955 0.414763
vt 0.376444 0.393169
vt 0.397856 0.401750
vt 0.395513 0.386038
vt 0.389886 0.415684
vt 0.397460 0.401656
vt 0.399239 0.416566
vt 0.370850 0.362209
vt 0.365672 0.326310
vt 0.392699 0.370132
vt 0.376928 0.445690
vt 0.383852 0.345044
vt 0.381621 0.346277
vt 0.379371 0.347514
vt 0.383052 0.445485
vt 0.382059 0.430560
vt 0.382791 0.490105
vt 0.383547 0.460483
vt 0.122554 0.334071
vt 0.119032 0.339475
vt 0.100241 0.341458
vt 0.376836 0.393265
vt 0.382888 0.374110
vt 0.387187 0.397488
vt 0.073894 0.379761
vt 0.072177 0.388288
vt 0.073074 0.379776
vt 0.071333 0.388047
vt 0.072253 0.379790
vt 0.399554 0.514955
vt 0.408027 0.474100
vt 0.401432 0.445345
vt 0.392802 0.460137
vt 0.402256 0.474216
vt 0.130307 0.330919
vt 0.128276 0.335758
vt 0.121460 0.330375
vt 0.116867 0.332309
vt 0.392348 0.370239
vt 0.395093 0.385795
vt 0.371253 0.362477
vt 0.379359 0.348106
vt 0.080889 0.367419
vt 0.076950 0.367255
vt 0.091181 0.359384
vt 0.086230 0.359635
vt 0.380832 0.517833
vt 0.394025 0.555032
vt 0.382516 0.567879
vt 0.094185 0.356232
vt 0.088442 0.362590
vt 0.392802 0.474830
vt 0.383572 0.475451
vt 0.374224 0.415135
vt 0.380343 0.414779
vt 0.077614 0.373168
vt 0.074889 0.370946
vt 0.078199 0.379117
vt 0.074009 0.379610
vt 0.371208 0.580686
vt 0.378759 0.591473
vt 0.365907 0.613598
vt 0.391658 0.568653
vt 0.130454 0.330826
vt 0.139284 0.330534
vt 0.139398 0.331390
vt 0.112286 0.334386
vt 0.130530 0.330006
vt 0.139146 0.329665
vt 0.396245 0.541182
vt 0.408042 0.459647
vt 0.383179 0.490079
vt 0.398081 0.527931
vt 0.073937 0.371239
vt 0.074803 0.370960
vt 0.085802 0.366146
vt 0.375804 0.552164
vt 0.073069 0.371515
vt 0.401450 0.488339
vt 0.401874 0.474235
vt 0.401891 0.459803
vt 0.108592 0.344748
vt 0.082586 0.371328
vt 0.094408 0.410074
vt 0.094439 0.410054
vt 0.094414 0.410102
vt 0.094436 0.410017
vt 0.094460 0.410017
vt 0.094447 0.410074
vt 0.094461 0.410039
vt 0.094516 0.409932
vt 0.094494 0.409925
vt 0.094522 0.409888
vt 0.094502 0.409982
vt 0.094485 0.409977
vt 0.094465 0.409969
vt 0.094476 0.410021
vt 0.094467 0.410094
vt 0.094465 0.410061
vt 0.094487 0.410033
vt 0.094443 0.410114
vt 0.159004 0.354519
vt 0.158967 0.354512
vt 0.159073 0.354512
vt 0.159024 0.354529
vt 0.158962 0.354537
vt 0.158913 0.354536
vt 0.158986 0.354540
vt 0.159043 0.354551
vt 0.159008 0.354546
vt 0.159066 0.354530
vt 0.158977 0.354565
vt 0.158964 0.354553
vt 0.158862 0.354561
vt 0.158866 0.354584
vt 0.158819 0.354585
vt 0.158918 0.354557
vt 0.158921 0.354575
vt 0.092544 0.409700
vt 0.092540 0.409663
vt 0.092571 0.409758
vt 0.092546 0.409724
vt 0.062747 0.328847
vt 0.062761 0.328945
vt 0.062647 0.329111
vt 0.062852 0.328756
vt 0.062833 0.328866
vt 0.062924 0.328797
vt 0.063049 0.328629
vt 0.062914 0.328936
vt 0.062810 0.328973
vt 0.062923 0.328706
vt 0.062557 0.329367
vt 0.062624 0.329408
vt 0.062694 0.329158
vt 0.062766 0.329179
vt 0.158858 0.352595
vt 0.158908 0.352615
vt 0.062725 0.617204
vt 0.062736 0.617105
vt 0.062838 0.617298
vt 0.062966 0.617450
vt 0.062908 0.617335
vt 0.062811 0.617184
vt 0.062597 0.616631
vt 0.062530 0.616672
vt 0.062471 0.616445
vt 0.062740 0.616865
vt 0.062668 0.616886
vt 0.062622 0.616933
vt 0.062785 0.617077
vt 0.062906 0.617251
vt 0.062891 0.617114
vt 0.063005 0.617454
vt 0.235272 0.487433
vt 0.235212 0.487399
vt 0.235249 0.487488
vt 0.235192 0.487434
vt 0.235109 0.487416
vt 0.235137 0.487456
vt 0.235122 0.487437
vt 0.235171 0.487544
vt 0.235239 0.487546
vt 0.235093 0.487475
vt 0.235172 0.487504
vt 0.235181 0.487468
vt 0.235024 0.487417
vt 0.235068 0.487436
vt 0.235020 0.487429
vt 0.235115 0.487464
vt 0.094249 0.469148
vt 0.094056 0.469003
vt 0.093810 0.468923
vt 0.093750 0.468879
vt 0.094187 0.469383
vt 0.093957 0.469068
vt 0.094172 0.469269
vt 0.093701 0.468864
vt 0.093942 0.469086
vt 0.093991 0.469053
vt 0.094194 0.469198
vt 0.328369 0.413604
vt 0.328221 0.413809
vt 0.328531 0.413374
vt 0.328492 0.413445
vt 0.328326 0.413608
vt 0.328355 0.413894
vt 0.328460 0.413628
vt 0.328402 0.413619
vt 0.328439 0.413620
vt 0.328504 0.413423
vt 0.328568 0.413336
vt 0.273113 0.601045
vt 0.273083 0.601292
vt 0.273125 0.601320
vt 0.273142 0.601548
vt 0.273135 0.601635
vt 0.273357 0.600978
vt 0.273192 0.601348
vt 0.273262 0.601052
vt 0.273163 0.601326
vt 0.273186 0.601069
vt 0.298098 0.379981
vt 0.298332 0.379886
vt 0.298075 0.379911
vt 0.298331 0.379838
vt 0.298551 0.379705
vt 0.298597 0.379682
vt 0.297905 0.379815
vt 0.298317 0.379769
vt 0.298017 0.379858
vt 0.298311 0.379747
vt 0.298636 0.379647
vt 0.298529 0.379713
vt 0.210838 0.493327
vt 0.210800 0.493385
vt 0.210935 0.493319
vt 0.210872 0.493348
vt 0.210898 0.493374
vt 0.210846 0.493423
vt 0.210931 0.493343
vt 0.211022 0.493265
vt 0.210954 0.493339
vt 0.210983 0.493293
vt 0.211013 0.493255
vt 0.210937 0.493294
vt 0.210882 0.493470
vt 0.210942 0.493436
vt 0.210922 0.493401
vt 0.210979 0.493339
vt 0.229940 0.612129
vt 0.229800 0.611923
vt 0.230002 0.612365
vt 0.229912 0.612176
vt 0.229669 0.611997
vt 0.229851 0.612245
vt 0.229745 0.611978
vt 0.229867 0.612230
vt 0.230024 0.612408
vt 0.230065 0.612504
vt 0.229882 0.612197
vt 0.229974 0.612329
vt 0.217925 0.469607
vt 0.217893 0.469546
vt 0.217943 0.469518
vt 0.217883 0.469695
vt 0.217889 0.469626
vt 0.217837 0.469566
vt 0.217865 0.469679
vt 0.217854 0.469636
vt 0.217887 0.469797
vt 0.217856 0.469702
vt 0.217882 0.469749
vt 0.217900 0.469794
vt 0.217904 0.469708
vt 0.217778 0.469574
vt 0.217778 0.469643
vt 0.217818 0.469643
vt 0.217844 0.469723
vt 0.106709 0.426999
vt 0.106978 0.427028
vt 0.106735 0.427047
vt 0.106453 0.426981
vt 0.106502 0.426984
vt 0.106979 0.426878
vt 0.106676 0.426913
vt 0.106958 0.426953
vt 0.106682 0.426934
vt 0.106351 0.426968
vt 0.261915 0.648198
vt 0.261713 0.648165
vt 0.261964 0.648310
vt 0.261765 0.648325
vt 0.261596 0.648201
vt 0.261772 0.648449
vt 0.261640 0.648382
vt 0.261807 0.649070
vt 0.261695 0.648611
vt 0.261993 0.648501
vt 0.261380 0.648648
vt 0.261553 0.648502
vt 0.261659 0.648463
vt 0.261477 0.648224
vt 0.261312 0.648345
vt 0.261503 0.648389
vt 0.261319 0.648466
vt 0.344326 0.366200
vt 0.344400 0.366391
vt 0.344397 0.366100
vt 0.344510 0.366268
vt 0.344488 0.366476
vt 0.344613 0.366200
vt 0.344622 0.366347
vt 0.345139 0.365849
vt 0.344789 0.366185
vt 0.344548 0.365978
vt 0.344989 0.366433
vt 0.344768 0.366361
vt 0.344681 0.366290
vt 0.344567 0.366568
vt 0.344756 0.366648
vt 0.344696 0.366462
vt 0.344860 0.366580
vt 0.221387 0.483619
vt 0.221413 0.483529
vt 0.221321 0.483639
vt 0.221356 0.483562
vt 0.221369 0.483478
vt 0.221299 0.483545
vt 0.221326 0.483519
vt 0.221190 0.483584
vt 0.221254 0.483651
vt 0.221205 0.483518
vt 0.221255 0.483587
vt 0.221308 0.483582
vt 0.221319 0.483432
vt 0.221228 0.483454
vt 0.221284 0.483487
vt 0.221262 0.483534
vt 0.060196 0.436901
vt 0.060324 0.436744
vt 0.060077 0.436889
vt 0.060164 0.436710
vt 0.060351 0.436627
vt 0.060057 0.436656
vt 0.060178 0.436577
vt 0.059506 0.436381
vt 0.059959 0.436512
vt 0.059900 0.436821
vt 0.060078 0.436223
vt 0.060120 0.436445
vt 0.060101 0.436554
vt 0.060391 0.436514
vt 0.060371 0.436314
vt 0.060240 0.436457
vt 0.060265 0.436261
vt 0.324893 0.420102
vt 0.324938 0.420192
vt 0.324854 0.420212
vt 0.325027 0.420127
vt 0.324993 0.420195
vt 0.324917 0.420265
vt 0.324830 0.420308
vt 0.324962 0.420249
vt 0.325021 0.420243
vt 0.325068 0.420160
vt 0.325038 0.420327
vt 0.324968 0.420298
vt 0.324814 0.420400
vt 0.324887 0.420448
vt 0.326117 0.419895
vt 0.324902 0.420346
vt 0.324962 0.420393
vt 0.238120 0.488235
vt 0.238051 0.488252
vt 0.238158 0.488271
vt 0.238094 0.488279
vt 0.238033 0.488301
vt 0.238171 0.488377
vt 0.238191 0.488310
vt 0.236144 0.487729
vt 0.238122 0.488393
vt 0.238146 0.488333
vt 0.238022 0.488351
vt 0.238071 0.488402
vt 0.238073 0.488351
vt 0.273617 0.595117
vt 0.273608 0.595214
vt 0.273561 0.595053
vt 0.273637 0.595036
vt 0.273664 0.595148
vt 0.273667 0.595078
vt 0.273712 0.594852
vt 0.273627 0.594852
vt 0.274714 0.595810
vt 0.273746 0.594952
vt 0.273669 0.594952
vt 0.273593 0.594949
vt 0.273699 0.595037
vt 0.273714 0.595122
vt 0.273776 0.595061
vt 0.273711 0.595223
vt 0.208706 0.495397
vt 0.208636 0.495414
vt 0.208744 0.495432
vt 0.208680 0.495441
vt 0.208619 0.495463
vt 0.208690 0.495484
vt 0.208664 0.495476
vt 0.208757 0.495541
vt 0.208778 0.495472
vt 0.208708 0.495556
vt 0.208732 0.495496
vt 0.208697 0.495510
vt 0.208710 0.495465
vt 0.208608 0.495513
vt 0.208657 0.495564
vt 0.210283 0.493976
vt 0.208659 0.495514
vt 0.098768 0.472339
vt 0.098704 0.472282
vt 0.098852 0.472321
vt 0.098832 0.472393
vt 0.098734 0.472357
vt 0.098669 0.472314
vt 0.098787 0.472391
vt 0.098969 0.472532
vt 0.098999 0.472483
vt 0.097359 0.472981
vt 0.098861 0.472504
vt 0.098889 0.472452
vt 0.098922 0.472402
vt 0.098999 0.472482
vt 0.098635 0.472462
vt 0.098731 0.472397
vt 0.098753 0.472482
vt 0.098650 0.472358
vt 0.098810 0.472429
vt 0.226606 0.606868
vt 0.226626 0.606786
vt 0.226659 0.606950
vt 0.226579 0.606917
vt 0.226550 0.606805
vt 0.226550 0.606708
vt 0.226544 0.606856
vt 0.226522 0.606917
vt 0.226572 0.607006
vt 0.226439 0.606891
vt 0.226497 0.606835
vt 0.226475 0.606637
vt 0.226399 0.606676
vt 0.225988 0.608001
vt 0.226483 0.606745
vt 0.226415 0.606780
vt 0.292186 0.382599
vt 0.292276 0.382561
vt 0.292162 0.382680
vt 0.292104 0.382621
vt 0.292188 0.382544
vt 0.292259 0.382513
vt 0.292126 0.382575
vt 0.291908 0.382649
vt 0.291950 0.382722
vt 0.292239 0.381347
vt 0.291979 0.382573
vt 0.292015 0.382636
vt 0.292054 0.382704
vt 0.292074 0.382569
vt 0.292140 0.382516
vt 0.292059 0.382497
vt 0.217199 0.466746
vt 0.217219 0.466678
vt 0.217150 0.466762
vt 0.217174 0.466702
vt 0.217185 0.466639
vt 0.217132 0.466690
vt 0.217152 0.466671
vt 0.217050 0.466719
vt 0.217099 0.466771
vt 0.217062 0.466669
vt 0.217101 0.466720
vt 0.217106 0.466682
vt 0.217139 0.466716
vt 0.217147 0.466604
vt 0.217079 0.466621
vt 0.217663 0.468812
vt 0.217122 0.466648
vt 0.112475 0.426903
vt 0.112535 0.426822
vt 0.112596 0.426881
vt 0.112429 0.426776
vt 0.112507 0.426774
vt 0.112617 0.426806
vt 0.112701 0.426854
vt 0.112576 0.426775
vt 0.112535 0.426726
vt 0.112434 0.426724
vt 0.112598 0.426667
vt 0.112618 0.426745
vt 0.112799 0.426824
vt 0.112803 0.426740
vt 0.111877 0.425730
vt 0.112702 0.426778
vt 0.112705 0.426702
vt 0.084253 0.399045
vt 0.084279 0.399035
vt 0.084251 0.399067
vt 0.084283 0.399002
vt 0.084308 0.399005
vt 0.084280 0.399055
vt 0.084303 0.399028
vt 0.084372 0.398912
vt 0.084348 0.398904
vt 0.084378 0.398865
vt 0.084358 0.398968
vt 0.084338 0.398963
vt 0.084315 0.398953
vt 0.084325 0.399013
vt 0.084290 0.399074
vt 0.084300 0.399049
vt 0.084337 0.399033
vt 0.084254 0.399080
vt 0.149223 0.343158
vt 0.149187 0.343151
vt 0.149292 0.343151
vt 0.149244 0.343168
vt 0.149182 0.343175
vt 0.149133 0.343174
vt 0.149205 0.343178
vt 0.149262 0.343190
vt 0.149227 0.343184
vt 0.149285 0.343169
vt 0.149196 0.343203
vt 0.149184 0.343191
vt 0.149082 0.343198
vt 0.149086 0.343221
vt 0.149039 0.343221
vt 0.149137 0.343195
vt 0.149140 0.343212
vt 0.082600 0.398453
vt 0.082605 0.398418
vt 0.082612 0.398511
vt 0.082596 0.398475
vt 0.410734 0.615094
vt 0.410720 0.614997
vt 0.410832 0.614831
vt 0.410629 0.615186
vt 0.410648 0.615076
vt 0.410557 0.615145
vt 0.410432 0.615313
vt 0.410567 0.615007
vt 0.410670 0.614969
vt 0.410559 0.615236
vt 0.410923 0.614577
vt 0.410855 0.614535
vt 0.410787 0.614784
vt 0.410714 0.614764
vt 0.149096 0.341244
vt 0.149146 0.341265
vt 0.410728 0.326713
vt 0.410718 0.326811
vt 0.410614 0.326620
vt 0.410485 0.326468
vt 0.410544 0.326583
vt 0.410642 0.326733
vt 0.410861 0.327284
vt 0.410927 0.327242
vt 0.410988 0.327469
vt 0.410716 0.327051
vt 0.410788 0.327029
vt 0.410833 0.326982
vt 0.410669 0.326840
vt 0.410546 0.326667
vt 0.410563 0.326804
vt 0.410446 0.326465
vt 0.073013 0.388496
vt 0.073039 0.388483
vt 0.073008 0.388516
vt 0.073044 0.388447
vt 0.073070 0.388444
vt 0.073039 0.388505
vt 0.073064 0.388470
vt 0.073140 0.388329
vt 0.073113 0.388324
vt 0.073146 0.388271
vt 0.359485 0.613869
vt 0.359420 0.613883
vt 0.359450 0.613649
vt 0.073101 0.388392
vt 0.073078 0.388386
vt 0.359463 0.614060
vt 0.359410 0.614079
vt 0.359507 0.614212
vt 0.359522 0.614090
vt 0.359561 0.614390
vt 0.359494 0.614289
vt 0.359457 0.614153
vt 0.139385 0.331416
vt 0.139350 0.331414
vt 0.139430 0.331391
vt 0.139407 0.331419
vt 0.139347 0.331440
vt 0.139292 0.331439
vt 0.139372 0.331439
vt 0.359561 0.326121
vt 0.359501 0.326180
vt 0.359563 0.326056
vt 0.359510 0.326293
vt 0.359451 0.326314
vt 0.359493 0.326108
vt 0.359561 0.326021
vt 0.359451 0.326228
vt 0.139232 0.331465
vt 0.139236 0.331493
vt 0.139181 0.331489
vt 0.139297 0.331464
vt 0.359410 0.326480
vt 0.359473 0.326493
vt 0.359438 0.326687
vt 0.139351 0.331457
vt 0.071312 0.388011
vt 0.071317 0.387973
vt 0.365421 0.614692
vt 0.365513 0.614562
vt 0.365579 0.614519
vt 0.365686 0.614414
vt 0.365671 0.614311
vt 0.365775 0.614125
vt 0.365602 0.614398
vt 0.365513 0.614474
vt 0.365407 0.614658
vt 0.365525 0.614331
vt 0.365625 0.614282
vt 0.365856 0.613843
vt 0.365791 0.613801
vt 0.365730 0.614075
vt 0.365662 0.614058
vt 0.365855 0.326256
vt 0.365862 0.326410
vt 0.365776 0.326203
vt 0.365937 0.326504
vt 0.365920 0.326587
vt 0.365806 0.326358
vt 0.365867 0.326511
vt 0.366024 0.327010
vt 0.366086 0.326976
vt 0.366131 0.327186
vt 0.365907 0.326795
vt 0.365971 0.326780
vt 0.366013 0.326741
vt 0.365876 0.326607
vt 0.365790 0.326437
vt 0.365788 0.326565
vt 0.365729 0.326187
vt 0.114950 0.372774
vt 0.118440 0.369755
vt 0.114937 0.372758
vt 0.118427 0.369738
vt 0.013939 0.478691
vt 0.014304 0.463469
vt 0.014007 0.478693
vt 0.111671 0.375870
vt 0.111658 0.375854
vt 0.014236 0.463465
vt 0.015112 0.448636
vt 0.123074 0.375632
vt 0.126793 0.372703
vt 0.123088 0.375649
vt 0.126807 0.372720
vt 0.123102 0.375666
vt 0.126835 0.372758
vt 0.123118 0.375686
vt 0.130619 0.369961
vt 0.130633 0.369978
vt 0.126820 0.372738
vt 0.130660 0.370017
vt 0.125792 0.364246
vt 0.122073 0.366916
vt 0.125779 0.364230
vt 0.122060 0.366900
vt 0.125767 0.364213
vt 0.015431 0.509201
vt 0.122047 0.366884
vt 0.014400 0.493990
vt 0.119496 0.378717
vt 0.116133 0.381874
vt 0.119510 0.378735
vt 0.116147 0.381891
vt 0.119525 0.378752
vt 0.116162 0.381908
vt 0.116179 0.381925
vt 0.119541 0.378770
vt 0.113034 0.385030
vt 0.110171 0.388220
vt 0.113048 0.385048
vt 0.110185 0.388238
vt 0.113063 0.385064
vt 0.110201 0.388254
vt 0.110221 0.388269
vt 0.113082 0.385080
vt 0.108653 0.378965
vt 0.108640 0.378949
vt 0.015044 0.448629
vt 0.016393 0.434449
vt 0.105866 0.382090
vt 0.105853 0.382073
vt 0.016325 0.434438
vt 0.018153 0.420758
vt 0.103254 0.385309
vt 0.103241 0.385292
vt 0.018086 0.420743
vt 0.020429 0.407288
vt 0.100751 0.388708
vt 0.100741 0.388687
vt 0.020364 0.407269
vt 0.023286 0.393722
vt 0.107373 0.391690
vt 0.103971 0.396419
vt 0.107387 0.391708
vt 0.103981 0.396441
vt 0.107403 0.391724
vt 0.103995 0.396458
vt 0.104015 0.396472
vt 0.107423 0.391738
vt 0.096037 0.395973
vt 0.095120 0.403068
vt 0.096016 0.395972
vt 0.095092 0.403108
vt 0.095995 0.395975
vt 0.095065 0.403134
vt 0.098307 0.392349
vt 0.098303 0.392318
vt 0.023224 0.393689
vt 0.026776 0.379813
vt 0.026721 0.379751
vt 0.030707 0.365670
vt 0.099525 0.402986
vt 0.099528 0.403016
vt 0.099536 0.403039
vt 0.099554 0.403054
vt 0.134823 0.367282
vt 0.134837 0.367299
vt 0.130646 0.369996
vt 0.134862 0.367338
vt 0.140814 0.364018
vt 0.140834 0.364032
vt 0.134850 0.367316
vt 0.140861 0.364069
vt 0.133673 0.359285
vt 0.129614 0.361726
vt 0.133655 0.359272
vt 0.129601 0.361711
vt 0.133640 0.359257
vt 0.019415 0.539945
vt 0.129589 0.361694
vt 0.017072 0.524365
vt 0.150692 0.354439
vt 0.150735 0.354415
vt 0.150763 0.354391
vt 0.142420 0.354713
vt 0.142419 0.354693
vt 0.142419 0.354672
vt 0.142425 0.354650
vt 0.149446 0.359687
vt 0.149477 0.359694
vt 0.140849 0.364048
vt 0.149499 0.359705
vt 0.149513 0.359724
vt 0.138074 0.356881
vt 0.138044 0.356874
vt 0.026525 0.573106
vt 0.138023 0.356862
vt 0.022588 0.556313
vt 0.020264 0.478611
vt 0.020538 0.463473
vt 0.020368 0.478609
vt 0.020642 0.463470
vt 0.020473 0.478606
vt 0.020747 0.463466
vt 0.021344 0.448712
vt 0.021448 0.448708
vt 0.021553 0.448703
vt 0.040467 0.493626
vt 0.040034 0.478079
vt 0.040363 0.493629
vt 0.039930 0.478081
vt 0.040258 0.493630
vt 0.039826 0.478084
vt 0.041570 0.509087
vt 0.041466 0.509089
vt 0.041361 0.509089
vt 0.020663 0.493804
vt 0.021698 0.508919
vt 0.020768 0.493802
vt 0.021803 0.508918
vt 0.020873 0.493801
vt 0.021908 0.508918
vt 0.041046 0.447424
vt 0.040258 0.462567
vt 0.040942 0.447428
vt 0.040155 0.462570
vt 0.040838 0.447434
vt 0.040050 0.462574
vt 0.044047 0.418932
vt 0.042303 0.432928
vt 0.043943 0.418937
vt 0.042199 0.432933
vt 0.043837 0.418945
vt 0.042094 0.432940
vt 0.022617 0.434601
vt 0.022722 0.434597
vt 0.022827 0.434590
vt 0.024374 0.420993
vt 0.024479 0.420988
vt 0.024585 0.420980
vt 0.026653 0.407616
vt 0.026759 0.407608
vt 0.026865 0.407595
vt 0.029516 0.394146
vt 0.029626 0.394126
vt 0.029737 0.394092
vt 0.050556 0.385575
vt 0.046501 0.404454
vt 0.050450 0.385596
vt 0.046397 0.404462
vt 0.050341 0.385631
vt 0.046291 0.404475
vt 0.049798 0.347415
vt 0.036942 0.366537
vt 0.049801 0.347561
vt 0.037035 0.366570
vt 0.049770 0.347759
vt 0.037123 0.366612
vt 0.049751 0.347334
vt 0.033021 0.380331
vt 0.033139 0.380277
vt 0.033264 0.380194
vt 0.056579 0.359322
vt 0.056467 0.359378
vt 0.056350 0.359463
vt 0.043597 0.525411
vt 0.043493 0.525410
vt 0.043388 0.525406
vt 0.047910 0.547651
vt 0.047805 0.547634
vt 0.047697 0.547603
vt 0.023343 0.523984
vt 0.025687 0.539449
vt 0.023448 0.523986
vt 0.025796 0.539466
vt 0.023554 0.523990
vt 0.025905 0.539494
vt 0.150786 0.352801
vt 0.158823 0.352597
vt 0.047490 0.594849
vt 0.047498 0.594706
vt 0.047473 0.594514
vt 0.032599 0.571883
vt 0.032694 0.571853
vt 0.032786 0.571816
vt 0.055114 0.579605
vt 0.055002 0.579549
vt 0.054885 0.579462
vt 0.028850 0.555667
vt 0.028965 0.555716
vt 0.029085 0.555793
vt 0.066111 0.617465
vt 0.063019 0.617419
vt 0.069120 0.617346
vt 0.069112 0.617382
vt 0.159064 0.353493
vt 0.069119 0.328697
vt 0.066102 0.328579
vt 0.069111 0.328660
vt 0.093423 0.409989
vt 0.066104 0.328614
vt 0.092573 0.409748
vt 0.271647 0.435722
vt 0.271601 0.435654
vt 0.271538 0.435604
vt 0.154902 0.464266
vt 0.154947 0.464114
vt 0.154914 0.464187
vt 0.191666 0.360148
vt 0.191705 0.360305
vt 0.191782 0.360623
vt 0.191744 0.360463
vt 0.237878 0.551217
vt 0.237959 0.551209
vt 0.238034 0.551178
vt 0.345139 0.518899
vt 0.344982 0.518853
vt 0.344665 0.518768
vt 0.344825 0.518810
vt 0.129267 0.571701
vt 0.129384 0.571588
vt 0.129617 0.571359
vt 0.129500 0.571475
vt 0.274891 0.451108
vt 0.274866 0.451055
vt 0.274848 0.450997
vt 0.328606 0.413214
vt 0.273114 0.601814
vt 0.249182 0.540298
vt 0.249228 0.540255
vt 0.249277 0.540220
vt 0.328640 0.413203
vt 0.329735 0.514718
vt 0.329635 0.514685
vt 0.329539 0.514651
vt 0.273134 0.601843
vt 0.273144 0.601684
vt 0.273215 0.601353
vt 0.158383 0.479021
vt 0.158378 0.478960
vt 0.158366 0.478900
vt 0.093597 0.468769
vt 0.222959 0.546839
vt 0.223020 0.546847
vt 0.230052 0.612452
vt 0.223081 0.546864
vt 0.230155 0.612611
vt 0.230152 0.612648
vt 0.140176 0.560936
vt 0.140252 0.560862
vt 0.140325 0.560791
vt 0.093563 0.468772
vt 0.298772 0.379607
vt 0.256733 0.431329
vt 0.256673 0.431309
vt 0.256618 0.431283
vt 0.165906 0.453513
vt 0.165950 0.453469
vt 0.165987 0.453421
vt 0.106218 0.426993
vt 0.106405 0.426983
vt 0.106186 0.426971
vt 0.195168 0.374949
vt 0.195190 0.375052
vt 0.195210 0.375152
vt 0.298788 0.379575
vt 0.277091 0.453388
vt 0.277072 0.453332
vt 0.277045 0.453282
vt 0.279077 0.457069
vt 0.251947 0.539320
vt 0.251996 0.539287
vt 0.252043 0.539247
vt 0.255352 0.537127
vt 0.325749 0.513212
vt 0.325655 0.513178
vt 0.325560 0.513145
vt 0.319909 0.511936
vt 0.157928 0.485795
vt 0.157835 0.481886
vt 0.157824 0.481826
vt 0.157820 0.481767
vt 0.220057 0.547254
vt 0.220117 0.547269
vt 0.220176 0.547275
vt 0.216050 0.546893
vt 0.143017 0.558235
vt 0.143090 0.558165
vt 0.143164 0.558095
vt 0.147107 0.554426
vt 0.254430 0.429316
vt 0.254378 0.429289
vt 0.254320 0.429268
vt 0.250894 0.427458
vt 0.166963 0.450890
vt 0.166997 0.450843
vt 0.167039 0.450799
vt 0.169319 0.447535
vt 0.195952 0.378822
vt 0.195972 0.378920
vt 0.195994 0.379019
vt 0.197205 0.384176
vt 0.236700 0.487853
vt 0.236685 0.487906
vt 0.236670 0.487958
vt 0.236655 0.488011
vt 0.273491 0.597894
vt 0.273428 0.597889
vt 0.273658 0.595226
vt 0.273362 0.597884
vt 0.096693 0.470914
vt 0.096726 0.470865
vt 0.096659 0.470962
vt 0.228124 0.609206
vt 0.226620 0.606984
vt 0.228202 0.609157
vt 0.228068 0.609241
vt 0.228013 0.609277
vt 0.217430 0.468135
vt 0.217483 0.468122
vt 0.217536 0.468109
vt 0.292229 0.382471
vt 0.294933 0.381357
vt 0.294964 0.381412
vt 0.294899 0.381301
vt 0.326404 0.417261
vt 0.324979 0.420108
vt 0.326456 0.417300
vt 0.326514 0.417329
vt 0.328300 0.413829
vt 0.209800 0.494500
vt 0.209724 0.494421
vt 0.209686 0.494381
vt 0.209762 0.494460
vt 0.109930 0.426816
vt 0.109932 0.426880
vt 0.109935 0.426946
vt 0.104919 0.361122
vt 0.108422 0.358098
vt 0.104906 0.361106
vt 0.108409 0.358082
vt 0.459284 0.465435
vt 0.458968 0.480597
vt 0.459216 0.465435
vt 0.101626 0.364223
vt 0.101613 0.364207
vt 0.459035 0.480601
vt 0.458172 0.495397
vt 0.113062 0.364002
vt 0.116802 0.361074
vt 0.113076 0.364019
vt 0.116816 0.361092
vt 0.113090 0.364036
vt 0.116844 0.361130
vt 0.113106 0.364056
vt 0.120656 0.358341
vt 0.120670 0.358359
vt 0.116830 0.361109
vt 0.120696 0.358398
vt 0.115833 0.352564
vt 0.112074 0.355240
vt 0.115820 0.352547
vt 0.458920 0.450242
vt 0.457912 0.435152
vt 0.457979 0.435145
vt 0.112062 0.355224
vt 0.458852 0.450246
vt 0.109469 0.367089
vt 0.106095 0.370247
vt 0.109483 0.367106
vt 0.106108 0.370265
vt 0.109497 0.367123
vt 0.106123 0.370281
vt 0.106141 0.370299
vt 0.109514 0.367142
vt 0.102989 0.373400
vt 0.100117 0.376572
vt 0.103003 0.373418
vt 0.100131 0.376589
vt 0.103018 0.373434
vt 0.100147 0.376605
vt 0.100166 0.376621
vt 0.103036 0.373450
vt 0.098596 0.367325
vt 0.098583 0.367309
vt 0.458240 0.495405
vt 0.456901 0.509558
vt 0.095804 0.370464
vt 0.095791 0.370448
vt 0.456968 0.509569
vt 0.455152 0.523228
vt 0.093202 0.373705
vt 0.093189 0.373688
vt 0.455218 0.523242
vt 0.452891 0.536680
vt 0.090735 0.377131
vt 0.090724 0.377110
vt 0.452956 0.536700
vt 0.450055 0.550234
vt 0.097341 0.380032
vt 0.093970 0.384776
vt 0.097355 0.380050
vt 0.093980 0.384798
vt 0.097370 0.380065
vt 0.093994 0.384815
vt 0.420757 0.539094
vt 0.416811 0.557926
vt 0.423203 0.524741
vt 0.086129 0.384442
vt 0.085170 0.391765
vt 0.086107 0.384442
vt 0.085140 0.391806
vt 0.086085 0.384445
vt 0.085112 0.391833
vt 0.088355 0.380789
vt 0.088351 0.380758
vt 0.450118 0.550268
vt 0.446593 0.564139
vt 0.446648 0.564201
vt 0.442690 0.578283
vt 0.089492 0.391471
vt 0.089496 0.391503
vt 0.089505 0.391526
vt 0.404328 0.614999
vt 0.410893 0.584247
vt 0.124894 0.355683
vt 0.124909 0.355700
vt 0.120683 0.358377
vt 0.124933 0.355740
vt 0.130936 0.352464
vt 0.130955 0.352478
vt 0.124921 0.355718
vt 0.130982 0.352515
vt 0.123813 0.347642
vt 0.119702 0.350051
vt 0.123795 0.347629
vt 0.119689 0.350035
vt 0.123780 0.347613
vt 0.454281 0.404508
vt 0.456449 0.420058
vt 0.456516 0.420047
vt 0.140952 0.342983
vt 0.140995 0.342959
vt 0.141023 0.342936
vt 0.132640 0.343147
vt 0.132640 0.343127
vt 0.132640 0.343106
vt 0.132646 0.343084
vt 0.139629 0.348213
vt 0.139660 0.348220
vt 0.130970 0.352494
vt 0.139682 0.348231
vt 0.139695 0.348250
vt 0.128256 0.345275
vt 0.128226 0.345267
vt 0.447955 0.371442
vt 0.128205 0.345256
vt 0.451362 0.388146
vt 0.452999 0.465519
vt 0.452746 0.480600
vt 0.452895 0.465521
vt 0.452642 0.480603
vt 0.452790 0.465524
vt 0.452537 0.480607
vt 0.451952 0.495325
vt 0.451848 0.495329
vt 0.451744 0.495334
vt 0.432929 0.450507
vt 0.433310 0.466020
vt 0.433033 0.450506
vt 0.433414 0.466018
vt 0.433137 0.450505
vt 0.433518 0.466015
vt 0.431921 0.435077
vt 0.432025 0.435076
vt 0.432130 0.435077
vt 0.452633 0.450409
vt 0.451689 0.435381
vt 0.452529 0.450411
vt 0.451585 0.435382
vt 0.452424 0.450412
vt 0.451480 0.435381
vt 0.432282 0.496615
vt 0.433069 0.481499
vt 0.432386 0.496612
vt 0.433172 0.481496
vt 0.432490 0.496606
vt 0.433277 0.481492
vt 0.429292 0.525067
vt 0.431032 0.511089
vt 0.429396 0.525062
vt 0.431136 0.511085
vt 0.429501 0.525054
vt 0.431241 0.511078
vt 0.450687 0.509410
vt 0.450582 0.509414
vt 0.450477 0.509421
vt 0.448940 0.522998
vt 0.448835 0.523003
vt 0.448729 0.523011
vt 0.446674 0.536360
vt 0.446568 0.536367
vt 0.446462 0.536380
vt 0.443830 0.549819
vt 0.443721 0.549840
vt 0.443609 0.549874
vt 0.422809 0.558415
vt 0.426833 0.539531
vt 0.422915 0.558394
vt 0.426937 0.539524
vt 0.423024 0.558359
vt 0.427042 0.539510
vt 0.423626 0.596568
vt 0.436456 0.577427
vt 0.423623 0.596422
vt 0.436363 0.577394
vt 0.423653 0.596225
vt 0.436274 0.577353
vt 0.083469 0.391676
vt 0.440351 0.563632
vt 0.440232 0.563686
vt 0.440108 0.563769
vt 0.416848 0.584682
vt 0.416960 0.584626
vt 0.417077 0.584540
vt 0.430028 0.418759
vt 0.430132 0.418760
vt 0.430237 0.418766
vt 0.425880 0.396444
vt 0.425986 0.396462
vt 0.426094 0.396493
vt 0.450194 0.420372
vt 0.448020 0.404925
vt 0.450089 0.420369
vt 0.447912 0.404906
vt 0.449983 0.420364
vt 0.447802 0.404877
vt 0.149061 0.341246
vt 0.426178 0.348916
vt 0.426172 0.349060
vt 0.426200 0.349254
vt 0.426226 0.348837
vt 0.441703 0.372013
vt 0.441606 0.372043
vt 0.441512 0.372080
vt 0.418652 0.364302
vt 0.418764 0.364358
vt 0.418883 0.364445
vt 0.445109 0.388640
vt 0.444994 0.388589
vt 0.444874 0.388508
vt 0.407341 0.326480
vt 0.410432 0.326500
vt 0.404332 0.326623
vt 0.149293 0.342139
vt 0.404378 0.615251
vt 0.083392 0.398834
vt 0.407385 0.615330
vt 0.082615 0.398502
vt 0.092998 0.347216
vt 0.096524 0.344224
vt 0.092985 0.347200
vt 0.096511 0.344208
vt 0.408183 0.459645
vt 0.408104 0.474100
vt 0.408118 0.459645
vt 0.089714 0.350325
vt 0.089701 0.350308
vt 0.408168 0.474102
vt 0.407679 0.488219
vt 0.101033 0.350125
vt 0.376709 0.445703
vt 0.377269 0.460644
vt 0.377198 0.460644
vt 0.376780 0.445698
vt 0.377338 0.460643
vt 0.104752 0.347332
vt 0.375718 0.430864
vt 0.375787 0.430852
vt 0.376849 0.445693
vt 0.104065 0.338882
vt 0.100226 0.341439
vt 0.104053 0.338865
vt 0.407729 0.445164
vt 0.406783 0.430768
vt 0.406847 0.430762
vt 0.100214 0.341422
vt 0.407664 0.445167
vt 0.097495 0.353131
vt 0.094200 0.356252
vt 0.376832 0.490141
vt 0.377297 0.475569
vt 0.376902 0.490151
vt 0.377366 0.475572
vt 0.376971 0.490157
vt 0.377226 0.475564
vt 0.091196 0.359404
vt 0.088457 0.362610
vt 0.374822 0.517695
vt 0.376116 0.504144
vt 0.374891 0.517717
vt 0.376186 0.504154
vt 0.374960 0.517731
vt 0.376047 0.504128
vt 0.086724 0.353467
vt 0.086711 0.353450
vt 0.407744 0.488223
vt 0.406907 0.501748
vt 0.084002 0.356667
vt 0.083989 0.356651
vt 0.406971 0.501755
vt 0.405800 0.514845
vt 0.081502 0.359983
vt 0.081488 0.359966
vt 0.405864 0.514856
vt 0.404363 0.527804
vt 0.079167 0.363486
vt 0.079156 0.363466
vt 0.404426 0.527819
vt 0.402589 0.540982
vt 0.085816 0.366168
vt 0.082597 0.371355
vt 0.369821 0.551674
vt 0.373035 0.532008
vt 0.369882 0.551730
vt 0.373102 0.532029
vt 0.369947 0.551768
vt 0.372968 0.531976
vt 0.074865 0.370945
vt 0.073978 0.379667
vt 0.074846 0.370946
vt 0.073948 0.379716
vt 0.074826 0.370952
vt 0.073920 0.379749
vt 0.076947 0.367216
vt 0.076944 0.367185
vt 0.402650 0.541011
vt 0.400452 0.554672
vt 0.400506 0.554729
vt 0.398084 0.568684
vt 0.078202 0.379159
vt 0.364936 0.580493
vt 0.364996 0.580561
vt 0.364883 0.580391
vt 0.108607 0.344768
vt 0.374011 0.415181
vt 0.374078 0.415159
vt 0.375856 0.430843
vt 0.112873 0.342330
vt 0.370624 0.393688
vt 0.370685 0.393642
vt 0.374146 0.415144
vt 0.112265 0.334370
vt 0.108038 0.336545
vt 0.112247 0.334356
vt 0.405573 0.416365
vt 0.403780 0.401498
vt 0.403842 0.401473
vt 0.108025 0.336529
vt 0.405508 0.416376
vt 0.130362 0.330896
vt 0.130409 0.330874
vt 0.130441 0.330850
vt 0.121459 0.330350
vt 0.121460 0.330329
vt 0.121466 0.330308
vt 0.121474 0.330285
vt 0.119055 0.339492
vt 0.365158 0.362717
vt 0.365209 0.362627
vt 0.370749 0.393611
vt 0.365267 0.362568
vt 0.128314 0.335769
vt 0.116832 0.332299
vt 0.401520 0.385643
vt 0.398528 0.369261
vt 0.398598 0.369273
vt 0.116803 0.332290
vt 0.401462 0.385698
vt 0.402182 0.459793
vt 0.402165 0.474219
vt 0.402083 0.459796
vt 0.402066 0.474224
vt 0.401983 0.459800
vt 0.401966 0.474229
vt 0.401742 0.488317
vt 0.401642 0.488323
vt 0.401542 0.488331
vt 0.382757 0.445489
vt 0.383252 0.460494
vt 0.382857 0.445487
vt 0.383352 0.460491
vt 0.382958 0.445486
vt 0.383453 0.460487
vt 0.381763 0.430559
vt 0.381863 0.430558
vt 0.381964 0.430559
vt 0.401723 0.445341
vt 0.400831 0.430959
vt 0.401623 0.445343
vt 0.400731 0.430959
vt 0.401523 0.445344
vt 0.400631 0.430958
vt 0.382883 0.490102
vt 0.383277 0.475468
vt 0.382984 0.490096
vt 0.383377 0.475463
vt 0.383085 0.490088
vt 0.383478 0.475457
vt 0.380925 0.517831
vt 0.382114 0.504159
vt 0.381027 0.517822
vt 0.382215 0.504152
vt 0.381129 0.517809
vt 0.382317 0.504141
vt 0.400969 0.501830
vt 0.400869 0.501838
vt 0.400768 0.501849
vt 0.399848 0.514919
vt 0.399747 0.514928
vt 0.399646 0.514941
vt 0.398378 0.527877
vt 0.398277 0.527891
vt 0.398174 0.527910
vt 0.396556 0.541059
vt 0.396450 0.541089
vt 0.396343 0.541133
vt 0.375897 0.552157
vt 0.379108 0.532275
vt 0.376001 0.552129
vt 0.379210 0.532264
vt 0.376106 0.552084
vt 0.379314 0.532245
vt 0.392037 0.568763
vt 0.378721 0.592063
vt 0.391942 0.568752
vt 0.378706 0.591916
vt 0.391839 0.568728
vt 0.378722 0.591710
vt 0.391741 0.568694
vt 0.072228 0.379777
vt 0.394367 0.554761
vt 0.394252 0.554826
vt 0.394134 0.554922
vt 0.370884 0.580971
vt 0.370991 0.580906
vt 0.371102 0.580805
vt 0.380047 0.414760
vt 0.380147 0.414763
vt 0.380249 0.414770
vt 0.376535 0.393172
vt 0.376636 0.393192
vt 0.376739 0.393225
vt 0.399533 0.416585
vt 0.397763 0.401745
vt 0.399433 0.416582
vt 0.397660 0.401725
vt 0.399332 0.416575
vt 0.397556 0.401693
vt 0.379323 0.347586
vt 0.379311 0.347720
vt 0.379327 0.347901
vt 0.392612 0.370149
vt 0.392519 0.370174
vt 0.392429 0.370204
vt 0.370941 0.362227
vt 0.371044 0.362285
vt 0.371151 0.362373
vt 0.395418 0.386022
vt 0.395309 0.385970
vt 0.395198 0.385890
vt 0.362428 0.325836
vt 0.365701 0.326225
vt 0.139167 0.329663
vt 0.139305 0.330536
vt 0.359567 0.614357
vt 0.072176 0.388309
vt 0.362416 0.614689
vt 0.071328 0.388067
vt 0.093678 0.468834
vt 0.106320 0.426982
vt 0.230094 0.612526
vt 0.273131 0.601717
vt 0.298674 0.379643
vt 0.069125 0.617273
vt 0.404328 0.326695
vt 0.423674 0.596648
vt 0.130602 0.329186
vt 0.094424 0.410118
vt 0.159059 0.354500
vt 0.094014 0.469024
vt 0.093792 0.468908
vt 0.273137 0.601569
vt 0.238124 0.488303
vt 0.238078 0.488314
vt 0.238111 0.488348
vt 0.112438 0.426827
vt 0.084268 0.399081
vt 0.149279 0.343139
vt 0.139419 0.331389
vt 0.118414 0.369723
vt 0.030633 0.365681
vt 0.062803 0.328629
vt 0.150774 0.352777
vt 0.442765 0.578272
vt 0.119677 0.350018
vt 0.141053 0.341349
vt 0.398147 0.568664
vt 0.378776 0.592135
s 1
usemtl Holocron_Corners.001
f 1222/1/1 1/2/2 201/3/3
f 1173/4/4 20/5/5 106/6/6
f 89/7/2 226/8/7 3/9/2
f 215/10/8 114/11/9 1183/12/10
f 4/13/2 1187/14/11 205/15/12
f 200/16/13 106/6/6 16/17/14
f 211/18/15 102/19/16 14/20/17
f 225/21/18 109/22/19 1178/23/20
f 3/9/2 1162/24/21 221/25/22
f 1177/26/23 4/13/2 88/27/2
f 1183/12/10 22/28/24 230/29/25
f 1193/30/26 19/31/27 236/32/28
f 1188/33/29 26/34/30 206/35/31
f 230/29/25 108/36/32 1198/37/33
f 1198/37/33 23/38/34 240/39/35
f 1208/40/36 18/41/37 246/42/38
f 90/43/2 235/44/39 1187/14/11
f 240/39/35 115/45/40 1213/46/41
f 1213/46/41 1325/47/42 252/48/43
f 268/49/44 113/50/45 1208/40/36
f 91/51/2 245/52/46 1192/53/47
f 1223/54/48 16/17/14 104/55/49
f 273/56/50 104/55/49 17/57/51
f 279/58/52 110/59/53 13/60/54
f 1/2/2 1167/61/55 89/7/2
f 1238/62/56 17/57/51 112/63/57
f 284/64/58 112/63/57 21/65/59
f 1233/66/60 1322/67/61 110/59/53
f 6/68/2 1217/69/62 93/70/2
f 106/6/6 327/71/63 1252/72/64
f 10/73/65 1268/74/66 97/75/65
f 24/76/67 1262/77/68 114/11/9
f 336/78/69 98/79/65 1278/80/70
f 104/55/49 307/81/71 1302/82/72
f 15/83/73 1247/84/74 332/85/75
f 15/83/73 1257/86/76 109/22/19
f 103/87/77 316/88/78 1247/84/74
f 116/89/79 327/71/63 20/5/5
f 117/90/80 311/91/81 26/34/30
f 19/31/27 1267/92/82 117/90/80
f 22/28/24 1277/93/83 108/36/32
f 1263/94/84 8/95/65 336/78/69
f 105/96/85 341/97/86 19/31/27
f 18/41/37 1272/98/87 105/96/85
f 23/38/34 1292/99/88 115/45/40
f 1278/80/70 11/100/89 346/101/90
f 113/50/45 351/102/91 18/41/37
f 25/103/92 1287/104/93 113/50/45
f 115/45/40 357/105/94 1325/47/42
f 306/106/95 96/107/65 7/108/65
f 14/20/17 1297/109/96 316/88/78
f 102/19/16 383/110/97 1297/109/96
f 112/63/57 379/111/98 1317/112/99
f 100/113/65 378/114/100 1303/115/101
f 13/60/54 1312/116/102 383/110/97
f 110/59/53 395/117/103 1312/116/102
f 21/65/59 1317/112/99 388/118/104
f 1168/119/105 14/20/17 103/87/77
f 1228/120/106 21/65/59 107/121/107
f 107/121/107 388/118/104 1307/122/108
f 7/108/65 1248/123/109 317/124/110
f 226/8/7 88/27/2 3/9/2
f 1178/23/20 24/76/67 215/10/8
f 109/22/19 322/125/111 24/76/67
f 96/107/65 331/126/112 1248/123/109
f 94/127/2 278/128/113 6/68/2
f 201/3/3 89/7/2 1172/129/114
f 16/17/14 1252/72/64 307/81/71
f 384/130/115 101/131/65 12/132/65
f 236/32/28 117/90/80 1188/33/29
f 1203/133/116 1326/134/117 111/135/118
f 111/135/118 356/136/119 1282/137/120
f 97/75/65 342/138/121 8/95/65
f 206/35/31 116/89/79 1163/139/122
f 225/21/18 103/87/77 15/83/73
f 1253/140/123 9/141/65 96/107/65
f 26/34/30 1242/142/124 116/89/79
f 1227/143/125 1232/144/126 94/127/2
f 283/145/127 94/127/2 1237/146/128
f 101/131/65 389/147/129 1318/148/130
f 1313/149/131 1308/150/132 101/131/65
f 5/151/133 1207/152/134 245/52/46
f 1182/153/135 2/154/2 90/43/2
f 114/11/9 337/155/136 22/28/24
f 11/100/89 1288/156/137 99/157/89
f 216/158/138 90/43/2 4/13/2
f 231/159/139 91/51/2 2/154/2
f 95/160/65 331/126/112 9/141/65
f 10/73/65 1258/161/140 95/160/65
f 1218/162/141 13/60/54 102/19/16
f 7/108/65 1303/115/101 306/106/95
f 1355/163/142 1445/164/143 410/165/144
f 1298/166/145 12/132/65 100/113/65
f 92/167/133 269/168/146 1207/152/134
f 1212/169/147 1202/170/148 92/167/133
f 1293/171/149 1283/172/150 358/173/151
f 99/157/89 373/174/152 1283/172/150
f 1228/175/106 1323/176/153 288/177/154
f 274/178/155 93/70/2 1222/1/1
f 17/57/51 1302/82/72 379/111/98
f 107/179/107 393/180/156 1323/176/153
f 246/42/38 105/96/85 1193/30/26
f 1237/146/128 6/68/2 274/178/155
f 12/132/65 1318/148/130 378/114/100
f 98/79/65 352/181/157 11/100/89
f 2/154/2 1192/53/47 235/44/39
f 1163/139/122 20/5/5 220/182/158
f 321/183/159 97/75/65 1263/94/84
f 8/95/65 1273/184/160 98/79/65
f 1203/133/116 25/185/92 268/186/44
f 1197/187/161 5/151/133 91/51/2
f 108/36/32 347/188/162 23/38/34
f 111/189/118 374/190/163 25/103/92
f 1172/129/114 3/9/2 221/25/22
f 88/27/2 205/15/12 1162/24/21
f 312/191/164 95/160/65 1243/192/165
f 1243/192/165 9/141/65 326/193/166
f 93/70/2 210/194/167 1/2/2
f 241/195/168 92/167/133 5/151/133
f 346/101/90 99/157/89 1293/171/149
f 317/124/110 100/113/65 7/108/65
f 456/196/169 130/197/170 34/198/171
f 504/199/172 136/200/173 1391/201/174
f 1481/202/175 1435/203/176 136/200/173
f 710/204/177 131/205/178 1431/206/179
f 480/207/180 127/208/181 1380/209/182
f 435/210/183 137/211/184 1355/163/142
f 138/212/185 672/213/186 1421/214/187
f 1431/206/179 1441/215/188 691/216/189
f 447/217/190 124/218/191 29/219/192
f 425/220/193 135/221/194 1454/222/195
f 1406/223/196 1411/224/197 621/225/198
f 135/221/194 638/226/199 1416/227/200
f 27/228/201 1348/229/202 124/218/191
f 31/230/203 1352/231/204 568/232/205
f 32/233/206 1352/231/204 127/208/181
f 437/234/207 134/235/208 1472/236/209
f 411/237/210 120/238/211 1361/239/212
f 33/240/213 1334/241/214 129/242/215
f 34/198/171 1339/243/216 531/244/217
f 412/245/218 122/246/219 1356/247/220
f 1366/248/221 1450/249/222 134/235/208
f 1347/250/223 1351/251/224 514/252/225
f 30/253/226 1333/254/227 550/255/228
f 456/196/169 128/256/229 1385/257/230
f 447/217/190 123/258/231 1360/259/232
f 27/228/201 1328/260/233 533/261/234
f 34/198/171 1329/262/235 128/256/229
f 1375/263/236 1475/264/237 466/265/238
f 1381/266/239 1455/267/240 119/268/241
f 35/269/242 1339/243/216 130/197/170
f 35/269/242 1334/241/214 570/270/243
f 481/271/244 119/268/241 1459/272/245
f 479/273/246 138/212/185 1375/263/236
f 28/274/247 1343/275/248 549/276/249
f 29/219/192 1343/275/248 123/258/231
f 427/277/250 125/278/251 1371/279/252
f 490/280/253 128/256/229 33/240/213
f 29/219/192 1348/229/202 513/281/254
f 1471/282/255 1401/283/256 137/211/184
f 1391/201/174 1462/284/257 491/285/258
f 1396/286/259 1467/287/260 139/288/261
f 1338/289/262 1347/250/223 532/290/263
f 28/274/247 1328/260/233 122/246/219
f 506/291/264 139/288/261 1480/292/265
f 1386/293/266 1463/294/267 118/295/268
f 30/253/226 1342/296/269 126/297/270
f 31/230/203 1333/254/227 125/278/251
f 464/298/271 135/221/194 1370/299/272
f 32/233/206 1342/296/269 515/300/273
f 569/301/274 121/302/275 1338/289/262
f 33/240/213 1329/262/235 551/303/276
f 136/200/173 709/304/277 1462/284/257
f 1480/292/265 1440/305/278 727/306/279
f 139/288/261 692/307/280 1440/305/278
f 120/238/211 606/308/281 1405/309/282
f 1472/236/209 1410/310/283 587/311/284
f 134/235/208 622/312/285 1410/310/283
f 1455/267/240 1425/313/286 119/268/241
f 1475/264/237 1421/214/187 639/314/287
f 119/268/241 673/315/288 1459/272/245
f 436/316/289 124/218/191 1365/317/290
f 445/318/291 120/238/211 1451/319/292
f 120/238/211 620/320/293 1451/319/292
f 137/211/184 604/321/294 1445/164/143
f 427/277/250 127/208/181 31/230/203
f 465/322/295 125/278/251 30/253/226
f 640/323/296 133/324/297 1415/325/298
f 1415/325/298 1426/326/299 657/327/300
f 490/280/253 129/242/215 1390/328/301
f 505/329/302 129/242/215 35/269/242
f 1441/215/188 1436/330/303 728/331/304
f 118/295/268 708/332/305 1430/333/306
f 412/245/218 123/258/231 28/274/247
f 436/316/289 122/246/219 27/228/201
f 1411/224/197 1400/334/307 588/335/308
f 605/336/309 132/337/310 1406/223/196
f 465/322/295 126/297/270 1376/338/311
f 480/207/180 126/297/270 32/233/206
f 1426/326/299 1420/339/312 674/340/313
f 135/221/194 656/341/314 1454/222/195
f 505/329/302 130/197/170 1395/342/315
f 454/343/316 118/295/268 1468/344/317
f 1468/344/317 1430/333/306 690/345/318
f 1544/346/319 36/347/320 744/348/321
f 1495/349/322 55/350/323 158/351/324
f 141/352/320 769/353/325 38/354/320
f 758/355/326 166/356/327 1505/357/328
f 39/358/320 1509/359/329 748/360/330
f 743/361/331 158/351/324 51/362/332
f 754/363/333 154/364/334 49/365/335
f 768/366/336 161/367/337 1500/368/338
f 38/354/320 1484/369/339 764/370/340
f 1499/371/341 39/358/320 140/372/320
f 1505/357/328 57/373/342 773/374/343
f 1515/375/344 54/376/345 779/377/346
f 1510/378/347 61/379/348 749/380/349
f 773/374/343 160/381/350 1520/382/351
f 1520/382/351 58/383/352 783/384/353
f 1530/385/354 53/386/355 789/387/356
f 142/388/320 778/389/357 1509/359/329
f 783/384/353 167/390/358 1535/391/359
f 1535/391/359 1647/392/360 795/393/361
f 810/394/362 165/395/363 1530/385/354
f 143/396/320 788/397/364 1514/398/365
f 1545/399/366 51/362/332 156/400/367
f 815/401/368 156/400/367 52/402/369
f 821/403/370 162/404/371 48/405/372
f 36/347/320 1489/406/373 141/352/320
f 1560/407/374 52/402/369 164/408/375
f 826/409/376 164/408/375 56/410/377
f 1555/411/378 1644/412/379 162/404/371
f 41/413/320 1539/414/380 145/415/320
f 158/351/324 868/416/381 1574/417/382
f 45/418/383 1590/419/384 149/420/383
f 59/421/385 1584/422/386 166/356/327
f 877/423/387 150/424/383 1600/425/388
f 156/400/367 848/426/389 1624/427/390
f 50/428/391 1569/429/392 873/430/393
f 50/428/391 1579/431/394 161/367/337
f 155/432/395 857/433/396 1569/429/392
f 168/434/397 868/416/381 55/350/323
f 169/435/398 852/436/399 61/379/348
f 54/376/345 1589/437/400 169/435/398
f 57/373/342 1599/438/401 160/381/350
f 1585/439/402 43/440/383 877/423/387
f 157/441/403 882/442/404 54/376/345
f 53/386/355 1594/443/405 157/441/403
f 58/383/352 1614/444/406 167/390/358
f 1600/425/388 46/445/407 887/446/408
f 165/395/363 892/447/409 53/386/355
f 60/448/410 1609/449/411 165/395/363
f 167/390/358 898/450/412 1647/392/360
f 847/451/413 148/452/383 42/453/383
f 49/365/335 1619/454/414 857/433/396
f 154/364/334 924/455/415 1619/454/414
f 164/408/375 920/456/416 1639/457/417
f 152/458/383 919/459/418 1625/460/419
f 48/405/372 1634/461/420 924/455/415
f 162/404/371 936/462/421 1634/461/420
f 56/410/377 1639/457/417 929/463/422
f 1490/464/423 49/365/335 155/432/395
f 1550/465/424 56/466/377 159/467/425
f 159/467/425 929/468/422 1629/469/426
f 42/453/383 1570/470/427 858/471/428
f 769/353/325 140/372/320 38/354/320
f 1500/368/338 59/421/385 758/355/326
f 161/367/337 863/472/429 59/421/385
f 148/452/383 872/473/430 1570/470/427
f 146/474/320 820/475/431 41/413/320
f 744/348/321 141/352/320 1494/476/432
f 51/362/332 1574/417/382 848/426/389
f 925/477/433 153/478/383 47/479/383
f 779/377/346 169/435/398 1510/378/347
f 1525/480/434 1648/481/435 163/482/436
f 163/482/436 897/483/437 1604/484/438
f 149/420/383 883/485/439 43/440/383
f 749/380/349 168/434/397 1485/486/440
f 768/366/336 155/432/395 50/428/391
f 1575/487/441 44/488/383 148/452/383
f 61/379/348 1564/489/442 168/434/397
f 1549/490/443 1554/491/444 146/474/320
f 825/492/445 146/474/320 1559/493/446
f 153/478/383 930/494/447 1640/495/448
f 1635/496/449 1630/497/450 153/478/383
f 40/498/451 1529/499/452 788/397/364
f 1504/500/453 37/501/320 142/388/320
f 166/356/327 878/502/454 57/373/342
f 46/445/407 1610/503/455 151/504/456
f 759/505/457 142/388/320 39/358/320
f 774/506/458 143/396/320 37/501/320
f 147/507/383 872/473/430 44/488/383
f 45/418/383 1580/508/459 147/507/383
f 1540/509/460 48/405/372 154/364/334
f 42/453/383 1625/460/419 847/451/413
f 1710/510/461 62/511/462 952/512/463
f 1620/513/464 47/479/383 152/458/383
f 144/514/465 811/515/466 1529/499/452
f 1534/516/467 1524/517/468 144/514/465
f 1615/518/469 1605/519/470 899/520/471
f 151/504/456 914/521/472 1605/519/470
f 1550/465/424 1645/522/473 830/523/474
f 816/524/475 145/415/320 1544/346/319
f 52/402/369 1624/427/390 920/456/416
f 159/467/425 934/525/476 1645/522/473
f 789/387/356 157/441/403 1515/375/344
f 1559/493/446 41/413/320 816/524/475
f 47/479/383 1640/495/448 919/459/418
f 150/424/383 893/526/477 46/445/407
f 37/501/320 1514/398/365 778/389/357
f 1485/486/440 55/350/323 763/527/478
f 862/528/479 149/420/383 1585/439/402
f 43/440/383 1595/529/480 150/424/383
f 1525/480/434 60/530/410 810/531/362
f 1519/532/481 40/498/451 143/396/320
f 160/381/350 888/533/482 58/383/352
f 163/534/436 915/535/483 60/448/410
f 1494/476/432 38/354/320 764/370/340
f 140/372/320 748/360/330 1484/369/339
f 853/536/484 147/507/383 1565/537/485
f 1565/537/485 44/488/383 867/538/486
f 145/415/320 753/539/487 36/347/320
f 784/540/488 144/514/465 40/498/451
f 887/446/408 151/504/456 1615/518/469
f 858/471/428 152/458/383 42/453/383
f 1661/541/489 81/542/490 188/543/491
f 171/544/462 977/545/492 64/546/462
f 966/547/493 196/548/494 1671/549/495
f 65/550/462 1675/551/496 956/552/497
f 951/553/498 188/543/491 77/554/499
f 962/555/500 184/556/501 75/557/502
f 976/558/503 191/559/504 1666/560/505
f 64/546/462 1650/561/506 972/562/507
f 1665/563/508 65/550/462 170/564/462
f 1671/549/495 83/565/509 981/566/510
f 1681/567/511 80/568/512 987/569/513
f 1676/570/514 87/571/515 957/572/516
f 981/566/510 190/573/517 1686/574/518
f 1686/574/518 84/575/519 991/576/520
f 1696/577/521 79/578/522 997/579/523
f 172/580/462 986/581/524 1675/551/496
f 991/576/520 197/582/525 1701/583/526
f 1701/583/526 1813/584/527 1003/585/528
f 1018/586/529 195/587/530 1696/577/521
f 173/588/531 996/589/532 1680/590/533
f 1711/591/534 77/554/499 186/592/535
f 1023/593/536 186/592/535 78/594/537
f 1029/595/538 192/596/539 74/597/540
f 62/511/462 1655/598/541 171/544/462
f 1726/599/542 78/594/537 194/600/543
f 1034/601/544 194/600/543 82/602/545
f 1721/603/546 1810/604/547 192/596/539
f 67/605/462 1705/606/548 175/607/462
f 188/543/491 1077/608/549 1740/609/550
f 71/610/551 1756/611/552 179/612/551
f 85/613/553 1750/614/554 196/548/494
f 1086/615/555 180/616/556 1766/617/557
f 186/592/535 1057/618/558 1790/619/559
f 76/620/560 1735/621/561 1082/622/562
f 76/620/560 1745/623/563 191/559/504
f 185/624/564 1066/625/565 1735/621/561
f 198/626/566 1077/608/549 81/542/490
f 199/627/567 1061/628/568 87/571/515
f 80/568/512 1755/629/569 199/627/567
f 83/565/509 1765/630/570 190/573/517
f 1751/631/571 69/632/572 1086/615/555
f 187/633/573 1091/634/574 80/568/512
f 79/578/522 1760/635/575 187/633/573
f 84/575/519 1780/636/576 197/582/525
f 1766/617/557 72/637/577 1096/638/578
f 195/587/530 1101/639/579 79/578/522
f 86/640/580 1775/641/581 195/587/530
f 197/582/525 1107/642/582 1813/584/527
f 1056/643/583 178/644/551 68/645/551
f 75/557/502 1785/646/584 1066/625/565
f 184/556/501 1133/647/585 1785/646/584
f 194/600/543 1129/648/586 1805/649/587
f 182/650/551 1128/651/588 1791/652/589
f 74/597/540 1800/653/590 1133/647/585
f 192/596/539 1145/654/591 1800/653/590
f 82/602/545 1805/649/587 1138/655/592
f 1656/656/593 75/557/502 185/624/564
f 1716/657/594 82/602/545 189/658/595
f 189/658/595 1138/655/592 1795/659/596
f 68/645/551 1736/660/597 1067/661/598
f 977/545/492 170/564/462 64/546/462
f 1666/560/505 85/613/553 966/547/493
f 191/559/504 1072/662/599 85/613/553
f 178/644/551 1081/663/600 1736/660/597
f 176/664/462 1028/665/601 67/605/462
f 952/512/463 171/544/462 1660/666/602
f 77/554/499 1740/609/550 1057/618/558
f 1134/667/603 183/668/551 73/669/551
f 987/569/513 199/627/567 1676/570/514
f 1691/670/604 1814/671/605 193/672/606
f 193/672/606 1106/673/607 1770/674/608
f 179/612/551 1092/675/609 69/632/572
f 957/572/516 198/626/566 1651/676/610
f 976/558/503 185/624/564 76/620/560
f 1741/677/611 70/678/551 178/644/551
f 87/571/515 1730/679/612 198/626/566
f 1715/680/613 1720/681/614 176/664/462
f 1033/682/615 176/664/462 1725/683/616
f 183/668/551 1139/684/617 1806/685/618
f 1801/686/619 1796/687/620 183/668/551
f 66/688/621 1695/689/622 996/589/532
f 1670/690/623 63/691/624 172/580/462
f 196/548/494 1087/692/625 83/565/509
f 72/637/577 1776/693/626 181/694/627
f 967/695/628 172/580/462 65/550/462
f 982/696/629 173/588/531 63/691/624
f 177/697/551 1081/663/600 70/678/551
f 71/610/551 1746/698/630 177/697/551
f 1706/699/631 74/597/540 184/556/501
f 68/645/551 1791/652/589 1056/643/583
f 1786/700/632 73/669/551 182/650/551
f 174/701/633 1019/702/634 1695/689/622
f 1700/703/635 1690/704/636 174/701/633
f 1781/705/637 1771/706/638 1108/707/639
f 181/694/627 1123/708/640 1771/706/638
f 1716/709/594 1811/710/641 1038/711/642
f 1024/712/643 175/607/462 1710/510/461
f 78/594/537 1790/619/559 1129/648/586
f 189/713/595 1143/714/644 1811/710/641
f 997/579/523 187/633/573 1681/567/511
f 1725/683/616 67/605/462 1024/712/643
f 73/669/551 1806/685/618 1128/651/588
f 180/616/556 1102/715/645 72/637/577
f 63/691/624 1680/590/533 986/581/524
f 1651/676/610 81/542/490 971/716/646
f 1071/717/647 179/612/551 1751/631/571
f 69/632/572 1761/718/648 180/616/556
f 1691/670/604 86/719/580 1018/720/529
f 1685/721/649 66/688/621 173/588/531
f 190/573/517 1097/722/650 84/575/519
f 193/672/606 1124/723/651 86/719/580
f 1660/666/602 64/546/462 972/562/507
f 170/564/462 956/552/497 1650/561/506
f 1062/724/652 177/697/551 1731/725/653
f 1731/725/653 70/678/551 1076/726/654
f 175/607/462 961/727/655 62/511/462
f 992/728/656 174/701/633 66/688/621
f 1096/638/578 181/694/627 1781/705/637
f 1067/661/598 182/650/551 68/645/551
f 250/729/657 256/730/658 255/731/659
f 253/732/660 257/733/661 256/730/658
f 255/731/659 256/730/658 267/734/662
f 256/730/658 258/735/663 267/734/662
f 259/736/664 261/737/665 251/738/666
f 260/739/667 262/740/668 259/736/664
f 262/740/668 254/741/669 261/737/665
f 263/742/670 257/733/661 262/740/668
f 252/743/43 266/744/671 265/745/672
f 264/746/673 267/734/674 266/744/671
f 265/745/672 263/742/675 260/739/676
f 266/744/671 258/735/677 263/742/675
f 288/177/154 293/747/678 292/748/679
f 291/749/680 294/750/681 293/747/678
f 292/748/679 305/751/682 302/752/683
f 293/747/678 295/753/684 305/751/682
f 289/754/685 299/755/686 298/756/687
f 296/757/688 300/758/689 299/755/686
f 298/756/690 294/750/691 291/749/692
f 299/755/686 295/753/693 294/750/691
f 301/759/694 303/760/695 290/761/696
f 302/752/683 304/762/697 301/759/694
f 304/762/697 297/763/698 303/760/695
f 305/751/682 300/758/699 304/762/697
f 356/136/119 361/764/700 360/765/701
f 359/766/702 362/767/703 361/764/700
f 360/768/701 372/769/704 369/770/705
f 361/771/700 363/772/706 372/769/704
f 357/105/94 366/773/707 359/774/708
f 364/775/709 367/776/710 366/773/707
f 359/774/708 366/773/707 362/777/711
f 366/773/707 363/772/712 362/777/713
f 368/778/714 370/779/715 358/173/151
f 369/770/705 371/780/716 368/778/714
f 371/780/716 365/781/717 370/779/715
f 372/769/718 367/776/710 371/780/716
f 393/180/156 399/782/719 398/783/720
f 396/784/721 400/785/722 399/786/719
f 398/787/720 399/786/719 409/788/723
f 399/786/719 401/789/724 409/788/723
f 402/790/725 404/791/726 394/792/727
f 403/793/728 405/794/729 402/790/725
f 405/794/729 397/795/730 404/791/726
f 406/796/731 400/785/732 405/794/729
f 395/117/103 408/797/733 407/798/734
f 398/799/735 409/788/736 408/797/733
f 407/798/734 406/796/731 403/793/728
f 408/797/733 401/789/737 406/796/731
f 413/800/738 415/801/739 410/165/144
f 414/802/740 416/803/741 413/800/738
f 415/801/739 416/803/741 423/804/742
f 416/803/741 417/805/743 423/806/742
f 418/807/744 420/808/745 411/237/210
f 419/809/746 421/810/747 418/807/744
f 420/808/745 421/811/747 414/802/740
f 422/812/748 423/806/742 424/813/749
f 424/813/749 419/809/746 422/814/748
f 424/813/749 423/806/742 417/815/743
f 428/816/750 429/817/751 425/220/752
f 429/817/753 1161/818/754 432/819/755
f 426/820/756 430/821/757 431/822/758
f 434/823/759 1161/818/760 430/824/761
f 431/822/762 430/825/762 428/826/762
f 435/210/183 438/827/763 439/828/764
f 442/829/765 440/830/766 438/831/767
f 437/234/207 443/832/768 444/833/769
f 443/832/770 438/834/771 444/835/772
f 444/835/773 1817/836/774 442/837/775
f 445/318/291 448/838/776 449/839/777
f 449/840/778 450/841/779 1818/842/779
f 446/843/780 449/844/781 451/845/782
f 451/845/783 449/846/784 448/847/784
f 457/848/785 458/849/786 454/343/787
f 457/848/788 460/850/788 459/851/788
f 458/849/789 1160/852/790 462/853/791
f 455/854/792 459/855/793 460/856/794
f 459/857/795 463/858/795 1160/859/796
f 467/860/797 469/861/798 464/298/271
f 467/860/797 468/862/799 470/863/800
f 469/861/798 470/864/800 476/865/801
f 470/863/800 468/862/799 471/866/802
f 473/867/803 472/868/804 474/869/805
f 473/870/803 474/869/805 468/871/799
f 472/868/804 468/862/799 474/869/805
f 475/872/806 477/873/807 466/265/238
f 476/865/801 478/874/808 475/872/806
f 477/873/807 478/874/808 472/875/804
f 478/874/808 471/866/802 472/868/804
f 482/876/809 483/877/810 479/273/811
f 482/876/812 484/878/813 488/879/814
f 481/271/244 487/880/815 488/881/816
f 487/880/817 483/882/817 488/883/818
f 488/883/814 1819/884/819 486/885/820
f 488/886/814 484/887/813 1819/884/819
f 492/888/821 494/889/822 489/890/823
f 492/888/821 493/891/824 495/892/825
f 495/892/825 501/893/826 494/889/822
f 495/892/825 496/894/827 503/895/828
f 497/896/829 498/897/830 499/898/831
f 497/899/829 499/898/831 493/900/824
f 498/897/830 493/891/824 499/898/831
f 500/901/832 502/902/833 491/285/258
f 500/901/832 501/893/826 503/903/828
f 502/902/833 503/903/828 498/904/830
f 503/895/828 496/894/827 498/897/830
f 504/199/172 508/905/834 507/906/835
f 508/907/836 1816/908/836 509/909/836
f 506/291/264 512/910/837 508/911/838
f 512/910/839 507/912/839 508/913/839
f 508/913/840 1816/908/840 511/914/841
f 516/915/842 518/916/843 513/281/254
f 517/917/844 519/918/845 516/915/842
f 519/918/845 527/919/846 518/916/843
f 519/918/845 520/920/847 530/921/848
f 514/922/225 524/923/849 523/924/850
f 521/925/851 525/926/852 524/923/849
f 523/924/850 520/920/853 517/917/844
f 524/923/854 530/927/855 520/920/856
f 526/928/857 528/929/858 515/300/273
f 527/919/846 529/930/859 526/928/857
f 529/930/859 522/931/860 528/929/858
f 529/930/859 530/927/861 525/926/862
f 534/932/863 536/933/864 531/244/217
f 535/934/865 537/935/866 534/932/863
f 537/935/866 545/936/867 536/933/864
f 537/935/866 538/937/868 548/938/869
f 532/939/263 542/940/870 541/941/871
f 539/942/872 543/943/873 542/940/870
f 541/941/871 538/937/874 535/934/865
f 542/940/875 548/944/876 538/937/877
f 544/945/878 546/946/879 533/261/234
f 545/936/867 547/947/880 544/945/878
f 547/947/880 540/948/881 546/946/879
f 547/947/880 548/944/882 543/943/883
f 552/949/884 554/950/885 549/276/249
f 553/951/886 555/952/887 552/949/884
f 555/952/887 564/953/888 554/950/885
f 555/952/887 557/954/889 567/955/890
f 558/956/891 560/957/892 550/255/228
f 559/958/893 561/959/894 558/956/891
f 561/959/894 553/951/886 560/957/892
f 561/959/894 557/954/889 556/960/895
f 563/961/896 565/962/897 551/303/276
f 564/953/888 566/963/898 563/961/896
f 566/963/898 559/958/893 565/962/897
f 566/963/898 557/954/889 562/964/899
f 571/965/900 573/966/901 568/232/205
f 572/967/902 574/968/903 571/965/900
f 574/968/903 583/969/904 573/966/901
f 574/968/903 575/970/905 576/971/906
f 569/972/274 580/973/907 579/974/908
f 577/975/909 581/976/910 580/973/907
f 579/974/908 575/970/911 572/967/902
f 580/973/907 576/977/912 575/970/911
f 582/978/913 584/979/914 570/270/243
f 583/969/904 585/980/915 582/978/913
f 585/980/915 578/981/916 584/979/914
f 585/980/915 576/977/906 581/976/917
f 586/982/918 591/983/919 590/984/920
f 589/985/921 592/986/922 591/983/919
f 590/984/920 603/987/923 600/988/924
f 591/983/919 593/989/925 603/987/923
f 587/311/284 597/990/926 596/991/927
f 594/992/928 598/993/929 597/990/926
f 596/991/930 592/986/931 589/985/932
f 597/990/926 593/989/933 592/986/934
f 599/994/935 601/995/936 588/996/308
f 600/988/924 602/997/937 599/994/935
f 602/997/937 595/998/938 601/995/936
f 603/987/939 598/993/940 602/997/937
f 607/999/941 609/1000/942 604/321/294
f 608/1001/943 610/1002/944 607/999/941
f 610/1002/944 617/1003/945 609/1000/942
f 612/1004/946 614/1005/947 605/1006/309
f 613/1007/948 615/1008/949 612/1004/946
f 615/1008/949 608/1001/943 614/1005/947
f 616/1009/950 618/1010/951 606/308/281
f 617/1003/945 619/1011/952 616/1009/950
f 619/1011/952 613/1007/948 618/1010/951
f 620/320/293 626/1012/953 625/1013/954
f 623/1014/955 627/1015/956 626/1012/953
f 625/1013/954 626/1012/953 637/1016/957
f 626/1012/953 628/1017/958 637/1016/957
f 629/1018/959 631/1019/960 621/1020/198
f 630/1021/961 632/1022/962 629/1018/959
f 632/1022/962 624/1023/963 631/1019/960
f 633/1024/964 627/1015/956 632/1022/962
f 622/312/285 636/1025/965 635/1026/966
f 634/1027/967 637/1016/968 636/1025/965
f 635/1026/966 633/1024/964 630/1021/961
f 636/1025/965 628/1017/958 633/1024/964
f 641/1028/969 643/1029/970 638/226/199
f 642/1030/971 644/1031/972 641/1028/969
f 644/1031/972 652/1032/973 643/1029/970
f 644/1031/972 645/1033/974 655/1034/975
f 646/1035/976 648/1036/977 639/314/287
f 647/1037/978 649/1038/979 646/1035/976
f 649/1038/979 642/1030/971 648/1036/977
f 649/1038/979 650/1039/980 645/1040/974
f 651/1041/981 653/1042/982 640/1043/296
f 652/1032/973 654/1044/983 651/1041/981
f 654/1044/983 647/1037/978 653/1042/982
f 655/1034/975 650/1039/980 654/1044/983
f 656/341/314 671/1045/984 661/1046/985
f 659/1047/986 662/1048/987 671/1045/984
f 661/1046/985 671/1049/984 669/1050/988
f 671/1045/989 662/1048/990 663/1051/990
f 664/1052/991 666/1053/992 657/1054/300
f 665/1055/993 667/1056/994 664/1052/991
f 667/1056/995 660/1057/996 666/1058/992
f 658/1059/997 671/1060/998 670/1061/999
f 668/1062/1000 669/1050/1001 671/1060/998
f 670/1061/999 662/1063/1002 665/1055/993
f 672/213/186 677/1064/1003 676/1065/1004
f 675/1066/1005 678/1067/1006 677/1064/1003
f 676/1065/1004 689/1068/1007 686/1069/1008
f 677/1064/1003 679/1070/1009 689/1068/1007
f 673/315/288 683/1071/1010 682/1072/1011
f 680/1073/1012 684/1074/1013 683/1071/1010
f 682/1072/1011 683/1071/1010 678/1067/1014
f 683/1071/1010 679/1070/1009 678/1067/1014
f 685/1075/1015 687/1076/1016 674/1077/313
f 686/1069/1008 688/1078/1017 685/1075/1015
f 688/1078/1017 681/1079/1018 687/1076/1016
f 689/1068/1007 684/1074/1013 688/1078/1017
f 690/345/318 696/1080/1019 695/1081/1020
f 693/1082/1021 697/1083/1022 696/1080/1019
f 695/1081/1023 707/1084/1024 704/1085/1025
f 696/1080/1019 698/1086/1026 707/1084/1024
f 699/1087/1027 701/1088/1028 691/1089/189
f 700/1090/1029 702/1091/1030 699/1087/1027
f 702/1091/1030 694/1092/1031 701/1088/1028
f 703/1093/1032 697/1083/1022 702/1091/1030
f 692/307/280 706/1094/1033 705/1095/1034
f 704/1085/1035 707/1084/1036 706/1094/1033
f 705/1095/1034 703/1093/1037 700/1090/1029
f 706/1094/1033 698/1086/1038 703/1093/1037
f 711/1096/1039 713/1097/1040 708/332/305
f 712/1098/1041 714/1099/1042 711/1096/1039
f 714/1099/1042 722/1100/1043 713/1097/1040
f 714/1099/1042 715/1101/1044 725/1102/1045
f 716/1103/1046 718/1104/1047 709/304/277
f 717/1105/1048 719/1106/1049 716/1103/1046
f 719/1106/1049 712/1098/1041 718/1104/1047
f 719/1106/1049 720/1107/1050 715/1108/1044
f 721/1109/1051 723/1110/1052 710/1111/177
f 722/1100/1043 724/1112/1053 721/1109/1051
f 724/1112/1053 717/1105/1048 723/1110/1052
f 725/1102/1045 720/1107/1050 724/1112/1053
f 726/1113/1054 731/1114/1055 730/1115/1056
f 729/1116/1057 732/1117/1058 731/1114/1055
f 730/1115/1056 742/1118/1059 739/1119/1060
f 731/1114/1055 733/1120/1061 742/1118/1059
f 727/306/279 736/1121/1062 729/1122/1063
f 734/1123/1064 737/1124/1065 736/1121/1062
f 729/1122/1063 736/1121/1062 732/1117/1066
f 736/1121/1062 733/1120/1061 732/1117/1066
f 738/1125/1067 740/1126/1068 728/1127/304
f 739/1119/1060 741/1128/1069 738/1125/1067
f 741/1128/1069 735/1129/1070 740/1126/1068
f 742/1118/1059 737/1124/1065 741/1128/1069
f 793/1130/1071 798/1131/1072 806/1132/1073
f 796/1133/1074 799/1134/1075 798/1131/1072
f 806/1132/1073 798/1131/1072 809/1135/1076
f 798/1131/1072 800/1136/1077 809/1135/1076
f 801/1137/1078 803/1138/1079 794/1139/1080
f 802/1140/1081 804/1141/1082 801/1137/1078
f 804/1141/1082 797/1142/1083 803/1138/1079
f 805/1143/1084 799/1134/1075 804/1141/1082
f 795/1144/361 808/1145/1085 807/1146/1086
f 806/1147/1087 809/1135/1088 808/1145/1085
f 807/1146/1086 805/1143/1089 802/1140/1090
f 808/1145/1085 800/1136/1091 805/1143/1089
f 830/523/474 835/1148/1092 834/1149/1093
f 833/1150/1094 836/1151/1095 835/1148/1092
f 834/1149/1093 846/1152/1096 843/1153/1097
f 835/1148/1092 837/1154/1098 846/1152/1096
f 831/1155/1099 840/1156/1100 833/1157/1101
f 838/1158/1102 841/1159/1103 840/1156/1100
f 833/1157/1101 840/1156/1100 836/1151/1104
f 840/1156/1100 837/1154/1105 836/1151/1106
f 842/1160/1107 844/1161/1108 832/1162/1109
f 843/1153/1097 845/1163/1110 842/1160/1107
f 845/1163/1110 839/1164/1111 844/1161/1108
f 846/1152/1096 841/1159/1112 845/1163/1110
f 897/483/437 902/1165/1113 901/1166/1114
f 900/1167/1115 903/1168/1116 902/1165/1113
f 901/1169/1114 913/1170/1117 910/1171/1118
f 902/1172/1113 904/1173/1119 913/1170/1117
f 898/450/412 907/1174/1120 900/1175/1121
f 905/1176/1122 908/1177/1123 907/1174/1120
f 900/1175/1121 907/1174/1120 903/1178/1124
f 907/1174/1120 904/1173/1125 903/1178/1124
f 909/1179/1126 911/1180/1127 899/520/471
f 910/1171/1118 912/1181/1128 909/1179/1126
f 912/1181/1128 906/1182/1129 911/1180/1127
f 913/1170/1130 908/1177/1123 912/1181/1128
f 934/525/476 939/1183/1131 947/1184/1132
f 937/1185/1133 940/1186/1134 939/1187/1131
f 947/1188/1132 939/1187/1131 950/1189/1135
f 939/1187/1131 941/1190/1136 950/1189/1137
f 942/1191/1138 944/1192/1139 935/1193/1140
f 943/1194/1141 945/1195/1142 942/1191/1138
f 945/1195/1142 938/1196/1143 944/1192/1139
f 946/1197/1144 940/1186/1145 945/1195/1142
f 936/462/421 949/1198/1146 948/1199/1147
f 947/1200/1148 950/1189/1149 949/1198/1146
f 948/1199/1147 946/1197/1144 943/1194/1141
f 949/1198/1146 941/1190/1150 946/1197/1144
f 1001/1201/1151 1007/1202/1152 1006/1203/1153
f 1004/1204/1154 1008/1205/1155 1007/1202/1152
f 1006/1203/1153 1007/1202/1152 1017/1206/1156
f 1007/1202/1152 1009/1207/1157 1017/1206/1156
f 1010/1208/1158 1012/1209/1159 1002/1210/1160
f 1011/1211/1161 1013/1212/1162 1010/1213/1158
f 1013/1214/1162 1005/1215/1163 1012/1209/1159
f 1014/1216/1164 1008/1217/1155 1013/1212/1162
f 1003/585/1165 1016/1218/1166 1015/1219/1167
f 1006/1220/1168 1017/1221/1169 1016/1218/1169
f 1015/1219/1167 1014/1216/1170 1011/1211/1171
f 1016/1218/1166 1009/1222/1172 1014/1216/1170
f 1038/711/642 1043/1223/1173 1042/1224/1174
f 1041/1225/1175 1044/1226/1176 1043/1223/1173
f 1042/1224/1174 1055/1227/1177 1052/1228/1178
f 1043/1223/1173 1045/1229/1179 1055/1227/1177
f 1039/1230/1180 1049/1231/1181 1048/1232/1182
f 1046/1233/1183 1050/1234/1184 1049/1231/1181
f 1048/1232/1185 1044/1235/1186 1041/1236/1187
f 1049/1231/1181 1045/1237/1188 1044/1235/1186
f 1051/1238/1189 1053/1239/1190 1040/1240/1191
f 1052/1228/1178 1054/1241/1192 1051/1238/1189
f 1054/1242/1192 1047/1243/1193 1053/1244/1190
f 1055/1227/1177 1050/1245/1194 1054/1241/1192
f 1106/673/607 1111/1246/1195 1110/1247/1196
f 1109/1248/1197 1112/1249/1198 1111/1250/1195
f 1110/1251/1196 1122/1252/1199 1119/1253/1200
f 1111/1250/1195 1113/1254/1201 1122/1252/1199
f 1107/642/582 1116/1255/1202 1109/1256/1203
f 1114/1257/1204 1117/1258/1205 1116/1255/1202
f 1109/1256/1203 1116/1255/1202 1112/1249/1206
f 1116/1255/1202 1113/1254/1207 1112/1249/1206
f 1118/1259/1208 1120/1260/1209 1108/707/639
f 1119/1253/1200 1121/1261/1210 1118/1259/1208
f 1121/1261/1210 1115/1262/1211 1120/1260/1209
f 1122/1252/1212 1117/1258/1205 1121/1261/1210
f 1143/1263/644 1148/1264/1213 1156/1265/1214
f 1146/1266/1215 1149/1267/1216 1148/1264/1213
f 1156/1265/1214 1148/1264/1213 1159/1268/1217
f 1148/1264/1213 1150/1269/1218 1159/1268/1219
f 1151/1270/1220 1153/1271/1221 1144/1272/1222
f 1152/1273/1223 1154/1274/1224 1151/1270/1220
f 1154/1274/1224 1147/1275/1225 1153/1271/1221
f 1155/1276/1226 1149/1267/1227 1154/1274/1224
f 1145/654/591 1158/1277/1228 1157/1278/1229
f 1156/1279/1230 1159/1268/1231 1158/1277/1228
f 1157/1278/1229 1155/1276/1226 1152/1273/1223
f 1158/1277/1228 1150/1269/1232 1155/1276/1226
f 221/25/22 1164/1280/1233 224/1281/1234
f 224/1281/1234 1165/1282/1235 223/1283/1236
f 223/1284/1237 1166/1285/1238 222/1286/1239
f 1166/1285/1238 220/182/158 222/1286/1239
f 1162/24/21 207/1287/1240 1164/1280/1233
f 1164/1280/1233 208/1288/1241 1165/1282/1235
f 1165/1289/1242 209/1290/1243 1166/1285/1238
f 209/1290/1243 1163/139/122 1166/1285/1238
f 1167/61/55 229/1291/1244 226/8/7
f 1169/1292/1245 228/1293/1246 229/1291/1244
f 1170/1294/1247 227/1295/1248 228/1293/1249
f 227/1295/1248 1168/1296/105 225/1297/18
f 210/194/167 1169/1292/1245 1167/61/55
f 212/1298/1250 1170/1294/1251 1169/1292/1245
f 213/1299/1252 1171/1300/1253 1170/1294/1247
f 1171/1300/1253 211/1301/15 1168/1296/105
f 1172/129/114 204/1302/1254 201/3/3
f 1174/1303/1255 203/1304/1256 204/1302/1254
f 1175/1305/1257 202/1306/1258 203/1304/1259
f 202/1307/1258 1173/4/4 200/16/13
f 221/25/22 1174/1303/1255 1172/129/114
f 224/1281/1234 1175/1305/1260 1174/1303/1255
f 223/1283/1237 1176/1308/1261 1175/1305/1257
f 1176/1309/1261 220/182/158 1173/4/4
f 216/158/138 1179/1310/1262 219/1311/1263
f 219/1311/1263 1180/1312/1264 218/1313/1265
f 218/1313/1266 1181/1314/1267 217/1315/1268
f 1181/1314/1267 215/1316/8 217/1315/1268
f 1177/26/23 229/1291/1244 1179/1310/1262
f 1179/1310/1262 228/1293/1246 1180/1312/1264
f 1180/1312/1269 227/1295/1248 1181/1314/1267
f 227/1295/1248 1178/1317/20 1181/1314/1267
f 231/159/139 1184/1318/1270 234/1319/1271
f 234/1319/1271 1185/1320/1272 233/1321/1273
f 233/1321/1274 1186/1322/1275 232/1323/1276
f 1186/1322/1275 230/1324/25 232/1323/1276
f 1182/153/135 219/1311/1263 1184/1318/1270
f 1184/1318/1270 218/1313/1265 1185/1320/1272
f 1185/1320/1277 217/1315/1268 1186/1322/1275
f 217/1315/1268 1183/1325/10 1186/1322/1275
f 205/15/12 1189/1326/1278 207/1287/1240
f 207/1287/1240 1190/1327/1279 208/1288/1241
f 208/1328/1280 1191/1329/1281 209/1290/1243
f 1191/1329/1281 206/35/31 209/1290/1243
f 1187/14/11 237/1330/1282 1189/1326/1278
f 1189/1326/1278 238/1331/1283 1190/1327/1279
f 1190/1332/1284 239/1333/1285 1191/1329/1281
f 239/1333/1285 1188/33/29 1191/1329/1281
f 235/44/39 1194/1334/1286 237/1330/1282
f 237/1330/1282 1195/1335/1287 238/1331/1283
f 238/1336/1288 1196/1337/1289 239/1333/1285
f 1196/1337/1289 236/32/28 239/1333/1285
f 1192/53/47 247/1338/1290 1194/1334/1286
f 1194/1334/1286 248/1339/1291 1195/1335/1287
f 1195/1340/1292 249/1341/1293 1196/1337/1289
f 249/1341/1293 1193/30/26 1196/1337/1289
f 241/195/168 1199/1342/1294 244/1343/1295
f 244/1343/1295 1200/1344/1296 243/1345/1297
f 243/1345/1298 1201/1346/1299 242/1347/1300
f 1201/1346/1299 240/1348/35 242/1347/1300
f 1197/187/161 234/1319/1271 1199/1342/1294
f 1199/1342/1294 233/1321/1273 1200/1344/1296
f 1200/1344/1301 232/1323/1276 1201/1346/1299
f 232/1323/1276 1198/1349/33 1201/1346/1299
f 1202/170/148 272/1350/1302 269/168/146
f 1204/1351/1303 271/1352/1304 272/1350/1302
f 1205/1353/1305 270/1354/1306 271/1352/1304
f 1206/1355/1307 268/186/44 270/1354/1306
f 251/738/666 1204/1351/1303 1202/170/148
f 261/737/665 1205/1353/1305 1204/1351/1303
f 254/741/669 1206/1355/1307 1205/1353/1305
f 253/732/660 1203/133/116 1206/1355/1307
f 245/52/46 1209/1356/1308 247/1338/1290
f 247/1338/1290 1210/1357/1309 248/1339/1291
f 248/1358/1310 1211/1359/1311 249/1341/1293
f 249/1341/1293 1208/40/36 246/42/38
f 1207/152/134 272/1350/1302 1209/1356/1308
f 1209/1356/1312 271/1352/1304 1210/1357/1309
f 1210/1360/1313 270/1361/1306 1211/1359/1311
f 270/1361/1306 1208/40/36 1211/1359/1311
f 251/738/666 1214/1362/1314 259/736/664
f 259/736/664 1215/1363/1315 260/739/667
f 260/739/676 1216/1364/1316 265/745/672
f 265/745/672 1213/1365/41 252/743/43
f 1212/169/147 244/1343/1295 1214/1362/1314
f 1214/1362/1314 243/1345/1297 1215/1363/1315
f 1215/1363/1317 242/1347/1300 1216/1364/1316
f 1216/1364/1316 240/1348/35 1213/1365/41
f 1217/69/62 212/1298/1250 210/194/167
f 1219/1366/1318 213/1299/1319 212/1298/1250
f 1220/1367/1320 214/1368/1321 213/1299/1252
f 214/1368/1321 1218/1369/141 211/1301/15
f 278/128/113 1219/1366/1318 1217/69/62
f 280/1370/1322 1220/1367/1323 1219/1366/1318
f 281/1371/1324 1221/1372/1325 1220/1367/1320
f 1221/1372/1325 279/1373/52 1218/1369/141
f 1222/1/1 277/1374/1326 274/178/155
f 1224/1375/1327 276/1376/1328 277/1374/1326
f 1225/1377/1329 275/1378/1330 276/1376/1331
f 275/1379/1330 1223/54/48 273/56/50
f 201/3/3 1224/1375/1327 1222/1/1
f 204/1302/1254 1225/1377/1332 1224/1375/1327
f 203/1304/1259 1226/1380/1333 1225/1377/1329
f 1226/1381/1333 200/16/13 1223/54/48
f 290/761/696 1229/1382/1334 301/759/694
f 301/759/694 1230/1383/1335 302/752/683
f 302/752/683 1231/1384/1336 292/748/679
f 292/748/679 1228/175/106 288/177/154
f 1227/143/125 285/1385/1337 1229/1382/1334
f 1229/1382/1334 286/1386/1338 1230/1383/1335
f 1230/1383/1335 287/1387/1339 1231/1384/1336
f 1231/1384/1336 284/1388/58 1228/175/106
f 1232/144/126 280/1370/1322 278/128/113
f 1234/1389/1340 281/1371/1341 280/1370/1322
f 1235/1390/1342 282/1391/1343 281/1371/1324
f 1236/1392/1344 279/1373/52 282/1391/1343
f 290/761/696 1234/1389/1340 1232/144/126
f 303/760/695 1235/1390/1345 1234/1389/1340
f 297/763/1346 1236/1392/1344 1235/1390/1342
f 296/757/688 1233/1393/60 1236/1392/1344
f 1237/146/128 285/1385/1337 283/145/127
f 1239/1394/1347 286/1386/1338 285/1385/1337
f 1240/1395/1348 287/1387/1339 286/1386/1338
f 287/1396/1339 1238/62/56 284/64/58
f 274/178/155 1239/1394/1347 1237/146/128
f 277/1374/1326 1240/1395/1349 1239/1394/1347
f 276/1376/1331 1241/1397/1350 1240/1395/1348
f 275/1379/1330 1238/62/56 1241/1398/1350
f 1242/142/124 330/1399/1351 327/71/63
f 1244/1400/1352 329/1401/1353 330/1399/1351
f 1245/1402/1354 328/1403/1355 329/1401/1353
f 1246/1404/1356 326/193/166 328/1403/1355
f 311/91/81 1244/1400/1352 1242/142/124
f 313/1405/1357 1245/1402/1354 1244/1400/1352
f 314/1406/1358 1246/1404/1356 1245/1402/1354
f 315/1407/1359 1243/192/165 1246/1404/1356
f 332/85/75 1249/1408/1360 335/1409/1361
f 335/1409/1361 1250/1410/1362 334/1411/1363
f 334/1411/1363 1251/1412/1364 333/1413/1365
f 333/1413/1365 1248/123/109 331/126/112
f 1247/84/74 318/1414/1366 1249/1408/1360
f 1249/1408/1360 319/1415/1367 1250/1410/1362
f 1250/1410/1362 320/1416/1368 1251/1412/1364
f 1251/1412/1364 317/124/110 1248/123/109
f 307/81/71 1254/1417/1369 310/1418/1370
f 310/1418/1370 1255/1419/1371 309/1420/1372
f 309/1420/1372 1256/1421/1373 308/1422/1374
f 308/1422/1374 1253/140/123 306/106/95
f 1252/72/64 330/1399/1351 1254/1417/1369
f 1254/1417/1369 329/1401/1353 1255/1419/1371
f 1255/1419/1371 328/1403/1355 1256/1421/1373
f 1256/1421/1373 326/193/166 1253/140/123
f 1257/86/76 325/1423/1375 322/125/111
f 1259/1424/1376 324/1425/1377 325/1423/1375
f 1260/1426/1378 323/1427/1379 324/1425/1377
f 1261/1428/1380 321/183/159 323/1427/1379
f 332/85/75 1259/1424/1376 1257/86/76
f 335/1409/1361 1260/1426/1378 1259/1424/1376
f 334/1411/1363 1261/1428/1380 1260/1426/1378
f 333/1413/1365 1258/161/140 1261/1428/1380
f 1262/77/68 340/1429/1381 337/155/136
f 1264/1430/1382 339/1431/1383 340/1429/1381
f 1265/1432/1384 338/1433/1385 339/1431/1383
f 1266/1434/1386 336/78/69 338/1433/1385
f 322/125/111 1264/1430/1382 1262/77/68
f 325/1423/1375 1265/1432/1384 1264/1430/1382
f 324/1425/1377 1266/1434/1386 1265/1432/1384
f 323/1427/1379 1263/94/84 1266/1434/1386
f 1267/92/82 313/1405/1357 311/91/81
f 1269/1435/1387 314/1406/1358 313/1405/1357
f 1270/1436/1388 315/1407/1359 314/1406/1358
f 1271/1437/1389 312/191/164 315/1407/1359
f 341/97/86 1269/1435/1387 1267/92/82
f 343/1438/1390 1270/1436/1388 1269/1435/1387
f 344/1439/1391 1271/1437/1389 1270/1436/1388
f 345/1440/1392 1268/74/66 1271/1437/1389
f 1272/98/87 343/1438/1390 341/97/86
f 1274/1441/1393 344/1439/1391 343/1438/1390
f 1275/1442/1394 345/1440/1392 344/1439/1391
f 1276/1443/1395 342/138/121 345/1440/1392
f 351/102/91 1274/1441/1393 1272/98/87
f 353/1444/1396 1275/1442/1394 1274/1441/1393
f 354/1445/1397 1276/1443/1395 1275/1442/1394
f 355/1446/1398 1273/184/160 1276/1443/1395
f 1277/93/83 350/1447/1399 347/188/162
f 1279/1448/1400 349/1449/1401 350/1447/1399
f 1280/1450/1402 348/1451/1403 349/1449/1401
f 1281/1452/1404 346/101/90 348/1451/1403
f 337/155/136 1279/1448/1400 1277/93/83
f 340/1429/1381 1280/1450/1402 1279/1448/1400
f 339/1431/1383 1281/1452/1404 1280/1450/1402
f 338/1433/1385 1278/80/70 1281/1452/1404
f 374/190/163 1284/1453/1405 377/1454/1406
f 377/1454/1406 1285/1455/1407 376/1456/1408
f 376/1456/1408 1286/1457/1409 375/1458/1410
f 375/1458/1410 1283/172/150 373/174/152
f 1282/1459/120 360/768/701 1284/1453/1405
f 1284/1453/1405 369/770/705 1285/1455/1407
f 1285/1455/1407 368/778/714 1286/1457/1409
f 1286/1457/1409 358/173/151 1283/172/150
f 1287/104/93 353/1444/1396 351/102/91
f 1289/1460/1411 354/1445/1397 353/1444/1396
f 1290/1461/1412 355/1446/1398 354/1445/1397
f 1291/1462/1413 352/181/157 355/1446/1398
f 374/190/163 1289/1460/1411 1287/104/93
f 377/1454/1406 1290/1461/1412 1289/1460/1411
f 376/1456/1408 1291/1462/1413 1290/1461/1412
f 375/1458/1410 1288/156/137 1291/1462/1413
f 1292/99/88 364/775/709 357/105/94
f 1294/1463/1414 365/781/717 364/775/709
f 1295/1464/1415 370/779/715 365/781/717
f 1296/1465/1416 358/173/151 370/779/715
f 347/188/162 1294/1463/1414 1292/99/88
f 350/1447/1399 1295/1464/1415 1294/1463/1414
f 349/1449/1401 1296/1465/1416 1295/1464/1415
f 348/1451/1403 1293/171/149 1296/1465/1416
f 316/88/78 1299/1466/1417 318/1414/1366
f 318/1414/1366 1300/1467/1418 319/1415/1367
f 319/1415/1367 1301/1468/1419 320/1416/1368
f 320/1416/1368 1298/166/145 317/124/110
f 1297/109/96 385/1469/1420 1299/1466/1417
f 1299/1466/1417 386/1470/1421 1300/1467/1418
f 1300/1467/1418 387/1471/1422 1301/1468/1419
f 1301/1468/1419 384/130/115 1298/166/145
f 379/111/98 1304/1472/1423 382/1473/1424
f 382/1473/1424 1305/1474/1425 381/1475/1426
f 381/1475/1426 1306/1476/1427 380/1477/1428
f 380/1477/1428 1303/115/101 378/114/100
f 1302/82/72 310/1418/1370 1304/1472/1423
f 1304/1472/1423 309/1420/1372 1305/1474/1425
f 1305/1474/1425 308/1422/1374 1306/1476/1427
f 1306/1476/1427 306/106/95 1303/115/101
f 1307/1478/108 396/1479/721 393/180/156
f 1309/1480/1429 397/795/730 396/784/721
f 1310/1481/1430 404/791/726 397/795/730
f 1311/1482/1431 394/792/727 404/791/726
f 388/118/104 1309/1480/1429 1307/122/108
f 390/1483/1432 1310/1481/1430 1309/1480/1429
f 391/1484/1433 1311/1482/1431 1310/1481/1430
f 392/1485/1434 1308/150/132 1311/1482/1431
f 383/110/97 1314/1486/1435 385/1469/1420
f 385/1469/1420 1315/1487/1436 386/1470/1421
f 386/1470/1421 1316/1488/1437 387/1471/1422
f 387/1471/1422 1313/149/131 384/130/115
f 1312/116/102 407/798/734 1314/1486/1435
f 1314/1486/1435 403/793/728 1315/1487/1436
f 1315/1487/1436 402/790/725 1316/1488/1437
f 1316/1488/1437 394/792/727 1313/149/131
f 388/118/104 1319/1489/1438 390/1483/1432
f 390/1483/1432 1320/1490/1439 391/1484/1433
f 391/1484/1433 1321/1491/1440 392/1485/1434
f 392/1485/1434 1318/148/130 389/147/129
f 1317/112/99 382/1473/1424 1319/1489/1438
f 1319/1489/1438 381/1475/1426 1320/1490/1439
f 1320/1490/1439 380/1477/1428 1321/1491/1440
f 1321/1491/1440 378/114/100 1318/148/130
f 395/117/103 1324/1492/1441 398/1493/735
f 398/783/720 1323/176/153 393/180/156
f 1322/67/61 298/1494/1442 1324/1492/1441
f 1324/1492/1443 298/1494/1444 291/1495/1443
f 1324/1496/1445 288/177/154 1323/176/153
f 1325/47/42 264/1497/1446 252/48/43
f 264/1497/1447 1327/1498/1447 255/1499/1448
f 1327/1500/1449 250/729/657 255/731/659
f 357/105/94 1327/1501/1450 1325/47/42
f 359/1502/702 1326/134/117 1327/1500/1449
f 533/261/234 1330/1503/1451 544/945/878
f 544/945/878 1331/1504/1452 545/936/867
f 1331/1504/1452 536/933/864 545/936/867
f 1332/1505/1453 531/244/217 536/933/864
f 1328/260/233 554/950/885 1330/1503/1451
f 1330/1503/1451 564/953/888 1331/1504/1452
f 564/953/888 1332/1505/1453 1331/1504/1452
f 563/961/896 1329/262/235 1332/1505/1453
f 1333/254/227 558/956/891 550/255/228
f 1335/1506/1454 559/958/893 558/956/891
f 559/958/893 1337/1507/1455 565/962/897
f 565/962/897 1334/241/214 551/303/276
f 568/232/205 1335/1506/1454 1333/254/227
f 573/966/901 1336/1508/1456 1335/1506/1454
f 1336/1508/1456 582/978/913 1337/1507/1455
f 1337/1507/1455 570/270/243 1334/241/214
f 1338/1509/262 577/975/909 569/972/274
f 1340/1510/1457 578/981/916 577/975/909
f 578/981/916 1341/1511/1458 584/979/914
f 1341/1511/1459 570/270/243 584/979/914
f 1338/1509/262 541/941/871 1340/1510/1460
f 1340/1510/1457 535/934/865 1341/1512/1458
f 1341/1512/1458 535/934/865 534/932/863
f 1341/1511/1459 531/244/217 1339/243/216
f 515/300/273 1344/1513/1461 526/928/857
f 526/928/857 1345/1514/1462 527/919/846
f 1345/1514/1462 518/916/843 527/919/846
f 1346/1515/1463 513/281/254 518/916/843
f 1342/296/269 560/957/892 1344/1513/1461
f 1344/1513/1461 553/951/886 1345/1514/1462
f 553/951/886 1346/1515/1463 1345/1514/1462
f 552/949/884 1343/275/248 1346/1515/1463
f 1347/1516/223 539/942/872 532/939/263
f 1349/1517/1464 540/948/881 539/942/872
f 540/948/881 1350/1518/1465 546/946/879
f 1350/1518/1466 533/261/234 546/946/879
f 1347/1516/223 523/924/850 1349/1517/1467
f 1349/1517/1464 517/917/844 1350/1519/1465
f 1350/1519/1465 517/917/844 516/915/842
f 1350/1518/1466 513/281/254 1348/229/202
f 1351/1520/224 521/925/851 514/922/225
f 1353/1521/1468 522/931/860 521/925/851
f 522/931/860 1354/1522/1469 528/929/858
f 1354/1522/1470 515/300/273 528/929/858
f 1351/1520/224 579/974/908 1353/1521/1471
f 1353/1521/1468 572/967/902 1354/1523/1469
f 1354/1523/1469 572/967/902 571/965/900
f 1354/1522/1470 568/232/205 1352/231/204
f 435/210/183 1357/1524/1472 438/831/763
f 438/831/763 1358/1525/1473 442/829/1474
f 442/829/1474 1359/1526/1475 441/1527/1476
f 441/1527/1476 1356/247/220 436/316/289
f 410/165/144 1357/1524/1472 1355/163/142
f 415/801/739 1358/1525/1473 1357/1524/1472
f 423/804/742 1359/1526/1475 1358/1525/1473
f 422/812/748 1356/247/220 1359/1526/1475
f 1360/259/232 452/1528/1477 447/217/190
f 1362/1529/1478 1818/842/1479 452/1528/1477
f 1363/1530/1480 449/839/777 1818/842/1479
f 1364/1531/1481 445/318/291 449/839/777
f 1360/259/232 422/814/748 1362/1529/1478
f 1362/1529/1478 419/809/746 1363/1530/1480
f 1363/1530/1480 418/807/744 1364/1531/1481
f 1364/1531/1481 411/237/210 1361/239/212
f 1365/317/290 441/1532/1476 436/316/289
f 1367/1533/1482 442/837/1483 441/1532/1476
f 1368/1534/1484 444/833/769 442/837/1483
f 1369/1535/1485 437/234/207 444/833/769
f 1365/317/290 452/1536/1477 1367/1533/1482
f 1367/1533/1482 453/1537/1486 1368/1534/1484
f 1368/1534/1484 449/1538/1487 1369/1535/1485
f 1369/1535/1485 446/843/780 1366/248/221
f 464/298/271 1372/1539/1488 467/860/797
f 467/860/797 1373/1540/1489 468/871/799
f 468/871/799 1374/1541/1490 473/870/1491
f 473/870/1491 1371/279/252 465/322/295
f 425/220/193 1372/1539/1488 1370/299/272
f 429/817/1492 1373/1540/1489 1372/1539/1488
f 432/819/1493 1374/1541/1490 1373/1540/1489
f 433/1542/1494 1371/279/252 1374/1541/1490
f 479/273/246 1377/1543/1495 482/876/1496
f 482/876/1496 1378/1544/1497 1819/1545/1498
f 1819/1545/1498 1379/1546/1499 485/1547/1500
f 485/1547/1500 1376/338/311 480/207/180
f 466/265/238 1377/1543/1495 1375/263/236
f 477/873/807 1378/1544/1497 1377/1543/1495
f 472/875/804 1379/1546/1499 1378/1544/1497
f 473/867/1491 1376/338/311 1379/1546/1499
f 1380/209/182 485/1548/1500 480/207/180
f 1382/1549/1501 486/885/1502 485/1548/1500
f 1383/1550/1503 488/881/816 486/885/1502
f 1384/1551/1504 481/271/244 488/881/816
f 1380/209/182 433/1552/1494 1382/1549/1501
f 1382/1549/1501 434/823/1505 1383/1550/1503
f 1383/1550/1503 430/824/757 1384/1551/1504
f 1384/1551/1504 426/820/756 1381/266/239
f 1385/257/230 461/1553/1506 456/196/169
f 1387/1554/1507 462/853/1508 461/1553/1506
f 1388/1555/1509 458/849/1510 462/853/1508
f 1389/1556/1511 454/343/316 458/849/1510
f 1385/257/230 497/899/1512 1387/1554/1507
f 1387/1554/1507 493/900/824 1388/1555/1509
f 1388/1555/1509 492/888/821 1389/1556/1511
f 1389/1556/1511 489/890/823 1386/293/266
f 1390/328/301 497/896/1512 490/280/253
f 1392/1557/1513 498/904/830 497/896/1512
f 1393/1558/1514 502/902/833 498/904/830
f 1394/1559/1515 491/285/258 502/902/833
f 1390/328/301 510/1560/1516 1392/1557/1513
f 1392/1557/1513 1816/1561/1517 1393/1558/1514
f 1393/1558/1514 508/907/834 1394/1559/1515
f 1394/1559/1515 504/199/172 1391/201/174
f 1395/342/315 510/1562/1516 505/329/302
f 1397/1563/1518 511/914/1519 510/1562/1516
f 1398/1564/1520 508/911/1521 511/914/1519
f 1399/1565/1522 506/291/264 508/911/838
f 1395/342/315 461/1566/1506 1397/1563/1518
f 1397/1563/1518 463/858/1523 1398/1564/1520
f 1398/1564/1520 459/857/793 1399/1565/1522
f 1399/1565/1522 455/854/792 1396/286/259
f 588/996/308 1402/1567/1524 599/994/935
f 599/994/935 1403/1568/1525 600/988/924
f 600/988/924 1404/1569/1526 590/984/920
f 590/984/920 1401/283/256 586/982/918
f 1400/1570/307 614/1005/947 1402/1567/1524
f 1402/1567/1524 608/1001/943 1403/1568/1525
f 1403/1568/1525 607/999/941 1404/1569/1526
f 607/999/941 1401/283/256 1404/1569/1526
f 1405/309/282 623/1014/955 620/320/293
f 1407/1571/1527 624/1023/963 623/1014/955
f 1408/1572/1528 631/1019/960 624/1023/963
f 1409/1573/1529 621/1020/198 631/1019/960
f 606/308/281 1407/1571/1527 1405/309/282
f 618/1010/951 1408/1572/1528 1407/1571/1527
f 613/1007/948 1409/1573/1529 1408/1572/1528
f 612/1004/946 1406/1574/196 1409/1573/1529
f 1410/310/283 594/992/928 587/311/284
f 1412/1575/1530 595/998/938 594/992/928
f 1413/1576/1531 601/995/936 595/998/938
f 1414/1577/1532 588/996/308 601/995/936
f 1410/310/283 635/1026/966 1412/1575/1530
f 1412/1575/1530 630/1021/961 1413/1576/1531
f 1413/1576/1531 629/1018/959 1414/1577/1532
f 1414/1577/1532 621/1020/198 1411/1578/197
f 1415/1579/298 651/1041/981 640/1043/296
f 1417/1580/1533 652/1032/973 651/1041/981
f 1418/1581/1534 643/1029/970 652/1032/973
f 1419/1582/1535 638/226/199 643/1029/970
f 657/1054/300 1417/1580/1533 1415/1579/298
f 666/1058/992 1418/1581/1534 1417/1580/1533
f 660/1057/996 1419/1582/1535 1418/1581/1534
f 659/1047/986 1416/227/200 1419/1582/1535
f 674/1077/313 1422/1583/1536 685/1075/1015
f 685/1075/1015 1423/1584/1537 686/1069/1008
f 686/1069/1008 1424/1585/1538 676/1065/1004
f 676/1065/1004 1421/214/187 672/213/186
f 1420/1586/312 653/1042/982 1422/1583/1536
f 1422/1583/1536 647/1037/978 1423/1584/1537
f 1423/1584/1537 646/1035/976 1424/1585/1538
f 1424/1585/1538 639/314/287 1421/214/187
f 1425/313/286 680/1073/1012 673/315/288
f 1427/1587/1539 681/1079/1018 680/1073/1012
f 1428/1588/1540 687/1076/1016 681/1079/1018
f 1429/1589/1541 674/1077/313 687/1076/1016
f 1425/313/286 670/1061/999 1427/1587/1539
f 1427/1587/1539 665/1055/993 1428/1588/1540
f 1428/1588/1540 664/1052/991 1429/1589/1541
f 1429/1589/1541 657/1054/300 1426/1590/299
f 1430/333/306 693/1082/1021 690/345/318
f 1432/1591/1542 694/1092/1031 693/1082/1021
f 1433/1592/1543 701/1088/1028 694/1092/1031
f 1434/1593/1544 691/1089/189 701/1088/1028
f 708/332/305 1432/1591/1542 1430/333/306
f 713/1097/1040 1433/1592/1543 1432/1591/1542
f 722/1100/1043 1434/1593/1544 1433/1592/1543
f 721/1109/1051 1431/1594/179 1434/1593/1544
f 709/304/277 1437/1595/1545 716/1103/1046
f 716/1103/1046 1438/1596/1546 717/1105/1048
f 717/1105/1048 1439/1597/1547 723/1110/1052
f 723/1110/1052 1436/1598/303 710/1111/177
f 1435/203/176 730/1115/1056 1437/1595/1545
f 1437/1595/1545 739/1119/1060 1438/1596/1546
f 1438/1596/1546 738/1125/1067 1439/1597/1547
f 1439/1597/1547 728/1127/304 1436/1598/303
f 1440/305/278 734/1123/1064 727/306/279
f 1442/1599/1548 735/1129/1070 734/1123/1064
f 1443/1600/1549 740/1126/1068 735/1129/1070
f 1444/1601/1550 728/1127/304 740/1126/1068
f 1440/305/278 705/1095/1034 1442/1599/1548
f 1442/1599/1548 700/1090/1029 1443/1600/1549
f 1443/1600/1549 699/1087/1027 1444/1601/1550
f 1444/1601/1550 691/1089/189 1441/1602/188
f 1445/164/143 413/800/738 410/165/144
f 1447/1603/1551 414/802/1552 413/800/738
f 1448/1604/1553 420/808/745 414/802/1552
f 1449/1605/1554 411/237/210 420/808/745
f 604/321/294 1447/1603/1551 1445/164/143
f 609/1000/942 1448/1604/1553 1447/1603/1551
f 617/1003/945 1449/1605/1554 1448/1604/1553
f 616/1009/950 1446/1606/1555 1449/1605/1554
f 622/312/285 1452/1607/1556 634/1027/1557
f 634/1027/967 1453/1608/1558 625/1609/1559
f 1453/1610/1560 620/320/293 625/1013/954
f 1450/249/222 451/845/782 1452/1607/1556
f 1452/1607/1558 448/847/1558 1453/1608/1558
f 1453/1610/1560 445/318/291 1451/319/292
f 1454/222/195 428/816/1561 425/220/193
f 1456/1611/1562 431/822/1563 428/826/1563
f 431/822/758 1455/267/240 426/820/756
f 656/341/314 1456/1612/1564 1454/222/195
f 1456/1612/1564 661/1046/985 669/1050/1565
f 669/1050/1566 1457/1613/1567 1456/1611/1562
f 1457/1613/1568 658/1059/997 1455/267/240
f 672/213/186 1460/1614/1569 675/1066/1570
f 1460/1614/1571 682/1615/1572 675/1066/1005
f 682/1072/1011 1459/272/245 673/315/288
f 1458/1616/1573 483/877/1574 1460/1614/1569
f 1460/1614/1571 483/882/1575 1461/1617/1576
f 1461/1617/1576 483/882/1575 487/880/1575
f 487/880/815 1459/272/245 1461/1618/1577
f 491/285/258 1464/1619/1578 500/901/832
f 500/901/832 1465/1620/1579 501/893/1580
f 501/893/1580 1466/1621/1581 494/889/822
f 494/889/822 1463/294/267 489/890/823
f 1462/284/257 718/1104/1047 1464/1619/1578
f 1464/1619/1578 712/1098/1041 1465/1620/1579
f 1465/1620/1579 711/1096/1039 1466/1621/1581
f 1466/1621/1581 708/332/305 1463/294/267
f 1467/287/260 704/1622/1035 692/307/280
f 1469/1623/1582 695/1081/1023 704/1085/1025
f 1470/1624/1583 690/345/318 695/1081/1020
f 455/854/792 1469/1625/1584 1467/287/260
f 460/850/1585 1470/1624/1586 1469/1623/1582
f 457/848/1587 1468/344/317 1470/1624/1583
f 586/982/918 1473/1626/1588 589/1627/921
f 589/1627/932 1473/1626/1589 1474/1628/1590
f 589/985/932 1474/1629/1590 596/991/930
f 1474/1629/1591 587/311/284 596/991/927
f 1471/282/255 439/828/1592 1473/1626/1588
f 1473/1626/1589 439/1630/1593 1474/1628/1590
f 1474/1628/1590 439/1630/1593 443/832/1594
f 443/832/1595 1472/236/209 1474/1629/1591
f 1475/264/237 475/872/806 466/265/238
f 1477/1631/1596 476/865/1597 475/872/806
f 476/865/1597 1479/1632/1598 469/861/798
f 469/861/798 1476/1633/1599 464/298/271
f 639/314/287 1477/1631/1596 1475/264/237
f 648/1036/977 1478/1634/1600 1477/1631/1596
f 642/1030/971 1479/1632/1598 1478/1634/1600
f 641/1028/969 1476/1633/1599 1479/1632/1598
f 1480/292/265 512/910/837 506/291/264
f 1482/1635/1601 507/912/1602 512/910/1602
f 507/906/835 1481/202/175 504/199/172
f 727/306/279 1482/1635/1603 1480/292/265
f 1482/1635/1601 729/1116/1604 1483/1636/1605
f 1483/1637/1606 726/1113/1054 1481/202/175
f 764/370/340 1486/1638/1607 767/1639/1608
f 767/1639/1608 1487/1640/1609 766/1641/1610
f 766/1642/1611 1488/1643/1612 765/1644/1613
f 1488/1643/1612 763/527/478 765/1644/1613
f 1484/369/339 750/1645/1614 1486/1638/1607
f 1486/1638/1607 751/1646/1615 1487/1640/1609
f 1487/1647/1616 752/1648/1617 1488/1643/1612
f 752/1648/1617 1485/486/440 1488/1643/1612
f 1489/406/373 772/1649/1618 769/353/325
f 1491/1650/1619 771/1651/1620 772/1649/1618
f 1492/1652/1621 770/1653/1622 771/1651/1623
f 770/1653/1622 1490/1654/423 768/1655/336
f 753/539/487 1491/1650/1619 1489/406/373
f 755/1656/1624 1492/1652/1625 1491/1650/1619
f 756/1657/1626 1493/1658/1627 1492/1652/1621
f 1493/1658/1627 754/1659/333 1490/1654/423
f 1494/476/432 747/1660/1628 744/348/321
f 1496/1661/1629 746/1662/1630 747/1660/1628
f 1497/1663/1631 745/1664/1632 746/1665/1633
f 745/1664/1632 1495/349/322 743/361/331
f 764/370/340 1496/1661/1629 1494/476/432
f 767/1639/1608 1497/1666/1634 1496/1661/1629
f 766/1642/1611 1498/1667/1635 1497/1663/1631
f 1498/1667/1635 763/527/478 1495/349/322
f 759/505/457 1501/1668/1636 762/1669/1637
f 762/1669/1637 1502/1670/1638 761/1671/1639
f 761/1671/1640 1503/1672/1641 760/1673/1642
f 1503/1672/1641 758/1674/326 760/1673/1642
f 1499/371/341 772/1649/1618 1501/1668/1636
f 1501/1668/1636 771/1651/1620 1502/1670/1638
f 1502/1670/1643 770/1653/1622 1503/1672/1641
f 770/1653/1622 1500/1675/338 1503/1672/1641
f 774/506/458 1506/1676/1644 777/1677/1645
f 777/1677/1645 1507/1678/1646 776/1679/1647
f 776/1679/1648 1508/1680/1649 775/1681/1650
f 1508/1680/1649 773/1682/343 775/1681/1650
f 1504/500/453 762/1669/1637 1506/1676/1644
f 1506/1676/1644 761/1671/1639 1507/1678/1646
f 1507/1678/1651 760/1673/1642 1508/1680/1649
f 760/1673/1642 1505/1683/328 1508/1680/1649
f 748/360/330 1511/1684/1652 750/1645/1614
f 750/1645/1614 1512/1685/1653 751/1646/1615
f 751/1686/1654 1513/1687/1655 752/1648/1617
f 1513/1687/1655 749/380/349 752/1648/1617
f 1509/359/329 780/1688/1656 1511/1684/1652
f 1511/1684/1652 781/1689/1657 1512/1685/1653
f 1512/1690/1658 782/1691/1659 1513/1687/1655
f 782/1691/1659 1510/378/347 1513/1687/1655
f 778/389/357 1516/1692/1660 780/1688/1656
f 780/1688/1656 1517/1693/1661 781/1689/1657
f 781/1694/1662 1518/1695/1663 782/1691/1659
f 1518/1695/1663 779/377/346 782/1691/1659
f 1514/398/365 790/1696/1664 1516/1692/1660
f 1516/1692/1660 791/1697/1665 1517/1693/1661
f 1517/1698/1666 792/1699/1667 1518/1695/1663
f 792/1699/1667 1515/375/344 1518/1695/1663
f 784/540/488 1521/1700/1668 787/1701/1669
f 787/1701/1669 1522/1702/1670 786/1703/1671
f 786/1703/1672 1523/1704/1673 785/1705/1674
f 1523/1706/1673 783/384/353 785/1707/1674
f 1519/532/481 777/1677/1645 1521/1700/1668
f 1521/1700/1668 776/1679/1647 1522/1702/1670
f 1522/1702/1675 775/1681/1650 1523/1704/1673
f 775/1708/1650 1520/382/351 1523/1706/1673
f 1524/517/468 814/1709/1676 811/515/466
f 1526/1710/1677 813/1711/1678 814/1709/1676
f 1527/1712/1679 812/1713/1680 813/1711/1678
f 1528/1714/1681 810/531/362 812/1713/1680
f 794/1139/1080 1526/1710/1677 1524/517/468
f 803/1138/1079 1527/1712/1679 1526/1710/1677
f 797/1142/1083 1528/1714/1681 1527/1712/1679
f 796/1133/1074 1525/480/434 1528/1714/1681
f 788/397/364 1531/1715/1682 790/1696/1664
f 790/1696/1664 1532/1716/1683 791/1697/1665
f 791/1717/1684 1533/1718/1685 792/1699/1667
f 792/1699/1667 1530/385/354 789/387/356
f 1529/499/452 814/1709/1676 1531/1715/1682
f 1531/1715/1686 813/1711/1678 1532/1716/1683
f 1532/1719/1687 812/1720/1680 1533/1718/1685
f 812/1720/1680 1530/385/354 1533/1718/1685
f 794/1139/1080 1536/1721/1688 801/1137/1078
f 801/1137/1078 1537/1722/1689 802/1140/1081
f 802/1140/1090 1538/1723/1690 807/1146/1086
f 807/1724/1086 1535/391/359 795/393/361
f 1534/516/467 787/1701/1669 1536/1721/1688
f 1536/1721/1688 786/1703/1671 1537/1722/1689
f 1537/1722/1691 785/1705/1674 1538/1723/1690
f 1538/1725/1690 783/384/353 1535/391/359
f 1539/414/380 755/1656/1624 753/539/487
f 1541/1726/1692 756/1657/1693 755/1656/1624
f 1542/1727/1694 757/1728/1695 756/1657/1626
f 757/1728/1695 1540/1729/460 754/1659/333
f 820/475/431 1541/1726/1692 1539/414/380
f 822/1730/1696 1542/1727/1697 1541/1726/1692
f 823/1731/1698 1543/1732/1699 1542/1727/1694
f 1543/1732/1699 821/1733/370 1540/1729/460
f 1544/346/319 819/1734/1700 816/524/475
f 1546/1735/1701 818/1736/1702 819/1734/1700
f 1547/1737/1703 817/1738/1704 818/1736/1705
f 817/1739/1704 1545/399/366 815/401/368
f 744/348/321 1546/1735/1701 1544/346/319
f 747/1660/1628 1547/1737/1706 1546/1735/1701
f 746/1665/1633 1548/1740/1707 1547/1741/1703
f 1548/1740/1707 743/361/331 1545/399/366
f 832/1162/1109 1551/1742/1708 842/1160/1107
f 842/1160/1107 1552/1743/1709 843/1153/1097
f 843/1153/1097 1553/1744/1710 834/1149/1093
f 834/1149/1093 1550/465/424 830/523/474
f 1549/490/443 827/1745/1711 1551/1742/1708
f 1551/1742/1708 828/1746/1712 1552/1743/1709
f 1552/1743/1709 829/1747/1713 1553/1744/1710
f 1553/1744/1710 826/1748/376 1550/465/424
f 1554/491/444 822/1730/1696 820/475/431
f 1556/1749/1714 823/1731/1715 822/1730/1696
f 1557/1750/1716 824/1751/1717 823/1731/1698
f 1558/1752/1718 821/1733/370 824/1751/1717
f 832/1162/1109 1556/1749/1714 1554/491/444
f 844/1161/1108 1557/1750/1719 1556/1749/1714
f 839/1164/1720 1558/1752/1718 1557/1750/1716
f 838/1158/1102 1555/1753/378 1558/1752/1718
f 1559/493/446 827/1745/1711 825/492/445
f 1561/1754/1721 828/1746/1712 827/1745/1711
f 1562/1755/1722 829/1747/1713 828/1746/1712
f 829/1756/1713 1560/407/374 826/409/376
f 816/524/475 1561/1754/1721 1559/493/446
f 819/1734/1700 1562/1755/1723 1561/1754/1721
f 818/1736/1705 1563/1757/1724 1562/1755/1722
f 817/1739/1704 1560/407/374 1563/1758/1724
f 1564/489/442 871/1759/1725 868/416/381
f 1566/1760/1726 870/1761/1727 871/1759/1725
f 1567/1762/1728 869/1763/1729 870/1761/1727
f 1568/1764/1730 867/538/486 869/1763/1729
f 852/436/399 1566/1760/1726 1564/489/442
f 854/1765/1731 1567/1762/1728 1566/1760/1726
f 855/1766/1732 1568/1764/1730 1567/1762/1728
f 856/1767/1733 1565/537/485 1568/1764/1730
f 873/430/393 1571/1768/1734 876/1769/1735
f 876/1769/1735 1572/1770/1736 875/1771/1737
f 875/1771/1737 1573/1772/1738 874/1773/1739
f 874/1773/1739 1570/470/427 872/473/430
f 1569/429/392 859/1774/1740 1571/1768/1734
f 1571/1768/1734 860/1775/1741 1572/1770/1736
f 1572/1770/1736 861/1776/1742 1573/1772/1738
f 1573/1772/1738 858/471/428 1570/470/427
f 848/426/389 1576/1777/1743 851/1778/1744
f 851/1778/1744 1577/1779/1745 850/1780/1746
f 850/1780/1746 1578/1781/1747 849/1782/1748
f 849/1782/1748 1575/487/441 847/451/413
f 1574/417/382 871/1759/1725 1576/1777/1743
f 1576/1777/1743 870/1761/1727 1577/1779/1745
f 1577/1779/1745 869/1763/1729 1578/1781/1747
f 1578/1781/1747 867/538/486 1575/487/441
f 1579/431/394 866/1783/1749 863/472/429
f 1581/1784/1750 865/1785/1751 866/1783/1749
f 1582/1786/1752 864/1787/1753 865/1785/1751
f 1583/1788/1754 862/528/479 864/1787/1753
f 873/430/393 1581/1784/1750 1579/431/394
f 876/1769/1735 1582/1786/1752 1581/1784/1750
f 875/1771/1737 1583/1788/1754 1582/1786/1752
f 874/1773/1739 1580/508/459 1583/1788/1754
f 1584/422/386 881/1789/1755 878/502/454
f 1586/1790/1756 880/1791/1757 881/1789/1755
f 1587/1792/1758 879/1793/1759 880/1791/1757
f 1588/1794/1760 877/423/387 879/1793/1759
f 863/472/429 1586/1790/1756 1584/422/386
f 866/1783/1749 1587/1792/1758 1586/1790/1756
f 865/1785/1751 1588/1794/1760 1587/1792/1758
f 864/1787/1753 1585/439/402 1588/1794/1760
f 1589/437/400 854/1765/1731 852/436/399
f 1591/1795/1761 855/1766/1732 854/1765/1731
f 1592/1796/1762 856/1767/1733 855/1766/1732
f 1593/1797/1763 853/536/484 856/1767/1733
f 882/442/404 1591/1795/1761 1589/437/400
f 884/1798/1764 1592/1796/1762 1591/1795/1761
f 885/1799/1765 1593/1797/1763 1592/1796/1762
f 886/1800/1766 1590/419/384 1593/1797/1763
f 1594/443/405 884/1798/1764 882/442/404
f 1596/1801/1767 885/1799/1765 884/1798/1764
f 1597/1802/1768 886/1800/1766 885/1799/1765
f 1598/1803/1769 883/485/439 886/1800/1766
f 892/447/409 1596/1801/1767 1594/443/405
f 894/1804/1770 1597/1802/1768 1596/1801/1767
f 895/1805/1771 1598/1803/1769 1597/1802/1768
f 896/1806/1772 1595/529/480 1598/1803/1769
f 1599/438/401 891/1807/1773 888/533/482
f 1601/1808/1774 890/1809/1775 891/1807/1773
f 1602/1810/1776 889/1811/1777 890/1809/1775
f 1603/1812/1778 887/446/408 889/1811/1777
f 878/502/454 1601/1808/1774 1599/438/401
f 881/1789/1755 1602/1810/1776 1601/1808/1774
f 880/1791/1757 1603/1812/1778 1602/1810/1776
f 879/1793/1759 1600/425/388 1603/1812/1778
f 915/535/483 1606/1813/1779 918/1814/1780
f 918/1814/1780 1607/1815/1781 917/1816/1782
f 917/1816/1782 1608/1817/1783 916/1818/1784
f 916/1818/1784 1605/519/470 914/521/472
f 1604/484/438 901/1166/1114 1606/1819/1779
f 1606/1813/1779 910/1171/1118 1607/1815/1781
f 1607/1815/1781 909/1179/1126 1608/1817/1783
f 1608/1817/1783 899/520/471 1605/519/470
f 1609/449/411 894/1804/1770 892/447/409
f 1611/1820/1785 895/1805/1771 894/1804/1770
f 1612/1821/1786 896/1806/1772 895/1805/1771
f 1613/1822/1787 893/526/477 896/1806/1772
f 915/535/483 1611/1820/1785 1609/449/411
f 918/1814/1780 1612/1821/1786 1611/1820/1785
f 917/1816/1782 1613/1822/1787 1612/1821/1786
f 916/1818/1784 1610/503/455 1613/1822/1787
f 1614/444/406 905/1176/1122 898/450/412
f 1616/1823/1788 906/1182/1129 905/1176/1122
f 1617/1824/1789 911/1180/1127 906/1182/1129
f 1618/1825/1790 899/520/471 911/1180/1127
f 888/533/482 1616/1823/1788 1614/444/406
f 891/1807/1773 1617/1824/1789 1616/1823/1788
f 890/1809/1775 1618/1825/1790 1617/1824/1789
f 889/1811/1777 1615/518/469 1618/1825/1790
f 857/433/396 1621/1826/1791 859/1774/1740
f 859/1774/1740 1622/1827/1792 860/1775/1741
f 860/1775/1741 1623/1828/1793 861/1776/1742
f 861/1776/1742 1620/513/464 858/471/428
f 1619/454/414 926/1829/1794 1621/1826/1791
f 1621/1826/1791 927/1830/1795 1622/1827/1792
f 1622/1827/1792 928/1831/1796 1623/1828/1793
f 1623/1828/1793 925/477/433 1620/513/464
f 920/456/416 1626/1832/1797 923/1833/1798
f 923/1833/1798 1627/1834/1799 922/1835/1800
f 922/1835/1800 1628/1836/1801 921/1837/1802
f 921/1837/1802 1625/460/419 919/459/418
f 1624/427/390 851/1778/1744 1626/1832/1797
f 1626/1832/1797 850/1780/1746 1627/1834/1799
f 1627/1834/1799 849/1782/1748 1628/1836/1801
f 1628/1836/1801 847/451/413 1625/460/419
f 1629/469/426 937/1838/1133 934/525/476
f 1631/1839/1803 938/1196/1143 937/1185/1133
f 1632/1840/1804 944/1192/1139 938/1196/1143
f 1633/1841/1805 935/1193/1140 944/1192/1139
f 929/463/422 1631/1839/1803 1629/1842/426
f 931/1843/1806 1632/1840/1804 1631/1839/1803
f 932/1844/1807 1633/1841/1805 1632/1840/1804
f 933/1845/1808 1630/497/450 1633/1841/1805
f 924/455/415 1636/1846/1809 926/1829/1794
f 926/1829/1794 1637/1847/1810 927/1830/1795
f 927/1830/1795 1638/1848/1811 928/1831/1796
f 928/1831/1796 1635/496/449 925/477/433
f 1634/461/420 948/1199/1147 1636/1846/1809
f 1636/1846/1809 943/1194/1141 1637/1847/1810
f 1637/1847/1810 942/1191/1138 1638/1848/1811
f 1638/1848/1811 935/1193/1140 1635/496/449
f 929/463/422 1641/1849/1812 931/1843/1806
f 931/1843/1806 1642/1850/1813 932/1844/1807
f 932/1844/1807 1643/1851/1814 933/1845/1808
f 933/1845/1808 1640/495/448 930/494/447
f 1639/457/417 923/1833/1798 1641/1849/1812
f 1641/1849/1812 922/1835/1800 1642/1850/1813
f 1642/1850/1813 921/1837/1802 1643/1851/1814
f 1643/1851/1814 919/459/418 1640/495/448
f 936/462/421 1646/1852/1815 947/1853/1148
f 947/1184/1816 1645/522/473 934/525/476
f 1644/412/379 833/1854/1817 1646/1852/1815
f 1646/1855/1818 830/523/474 1645/522/473
f 1647/392/360 806/1856/1819 795/393/361
f 1649/1857/1820 793/1130/1071 806/1132/1073
f 898/450/412 1649/1858/1821 1647/392/360
f 900/1859/1115 1648/481/435 1649/1857/1820
f 972/562/507 1652/1860/1822 975/1861/1823
f 975/1861/1823 1653/1862/1824 974/1863/1825
f 974/1864/1826 1654/1865/1827 973/1866/1828
f 1654/1865/1827 971/716/646 973/1866/1828
f 1650/561/506 958/1867/1829 1652/1860/1822
f 1652/1860/1822 959/1868/1830 1653/1862/1824
f 1653/1869/1831 960/1870/1832 1654/1865/1827
f 960/1870/1832 1651/676/610 1654/1865/1827
f 1655/598/541 980/1871/1833 977/545/492
f 1657/1872/1834 979/1873/1835 980/1874/1833
f 1658/1875/1836 978/1876/1837 979/1873/1838
f 978/1876/1837 1656/656/593 976/558/503
f 961/727/655 1657/1877/1834 1655/598/541
f 963/1878/1839 1658/1875/1840 1657/1872/1834
f 964/1879/1841 1659/1880/1842 1658/1875/1836
f 1659/1880/1842 962/555/500 1656/656/593
f 1660/666/602 955/1881/1843 952/512/463
f 1662/1882/1844 954/1883/1845 955/1881/1843
f 1663/1884/1846 953/1885/1847 954/1886/1848
f 953/1885/1847 1661/541/489 951/553/498
f 972/562/507 1662/1882/1844 1660/666/602
f 975/1861/1823 1663/1887/1849 1662/1882/1844
f 974/1864/1826 1664/1888/1850 1663/1884/1846
f 1664/1888/1850 971/716/646 1661/541/489
f 967/695/628 1667/1889/1851 970/1890/1852
f 970/1891/1852 1668/1892/1853 969/1893/1854
f 969/1893/1855 1669/1894/1856 968/1895/1857
f 1669/1894/1856 966/547/493 968/1895/1857
f 1665/563/508 980/1871/1833 1667/1889/1851
f 1667/1896/1851 979/1873/1835 1668/1892/1853
f 1668/1892/1858 978/1876/1837 1669/1894/1856
f 978/1876/1837 1666/560/505 1669/1894/1856
f 982/696/629 1672/1897/1859 985/1898/1860
f 985/1899/1860 1673/1900/1861 984/1901/1862
f 984/1901/1863 1674/1902/1864 983/1903/1865
f 1674/1902/1864 981/566/510 983/1903/1865
f 1670/690/623 970/1890/1852 1672/1897/1859
f 1672/1904/1859 969/1893/1854 1673/1900/1861
f 1673/1900/1866 968/1895/1857 1674/1902/1864
f 968/1895/1857 1671/549/495 1674/1902/1864
f 956/552/497 1677/1905/1867 958/1867/1829
f 958/1867/1829 1678/1906/1868 959/1868/1830
f 959/1907/1869 1679/1908/1870 960/1870/1832
f 1679/1908/1870 957/572/516 960/1870/1832
f 1675/551/496 988/1909/1871 1677/1905/1867
f 1677/1905/1867 989/1910/1872 1678/1906/1868
f 1678/1911/1873 990/1912/1874 1679/1908/1870
f 990/1912/1874 1676/570/514 1679/1908/1870
f 986/581/524 1682/1913/1875 988/1909/1871
f 988/1909/1871 1683/1914/1876 989/1910/1872
f 989/1915/1877 1684/1916/1878 990/1912/1874
f 1684/1916/1878 987/569/513 990/1912/1874
f 1680/590/533 998/1917/1879 1682/1913/1875
f 1682/1913/1875 999/1918/1880 1683/1914/1876
f 1683/1919/1881 1000/1920/1882 1684/1916/1878
f 1000/1920/1882 1681/567/511 1684/1916/1878
f 992/728/656 1687/1921/1883 995/1922/1884
f 995/1923/1884 1688/1924/1885 994/1925/1886
f 994/1925/1887 1689/1926/1888 993/1927/1889
f 993/1927/1889 1686/574/518 991/576/520
f 1685/721/649 985/1898/1860 1687/1921/1883
f 1687/1928/1883 984/1901/1862 1688/1924/1885
f 1688/1924/1890 983/1903/1865 1689/1926/1888
f 983/1903/1865 1686/574/518 1689/1926/1888
f 1690/704/636 1022/1929/1891 1019/702/634
f 1692/1930/1892 1021/1931/1893 1022/1929/1891
f 1693/1932/1894 1020/1933/1895 1021/1931/1896
f 1694/1934/1897 1018/720/529 1020/1933/1895
f 1002/1210/1160 1692/1930/1892 1690/704/636
f 1012/1209/1159 1693/1932/1894 1692/1930/1892
f 1005/1215/1163 1694/1934/1897 1693/1932/1894
f 1004/1204/1154 1691/670/604 1694/1934/1897
f 996/589/532 1697/1935/1898 998/1917/1879
f 998/1917/1879 1698/1936/1899 999/1918/1880
f 999/1937/1900 1699/1938/1901 1000/1920/1882
f 1000/1920/1882 1696/577/521 997/579/523
f 1695/689/622 1022/1929/1891 1697/1935/1898
f 1697/1935/1902 1021/1931/1893 1698/1936/1899
f 1698/1939/1903 1020/1940/1895 1699/1938/1901
f 1020/1940/1895 1696/577/521 1699/1938/1901
f 1002/1210/1160 1702/1941/1904 1010/1208/1158
f 1010/1213/1158 1703/1942/1905 1011/1211/1161
f 1011/1211/1171 1704/1943/1906 1015/1219/1167
f 1015/1219/1167 1701/583/526 1003/585/528
f 1700/703/635 995/1922/1884 1702/1941/1904
f 1702/1944/1904 994/1925/1886 1703/1942/1905
f 1703/1942/1907 993/1927/1889 1704/1943/1906
f 1704/1943/1906 991/576/520 1701/583/526
f 1705/606/548 963/1945/1839 961/727/655
f 1707/1946/1908 964/1879/1909 963/1878/1839
f 1708/1947/1910 965/1948/1911 964/1879/1841
f 965/1948/1911 1706/699/631 962/555/500
f 1028/665/601 1707/1949/1908 1705/606/548
f 1030/1950/1912 1708/1947/1913 1707/1946/1908
f 1031/1951/1914 1709/1952/1915 1708/1947/1910
f 1709/1952/1915 1029/595/538 1706/699/631
f 1710/510/461 1027/1953/1916 1024/712/643
f 1712/1954/1917 1026/1955/1918 1027/1953/1916
f 1713/1956/1919 1025/1957/1920 1026/1958/1921
f 1025/1957/1920 1711/591/534 1023/593/536
f 952/512/463 1712/1954/1917 1710/510/461
f 955/1881/1843 1713/1959/1922 1712/1954/1917
f 954/1886/1848 1714/1960/1923 1713/1956/1919
f 1714/1960/1923 951/553/498 1711/591/534
f 1040/1240/1191 1717/1961/1924 1051/1238/1189
f 1051/1238/1189 1718/1962/1925 1052/1228/1178
f 1052/1228/1178 1719/1963/1926 1042/1224/1174
f 1042/1224/1174 1716/709/594 1038/711/642
f 1715/680/613 1035/1964/1927 1717/1961/1924
f 1717/1961/1924 1036/1965/1928 1718/1962/1925
f 1718/1962/1925 1037/1966/1929 1719/1963/1926
f 1719/1963/1926 1034/1967/544 1716/709/594
f 1720/681/614 1030/1968/1912 1028/665/601
f 1722/1969/1930 1031/1951/1931 1030/1950/1912
f 1723/1970/1932 1032/1971/1933 1031/1951/1914
f 1724/1972/1934 1029/595/538 1032/1971/1933
f 1040/1240/1191 1722/1973/1930 1720/681/614
f 1053/1244/1190 1723/1970/1935 1722/1969/1930
f 1047/1243/1936 1724/1972/1934 1723/1970/1932
f 1046/1233/1183 1721/603/546 1724/1972/1934
f 1725/683/616 1035/1964/1927 1033/682/615
f 1727/1974/1937 1036/1965/1928 1035/1964/1927
f 1728/1975/1938 1037/1976/1929 1036/1977/1928
f 1037/1976/1929 1726/599/542 1034/601/544
f 1024/712/643 1727/1974/1937 1725/683/616
f 1027/1953/1916 1728/1978/1939 1727/1974/1937
f 1026/1958/1921 1729/1979/1940 1728/1975/1938
f 1025/1957/1920 1726/599/542 1729/1979/1940
f 1730/679/612 1080/1980/1941 1077/608/549
f 1732/1981/1942 1079/1982/1943 1080/1980/1941
f 1733/1983/1944 1078/1984/1945 1079/1982/1943
f 1734/1985/1946 1076/726/654 1078/1984/1945
f 1061/628/568 1732/1981/1942 1730/679/612
f 1063/1986/1947 1733/1983/1944 1732/1981/1942
f 1064/1987/1948 1734/1985/1946 1733/1983/1944
f 1065/1988/1949 1731/725/653 1734/1985/1946
f 1082/622/562 1737/1989/1950 1085/1990/1951
f 1085/1990/1951 1738/1991/1952 1084/1992/1953
f 1084/1992/1953 1739/1993/1954 1083/1994/1955
f 1083/1994/1955 1736/660/597 1081/663/600
f 1735/621/561 1068/1995/1956 1737/1989/1950
f 1737/1989/1950 1069/1996/1957 1738/1991/1952
f 1738/1991/1952 1070/1997/1958 1739/1993/1954
f 1739/1993/1954 1067/661/598 1736/660/597
f 1057/618/558 1742/1998/1959 1060/1999/1960
f 1060/1999/1960 1743/2000/1961 1059/2001/1962
f 1059/2001/1962 1744/2002/1963 1058/2003/1964
f 1058/2003/1964 1741/677/611 1056/643/583
f 1740/609/550 1080/1980/1941 1742/1998/1959
f 1742/1998/1959 1079/1982/1943 1743/2000/1961
f 1743/2000/1961 1078/1984/1945 1744/2002/1963
f 1744/2002/1963 1076/726/654 1741/677/611
f 1745/623/563 1075/2004/1965 1072/662/599
f 1747/2005/1966 1074/2006/1967 1075/2004/1965
f 1748/2007/1968 1073/2008/1969 1074/2006/1967
f 1749/2009/1970 1071/717/647 1073/2008/1969
f 1082/622/562 1747/2005/1966 1745/623/563
f 1085/1990/1951 1748/2007/1968 1747/2005/1966
f 1084/1992/1953 1749/2009/1970 1748/2007/1968
f 1083/1994/1955 1746/698/630 1749/2009/1970
f 1750/614/554 1090/2010/1971 1087/692/625
f 1752/2011/1972 1089/2012/1973 1090/2010/1971
f 1753/2013/1974 1088/2014/1975 1089/2012/1973
f 1754/2015/1976 1086/615/555 1088/2014/1975
f 1072/662/599 1752/2011/1972 1750/614/554
f 1075/2004/1965 1753/2013/1974 1752/2011/1972
f 1074/2006/1967 1754/2015/1976 1753/2013/1974
f 1073/2008/1969 1751/631/571 1754/2015/1976
f 1755/629/569 1063/1986/1947 1061/628/568
f 1757/2016/1977 1064/1987/1948 1063/1986/1947
f 1758/2017/1978 1065/1988/1949 1064/1987/1948
f 1759/2018/1979 1062/724/652 1065/1988/1949
f 1091/634/574 1757/2016/1977 1755/629/569
f 1093/2019/1980 1758/2017/1978 1757/2016/1977
f 1094/2020/1981 1759/2018/1979 1758/2017/1978
f 1095/2021/1982 1756/611/552 1759/2018/1979
f 1760/635/575 1093/2019/1980 1091/634/574
f 1762/2022/1983 1094/2020/1981 1093/2019/1980
f 1763/2023/1984 1095/2021/1982 1094/2020/1981
f 1764/2024/1985 1092/675/609 1095/2021/1982
f 1101/639/579 1762/2022/1983 1760/635/575
f 1103/2025/1986 1763/2023/1984 1762/2022/1983
f 1104/2026/1987 1764/2024/1985 1763/2023/1984
f 1105/2027/1988 1761/718/648 1764/2024/1985
f 1765/630/570 1100/2028/1989 1097/722/650
f 1767/2029/1990 1099/2030/1991 1100/2028/1989
f 1768/2031/1992 1098/2032/1993 1099/2030/1991
f 1769/2033/1994 1096/638/578 1098/2032/1993
f 1087/692/625 1767/2029/1990 1765/630/570
f 1090/2010/1971 1768/2031/1992 1767/2029/1990
f 1089/2012/1973 1769/2033/1994 1768/2031/1992
f 1088/2014/1975 1766/617/557 1769/2033/1994
f 1124/2034/651 1772/2035/1995 1127/2036/1996
f 1127/2036/1996 1773/2037/1997 1126/2038/1998
f 1126/2038/1998 1774/2039/1999 1125/2040/2000
f 1125/2040/2000 1771/706/638 1123/708/640
f 1770/674/608 1110/1247/1196 1772/2041/1995
f 1772/2035/1995 1119/1253/1200 1773/2037/1997
f 1773/2037/1997 1118/1259/1208 1774/2039/1999
f 1774/2039/1999 1108/707/639 1771/706/638
f 1775/641/581 1103/2025/1986 1101/639/579
f 1777/2042/2001 1104/2026/1987 1103/2025/1986
f 1778/2043/2002 1105/2027/1988 1104/2026/1987
f 1779/2044/2003 1102/715/645 1105/2027/1988
f 1124/2034/651 1777/2042/2001 1775/641/581
f 1127/2036/1996 1778/2043/2002 1777/2042/2001
f 1126/2038/1998 1779/2044/2003 1778/2043/2002
f 1125/2040/2000 1776/693/626 1779/2044/2003
f 1780/636/576 1114/1257/1204 1107/642/582
f 1782/2045/2004 1115/1262/1211 1114/1257/1204
f 1783/2046/2005 1120/1260/1209 1115/1262/1211
f 1784/2047/2006 1108/707/639 1120/1260/1209
f 1097/722/650 1782/2045/2004 1780/636/576
f 1100/2028/1989 1783/2046/2005 1782/2045/2004
f 1099/2030/1991 1784/2047/2006 1783/2046/2005
f 1098/2032/1993 1781/705/637 1784/2047/2006
f 1066/625/565 1787/2048/2007 1068/1995/1956
f 1068/1995/1956 1788/2049/2008 1069/1996/1957
f 1069/1996/1957 1789/2050/2009 1070/1997/1958
f 1070/1997/1958 1786/700/632 1067/661/598
f 1785/646/584 1135/2051/2010 1787/2048/2007
f 1787/2048/2007 1136/2052/2011 1788/2049/2008
f 1788/2049/2008 1137/2053/2012 1789/2050/2009
f 1789/2050/2009 1134/667/603 1786/700/632
f 1129/648/586 1792/2054/2013 1132/2055/2014
f 1132/2055/2014 1793/2056/2015 1131/2057/2016
f 1131/2057/2016 1794/2058/2017 1130/2059/2018
f 1130/2059/2018 1791/652/589 1128/651/588
f 1790/619/559 1060/1999/1960 1792/2054/2013
f 1792/2054/2013 1059/2001/1962 1793/2056/2015
f 1793/2056/2015 1058/2003/1964 1794/2058/2017
f 1794/2058/2017 1056/643/583 1791/652/589
f 1795/659/596 1146/1266/1215 1143/1263/644
f 1797/2060/2019 1147/1275/1225 1146/1266/1215
f 1798/2061/2020 1153/1271/1221 1147/1275/1225
f 1799/2062/2021 1144/1272/1222 1153/1271/1221
f 1138/655/592 1797/2060/2019 1795/659/596
f 1140/2063/2022 1798/2061/2020 1797/2060/2019
f 1141/2064/2023 1799/2062/2021 1798/2061/2020
f 1142/2065/2024 1796/687/620 1799/2062/2021
f 1133/647/585 1802/2066/2025 1135/2051/2010
f 1135/2051/2010 1803/2067/2026 1136/2052/2011
f 1136/2052/2011 1804/2068/2027 1137/2053/2012
f 1137/2053/2012 1801/686/619 1134/667/603
f 1800/653/590 1157/1278/1229 1802/2066/2025
f 1802/2066/2025 1152/1273/1223 1803/2067/2026
f 1803/2067/2026 1151/1270/1220 1804/2068/2027
f 1804/2068/2027 1144/1272/1222 1801/686/619
f 1138/655/592 1807/2069/2028 1140/2063/2022
f 1140/2063/2022 1808/2070/2029 1141/2064/2023
f 1141/2064/2023 1809/2071/2030 1142/2065/2024
f 1142/2065/2024 1806/685/618 1139/684/617
f 1805/649/587 1132/2055/2014 1807/2069/2028
f 1807/2069/2028 1131/2057/2016 1808/2070/2029
f 1808/2070/2029 1130/2059/2018 1809/2071/2030
f 1809/2071/2030 1128/651/588 1806/685/618
f 1145/654/591 1812/2072/2031 1156/2073/1230
f 1156/2074/1214 1811/710/641 1143/714/644
f 1810/604/547 1048/1232/2032 1812/2072/2031
f 1812/2072/2033 1048/1232/2033 1041/1236/2034
f 1812/2075/2035 1038/711/642 1811/710/641
f 1813/584/527 1006/2076/2036 1003/585/2037
f 1815/2077/2038 1001/1201/1151 1006/1203/1153
f 1107/642/582 1815/2078/2039 1813/584/527
f 1109/2079/1197 1814/671/605 1815/2077/2038
f 444/835/772 438/834/771 440/830/2040
f 433/1542/1494 432/819/2041 434/2080/1505
f 510/1560/1516 511/2081/1519 1816/1561/2042
f 485/1547/2043 486/2082/2044 1819/1545/2045
f 452/1528/2046 1818/842/2046 453/2083/2046
f 461/1553/2047 462/853/2048 463/2084/2049
f 463/2084/2050 462/853/791 1160/852/790
f 200/16/13 1173/4/4 106/6/6
f 1193/30/26 105/96/85 19/31/27
f 1188/33/29 117/90/80 26/34/30
f 1208/40/36 113/50/45 18/41/37
f 273/56/50 1223/54/48 104/55/49
f 284/64/58 1238/62/56 112/63/57
f 106/6/6 20/5/5 327/71/63
f 10/73/65 312/191/164 1268/74/66
f 336/78/69 8/95/65 98/79/65
f 104/55/49 16/17/14 307/81/71
f 116/89/79 1242/142/124 327/71/63
f 117/90/80 1267/92/82 311/91/81
f 19/31/27 341/97/86 1267/92/82
f 1263/94/84 97/75/65 8/95/65
f 105/96/85 1272/98/87 341/97/86
f 18/41/37 351/102/91 1272/98/87
f 1278/80/70 98/79/65 11/100/89
f 113/50/45 1287/104/93 351/102/91
f 25/103/92 374/190/163 1287/104/93
f 306/106/95 1253/140/123 96/107/65
f 112/63/57 17/57/51 379/111/98
f 100/113/65 12/132/65 378/114/100
f 21/65/59 112/63/57 1317/112/99
f 7/108/65 96/107/65 1248/123/109
f 96/107/65 9/141/65 331/126/112
f 16/17/14 106/6/6 1252/72/64
f 384/130/115 1313/149/131 101/131/65
f 97/75/65 1268/74/66 342/138/121
f 206/35/31 26/34/30 116/89/79
f 1253/140/123 326/193/166 9/141/65
f 26/34/30 311/91/81 1242/142/124
f 101/131/65 1308/150/132 389/147/129
f 1313/149/131 394/792/727 1308/150/132
f 11/100/89 352/181/157 1288/156/137
f 95/160/65 1258/161/140 331/126/112
f 10/73/65 321/183/159 1258/161/140
f 7/108/65 100/113/65 1303/115/101
f 1298/166/145 384/130/115 12/132/65
f 1293/171/149 99/157/89 1283/172/150
f 99/157/89 1288/156/137 373/174/152
f 17/57/51 104/55/49 1302/82/72
f 246/42/38 18/41/37 105/96/85
f 12/132/65 101/131/65 1318/148/130
f 98/79/65 1273/184/160 352/181/157
f 1163/139/122 116/89/79 20/5/5
f 321/183/159 10/73/65 97/75/65
f 8/95/65 342/138/121 1273/184/160
f 312/191/164 10/73/65 95/160/65
f 1243/192/165 95/160/65 9/141/65
f 346/101/90 11/100/89 99/157/89
f 317/124/110 1298/166/145 100/113/65
f 456/196/169 1395/342/315 130/197/170
f 710/204/177 1436/330/303 131/205/178
f 480/207/180 32/233/206 127/208/181
f 1431/206/179 131/205/178 1441/215/188
f 447/217/190 1365/317/290 124/218/191
f 1406/223/196 132/337/310 1411/224/197
f 27/228/201 533/261/234 1348/229/202
f 31/230/203 127/208/181 1352/231/204
f 32/233/206 515/300/273 1352/231/204
f 437/234/207 1366/248/221 134/235/208
f 33/240/213 551/303/276 1334/241/214
f 34/198/171 130/197/170 1339/243/216
f 412/245/218 28/274/247 122/246/219
f 1366/248/221 446/843/780 1450/249/222
f 30/253/226 125/278/251 1333/254/227
f 456/196/169 34/198/171 128/256/229
f 447/217/190 29/219/192 123/258/231
f 27/228/201 122/246/219 1328/260/233
f 34/198/171 531/244/217 1329/262/235
f 1381/266/239 426/820/756 1455/267/240
f 35/269/242 570/270/243 1339/243/216
f 35/269/242 129/242/215 1334/241/214
f 481/271/244 1381/266/239 119/268/241
f 28/274/247 123/258/231 1343/275/248
f 29/219/192 513/281/254 1343/275/248
f 427/277/250 31/230/203 125/278/251
f 490/280/253 1385/257/230 128/256/229
f 29/219/192 124/218/191 1348/229/202
f 1396/286/259 455/854/792 1467/287/260
f 28/274/247 549/276/249 1328/260/233
f 506/291/264 1396/286/259 139/288/261
f 1386/293/266 489/890/823 1463/294/267
f 30/253/226 550/255/228 1342/296/269
f 31/230/203 568/232/205 1333/254/227
f 32/233/206 126/297/270 1342/296/269
f 569/301/274 1351/251/224 121/302/275
f 33/240/213 128/256/229 1329/262/235
f 1480/292/265 139/288/261 1440/305/278
f 139/288/261 1467/287/260 692/307/280
f 1472/236/209 134/235/208 1410/310/283
f 134/235/208 1450/249/222 622/312/285
f 1455/267/240 658/1059/997 1425/313/286
f 119/268/241 1425/313/286 673/315/288
f 436/316/289 27/228/201 124/218/191
f 427/277/250 1380/209/182 127/208/181
f 465/322/295 1371/279/252 125/278/251
f 640/323/296 1420/339/312 133/324/297
f 1415/325/298 133/324/297 1426/326/299
f 490/280/253 33/240/213 129/242/215
f 505/329/302 1390/328/301 129/242/215
f 1441/215/188 131/205/178 1436/330/303
f 412/245/218 1360/259/232 123/258/231
f 436/316/289 1356/247/220 122/246/219
f 1411/224/197 132/337/310 1400/334/307
f 605/336/309 1400/334/307 132/337/310
f 465/322/295 30/253/226 126/297/270
f 480/207/180 1376/338/311 126/297/270
f 1426/326/299 133/324/297 1420/339/312
f 505/329/302 35/269/242 130/197/170
f 1495/349/322 763/527/478 55/350/323
f 743/361/331 1495/349/322 158/351/324
f 1515/375/344 157/441/403 54/376/345
f 1510/378/347 169/435/398 61/379/348
f 1530/385/354 165/395/363 53/386/355
f 810/394/362 60/448/410 165/395/363
f 1545/399/366 743/361/331 51/362/332
f 815/401/368 1545/399/366 156/400/367
f 1560/407/374 815/401/368 52/402/369
f 158/351/324 55/350/323 868/416/381
f 45/418/383 853/536/484 1590/419/384
f 877/423/387 43/440/383 150/424/383
f 156/400/367 51/362/332 848/426/389
f 168/434/397 1564/489/442 868/416/381
f 169/435/398 1589/437/400 852/436/399
f 54/376/345 882/442/404 1589/437/400
f 1585/439/402 149/420/383 43/440/383
f 157/441/403 1594/443/405 882/442/404
f 53/386/355 892/447/409 1594/443/405
f 1600/425/388 150/424/383 46/445/407
f 165/395/363 1609/449/411 892/447/409
f 60/448/410 915/535/483 1609/449/411
f 847/451/413 1575/487/441 148/452/383
f 164/408/375 52/402/369 920/456/416
f 152/458/383 47/479/383 919/459/418
f 56/410/377 164/408/375 1639/457/417
f 42/453/383 148/452/383 1570/470/427
f 148/452/383 44/488/383 872/473/430
f 51/362/332 158/351/324 1574/417/382
f 925/477/433 1635/496/449 153/478/383
f 779/377/346 54/376/345 169/435/398
f 149/420/383 1590/419/384 883/485/439
f 749/380/349 61/379/348 168/434/397
f 1575/487/441 867/538/486 44/488/383
f 61/379/348 852/436/399 1564/489/442
f 153/478/383 1630/497/450 930/494/447
f 1635/496/449 935/1193/1140 1630/497/450
f 46/445/407 893/526/477 1610/503/455
f 147/507/383 1580/508/459 872/473/430
f 45/418/383 862/528/479 1580/508/459
f 42/453/383 152/458/383 1625/460/419
f 1620/513/464 925/477/433 47/479/383
f 1615/518/469 151/504/456 1605/519/470
f 151/504/456 1610/503/455 914/521/472
f 52/402/369 156/400/367 1624/427/390
f 789/387/356 53/386/355 157/441/403
f 47/479/383 153/478/383 1640/495/448
f 150/424/383 1595/529/480 893/526/477
f 1485/486/440 168/434/397 55/350/323
f 862/528/479 45/418/383 149/420/383
f 43/440/383 883/485/439 1595/529/480
f 853/536/484 45/418/383 147/507/383
f 1565/537/485 147/507/383 44/488/383
f 887/446/408 46/445/407 151/504/456
f 858/471/428 1620/513/464 152/458/383
f 1661/541/489 971/716/646 81/542/490
f 951/553/498 1661/541/489 188/543/491
f 1681/567/511 187/633/573 80/568/512
f 1676/570/514 199/627/567 87/571/515
f 1696/577/521 195/587/530 79/578/522
f 1018/586/529 86/640/580 195/587/530
f 1711/591/534 951/553/498 77/554/499
f 1023/593/536 1711/591/534 186/592/535
f 1726/599/542 1023/593/536 78/594/537
f 1034/601/544 1726/599/542 194/600/543
f 188/543/491 81/542/490 1077/608/549
f 71/610/551 1062/724/652 1756/611/552
f 1086/615/555 69/632/572 180/616/556
f 186/592/535 77/554/499 1057/618/558
f 198/626/566 1730/679/612 1077/608/549
f 199/627/567 1755/629/569 1061/628/568
f 80/568/512 1091/634/574 1755/629/569
f 1751/631/571 179/612/551 69/632/572
f 187/633/573 1760/635/575 1091/634/574
f 79/578/522 1101/639/579 1760/635/575
f 1766/617/557 180/616/556 72/637/577
f 195/587/530 1775/641/581 1101/639/579
f 86/640/580 1124/2034/651 1775/641/581
f 1056/643/583 1741/677/611 178/644/551
f 194/600/543 78/594/537 1129/648/586
f 182/650/551 73/669/551 1128/651/588
f 82/602/545 194/600/543 1805/649/587
f 189/658/595 82/602/545 1138/655/592
f 68/645/551 178/644/551 1736/660/597
f 178/644/551 70/678/551 1081/663/600
f 77/554/499 188/543/491 1740/609/550
f 1134/667/603 1801/686/619 183/668/551
f 987/569/513 80/568/512 199/627/567
f 179/612/551 1756/611/552 1092/675/609
f 957/572/516 87/571/515 198/626/566
f 1741/677/611 1076/726/654 70/678/551
f 87/571/515 1061/628/568 1730/679/612
f 183/668/551 1796/687/620 1139/684/617
f 1801/686/619 1144/1272/1222 1796/687/620
f 72/637/577 1102/715/645 1776/693/626
f 177/697/551 1746/698/630 1081/663/600
f 71/610/551 1071/717/647 1746/698/630
f 68/645/551 182/650/551 1791/652/589
f 1786/700/632 1134/667/603 73/669/551
f 1781/705/637 181/694/627 1771/706/638
f 181/694/627 1776/693/626 1123/708/640
f 78/594/537 186/592/535 1790/619/559
f 997/579/523 79/578/522 187/633/573
f 73/669/551 183/668/551 1806/685/618
f 180/616/556 1761/718/648 1102/715/645
f 1651/676/610 198/626/566 81/542/490
f 1071/717/647 71/610/551 179/612/551
f 69/632/572 1092/675/609 1761/718/648
f 1062/724/652 71/610/551 177/697/551
f 1731/725/653 177/697/551 70/678/551
f 1096/638/578 72/637/577 181/694/627
f 1067/661/598 1786/700/632 182/650/551
f 1250/1410/1362 319/1415/1367 320/1416/1368
f 310/1418/1370 1254/1417/1369 1255/1419/1371
f 308/1422/1374 1256/1421/1373 1253/140/123
f 1266/1434/1386 1263/94/84 336/78/69
f 341/97/86 343/1438/1390 1269/1435/1387
f 344/1439/1391 345/1440/1392 1271/1437/1389
f 353/1444/1396 354/1445/1397 1275/1442/1394
f 1289/1460/1411 1290/1461/1412 354/1445/1397
f 1290/1461/1412 1291/1462/1413 355/1446/1398
f 348/1451/1403 346/101/90 1293/171/149
f 380/1477/1428 1306/1476/1427 1303/115/101
f 1305/1474/1425 309/1420/1372 308/1422/1374
f 391/1484/1433 1320/1490/1439 1321/1491/1440
f 533/261/234 1328/260/233 1330/1503/1451
f 544/945/878 1330/1503/1451 1331/1504/1452
f 1331/1504/1452 1332/1505/1453 536/933/864
f 1332/1505/1453 1329/262/235 531/244/217
f 1328/260/233 549/276/249 554/950/885
f 1330/1503/1451 554/950/885 564/953/888
f 564/953/888 563/961/896 1332/1505/1453
f 563/961/896 551/303/276 1329/262/235
f 1333/254/227 1335/1506/1454 558/956/891
f 1335/1506/1454 1336/1508/1456 559/958/893
f 559/958/893 1336/1508/1456 1337/1507/1455
f 565/962/897 1337/1507/1455 1334/241/214
f 568/232/205 573/966/901 1335/1506/1454
f 573/966/901 583/969/904 1336/1508/1456
f 1336/1508/1456 583/969/904 582/978/913
f 1337/1507/1455 582/978/913 570/270/243
f 1341/1511/1459 1339/243/216 570/270/243
f 1338/1509/262 532/939/263 541/941/871
f 1340/1510/1457 541/941/871 535/934/865
f 1341/1511/1459 534/932/863 531/244/217
f 515/300/273 1342/296/269 1344/1513/1461
f 526/928/857 1344/1513/1461 1345/1514/1462
f 1345/1514/1462 1346/1515/1463 518/916/843
f 1346/1515/1463 1343/275/248 513/281/254
f 1342/296/269 550/255/228 560/957/892
f 1344/1513/1461 560/957/892 553/951/886
f 553/951/886 552/949/884 1346/1515/1463
f 552/949/884 549/276/249 1343/275/248
f 1349/1517/1464 1350/1519/1465 540/948/881
f 1350/1518/1466 1348/229/202 533/261/234
f 1350/1518/1466 516/915/842 513/281/254
f 1351/1520/224 1353/1521/1471 521/925/851
f 1353/1521/1468 1354/1523/1469 522/931/860
f 1351/1520/224 569/972/274 579/974/908
f 1353/1521/1468 579/974/908 572/967/902
f 441/1527/1476 1359/1526/1475 1356/247/220
f 422/812/748 412/245/218 1356/247/220
f 1360/259/232 1362/1529/1478 452/1528/1477
f 1360/259/232 412/245/218 422/814/748
f 1365/317/290 1367/1533/1482 441/1532/1476
f 1367/1533/1482 1368/1534/1484 442/837/1483
f 1368/1534/1484 1369/1535/1485 444/833/769
f 1369/1535/1485 1366/248/221 437/234/207
f 1365/317/290 447/217/190 452/1536/1477
f 1367/1533/1482 452/1536/1477 453/1537/1486
f 1368/1534/1484 453/1537/1486 449/1538/1487
f 1369/1535/1485 449/1538/781 446/843/780
f 464/298/271 1370/299/272 1372/1539/1488
f 473/870/1491 1374/1541/1490 1371/279/252
f 473/867/1491 465/322/295 1376/338/311
f 1380/209/182 1382/1549/1501 485/1548/1500
f 1382/1549/1501 1383/1550/1503 486/885/1502
f 1383/1550/1503 1384/1551/1504 488/881/816
f 1384/1551/1504 1381/266/239 481/271/244
f 1380/209/182 427/277/250 433/1552/1494
f 1383/1550/1503 434/823/1505 430/824/757
f 1384/1551/1504 430/824/757 426/820/756
f 1389/1556/1511 1386/293/266 454/343/316
f 1389/1556/1511 492/888/821 489/890/823
f 1394/1559/1515 1391/201/174 491/285/258
f 1392/1557/1513 510/1560/1516 1816/1561/1517
f 1395/342/315 1397/1563/1518 510/1562/1516
f 1397/1563/1518 1398/1564/1520 511/914/1519
f 1398/1564/1520 1399/1565/1522 508/911/1521
f 1399/1565/1522 1396/286/259 506/291/264
f 1395/342/315 456/196/169 461/1566/1506
f 1397/1563/1518 461/1566/1506 463/858/1523
f 1398/1564/1520 463/858/2051 459/857/793
f 1399/1565/1522 459/857/793 455/854/792
f 1410/310/283 1412/1575/1530 594/992/928
f 1412/1575/1530 1413/1576/1531 595/998/938
f 1413/1576/1531 1414/1577/1532 601/995/936
f 1414/1577/1532 1411/1578/197 588/996/308
f 1410/310/283 622/312/285 635/1026/966
f 1412/1575/1530 635/1026/966 630/1021/961
f 1413/1576/1531 630/1021/961 629/1018/959
f 1414/1577/1532 629/1018/959 621/1020/198
f 1425/313/286 1427/1587/1539 680/1073/1012
f 1427/1587/1539 1428/1588/1540 681/1079/1018
f 1428/1588/1540 1429/1589/1541 687/1076/1016
f 1429/1589/1541 1426/1590/299 674/1077/313
f 1425/313/286 658/1059/997 670/1061/999
f 1427/1587/1539 670/1061/999 665/1055/993
f 1428/1588/1540 665/1055/993 664/1052/991
f 1429/1589/1541 664/1052/991 657/1054/300
f 1440/305/278 1442/1599/1548 734/1123/1064
f 1442/1599/1548 1443/1600/1549 735/1129/1070
f 1443/1600/1549 1444/1601/1550 740/1126/1068
f 1444/1601/1550 1441/1602/188 728/1127/304
f 1440/305/278 692/307/280 705/1095/1034
f 1442/1599/1548 705/1095/1034 700/1090/1029
f 1443/1600/1549 700/1090/1029 699/1087/1027
f 1444/1601/1550 699/1087/1027 691/1089/189
f 1566/1760/1726 1567/1762/1728 870/1761/1727
f 848/426/389 1574/417/382 1576/1777/1743
f 1574/417/382 868/416/381 871/1759/1725
f 1591/1795/1761 1592/1796/1762 855/1766/1732
f 1592/1796/1762 1593/1797/1763 856/1767/1733
f 1593/1797/1763 1590/419/384 853/536/484
f 884/1798/1764 885/1799/1765 1592/1796/1762
f 885/1799/1765 886/1800/1766 1593/1797/1763
f 886/1800/1766 883/485/439 1590/419/384
f 895/1805/1771 896/1806/1772 1598/1803/1769
f 1603/1812/1778 1600/425/388 887/446/408
f 1611/1820/1785 1612/1821/1786 895/1805/1771
f 1612/1821/1786 1613/1822/1787 896/1806/1772
f 916/1818/1784 914/521/472 1610/503/455
f 1618/1825/1790 1615/518/469 899/520/471
f 889/1811/1777 887/446/408 1615/518/469
f 1623/1828/1793 928/1831/1796 925/477/433
f 923/1833/1798 1626/1832/1797 1627/1834/1799
f 928/1831/1796 1638/1848/1811 1635/496/449
f 1641/1849/1812 923/1833/1798 922/1835/1800
f 1643/1851/1814 921/1837/1802 919/459/418
f 990/1912/1874 987/569/513 1676/570/514
f 989/1915/1877 1683/1919/1881 1684/1916/1878
f 1059/2001/1962 1743/2000/1961 1744/2002/1963
f 1093/2019/1980 1094/2020/1981 1758/2017/1978
f 1762/2022/1983 1763/2023/1984 1094/2020/1981
f 1101/639/579 1103/2025/1986 1762/2022/1983
f 1779/2044/2003 1776/693/626 1102/715/645
f 1129/648/586 1790/619/559 1792/2054/2013
f 1790/619/559 1057/618/558 1060/1999/1960
f 1138/655/592 1140/2063/2022 1797/2060/2019
f 1808/2070/2029 1131/2057/2016 1130/2059/2018
f 1222/1/1 93/70/2 1/2/2
f 1173/4/4 220/182/158 20/5/5
f 89/7/2 1167/61/55 226/8/7
f 215/10/8 24/76/67 114/11/9
f 4/13/2 90/43/2 1187/14/11
f 211/18/15 1218/162/141 102/19/16
f 225/21/18 15/83/73 109/22/19
f 3/9/2 88/27/2 1162/24/21
f 1177/26/23 216/158/138 4/13/2
f 1183/12/10 114/11/9 22/28/24
f 230/29/25 22/28/24 108/36/32
f 1198/37/33 108/36/32 23/38/34
f 90/43/2 2/154/2 235/44/39
f 240/39/35 23/38/34 115/45/40
f 1213/46/41 115/45/40 1325/47/42
f 268/49/44 25/103/92 113/50/45
f 91/51/2 5/151/133 245/52/46
f 1223/54/48 200/16/13 16/17/14
f 279/58/52 1233/66/60 110/59/53
f 1/2/2 210/194/167 1167/61/55
f 1238/62/56 273/56/50 17/57/51
f 1233/66/60 289/2085/685 1322/67/61
f 6/68/2 278/128/113 1217/69/62
f 24/76/67 322/125/111 1262/77/68
f 15/83/73 103/87/77 1247/84/74
f 15/83/73 332/85/75 1257/86/76
f 103/87/77 14/20/17 316/88/78
f 22/28/24 337/155/136 1277/93/83
f 23/38/34 347/188/162 1292/99/88
f 115/45/40 1292/99/88 357/105/94
f 14/20/17 102/19/16 1297/109/96
f 102/19/16 13/60/54 383/110/97
f 13/60/54 110/59/53 1312/116/102
f 110/59/53 1322/67/61 395/117/103
f 1168/119/105 211/18/15 14/20/17
f 1228/120/106 284/64/58 21/65/59
f 107/121/107 21/65/59 388/118/104
f 226/8/7 1177/26/23 88/27/2
f 1178/23/20 109/22/19 24/76/67
f 109/22/19 1257/86/76 322/125/111
f 94/127/2 1232/144/126 278/128/113
f 201/3/3 1/2/2 89/7/2
f 236/32/28 19/31/27 117/90/80
f 1203/133/116 250/729/657 1326/134/117
f 111/135/118 1326/134/117 356/136/119
f 225/21/18 1168/119/105 103/87/77
f 1227/143/125 290/761/696 1232/144/126
f 283/145/127 1227/143/125 94/127/2
f 5/151/133 92/167/133 1207/152/134
f 1182/153/135 231/159/139 2/154/2
f 114/11/9 1262/77/68 337/155/136
f 216/158/138 1182/153/135 90/43/2
f 231/159/139 1197/187/161 91/51/2
f 1218/162/141 279/58/52 13/60/54
f 1355/163/142 137/211/184 1445/164/143
f 92/167/133 1202/170/148 269/168/146
f 1212/169/147 251/738/666 1202/170/148
f 1228/175/106 107/179/107 1323/176/153
f 274/178/155 6/68/2 93/70/2
f 107/179/107 1307/1478/108 393/180/156
f 1237/146/128 94/127/2 6/68/2
f 2/154/2 91/51/2 1192/53/47
f 1203/133/116 111/135/118 25/185/92
f 1197/187/161 241/195/168 5/151/133
f 108/36/32 1277/93/83 347/188/162
f 111/189/118 1282/1459/120 374/190/163
f 1172/129/114 89/7/2 3/9/2
f 88/27/2 4/13/2 205/15/12
f 93/70/2 1217/69/62 210/194/167
f 241/195/168 1212/169/147 92/167/133
f 504/199/172 1481/202/175 136/200/173
f 1481/202/175 726/1113/1054 1435/203/176
f 435/210/183 1471/282/255 137/211/184
f 138/212/185 1458/1616/1573 672/213/186
f 425/220/193 1370/299/272 135/221/194
f 135/221/194 1476/1633/1599 638/226/199
f 411/237/210 1446/1606/1555 120/238/211
f 1347/250/223 121/302/275 1351/251/224
f 1375/263/236 138/212/185 1475/264/237
f 479/273/246 1458/1616/1573 138/212/185
f 1471/282/255 586/982/918 1401/283/256
f 1391/201/174 136/200/173 1462/284/257
f 1338/289/262 121/302/275 1347/250/223
f 464/298/271 1476/1633/1599 135/221/194
f 136/200/173 1435/203/176 709/304/277
f 120/238/211 1446/1606/1555 606/308/281
f 1475/264/237 138/212/185 1421/214/187
f 445/318/291 1361/239/212 120/238/211
f 120/238/211 1405/309/282 620/320/293
f 137/211/184 1401/283/256 604/321/294
f 118/295/268 1463/294/267 708/332/305
f 135/221/194 1416/227/200 656/341/314
f 454/343/316 1386/293/266 118/295/268
f 1468/344/317 118/295/268 1430/333/306
f 1544/346/319 145/415/320 36/347/320
f 141/352/320 1489/406/373 769/353/325
f 758/355/326 59/421/385 166/356/327
f 39/358/320 142/388/320 1509/359/329
f 754/363/333 1540/509/460 154/364/334
f 768/366/336 50/428/391 161/367/337
f 38/354/320 140/372/320 1484/369/339
f 1499/371/341 759/505/457 39/358/320
f 1505/357/328 166/356/327 57/373/342
f 773/374/343 57/373/342 160/381/350
f 1520/382/351 160/381/350 58/383/352
f 142/388/320 37/501/320 778/389/357
f 783/384/353 58/383/352 167/390/358
f 1535/391/359 167/390/358 1647/392/360
f 143/396/320 40/498/451 788/397/364
f 821/403/370 1555/411/378 162/404/371
f 36/347/320 753/539/487 1489/406/373
f 826/409/376 1560/407/374 164/408/375
f 1555/411/378 831/2086/1099 1644/412/379
f 41/413/320 820/475/431 1539/414/380
f 59/421/385 863/472/429 1584/422/386
f 50/428/391 155/432/395 1569/429/392
f 50/428/391 873/430/393 1579/431/394
f 155/432/395 49/365/335 857/433/396
f 57/373/342 878/502/454 1599/438/401
f 58/383/352 888/533/482 1614/444/406
f 167/390/358 1614/444/406 898/450/412
f 49/365/335 154/364/334 1619/454/414
f 154/364/334 48/405/372 924/455/415
f 48/405/372 162/404/371 1634/461/420
f 162/404/371 1644/412/379 936/462/421
f 1490/464/423 754/363/333 49/365/335
f 1550/465/424 826/1748/376 56/466/377
f 159/467/425 56/466/377 929/468/422
f 769/353/325 1499/371/341 140/372/320
f 1500/368/338 161/367/337 59/421/385
f 161/367/337 1579/431/394 863/472/429
f 146/474/320 1554/491/444 820/475/431
f 744/348/321 36/347/320 141/352/320
f 1525/480/434 793/1130/1071 1648/481/435
f 163/482/436 1648/481/435 897/483/437
f 768/366/336 1490/464/423 155/432/395
f 1549/490/443 832/1162/1109 1554/491/444
f 825/492/445 1549/490/443 146/474/320
f 40/498/451 144/514/465 1529/499/452
f 1504/500/453 774/506/458 37/501/320
f 166/356/327 1584/422/386 878/502/454
f 759/505/457 1504/500/453 142/388/320
f 774/506/458 1519/532/481 143/396/320
f 1540/509/460 821/403/370 48/405/372
f 1710/510/461 175/607/462 62/511/462
f 144/514/465 1524/517/468 811/515/466
f 1534/516/467 794/1139/1080 1524/517/468
f 1550/465/424 159/467/425 1645/522/473
f 816/524/475 41/413/320 145/415/320
f 159/467/425 1629/469/426 934/525/476
f 1559/493/446 146/474/320 41/413/320
f 37/501/320 143/396/320 1514/398/365
f 1525/480/434 163/482/436 60/530/410
f 1519/532/481 784/540/488 40/498/451
f 160/381/350 1599/438/401 888/533/482
f 163/534/436 1604/2087/438 915/535/483
f 1494/476/432 141/352/320 38/354/320
f 140/372/320 39/358/320 748/360/330
f 145/415/320 1539/414/380 753/539/487
f 784/540/488 1534/516/467 144/514/465
f 171/544/462 1655/598/541 977/545/492
f 966/547/493 85/613/553 196/548/494
f 65/550/462 172/580/462 1675/551/496
f 962/555/500 1706/699/631 184/556/501
f 976/558/503 76/620/560 191/559/504
f 64/546/462 170/564/462 1650/561/506
f 1665/563/508 967/695/628 65/550/462
f 1671/549/495 196/548/494 83/565/509
f 981/566/510 83/565/509 190/573/517
f 1686/574/518 190/573/517 84/575/519
f 172/580/462 63/691/624 986/581/524
f 991/576/520 84/575/519 197/582/525
f 1701/583/526 197/582/525 1813/584/527
f 173/588/531 66/688/621 996/589/532
f 1029/595/538 1721/603/546 192/596/539
f 62/511/462 961/727/655 1655/598/541
f 1721/603/546 1039/1230/1180 1810/604/547
f 67/605/462 1028/665/601 1705/606/548
f 85/613/553 1072/662/599 1750/614/554
f 76/620/560 185/624/564 1735/621/561
f 76/620/560 1082/622/562 1745/623/563
f 185/624/564 75/557/502 1066/625/565
f 83/565/509 1087/692/625 1765/630/570
f 84/575/519 1097/722/650 1780/636/576
f 197/582/525 1780/636/576 1107/642/582
f 75/557/502 184/556/501 1785/646/584
f 184/556/501 74/597/540 1133/647/585
f 74/597/540 192/596/539 1800/653/590
f 192/596/539 1810/604/547 1145/654/591
f 1656/656/593 962/555/500 75/557/502
f 1716/657/594 1034/601/544 82/602/545
f 977/545/492 1665/563/508 170/564/462
f 1666/560/505 191/559/504 85/613/553
f 191/559/504 1745/623/563 1072/662/599
f 176/664/462 1720/681/614 1028/665/601
f 952/512/463 62/511/462 171/544/462
f 1691/670/604 1001/1201/1151 1814/671/605
f 193/672/606 1814/671/605 1106/673/607
f 976/558/503 1656/656/593 185/624/564
f 1715/680/613 1040/1240/1191 1720/681/614
f 1033/682/615 1715/680/613 176/664/462
f 66/688/621 174/701/633 1695/689/622
f 1670/690/623 982/696/629 63/691/624
f 196/548/494 1750/614/554 1087/692/625
f 967/695/628 1670/690/623 172/580/462
f 982/696/629 1685/721/649 173/588/531
f 1706/699/631 1029/595/538 74/597/540
f 174/701/633 1690/704/636 1019/702/634
f 1700/703/635 1002/1210/1160 1690/704/636
f 1716/709/594 189/713/595 1811/710/641
f 1024/712/643 67/605/462 175/607/462
f 189/713/595 1795/2088/596 1143/714/644
f 1725/683/616 176/664/462 67/605/462
f 63/691/624 173/588/531 1680/590/533
f 1691/670/604 193/672/606 86/719/580
f 1685/721/649 992/728/656 66/688/621
f 190/573/517 1765/630/570 1097/722/650
f 193/672/606 1770/674/608 1124/723/651
f 1660/666/602 171/544/462 64/546/462
f 170/564/462 65/550/462 956/552/497
f 175/607/462 1705/606/548 961/727/655
f 992/728/656 1700/703/635 174/701/633
f 250/729/657 253/732/660 256/730/658
f 253/732/660 254/741/669 257/733/661
f 256/730/658 257/733/661 258/735/663
f 259/736/664 262/740/668 261/737/665
f 260/739/667 263/742/670 262/740/668
f 262/740/668 257/733/661 254/741/669
f 263/742/670 258/735/663 257/733/661
f 252/743/43 264/746/2052 266/744/671
f 264/746/673 255/2089/2053 267/734/674
f 265/745/672 266/744/671 263/742/675
f 266/744/671 267/734/674 258/735/677
f 288/177/154 291/2090/680 293/747/678
f 292/748/679 293/747/678 305/751/682
f 293/747/678 294/750/681 295/753/684
f 289/754/685 296/757/688 299/755/686
f 296/757/688 297/763/1346 300/758/689
f 298/756/690 299/755/686 294/750/691
f 299/755/686 300/758/689 295/753/693
f 301/759/694 304/762/697 303/760/695
f 302/752/683 305/751/682 304/762/697
f 304/762/697 300/758/699 297/763/698
f 305/751/682 295/753/684 300/758/699
f 356/136/119 359/1502/702 361/764/700
f 360/768/701 361/771/700 372/769/704
f 361/771/700 362/777/703 363/772/706
f 357/105/94 364/775/709 366/773/707
f 364/775/709 365/781/717 367/776/710
f 366/773/707 367/776/710 363/772/712
f 368/778/714 371/780/716 370/779/715
f 369/770/705 372/769/718 371/780/716
f 371/780/716 367/776/710 365/781/717
f 372/769/718 363/772/712 367/776/710
f 393/180/156 396/1479/721 399/782/719
f 396/784/721 397/795/730 400/785/722
f 399/786/719 400/785/722 401/789/724
f 402/790/725 405/794/729 404/791/726
f 403/793/728 406/796/731 405/794/729
f 405/794/729 400/785/732 397/795/730
f 406/796/731 401/789/737 400/785/732
f 395/117/103 398/1493/735 408/797/733
f 407/798/734 408/797/733 406/796/731
f 408/797/733 409/788/2054 401/789/737
f 413/800/738 416/803/741 415/801/739
f 414/802/740 421/811/747 416/803/741
f 416/803/741 421/811/747 417/805/743
f 418/807/744 421/810/747 420/808/745
f 419/809/746 417/815/743 421/810/747
f 424/813/749 417/815/743 419/809/746
f 428/816/750 430/2091/2055 429/817/751
f 429/817/753 430/2091/2056 1161/818/754
f 434/823/759 432/2092/2057 1161/818/760
f 442/829/765 1817/836/2058 440/830/766
f 443/832/770 439/1630/2059 438/834/771
f 444/835/773 440/830/2060 1817/836/774
f 449/1538/2061 453/1537/2062 1818/2093/2063
f 457/848/785 459/851/2064 458/849/786
f 458/849/789 459/851/2065 1160/852/790
f 467/860/797 470/863/800 469/861/798
f 472/868/804 471/866/802 468/862/799
f 475/872/806 478/874/808 477/873/807
f 476/865/801 470/864/800 478/874/808
f 478/874/808 470/864/800 471/866/802
f 482/876/809 488/879/2066 483/877/810
f 482/876/812 1819/884/819 484/878/813
f 492/888/821 495/892/825 494/889/822
f 495/892/825 503/895/828 501/893/826
f 495/892/825 493/891/824 496/894/827
f 498/897/830 496/894/827 493/891/824
f 500/901/832 503/903/828 502/902/833
f 516/915/842 519/918/845 518/916/843
f 517/917/844 520/920/847 519/918/845
f 519/918/845 530/921/848 527/919/846
f 514/922/225 521/925/851 524/923/849
f 521/925/851 522/931/860 525/926/852
f 523/924/850 524/923/849 520/920/853
f 524/923/854 525/926/2067 530/927/855
f 526/928/857 529/930/859 528/929/858
f 527/919/846 530/921/861 529/930/859
f 529/930/859 525/926/862 522/931/860
f 534/932/863 537/935/866 536/933/864
f 535/934/865 538/937/868 537/935/866
f 537/935/866 548/938/869 545/936/867
f 532/939/263 539/942/872 542/940/870
f 539/942/872 540/948/881 543/943/873
f 541/941/871 542/940/870 538/937/874
f 542/940/875 543/943/2068 548/944/876
f 544/945/878 547/947/880 546/946/879
f 545/936/867 548/938/882 547/947/880
f 547/947/880 543/943/883 540/948/881
f 552/949/884 555/952/887 554/950/885
f 553/951/886 556/960/895 555/952/887
f 555/952/887 567/955/890 564/953/888
f 555/952/887 556/960/895 557/954/889
f 558/956/891 561/959/894 560/957/892
f 559/958/893 562/964/899 561/959/894
f 561/959/894 556/960/895 553/951/886
f 561/959/894 562/964/899 557/954/889
f 563/961/896 566/963/898 565/962/897
f 564/953/888 567/955/890 566/963/898
f 566/963/898 562/964/899 559/958/893
f 566/963/898 567/955/890 557/954/889
f 571/965/900 574/968/903 573/966/901
f 572/967/902 575/970/2069 574/968/903
f 574/968/903 576/971/906 583/969/904
f 569/972/274 577/975/909 580/973/907
f 577/975/909 578/981/916 581/976/910
f 579/974/908 580/973/907 575/970/911
f 580/973/907 581/976/910 576/977/912
f 582/978/913 585/980/915 584/979/914
f 583/969/904 576/971/906 585/980/915
f 585/980/915 581/976/2070 578/981/916
f 586/982/918 589/1627/921 591/983/919
f 590/984/920 591/983/919 603/987/923
f 591/983/919 592/986/922 593/989/925
f 587/311/284 594/992/928 597/990/926
f 594/992/928 595/998/938 598/993/929
f 596/991/930 597/990/2071 592/986/931
f 597/990/926 598/993/929 593/989/933
f 599/994/935 602/997/937 601/995/936
f 600/988/924 603/987/939 602/997/937
f 602/997/937 598/993/940 595/998/938
f 603/987/939 593/989/2072 598/993/940
f 607/999/941 610/1002/944 609/1000/942
f 608/1001/943 611/2094/2073 610/1002/944
f 610/1002/944 611/2095/2073 617/1003/945
f 612/1004/946 615/1008/949 614/1005/947
f 613/1007/948 611/2096/2073 615/1008/949
f 615/1008/949 611/2094/2073 608/1001/943
f 616/1009/950 619/1011/952 618/1010/951
f 617/1003/945 611/2095/2073 619/1011/952
f 619/1011/952 611/2096/2073 613/1007/948
f 620/320/293 623/1014/955 626/1012/953
f 623/1014/955 624/1023/963 627/1015/956
f 626/1012/953 627/1015/956 628/1017/958
f 629/1018/959 632/1022/962 631/1019/960
f 630/1021/961 633/1024/964 632/1022/962
f 632/1022/962 627/1015/956 624/1023/963
f 633/1024/964 628/1017/958 627/1015/956
f 622/312/285 634/1027/1557 636/1025/965
f 634/1027/967 625/1609/1559 637/1016/968
f 635/1026/966 636/1025/965 633/1024/964
f 636/1025/965 637/1016/968 628/1017/958
f 641/1028/969 644/1031/972 643/1029/970
f 642/1030/971 645/1040/974 644/1031/972
f 644/1031/972 655/1034/975 652/1032/973
f 646/1035/976 649/1038/979 648/1036/977
f 647/1037/978 650/1039/980 649/1038/979
f 649/1038/979 645/1040/974 642/1030/971
f 651/1041/981 654/1044/983 653/1042/982
f 652/1032/973 655/1034/975 654/1044/983
f 654/1044/983 650/1039/980 647/1037/978
f 655/1034/975 645/1033/974 650/1039/980
f 656/341/314 659/1047/986 671/1045/984
f 659/1047/986 660/1057/996 662/1048/987
f 664/1052/991 667/1056/995 666/1053/992
f 665/1055/993 662/1063/1002 667/1056/994
f 667/1056/995 662/1048/987 660/1057/996
f 658/1059/997 668/1062/1000 671/1060/998
f 670/1061/999 671/1060/998 662/1063/1002
f 672/213/186 675/1066/1570 677/1064/1003
f 675/1066/1005 682/1615/1572 678/1067/1006
f 676/1065/1004 677/1064/1003 689/1068/1007
f 677/1064/1003 678/1067/1006 679/1070/1009
f 673/315/288 680/1073/1012 683/1071/1010
f 680/1073/1012 681/1079/1018 684/1074/1013
f 683/1071/1010 684/1074/1013 679/1070/1009
f 685/1075/1015 688/1078/1017 687/1076/1016
f 686/1069/1008 689/1068/1007 688/1078/1017
f 688/1078/1017 684/1074/1013 681/1079/1018
f 689/1068/1007 679/1070/1009 684/1074/1013
f 690/345/318 693/1082/1021 696/1080/1019
f 693/1082/1021 694/1092/1031 697/1083/1022
f 695/1081/1023 696/1080/1019 707/1084/1024
f 696/1080/1019 697/1083/1022 698/1086/1026
f 699/1087/1027 702/1091/1030 701/1088/1028
f 700/1090/1029 703/1093/1032 702/1091/1030
f 702/1091/1030 697/1083/1022 694/1092/1031
f 703/1093/1032 698/1086/1026 697/1083/1022
f 692/307/280 704/1622/1035 706/1094/1033
f 705/1095/1034 706/1094/1033 703/1093/1037
f 706/1094/1033 707/1084/1036 698/1086/1038
f 711/1096/1039 714/1099/1042 713/1097/1040
f 712/1098/1041 715/1108/1044 714/1099/1042
f 714/1099/1042 725/1102/1045 722/1100/1043
f 716/1103/1046 719/1106/1049 718/1104/1047
f 717/1105/1048 720/1107/1050 719/1106/1049
f 719/1106/1049 715/1108/1044 712/1098/1041
f 721/1109/1051 724/1112/1053 723/1110/1052
f 722/1100/1043 725/1102/1045 724/1112/1053
f 724/1112/1053 720/1107/1050 717/1105/1048
f 725/1102/1045 715/1101/1044 720/1107/1050
f 726/1113/1054 729/2097/1057 731/1114/1055
f 730/1115/1056 731/1114/1055 742/1118/1059
f 731/1114/1055 732/1117/1058 733/1120/1061
f 727/306/279 734/1123/1064 736/1121/1062
f 734/1123/1064 735/1129/1070 737/1124/1065
f 736/1121/1062 737/1124/1065 733/1120/1061
f 738/1125/1067 741/1128/1069 740/1126/1068
f 739/1119/1060 742/1118/1059 741/1128/1069
f 741/1128/1069 737/1124/1065 735/1129/1070
f 742/1118/1059 733/1120/1061 737/1124/1065
f 793/1130/1071 796/1133/1074 798/1131/1072
f 796/1133/1074 797/1142/1083 799/1134/1075
f 798/1131/1072 799/1134/1075 800/1136/1077
f 801/1137/1078 804/1141/1082 803/1138/1079
f 802/1140/1081 805/1143/1084 804/1141/1082
f 804/1141/1082 799/1134/1075 797/1142/1083
f 805/1143/1084 800/1136/1077 799/1134/1075
f 795/1144/361 806/2098/1087 808/1145/1085
f 807/1146/1086 808/1145/1085 805/1143/1089
f 808/1145/1085 809/1135/2074 800/1136/1091
f 830/523/474 833/2099/1094 835/1148/1092
f 834/1149/1093 835/1148/1092 846/1152/1096
f 835/1148/1092 836/1151/1095 837/1154/1098
f 831/1155/1099 838/1158/1102 840/1156/1100
f 838/1158/1102 839/1164/1720 841/1159/1103
f 840/1156/1100 841/1159/1103 837/1154/1105
f 842/1160/1107 845/1163/1110 844/1161/1108
f 843/1153/1097 846/1152/1096 845/1163/1110
f 845/1163/1110 841/1159/1112 839/1164/1111
f 846/1152/1096 837/1154/1098 841/1159/1112
f 897/483/437 900/1859/1115 902/1165/1113
f 901/1169/1114 902/1172/1113 913/1170/1117
f 902/1172/1113 903/1178/2075 904/1173/1119
f 898/450/412 905/1176/1122 907/1174/1120
f 905/1176/1122 906/1182/1129 908/1177/1123
f 907/1174/1120 908/1177/1123 904/1173/1125
f 909/1179/1126 912/1181/1128 911/1180/1127
f 910/1171/1118 913/1170/1130 912/1181/1128
f 912/1181/1128 908/1177/1123 906/1182/1129
f 913/1170/1130 904/1173/1125 908/1177/1123
f 934/525/476 937/1838/1133 939/1183/1131
f 937/1185/1133 938/1196/1143 940/1186/1134
f 939/1187/1131 940/1186/1134 941/1190/1136
f 942/1191/1138 945/1195/1142 944/1192/1139
f 943/1194/1141 946/1197/1144 945/1195/1142
f 945/1195/1142 940/1186/1145 938/1196/1143
f 946/1197/1144 941/1190/1150 940/1186/1145
f 936/462/421 947/1853/1148 949/1198/1146
f 948/1199/1147 949/1198/1146 946/1197/1144
f 949/1198/1146 950/1189/1149 941/1190/1150
f 1001/1201/1151 1004/1204/1154 1007/1202/1152
f 1004/1204/1154 1005/1215/1163 1008/1205/1155
f 1007/1202/1152 1008/1205/1155 1009/1207/1157
f 1010/1208/1158 1013/1214/1162 1012/1209/1159
f 1011/1211/1161 1014/1216/1164 1013/1212/1162
f 1013/1214/1162 1008/1205/1155 1005/1215/1163
f 1014/1216/1164 1009/1222/1157 1008/1217/1155
f 1003/585/1165 1006/2076/2076 1016/1218/1166
f 1015/1219/1167 1016/1218/1166 1014/1216/1170
f 1016/1218/1166 1017/1221/2077 1009/1222/1172
f 1038/711/642 1041/2100/1175 1043/1223/1173
f 1042/1224/1174 1043/1223/1173 1055/1227/1177
f 1043/1223/1173 1044/1226/1176 1045/1229/1179
f 1039/1230/1180 1046/1233/1183 1049/1231/1181
f 1046/1233/1183 1047/1243/1936 1050/1234/1184
f 1048/1232/1185 1049/1231/1181 1044/1235/1186
f 1049/1231/1181 1050/1234/1184 1045/1237/1188
f 1051/1238/1189 1054/1241/1192 1053/1239/1190
f 1052/1228/1178 1055/1227/1177 1054/1241/1192
f 1054/1242/1192 1050/1234/1194 1047/1243/1193
f 1055/1227/1177 1045/1229/1179 1050/1245/1194
f 1106/673/607 1109/2079/1197 1111/1246/1195
f 1110/1251/1196 1111/1250/1195 1122/1252/1199
f 1111/1250/1195 1112/1249/2078 1113/1254/1201
f 1107/642/582 1114/1257/1204 1116/1255/1202
f 1114/1257/1204 1115/1262/1211 1117/1258/1205
f 1116/1255/1202 1117/1258/1205 1113/1254/1207
f 1118/1259/1208 1121/1261/1210 1120/1260/1209
f 1119/1253/1200 1122/1252/1212 1121/1261/1210
f 1121/1261/1210 1117/1258/1205 1115/1262/1211
f 1122/1252/1212 1113/1254/1207 1117/1258/1205
f 1143/1263/644 1146/1266/1215 1148/1264/1213
f 1146/1266/1215 1147/1275/1225 1149/1267/1216
f 1148/1264/1213 1149/1267/1216 1150/1269/1218
f 1151/1270/1220 1154/1274/1224 1153/1271/1221
f 1152/1273/1223 1155/1276/1226 1154/1274/1224
f 1154/1274/1224 1149/1267/1227 1147/1275/1225
f 1155/1276/1226 1150/1269/1232 1149/1267/1227
f 1145/654/591 1156/2073/1230 1158/1277/1228
f 1157/1278/1229 1158/1277/1228 1155/1276/1226
f 1158/1277/1228 1159/1268/1231 1150/1269/1232
f 221/25/22 1162/24/21 1164/1280/1233
f 224/1281/1234 1164/1280/1233 1165/1282/1235
f 223/1284/1237 1165/1289/1242 1166/1285/1238
f 1166/1285/1238 1163/139/122 220/182/158
f 1162/24/21 205/15/12 207/1287/1240
f 1164/1280/1233 207/1287/1240 208/1288/1241
f 1165/1289/1242 208/1328/1280 209/1290/1243
f 209/1290/1243 206/35/31 1163/139/122
f 1167/61/55 1169/1292/1245 229/1291/1244
f 1169/1292/1245 1170/1294/1251 228/1293/1246
f 1170/1294/1247 1171/1300/1253 227/1295/1248
f 227/1295/1248 1171/1300/1253 1168/1296/105
f 210/194/167 212/1298/1250 1169/1292/1245
f 212/1298/1250 213/1299/1319 1170/1294/1251
f 213/1299/1252 214/1368/1321 1171/1300/1253
f 1171/1300/1253 214/1368/1321 211/1301/15
f 1172/129/114 1174/1303/1255 204/1302/1254
f 1174/1303/1255 1175/1305/1260 203/1304/1256
f 1175/1305/1257 1176/1308/1261 202/1306/1258
f 202/1307/1258 1176/1309/1261 1173/4/4
f 221/25/22 224/1281/1234 1174/1303/1255
f 224/1281/1234 223/1283/1236 1175/1305/1260
f 223/1283/1237 222/2101/1239 1176/1308/1261
f 1176/1309/1261 222/1286/1239 220/182/158
f 216/158/138 1177/26/23 1179/1310/1262
f 219/1311/1263 1179/1310/1262 1180/1312/1264
f 218/1313/1266 1180/1312/1269 1181/1314/1267
f 1181/1314/1267 1178/1317/20 215/1316/8
f 1177/26/23 226/8/7 229/1291/1244
f 1179/1310/1262 229/1291/1244 228/1293/1246
f 1180/1312/1269 228/1293/1249 227/1295/1248
f 227/1295/1248 225/1297/18 1178/1317/20
f 231/159/139 1182/153/135 1184/1318/1270
f 234/1319/1271 1184/1318/1270 1185/1320/1272
f 233/1321/1274 1185/1320/1277 1186/1322/1275
f 1186/1322/1275 1183/1325/10 230/1324/25
f 1182/153/135 216/158/138 219/1311/1263
f 1184/1318/1270 219/1311/1263 218/1313/1265
f 1185/1320/1277 218/1313/1266 217/1315/1268
f 217/1315/1268 215/1316/8 1183/1325/10
f 205/15/12 1187/14/11 1189/1326/1278
f 207/1287/1240 1189/1326/1278 1190/1327/1279
f 208/1328/1280 1190/1332/1284 1191/1329/1281
f 1191/1329/1281 1188/33/29 206/35/31
f 1187/14/11 235/44/39 237/1330/1282
f 1189/1326/1278 237/1330/1282 238/1331/1283
f 1190/1332/1284 238/1336/1288 239/1333/1285
f 239/1333/1285 236/32/28 1188/33/29
f 235/44/39 1192/53/47 1194/1334/1286
f 237/1330/1282 1194/1334/1286 1195/1335/1287
f 238/1336/1288 1195/1340/1292 1196/1337/1289
f 1196/1337/1289 1193/30/26 236/32/28
f 1192/53/47 245/52/46 247/1338/1290
f 1194/1334/1286 247/1338/1290 248/1339/1291
f 1195/1340/1292 248/1358/1310 249/1341/1293
f 249/1341/1293 246/42/38 1193/30/26
f 241/195/168 1197/187/161 1199/1342/1294
f 244/1343/1295 1199/1342/1294 1200/1344/1296
f 243/1345/1298 1200/1344/1301 1201/1346/1299
f 1201/1346/1299 1198/1349/33 240/1348/35
f 1197/187/161 231/159/139 234/1319/1271
f 1199/1342/1294 234/1319/1271 233/1321/1273
f 1200/1344/1301 233/1321/1274 232/1323/1276
f 232/1323/1276 230/1324/25 1198/1349/33
f 1202/170/148 1204/1351/1303 272/1350/1302
f 1204/1351/1303 1205/1353/1305 271/1352/1304
f 1205/1353/1305 1206/1355/1307 270/1354/1306
f 1206/1355/1307 1203/133/116 268/186/44
f 251/738/666 261/737/665 1204/1351/1303
f 261/737/665 254/741/669 1205/1353/1305
f 254/741/669 253/732/660 1206/1355/1307
f 253/732/660 250/729/657 1203/133/116
f 245/52/46 1207/152/134 1209/1356/1308
f 247/1338/1290 1209/1356/1312 1210/1357/1309
f 248/1358/1310 1210/1360/1313 1211/1359/1311
f 249/1341/1293 1211/1359/1311 1208/40/36
f 1207/152/134 269/168/146 272/1350/1302
f 1209/1356/1312 272/1350/1302 271/1352/1304
f 1210/1360/1313 271/2102/1304 270/1361/1306
f 270/1361/1306 268/49/44 1208/40/36
f 251/738/666 1212/169/147 1214/1362/1314
f 259/736/664 1214/1362/1314 1215/1363/1315
f 260/739/676 1215/1363/1317 1216/1364/1316
f 265/745/672 1216/1364/1316 1213/1365/41
f 1212/169/147 241/195/168 244/1343/1295
f 1214/1362/1314 244/1343/1295 243/1345/1297
f 1215/1363/1317 243/1345/1298 242/1347/1300
f 1216/1364/1316 242/1347/1300 240/1348/35
f 1217/69/62 1219/1366/1318 212/1298/1250
f 1219/1366/1318 1220/1367/1323 213/1299/1319
f 1220/1367/1320 1221/1372/1325 214/1368/1321
f 214/1368/1321 1221/1372/1325 1218/1369/141
f 278/128/113 280/1370/1322 1219/1366/1318
f 280/1370/1322 281/1371/1341 1220/1367/1323
f 281/1371/1324 282/1391/1343 1221/1372/1325
f 1221/1372/1325 282/1391/1343 279/1373/52
f 1222/1/1 1224/1375/1327 277/1374/1326
f 1224/1375/1327 1225/1377/1332 276/1376/1328
f 1225/1377/1329 1226/1380/1333 275/1378/1330
f 275/1379/1330 1226/1381/1333 1223/54/48
f 201/3/3 204/1302/1254 1224/1375/1327
f 204/1302/1254 203/1304/1256 1225/1377/1332
f 203/1304/1259 202/1306/1258 1226/1380/1333
f 1226/1381/1333 202/1307/1258 200/16/13
f 290/761/696 1227/143/125 1229/1382/1334
f 301/759/694 1229/1382/1334 1230/1383/1335
f 302/752/683 1230/1383/1335 1231/1384/1336
f 292/748/679 1231/1384/1336 1228/175/106
f 1227/143/125 283/145/127 285/1385/1337
f 1229/1382/1334 285/1385/1337 286/1386/1338
f 1230/1383/1335 286/1386/1338 287/1387/1339
f 1231/1384/1336 287/1387/1339 284/1388/58
f 1232/144/126 1234/1389/1340 280/1370/1322
f 1234/1389/1340 1235/1390/1345 281/1371/1341
f 1235/1390/1342 1236/1392/1344 282/1391/1343
f 1236/1392/1344 1233/1393/60 279/1373/52
f 290/761/696 303/760/695 1234/1389/1340
f 303/760/695 297/763/698 1235/1390/1345
f 297/763/1346 296/757/688 1236/1392/1344
f 296/757/688 289/754/685 1233/1393/60
f 1237/146/128 1239/1394/1347 285/1385/1337
f 1239/1394/1347 1240/1395/1349 286/1386/1338
f 1240/1395/1348 1241/1397/1350 287/1387/1339
f 287/1396/1339 1241/1398/1350 1238/62/56
f 274/178/155 277/1374/1326 1239/1394/1347
f 277/1374/1326 276/1376/1328 1240/1395/1349
f 276/1376/1331 275/1378/1330 1241/1397/1350
f 275/1379/1330 273/56/50 1238/62/56
f 1242/142/124 1244/1400/1352 330/1399/1351
f 1244/1400/1352 1245/1402/1354 329/1401/1353
f 1245/1402/1354 1246/1404/1356 328/1403/1355
f 1246/1404/1356 1243/192/165 326/193/166
f 311/91/81 313/1405/1357 1244/1400/1352
f 313/1405/1357 314/1406/1358 1245/1402/1354
f 314/1406/1358 315/1407/1359 1246/1404/1356
f 315/1407/1359 312/191/164 1243/192/165
f 332/85/75 1247/84/74 1249/1408/1360
f 335/1409/1361 1249/1408/1360 1250/1410/1362
f 334/1411/1363 1250/1410/1362 1251/1412/1364
f 333/1413/1365 1251/1412/1364 1248/123/109
f 1247/84/74 316/88/78 318/1414/1366
f 1249/1408/1360 318/1414/1366 319/1415/1367
f 1251/1412/1364 320/1416/1368 317/124/110
f 307/81/71 1252/72/64 1254/1417/1369
f 309/1420/1372 1255/1419/1371 1256/1421/1373
f 1252/72/64 327/71/63 330/1399/1351
f 1254/1417/1369 330/1399/1351 329/1401/1353
f 1255/1419/1371 329/1401/1353 328/1403/1355
f 1256/1421/1373 328/1403/1355 326/193/166
f 1257/86/76 1259/1424/1376 325/1423/1375
f 1259/1424/1376 1260/1426/1378 324/1425/1377
f 1260/1426/1378 1261/1428/1380 323/1427/1379
f 1261/1428/1380 1258/161/140 321/183/159
f 332/85/75 335/1409/1361 1259/1424/1376
f 335/1409/1361 334/1411/1363 1260/1426/1378
f 334/1411/1363 333/1413/1365 1261/1428/1380
f 333/1413/1365 331/126/112 1258/161/140
f 1262/77/68 1264/1430/1382 340/1429/1381
f 1264/1430/1382 1265/1432/1384 339/1431/1383
f 1265/1432/1384 1266/1434/1386 338/1433/1385
f 322/125/111 325/1423/1375 1264/1430/1382
f 325/1423/1375 324/1425/1377 1265/1432/1384
f 324/1425/1377 323/1427/1379 1266/1434/1386
f 323/1427/1379 321/183/159 1263/94/84
f 1267/92/82 1269/1435/1387 313/1405/1357
f 1269/1435/1387 1270/1436/1388 314/1406/1358
f 1270/1436/1388 1271/1437/1389 315/1407/1359
f 1271/1437/1389 1268/74/66 312/191/164
f 343/1438/1390 344/1439/1391 1270/1436/1388
f 345/1440/1392 342/138/121 1268/74/66
f 1272/98/87 1274/1441/1393 343/1438/1390
f 1274/1441/1393 1275/1442/1394 344/1439/1391
f 1275/1442/1394 1276/1443/1395 345/1440/1392
f 1276/1443/1395 1273/184/160 342/138/121
f 351/102/91 353/1444/1396 1274/1441/1393
f 354/1445/1397 355/1446/1398 1276/1443/1395
f 355/1446/1398 352/181/157 1273/184/160
f 1277/93/83 1279/1448/1400 350/1447/1399
f 1279/1448/1400 1280/1450/1402 349/1449/1401
f 1280/1450/1402 1281/1452/1404 348/1451/1403
f 1281/1452/1404 1278/80/70 346/101/90
f 337/155/136 340/1429/1381 1279/1448/1400
f 340/1429/1381 339/1431/1383 1280/1450/1402
f 339/1431/1383 338/1433/1385 1281/1452/1404
f 338/1433/1385 336/78/69 1278/80/70
f 374/190/163 1282/1459/120 1284/1453/1405
f 377/1454/1406 1284/1453/1405 1285/1455/1407
f 376/1456/1408 1285/1455/1407 1286/1457/1409
f 375/1458/1410 1286/1457/1409 1283/172/150
f 1282/1459/120 356/2103/119 360/768/701
f 1284/1453/1405 360/768/701 369/770/705
f 1285/1455/1407 369/770/705 368/778/714
f 1286/1457/1409 368/778/714 358/173/151
f 1287/104/93 1289/1460/1411 353/1444/1396
f 1291/1462/1413 1288/156/137 352/181/157
f 374/190/163 377/1454/1406 1289/1460/1411
f 377/1454/1406 376/1456/1408 1290/1461/1412
f 376/1456/1408 375/1458/1410 1291/1462/1413
f 375/1458/1410 373/174/152 1288/156/137
f 1292/99/88 1294/1463/1414 364/775/709
f 1294/1463/1414 1295/1464/1415 365/781/717
f 1295/1464/1415 1296/1465/1416 370/779/715
f 1296/1465/1416 1293/171/149 358/173/151
f 347/188/162 350/1447/1399 1294/1463/1414
f 350/1447/1399 349/1449/1401 1295/1464/1415
f 349/1449/1401 348/1451/1403 1296/1465/1416
f 316/88/78 1297/109/96 1299/1466/1417
f 318/1414/1366 1299/1466/1417 1300/1467/1418
f 319/1415/1367 1300/1467/1418 1301/1468/1419
f 320/1416/1368 1301/1468/1419 1298/166/145
f 1297/109/96 383/110/97 385/1469/1420
f 1299/1466/1417 385/1469/1420 386/1470/1421
f 1300/1467/1418 386/1470/1421 387/1471/1422
f 1301/1468/1419 387/1471/1422 384/130/115
f 379/111/98 1302/82/72 1304/1472/1423
f 382/1473/1424 1304/1472/1423 1305/1474/1425
f 381/1475/1426 1305/1474/1425 1306/1476/1427
f 1302/82/72 307/81/71 310/1418/1370
f 1304/1472/1423 310/1418/1370 309/1420/1372
f 1306/1476/1427 308/1422/1374 306/106/95
f 1307/1478/108 1309/2104/1429 396/1479/721
f 1309/1480/1429 1310/1481/1430 397/795/730
f 1310/1481/1430 1311/1482/1431 404/791/726
f 1311/1482/1431 1308/150/132 394/792/727
f 388/118/104 390/1483/1432 1309/1480/1429
f 390/1483/1432 391/1484/1433 1310/1481/1430
f 391/1484/1433 392/1485/1434 1311/1482/1431
f 392/1485/1434 389/147/129 1308/150/132
f 383/110/97 1312/116/102 1314/1486/1435
f 385/1469/1420 1314/1486/1435 1315/1487/1436
f 386/1470/1421 1315/1487/1436 1316/1488/1437
f 387/1471/1422 1316/1488/1437 1313/149/131
f 1312/116/102 395/117/103 407/798/734
f 1314/1486/1435 407/798/734 403/793/728
f 1315/1487/1436 403/793/728 402/790/725
f 1316/1488/1437 402/790/725 394/792/727
f 388/118/104 1317/112/99 1319/1489/1438
f 390/1483/1432 1319/1489/1438 1320/1490/1439
f 392/1485/1434 1321/1491/1440 1318/148/130
f 1317/112/99 379/111/98 382/1473/1424
f 1319/1489/1438 382/1473/1424 381/1475/1426
f 1320/1490/1439 381/1475/1426 380/1477/1428
f 1321/1491/1440 380/1477/1428 378/114/100
f 395/117/103 1322/67/61 1324/1492/1441
f 398/783/720 1324/1496/1445 1323/176/153
f 1322/67/61 289/2085/685 298/1494/1442
f 1324/1496/1445 291/2090/680 288/177/154
f 1325/47/42 1327/1501/1450 264/1497/1446
f 1327/1500/1449 1326/134/117 250/729/657
f 357/105/94 359/774/708 1327/1501/1450
f 359/1502/702 356/136/119 1326/134/117
f 1338/1509/262 1340/1510/1460 577/975/909
f 1340/1510/1457 1341/1512/1458 578/981/916
f 1347/1516/223 1349/1517/1467 539/942/872
f 1347/1516/223 514/922/225 523/924/850
f 1349/1517/1464 523/924/850 517/917/844
f 1354/1522/1470 1352/231/204 515/300/273
f 1354/1522/1470 571/965/900 568/232/205
f 435/210/183 1355/163/142 1357/1524/1472
f 438/831/763 1357/1524/1472 1358/1525/1473
f 442/829/1474 1358/1525/1473 1359/1526/1475
f 410/165/144 415/801/739 1357/1524/1472
f 415/801/739 423/804/742 1358/1525/1473
f 423/804/742 422/812/748 1359/1526/1475
f 1362/1529/1478 1363/1530/1480 1818/842/1479
f 1363/1530/1480 1364/1531/1481 449/839/777
f 1364/1531/1481 1361/239/212 445/318/291
f 1362/1529/1478 422/814/748 419/809/746
f 1363/1530/1480 419/809/746 418/807/744
f 1364/1531/1481 418/807/744 411/237/210
f 467/860/797 1372/1539/1488 1373/1540/1489
f 468/871/799 1373/1540/1489 1374/1541/1490
f 425/220/193 429/817/1492 1372/1539/1488
f 429/817/1492 432/819/1493 1373/1540/1489
f 432/819/1493 433/1542/1494 1374/1541/1490
f 433/1542/1494 427/277/250 1371/279/252
f 479/273/246 1375/263/236 1377/1543/1495
f 482/876/1496 1377/1543/1495 1378/1544/1497
f 1819/1545/1498 1378/1544/1497 1379/1546/1499
f 485/1547/1500 1379/1546/1499 1376/338/311
f 466/265/238 477/873/807 1377/1543/1495
f 477/873/807 472/875/804 1378/1544/1497
f 472/875/804 473/867/1491 1379/1546/1499
f 1382/1549/1501 433/1552/1494 434/823/1505
f 1385/257/230 1387/1554/1507 461/1553/1506
f 1387/1554/1507 1388/1555/1509 462/853/1508
f 1388/1555/1509 1389/1556/1511 458/849/1510
f 1385/257/230 490/280/253 497/899/1512
f 1387/1554/1507 497/899/1512 493/900/824
f 1388/1555/1509 493/900/824 492/888/821
f 1390/328/301 1392/1557/1513 497/896/1512
f 1392/1557/1513 1393/1558/1514 498/904/830
f 1393/1558/1514 1394/1559/1515 502/902/833
f 1390/328/301 505/329/302 510/1560/1516
f 1393/1558/1514 1816/1561/1517 508/907/834
f 1394/1559/1515 508/907/834 504/199/172
f 588/996/308 1400/1570/307 1402/1567/1524
f 599/994/935 1402/1567/1524 1403/1568/1525
f 600/988/924 1403/1568/1525 1404/1569/1526
f 590/984/920 1404/1569/1526 1401/283/256
f 1400/1570/307 605/1006/309 614/1005/947
f 1402/1567/1524 614/1005/947 608/1001/943
f 1403/1568/1525 608/1001/943 607/999/941
f 607/999/941 604/321/294 1401/283/256
f 1405/309/282 1407/1571/1527 623/1014/955
f 1407/1571/1527 1408/1572/1528 624/1023/963
f 1408/1572/1528 1409/1573/1529 631/1019/960
f 1409/1573/1529 1406/1574/196 621/1020/198
f 606/308/281 618/1010/951 1407/1571/1527
f 618/1010/951 613/1007/948 1408/1572/1528
f 613/1007/948 612/1004/946 1409/1573/1529
f 612/1004/946 605/1006/309 1406/1574/196
f 1415/1579/298 1417/1580/1533 651/1041/981
f 1417/1580/1533 1418/1581/1534 652/1032/973
f 1418/1581/1534 1419/1582/1535 643/1029/970
f 1419/1582/1535 1416/227/200 638/226/199
f 657/1054/300 666/1053/992 1417/1580/1533
f 666/1058/992 660/1057/996 1418/1581/1534
f 660/1057/996 659/1047/986 1419/1582/1535
f 659/1047/986 656/341/314 1416/227/200
f 674/1077/313 1420/1586/312 1422/1583/1536
f 685/1075/1015 1422/1583/1536 1423/1584/1537
f 686/1069/1008 1423/1584/1537 1424/1585/1538
f 676/1065/1004 1424/1585/1538 1421/214/187
f 1420/1586/312 640/1043/296 653/1042/982
f 1422/1583/1536 653/1042/982 647/1037/978
f 1423/1584/1537 647/1037/978 646/1035/976
f 1424/1585/1538 646/1035/976 639/314/287
f 1430/333/306 1432/1591/1542 693/1082/1021
f 1432/1591/1542 1433/1592/1543 694/1092/1031
f 1433/1592/1543 1434/1593/1544 701/1088/1028
f 1434/1593/1544 1431/1594/179 691/1089/189
f 708/332/305 713/1097/1040 1432/1591/1542
f 713/1097/1040 722/1100/1043 1433/1592/1543
f 722/1100/1043 721/1109/1051 1434/1593/1544
f 721/1109/1051 710/1111/177 1431/1594/179
f 709/304/277 1435/203/176 1437/1595/1545
f 716/1103/1046 1437/1595/1545 1438/1596/1546
f 717/1105/1048 1438/1596/1546 1439/1597/1547
f 723/1110/1052 1439/1597/1547 1436/1598/303
f 1435/203/176 726/1113/1054 730/1115/1056
f 1437/1595/1545 730/1115/1056 739/1119/1060
f 1438/1596/1546 739/1119/1060 738/1125/1067
f 1439/1597/1547 738/1125/1067 728/1127/304
f 1445/164/143 1447/1603/1551 413/800/738
f 1447/1603/1551 1448/1604/1553 414/802/1552
f 1448/1604/1553 1449/1605/1554 420/808/745
f 1449/1605/1554 1446/1606/1555 411/237/210
f 604/321/294 609/1000/942 1447/1603/1551
f 609/1000/942 617/1003/945 1448/1604/1553
f 617/1003/945 616/1009/950 1449/1605/1554
f 616/1009/950 606/308/281 1446/1606/1555
f 622/312/285 1450/249/222 1452/1607/1556
f 634/1027/967 1452/1607/1558 1453/1608/1558
f 1453/1610/1560 1451/319/292 620/320/293
f 1450/249/222 446/843/780 451/845/782
f 1452/1607/1558 451/845/1558 448/847/1558
f 1453/1610/1560 448/838/776 445/318/291
f 1454/222/195 1456/1612/1564 428/816/1561
f 1456/1611/1562 1457/1613/1567 431/822/1563
f 431/822/758 1457/1613/1568 1455/267/240
f 656/341/314 661/1046/985 1456/1612/1564
f 669/1050/1566 668/1062/2079 1457/1613/1567
f 1457/1613/1568 668/1062/1000 658/1059/997
f 672/213/186 1458/1616/1573 1460/1614/1569
f 1460/1614/1571 1461/1617/1576 682/1615/1572
f 682/1072/1011 1461/1618/1577 1459/272/245
f 1458/1616/1573 479/273/246 483/877/1574
f 487/880/815 481/271/244 1459/272/245
f 491/285/258 1462/284/257 1464/1619/1578
f 500/901/832 1464/1619/1578 1465/1620/1579
f 501/893/1580 1465/1620/1579 1466/1621/1581
f 494/889/822 1466/1621/1581 1463/294/267
f 1462/284/257 709/304/277 718/1104/1047
f 1464/1619/1578 718/1104/1047 712/1098/1041
f 1465/1620/1579 712/1098/1041 711/1096/1039
f 1466/1621/1581 711/1096/1039 708/332/305
f 1467/287/260 1469/1625/1584 704/1622/1035
f 1469/1623/1582 1470/1624/1586 695/1081/1023
f 1470/1624/1583 1468/344/317 690/345/318
f 455/854/792 460/856/794 1469/1625/1584
f 460/850/1585 457/848/2080 1470/1624/1586
f 457/848/1587 454/343/316 1468/344/317
f 586/982/918 1471/282/255 1473/1626/1588
f 1474/1629/1591 1472/236/209 587/311/284
f 1471/282/255 435/210/183 439/828/1592
f 443/832/1595 437/234/207 1472/236/209
f 1475/264/237 1477/1631/1596 475/872/806
f 1477/1631/1596 1478/1634/1600 476/865/1597
f 476/865/1597 1478/1634/1600 1479/1632/1598
f 469/861/798 1479/1632/1598 1476/1633/1599
f 639/314/287 648/1036/977 1477/1631/1596
f 648/1036/977 642/1030/971 1478/1634/1600
f 642/1030/971 641/1028/969 1479/1632/1598
f 641/1028/969 638/226/199 1476/1633/1599
f 1480/292/265 1482/1635/1603 512/910/837
f 1482/1635/1601 1483/1636/1605 507/912/1602
f 507/906/835 1483/1637/1606 1481/202/175
f 727/306/279 729/1122/1063 1482/1635/1603
f 1483/1637/1606 729/2097/1057 726/1113/1054
f 764/370/340 1484/369/339 1486/1638/1607
f 767/1639/1608 1486/1638/1607 1487/1640/1609
f 766/1642/1611 1487/1647/1616 1488/1643/1612
f 1488/1643/1612 1485/486/440 763/527/478
f 1484/369/339 748/360/330 750/1645/1614
f 1486/1638/1607 750/1645/1614 751/1646/1615
f 1487/1647/1616 751/1686/1654 752/1648/1617
f 752/1648/1617 749/380/349 1485/486/440
f 1489/406/373 1491/1650/1619 772/1649/1618
f 1491/1650/1619 1492/1652/1625 771/1651/1620
f 1492/1652/1621 1493/1658/1627 770/1653/1622
f 770/1653/1622 1493/1658/1627 1490/1654/423
f 753/539/487 755/1656/1624 1491/1650/1619
f 755/1656/1624 756/1657/1693 1492/1652/1625
f 756/1657/1626 757/1728/1695 1493/1658/1627
f 1493/1658/1627 757/1728/1695 754/1659/333
f 1494/476/432 1496/1661/1629 747/1660/1628
f 1496/1661/1629 1497/1666/1634 746/1662/1630
f 1497/1663/1631 1498/1667/1635 745/1664/1632
f 745/1664/1632 1498/1667/1635 1495/349/322
f 764/370/340 767/1639/1608 1496/1661/1629
f 767/1639/1608 766/1641/1610 1497/1666/1634
f 766/1642/1611 765/1644/1613 1498/1667/1635
f 1498/1667/1635 765/1644/1613 763/527/478
f 759/505/457 1499/371/341 1501/1668/1636
f 762/1669/1637 1501/1668/1636 1502/1670/1638
f 761/1671/1640 1502/1670/1643 1503/1672/1641
f 1503/1672/1641 1500/1675/338 758/1674/326
f 1499/371/341 769/353/325 772/1649/1618
f 1501/1668/1636 772/1649/1618 771/1651/1620
f 1502/1670/1643 771/1651/1623 770/1653/1622
f 770/1653/1622 768/1655/336 1500/1675/338
f 774/506/458 1504/500/453 1506/1676/1644
f 777/1677/1645 1506/1676/1644 1507/1678/1646
f 776/1679/1648 1507/1678/1651 1508/1680/1649
f 1508/1680/1649 1505/1683/328 773/1682/343
f 1504/500/453 759/505/457 762/1669/1637
f 1506/1676/1644 762/1669/1637 761/1671/1639
f 1507/1678/1651 761/1671/1640 760/1673/1642
f 760/1673/1642 758/1674/326 1505/1683/328
f 748/360/330 1509/359/329 1511/1684/1652
f 750/1645/1614 1511/1684/1652 1512/1685/1653
f 751/1686/1654 1512/1690/1658 1513/1687/1655
f 1513/1687/1655 1510/378/347 749/380/349
f 1509/359/329 778/389/357 780/1688/1656
f 1511/1684/1652 780/1688/1656 781/1689/1657
f 1512/1690/1658 781/1694/1662 782/1691/1659
f 782/1691/1659 779/377/346 1510/378/347
f 778/389/357 1514/398/365 1516/1692/1660
f 780/1688/1656 1516/1692/1660 1517/1693/1661
f 781/1694/1662 1517/1698/1666 1518/1695/1663
f 1518/1695/1663 1515/375/344 779/377/346
f 1514/398/365 788/397/364 790/1696/1664
f 1516/1692/1660 790/1696/1664 791/1697/1665
f 1517/1698/1666 791/1717/1684 792/1699/1667
f 792/1699/1667 789/387/356 1515/375/344
f 784/540/488 1519/532/481 1521/1700/1668
f 787/1701/1669 1521/1700/1668 1522/1702/1670
f 786/1703/1672 1522/1702/1675 1523/1704/1673
f 1523/1706/1673 1520/382/351 783/384/353
f 1519/532/481 774/506/458 777/1677/1645
f 1521/1700/1668 777/1677/1645 776/1679/1647
f 1522/1702/1675 776/1679/1648 775/1681/1650
f 775/1708/1650 773/374/343 1520/382/351
f 1524/517/468 1526/1710/1677 814/1709/1676
f 1526/1710/1677 1527/1712/1679 813/1711/1678
f 1527/1712/1679 1528/1714/1681 812/1713/1680
f 1528/1714/1681 1525/480/434 810/531/362
f 794/1139/1080 803/1138/1079 1526/1710/1677
f 803/1138/1079 797/1142/1083 1527/1712/1679
f 797/1142/1083 796/1133/1074 1528/1714/1681
f 796/1133/1074 793/1130/1071 1525/480/434
f 788/397/364 1529/499/452 1531/1715/1682
f 790/1696/1664 1531/1715/1686 1532/1716/1683
f 791/1717/1684 1532/1719/1687 1533/1718/1685
f 792/1699/1667 1533/1718/1685 1530/385/354
f 1529/499/452 811/515/466 814/1709/1676
f 1531/1715/1686 814/1709/1676 813/1711/1678
f 1532/1719/1687 813/2105/1678 812/1720/1680
f 812/1720/1680 810/394/362 1530/385/354
f 794/1139/1080 1534/516/467 1536/1721/1688
f 801/1137/1078 1536/1721/1688 1537/1722/1689
f 802/1140/1090 1537/1722/1691 1538/1723/1690
f 807/1724/1086 1538/1725/1690 1535/391/359
f 1534/516/467 784/540/488 787/1701/1669
f 1536/1721/1688 787/1701/1669 786/1703/1671
f 1537/1722/1691 786/1703/1672 785/1705/1674
f 1538/1725/1690 785/1707/1674 783/384/353
f 1539/414/380 1541/1726/1692 755/1656/1624
f 1541/1726/1692 1542/1727/1697 756/1657/1693
f 1542/1727/1694 1543/1732/1699 757/1728/1695
f 757/1728/1695 1543/1732/1699 1540/1729/460
f 820/475/431 822/1730/1696 1541/1726/1692
f 822/1730/1696 823/1731/1715 1542/1727/1697
f 823/1731/1698 824/1751/1717 1543/1732/1699
f 1543/1732/1699 824/1751/1717 821/1733/370
f 1544/346/319 1546/1735/1701 819/1734/1700
f 1546/1735/1701 1547/1737/1706 818/1736/1702
f 1547/1737/1703 1548/2106/1707 817/1738/1704
f 817/1739/1704 1548/1740/1707 1545/399/366
f 744/348/321 747/1660/1628 1546/1735/1701
f 747/1660/1628 746/1662/1630 1547/1737/1706
f 746/1665/1633 745/1664/1632 1548/1740/1707
f 1548/1740/1707 745/1664/1632 743/361/331
f 832/1162/1109 1549/490/443 1551/1742/1708
f 842/1160/1107 1551/1742/1708 1552/1743/1709
f 843/1153/1097 1552/1743/1709 1553/1744/1710
f 834/1149/1093 1553/1744/1710 1550/465/424
f 1549/490/443 825/492/445 827/1745/1711
f 1551/1742/1708 827/1745/1711 828/1746/1712
f 1552/1743/1709 828/1746/1712 829/1747/1713
f 1553/1744/1710 829/1747/1713 826/1748/376
f 1554/491/444 1556/1749/1714 822/1730/1696
f 1556/1749/1714 1557/1750/1719 823/1731/1715
f 1557/1750/1716 1558/1752/1718 824/1751/1717
f 1558/1752/1718 1555/1753/378 821/1733/370
f 832/1162/1109 844/1161/1108 1556/1749/1714
f 844/1161/1108 839/1164/1111 1557/1750/1719
f 839/1164/1720 838/1158/1102 1558/1752/1718
f 838/1158/1102 831/1155/1099 1555/1753/378
f 1559/493/446 1561/1754/1721 827/1745/1711
f 1561/1754/1721 1562/1755/1723 828/1746/1712
f 1562/1755/1722 1563/1757/1724 829/1747/1713
f 829/1756/1713 1563/1758/1724 1560/407/374
f 816/524/475 819/1734/1700 1561/1754/1721
f 819/1734/1700 818/1736/1702 1562/1755/1723
f 818/1736/1705 817/1738/1704 1563/1757/1724
f 817/1739/1704 815/401/368 1560/407/374
f 1564/489/442 1566/1760/1726 871/1759/1725
f 1567/1762/1728 1568/1764/1730 869/1763/1729
f 1568/1764/1730 1565/537/485 867/538/486
f 852/436/399 854/1765/1731 1566/1760/1726
f 854/1765/1731 855/1766/1732 1567/1762/1728
f 855/1766/1732 856/1767/1733 1568/1764/1730
f 856/1767/1733 853/536/484 1565/537/485
f 873/430/393 1569/429/392 1571/1768/1734
f 876/1769/1735 1571/1768/1734 1572/1770/1736
f 875/1771/1737 1572/1770/1736 1573/1772/1738
f 874/1773/1739 1573/1772/1738 1570/470/427
f 1569/429/392 857/433/396 859/1774/1740
f 1571/1768/1734 859/1774/1740 860/1775/1741
f 1572/1770/1736 860/1775/1741 861/1776/1742
f 1573/1772/1738 861/1776/1742 858/471/428
f 851/1778/1744 1576/1777/1743 1577/1779/1745
f 850/1780/1746 1577/1779/1745 1578/1781/1747
f 849/1782/1748 1578/1781/1747 1575/487/441
f 1576/1777/1743 871/1759/1725 870/1761/1727
f 1577/1779/1745 870/1761/1727 869/1763/1729
f 1578/1781/1747 869/1763/1729 867/538/486
f 1579/431/394 1581/1784/1750 866/1783/1749
f 1581/1784/1750 1582/1786/1752 865/1785/1751
f 1582/1786/1752 1583/1788/1754 864/1787/1753
f 1583/1788/1754 1580/508/459 862/528/479
f 873/430/393 876/1769/1735 1581/1784/1750
f 876/1769/1735 875/1771/1737 1582/1786/1752
f 875/1771/1737 874/1773/1739 1583/1788/1754
f 874/1773/1739 872/473/430 1580/508/459
f 1584/422/386 1586/1790/1756 881/1789/1755
f 1586/1790/1756 1587/1792/1758 880/1791/1757
f 1587/1792/1758 1588/1794/1760 879/1793/1759
f 1588/1794/1760 1585/439/402 877/423/387
f 863/472/429 866/1783/1749 1586/1790/1756
f 866/1783/1749 865/1785/1751 1587/1792/1758
f 865/1785/1751 864/1787/1753 1588/1794/1760
f 864/1787/1753 862/528/479 1585/439/402
f 1589/437/400 1591/1795/1761 854/1765/1731
f 882/442/404 884/1798/1764 1591/1795/1761
f 1594/443/405 1596/1801/1767 884/1798/1764
f 1596/1801/1767 1597/1802/1768 885/1799/1765
f 1597/1802/1768 1598/1803/1769 886/1800/1766
f 1598/1803/1769 1595/529/480 883/485/439
f 892/447/409 894/1804/1770 1596/1801/1767
f 894/1804/1770 895/1805/1771 1597/1802/1768
f 896/1806/1772 893/526/477 1595/529/480
f 1599/438/401 1601/1808/1774 891/1807/1773
f 1601/1808/1774 1602/1810/1776 890/1809/1775
f 1602/1810/1776 1603/1812/1778 889/1811/1777
f 878/502/454 881/1789/1755 1601/1808/1774
f 881/1789/1755 880/1791/1757 1602/1810/1776
f 880/1791/1757 879/1793/1759 1603/1812/1778
f 879/1793/1759 877/423/387 1600/425/388
f 915/535/483 1604/2087/438 1606/1813/1779
f 918/1814/1780 1606/1813/1779 1607/1815/1781
f 917/1816/1782 1607/1815/1781 1608/1817/1783
f 916/1818/1784 1608/1817/1783 1605/519/470
f 1604/484/438 897/483/437 901/1166/1114
f 1606/1813/1779 901/1169/1114 910/1171/1118
f 1607/1815/1781 910/1171/1118 909/1179/1126
f 1608/1817/1783 909/1179/1126 899/520/471
f 1609/449/411 1611/1820/1785 894/1804/1770
f 1613/1822/1787 1610/503/455 893/526/477
f 915/535/483 918/1814/1780 1611/1820/1785
f 918/1814/1780 917/1816/1782 1612/1821/1786
f 917/1816/1782 916/1818/1784 1613/1822/1787
f 1614/444/406 1616/1823/1788 905/1176/1122
f 1616/1823/1788 1617/1824/1789 906/1182/1129
f 1617/1824/1789 1618/1825/1790 911/1180/1127
f 888/533/482 891/1807/1773 1616/1823/1788
f 891/1807/1773 890/1809/1775 1617/1824/1789
f 890/1809/1775 889/1811/1777 1618/1825/1790
f 857/433/396 1619/454/414 1621/1826/1791
f 859/1774/1740 1621/1826/1791 1622/1827/1792
f 860/1775/1741 1622/1827/1792 1623/1828/1793
f 861/1776/1742 1623/1828/1793 1620/513/464
f 1619/454/414 924/455/415 926/1829/1794
f 1621/1826/1791 926/1829/1794 927/1830/1795
f 1622/1827/1792 927/1830/1795 928/1831/1796
f 920/456/416 1624/427/390 1626/1832/1797
f 922/1835/1800 1627/1834/1799 1628/1836/1801
f 921/1837/1802 1628/1836/1801 1625/460/419
f 1624/427/390 848/426/389 851/1778/1744
f 1626/1832/1797 851/1778/1744 850/1780/1746
f 1627/1834/1799 850/1780/1746 849/1782/1748
f 1628/1836/1801 849/1782/1748 847/451/413
f 1629/469/426 1631/2107/1803 937/1838/1133
f 1631/1839/1803 1632/1840/1804 938/1196/1143
f 1632/1840/1804 1633/1841/1805 944/1192/1139
f 1633/1841/1805 1630/497/450 935/1193/1140
f 929/463/422 931/1843/1806 1631/1839/1803
f 931/1843/1806 932/1844/1807 1632/1840/1804
f 932/1844/1807 933/1845/1808 1633/1841/1805
f 933/1845/1808 930/494/447 1630/497/450
f 924/455/415 1634/461/420 1636/1846/1809
f 926/1829/1794 1636/1846/1809 1637/1847/1810
f 927/1830/1795 1637/1847/1810 1638/1848/1811
f 1634/461/420 936/462/421 948/1199/1147
f 1636/1846/1809 948/1199/1147 943/1194/1141
f 1637/1847/1810 943/1194/1141 942/1191/1138
f 1638/1848/1811 942/1191/1138 935/1193/1140
f 929/463/422 1639/457/417 1641/1849/1812
f 931/1843/1806 1641/1849/1812 1642/1850/1813
f 932/1844/1807 1642/1850/1813 1643/1851/1814
f 933/1845/1808 1643/1851/1814 1640/495/448
f 1639/457/417 920/456/416 923/1833/1798
f 1642/1850/1813 922/1835/1800 921/1837/1802
f 936/462/421 1644/412/379 1646/1852/1815
f 947/1184/1816 1646/1855/1818 1645/522/473
f 1644/412/379 831/2086/1099 833/1854/1817
f 1646/1855/1818 833/2099/1094 830/523/474
f 1647/392/360 1649/1858/1821 806/1856/1819
f 1649/1857/1820 1648/481/435 793/1130/1071
f 898/450/412 900/1175/1121 1649/1858/1821
f 900/1859/1115 897/483/437 1648/481/435
f 972/562/507 1650/561/506 1652/1860/1822
f 975/1861/1823 1652/1860/1822 1653/1862/1824
f 974/1864/1826 1653/1869/1831 1654/1865/1827
f 1654/1865/1827 1651/676/610 971/716/646
f 1650/561/506 956/552/497 958/1867/1829
f 1652/1860/1822 958/1867/1829 959/1868/1830
f 1653/1869/1831 959/1907/1869 960/1870/1832
f 960/1870/1832 957/572/516 1651/676/610
f 1655/598/541 1657/1877/1834 980/1871/1833
f 1657/1872/1834 1658/1875/1840 979/1873/1835
f 1658/1875/1836 1659/1880/1842 978/1876/1837
f 978/1876/1837 1659/1880/1842 1656/656/593
f 961/727/655 963/1945/1839 1657/1877/1834
f 963/1878/1839 964/1879/1909 1658/1875/1840
f 964/1879/1841 965/1948/1911 1659/1880/1842
f 1659/1880/1842 965/1948/1911 962/555/500
f 1660/666/602 1662/1882/1844 955/1881/1843
f 1662/1882/1844 1663/1887/1849 954/1883/1845
f 1663/1884/1846 1664/1888/1850 953/1885/1847
f 953/1885/1847 1664/1888/1850 1661/541/489
f 972/562/507 975/1861/1823 1662/1882/1844
f 975/1861/1823 974/1863/1825 1663/1887/1849
f 974/1864/1826 973/1866/1828 1664/1888/1850
f 1664/1888/1850 973/1866/1828 971/716/646
f 967/695/628 1665/563/508 1667/1889/1851
f 970/1891/1852 1667/1896/1851 1668/1892/1853
f 969/1893/1855 1668/1892/1858 1669/1894/1856
f 1669/1894/1856 1666/560/505 966/547/493
f 1665/563/508 977/545/492 980/1871/1833
f 1667/1896/1851 980/1874/1833 979/1873/1835
f 1668/1892/1858 979/1873/1838 978/1876/1837
f 978/1876/1837 976/558/503 1666/560/505
f 982/696/629 1670/690/623 1672/1897/1859
f 985/1899/1860 1672/1904/1859 1673/1900/1861
f 984/1901/1863 1673/1900/1866 1674/1902/1864
f 1674/1902/1864 1671/549/495 981/566/510
f 1670/690/623 967/695/628 970/1890/1852
f 1672/1904/1859 970/1891/1852 969/1893/1854
f 1673/1900/1866 969/1893/1855 968/1895/1857
f 968/1895/1857 966/547/493 1671/549/495
f 956/552/497 1675/551/496 1677/1905/1867
f 958/1867/1829 1677/1905/1867 1678/1906/1868
f 959/1907/1869 1678/1911/1873 1679/1908/1870
f 1679/1908/1870 1676/570/514 957/572/516
f 1675/551/496 986/581/524 988/1909/1871
f 1677/1905/1867 988/1909/1871 989/1910/1872
f 1678/1911/1873 989/1915/1877 990/1912/1874
f 986/581/524 1680/590/533 1682/1913/1875
f 988/1909/1871 1682/1913/1875 1683/1914/1876
f 1684/1916/1878 1681/567/511 987/569/513
f 1680/590/533 996/589/532 998/1917/1879
f 1682/1913/1875 998/1917/1879 999/1918/1880
f 1683/1919/1881 999/1937/1900 1000/1920/1882
f 1000/1920/1882 997/579/523 1681/567/511
f 992/728/656 1685/721/649 1687/1921/1883
f 995/1923/1884 1687/1928/1883 1688/1924/1885
f 994/1925/1887 1688/1924/1890 1689/1926/1888
f 993/1927/1889 1689/1926/1888 1686/574/518
f 1685/721/649 982/696/629 985/1898/1860
f 1687/1928/1883 985/1899/1860 984/1901/1862
f 1688/1924/1890 984/1901/1863 983/1903/1865
f 983/1903/1865 981/566/510 1686/574/518
f 1690/704/636 1692/1930/1892 1022/1929/1891
f 1692/1930/1892 1693/1932/1894 1021/1931/1893
f 1693/1932/1894 1694/1934/1897 1020/1933/1895
f 1694/1934/1897 1691/670/604 1018/720/529
f 1002/1210/1160 1012/1209/1159 1692/1930/1892
f 1012/1209/1159 1005/1215/1163 1693/1932/1894
f 1005/1215/1163 1004/1204/1154 1694/1934/1897
f 1004/1204/1154 1001/1201/1151 1691/670/604
f 996/589/532 1695/689/622 1697/1935/1898
f 998/1917/1879 1697/1935/1902 1698/1936/1899
f 999/1937/1900 1698/1939/1903 1699/1938/1901
f 1000/1920/1882 1699/1938/1901 1696/577/521
f 1695/689/622 1019/702/634 1022/1929/1891
f 1697/1935/1902 1022/1929/1891 1021/1931/1893
f 1698/1939/1903 1021/2108/2081 1020/1940/1895
f 1020/1940/1895 1018/586/529 1696/577/521
f 1002/1210/1160 1700/703/635 1702/1941/1904
f 1010/1213/1158 1702/1944/1904 1703/1942/1905
f 1011/1211/1171 1703/1942/1907 1704/1943/1906
f 1015/1219/1167 1704/1943/1906 1701/583/526
f 1700/703/635 992/728/656 995/1922/1884
f 1702/1944/1904 995/1923/1884 994/1925/1886
f 1703/1942/1907 994/1925/1887 993/1927/1889
f 1704/1943/1906 993/1927/1889 991/576/520
f 1705/606/548 1707/1949/1908 963/1945/1839
f 1707/1946/1908 1708/1947/1913 964/1879/1909
f 1708/1947/1910 1709/1952/1915 965/1948/1911
f 965/1948/1911 1709/1952/1915 1706/699/631
f 1028/665/601 1030/1968/1912 1707/1949/1908
f 1030/1950/1912 1031/1951/1931 1708/1947/1913
f 1031/1951/1914 1032/1971/1933 1709/1952/1915
f 1709/1952/1915 1032/1971/1933 1029/595/538
f 1710/510/461 1712/1954/1917 1027/1953/1916
f 1712/1954/1917 1713/1959/1922 1026/1955/1918
f 1713/1956/1919 1714/1960/1923 1025/1957/1920
f 1025/1957/1920 1714/1960/1923 1711/591/534
f 952/512/463 955/1881/1843 1712/1954/1917
f 955/1881/1843 954/1883/1845 1713/1959/1922
f 954/1886/1848 953/1885/1847 1714/1960/1923
f 1714/1960/1923 953/1885/1847 951/553/498
f 1040/1240/1191 1715/680/613 1717/1961/1924
f 1051/1238/1189 1717/1961/1924 1718/1962/1925
f 1052/1228/1178 1718/1962/1925 1719/1963/1926
f 1042/1224/1174 1719/1963/1926 1716/709/594
f 1715/680/613 1033/682/615 1035/1964/1927
f 1717/1961/1924 1035/1964/1927 1036/1965/1928
f 1718/1962/1925 1036/1965/1928 1037/1966/1929
f 1719/1963/1926 1037/1966/1929 1034/1967/544
f 1720/681/614 1722/1973/1930 1030/1968/1912
f 1722/1969/1930 1723/1970/1935 1031/1951/1931
f 1723/1970/1932 1724/1972/1934 1032/1971/1933
f 1724/1972/1934 1721/603/546 1029/595/538
f 1040/1240/1191 1053/1239/1190 1722/1973/1930
f 1053/1244/1190 1047/1243/1193 1723/1970/1935
f 1047/1243/1936 1046/1233/1183 1724/1972/1934
f 1046/1233/1183 1039/1230/1180 1721/603/546
f 1725/683/616 1727/1974/1937 1035/1964/1927
f 1727/1974/1937 1728/1978/1939 1036/1965/1928
f 1728/1975/1938 1729/1979/1940 1037/1976/1929
f 1037/1976/1929 1729/1979/1940 1726/599/542
f 1024/712/643 1027/1953/1916 1727/1974/1937
f 1027/1953/1916 1026/1955/1918 1728/1978/1939
f 1026/1958/1921 1025/1957/1920 1729/1979/1940
f 1025/1957/1920 1023/593/536 1726/599/542
f 1730/679/612 1732/1981/1942 1080/1980/1941
f 1732/1981/1942 1733/1983/1944 1079/1982/1943
f 1733/1983/1944 1734/1985/1946 1078/1984/1945
f 1734/1985/1946 1731/725/653 1076/726/654
f 1061/628/568 1063/1986/1947 1732/1981/1942
f 1063/1986/1947 1064/1987/1948 1733/1983/1944
f 1064/1987/1948 1065/1988/1949 1734/1985/1946
f 1065/1988/1949 1062/724/652 1731/725/653
f 1082/622/562 1735/621/561 1737/1989/1950
f 1085/1990/1951 1737/1989/1950 1738/1991/1952
f 1084/1992/1953 1738/1991/1952 1739/1993/1954
f 1083/1994/1955 1739/1993/1954 1736/660/597
f 1735/621/561 1066/625/565 1068/1995/1956
f 1737/1989/1950 1068/1995/1956 1069/1996/1957
f 1738/1991/1952 1069/1996/1957 1070/1997/1958
f 1739/1993/1954 1070/1997/1958 1067/661/598
f 1057/618/558 1740/609/550 1742/1998/1959
f 1060/1999/1960 1742/1998/1959 1743/2000/1961
f 1058/2003/1964 1744/2002/1963 1741/677/611
f 1740/609/550 1077/608/549 1080/1980/1941
f 1742/1998/1959 1080/1980/1941 1079/1982/1943
f 1743/2000/1961 1079/1982/1943 1078/1984/1945
f 1744/2002/1963 1078/1984/1945 1076/726/654
f 1745/623/563 1747/2005/1966 1075/2004/1965
f 1747/2005/1966 1748/2007/1968 1074/2006/1967
f 1748/2007/1968 1749/2009/1970 1073/2008/1969
f 1749/2009/1970 1746/698/630 1071/717/647
f 1082/622/562 1085/1990/1951 1747/2005/1966
f 1085/1990/1951 1084/1992/1953 1748/2007/1968
f 1084/1992/1953 1083/1994/1955 1749/2009/1970
f 1083/1994/1955 1081/663/600 1746/698/630
f 1750/614/554 1752/2011/1972 1090/2010/1971
f 1752/2011/1972 1753/2013/1974 1089/2012/1973
f 1753/2013/1974 1754/2015/1976 1088/2014/1975
f 1754/2015/1976 1751/631/571 1086/615/555
f 1072/662/599 1075/2004/1965 1752/2011/1972
f 1075/2004/1965 1074/2006/1967 1753/2013/1974
f 1074/2006/1967 1073/2008/1969 1754/2015/1976
f 1073/2008/1969 1071/717/647 1751/631/571
f 1755/629/569 1757/2016/1977 1063/1986/1947
f 1757/2016/1977 1758/2017/1978 1064/1987/1948
f 1758/2017/1978 1759/2018/1979 1065/1988/1949
f 1759/2018/1979 1756/611/552 1062/724/652
f 1091/634/574 1093/2019/1980 1757/2016/1977
f 1094/2020/1981 1095/2021/1982 1759/2018/1979
f 1095/2021/1982 1092/675/609 1756/611/552
f 1760/635/575 1762/2022/1983 1093/2019/1980
f 1763/2023/1984 1764/2024/1985 1095/2021/1982
f 1764/2024/1985 1761/718/648 1092/675/609
f 1103/2025/1986 1104/2026/1987 1763/2023/1984
f 1104/2026/1987 1105/2027/1988 1764/2024/1985
f 1105/2027/1988 1102/715/645 1761/718/648
f 1765/630/570 1767/2029/1990 1100/2028/1989
f 1767/2029/1990 1768/2031/1992 1099/2030/1991
f 1768/2031/1992 1769/2033/1994 1098/2032/1993
f 1769/2033/1994 1766/617/557 1096/638/578
f 1087/692/625 1090/2010/1971 1767/2029/1990
f 1090/2010/1971 1089/2012/1973 1768/2031/1992
f 1089/2012/1973 1088/2014/1975 1769/2033/1994
f 1088/2014/1975 1086/615/555 1766/617/557
f 1124/2034/651 1770/2109/608 1772/2035/1995
f 1127/2036/1996 1772/2035/1995 1773/2037/1997
f 1126/2038/1998 1773/2037/1997 1774/2039/1999
f 1125/2040/2000 1774/2039/1999 1771/706/638
f 1770/674/608 1106/673/607 1110/1247/1196
f 1772/2035/1995 1110/1251/1196 1119/1253/1200
f 1773/2037/1997 1119/1253/1200 1118/1259/1208
f 1774/2039/1999 1118/1259/1208 1108/707/639
f 1775/641/581 1777/2042/2001 1103/2025/1986
f 1777/2042/2001 1778/2043/2002 1104/2026/1987
f 1778/2043/2002 1779/2044/2003 1105/2027/1988
f 1124/2034/651 1127/2036/1996 1777/2042/2001
f 1127/2036/1996 1126/2038/1998 1778/2043/2002
f 1126/2038/1998 1125/2040/2000 1779/2044/2003
f 1125/2040/2000 1123/708/640 1776/693/626
f 1780/636/576 1782/2045/2004 1114/1257/1204
f 1782/2045/2004 1783/2046/2005 1115/1262/1211
f 1783/2046/2005 1784/2047/2006 1120/1260/1209
f 1784/2047/2006 1781/705/637 1108/707/639
f 1097/722/650 1100/2028/1989 1782/2045/2004
f 1100/2028/1989 1099/2030/1991 1783/2046/2005
f 1099/2030/1991 1098/2032/1993 1784/2047/2006
f 1098/2032/1993 1096/638/578 1781/705/637
f 1066/625/565 1785/646/584 1787/2048/2007
f 1068/1995/1956 1787/2048/2007 1788/2049/2008
f 1069/1996/1957 1788/2049/2008 1789/2050/2009
f 1070/1997/1958 1789/2050/2009 1786/700/632
f 1785/646/584 1133/647/585 1135/2051/2010
f 1787/2048/2007 1135/2051/2010 1136/2052/2011
f 1788/2049/2008 1136/2052/2011 1137/2053/2012
f 1789/2050/2009 1137/2053/2012 1134/667/603
f 1132/2055/2014 1792/2054/2013 1793/2056/2015
f 1131/2057/2016 1793/2056/2015 1794/2058/2017
f 1130/2059/2018 1794/2058/2017 1791/652/589
f 1792/2054/2013 1060/1999/1960 1059/2001/1962
f 1793/2056/2015 1059/2001/1962 1058/2003/1964
f 1794/2058/2017 1058/2003/1964 1056/643/583
f 1795/659/596 1797/2060/2019 1146/1266/1215
f 1797/2060/2019 1798/2061/2020 1147/1275/1225
f 1798/2061/2020 1799/2062/2021 1153/1271/1221
f 1799/2062/2021 1796/687/620 1144/1272/1222
f 1140/2063/2022 1141/2064/2023 1798/2061/2020
f 1141/2064/2023 1142/2065/2024 1799/2062/2021
f 1142/2065/2024 1139/684/617 1796/687/620
f 1133/647/585 1800/653/590 1802/2066/2025
f 1135/2051/2010 1802/2066/2025 1803/2067/2026
f 1136/2052/2011 1803/2067/2026 1804/2068/2027
f 1137/2053/2012 1804/2068/2027 1801/686/619
f 1800/653/590 1145/654/591 1157/1278/1229
f 1802/2066/2025 1157/1278/1229 1152/1273/1223
f 1803/2067/2026 1152/1273/1223 1151/1270/1220
f 1804/2068/2027 1151/1270/1220 1144/1272/1222
f 1138/655/592 1805/649/587 1807/2069/2028
f 1140/2063/2022 1807/2069/2028 1808/2070/2029
f 1141/2064/2023 1808/2070/2029 1809/2071/2030
f 1142/2065/2024 1809/2071/2030 1806/685/618
f 1805/649/587 1129/648/586 1132/2055/2014
f 1807/2069/2028 1132/2055/2014 1131/2057/2016
f 1809/2071/2030 1130/2059/2018 1128/651/588
f 1145/654/591 1810/604/547 1812/2072/2031
f 1156/2074/1214 1812/2075/2035 1811/710/641
f 1810/604/547 1039/1230/1180 1048/1232/2032
f 1812/2075/2035 1041/2100/1175 1038/711/642
f 1813/584/527 1815/2078/2039 1006/2076/2036
f 1815/2077/2038 1814/671/605 1001/1201/1151
f 1107/642/582 1109/1256/1203 1815/2078/2039
f 1109/2079/1197 1106/673/607 1814/671/605
