# Blender 5.2.2 LTS
# www.blender.org
mtllib Holocron_Esquina_7.mtl
o Holocron.008
v -42.987480 2.386290 4.439212
v -42.994488 1.257828 3.189362
v -42.989079 1.950870 4.055215
v -42.991508 1.568550 3.626709
v -42.998569 0.983069 2.675037
v -42.984798 2.938293 4.805925
v -42.875862 2.390757 4.434004
v -42.882874 1.262295 3.184154
v -42.877464 1.955337 4.050007
v -42.879894 1.573018 3.621501
v -42.886955 0.987535 2.669828
v -42.873180 2.942760 4.800717
v -42.929688 3.155375 4.679121
v -42.934299 2.534117 4.283948
v -42.935894 2.098465 3.900197
v -42.929043 2.242929 4.589269
v -42.928295 2.725677 4.927523
v -42.939678 0.863407 2.877848
v -42.936050 1.114399 3.339489
v -42.930645 1.807744 4.205025
v -42.941311 1.405724 3.034027
v -42.945850 1.107196 2.467016
v -42.938332 1.716371 3.471454
v -42.944016 0.647243 2.372144
v -42.933075 1.425197 3.776757
v -42.805481 0.452362 1.048260
v -42.820892 0.380919 5.428696
v -42.843513 4.779037 5.513525
v -43.058498 0.373783 5.673412
v -47.468128 0.347646 5.723969
v -43.081161 4.780499 5.762596
v -43.059223 0.139901 5.429708
v -43.074596 0.197561 1.028641
v -47.476784 0.111629 5.479418
v -44.079906 0.314445 3.377781
v -45.269917 0.271854 4.568436
v -44.440941 0.298767 3.832154
v -44.849167 0.284297 4.235805
v -45.769402 0.259888 4.869122
v -43.743839 0.333366 2.808737
v -44.083359 0.202884 3.370916
v -45.273373 0.160295 4.561572
v -44.444393 0.187205 3.825289
v -44.852619 0.172736 4.228940
v -45.772858 0.148326 4.862256
v -43.747292 0.221805 2.801872
v -43.878952 0.282907 2.597909
v -44.241611 0.261751 3.236844
v -44.602386 0.246065 3.691439
v -43.921654 0.255575 3.511853
v -43.612183 0.272264 3.012700
v -45.559689 0.202105 4.976826
v -45.111591 0.212986 4.702574
v -44.282948 0.239902 3.966005
v -43.325722 0.290946 2.441426
v -45.431694 0.219164 4.427436
v -45.982574 0.206109 4.754551
v -45.010860 0.231605 4.094876
v -46.053589 0.191905 5.218571
v -44.690926 0.225429 4.369869
v -45.154018 1.346944 5.616287
v -43.972355 2.546602 5.606400
v -44.702595 1.711976 5.620153
v -44.302017 2.123452 5.616409
v -43.672710 3.054858 5.597428
v -45.719978 1.005486 5.601918
v -45.165897 1.360127 5.726695
v -43.984234 2.559785 5.716808
v -44.714474 1.725155 5.730562
v -44.313896 2.136637 5.726818
v -43.684589 3.068043 5.707838
v -45.731857 1.018668 5.712327
v -45.933521 1.142635 5.630888
v -45.297974 1.511397 5.648226
v -44.846325 1.876173 5.652130
v -45.021942 1.195674 5.694756
v -45.518314 0.881517 5.683357
v -43.559528 2.844990 5.668324
v -43.840218 2.395257 5.684879
v -44.570740 1.560956 5.698586
v -46.086754 0.589475 5.664752
v -44.116375 2.711128 5.638330
v -43.797775 3.277910 5.636940
v -44.445961 2.287899 5.648348
v -44.169949 1.972193 5.694877
v -42.990211 1.751525 3.843969
v -42.988171 2.163299 4.254138
v -42.992931 1.404450 3.409090
v -42.996262 1.123261 2.957157
v -43.001656 0.822160 2.314003
v -42.986763 2.627971 4.615036
v -42.980598 3.356844 5.032565
v -42.878593 1.755992 3.838760
v -42.876553 2.167766 4.248930
v -42.881317 1.408915 3.403882
v -42.884647 1.127728 2.951949
v -42.890041 0.826625 2.308795
v -42.875145 2.632436 4.609828
v -42.868984 3.361312 5.027357
v -42.933342 2.784513 4.463268
v -42.934986 2.310981 4.099027
v -42.928566 2.475893 4.761596
v -42.937767 0.982803 3.113870
v -42.929733 2.020083 4.404042
v -42.919243 3.842156 5.278758
v -42.943142 1.268186 2.795237
v -42.937027 1.899204 3.688862
v -42.921375 3.720932 4.966410
v -42.949390 0.650301 1.903305
v -42.928207 2.997226 5.093512
v -42.941792 0.753004 2.628770
v -42.939754 1.552335 3.253765
v -42.949905 0.895782 1.994028
v -42.931774 1.608314 3.993867
v -42.934494 1.261029 3.559207
v -43.322636 0.219315 3.344980
v -45.141907 2.445211 5.689453
v -42.880592 2.459372 5.224929
v -44.543304 1.858018 4.022297
v -42.813187 0.416640 3.238478
v -42.832203 2.579978 5.471108
v -42.824497 2.615700 3.280891
v -45.263313 0.360714 5.698690
v -43.069832 2.577139 5.718006
v -45.274647 2.564071 5.743281
v -43.066910 0.168729 3.229176
v -45.268002 0.125763 5.454563
v -45.275688 0.154595 3.254030
v -44.540634 0.253502 3.979647
v -42.939537 1.872030 3.991861
v -44.531376 1.834862 5.621124
v -42.886139 2.496076 3.391155
v -45.133709 0.601871 5.653818
v -45.138721 0.178843 5.214607
v -42.877987 0.661367 3.357779
v -43.308636 2.454818 5.668334
v -45.159714 0.207565 3.365654
v -44.641628 0.291316 4.041996
v -44.253235 0.306501 3.609885
v -45.058037 0.277829 4.410792
v -45.494881 0.266141 4.714690
v -46.121670 0.252439 5.048283
v -43.916992 0.322856 3.127600
v -43.542683 0.347272 2.381024
v -44.645081 0.179753 4.035131
v -44.256691 0.194941 3.603019
v -45.061493 0.166267 4.403927
v -45.498333 0.154579 4.707824
v -46.125122 0.140876 5.041417
v -43.920444 0.211295 3.120734
v -43.546135 0.235711 2.374159
v -44.075436 0.270443 2.977871
v -44.414780 0.253806 3.469085
v -43.762001 0.263707 3.270463
v -45.330132 0.207407 4.845520
v -44.095146 0.247638 3.743819
v -43.325722 0.307430 1.884943
v -45.663082 0.213314 4.576991
v -44.803169 0.238618 3.901201
v -43.621109 0.301557 2.021834
v -46.521984 0.188474 5.239589
v -43.467712 0.281426 2.733349
v -45.802750 0.196964 5.099821
v -45.219807 0.225139 4.269800
v -46.444046 0.196351 4.989878
v -44.483543 0.232450 4.175926
v -44.899723 0.218958 4.544919
v -44.494289 1.914392 5.619153
v -44.923363 1.522352 5.619173
v -44.128529 2.333627 5.612166
v -43.827335 2.773357 5.599950
v -43.490982 3.422875 5.602664
v -45.402767 1.181711 5.611215
v -46.145638 0.800101 5.586895
v -44.506168 1.927576 5.729561
v -44.935242 1.535535 5.729580
v -44.140408 2.346812 5.722575
v -43.839214 2.786541 5.710360
v -43.502861 3.436059 5.713071
v -45.414646 1.194893 5.721622
v -46.157516 0.813286 5.697305
v -45.555473 1.342813 5.642772
v -45.067181 1.686646 5.651136
v -45.261936 1.033791 5.690064
v -43.697567 2.614698 5.677483
v -44.791428 1.371238 5.697618
v -46.641930 0.583095 5.623731
v -43.968987 2.945204 5.632828
v -44.638100 2.078681 5.651116
v -46.506901 0.879054 5.609581
v -43.298195 3.849082 5.667840
v -45.796257 0.734335 5.674619
v -43.418079 3.088640 5.657444
v -44.272537 2.498144 5.644096
v -43.575768 3.770293 5.658289
v -44.362358 1.763284 5.697599
v -43.996399 2.182293 5.690645
v -42.846939 5.256776 5.765637
v -42.845821 5.255176 5.764995
v -42.848568 5.257494 5.766510
v -42.847691 5.256772 5.764895
v -42.980732 2.224809 4.608513
v -42.984592 2.226475 4.606785
v -42.982193 2.224526 4.608817
v -42.983440 2.224743 4.608594
v -42.984283 2.225427 4.607881
v -42.988625 1.408765 3.794249
v -42.984749 1.407082 3.795995
v -42.988312 1.407711 3.795353
v -42.987465 1.407020 3.796073
v -42.986214 1.406800 3.796298
v -42.990364 2.546085 4.271663
v -42.986431 2.548042 4.269593
v -42.990082 2.547160 4.270534
v -42.989235 2.547910 4.269745
v -42.987953 2.548219 4.269414
v -42.990459 1.730291 3.457100
v -42.994392 1.728332 3.459175
v -42.991982 1.730470 3.456920
v -42.993263 1.730159 3.457252
v -42.994110 1.729409 3.458043
v -42.982330 1.789625 4.224267
v -42.986198 1.791290 4.222539
v -42.983791 1.789344 4.224570
v -42.985043 1.789561 4.224349
v -42.985886 1.790245 4.223635
v -42.988026 2.112386 3.885842
v -42.991959 2.110438 3.887903
v -42.989548 2.112564 3.885662
v -42.990829 2.112257 3.885990
v -42.991676 2.111511 3.886778
v -42.993431 1.419645 3.019674
v -42.997375 1.417652 3.021782
v -42.994957 1.419819 3.019497
v -42.996243 1.419504 3.019836
v -42.997089 1.418743 3.020638
v -42.991604 1.098005 3.356942
v -42.987709 1.096292 3.358722
v -42.991287 1.096937 3.358061
v -42.990440 1.096238 3.358792
v -42.989182 1.096010 3.359024
v -42.997967 1.121115 2.452665
v -43.001904 1.119563 2.455773
v -42.999493 1.121325 2.452564
v -43.000778 1.121103 2.453119
v -43.001625 1.120485 2.454246
v -42.995235 0.846571 2.894303
v -42.991310 0.845305 2.897072
v -42.994919 0.845671 2.895804
v -42.994061 0.845117 2.896856
v -42.992794 0.844986 2.897302
v -43.006802 0.667088 1.424551
v -43.010689 0.671847 1.437351
v -43.006836 0.668989 1.424065
v -43.008305 0.667686 1.427430
v -43.009571 0.668801 1.430874
v -43.006557 0.667217 1.423228
v -43.008163 0.667982 1.425216
v -43.009415 0.668902 1.427468
v -43.009029 0.669088 1.425985
v -43.010426 0.672015 1.434084
v -43.009602 0.671531 1.430412
v -43.010406 0.670260 1.434357
v -43.010014 0.670277 1.430464
v -43.009426 0.670062 1.427270
v -43.006577 0.668248 1.422965
v -43.008339 0.670469 1.426893
v -43.008179 0.669290 1.424961
v -43.008083 0.668385 1.423911
v -42.995621 0.629153 2.391357
v -42.999542 0.632059 2.392672
v -42.997112 0.628955 2.391901
v -42.998383 0.629439 2.392342
v -42.999237 0.630528 2.392613
v -42.979980 2.707556 4.946766
v -42.983810 2.710255 4.945712
v -42.981441 2.707355 4.947122
v -42.982681 2.707794 4.947044
v -42.983513 2.708814 4.946549
v -42.985786 3.166218 4.666211
v -42.981815 3.169297 4.664765
v -42.985489 3.167723 4.665319
v -42.984631 3.168837 4.664733
v -42.983337 3.169389 4.664538
v -42.979637 3.267876 5.279423
v -42.983593 3.262901 5.276655
v -42.979908 3.259608 5.277328
v -42.981174 3.266743 5.279668
v -42.982464 3.265400 5.279231
v -42.979568 3.265903 5.279222
v -42.981110 3.264881 5.279362
v -42.982323 3.263942 5.279265
v -42.981976 3.262964 5.279080
v -42.983349 3.261692 5.277617
v -42.982563 3.260642 5.278082
v -42.983315 3.264050 5.278172
v -42.982922 3.262845 5.278563
v -42.982368 3.261873 5.278768
v -42.979713 3.261430 5.278089
v -42.979595 3.263640 5.278751
v -42.981354 3.259909 5.277983
v -42.981197 3.261572 5.278543
v -42.962357 4.412405 5.282930
v -42.962456 4.412964 5.281039
v -42.966663 4.399734 5.277534
v -42.962151 4.413742 5.282842
v -42.963974 4.409507 5.282174
v -42.963806 4.411739 5.281962
v -42.963718 4.413066 5.281613
v -42.964706 4.411005 5.280807
v -42.964031 4.410186 5.279418
v -42.965385 4.406697 5.278182
v -42.962204 4.414042 5.281816
v -42.963837 4.412063 5.280670
v -42.965134 4.409761 5.279779
v -42.966305 4.402649 5.279253
v -42.965359 4.406084 5.280880
v -42.966312 4.403028 5.277521
v -42.965801 4.406561 5.279417
v -42.965118 4.409501 5.280926
v -42.873600 2.265389 4.565457
v -42.877373 2.261044 4.570032
v -42.873871 2.264136 4.566772
v -42.874683 2.262870 4.568102
v -42.875912 2.261784 4.569247
v -42.881401 1.443312 3.757520
v -42.877632 1.447677 3.752923
v -42.879944 1.444054 3.756733
v -42.878716 1.445147 3.755583
v -42.877903 1.446418 3.754246
v -42.882172 2.520195 4.298304
v -42.878128 2.516103 4.302574
v -42.880638 2.519556 4.298965
v -42.879333 2.518555 4.300009
v -42.878452 2.517343 4.301276
v -42.882156 1.698352 3.490083
v -42.886204 1.702446 3.485807
v -42.882484 1.699594 3.488784
v -42.883366 1.700806 3.487514
v -42.884674 1.701809 3.486470
v -42.875206 1.830203 4.181213
v -42.878971 1.825859 4.185787
v -42.875473 1.828951 4.182527
v -42.876286 1.827688 4.183857
v -42.877514 1.826600 4.185001
v -42.879723 2.080460 3.918812
v -42.883762 2.084541 3.914551
v -42.880047 2.081696 3.917519
v -42.880928 2.082905 3.916255
v -42.882233 2.083903 3.915213
v -42.885139 1.387672 3.052692
v -42.889191 1.391804 3.048379
v -42.885464 1.388926 3.051379
v -42.886349 1.390152 3.050098
v -42.887657 1.391162 3.049045
v -42.884396 1.132508 3.320257
v -42.880611 1.136918 3.315615
v -42.882927 1.133256 3.319465
v -42.881695 1.134359 3.318305
v -42.880882 1.135643 3.316953
v -42.889668 1.089710 2.486940
v -42.893734 1.093277 2.481367
v -42.889996 1.090747 2.485145
v -42.890884 1.091789 2.483456
v -42.892200 1.092679 2.482129
v -42.888039 0.881509 2.858624
v -42.884247 0.885356 2.852721
v -42.886566 0.882217 2.857734
v -42.885330 0.883195 2.856300
v -42.884514 0.884298 2.854539
v -42.902615 0.639583 1.453218
v -42.902611 0.641150 1.452765
v -42.898426 0.643311 1.471547
v -42.902374 0.639590 1.451903
v -42.901035 0.639614 1.457353
v -42.901001 0.639747 1.455089
v -42.900993 0.640018 1.453722
v -42.900204 0.640435 1.456631
v -42.901043 0.642052 1.456993
v -42.899696 0.642778 1.462046
v -42.901001 0.640889 1.454914
v -42.899872 0.641261 1.458368
v -42.898766 0.641630 1.467271
v -42.899685 0.640332 1.462287
v -42.898777 0.643221 1.467158
v -42.899261 0.641485 1.462472
v -42.899864 0.640225 1.458473
v -42.888550 0.670959 2.351400
v -42.892406 0.665337 2.352929
v -42.888836 0.669224 2.351542
v -42.889668 0.667547 2.351882
v -42.890923 0.666182 2.352370
v -42.872807 2.749424 4.904554
v -42.876637 2.743785 4.908290
v -42.873096 2.747679 4.905546
v -42.873924 2.745996 4.906603
v -42.875168 2.744627 4.907568
v -42.877556 3.141452 4.693477
v -42.873558 3.135953 4.696957
v -42.876030 3.140707 4.694077
v -42.874733 3.139400 4.694951
v -42.873863 3.137731 4.695961
v -42.876587 3.299520 5.241030
v -42.872566 3.301871 5.235390
v -42.875095 3.300114 5.240159
v -42.873810 3.300771 5.238780
v -42.872921 3.301388 5.237105
v -42.858189 4.384614 5.311327
v -42.854496 4.366919 5.307033
v -42.858200 4.385120 5.309747
v -42.856731 4.380588 5.311178
v -42.855518 4.375808 5.310308
v -42.857975 4.385935 5.311350
v -42.856659 4.382833 5.311113
v -42.855602 4.379550 5.310540
v -42.855896 4.381361 5.310380
v -42.854729 4.371171 5.307250
v -42.855515 4.376122 5.307843
v -42.854733 4.371008 5.308853
v -42.855095 4.375690 5.309146
v -42.855598 4.379685 5.309494
v -42.856731 4.381022 5.308720
v -42.856663 4.383042 5.309963
v -42.856636 4.384192 5.310881
v -42.828922 0.624951 5.186798
v -42.828964 0.629126 5.191137
v -42.824612 0.620232 5.195547
v -42.828922 0.625244 5.188437
v -42.828930 0.626138 5.189835
v -42.827293 0.624570 5.188732
v -42.827354 0.624869 5.189762
v -42.826477 0.624843 5.191086
v -42.827320 0.627210 5.191435
v -42.825916 0.624846 5.192379
v -42.828945 0.627501 5.190784
v -42.827366 0.626174 5.191099
v -42.824963 0.622017 5.193466
v -42.825905 0.623541 5.191072
v -42.825451 0.623456 5.192430
v -46.954643 0.591482 5.719181
v -46.955952 0.594519 5.719288
v -46.967571 0.586900 5.723492
v -46.956768 0.592357 5.719490
v -46.958061 0.591611 5.720890
v -46.960976 0.590085 5.722284
v -46.964752 0.587893 5.723160
v -46.962185 0.589458 5.722692
v -42.809433 0.698250 1.527658
v -42.805153 0.693743 1.514466
v -42.809437 0.701291 1.526468
v -42.807789 0.697946 1.524884
v -42.809441 0.698505 1.526262
v -42.806583 0.697454 1.522190
v -42.805466 0.694593 1.516927
v -42.806389 0.696328 1.520073
v -42.805473 0.695506 1.517745
v -42.809444 0.700151 1.525617
v -42.807850 0.698570 1.523647
v -42.845230 4.290022 5.257740
v -42.845222 4.291327 5.254746
v -42.841034 4.303155 5.262438
v -42.845230 4.291430 5.257534
v -42.843704 4.293653 5.257627
v -42.842800 4.295017 5.258337
v -42.842255 4.297359 5.259638
v -42.845222 4.292134 5.255916
v -42.841351 4.300529 5.261446
v -43.343349 0.192945 1.489313
v -43.346390 0.192904 1.488058
v -43.338715 0.188902 1.476218
v -43.343597 0.193158 1.487929
v -43.343216 0.191505 1.485873
v -43.342751 0.190619 1.484003
v -43.343651 0.191349 1.484679
v -43.345242 0.193135 1.487249
v -43.340500 0.189167 1.479442
v -43.342007 0.190026 1.483063
v -43.339497 0.189183 1.478271
v -43.341232 0.189590 1.481165
v -43.304207 0.610666 5.676235
v -43.295334 0.606134 5.680313
v -43.299965 0.614945 5.676273
v -43.302242 0.610304 5.677837
v -43.299866 0.609317 5.679173
v -43.302574 0.610999 5.676226
v -43.301216 0.610631 5.677774
v -43.299877 0.610617 5.678638
v -43.298580 0.610633 5.679186
v -43.297440 0.607852 5.680042
v -43.298496 0.609254 5.679609
v -43.300282 0.613316 5.676245
v -43.301197 0.611928 5.676229
v -43.299591 0.612996 5.677860
v -43.299904 0.611960 5.677788
v -43.316315 4.293039 5.751564
v -43.311638 4.306779 5.756042
v -43.319321 4.294261 5.751625
v -43.315956 4.295969 5.753250
v -43.316551 4.294437 5.751594
v -43.315750 4.298084 5.754109
v -43.313423 4.303405 5.755673
v -43.314281 4.301089 5.755167
v -43.318176 4.295099 5.751626
v -43.316833 4.297112 5.753284
v -43.301422 0.147159 5.188858
v -43.297012 0.142795 5.197273
v -43.305634 0.147079 5.193165
v -43.301064 0.145504 5.190781
v -43.300098 0.144094 5.193054
v -43.301727 0.147131 5.190493
v -43.301376 0.145545 5.191788
v -43.301353 0.144650 5.193077
v -43.299004 0.143136 5.195662
v -43.301338 0.144071 5.194315
v -43.300026 0.143622 5.194351
v -43.304008 0.147089 5.192823
v -43.302635 0.147108 5.191883
v -43.303665 0.145453 5.193439
v -43.302666 0.145521 5.193106
v -46.971272 0.123631 5.234413
v -46.983505 0.119223 5.238293
v -46.972565 0.123662 5.231401
v -46.974285 0.121976 5.234707
v -46.981098 0.119583 5.237474
v -46.978779 0.120090 5.236080
v -46.973415 0.123627 5.233551
v -46.975082 0.122036 5.233980
v -42.849468 5.256876 5.765737
v -42.850647 5.254295 5.769151
v -42.846745 5.255916 5.764068
v -42.847008 5.256181 5.764097
v -42.846344 5.254664 5.766285
v -42.850521 5.256701 5.767065
v -42.851128 5.256057 5.768334
v -42.849735 5.256918 5.768088
v -42.848866 5.254399 5.768783
v -42.847351 5.254529 5.767776
v -42.851158 5.255373 5.768912
v -42.849094 5.256313 5.768421
v -42.847775 5.257092 5.766990
v -42.810688 0.206213 0.581420
v -42.809326 0.209735 0.580153
v -42.805805 0.211018 0.582126
v -42.810997 0.207256 0.580344
v -42.808826 0.206590 0.581575
v -42.808998 0.207021 0.580040
v -42.808994 0.207652 0.579104
v -42.807999 0.210808 0.580220
v -42.806862 0.211429 0.580619
v -42.810371 0.208395 0.580116
v -42.808586 0.209020 0.579394
v -42.807220 0.209439 0.579226
v -42.806187 0.209189 0.581958
v -42.807247 0.207636 0.581764
v -42.806091 0.211502 0.581288
v -42.806602 0.209413 0.580279
v -42.807396 0.207824 0.579716
v -42.817173 0.141603 5.661850
v -42.821667 0.141437 5.666512
v -42.821568 0.137007 5.662014
v -42.817501 0.141555 5.663620
v -42.818470 0.141507 5.665129
v -42.817482 0.139848 5.661880
v -42.817974 0.139868 5.663570
v -42.818642 0.139874 5.664927
v -42.819031 0.138901 5.664522
v -42.821632 0.139717 5.666145
v -42.821602 0.138272 5.665161
v -42.819935 0.141465 5.666143
v -42.819969 0.139805 5.665621
v -42.819992 0.138481 5.664940
v -42.819859 0.137360 5.661968
v -42.818424 0.138358 5.661922
v -42.821575 0.137321 5.663710
v -42.819931 0.137835 5.663616
v -42.818619 0.138517 5.663544
v -47.968567 0.108451 5.724445
v -47.971081 0.107481 5.721001
v -47.969498 0.104044 5.720266
v -47.969677 0.108989 5.724203
v -47.970547 0.108994 5.723463
v -47.968781 0.106742 5.724098
v -47.970676 0.106981 5.723732
v -47.971901 0.107039 5.723146
v -47.971191 0.106164 5.720102
v -47.971039 0.108466 5.722340
v -47.971832 0.106691 5.721836
v -47.972073 0.105350 5.721512
v -47.969284 0.104357 5.721838
v -47.969032 0.105307 5.723183
v -47.970333 0.104302 5.719706
v -47.970997 0.104748 5.721588
v -47.971256 0.105467 5.723022
v -42.957619 0.697721 1.528872
v -42.957645 0.700762 1.527681
v -42.961830 0.701846 1.534998
v -42.957634 0.697977 1.527475
v -42.959236 0.698011 1.530272
v -42.959198 0.698400 1.528584
v -42.959171 0.698932 1.527514
v -42.960079 0.699391 1.528704
v -42.959267 0.701478 1.528913
v -42.960629 0.701937 1.530736
v -42.957649 0.699622 1.526831
v -42.959213 0.700047 1.527938
v -42.960461 0.700346 1.529235
v -42.961514 0.700243 1.533587
v -42.960602 0.698898 1.531927
v -42.961533 0.702066 1.532873
v -42.961071 0.700357 1.531185
v -42.960445 0.699047 1.529743
v -42.915981 0.624546 5.187782
v -42.920258 0.628786 5.187908
v -42.915951 0.628719 5.192120
v -42.917610 0.624861 5.187805
v -42.918999 0.625781 5.187838
v -42.915962 0.624836 5.189417
v -42.917633 0.625222 5.189486
v -42.918419 0.626287 5.190300
v -42.919914 0.628754 5.189533
v -42.918976 0.628731 5.190905
v -42.919930 0.627157 5.187874
v -42.919518 0.627085 5.189541
v -42.915947 0.627097 5.191765
v -42.915951 0.625734 5.190815
v -42.917583 0.628719 5.191813
v -42.917622 0.627058 5.191391
v -42.932217 4.289618 5.258719
v -42.936501 4.283662 5.254399
v -42.932259 4.290924 5.255729
v -42.933846 4.288239 5.258388
v -42.935230 4.286621 5.257452
v -42.932224 4.291023 5.258515
v -42.933800 4.289937 5.258063
v -42.935062 4.288806 5.257384
v -42.934685 4.289857 5.257078
v -42.936188 4.285797 5.254261
v -42.935268 4.287923 5.254463
v -42.936161 4.285012 5.256050
v -42.935699 4.287416 5.256027
v -42.935078 4.289362 5.256106
v -42.932247 4.291729 5.256897
v -42.933891 4.289724 5.254978
v -42.933819 4.290646 5.256445
v -42.933769 4.291027 5.257576
v -43.305195 0.612246 5.589262
v -43.300953 0.616526 5.589293
v -43.305264 0.616580 5.585079
v -43.303566 0.612577 5.589249
v -43.302185 0.613509 5.589251
v -43.305214 0.612598 5.587637
v -43.303543 0.612999 5.587585
v -43.302422 0.613751 5.587669
v -43.301296 0.616553 5.587666
v -43.302235 0.616573 5.586294
v -43.301270 0.614892 5.589264
v -43.301682 0.614881 5.587597
v -43.302441 0.614984 5.586483
v -43.305252 0.614945 5.585373
v -43.305233 0.613544 5.586273
v -43.303627 0.616581 5.585384
v -43.303574 0.614904 5.585747
v -43.303646 0.613767 5.586475
v -46.970676 0.593089 5.630589
v -46.965523 0.597455 5.626348
v -46.971989 0.596121 5.630629
v -46.969498 0.593449 5.628952
v -46.968105 0.594407 5.627571
v -46.972069 0.593307 5.630787
v -46.971249 0.593793 5.629114
v -46.970329 0.594504 5.627796
v -46.971340 0.594823 5.628223
v -46.967533 0.597673 5.626698
v -46.969467 0.597497 5.627634
v -46.966709 0.595812 5.626657
v -46.969063 0.595884 5.627153
v -46.970913 0.595825 5.627823
v -46.972778 0.594951 5.630810
v -46.971031 0.596951 5.629013
v -46.971973 0.595457 5.629143
v -46.972355 0.594306 5.629211
v -43.317310 4.294765 5.656212
v -43.320324 4.295991 5.656271
v -43.321590 4.288768 5.651891
v -43.317547 4.296165 5.656241
v -43.317646 4.293405 5.654562
v -43.318008 4.295097 5.654655
v -43.318520 4.296174 5.654719
v -43.319012 4.295010 5.653787
v -43.321087 4.294806 5.654625
v -43.321594 4.293015 5.653216
v -43.319176 4.296828 5.656271
v -43.319641 4.295763 5.654685
v -43.319981 4.294497 5.653406
v -43.319962 4.290161 5.652223
v -43.318577 4.291788 5.653160
v -43.321770 4.290896 5.652256
v -43.320030 4.292560 5.652738
v -43.318691 4.293972 5.653380
v -43.343800 0.303001 1.511408
v -43.348011 0.307105 1.518289
v -43.346848 0.303039 1.510162
v -43.344307 0.304598 1.512645
v -43.345287 0.305941 1.514387
v -43.343864 0.303042 1.509535
v -43.344429 0.304681 1.510810
v -43.345234 0.305770 1.512340
v -43.345360 0.305460 1.511326
v -43.347752 0.306834 1.515892
v -43.347443 0.305968 1.513505
v -43.346588 0.306820 1.516368
v -43.346283 0.306487 1.513835
v -43.345512 0.303063 1.508860
v -43.344463 0.303065 1.508640
v -43.347122 0.304635 1.511493
v -43.345768 0.304698 1.510262
v -43.301960 0.234160 5.190493
v -43.306171 0.234056 5.194799
v -43.306248 0.238392 5.190620
v -43.302269 0.234128 5.192125
v -43.303177 0.234097 5.193518
v -43.302296 0.235788 5.190525
v -43.302670 0.235795 5.192202
v -43.303406 0.235686 5.193335
v -43.306187 0.235689 5.194506
v -43.306206 0.237090 5.193609
v -43.304546 0.234070 5.194458
v -43.304520 0.235750 5.194098
v -43.304619 0.236887 5.193371
v -43.304615 0.238081 5.190596
v -43.303226 0.237165 5.190561
v -43.306229 0.238039 5.192244
v -43.304554 0.237657 5.192259
v -43.303425 0.236917 5.192146
v -46.971809 0.210608 5.236046
v -46.973095 0.210658 5.233046
v -46.965885 0.214986 5.231800
v -46.973667 0.210599 5.236029
v -46.974567 0.210605 5.235453
v -46.970909 0.212255 5.235554
v -46.973503 0.212204 5.235022
v -46.972397 0.213093 5.234562
v -46.972099 0.212300 5.232780
v -46.970379 0.213699 5.232450
v -46.974365 0.210625 5.234404
v -46.967705 0.214623 5.233255
v -46.969467 0.213665 5.234573
v -46.968197 0.214643 5.232105
v -46.970135 0.214213 5.233612
v -46.971455 0.213436 5.234669
v -43.902431 0.307170 3.530192
v -43.904312 0.311055 3.528709
v -43.902138 0.308637 3.530496
v -43.902390 0.309890 3.530320
v -43.903156 0.310740 3.529693
v -44.673599 0.280910 4.386710
v -44.671700 0.277022 4.388207
v -44.672436 0.280595 4.387699
v -44.671669 0.279745 4.388331
v -44.671410 0.278491 4.388510
v -44.255486 0.317832 3.226866
v -44.257584 0.313906 3.224924
v -44.256664 0.317554 3.225843
v -44.257477 0.316709 3.225115
v -44.257797 0.315429 3.224793
v -45.026836 0.283758 4.082957
v -45.024731 0.287685 4.084903
v -45.027050 0.285282 4.082825
v -45.026726 0.286563 4.083149
v -45.025909 0.287407 4.083878
v -44.263721 0.291502 3.984345
v -44.265602 0.295381 3.982863
v -44.263428 0.292966 3.984648
v -44.263683 0.294219 3.984473
v -44.264446 0.295065 3.983846
v -44.618362 0.298221 3.679519
v -44.616272 0.302147 3.681452
v -44.618576 0.299743 3.679386
v -44.618256 0.301025 3.679708
v -44.617447 0.301869 3.680433
v -45.447666 0.271311 4.415517
v -45.445530 0.275246 4.417493
v -45.447880 0.272837 4.415387
v -45.447548 0.274119 4.415717
v -45.446724 0.274965 4.416456
v -45.094307 0.268465 4.719378
v -45.092373 0.264565 4.720906
v -45.093128 0.268149 4.720381
v -45.092346 0.267295 4.721024
v -45.092079 0.266037 4.721208
v -45.998543 0.258249 4.742634
v -45.995430 0.262210 4.744119
v -45.998680 0.259778 4.742466
v -45.998138 0.261071 4.742690
v -45.996994 0.261924 4.743270
v -45.543377 0.257565 4.994124
v -45.540478 0.253663 4.995152
v -45.541824 0.257255 4.994939
v -45.540730 0.256405 4.995420
v -45.540257 0.255144 4.995495
v -47.001907 0.237185 5.248652
v -46.989441 0.241427 5.243338
v -47.002495 0.237259 5.246778
v -46.999088 0.238759 5.247943
v -46.995731 0.240118 5.246684
v -47.003231 0.236921 5.248582
v -47.001312 0.238583 5.247756
v -46.999134 0.239896 5.246751
v -47.000618 0.239490 5.246632
v -46.992706 0.241106 5.243330
v -46.996334 0.240200 5.243982
v -46.992340 0.241055 5.245068
v -46.996223 0.240583 5.245242
v -46.999393 0.239933 5.245605
v -47.003548 0.236959 5.247568
v -46.999767 0.238849 5.245193
v -47.001637 0.238625 5.246465
v -47.002636 0.238490 5.247419
v -46.034386 0.243431 5.236886
v -46.033295 0.247445 5.234013
v -46.033859 0.244930 5.237091
v -46.033466 0.246219 5.236617
v -46.033268 0.247101 5.235536
v -43.592960 0.323845 3.031034
v -43.594215 0.327780 3.028455
v -43.592617 0.325320 3.031256
v -43.592735 0.326586 3.030844
v -43.593296 0.327450 3.029860
v -43.893406 0.338951 2.589101
v -43.894924 0.335061 2.585990
v -43.894363 0.338687 2.587631
v -43.894989 0.337853 2.586523
v -43.895184 0.336579 2.585947
v -43.309353 0.346353 2.460553
v -43.306511 0.342504 2.459752
v -43.307823 0.346063 2.460667
v -43.306747 0.345230 2.460554
v -43.306286 0.343980 2.460233
v -43.341545 0.375917 1.320941
v -43.343376 0.375935 1.320485
v -43.346558 0.379474 1.334566
v -43.341660 0.375734 1.319610
v -43.342228 0.377347 1.324030
v -43.342499 0.377260 1.321779
v -43.342876 0.377211 1.320452
v -43.343636 0.378088 1.322657
v -43.344952 0.377356 1.323527
v -43.346107 0.378527 1.327271
v -43.342651 0.375742 1.319363
v -43.343777 0.377264 1.321540
v -43.344624 0.378438 1.324017
v -43.344936 0.379273 1.331403
v -43.343418 0.378527 1.327703
v -43.346672 0.379272 1.331148
v -43.344894 0.378953 1.327356
v -43.343483 0.378437 1.324202
v -43.945614 0.200226 3.489311
v -43.940884 0.203979 3.493514
v -43.944241 0.200491 3.490504
v -43.942856 0.201298 3.491721
v -43.941681 0.202523 3.492778
v -44.710152 0.173834 4.351530
v -44.714901 0.170077 4.347312
v -44.710949 0.172377 4.350793
v -44.712132 0.171151 4.349732
v -44.713520 0.170344 4.348510
v -44.225636 0.209594 3.248764
v -44.221088 0.205542 3.252534
v -44.224915 0.208062 3.249331
v -44.223797 0.206755 3.250246
v -44.222454 0.205869 3.251371
v -44.990337 0.175393 4.110569
v -44.994888 0.179451 4.106795
v -44.991703 0.175722 4.109405
v -44.993050 0.176610 4.108278
v -44.994167 0.177918 4.107362
v -44.306904 0.184550 3.943465
v -44.302177 0.188301 3.947664
v -44.305531 0.184816 3.944656
v -44.304150 0.185624 3.945873
v -44.302971 0.186846 3.946928
v -44.581879 0.189856 3.707119
v -44.586414 0.193911 3.703359
v -44.583237 0.190183 3.705960
v -44.584579 0.191071 3.704838
v -44.585693 0.192378 3.703925
v -45.411133 0.162951 4.443161
v -45.415726 0.167017 4.439353
v -45.412518 0.163281 4.441984
v -45.413872 0.164169 4.440847
v -45.415001 0.165482 4.439923
v -45.130814 0.161404 4.684238
v -45.135612 0.157636 4.679981
v -45.131615 0.159939 4.683497
v -45.132809 0.158711 4.682427
v -45.134212 0.157900 4.681192
v -45.960785 0.149924 4.769647
v -45.966602 0.153968 4.766468
v -45.962635 0.150247 4.768711
v -45.964390 0.151124 4.767779
v -45.965786 0.152433 4.766991
v -45.578899 0.150542 4.958498
v -45.584930 0.146729 4.954866
v -45.579800 0.149070 4.957802
v -45.581261 0.147831 4.956867
v -45.583061 0.147007 4.955836
v -46.970020 0.132957 5.272153
v -46.970554 0.132980 5.270610
v -46.951839 0.129202 5.267394
v -46.971893 0.132604 5.271932
v -46.965874 0.131460 5.271875
v -46.968136 0.131383 5.271856
v -46.969513 0.131359 5.271653
v -46.966618 0.130631 5.271070
v -46.966354 0.131516 5.269457
v -46.961323 0.130280 5.268440
v -46.968369 0.131410 5.270724
v -46.964920 0.130352 5.270149
v -46.956032 0.129426 5.269299
v -46.960957 0.130218 5.270873
v -46.956223 0.129467 5.267715
v -46.960823 0.129827 5.269701
v -46.964764 0.130324 5.271179
v -46.074543 0.136615 5.194627
v -46.072792 0.140367 5.200253
v -46.074318 0.136861 5.196358
v -46.073902 0.137661 5.198035
v -46.073368 0.138892 5.199403
v -43.635361 0.216959 2.988779
v -43.631401 0.220679 2.994364
v -43.634285 0.217208 2.990499
v -43.633152 0.218003 2.992164
v -43.632141 0.219223 2.993521
v -43.862976 0.230754 2.609828
v -43.859165 0.226649 2.615068
v -43.862312 0.229217 2.610508
v -43.861355 0.227898 2.611742
v -43.860249 0.226996 2.613343
v -43.344936 0.239382 2.423097
v -43.350613 0.235523 2.421137
v -43.345810 0.237906 2.422528
v -43.347195 0.236655 2.421956
v -43.348881 0.235818 2.421468
v -43.309906 0.271642 1.344751
v -43.313568 0.267076 1.363453
v -43.311432 0.271634 1.344322
v -43.309898 0.269991 1.348968
v -43.310589 0.268543 1.354002
v -43.310020 0.270016 1.346657
v -43.310471 0.268804 1.350099
v -43.310684 0.269177 1.348225
v -43.313469 0.267513 1.358986
v -43.313030 0.268531 1.353782
v -43.311878 0.267519 1.359089
v -43.311726 0.268106 1.354187
v -43.311501 0.268799 1.350003
v -43.310734 0.271461 1.343195
v -43.312313 0.269979 1.348633
v -43.311150 0.270009 1.346495
v -43.310284 0.270042 1.345265
v -45.001213 1.172149 5.645916
v -45.002525 1.173666 5.641824
v -45.000843 1.171731 5.644497
v -45.000961 1.171873 5.643221
v -45.001553 1.172551 5.642282
v -44.150536 1.950191 5.641944
v -44.149216 1.948663 5.646029
v -44.149559 1.949072 5.642401
v -44.148968 1.948391 5.643340
v -44.148846 1.948247 5.644612
v -45.305492 1.520199 5.590753
v -45.307621 1.522619 5.594388
v -45.306534 1.521389 5.590882
v -45.307304 1.522265 5.591618
v -45.307686 1.522699 5.592849
v -44.455608 2.299120 5.594510
v -44.453472 2.296690 5.590878
v -44.455673 2.299198 5.592970
v -44.455288 2.298764 5.591741
v -44.454514 2.297884 5.591004
v -44.550007 1.537429 5.649738
v -44.551315 1.538942 5.645654
v -44.549637 1.537014 5.648322
v -44.549759 1.537154 5.647048
v -44.550346 1.537830 5.646111
v -44.855972 1.887398 5.598291
v -44.853851 1.884983 5.594656
v -44.856037 1.887474 5.596753
v -44.855656 1.887044 5.595521
v -44.854889 1.886168 5.594786
v -44.126022 2.722350 5.584493
v -44.123848 2.719877 5.580863
v -44.126083 2.722425 5.582952
v -44.125690 2.721982 5.581724
v -44.124905 2.721087 5.580988
v -43.820827 2.373281 5.631943
v -43.819485 2.371732 5.636035
v -43.819843 2.372156 5.632402
v -43.819244 2.371466 5.633343
v -43.819118 2.371316 5.634617
v -43.807423 3.289134 5.583105
v -43.805672 3.285671 5.579321
v -43.807514 3.289130 5.581553
v -43.807213 3.288473 5.580289
v -43.806568 3.287261 5.579505
v -43.539661 2.823895 5.615544
v -43.538795 2.821465 5.619483
v -43.538860 2.822433 5.615945
v -43.538414 2.821455 5.616834
v -43.538391 2.821115 5.618076
v -43.331844 4.365065 5.636127
v -43.335880 4.353214 5.631339
v -43.333874 4.365471 5.636019
v -43.332226 4.362411 5.634408
v -43.333126 4.359229 5.632895
v -43.332073 4.366385 5.636314
v -43.332626 4.364502 5.634593
v -43.333359 4.362391 5.633201
v -43.333637 4.363771 5.633643
v -43.336174 4.356229 5.631762
v -43.335896 4.359616 5.632801
v -43.334412 4.355999 5.631814
v -43.334587 4.359596 5.632411
v -43.334538 4.362556 5.633161
v -43.333172 4.366609 5.636258
v -43.335091 4.362863 5.634295
v -43.333973 4.364717 5.634542
v -43.333096 4.365727 5.634695
v -43.253670 3.321467 5.597381
v -43.255260 3.312747 5.596949
v -43.255886 3.315547 5.593739
v -43.253738 3.319404 5.597435
v -43.254066 3.317024 5.597373
v -43.253296 3.320204 5.595855
v -43.253471 3.318177 5.595897
v -43.253647 3.316344 5.595887
v -43.254562 3.312897 5.595573
v -43.254440 3.313483 5.594481
v -43.254601 3.314687 5.597201
v -43.254086 3.314641 5.595757
v -43.253822 3.314808 5.594644
v -43.254498 3.316998 5.593884
v -43.253586 3.318635 5.594626
v -43.254906 3.314415 5.593835
v -43.254059 3.315763 5.594172
v -43.253452 3.317044 5.594707
v -45.497589 0.858001 5.634531
v -45.499992 0.858882 5.630394
v -45.497299 0.857534 5.633105
v -45.497658 0.857537 5.631818
v -45.498600 0.858010 5.630866
v -45.939873 1.152028 5.573453
v -45.943169 1.153858 5.577052
v -45.941360 1.152993 5.573567
v -45.942509 1.153677 5.574291
v -45.943146 1.153979 5.575515
v -46.065071 0.568470 5.611907
v -46.066040 0.565969 5.615951
v -46.064968 0.566976 5.612335
v -46.065113 0.565972 5.613255
v -46.065491 0.565620 5.614524
v -47.202366 0.587838 5.529226
v -47.202827 0.589653 5.529028
v -47.188614 0.592636 5.525850
v -47.203705 0.587957 5.529339
v -47.199219 0.588418 5.527879
v -47.201469 0.588675 5.527843
v -47.202801 0.589046 5.527800
v -47.200562 0.589740 5.526959
v -47.199738 0.591125 5.527609
v -47.195950 0.592207 5.526507
v -47.203957 0.588941 5.529232
v -47.201717 0.589943 5.527716
v -47.199196 0.590705 5.526584
v -47.191776 0.591013 5.526052
v -47.195499 0.589532 5.526764
v -47.192043 0.592738 5.525889
v -47.195835 0.590961 5.526195
v -47.199001 0.589571 5.526692
v -45.047058 1.224198 5.746728
v -45.042675 1.219201 5.743599
v -45.045849 1.222817 5.746637
v -45.044594 1.221385 5.746011
v -45.043480 1.220114 5.744945
v -44.190681 1.995719 5.743726
v -44.195065 2.000721 5.746849
v -44.191486 1.996633 5.745069
v -44.192600 1.997903 5.746134
v -44.193859 1.999340 5.746758
v -45.288326 1.500175 5.702065
v -45.284718 1.496036 5.706666
v -45.287827 1.499597 5.703677
v -45.286964 1.498606 5.705118
v -45.285873 1.497355 5.706167
v -44.432697 2.272527 5.706789
v -44.436314 2.276676 5.702188
v -44.433857 2.273850 5.706291
v -44.434948 2.275105 5.705241
v -44.435814 2.276094 5.703800
v -44.595848 1.589474 5.750559
v -44.591476 1.584486 5.747435
v -44.594643 1.588098 5.750469
v -44.593391 1.586667 5.749843
v -44.592278 1.585397 5.748777
v -44.833076 1.860817 5.710570
v -44.836678 1.864949 5.705971
v -44.834229 1.862134 5.710071
v -44.835320 1.863385 5.709023
v -44.836178 1.864372 5.707582
v -44.103073 2.695711 5.696776
v -44.106728 2.699908 5.692165
v -44.104244 2.697053 5.696275
v -44.105350 2.698323 5.695221
v -44.106224 2.699327 5.693779
v -43.860950 2.418782 5.733726
v -43.865356 2.423812 5.736847
v -43.861755 2.419699 5.735068
v -43.862877 2.420976 5.736135
v -43.864140 2.422421 5.736759
v -43.785019 3.261266 5.695195
v -43.788128 3.266690 5.690775
v -43.785980 3.263078 5.694767
v -43.786911 3.264745 5.693778
v -43.787663 3.266011 5.692377
v -43.580257 2.868515 5.717165
v -43.584068 2.874636 5.720490
v -43.581020 2.869514 5.718526
v -43.582008 2.871028 5.719635
v -43.583080 2.872828 5.720325
v -43.312828 4.342649 5.743647
v -43.314579 4.343029 5.743691
v -43.316097 4.326810 5.747013
v -43.312813 4.338995 5.745067
v -43.313084 4.341156 5.745189
v -43.313450 4.342443 5.745251
v -43.313797 4.339853 5.745957
v -43.315407 4.339348 5.745090
v -43.315987 4.334973 5.746212
v -43.313904 4.344172 5.743888
v -43.314301 4.341328 5.745201
v -43.314590 4.338306 5.746228
v -43.314583 4.330421 5.746889
v -43.313427 4.334702 5.746204
v -43.316231 4.330572 5.746887
v -43.314648 4.334682 5.746644
v -43.313507 4.338190 5.746223
v -43.294487 3.368098 5.694285
v -43.300331 3.366163 5.698810
v -43.296722 3.359794 5.694629
v -43.295441 3.367635 5.695817
v -43.296886 3.367105 5.697216
v -43.294743 3.366129 5.694501
v -43.295731 3.366006 5.695880
v -43.296738 3.365839 5.697032
v -43.296677 3.364763 5.696715
v -43.299236 3.364578 5.698303
v -43.298164 3.362810 5.697330
v -43.298603 3.366586 5.698266
v -43.297920 3.365253 5.697720
v -43.297298 3.363963 5.697083
v -43.295956 3.361636 5.694687
v -43.295258 3.363863 5.694643
v -43.297283 3.361130 5.696040
v -43.296627 3.362845 5.695991
v -43.296024 3.364424 5.695920
v -45.544800 0.909253 5.735291
v -45.539040 0.905037 5.732188
v -45.543068 0.908175 5.735214
v -45.541367 0.906994 5.734597
v -45.539951 0.905893 5.733534
v -45.923874 1.131413 5.684722
v -45.918800 1.128018 5.689376
v -45.923260 1.130890 5.686341
v -45.922081 1.130064 5.687793
v -45.920517 1.129055 5.688859
v -46.107475 0.612986 5.713563
v -46.109619 0.618961 5.716814
v -46.108112 0.613977 5.714928
v -46.108742 0.615461 5.716024
v -46.109272 0.617210 5.716686
v -47.183102 0.565696 5.636838
v -47.164635 0.569909 5.641884
v -47.183537 0.567210 5.636693
v -47.178963 0.565870 5.638669
v -47.174000 0.566731 5.640270
v -47.184429 0.565703 5.636955
v -47.181271 0.565969 5.638532
v -47.177887 0.566552 5.639849
v -47.179745 0.566717 5.639375
v -47.169079 0.569736 5.641263
v -47.174229 0.569161 5.640057
v -47.168968 0.568149 5.641399
v -47.173840 0.567903 5.640612
v -47.177986 0.567582 5.639760
v -47.179306 0.568274 5.638453
v -47.181438 0.567095 5.638431
v -47.182659 0.566218 5.638420
v -42.987328 1.591870 4.011373
v -42.983456 1.590199 4.013108
v -42.987015 1.590821 4.012472
v -42.986168 1.590133 4.013187
v -42.984921 1.589915 4.013411
v -42.991051 2.322954 4.086734
v -42.987118 2.324906 4.084672
v -42.990768 2.324027 4.085608
v -42.989922 2.324775 4.084821
v -42.988640 2.325084 4.084492
v -42.985283 2.003628 4.421559
v -42.981422 2.001965 4.423285
v -42.984974 2.002582 4.422655
v -42.984131 2.001898 4.423368
v -42.982883 2.001681 4.423589
v -42.993092 1.911173 3.676574
v -42.989159 1.913125 3.674508
v -42.992809 1.912246 3.675447
v -42.991962 1.912996 3.674658
v -42.990677 1.913303 3.674329
v -42.995819 1.564282 3.241501
v -42.991879 1.566257 3.239412
v -42.995537 1.565365 3.240365
v -42.994686 1.566121 3.239568
v -42.993404 1.566434 3.239234
v -42.990047 1.244614 3.576682
v -42.986160 1.242916 3.578443
v -42.989735 1.243553 3.577793
v -42.988884 1.242857 3.578518
v -42.987633 1.242634 3.578747
v -42.993320 0.966366 3.131185
v -42.989414 0.964698 3.133098
v -42.993008 0.965314 3.132357
v -42.992153 0.964627 3.133132
v -42.990891 0.964413 3.133392
v -42.999203 1.280159 2.783128
v -42.995258 1.282106 2.780885
v -42.998920 1.281233 2.781932
v -42.998074 1.281978 2.781085
v -42.996788 1.282284 2.780718
v -43.005116 0.651952 1.915015
v -43.001064 0.648233 1.905716
v -43.004829 0.650476 1.911514
v -43.003963 0.649254 1.908518
v -43.002640 0.648466 1.906482
v -42.997368 0.735235 2.643054
v -42.993412 0.734909 2.647989
v -42.997044 0.734693 2.645385
v -42.996178 0.734441 2.647142
v -42.994900 0.734517 2.648055
v -43.005939 0.909088 1.984937
v -43.002018 0.909701 1.979678
v -43.005669 0.909652 1.982585
v -43.004826 0.909966 1.980760
v -43.003548 0.909982 1.979738
v -42.989410 2.796335 4.450901
v -42.985474 2.798435 4.448913
v -42.989124 2.797464 4.449803
v -42.988277 2.798262 4.449039
v -42.986992 2.798603 4.448727
v -42.984112 2.459575 4.779201
v -42.980255 2.457776 4.780838
v -42.983803 2.458476 4.780263
v -42.982960 2.457748 4.780948
v -42.981716 2.457502 4.781149
v -42.975143 3.831639 5.277093
v -42.970791 3.840093 5.281163
v -42.974785 3.834822 5.278713
v -42.973831 3.837547 5.280054
v -42.972427 3.839396 5.280912
v -42.977547 3.729462 4.952345
v -42.973503 3.734853 4.952055
v -42.977222 3.731853 4.951899
v -42.976341 3.733716 4.951684
v -42.975037 3.734770 4.951741
v -42.983654 2.983763 5.112884
v -42.979897 2.979109 5.112755
v -42.983383 2.981570 5.113269
v -42.982574 2.979918 5.113380
v -42.981346 2.979050 5.113200
v -42.880100 1.626429 3.974629
v -42.876335 1.630782 3.970047
v -42.878643 1.627172 3.973844
v -42.877415 1.628260 3.972698
v -42.876602 1.629527 3.971365
v -42.882854 2.297057 4.113382
v -42.878815 2.292976 4.117644
v -42.881325 2.296419 4.114043
v -42.880020 2.295421 4.115085
v -42.879139 2.294212 4.116350
v -42.878059 2.038198 4.384804
v -42.874290 2.042540 4.380233
v -42.876602 2.038939 4.384019
v -42.875374 2.040025 4.382875
v -42.874561 2.041289 4.381546
v -42.884895 1.885279 3.703217
v -42.880856 1.881195 3.707482
v -42.883366 1.884642 3.703879
v -42.882061 1.883643 3.704921
v -42.881180 1.882431 3.706187
v -42.887630 1.538414 3.268118
v -42.883583 1.534304 3.272410
v -42.886097 1.537773 3.268783
v -42.884789 1.536768 3.269831
v -42.883907 1.535548 3.271105
v -42.882832 1.279142 3.539973
v -42.879051 1.283526 3.535356
v -42.881367 1.279886 3.539184
v -42.880135 1.280982 3.538029
v -42.879326 1.282261 3.536685
v -42.886120 1.000908 3.094641
v -42.882328 1.005262 3.089826
v -42.884651 1.001653 3.093836
v -42.883415 1.002743 3.092638
v -42.882599 1.004009 3.091230
v -42.891026 1.254266 2.809588
v -42.886967 1.250196 2.814068
v -42.889488 1.253629 2.810266
v -42.888180 1.252632 2.811356
v -42.887291 1.251427 2.812691
v -42.897732 0.652367 1.900894
v -42.893486 0.657135 1.911486
v -42.896137 0.652781 1.901642
v -42.894772 0.653833 1.903916
v -42.893837 0.655361 1.907372
v -42.890163 0.771102 2.609550
v -42.886383 0.773766 2.600890
v -42.888691 0.771720 2.608449
v -42.887455 0.772444 2.606417
v -42.886642 0.773162 2.603762
v -42.897789 0.881865 2.008378
v -42.893696 0.879491 2.016678
v -42.896252 0.881356 2.009347
v -42.894936 0.880727 2.011264
v -42.894035 0.880072 2.013838
v -42.881210 2.770590 4.477623
v -42.877174 2.766319 4.481788
v -42.879681 2.769938 4.478276
v -42.878376 2.768898 4.479298
v -42.877495 2.767627 4.480531
v -42.876900 2.494005 4.742362
v -42.873116 2.498523 4.737898
v -42.875439 2.494761 4.741584
v -42.874207 2.495884 4.740462
v -42.873390 2.497205 4.739170
v -42.867580 3.844224 5.276347
v -42.863544 3.834854 5.271242
v -42.866001 3.843562 5.275898
v -42.864681 3.841549 5.274772
v -42.863815 3.838492 5.273137
v -42.869247 3.707007 4.980762
v -42.865334 3.698663 4.982822
v -42.867725 3.706044 4.981256
v -42.866447 3.704123 4.981822
v -42.865608 3.701530 4.982373
v -42.876560 3.015332 5.074284
v -42.872639 3.023335 5.071971
v -42.875080 3.016355 5.073668
v -42.873817 3.018234 5.073012
v -42.872959 3.020685 5.072416
v -42.928146 3.285907 5.260399
v -42.928219 3.277726 5.258086
v -42.924427 3.282749 5.258841
v -42.928177 3.283908 5.260179
v -42.928200 3.281653 5.259661
v -42.928215 3.279481 5.258924
v -42.910324 4.399043 5.295393
v -42.910336 4.398523 5.297118
v -42.910313 4.399902 5.297029
v -42.954723 0.655068 1.438415
v -42.954708 0.653327 1.438888
v -42.954723 0.653470 1.437496
v -42.811489 0.176294 3.122013
v -42.816113 0.171609 3.121761
v -42.811832 0.174517 3.121305
v -42.812828 0.173004 3.121010
v -42.814331 0.171982 3.121170
v -45.395065 0.124936 5.695478
v -45.395279 0.120529 5.691137
v -45.395851 0.123220 5.695129
v -45.396168 0.121779 5.694181
v -45.395966 0.120835 5.692780
v -45.390209 0.158607 3.150583
v -45.390713 0.157282 3.150045
v -45.390522 0.155399 3.150105
v -42.836143 2.697995 5.717834
v -42.831581 2.698107 5.713204
v -42.834396 2.698730 5.717482
v -42.832912 2.699009 5.716475
v -42.831924 2.698789 5.714974
v -42.829395 2.733300 3.172939
v -42.825897 2.732805 3.173303
v -42.828064 2.733806 3.172439
v -42.826172 2.733537 3.172638
v -45.410286 2.682168 5.743370
v -45.409405 2.681536 5.746799
v -45.410759 2.682633 5.744702
v -45.410759 2.682678 5.745822
v -42.819176 0.661602 3.357227
v -42.814884 0.657002 3.354950
v -42.817543 0.661256 3.357042
v -42.816154 0.660261 3.356544
v -42.815220 0.658769 3.355810
v -42.832825 2.461835 5.228982
v -42.837097 2.459573 5.224438
v -42.833153 2.460975 5.227230
v -42.834084 2.460243 5.225749
v -42.835464 2.459751 5.224770
v -42.823093 2.498568 3.388504
v -42.827328 2.496309 3.390606
v -42.823410 2.497709 3.389297
v -42.824326 2.496978 3.389974
v -42.825699 2.496487 3.390432
v -45.129456 0.601074 5.697710
v -45.131546 0.596526 5.701904
v -45.129490 0.600704 5.699333
v -45.129898 0.599710 5.700701
v -45.130619 0.598241 5.701603
v -43.308140 2.453992 5.713919
v -43.303497 2.456295 5.718174
v -43.307774 2.454145 5.715549
v -43.306763 2.454638 5.716929
v -43.305260 2.455389 5.717852
v -45.139881 2.446601 5.739765
v -45.137634 2.444378 5.735446
v -45.138901 2.445729 5.739418
v -45.138130 2.444999 5.738472
v -45.137688 2.444525 5.737080
v -43.317875 0.165848 3.336658
v -43.322388 0.170052 3.339090
v -43.319595 0.166151 3.337433
v -43.321056 0.167058 3.338167
v -43.322037 0.168427 3.338749
v -45.140625 0.131007 5.217794
v -45.138451 0.135355 5.213791
v -45.139786 0.131361 5.216236
v -45.139076 0.132317 5.214930
v -45.138611 0.133718 5.214069
v -45.161411 0.154058 3.357473
v -45.159462 0.158291 3.359760
v -45.160660 0.154377 3.358192
v -45.160027 0.155292 3.358881
v -45.159607 0.156668 3.359432
v -42.941055 0.665334 3.360575
v -42.936798 0.661132 3.358328
v -42.940731 0.663722 3.359726
v -42.939812 0.662357 3.359003
v -42.938431 0.661449 3.358513
v -42.924084 2.459169 5.225420
v -42.928383 2.457103 5.221169
v -42.925716 2.459006 5.225111
v -42.927109 2.458555 5.224195
v -42.928043 2.457887 5.222811
v -42.944954 2.495843 3.391706
v -42.949165 2.492754 3.394699
v -42.946579 2.495602 3.391947
v -42.947948 2.494931 3.392601
v -42.948856 2.493932 3.393566
v -45.136272 0.607013 5.605724
v -45.137962 0.602667 5.609926
v -45.137043 0.605375 5.606028
v -45.137638 0.603972 5.606932
v -45.137959 0.603022 5.608301
v -43.313431 2.453562 5.618502
v -43.309132 2.455647 5.622753
v -43.311798 2.454382 5.618824
v -43.310410 2.455066 5.619742
v -43.309475 2.455509 5.621121
v -45.146175 2.446043 5.643456
v -45.143547 2.443120 5.639120
v -45.146095 2.445844 5.641827
v -45.145569 2.445220 5.640429
v -45.144676 2.444263 5.639479
v -43.322880 0.268582 3.350872
v -43.327137 0.272766 3.353567
v -43.323212 0.270202 3.351233
v -43.324139 0.271567 3.351871
v -43.325516 0.272469 3.352692
v -45.138988 0.222332 5.215424
v -45.136944 0.226684 5.211220
v -45.138844 0.223969 5.215128
v -45.138401 0.225371 5.214226
v -45.137733 0.226325 5.212854
v -45.159962 0.256844 3.371548
v -45.156940 0.261046 3.375036
v -45.159737 0.258461 3.371967
v -45.159084 0.259829 3.372780
v -45.158104 0.260737 3.373857
v -42.872452 0.624749 5.187290
v -42.872459 0.628922 5.191628
v -42.872448 0.625041 5.188929
v -42.872448 0.625936 5.190327
v -42.872452 0.627297 5.191275
v -42.888741 4.291125 5.255239
v -42.888721 4.289822 5.258230
v -42.888741 4.291933 5.256408
v -42.888733 4.291225 5.258026
v -46.962662 0.592286 5.674885
v -46.963970 0.595318 5.674957
v -46.964085 0.592509 5.674904
v -46.964790 0.594150 5.674946
v -43.316814 4.293900 5.703887
v -43.319820 4.295126 5.703948
v -43.317047 4.295300 5.703918
v -43.318676 4.295963 5.703948
v -43.305904 0.190566 5.193981
v -43.301689 0.190658 5.189674
v -43.304276 0.190580 5.193640
v -43.302902 0.190605 5.192699
v -43.301994 0.190630 5.191307
v -43.346619 0.247971 1.499110
v -43.343575 0.247972 1.500360
v -43.345467 0.247992 1.498260
v -43.343822 0.247992 1.498937
v -42.883526 0.697986 1.528265
v -42.883541 0.701024 1.527074
v -42.883530 0.698243 1.526868
v -42.883537 0.699887 1.526224
v -43.300457 0.615736 5.632782
v -43.304699 0.611455 5.632750
v -43.300777 0.614106 5.632753
v -43.301693 0.612719 5.632738
v -43.303070 0.611788 5.632736
v -46.972832 0.167161 5.232224
v -46.971539 0.167121 5.235231
v -46.973682 0.167121 5.234371
v -44.466206 0.287930 4.192777
v -44.464317 0.284049 4.194265
v -44.465046 0.287612 4.193763
v -44.464279 0.286767 4.194392
v -44.464024 0.285511 4.194569
v -44.428661 0.309889 3.459100
v -44.430752 0.305963 3.457165
v -44.429836 0.309609 3.458080
v -44.430649 0.308764 3.457354
v -44.430969 0.307484 3.457033
v -44.077797 0.303119 3.760678
v -44.075916 0.299236 3.762159
v -44.076641 0.302804 3.761661
v -44.075878 0.301956 3.762287
v -44.075626 0.300703 3.762462
v -44.817047 0.294703 3.891219
v -44.819141 0.290773 3.889282
v -44.818222 0.294421 3.890198
v -44.819035 0.293577 3.889471
v -44.819359 0.292295 3.889149
v -45.233662 0.281218 4.259840
v -45.235779 0.277287 4.257881
v -45.234848 0.280938 4.258811
v -45.235664 0.280094 4.258077
v -45.235992 0.278811 4.257751
v -44.882416 0.274440 4.561744
v -44.880501 0.270546 4.563255
v -44.881245 0.274121 4.562739
v -44.880470 0.273272 4.563376
v -44.880211 0.272017 4.563557
v -45.312981 0.262887 4.862377
v -45.310913 0.258976 4.863851
v -45.311749 0.262568 4.863360
v -45.310925 0.261714 4.863986
v -45.310631 0.260451 4.864158
v -45.676781 0.269396 4.566998
v -45.679050 0.265459 4.565075
v -45.678024 0.269116 4.565982
v -45.678894 0.268269 4.565259
v -45.679256 0.266984 4.564940
v -46.511364 0.244438 5.238676
v -46.520386 0.240122 5.242767
v -46.514774 0.244053 5.240319
v -46.517689 0.243098 5.241674
v -46.519661 0.241718 5.242534
v -45.788559 0.252381 5.118164
v -45.783543 0.248509 5.118142
v -45.786194 0.252089 5.118578
v -45.784412 0.251248 5.118719
v -45.783482 0.249990 5.118566
v -46.454800 0.252496 4.978397
v -46.460014 0.248491 4.977962
v -46.457172 0.252192 4.977950
v -46.458996 0.251324 4.977710
v -46.459991 0.250022 4.977714
v -44.089386 0.326522 2.968042
v -44.091408 0.322598 2.965952
v -44.090538 0.326244 2.966962
v -44.091324 0.325401 2.966186
v -44.091629 0.324119 2.965831
v -43.744576 0.319193 3.287176
v -43.742775 0.315296 3.288800
v -43.743450 0.318873 3.288214
v -43.742714 0.318022 3.288887
v -43.742477 0.316767 3.289093
v -43.327965 0.362921 1.897313
v -43.324123 0.359066 1.888121
v -43.326454 0.362715 1.893873
v -43.325195 0.361912 1.890918
v -43.324379 0.360630 1.888898
v -43.636639 0.357522 2.015477
v -43.637077 0.353708 2.009915
v -43.637184 0.357287 2.013069
v -43.637459 0.356479 2.011166
v -43.637421 0.355224 2.010059
v -43.448639 0.337015 2.746923
v -43.448498 0.332998 2.751679
v -43.448143 0.336657 2.749161
v -43.447945 0.335767 2.750852
v -43.448071 0.334483 2.751735
v -44.502769 0.180851 4.157585
v -44.507507 0.177098 4.153380
v -44.503567 0.179396 4.156849
v -44.504745 0.178171 4.155792
v -44.506130 0.177363 4.154573
v -44.398804 0.201653 3.481005
v -44.394268 0.197596 3.484767
v -44.398083 0.200120 3.481571
v -44.396969 0.198811 3.482485
v -44.395630 0.197926 3.483607
v -44.114372 0.196040 3.725478
v -44.119099 0.192286 3.721280
v -44.115170 0.194583 3.724743
v -44.116344 0.193360 3.723687
v -44.117725 0.192554 3.722471
v -44.787193 0.186463 3.913121
v -44.782654 0.182409 3.916885
v -44.786472 0.184929 3.913687
v -44.785358 0.183622 3.914601
v -44.784016 0.182734 3.915724
v -45.203835 0.172987 4.281719
v -45.199265 0.168928 4.285507
v -45.203110 0.171453 4.282288
v -45.201988 0.170142 4.283207
v -45.200638 0.169255 4.284338
v -44.918945 0.167367 4.526582
v -44.923717 0.163608 4.522346
v -44.919746 0.165909 4.525843
v -44.920933 0.164682 4.524778
v -44.922329 0.163875 4.523551
v -45.349350 0.155834 4.827190
v -45.354317 0.152052 4.822997
v -45.350166 0.154367 4.826452
v -45.351395 0.153134 4.825396
v -45.352852 0.152322 4.824183
v -45.647110 0.161170 4.588909
v -45.642357 0.157105 4.592647
v -45.646374 0.159634 4.589474
v -45.645210 0.158322 4.590382
v -45.643803 0.157433 4.591496
v -46.523582 0.136841 5.236412
v -46.513176 0.132909 5.231009
v -46.522827 0.135270 5.235922
v -46.520588 0.133969 5.234723
v -46.517197 0.133142 5.232998
v -45.821957 0.145415 5.081498
v -45.830677 0.141533 5.079191
v -45.823063 0.143934 5.080902
v -45.825108 0.142676 5.080254
v -45.827785 0.141834 5.079653
v -46.428078 0.144212 5.001794
v -46.419594 0.140223 5.003641
v -46.427055 0.142680 5.002216
v -46.425083 0.141383 5.002715
v -46.422462 0.140520 5.003215
v -44.059464 0.218290 2.989791
v -44.055012 0.214229 2.993748
v -44.058750 0.216756 2.990371
v -44.057652 0.215446 2.991328
v -44.056339 0.214557 2.992513
v -43.781227 0.212114 3.252125
v -43.785858 0.208363 3.247741
v -43.782013 0.210659 3.251375
v -43.783173 0.209432 3.250278
v -43.784523 0.208627 3.249002
v -43.327320 0.255811 1.881767
v -43.332077 0.251310 1.891937
v -43.327721 0.254193 1.882462
v -43.328766 0.252768 1.884639
v -43.330296 0.251756 1.887966
v -43.605133 0.249405 2.033753
v -43.602657 0.245200 2.042033
v -43.604568 0.247860 2.034664
v -43.603901 0.246518 2.036557
v -43.603230 0.245584 2.039145
v -43.486935 0.229849 2.715016
v -43.489536 0.226209 2.706766
v -43.487572 0.228395 2.713971
v -43.488289 0.227192 2.712036
v -43.488976 0.226424 2.709506
v -43.327400 0.323783 1.332403
v -43.325722 0.323781 1.332849
v -43.325851 0.323822 1.331470
v -46.986523 0.185122 5.258695
v -46.985962 0.185073 5.260408
v -46.987957 0.185073 5.259989
v -44.342937 1.741274 5.644667
v -44.341621 1.739757 5.648750
v -44.341965 1.740160 5.645125
v -44.341373 1.739480 5.646061
v -44.341251 1.739340 5.647335
v -45.074703 1.695456 5.593662
v -45.076828 1.697869 5.597296
v -45.075745 1.696643 5.593791
v -45.076511 1.697518 5.594527
v -45.076893 1.697948 5.595758
v -44.772003 1.349225 5.644688
v -44.770695 1.347713 5.648775
v -44.771034 1.348114 5.645146
v -44.770443 1.347435 5.646084
v -44.770325 1.347294 5.647358
v -44.645618 2.087484 5.593644
v -44.647747 2.089906 5.597277
v -44.646660 2.088675 5.593772
v -44.647430 2.089550 5.594507
v -44.647812 2.089983 5.595738
v -44.280029 2.506917 5.586627
v -44.282185 2.509367 5.590259
v -44.281078 2.508117 5.586754
v -44.281857 2.509007 5.587490
v -44.282246 2.509444 5.588719
v -43.976994 2.160306 5.637711
v -43.975662 2.158767 5.641799
v -43.976017 2.159184 5.638169
v -43.975418 2.158499 5.639108
v -43.975296 2.158352 5.640382
v -43.678120 2.592849 5.624566
v -43.676834 2.591173 5.628641
v -43.677158 2.591673 5.625019
v -43.676575 2.590945 5.625951
v -43.676460 2.590770 5.627223
v -43.976501 2.953809 5.575346
v -43.978630 2.956424 5.578991
v -43.977539 2.955075 5.575479
v -43.978313 2.956014 5.576218
v -43.978695 2.956487 5.577452
v -43.295929 3.834733 5.612452
v -43.292713 3.842999 5.616899
v -43.294559 3.837739 5.612844
v -43.293465 3.840366 5.613831
v -43.292816 3.842212 5.615252
v -43.397331 3.069103 5.604956
v -43.397350 3.065117 5.608604
v -43.396870 3.067044 5.605244
v -43.396709 3.065562 5.606040
v -43.396877 3.064888 5.607220
v -43.584492 3.776109 5.600376
v -43.585411 3.781515 5.604455
v -43.585072 3.778440 5.600675
v -43.585449 3.780288 5.601553
v -43.585567 3.781368 5.602880
v -45.562843 1.351695 5.585305
v -45.565121 1.354035 5.588936
v -45.563942 1.352853 5.585431
v -45.564758 1.353706 5.586166
v -45.565174 1.354119 5.587397
v -45.242661 1.011702 5.637127
v -45.241207 1.010269 5.641230
v -45.241634 1.010616 5.637588
v -45.240997 1.009964 5.638529
v -45.240849 1.009841 5.639808
v -46.627094 0.580556 5.568859
v -46.636433 0.576991 5.572626
v -46.630531 0.579042 5.569043
v -46.633514 0.577836 5.569824
v -46.635586 0.577114 5.571083
v -46.510815 0.889548 5.552239
v -46.516548 0.890274 5.555748
v -46.513233 0.890089 5.552318
v -46.515175 0.890417 5.553012
v -46.516338 0.890482 5.554217
v -45.780102 0.710567 5.621587
v -45.775536 0.710824 5.625804
v -45.777882 0.710127 5.622085
v -45.776234 0.710021 5.623062
v -45.775410 0.710266 5.624368
v -44.383091 1.786813 5.746448
v -44.387466 1.791806 5.749571
v -44.383892 1.787725 5.747791
v -44.385006 1.788994 5.748855
v -44.386261 1.790425 5.749481
v -45.057533 1.675425 5.704975
v -45.053932 1.671289 5.709574
v -45.057034 1.674848 5.706587
v -45.056171 1.673857 5.708027
v -45.055084 1.672609 5.709076
v -44.812160 1.394765 5.746466
v -44.816536 1.399756 5.749592
v -44.812962 1.395680 5.747809
v -44.814075 1.396948 5.748875
v -44.815331 1.398378 5.749501
v -44.628452 2.067461 5.704957
v -44.624847 2.063319 5.709557
v -44.627953 2.066881 5.706570
v -44.627090 2.065892 5.708010
v -44.625999 2.064641 5.709059
v -44.262890 2.486923 5.697936
v -44.259254 2.482754 5.702540
v -44.262386 2.486343 5.699549
v -44.261520 2.485345 5.700991
v -44.260422 2.484087 5.702042
v -44.017132 2.205822 5.739493
v -44.021526 2.210834 5.742616
v -44.017933 2.206735 5.740836
v -44.019051 2.208009 5.741901
v -44.020313 2.209450 5.742526
v -43.718296 2.638227 5.726326
v -43.722633 2.643409 5.729476
v -43.719097 2.639153 5.727673
v -43.720203 2.640465 5.728745
v -43.721443 2.641958 5.729376
v -43.959339 2.933980 5.686666
v -43.955742 2.929615 5.691254
v -43.958839 2.933383 5.688276
v -43.957977 2.932343 5.689714
v -43.956894 2.931020 5.690760
v -43.303677 3.855165 5.718777
v -43.308247 3.846989 5.722836
v -43.304161 3.854698 5.720394
v -43.305202 3.852983 5.721735
v -43.306637 3.850276 5.722590
v -43.438812 3.112166 5.706285
v -43.441555 3.120142 5.709959
v -43.439491 3.113307 5.707672
v -43.440250 3.115222 5.708858
v -43.440975 3.117622 5.709661
v -43.566116 3.759072 5.712129
v -43.564034 3.751266 5.716178
v -43.565735 3.758214 5.713699
v -43.565201 3.756428 5.715022
v -43.564606 3.753989 5.715890
v -45.545826 1.331593 5.696609
v -45.542030 1.327549 5.701218
v -45.545311 1.331024 5.698223
v -45.544411 1.330052 5.699666
v -45.543259 1.328835 5.700717
v -45.282665 1.057312 5.738902
v -45.287231 1.062208 5.742032
v -45.283485 1.058218 5.740248
v -45.284637 1.059467 5.741315
v -45.285954 1.060872 5.741942
v -46.647427 0.589193 5.674817
v -46.637493 0.594417 5.679323
v -46.646805 0.589744 5.676422
v -46.644699 0.590929 5.677843
v -46.641430 0.592569 5.678861
v -46.497253 0.867832 5.663415
v -46.489155 0.865807 5.668183
v -46.496410 0.867414 5.665041
v -46.494576 0.866882 5.666520
v -46.492027 0.866317 5.667623
v -45.816978 0.757851 5.723441
v -45.825386 0.760687 5.726470
v -45.818092 0.758604 5.724785
v -45.820080 0.759406 5.725832
v -45.822639 0.760138 5.726424
v -47.193184 0.578432 5.582861
v -47.192730 0.576764 5.583032
v -47.194675 0.577229 5.582848
v -43.324226 4.354250 5.689856
v -43.322330 4.353858 5.689878
v -43.323566 4.355422 5.689920
v -43.322540 4.355207 5.689935
v -43.275990 3.336269 5.645789
v -43.274078 3.344780 5.645823
v -43.275188 3.338059 5.645738
v -43.274544 3.340307 5.645727
v -43.274155 3.342666 5.645754
v -46.976738 0.120823 5.235106
v -46.959976 0.590589 5.722013
v -42.842236 4.296471 5.259107
v -43.315277 4.299025 5.754545
v -46.977657 0.120522 5.235546
vn -0.9941 -0.0603 0.0902
vn -0.9999 -0.0060 0.0114
vn -0.9939 -0.0665 0.0875
vn 0.3655 -0.6166 0.6973
vn 0.4551 -0.6296 0.6297
vn 0.4551 -0.5902 0.6667
vn -0.9999 -0.0063 0.0113
vn -0.9966 0.0606 -0.0558
vn 0.2612 0.7545 -0.6021
vn 0.3530 0.7619 -0.5430
vn 0.2584 0.7870 -0.5602
vn -0.9999 -0.0063 0.0112
vn -0.9941 -0.0845 0.0674
vn -0.9940 -0.0828 0.0717
vn 0.3645 -0.5758 0.7319
vn 0.4539 -0.5506 0.7006
vn 0.2608 0.5884 -0.7654
vn 0.3520 0.5067 -0.7870
vn 0.3561 0.5697 -0.7407
vn 0.2630 0.6802 -0.6842
vn 0.3573 0.6965 -0.6223
vn 0.2623 0.7202 -0.6422
vn -0.9940 -0.0793 0.0758
vn -0.9941 -0.0742 0.0795
vn -0.9966 0.0644 -0.0521
vn 0.3490 0.7951 -0.4960
vn 0.2543 0.8212 -0.5108
vn 0.3475 -0.8245 0.4466
vn 0.4430 -0.7619 0.4725
vn 0.3534 -0.7945 0.4939
vn 0.3580 -0.7623 0.5392
vn 0.4515 -0.6988 0.5548
vn 0.3614 -0.7298 0.5803
vn 0.3433 0.8279 -0.4435
vn 0.2496 0.8539 -0.4567
vn 0.3379 0.8512 -0.4016
vn 0.2458 0.8772 -0.4125
vn 0.3388 -0.8659 0.3680
vn 0.4295 -0.8174 0.3840
vn 0.3422 -0.8497 0.4012
vn -0.9999 -0.0062 0.0113
vn -0.9939 -0.0902 0.0635
vn 0.3352 0.8613 -0.3819
vn 0.2441 0.8870 -0.3919
vn 0.3602 0.6970 -0.6200
vn 0.0787 0.8576 -0.5082
vn 0.2791 -0.9472 0.1580
vn 0.4238 -0.8341 0.3530
vn -0.9936 -0.0992 0.0541
vn -0.9939 -0.0935 0.0581
vn 0.3628 -0.5353 0.7628
vn 0.4516 -0.5128 0.7302
vn 0.3600 -0.5023 0.7862
vn 0.4489 -0.4806 0.7533
vn 0.2535 0.4597 -0.8511
vn 0.3427 0.4135 -0.8435
vn 0.3463 0.4453 -0.8257
vn -0.9966 0.0563 -0.0597
vn 0.3611 -0.4797 0.7997
vn 0.4469 -0.4597 0.7675
vn 0.3640 -0.4385 0.8217
vn 0.4353 -0.4299 0.7910
vn 0.2514 0.4271 -0.8685
vn 0.3611 0.6445 -0.6739
vn -1.0000 0.0021 0.0087
vn -0.9966 0.0496 -0.0657
vn -0.9999 -0.0038 0.0114
vn 0.5261 -0.6019 0.6008
vn 0.5266 -0.5631 0.6368
vn 0.9999 0.0063 -0.0113
vn 0.9975 -0.0613 0.0364
vn 0.3557 0.7300 -0.5836
vn 0.4337 0.7336 -0.5232
vn 0.9955 0.0766 -0.0554
vn 0.9955 0.0797 -0.0511
vn 0.5244 -0.5261 0.6695
vn 0.5226 -0.4903 0.6975
vn 0.3581 0.6580 -0.6624
vn 0.4384 0.5930 -0.6753
vn 0.4388 0.6334 -0.6374
vn 0.4377 0.6705 -0.5990
vn 0.3578 0.6165 -0.7014
vn 0.4359 0.5493 -0.7130
vn 0.4539 -0.6660 0.5920
vn 0.4480 -0.7304 0.5156
vn 0.5231 -0.6674 0.5300
vn 0.5189 -0.6985 0.4928
vn 0.4230 0.7984 -0.4285
vn 0.9955 0.0735 -0.0592
vn 0.4366 -0.7918 0.4272
vn 0.5144 -0.7287 0.4522
vn 0.5081 -0.7581 0.4089
vn 0.4132 0.8322 -0.3697
vn 0.9953 0.0843 -0.0485
vn 0.5003 -0.7838 0.3679
vn 0.3744 -0.9132 0.1607
vn 0.4930 -0.8016 0.3384
vn 0.5191 0.6370 -0.5698
vn 0.9976 -0.0442 0.0534
vn 0.9999 0.0060 -0.0113
vn 0.4324 0.4872 -0.7587
vn 0.4250 0.4283 -0.7975
vn 0.5189 -0.4598 0.7206
vn 0.5150 -0.4409 0.7351
vn 0.9999 0.0037 -0.0111
vn 0.9968 -0.0437 0.0662
vn 0.9975 -0.0420 0.0575
vn 0.4200 0.3976 -0.8158
vn 0.5251 0.5920 -0.6114
vn 0.4776 -0.2452 0.8437
vn 0.2626 0.6369 -0.7248
vn -0.0521 -0.0162 0.9985
vn 0.3486 -0.0530 0.9358
vn 0.0486 -0.0486 0.9976
vn 0.3845 -0.2590 0.8860
vn 0.9956 0.0601 -0.0725
vn 0.9955 0.0561 -0.0761
vn 0.4358 0.7029 -0.5622
vn 0.9956 0.0637 -0.0690
vn -1.0000 0.0097 0.0015
vn -0.9961 0.0513 -0.0723
vn -0.9941 -0.0699 0.0833
vn 0.9958 0.0360 -0.0846
vn 0.9999 -0.0117 0.0026
vn 1.0000 -0.0029 -0.0070
vn -0.0629 -0.9977 -0.0235
vn -0.2350 -0.9702 -0.0588
vn 0.0405 -0.9991 0.0093
vn -0.0899 -0.9959 -0.0098
vn 0.1410 -0.9896 0.0270
vn 0.9974 -0.0646 0.0324
vn 0.3639 -0.6962 0.6188
vn 0.9976 -0.0478 0.0501
vn 0.9999 0.0062 -0.0113
vn 0.5249 -0.6365 0.5651
vn -0.9953 0.0140 0.0958
vn -0.9950 0.0562 -0.0830
vn -0.9911 -0.0210 0.1312
vn -0.9958 -0.0444 0.0801
vn 0.9928 -0.0438 0.1117
vn 0.9955 -0.0507 0.0804
vn 0.9962 0.0278 -0.0831
vn 0.9946 -0.0231 0.1012
vn -0.9933 -0.1032 0.0519
vn -0.9964 0.0718 -0.0441
vn 0.4291 0.7664 -0.4781
vn 0.9969 -0.0756 0.0231
vn 0.9999 0.0064 -0.0114
vn -0.9965 0.0677 -0.0480
vn -0.9963 0.0755 -0.0399
vn 0.9956 0.0673 -0.0655
vn 0.2581 0.5233 -0.8121
vn 0.1262 0.9907 -0.0505
vn -0.0038 0.9998 0.0200
vn -0.0055 0.9969 -0.0781
vn 0.9956 0.0468 -0.0807
vn -0.9999 -0.0063 0.0114
vn -0.9926 -0.1160 0.0347
vn -0.9959 0.0861 -0.0295
vn -0.9947 -0.1022 0.0073
vn 0.9951 0.0868 -0.0472
vn 0.9960 -0.0885 -0.0084
vn 0.9990 -0.0081 -0.0443
vn 0.9962 -0.0860 0.0102
vn -0.2521 0.0263 0.9673
vn -0.4201 0.0885 0.9032
vn -0.9946 -0.0542 0.0888
vn -0.0926 -0.0170 0.9956
vn 0.9971 -0.0717 0.0248
vn 0.3648 -0.6577 0.6590
vn 0.9954 0.0716 -0.0632
vn 0.9972 -0.0685 0.0285
vn -0.9962 0.0794 -0.0347
vn 0.4163 0.8223 -0.3879
vn 0.4497 -0.8777 0.1656
vn 0.9975 -0.0580 0.0395
vn 0.9976 -0.0545 0.0429
vn 0.9976 -0.0512 0.0462
vn -0.9967 0.0519 -0.0627
vn -0.9960 0.0834 -0.0314
vn 0.0075 -1.0000 0.0002
vn 0.0060 -0.9999 -0.0131
vn 0.0056 -0.9999 -0.0149
vn 0.0957 -0.0623 -0.9935
vn -0.0114 0.0187 -0.9998
vn -0.0107 -0.0742 -0.9972
vn 0.0382 -0.1893 -0.9812
vn -0.0107 -0.0796 -0.9968
vn -0.0913 -0.9892 -0.1143
vn 0.0062 -0.9998 -0.0188
vn -0.0936 -0.9955 -0.0176
vn 0.0073 -0.0291 0.9995
vn 0.0099 -0.0185 0.9998
vn 0.0949 -0.1020 0.9902
vn 0.1035 0.9944 0.0205
vn -0.0027 0.9949 0.1008
vn -0.9999 -0.0047 0.0108
vn -0.9796 -0.1111 0.1677
vn -0.9940 -0.0064 0.1093
vn 0.0752 -0.9960 0.0485
vn -0.0229 -0.9984 0.0513
vn 0.9999 -0.0103 -0.0020
vn 0.9999 0.0107 -0.0013
vn 1.0000 0.0036 0.0024
vn 0.0941 0.9953 0.0226
vn -0.0050 0.9998 0.0186
vn 0.0772 0.9970 0.0009
vn 0.9940 0.0064 -0.1094
vn 0.9962 -0.0655 0.0573
vn 0.9966 -0.0693 -0.0435
vn -0.1006 0.9882 0.1157
vn -0.0039 0.9932 0.1163
vn 1.0000 0.0066 -0.0039
vn 0.9903 0.1033 -0.0930
vn 0.0106 -0.0201 0.9997
vn -0.1368 0.1275 0.9824
vn -0.1684 -0.0231 0.9855
vn 0.0114 -0.0194 0.9997
vn 0.0806 -0.7174 0.6920
vn 0.0085 -0.6616 0.7498
vn 0.0280 -0.6840 0.7289
vn 0.0935 0.0185 -0.9955
vn -0.0118 0.1157 -0.9932
vn -0.0114 0.0181 -0.9998
vn 0.0045 -0.9999 -0.0160
vn 0.0073 -0.9964 0.0846
vn 0.0056 -0.9999 -0.0138
vn 0.1548 -0.9845 -0.0822
vn 0.9992 0.0328 -0.0239
vn 1.0000 0.0049 0.0044
vn 0.9956 0.0938 0.0072
vn -0.0735 -0.7532 0.6536
vn 0.0093 -0.7203 0.6936
vn -0.4217 0.7730 -0.4740
vn -0.5798 0.5816 -0.5706
vn -0.6090 0.6101 -0.5068
vn 0.0108 -0.0195 0.9998
vn 0.0120 -0.1130 0.9935
vn 0.1096 -0.1119 0.9877
vn 0.0060 -0.9999 -0.0128
vn -0.0832 -0.9965 -0.0116
vn 1.0000 0.0049 -0.0050
vn 0.9953 0.0062 -0.0967
vn 0.9957 -0.0924 0.0016
vn 0.9813 -0.0377 -0.1888
vn 0.1035 -0.9945 -0.0131
vn -0.9877 0.0638 0.1430
vn -0.9954 0.0949 0.0130
vn 0.7763 -0.6160 -0.1343
vn 0.7105 -0.6992 -0.0786
vn 0.7124 -0.7000 -0.0497
vn 0.0078 -0.9999 -0.0146
vn -0.1584 -0.9864 0.0443
vn 0.6532 -0.7563 -0.0350
vn 0.6743 -0.7346 0.0751
vn -0.9932 -0.0068 0.1160
vn -0.9963 -0.0857 0.0089
vn 0.9999 0.0118 -0.0035
vn 0.9941 0.0032 0.1086
vn 0.9929 -0.0807 0.0876
vn 0.0232 -0.0153 0.9996
vn 0.0117 -0.0202 0.9997
vn 0.0113 0.0737 0.9972
vn -0.0195 -0.9991 -0.0371
vn 0.9362 0.3508 0.0206
vn 0.1565 0.9802 0.1213
vn 0.0948 0.9953 0.0188
vn -0.0815 -0.1065 -0.9910
vn -0.1088 0.0180 -0.9939
vn 0.7139 -0.1155 0.6906
vn 0.6537 -0.1449 0.7427
vn 0.7159 -0.0793 0.6937
vn -0.6018 0.5342 -0.5936
vn -0.5267 0.6071 -0.5950
vn -0.4918 0.5104 -0.7054
vn 0.7859 -0.0534 0.6161
vn 0.8382 -0.0015 0.5454
vn -0.9894 -0.1313 -0.0613
vn -0.9999 -0.0064 0.0113
vn -0.9939 -0.1101 0.0099
vn 0.1084 -0.0194 0.9939
vn 0.0112 -0.0203 0.9997
vn -0.0042 0.9965 0.0829
vn -0.1029 0.9945 0.0192
vn 0.0234 0.1704 0.9851
vn -0.7270 0.4992 -0.4715
vn 0.1177 -0.9883 0.0971
vn -0.1074 -0.0790 -0.9911
vn 0.7076 -0.1756 0.6845
vn 0.7347 -0.2161 0.6430
vn 0.6769 -0.2889 0.6770
vn 0.0869 0.0185 -0.9960
vn 0.1677 -0.6340 0.7549
vn 0.0107 -0.7741 0.6330
vn 0.1079 -0.7164 0.6893
vn 0.7621 -0.6330 -0.1362
vn 0.7117 -0.7022 0.0198
vn -0.9898 0.0908 0.1096
vn 0.6286 -0.7665 0.1317
vn 0.9999 0.0069 0.0102
vn 0.9919 -0.0868 0.0928
vn -0.0381 -0.0337 -0.9987
vn -0.0110 -0.0631 -0.9979
vn 0.1484 -0.0852 -0.9853
vn 0.0916 0.9927 -0.0781
vn -0.0114 0.0015 0.9999
vn -0.0857 0.0784 0.9932
vn 0.0114 -0.0181 0.9998
vn 0.0108 0.0803 0.9967
vn 0.0818 -0.0878 0.9928
vn 0.0902 0.0137 0.9958
vn 0.0050 -0.9927 -0.1202
vn 0.0238 -0.9995 -0.0193
vn 0.0050 -0.9932 -0.1163
vn 0.0797 -0.9955 -0.0503
vn -0.9962 -0.0045 -0.0867
vn -0.9928 -0.1198 0.0091
vn 0.9947 0.1024 -0.0093
vn 0.9974 0.0334 0.0634
vn 0.9889 0.1033 -0.1064
vn 0.9999 0.0047 -0.0113
vn -0.0791 -0.0207 0.9966
vn -0.0870 -0.0185 0.9960
vn -0.0194 -0.0921 0.9956
vn 0.1142 0.9793 0.1674
vn 0.1125 -0.9895 0.0905
vn -0.9956 -0.0213 0.0907
vn -0.9936 -0.0947 0.0610
vn -0.9863 -0.1630 0.0234
vn 0.0779 0.9936 0.0812
vn -0.0062 0.9995 0.0296
vn 0.0734 0.9937 0.0852
vn 0.7347 -0.3649 0.5719
vn 0.6692 -0.4575 0.5855
vn 0.7042 -0.4559 0.5444
vn -0.0759 0.9966 -0.0331
vn -0.6356 -0.2545 -0.7288
vn -0.5752 -0.3456 -0.7415
vn -0.5950 -0.2513 -0.7635
vn 0.0547 0.9928 0.1069
vn 0.0580 0.9931 0.1022
vn 0.7675 -0.3635 0.5280
vn 0.7362 -0.4530 0.5027
vn -0.7893 -0.2623 -0.5551
vn -0.8043 -0.3552 -0.4764
vn -0.7623 -0.3569 -0.5399
vn -0.7135 -0.2603 -0.6505
vn -0.6509 -0.3530 -0.6721
vn -0.6737 -0.2592 -0.6920
vn 0.0621 0.9932 0.0985
vn 0.0658 0.9934 0.0942
vn -0.0733 0.9966 -0.0383
vn -0.5301 -0.3399 -0.7769
vn -0.5479 -0.2454 -0.7997
vn 0.4942 -0.3584 0.7920
vn 0.5189 -0.4514 0.7260
vn 0.5405 -0.3616 0.7597
vn 0.5839 -0.3653 0.7249
vn 0.5980 -0.4569 0.6585
vn 0.6233 -0.3677 0.6901
vn -0.4794 -0.3324 -0.8122
vn -0.4949 -0.2390 -0.8354
vn -0.4389 -0.3259 -0.8374
vn -0.4526 -0.2333 -0.8607
vn 0.4183 -0.3519 0.8374
vn 0.4331 -0.4408 0.7862
vn 0.4502 -0.3542 0.8196
vn 0.0495 0.9927 0.1100
vn -0.4198 -0.3224 -0.8484
vn -0.4328 -0.2309 -0.8714
vn -0.5216 -0.3394 -0.7828
vn -0.5509 -0.0679 -0.8318
vn 0.2114 -0.2977 0.9310
vn 0.4029 -0.4362 0.8046
vn -0.0061 0.9995 0.0296
vn 0.0413 0.9920 0.1194
vn 0.0458 0.9923 0.1154
vn 0.7980 -0.3595 0.4836
vn 0.7659 -0.4490 0.4602
vn 0.8238 -0.3561 0.4411
vn 0.7916 -0.4441 0.4197
vn -0.8671 -0.2595 -0.4252
vn -0.8544 -0.3495 -0.3845
vn -0.8387 -0.3519 -0.4156
vn -0.0801 0.9964 -0.0293
vn 0.8400 -0.3545 0.4108
vn 0.8083 -0.4402 0.3911
vn 0.9361 -0.2997 0.1840
vn 0.9004 -0.3951 0.1822
vn -0.8823 -0.2592 -0.3930
vn -0.6993 -0.3588 -0.6182
vn -0.0874 0.9960 -0.0181
vn 0.6406 -0.5283 0.5573
vn 0.6742 -0.5264 0.5181
vn 0.0062 -0.9995 -0.0296
vn 0.0570 -0.9978 0.0353
vn 0.0061 -0.9995 -0.0296
vn -0.6140 -0.3498 -0.7076
vn -0.5525 -0.4264 -0.7162
vn -0.0417 -0.9944 -0.0975
vn -0.0375 -0.9942 -0.1010
vn 0.7046 -0.5243 0.4781
vn 0.7335 -0.5197 0.4380
vn -0.6889 -0.3554 -0.6317
vn -0.6972 -0.4370 -0.5683
vn -0.6617 -0.4360 -0.6100
vn -0.6254 -0.4328 -0.6493
vn -0.7258 -0.3568 -0.5882
vn -0.7325 -0.4372 -0.5218
vn 0.6334 -0.4578 0.6239
vn 0.5604 -0.4548 0.6922
vn 0.5727 -0.5277 0.6273
vn 0.5369 -0.5258 0.6597
vn -0.4611 -0.4123 -0.7857
vn -0.0453 -0.9945 -0.0941
vn 0.4751 -0.4465 0.7582
vn 0.4978 -0.5219 0.6927
vn 0.4563 -0.5168 0.7243
vn -0.4047 -0.4001 -0.8223
vn -0.0354 -0.9937 -0.1060
vn 0.4166 -0.5117 0.7514
vn 0.2243 -0.3668 0.9029
vn 0.3885 -0.5054 0.7705
vn -0.4798 -0.4715 -0.7399
vn 0.0729 -0.9972 0.0172
vn -0.7735 -0.4352 -0.4608
vn -0.8080 -0.4302 -0.4025
vn 0.7581 -0.5154 0.3996
vn 0.7755 -0.5092 0.3731
vn 0.0798 -0.9968 0.0101
vn 0.0761 -0.9970 0.0136
vn -0.8241 -0.4263 -0.3730
vn -0.7933 -0.4631 -0.3952
vn 0.8644 -0.4682 0.1835
vn -0.7517 -0.2615 -0.6054
vn 0.9974 0.0712 -0.0143
vn 0.9994 -0.0319 0.0143
vn 0.9908 -0.1322 0.0285
vn -0.0586 -0.9950 -0.0810
vn -0.0605 -0.9953 -0.0758
vn -0.5898 -0.4302 -0.6834
vn -0.0544 -0.9950 -0.0838
vn -0.0929 0.9956 -0.0133
vn 0.0697 0.9935 0.0897
vn -0.0696 -0.9953 -0.0669
vn 0.0269 0.0387 0.9989
vn -0.0894 0.1884 0.9780
vn 0.0575 -0.0968 0.9936
vn -0.0408 0.0020 0.9992
vn 0.0759 -0.2005 0.9767
vn 0.0530 -0.9979 0.0383
vn 0.6604 -0.3685 0.6542
vn 0.0702 -0.9973 0.0214
vn 0.6066 -0.5283 0.5941
vn 0.0903 0.9956 0.0263
vn -0.0984 0.9951 -0.0114
vn 0.1017 0.9933 0.0556
vn 0.0850 0.9936 0.0743
vn 0.0964 -0.9953 -0.0060
vn 0.0829 -0.9965 0.0083
vn -0.0739 -0.9951 -0.0650
vn 0.1012 -0.9945 -0.0262
vn 0.0390 0.9916 0.1233
vn -0.0655 0.9968 -0.0451
vn -0.5094 -0.4207 -0.7507
vn 0.0446 -0.9977 0.0506
vn 0.0060 -0.9995 -0.0297
vn -0.0689 0.9968 -0.0412
vn -0.0611 0.9969 -0.0488
vn -0.0511 -0.9949 -0.0873
vn -0.8321 -0.2621 -0.4887
vn 0.1255 -0.1636 -0.9785
vn 0.0744 -0.0815 -0.9939
vn 0.1300 -0.1595 -0.9786
vn -0.0638 -0.9955 -0.0705
vn -0.0060 0.9995 0.0297
vn 0.0229 0.9902 0.1377
vn -0.0521 0.9968 -0.0613
vn -0.0050 0.9921 0.1253
vn -0.0339 -0.9936 -0.1081
vn 0.0138 -0.9978 0.0647
vn -0.0257 -0.9996 -0.0123
vn 0.0322 -0.9976 0.0615
vn 0.9611 0.2723 -0.0472
vn 0.8847 0.4548 -0.1025
vn 0.0815 0.9937 0.0766
vn 0.9635 -0.0662 -0.2593
vn 0.0460 -0.9979 0.0464
vn 0.6980 -0.3677 0.6145
vn -0.0488 -0.9946 -0.0913
vn 0.0498 -0.9978 0.0428
vn -0.0564 0.9970 -0.0530
vn -0.4226 -0.4045 -0.8111
vn 0.2247 -0.4325 0.8732
vn 0.0603 -0.9977 0.0319
vn 0.0633 -0.9976 0.0284
vn 0.0668 -0.9975 0.0250
vn -0.0830 0.9963 -0.0240
vn -0.0530 0.9969 -0.0573
vn 0.5580 -0.6941 0.4548
vn 0.5677 -0.6212 0.5402
vn 0.5268 -0.6565 0.5398
vn 0.0108 -0.0118 -0.9999
vn -0.7427 0.6490 0.1651
vn -0.7590 0.5967 0.2604
vn -0.7771 0.6081 0.1624
vn 0.1508 -0.1402 -0.9786
vn 0.1466 -0.1439 -0.9787
vn 0.5149 -0.7279 0.4527
vn 0.4855 -0.6891 0.5380
vn -0.5703 0.8043 0.1667
vn -0.4958 0.8281 0.2615
vn -0.5591 0.7859 0.2640
vn -0.6652 0.7279 0.1660
vn -0.6905 0.6734 0.2641
vn -0.7065 0.6880 0.1659
vn 0.1429 -0.1480 -0.9786
vn 0.1388 -0.1519 -0.9786
vn 0.0070 -0.0159 -0.9998
vn -0.7961 0.5479 0.2569
vn -0.8147 0.5575 0.1595
vn 0.7699 -0.4652 0.4369
vn 0.7065 -0.4721 0.5272
vn 0.7441 -0.5010 0.4420
vn 0.7108 -0.5431 0.4469
vn 0.6403 -0.5497 0.5365
vn 0.6760 -0.5825 0.4513
vn -0.8402 0.4808 0.2508
vn -0.8584 0.4894 0.1538
vn -0.8762 0.4158 0.2437
vn -0.8929 0.4253 0.1480
vn 0.7873 -0.4346 0.4374
vn 0.7461 -0.4182 0.5181
vn 0.7831 -0.4438 0.4357
vn 0.1548 -0.1362 -0.9785
vn -0.8927 0.3818 0.2395
vn -0.9080 0.3924 0.1466
vn -0.8741 0.4201 0.2441
vn -0.8735 0.4862 0.0234
vn 0.8069 -0.3935 0.4406
vn 0.7516 -0.4101 0.5166
vn 0.0755 -0.0681 -0.9948
vn 0.1260 -0.1085 -0.9861
vn 0.1532 -0.1300 -0.9796
vn 0.4707 -0.7590 0.4499
vn 0.4434 -0.7194 0.5347
vn 0.4287 -0.7854 0.4464
vn 0.4033 -0.7457 0.5303
vn -0.4408 0.8828 0.1622
vn -0.4040 0.8784 0.2555
vn -0.4351 0.8627 0.2578
vn 0.0152 -0.0083 -0.9999
vn 0.3985 -0.8016 0.4456
vn 0.3749 -0.7630 0.5266
vn 0.1748 -0.9046 0.3888
vn 0.1687 -0.8605 0.4806
vn -0.4085 0.8981 0.1626
vn -0.5052 0.8219 0.2630
vn 0.0744 -0.0814 -0.9939
vn 0.0263 -0.0009 -0.9997
vn 0.5361 -0.5868 0.6068
vn 0.4970 -0.6203 0.6068
vn -0.0744 0.0815 0.9939
vn -0.0090 0.0311 0.9995
vn -0.7256 0.6361 0.2626
vn -0.7373 0.5814 0.3440
vn -0.1442 0.1246 0.9817
vn -0.0715 0.0632 0.9954
vn -0.1531 0.0977 0.9834
vn 0.4578 -0.6517 0.6047
vn 0.4178 -0.6809 0.6015
vn -0.6504 0.7119 0.2650
vn -0.5907 0.7278 0.3484
vn -0.6323 0.6919 0.3485
vn -0.6708 0.6551 0.3477
vn -0.6072 0.7491 0.2649
vn -0.5445 0.7633 0.3477
vn 0.6058 -0.5852 0.5390
vn 0.6739 -0.5120 0.5327
vn 0.6057 -0.5184 0.6036
vn 0.6384 -0.4831 0.5992
vn -0.8186 0.4679 0.3330
vn -0.1384 0.1311 0.9817
vn -0.0748 0.0800 0.9940
vn 0.7321 -0.4380 0.5217
vn 0.6698 -0.4448 0.5946
vn 0.6950 -0.4124 0.5889
vn -0.8729 0.3683 0.3198
vn -0.0509 0.0280 0.9983
vn -0.1604 0.0578 0.9854
vn 0.7099 -0.3944 0.5835
vn 0.7746 -0.3749 0.5093
vn 0.7187 -0.3885 0.5767
vn -0.8355 0.3940 0.3831
vn -0.0271 0.0150 0.9995
vn -0.4836 0.8047 0.3445
vn -0.4252 0.8390 0.3397
vn 0.3799 -0.7065 0.5971
vn 0.3535 -0.7240 0.5923
vn -0.0341 0.0082 0.9994
vn -0.0306 0.0115 0.9995
vn -0.3958 0.8551 0.3348
vn -0.5953 0.6702 0.4433
vn 0.1665 -0.8185 0.5498
vn -0.6203 0.7663 0.1670
vn -0.0062 -0.9999 0.0161
vn 0.0178 -0.9926 0.1205
vn 0.0274 -0.9750 0.2206
vn -0.1250 0.1444 0.9816
vn -0.1211 0.1475 0.9816
vn -0.7047 0.6192 0.3464
vn -0.1290 0.1413 0.9815
vn 0.0307 0.0052 -0.9995
vn 0.1346 -0.1561 -0.9785
vn -0.1117 0.1559 0.9814
vn 0.9981 0.0621 0.0002
vn 0.9834 0.1140 -0.1415
vn 0.9942 0.0292 0.1036
vn 0.9305 0.3282 0.1626
vn 0.9801 0.0082 0.1981
vn -0.0057 0.0347 0.9994
vn 0.6406 -0.6200 0.4530
vn -0.0232 0.0182 0.9996
vn 0.5728 -0.5524 0.6055
vn 0.0714 -0.1768 -0.9817
vn 0.0328 0.0102 -0.9994
vn 0.1004 -0.1885 -0.9769
vn 0.1193 -0.1716 -0.9779
vn -0.0498 -0.0123 0.9987
vn -0.0358 0.0047 0.9993
vn -0.1098 0.1601 0.9810
vn -0.0705 -0.0086 0.9975
vn 0.0624 -0.0357 -0.9974
vn 0.0636 -0.0680 -0.9957
vn -0.0001 -0.0231 -0.9997
vn 0.0749 -0.0800 -0.9940
vn -0.7738 0.5345 0.3399
vn 0.1027 -0.0328 0.9942
vn -0.0031 -0.0141 0.9999
vn 0.0035 -0.0195 -0.9998
vn -0.0013 -0.0248 -0.9997
vn -0.0744 0.0814 0.9939
vn -0.1325 0.1379 0.9815
vn -0.5041 0.8478 0.1646
vn -0.1156 0.1508 0.9818
vn 0.0242 0.0065 -0.9997
vn 0.0607 -0.0043 -0.9981
vn -0.0363 0.0569 -0.9977
vn 0.1008 0.0387 -0.9942
vn -0.1234 0.0139 0.9923
vn 0.1198 -0.0399 0.9920
vn 0.0032 -0.0091 1.0000
vn 0.2031 -0.0579 0.9774
vn -0.1030 -0.9784 -0.1795
vn -0.0792 -0.9225 -0.3777
vn 0.1216 -0.1681 -0.9782
vn 0.0051 -0.9994 -0.0350
vn 0.0370 0.0079 0.9993
vn 0.6009 -0.6575 0.4544
vn -0.1355 0.1348 0.9816
vn 0.0038 0.0300 0.9995
vn 0.9231 0.0005 0.3845
vn 0.9553 0.0241 0.2946
vn 0.0038 -0.0110 -0.9999
vn -0.8557 0.4024 0.3255
vn 0.8927 -0.0199 0.4502
vn -0.0125 0.0278 0.9995
vn -0.0161 0.0249 0.9996
vn -0.0196 0.0216 0.9996
vn 0.0200 -0.0047 -0.9998
vn -0.0022 0.0221 -0.9998
vn -0.4178 -0.8998 -0.1259
vn -0.7190 -0.6673 -0.1941
vn -0.4105 -0.8945 -0.1773
vn -0.5991 -0.7976 -0.0704
vn -0.9104 -0.3802 -0.1631
vn -0.7125 -0.6575 -0.2451
vn -0.8813 -0.3920 -0.2641
vn -0.9371 0.2998 -0.1789
vn -0.9652 -0.2566 -0.0505
vn -0.9994 -0.0012 -0.0350
vn -0.9157 0.3314 -0.2272
vn -0.9885 -0.0053 -0.1513
vn -0.8432 -0.5355 -0.0473
vn -0.9776 -0.0015 -0.2104
vn -0.4557 0.6984 -0.5519
vn -0.1710 0.8775 -0.4481
vn -0.5324 -0.0121 -0.8464
vn -0.4635 0.5497 -0.6950
vn -0.4876 0.7470 -0.4518
vn -0.3259 0.8664 -0.3783
vn -0.7358 0.4246 -0.5276
vn -0.0504 -0.0639 0.9967
vn 0.3015 -0.1473 0.9420
vn 0.2704 -0.0417 0.9618
vn -0.5186 -0.0330 0.8544
vn 0.0763 -0.1567 0.9847
vn 0.3161 -0.2424 0.9172
vn 0.0030 -0.1047 0.9945
vn 0.1501 -0.2428 0.9584
vn -0.7461 -0.1436 0.6502
vn -0.9034 -0.0478 0.4261
vn -0.8957 -0.1455 0.4201
vn -0.6499 -0.2087 0.7308
vn -0.6729 -0.1164 0.7305
vn -0.4482 -0.2191 0.8666
vn 0.3503 -0.3369 0.8740
vn 0.0403 -0.4347 0.8997
vn 0.1446 -0.3313 0.9324
vn -0.1131 -0.4246 0.8983
vn 0.0734 -0.3971 0.9149
vn -0.7157 0.1730 0.6767
vn -0.6012 0.0500 0.7975
vn -0.4208 0.1413 0.8961
vn -0.7128 0.2215 0.6654
vn -0.9050 0.1641 0.3926
vn -0.8409 0.0452 0.5394
vn -0.8757 0.2595 0.4071
vn 0.0950 0.5348 -0.8396
vn -0.4495 0.5868 -0.6735
vn -0.1864 0.6037 -0.7752
vn -0.1613 0.4894 -0.8570
vn -0.4782 0.4913 -0.7280
vn -0.5471 0.8342 0.0688
vn -0.4674 0.7174 -0.5165
vn -0.5469 0.7956 0.2606
vn -0.7357 0.5548 -0.3885
vn -0.9633 0.0647 0.2604
vn -0.9314 0.2162 -0.2930
vn -0.9981 0.0614 0.0004
vn -0.9843 0.1759 0.0167
vn -0.9111 0.2630 -0.3174
vn -0.9729 0.2304 0.0183
vn 0.4997 -0.8606 -0.0980
vn 0.2304 -0.9731 -0.0049
vn -0.0871 -0.9949 -0.0505
vn 0.5363 -0.8281 -0.1629
vn 0.5088 -0.8606 -0.0244
vn 0.7272 -0.6862 -0.0157
vn 0.8343 -0.5133 -0.2013
vn 0.7450 0.5554 -0.3694
vn 0.5166 0.5033 -0.6927
vn 0.6311 0.7007 -0.3327
vn 0.9195 0.3108 -0.2405
vn 0.4640 0.7173 -0.5198
vn 0.9092 0.2865 -0.3021
vn 0.8627 0.4117 -0.2937
vn 0.9487 -0.3133 -0.0427
vn 0.9646 0.2206 -0.1447
vn 0.9913 -0.0358 -0.1269
vn 0.8520 0.4683 -0.2341
vn 0.9874 -0.0430 -0.1523
vn 0.5038 0.0670 0.8612
vn -0.0949 0.0262 0.9951
vn 0.2251 -0.0321 0.9738
vn 0.5098 -0.0147 0.8601
vn 0.5349 0.1329 0.8344
vn 0.8357 0.1723 0.5214
vn 0.9691 0.1283 -0.2106
vn 0.9471 0.0057 0.3209
vn 0.9997 0.0162 0.0169
vn 0.8585 0.2325 -0.4570
vn 0.9939 0.1008 0.0438
vn 0.7223 -0.0275 0.6910
vn 0.9254 0.2342 -0.2979
vn 0.9899 0.1309 0.0545
vn 0.7529 0.3809 -0.5367
vn 0.6392 0.3485 -0.6855
vn 0.5166 0.7104 -0.4779
vn 0.4643 0.5463 -0.6971
vn 0.9144 0.2984 -0.2734
vn 0.2400 0.9141 -0.3267
vn 0.5058 0.8582 -0.0874
vn 0.5320 0.6111 -0.5861
vn 0.6437 0.6667 -0.3756
vn 0.8517 0.4995 -0.1586
vn 0.6417 0.4037 -0.6521
vn 0.8016 0.4286 -0.4168
vn 0.5035 0.1242 -0.8550
vn 0.2338 0.3649 -0.9012
vn 0.1199 0.0900 -0.9887
vn 0.8208 0.1754 -0.5436
vn 0.9500 0.2463 -0.1918
vn 0.9803 0.1566 -0.1206
vn 0.3628 0.6414 0.6760
vn 0.3624 0.6415 0.6762
vn 0.3627 0.6415 0.6760
vn 0.4293 -0.8992 -0.0847
vn 0.4294 -0.8991 -0.0848
vn 0.7738 -0.2378 0.5871
vn -0.4459 0.8943 0.0375
vn -0.4362 0.8969 0.0722
vn -0.4360 0.8970 0.0734
vn 0.1302 0.9887 0.0742
vn 0.6001 0.7784 0.1840
vn 0.2568 0.9510 0.1720
vn -0.9601 0.1796 -0.2143
vn -0.8266 0.3707 -0.4234
vn -0.9743 0.1432 -0.1741
vn 0.2330 -0.5832 0.7782
vn 0.4557 -0.6330 0.6258
vn 0.7457 0.3768 0.5494
vn 0.7963 0.5550 0.2405
vn 0.2590 0.8621 -0.4356
vn 0.2588 0.8621 -0.4356
vn 0.9455 0.3227 0.0428
vn 0.1603 -0.1431 -0.9766
vn 0.0158 -0.0375 -0.9992
vn 0.0259 -0.4746 0.8798
vn -0.0784 -0.7557 0.6502
vn 0.1142 -0.8174 0.5646
vn -0.1157 0.5074 -0.8539
vn 0.8068 -0.5425 -0.2341
vn 0.8068 -0.5426 -0.2336
vn 0.8067 -0.5427 -0.2340
vn -0.9561 -0.2517 0.1498
vn -0.7712 -0.6115 0.1771
vn -0.5522 -0.7951 0.2510
vn -0.4729 -0.8619 0.1829
vn -0.6192 -0.7842 -0.0398
vn 0.6694 -0.2149 0.7111
vn 0.6698 -0.3568 0.6512
vn 0.5862 -0.3443 0.7333
vn -0.5580 -0.8296 -0.0195
vn -0.1866 -0.8570 0.4803
vn -0.4596 0.8009 -0.3839
vn -0.3064 0.9182 -0.2510
vn -0.2931 0.9256 -0.2395
vn -0.1044 0.8457 0.5234
vn -0.3475 0.8996 0.2644
vn -0.0744 0.9862 0.1480
vn -0.1630 0.4747 0.8649
vn -0.3850 0.6436 0.6615
vn -0.5950 0.5829 0.5533
vn -0.4171 0.4010 0.8156
vn -0.5394 0.1748 0.8237
vn -0.1868 0.2179 0.9579
vn -0.1094 0.1246 0.9862
vn -0.9052 0.3362 0.2600
vn -0.8496 0.0914 0.5195
vn -0.6539 0.3705 0.6596
vn -0.6413 -0.4344 0.6325
vn -0.8412 -0.2100 0.4983
vn -0.8745 -0.1557 0.4593
vn -0.3498 -0.3234 0.8792
vn -0.3450 -0.2568 0.9028
vn -0.4214 -0.2724 0.8650
vn 0.5689 -0.7759 0.2726
vn 0.6419 -0.6475 0.4106
vn -0.2028 -0.5384 0.8179
vn -0.6880 0.0972 0.7192
vn -0.7247 0.1478 0.6730
vn -0.8607 -0.4989 -0.1009
vn -0.9097 -0.2395 -0.3394
vn -0.5443 -0.8168 -0.1911
vn -0.6641 -0.6339 -0.3965
vn -0.6053 -0.5203 -0.6024
vn -0.4368 -0.7825 -0.4437
vn -0.3994 -0.6275 -0.6683
vn -0.1964 -0.9592 -0.2035
vn -0.1929 -0.8414 -0.5048
vn -0.1915 -0.9489 -0.2509
vn -0.3556 -0.2249 -0.9072
vn -0.1172 -0.4804 -0.8692
vn 0.2860 -0.6466 -0.7072
vn 0.3929 -0.7235 -0.5676
vn 0.3289 -0.6517 -0.6835
vn 0.4446 -0.8162 0.3688
vn 0.4447 -0.8162 0.3689
vn 0.4448 -0.8161 0.3689
vn 0.6999 -0.6631 0.2652
vn 0.3933 -0.7755 -0.4939
vn -0.2397 -0.4664 -0.8515
vn -0.1961 -0.5409 -0.8179
vn -0.2419 -0.4624 -0.8530
vn 0.6685 0.7431 0.0312
vn 0.8775 0.1561 0.4534
vn 0.6865 0.5896 -0.4256
vn 0.2787 0.7764 -0.5653
vn 0.5573 0.6920 0.4588
vn 0.6979 0.1372 0.7029
vn 0.0002 0.9996 -0.0269
vn 0.0223 0.8581 -0.5130
vn -0.5767 0.8081 -0.1203
vn -0.4189 0.8988 0.1290
vn 0.3717 0.1059 0.9223
vn -0.2528 0.4609 0.8507
vn 0.2913 0.4346 0.8522
vn -0.2564 0.5968 0.7603
vn 0.0898 0.5959 0.7980
vn 0.1678 -0.8805 -0.4434
vn 0.3914 -0.9079 -0.1502
vn -0.3135 -0.7397 -0.5954
vn -0.3993 -0.7135 -0.5757
vn 0.7079 -0.6990 -0.1014
vn 0.0893 -0.8260 -0.5566
vn 0.3921 -0.8851 -0.2507
vn -0.3783 0.4134 -0.8282
vn -0.5886 0.2896 -0.7547
vn -0.2636 0.6077 -0.7492
vn -0.1834 0.5075 -0.8419
vn -0.4787 0.2564 -0.8397
vn -0.6595 0.0630 -0.7491
vn 0.1658 -0.0989 -0.9812
vn 0.1654 -0.0993 -0.9812
vn 0.3467 0.0945 -0.9332
vn 0.9199 -0.3648 -0.1439
vn 0.9048 0.0775 -0.4188
vn 0.9070 -0.1474 -0.3945
vn 0.6899 0.2051 -0.6942
vn 0.8994 -0.3624 -0.2444
vn 0.8607 -0.0590 -0.5058
vn 0.9210 -0.1183 0.3713
vn 0.9241 -0.3642 0.1161
vn 0.7153 -0.1118 0.6898
vn 0.8704 -0.3459 0.3504
vn 0.7302 -0.6779 0.0856
vn 0.5949 -0.5699 0.5669
vn 0.6934 -0.6390 0.3330
vn 0.1407 -0.3949 0.9079
vn 0.4020 -0.1359 0.9055
vn 0.1245 -0.7055 0.6977
vn 0.3819 -0.3650 0.8491
vn 0.6828 -0.3215 0.6561
vn 0.3541 -0.8637 0.3585
vn 0.1529 -0.9174 0.3675
vn 0.3792 -0.9180 0.1165
vn 0.3465 -0.6677 0.6589
vn -0.4675 0.2140 0.8577
vn -0.1079 -0.3569 0.9279
vn -0.5830 0.2759 0.7642
vn -0.3314 -0.1584 0.9301
vn -0.0632 -0.6723 0.7376
vn -0.4325 -0.0679 0.8991
vn -0.2269 -0.3408 0.9123
vn -0.8674 0.3776 -0.3241
vn -0.7775 0.6009 -0.1857
vn -0.7785 0.1510 -0.6092
vn -0.8620 0.0586 -0.5036
vn -0.8728 0.4809 -0.0836
vn -0.7463 0.6655 0.0128
vn -0.9448 -0.1779 0.2751
vn -0.9445 -0.1748 0.2781
vn -0.9222 -0.3832 0.0526
vn -0.3883 -0.8934 0.2260
vn -0.2975 -0.9540 -0.0362
vn -0.0989 -0.9183 0.3832
vn -0.2893 -0.8506 0.4391
vn -0.4890 -0.8477 0.2055
vn 0.5470 0.7843 0.2926
vn 0.4212 0.9020 0.0946
vn 0.2187 0.9496 0.2244
vn 0.5957 0.7133 0.3694
vn 0.8289 0.4972 0.2563
vn 0.7648 0.6402 0.0721
vn 0.8101 0.2209 0.5431
vn 0.5557 -0.3685 0.7452
vn 0.1569 -0.5907 0.7915
vn 0.4322 -0.5914 0.6807
vn 0.8347 -0.1778 0.5213
vn 0.1899 0.2467 0.9503
vn 0.5236 -0.0794 0.8483
vn 0.1025 0.3637 0.9259
vn 0.9434 0.3207 0.0842
vn 0.9474 -0.1647 0.2745
vn 0.9636 0.1048 0.2459
vn 0.7722 -0.4108 0.4847
vn 0.3737 0.9238 -0.0833
vn 0.0891 0.9280 -0.3617
vn 0.6981 0.7074 -0.1104
vn 0.3918 0.8337 -0.3890
vn 0.1054 0.7160 -0.6901
vn 0.9158 0.1079 -0.3867
vn 0.9178 0.3841 -0.1003
vn 0.6938 0.1319 -0.7080
vn 0.8182 0.4106 -0.4023
vn 0.0854 0.3971 -0.9138
vn 0.3678 0.1158 -0.9227
vn 0.0861 0.1156 -0.9895
vn 0.3892 0.4176 -0.8211
vn 0.5398 -0.2662 -0.7986
vn 0.2100 -0.1900 -0.9591
vn 0.4132 -0.0628 -0.9084
vn 0.8241 -0.2421 -0.5122
vn 0.5876 -0.3441 -0.7324
vn 0.8050 -0.5399 -0.2460
vn 0.9468 -0.2867 0.1462
vn 0.9404 -0.0788 -0.3308
vn 0.7727 -0.5040 0.3858
vn 0.9613 -0.2475 -0.1208
vn 0.7592 -0.0528 -0.6487
vn 0.8338 -0.5307 0.1522
vn 0.1697 -0.7788 0.6039
vn 0.5549 -0.7612 0.3357
vn 0.4333 -0.7042 0.5624
vn 0.1838 -0.9409 -0.2844
vn 0.5205 -0.8528 0.0435
vn -0.3806 0.9172 0.1178
vn -0.0976 0.9132 0.3957
vn -0.7061 0.6991 0.1124
vn -0.3732 0.8407 0.3923
vn -0.0876 0.6911 0.7174
vn -0.6599 0.6515 0.3742
vn -0.3498 0.6482 0.6764
vn -0.9167 0.0858 0.3903
vn -0.9211 0.3721 0.1143
vn -0.6970 0.0755 0.7131
vn -0.8464 0.3626 0.3900
vn -0.6551 0.3390 0.6752
vn -0.0886 0.3614 0.9282
vn -0.3688 0.0790 0.9262
vn -0.3659 0.3568 0.8595
vn 0.3106 0.7970 0.5180
vn 0.2251 0.9524 0.2055
vn 0.0866 0.8964 0.4346
vn 0.2456 0.7397 0.6265
vn 0.3887 0.7347 0.5560
vn 0.4254 0.6131 0.6657
vn 0.3160 -0.1857 0.9304
vn 0.1010 0.3063 0.9466
vn 0.5459 -0.4348 0.7162
vn 0.2776 0.0963 0.9558
vn 0.0764 0.6313 0.7718
vn 0.3690 0.0507 0.9281
vn 0.3001 0.2054 0.9315
vn 0.7883 -0.6146 0.0285
vn 0.8097 -0.3693 0.4561
vn 0.7363 -0.5979 0.3168
vn 0.9613 0.2740 0.0291
vn 0.9680 0.0129 0.2507
vn 0.8955 -0.2767 0.3486
vn 0.7430 -0.3767 0.5532
vn 0.7702 -0.1331 0.6237
vn -0.7799 -0.2958 0.5516
vn -0.8971 -0.0926 0.4321
vn -0.4763 -0.8620 0.1733
vn -0.6416 -0.5690 0.5143
vn -0.4872 -0.2726 0.8297
vn -0.6306 -0.0845 0.7715
vn -0.2143 -0.5623 0.7987
vn 0.3680 -0.7636 0.5305
vn 0.5345 -0.8212 0.1999
vn 0.5900 -0.6986 0.4047
vn 0.1849 -0.5462 0.8170
vn 0.2641 -0.7713 0.5791
vn -0.3072 -0.1066 0.9457
vn 0.1750 -0.3032 0.9367
vn -0.0924 -0.2714 0.9580
vn 0.4160 -0.5107 0.7524
vn -0.9078 -0.4181 0.0337
vn -0.9908 -0.1316 0.0321
vn -0.8861 -0.4621 0.0371
vn -0.7391 -0.6727 0.0349
vn -0.4767 -0.7497 0.4590
vn -0.3308 -0.7147 0.6163
vn -0.5386 -0.7699 0.3424
vn -0.3222 -0.7115 0.6245
vn -0.4274 -0.7955 0.4296
vn 0.1725 -0.9558 0.2381
vn -0.3218 -0.9455 0.0489
vn 0.3846 -0.7848 0.4860
vn -0.1077 -0.9517 0.2874
vn -0.6698 -0.7421 0.0248
vn 0.5573 -0.4807 0.6770
vn 0.5250 -0.6252 0.5775
vn 0.4231 -0.3718 0.8263
vn 0.1920 -0.3572 0.9141
vn 0.2689 -0.8287 0.4908
vn 0.8391 -0.5402 0.0643
vn 0.8391 -0.5402 0.0642
vn -0.9239 -0.0959 -0.3704
vn -0.9191 -0.3824 -0.0944
vn -0.9909 -0.1018 -0.0881
vn -0.7119 -0.0833 -0.6973
vn -0.8513 -0.3715 -0.3705
vn -0.7013 -0.7061 -0.0974
vn -0.6670 -0.3465 -0.6596
vn -0.6612 -0.6584 -0.3595
vn -0.1049 -0.3616 -0.9264
vn -0.3883 -0.0821 -0.9179
vn -0.0953 -0.6917 -0.7159
vn -0.3808 -0.3594 -0.8519
vn -0.3583 -0.6514 -0.6688
vn -0.3734 -0.9210 -0.1106
vn -0.0959 -0.9138 -0.3946
vn -0.3725 -0.8443 -0.3854
vn 0.1946 -0.4930 -0.8480
vn 0.0698 -0.4427 -0.8939
vn 0.2739 -0.2520 -0.9282
vn 0.4642 -0.5045 -0.7280
vn 0.1011 -0.6281 -0.7715
vn 0.0291 -0.7232 -0.6900
vn 0.3289 -0.7248 -0.6054
vn 0.3290 -0.7247 -0.6055
vn 0.3291 -0.7248 -0.6053
vn 0.6936 -0.6010 0.3972
vn 0.8586 -0.2736 0.4336
vn 0.6821 -0.5423 0.4905
vn 0.5878 -0.7683 0.2534
vn 0.8416 -0.5184 0.1513
vn 0.0688 -0.9366 -0.3437
vn 0.2853 -0.9449 0.1607
vn 0.0846 -0.8822 -0.4632
vn 0.5376 -0.8070 0.2445
vn 0.5534 -0.7381 0.3860
vn -0.0880 0.3930 0.9153
vn -0.1723 0.6998 0.6933
vn -0.1384 0.3830 0.9133
vn -0.0403 0.5797 0.8138
vn -0.1593 0.8978 0.4107
vn -0.2235 0.6920 0.6864
vn -0.2597 0.8672 0.4250
vn -0.2106 0.9398 -0.2689
vn -0.0545 0.9580 0.2814
vn -0.0526 0.9983 0.0257
vn -0.2601 0.9186 -0.2974
vn -0.1682 0.9851 0.0369
vn -0.0349 0.8295 0.5574
vn -0.2272 0.9732 0.0362
vn -0.5947 0.4602 -0.6592
vn -0.4963 0.1817 -0.8489
vn -0.8536 0.5163 0.0688
vn -0.7305 0.4631 -0.5019
vn -0.4984 0.4945 -0.7121
vn -0.4283 0.3371 -0.8384
vn -0.5625 0.7351 -0.3784
vn 0.6462 0.7461 -0.1606
vn 0.7781 0.6263 -0.0489
vn 0.7480 0.5484 -0.3738
vn 0.5851 0.7465 -0.3169
vn 0.3606 0.9233 -0.1323
vn 0.5154 0.8566 -0.0246
vn 0.3732 0.8991 -0.2289
vn -0.8632 -0.0926 -0.4963
vn -0.7187 0.4530 -0.5275
vn -0.7656 0.2691 -0.5843
vn -0.8849 0.1564 -0.4387
vn -0.7685 0.4741 -0.4297
vn -0.6920 0.4141 -0.5914
vn -0.4402 0.7485 -0.4960
vn 0.2389 0.9706 -0.0285
vn -0.3156 0.9356 -0.1582
vn -0.0137 0.9998 -0.0152
vn -0.0115 0.9918 -0.1270
vn -0.3450 0.9162 -0.2039
vn -0.0123 0.9834 -0.1812
vn -0.0515 -0.5202 0.8525
vn 0.0493 -0.2517 0.9665
vn -0.1318 0.0343 0.9907
vn -0.1237 -0.4346 0.8921
vn 0.0291 -0.5270 0.8494
vn 0.0324 -0.7431 0.6683
vn -0.1599 -0.8500 0.5020
vn -0.3655 -0.7443 -0.5590
vn -0.5483 -0.4802 -0.6847
vn -0.3570 -0.6222 -0.6967
vn -0.2399 -0.9168 -0.3194
vn -0.4091 -0.7320 -0.5449
vn -0.3003 -0.9076 -0.2935
vn -0.0095 -0.9561 0.2928
vn -0.1384 -0.9622 -0.2343
vn -0.1073 -0.9940 0.0193
vn -0.2431 -0.8457 -0.4750
vn -0.1326 -0.9908 0.0265
vn 0.8739 -0.4686 -0.1289
vn 0.8738 -0.3576 -0.3295
vn 0.9799 -0.1996 -0.0059
vn 0.8761 -0.4812 -0.0293
vn 0.9818 0.0401 -0.1854
vn 0.5296 -0.8207 -0.2146
vn 0.6378 -0.7581 -0.1359
vn -0.2084 -0.9649 -0.1597
vn 0.3279 -0.9430 -0.0577
vn 0.0209 -0.9979 -0.0615
vn -0.4563 -0.8552 -0.2459
vn 0.0484 -0.9886 -0.1429
vn 0.7027 -0.7111 -0.0259
vn -0.2982 -0.9204 -0.2527
vn 0.0513 -0.9842 -0.1692
vn -0.5503 -0.7569 -0.3525
vn -0.6898 -0.6399 -0.3387
vn -0.7689 -0.4745 -0.4285
vn -0.5097 -0.7719 -0.3799
vn -0.2823 -0.9062 -0.3148
vn 0.9324 0.1687 -0.3195
vn 0.7100 0.2598 -0.6545
vn 0.7866 0.4593 -0.4126
vn 0.8401 0.1302 -0.5266
vn 0.4235 0.2321 -0.8757
vn 0.6184 0.4388 -0.6519
vn 0.1986 0.8581 -0.4736
vn 0.4146 0.3369 -0.8454
vn -0.2690 0.2290 -0.9355
vn 0.2959 0.1151 -0.9483
vn 0.0294 0.0903 -0.9955
vn -0.6149 0.3585 -0.7024
vn 0.0393 0.2147 -0.9759
vn 0.5850 0.1132 -0.8031
vn 0.0222 0.2724 -0.9619
vn -0.6745 0.5599 -0.4811
vn -0.8602 0.4506 -0.2388
vn -0.8428 0.5365 0.0435
vn -0.6311 0.6189 -0.4676
vn -0.7093 0.4684 -0.5268
vn -0.3925 0.5572 -0.7318
vn 0.9361 -0.0855 0.3412
vn 0.9993 0.0154 -0.0340
vn 0.9031 -0.1768 0.3914
vn 0.9905 -0.0696 0.1187
vn 0.9895 0.0123 -0.1441
vn 0.9671 -0.1877 0.1718
vn 0.9846 -0.1744 -0.0092
vn 0.9056 -0.4087 0.1137
vn 0.8594 -0.2874 0.4230
vn 0.9203 -0.3892 -0.0396
vn 0.9277 -0.2947 0.2291
vn 0.9746 -0.2224 0.0272
vn 0.4346 -0.0674 -0.8981
vn 0.3514 -0.1212 -0.9284
vn 0.3499 0.0066 -0.9368
vn 0.6191 0.0212 -0.7850
vn 0.6325 -0.2081 -0.7461
vn 0.5404 -0.2800 -0.7934
vn 0.9749 -0.0843 -0.2061
vn -0.1238 -0.7109 -0.6923
vn -0.0168 -0.8304 -0.5569
vn -0.1271 -0.9200 -0.3708
vn -0.1734 -0.7023 -0.6905
vn -0.0889 -0.4420 -0.8926
vn 0.0167 -0.5894 -0.8077
vn -0.1867 -0.4522 -0.8722
vn -0.5027 0.8645 -0.0054
vn -0.5099 0.6708 -0.5386
vn -0.5490 0.7834 -0.2913
vn -0.4360 0.8632 -0.2543
vn -0.4120 0.7190 -0.5597
vn -0.7750 -0.0651 -0.6286
vn -0.6414 0.5308 -0.5540
vn -0.7435 -0.2576 -0.6172
vn -0.4635 0.3684 -0.8059
vn 0.0165 -0.3241 -0.9459
vn -0.1173 0.2299 -0.9661
vn 0.0296 -0.0750 -0.9967
vn -0.0821 -0.0769 -0.9937
vn -0.1642 0.2610 -0.9513
vn -0.1376 -0.0747 -0.9877
vn 0.8248 0.1689 0.5397
vn 0.9513 0.0412 0.3056
vn 0.8412 0.5272 0.1202
vn 0.9616 0.2730 0.0269
vn 0.8195 0.0522 0.5707
vn 0.6671 0.0089 0.7449
vn 0.5150 0.2092 0.8313
vn -0.5948 0.3493 0.7240
vn -0.8036 0.4345 0.4068
vn -0.7487 0.3260 0.5772
vn -0.3326 0.2231 0.9163
vn -0.5456 0.3831 0.7453
vn -0.2956 0.2983 0.9075
vn 0.3092 0.0065 0.9510
vn -0.2506 0.1065 0.9622
vn 0.0308 0.0895 0.9955
vn -0.5044 0.2077 0.8381
vn 0.0566 0.1223 0.9909
vn 0.7825 -0.0552 0.6202
vn 0.8622 -0.1128 0.4938
vn 0.6244 -0.0441 0.7798
vn 0.7768 -0.1148 0.6191
vn 0.8278 -0.2047 0.5224
vn 0.6801 -0.1706 0.7129
vn 0.7645 -0.1904 0.6159
vn 0.3827 -0.1453 0.9124
vn 0.4260 -0.0645 0.9024
vn 0.6004 -0.2124 0.7710
vn 0.5120 -0.1341 0.8484
vn 0.6547 -0.0983 0.7495
vn 0.7856 -0.2830 0.5503
vn 0.6626 -0.2971 0.6875
vn 0.7435 -0.3643 0.5608
vn 0.7095 -0.2524 0.6579
vn 0.5326 -0.2390 0.8119
vn -0.1228 -0.8281 0.5469
vn -0.0378 -0.9983 -0.0435
vn -0.0094 -0.9589 0.2835
vn -0.0457 -0.8312 0.5541
vn -0.1897 -0.7996 0.5698
vn -0.2493 -0.4551 0.8548
vn -0.2038 0.2905 0.9349
vn -0.0980 -0.2453 0.9645
vn -0.1059 0.0660 0.9922
vn -0.2858 0.5269 0.8004
vn -0.1861 0.0371 0.9818
vn -0.0540 -0.6380 0.7682
vn -0.2955 0.3761 0.8782
vn -0.2127 0.0335 0.9765
vn -0.4108 0.6061 0.6811
vn -0.3700 0.7406 0.5609
vn -0.7154 0.5438 0.4387
vn -0.5390 0.7468 0.3897
vn -0.3565 0.3554 0.8641
vn 0.3403 -0.1509 0.9281
vn 0.3470 -0.2587 0.9015
vn 0.3875 -0.3564 0.8502
vn -0.8966 -0.3280 0.2976
vn -0.8965 -0.3105 0.3161
vn -0.7605 -0.4810 0.4362
vn -0.7604 -0.4568 0.4616
vn -0.2402 -0.6847 0.6881
vn 0.0152 -0.7461 0.6656
vn 0.0158 -0.7057 0.7084
vn -0.8963 -0.3442 0.2796
vn -0.7598 -0.5052 0.4092
vn -0.2422 -0.7235 0.6465
vn 0.0139 -0.7814 0.6239
vn -0.9143 0.2881 -0.2846
vn -0.9142 0.2697 -0.3025
vn -0.7883 0.4364 -0.4337
vn -0.3322 0.6245 -0.7069
vn -0.0862 0.7034 -0.7056
vn -0.3310 0.6666 -0.6679
vn -0.9145 0.2491 -0.3189
vn -0.7886 0.4071 -0.4608
vn -0.3318 0.5773 -0.7461
vn -0.0873 0.6583 -0.7476
vn -0.8961 -0.2722 0.3505
vn -0.8966 -0.2910 0.3338
vn -0.7591 -0.4009 0.5129
vn -0.2404 -0.6416 0.7284
vn 0.0165 -0.6176 0.7863
vn -0.2408 -0.5979 0.7645
vn -0.7605 -0.4283 0.4881
vn 0.0171 -0.6621 0.7492
vn -0.9138 0.3057 -0.2675
vn -0.9131 0.3217 -0.2507
vn -0.7880 0.4625 -0.4064
vn -0.7866 0.4860 -0.3809
vn -0.3314 0.7386 -0.5871
vn -0.0858 0.7447 -0.6618
vn -0.0869 0.7797 -0.6201
vn -0.3295 0.7060 -0.6269
vn -0.9127 0.3359 -0.2328
vn -0.9111 0.3531 -0.2127
vn -0.7855 0.5081 -0.3533
vn -0.7825 0.5332 -0.3215
vn -0.3282 0.8027 -0.4980
vn -0.0881 0.8129 -0.5757
vn -0.0888 0.8471 -0.5239
vn -0.3301 0.7703 -0.5457
vn -0.8961 -0.3590 0.2609
vn -0.7589 -0.5276 0.3816
vn -0.2417 -0.7581 0.6057
vn 0.0119 -0.8147 0.5797
vn -0.8943 -0.3770 0.2409
vn -0.7565 -0.5510 0.3523
vn -0.2433 -0.7903 0.5623
vn 0.0092 -0.8476 0.5305
vn -0.8933 -0.3923 0.2193
vn -0.7541 -0.5728 0.3213
vn -0.2436 -0.8226 0.5137
vn 0.0080 -0.8776 0.4792
vn -0.8890 -0.4119 0.2002
vn -0.7464 -0.5966 0.2949
vn -0.2399 -0.8529 0.4636
vn 0.0070 -0.9025 0.4307
vn -0.9097 0.3691 -0.1902
vn -0.9061 0.3855 -0.1743
vn -0.7772 0.5603 -0.2865
vn -0.7713 0.5804 -0.2613
vn -0.3221 0.8569 -0.4025
vn -0.0892 0.8803 -0.4660
vn -0.0875 0.9027 -0.4212
vn -0.3256 0.8344 -0.4447
vn -0.8842 -0.4548 0.1069
vn -0.9231 -0.3846 -0.0051
vn -0.5329 -0.8292 0.1686
vn -0.7007 -0.7131 -0.0210
vn -0.0560 -0.9834 0.1729
vn -0.3602 -0.9323 -0.0332
vn -0.9769 -0.1924 0.0927
vn -0.7373 -0.6169 0.2754
vn -0.2367 -0.8788 0.4142
vn 0.0132 -0.9185 0.3953
vn -0.7291 -0.6292 0.2693
vn -0.2192 -0.8983 0.3809
vn -0.9034 0.3950 -0.1668
vn -0.7663 0.5913 -0.2514
vn -0.0835 0.9127 -0.4000
vn -0.3157 0.8686 -0.3819
vn -0.9140 0.2255 -0.3373
vn -0.7876 0.3770 -0.4873
vn -0.3287 0.5170 -0.7904
vn -0.0882 0.6080 -0.7890
vn -0.9088 0.2098 -0.3607
vn -0.7853 0.3371 -0.5193
vn -0.3215 0.4601 -0.8276
vn -0.0883 0.5404 -0.8367
vn -0.0836 0.4753 -0.8758
vn -0.8968 -0.2361 0.3741
vn -0.8957 -0.2540 0.3651
vn -0.7585 -0.3522 0.5483
vn -0.2389 -0.5569 0.7955
vn 0.0165 -0.5388 0.8423
vn -0.2351 -0.5199 0.8213
vn -0.7579 -0.3753 0.5337
vn 0.0168 -0.5747 0.8182
vn -0.9228 0.0133 0.3851
vn -0.6921 0.0092 0.7217
vn -0.3470 0.0031 0.9379
vn -0.9012 0.2052 -0.3817
vn -0.7745 0.3058 -0.5537
vn -0.3108 0.4295 -0.8479
vn -0.0766 0.4437 -0.8929
vn -0.7625 0.2942 -0.5762
vn -0.3144 0.4230 -0.8498
vn -0.9009 -0.2220 0.3729
vn -0.7493 -0.2988 0.5910
vn -0.2289 -0.4968 0.8371
vn 0.0209 -0.5143 0.8573
vn -0.7610 -0.3368 0.5545
vn 0.6972 -0.5078 0.5060
vn 0.6965 -0.5372 0.4757
vn 0.8572 -0.3656 0.3626
vn 0.8568 -0.3872 0.3405
vn 0.9599 -0.2003 0.1962
vn 0.9598 -0.2121 0.1839
vn 0.6946 -0.5645 0.4460
vn 0.8562 -0.4062 0.3192
vn 0.9591 -0.2244 0.1723
vn 0.6361 0.5086 -0.5802
vn 0.6363 0.5434 -0.5475
vn 0.8259 0.3710 -0.4246
vn 0.8259 0.3960 -0.4013
vn 0.9491 0.2059 -0.2382
vn 0.9490 0.2203 -0.2254
vn 0.6345 0.4706 -0.6131
vn 0.8251 0.3436 -0.4485
vn 0.9488 0.1912 -0.2513
vn 0.6972 -0.4758 0.5363
vn 0.6956 -0.4441 0.5647
vn 0.8570 -0.3429 0.3847
vn 0.8563 -0.3198 0.4055
vn 0.9597 -0.1879 0.2090
vn 0.9596 -0.1749 0.2204
vn 0.6335 0.6036 -0.4841
vn 0.6353 0.5749 -0.5156
vn 0.8243 0.4404 -0.3559
vn 0.8252 0.4195 -0.3782
vn 0.9485 0.2448 -0.2012
vn 0.9491 0.2325 -0.2126
vn 0.6274 0.6603 -0.4129
vn 0.6317 0.6303 -0.4513
vn 0.8208 0.4826 -0.3056
vn 0.8231 0.4605 -0.3325
vn 0.9477 0.2677 -0.1737
vn 0.9484 0.2555 -0.1879
vn 0.6908 -0.5921 0.4150
vn 0.8545 -0.4264 0.2967
vn 0.9590 -0.2341 0.1598
vn 0.6878 -0.6180 0.3808
vn 0.8521 -0.4470 0.2721
vn 0.9579 -0.2468 0.1464
vn 0.6822 -0.6446 0.3452
vn 0.8485 -0.4677 0.2475
vn 0.9565 -0.2597 0.1325
vn 0.6747 -0.6690 0.3119
vn 0.8430 -0.4890 0.2243
vn 0.9550 -0.2712 0.1199
vn 0.6144 0.7127 -0.3386
vn 0.6223 0.6888 -0.3720
vn 0.8115 0.5264 -0.2536
vn 0.8169 0.5063 -0.2763
vn 0.9444 0.2943 -0.1467
vn 0.9465 0.2812 -0.1582
vn 0.4237 -0.9056 0.0221
vn 0.6421 -0.7526 0.1460
vn 0.7319 -0.6813 0.0124
vn 0.8264 -0.5532 0.1054
vn 0.9315 -0.3637 0.0007
vn 0.9482 -0.3125 0.0569
vn 0.6667 -0.6873 0.2884
vn 0.8364 -0.5067 0.2089
vn 0.9522 -0.2842 0.1121
vn 0.6099 0.7233 -0.3238
vn 0.8074 0.5373 -0.2439
vn 0.9424 0.3031 -0.1418
vn 0.6312 0.4174 -0.6537
vn 0.8229 0.3041 -0.4800
vn 0.9484 0.1681 -0.2689
vn 0.6223 0.3678 -0.6910
vn 0.8164 0.2682 -0.5115
vn 0.9465 0.1455 -0.2881
vn 0.6934 -0.4145 0.5894
vn 0.6886 -0.3903 0.6111
vn 0.8545 -0.2990 0.4248
vn 0.8499 -0.2834 0.4443
vn 0.9587 -0.1640 0.2324
vn 0.9558 -0.1581 0.2479
vn 0.1483 -0.0667 0.9867
vn 0.4264 -0.0666 0.9021
vn 0.7284 -0.0576 0.6828
vn 0.9262 -0.0407 0.3747
vn 0.6557 -0.2183 0.7227
vn 0.8256 -0.1672 0.5389
vn 0.9400 -0.1058 0.3243
vn 0.6156 0.3424 -0.7098
vn 0.8120 0.2496 -0.5275
vn 0.9452 0.1347 -0.2974
vn 0.6813 -0.3765 0.6278
vn 0.8413 -0.2775 0.4638
vn 0.9502 -0.1599 0.2676
vn 0.3477 0.8288 -0.4383
vn 0.3516 0.5006 -0.7911
vn 0.1786 0.9463 0.2696
vn 0.1786 0.9463 0.2695
vn -0.2465 0.0661 0.9669
vn 0.3470 0.8093 -0.4740
vn 0.1983 -0.2387 -0.9506
vn -0.2294 -0.9685 -0.0972
vn 0.3536 0.4667 -0.8106
vn 0.9263 -0.3768 -0.0031
vn 0.7110 -0.7031 -0.0080
vn 0.3891 -0.9211 -0.0126
vn 0.0117 -0.3853 0.9227
vn 0.0102 -0.9244 0.3813
vn 0.0096 -0.7032 0.7109
vn -0.6896 0.2266 -0.6878
vn -0.7177 -0.1571 -0.6784
vn -0.7044 -0.0471 -0.7082
vn -0.5056 -0.6875 -0.5214
vn 0.3905 -0.0163 0.9205
vn 0.7123 -0.0101 0.7018
vn 0.9164 -0.0029 0.4002
vn -0.1583 0.7065 -0.6898
vn 0.0402 0.6872 -0.7253
vn 0.6718 0.5334 -0.5140
vn 0.4736 0.6334 -0.6120
vn -0.6887 0.6870 -0.2320
vn -0.6553 0.7534 0.0540
vn -0.2778 0.2683 0.9224
vn -0.7092 0.7049 -0.0123
vn 0.4068 0.9133 0.0205
vn 0.7326 0.6805 0.0175
vn 0.9330 0.3597 0.0122
vn 0.9654 0.2607 0.0103
vn 0.7631 0.6461 0.0169
vn 0.9916 -0.1035 -0.0781
vn 0.9294 0.0108 -0.3689
vn 0.7229 0.0157 -0.6907
vn 0.8712 0.0444 -0.4889
vn 0.6938 0.0162 -0.7200
vn 0.3944 0.0184 -0.9187
vn 0.9488 -0.2229 0.2238
vn 0.8762 -0.3432 0.3384
vn 0.6979 -0.5122 0.5006
vn 0.5980 -0.5746 0.5588
vn 0.2982 -0.6861 0.6636
vn 0.7308 -0.4877 0.4776
vn 0.6534 -0.5420 0.5285
vn -0.0003 0.9260 0.3776
vn 0.0054 0.6635 0.7482
vn 0.0094 0.3191 0.9477
vn 0.0052 0.6687 0.7435
vn 0.0079 0.4774 0.8787
vn 0.1070 0.0673 0.9920
vn -0.9929 -0.0509 0.1072
vn -0.9138 -0.0124 0.4061
vn -0.8657 -0.0141 0.5003
vn -0.6968 -0.0178 0.7171
vn -0.5529 -0.0195 0.8330
vn -0.3533 -0.0207 0.9353
vn 0.0122 -0.1328 0.9911
vn 0.3340 -0.3361 0.8806
vn 0.3624 -0.3633 0.8583
vn 0.5519 -0.5477 0.6288
vn 0.6895 -0.6798 0.2500
vn 0.4886 -0.5876 0.6451
vn 0.5967 -0.5910 0.5428
vn -0.2259 -0.9741 -0.0095
vn -0.3518 -0.9360 -0.0076
vn -0.6760 -0.7369 -0.0015
vn -0.9138 -0.4061 0.0070
vn -0.1240 -0.9794 -0.1596
vn 0.0012 -0.9102 -0.4142
vn -0.0039 -0.6772 -0.7358
vn -0.0083 -0.3506 -0.9365
vn 0.1212 -0.9857 -0.1172
vn -0.0004 -0.8581 -0.5134
vn -0.0073 -0.4399 -0.8980
vn 0.3767 -0.8595 0.3454
vn 0.4921 -0.6716 0.5539
vn 0.5865 -0.5875 0.5576
vn 0.6338 -0.4820 0.6050
vn 0.6872 -0.3038 0.6599
vn 0.2609 -0.9363 0.2352
vn 0.4217 -0.8170 0.3934
vn 0.9224 0.3863 -0.0028
vn 0.7041 0.7101 0.0062
vn 0.3796 0.9251 0.0142
vn 0.3718 0.0185 -0.9281
vn 0.6990 0.0161 -0.7149
vn 0.9196 0.0112 -0.3928
vn 0.3921 -0.6640 0.6366
vn 0.7147 -0.5059 0.4830
vn 0.9280 -0.2714 0.2553
vn 0.0086 0.3657 0.9307
vn 0.0045 0.6937 0.7202
vn -0.0003 0.9167 0.3995
vn -0.3723 -0.0185 0.9279
vn -0.6992 -0.0161 0.7147
vn -0.9195 -0.0112 0.3929
vn 0.6737 -0.6671 0.3180
vn 0.5255 -0.5234 0.6707
vn 0.2895 -0.2923 0.9115
vn -0.9228 -0.3849 0.0148
vn -0.7031 -0.7111 -0.0053
vn -0.3811 -0.9245 -0.0129
vn -0.0081 -0.3655 -0.9308
vn -0.0036 -0.6937 -0.7202
vn 0.0014 -0.9167 -0.3996
vn 0.6474 -0.4437 0.6197
vn 0.4930 -0.7372 0.4620
vn 0.2718 -0.9315 0.2417
vn -0.0085 0.9312 -0.3643
vn -0.0112 0.7216 -0.6922
vn -0.0112 0.7205 -0.6933
vn -0.0122 0.3994 -0.9167
vn 0.0102 -0.8232 0.5677
vn 0.1584 -0.8133 0.5599
vn -0.0002 -0.9167 -0.3996
vn 0.0958 -0.9116 -0.3998
vn -0.0002 -0.9166 -0.3999
vn -0.0003 -0.9166 -0.3999
vn -0.0105 -0.1439 -0.9895
vn 0.3701 0.9276 -0.0504
vn 0.9066 0.3955 -0.1474
vn 0.9061 0.3949 -0.1519
vn 0.9061 0.3948 -0.1523
vn 0.9140 -0.3674 -0.1722
vn 0.1552 0.9878 -0.0156
vn 0.9154 0.3972 -0.0662
vn 0.8077 -0.5669 -0.1620
vn -0.9737 -0.1670 0.1552
vn -0.3779 -0.9258 -0.0129
vn -0.3749 -0.9232 0.0847
vn 0.5900 -0.8072 -0.0208
vn -0.9862 -0.1654 0.0073
vn -0.3769 -0.9262 -0.0128
vn -0.3771 -0.9261 -0.0128
vn -0.3929 0.0148 -0.9194
vn -0.7152 0.0087 -0.6988
vn -0.7152 0.0087 -0.6989
vn -0.9282 0.0012 -0.3722
vn 0.5874 -0.1547 0.7944
vn -0.8204 -0.1084 0.5614
vn -0.3771 -0.1740 0.9097
vn -0.8262 -0.1070 0.5531
vn -0.3743 -0.1749 0.9106
vn -0.3733 -0.1841 0.9093
vn -0.3734 -0.1837 0.9093
vn -0.9847 -0.0364 0.1703
vn 0.0063 0.3647 0.9311
vn -0.0020 0.9835 0.1809
vn 0.0063 0.3649 0.9310
vn 0.0087 -0.5987 0.8009
vn -0.9255 0.3783 0.0174
vn -0.7105 0.7034 0.0209
vn -0.7108 0.7031 0.0209
vn -0.3873 0.9217 0.0211
vn 0.9301 -0.0013 0.3672
vn 0.3736 0.0275 -0.9272
vn 0.3732 0.0198 -0.9275
vn 0.9301 0.0066 0.3671
vn 0.9819 0.0153 0.1887
vn 0.5397 0.0319 -0.8412
vn 0.1815 0.0234 -0.9831
vn 0.2981 0.8943 0.3337
vn 0.3159 0.8948 0.3156
vn 0.4456 0.7578 0.4767
vn 0.4713 0.7585 0.4500
vn 0.7183 0.2368 0.6542
vn 0.7038 -0.0208 0.7101
vn 0.7440 -0.0198 0.6679
vn 0.2816 0.8929 0.3513
vn 0.4223 0.7543 0.5027
vn 0.6788 0.2366 0.6951
vn 0.6636 -0.0197 0.7478
vn -0.3150 0.9153 -0.2510
vn -0.3322 0.9142 -0.2322
vn -0.4699 0.7895 -0.3949
vn -0.7444 0.3317 -0.5796
vn -0.7423 0.0890 -0.6642
vn -0.7070 0.3335 -0.6236
vn -0.3475 0.9139 -0.2100
vn -0.4950 0.7885 -0.3651
vn -0.7807 0.3307 -0.5302
vn -0.7819 0.0876 -0.6172
vn 0.3495 0.8954 0.2759
vn 0.3331 0.8953 0.2957
vn 0.5207 0.7578 0.3932
vn 0.7562 0.2382 0.6095
vn 0.8177 -0.0175 0.5754
vn 0.7904 0.2395 0.5638
vn 0.4966 0.7587 0.4216
vn 0.7827 -0.0185 0.6222
vn -0.2997 0.9149 -0.2704
vn -0.2825 0.9158 -0.2856
vn -0.4440 0.7902 -0.4226
vn -0.4190 0.7904 -0.4469
vn -0.6305 0.3350 -0.7001
vn -0.7008 0.0920 -0.7074
vn -0.6606 0.0933 -0.7449
vn -0.6683 0.3346 -0.6644
vn -0.2658 0.9156 -0.3017
vn -0.2464 0.9154 -0.3183
vn -0.3928 0.7900 -0.4708
vn -0.3629 0.7881 -0.4972
vn -0.5441 0.3378 -0.7680
vn -0.6179 0.0959 -0.7804
vn -0.5681 0.0986 -0.8170
vn -0.5904 0.3369 -0.7335
vn 0.2638 0.8915 0.3682
vn 0.3951 0.7535 0.5255
vn 0.6394 0.2370 0.7315
vn 0.6209 -0.0201 0.7836
vn 0.2436 0.8903 0.3847
vn 0.3666 0.7504 0.5500
vn 0.5977 0.2344 0.7667
vn 0.5737 -0.0186 0.8188
vn 0.2240 0.8872 0.4033
vn 0.3371 0.7464 0.5738
vn 0.5514 0.2333 0.8010
vn 0.5238 -0.0191 0.8516
vn 0.2050 0.8835 0.4213
vn 0.3113 0.7393 0.5971
vn 0.5024 0.2302 0.8334
vn 0.4766 -0.0206 0.8789
vn -0.2252 0.9143 -0.3366
vn -0.2096 0.9116 -0.3537
vn -0.3291 0.7851 -0.5247
vn -0.3043 0.7796 -0.5473
vn -0.4516 0.3331 -0.8277
vn -0.5122 0.1006 -0.8530
vn -0.4680 0.0997 -0.8781
vn -0.4924 0.3376 -0.8023
vn 0.1145 0.8752 0.4701
vn -0.0017 0.9137 0.4063
vn 0.2016 0.5166 0.8321
vn 0.0034 0.6838 0.7297
vn 0.2221 0.0366 0.9743
vn 0.0084 0.3383 0.9410
vn 0.0841 0.9742 0.2094
vn 0.2938 0.7278 0.6197
vn 0.4547 0.2221 0.8625
vn 0.4420 -0.0271 0.8966
vn 0.2890 0.7190 0.6321
vn 0.4225 0.2062 0.8826
vn -0.2030 0.9087 -0.3647
vn -0.2948 0.7752 -0.5587
vn -0.4479 0.0974 -0.8888
vn -0.4314 0.3292 -0.8399
vn -0.3678 0.9116 -0.1834
vn -0.5205 0.7865 -0.3323
vn -0.8220 0.3261 -0.4669
vn -0.8208 0.0865 -0.5646
vn -0.3899 0.9068 -0.1602
vn -0.5522 0.7820 -0.2890
vn -0.8563 0.3171 -0.4077
vn -0.8648 0.0840 -0.4950
vn 0.3826 0.8929 0.2375
vn 0.3657 0.8948 0.2560
vn 0.5638 0.7530 0.3393
vn 0.8219 0.2397 0.5167
vn 0.8758 -0.0167 0.4823
vn 0.8514 0.2323 0.4703
vn 0.5423 0.7572 0.3640
vn 0.8493 -0.0144 0.5277
vn 0.3748 0.9270 0.0150
vn 0.7075 0.7067 -0.0020
vn 0.9294 0.3686 -0.0186
vn 0.4387 0.8884 0.1355
vn 0.8207 0.5326 0.2070
vn 0.9771 0.0418 0.2086
vn -0.4068 0.9012 -0.1497
vn -0.5854 0.7710 -0.2507
vn -0.8743 0.3072 -0.3758
vn -0.9002 0.0775 -0.4286
vn -0.9155 0.0704 -0.3961
vn -0.6050 0.7605 -0.2360
vn -0.8763 0.3107 -0.3681
vn 0.3989 0.8884 0.2273
vn 0.8715 0.2180 0.4393
vn 0.5856 0.7434 0.3230
vn 0.8931 -0.0214 0.4494
vn 0.5437 -0.6992 0.4642
vn 0.5148 -0.6997 0.4954
vn 0.3954 -0.8589 0.3254
vn 0.3748 -0.8592 0.3482
vn 0.2235 -0.9603 0.1672
vn 0.2111 -0.9609 0.1792
vn 0.4868 -0.6989 0.5241
vn 0.3543 -0.8593 0.3689
vn 0.1999 -0.9610 0.1911
vn -0.5951 -0.6339 -0.4941
vn -0.5639 -0.6341 -0.5291
vn -0.4287 -0.8248 -0.3687
vn -0.4067 -0.8240 -0.3945
vn -0.2322 -0.9481 -0.2171
vn -0.2199 -0.9478 -0.2309
vn -0.6246 -0.6355 -0.4539
vn -0.4505 -0.8255 -0.3400
vn -0.2433 -0.9489 -0.2009
vn 0.5724 -0.6974 0.4312
vn 0.5985 -0.6955 0.3976
vn 0.4163 -0.8578 0.3014
vn 0.4357 -0.8562 0.2775
vn 0.2348 -0.9598 0.1536
vn 0.2452 -0.9593 0.1398
vn -0.5034 -0.6287 -0.5927
vn -0.5331 -0.6316 -0.5629
vn -0.3635 -0.8205 -0.4412
vn -0.3846 -0.8225 -0.4191
vn -0.1965 -0.9463 -0.2566
vn -0.2078 -0.9472 -0.2443
vn -0.4358 -0.6203 -0.6522
vn -0.4718 -0.6257 -0.6212
vn -0.3154 -0.8154 -0.4854
vn -0.3412 -0.8182 -0.4627
vn -0.1706 -0.9444 -0.2811
vn -0.1842 -0.9456 -0.2681
vn 0.4568 -0.6974 0.5522
vn 0.3335 -0.8582 0.3903
vn 0.1885 -0.9608 0.2033
vn 0.4244 -0.6942 0.5813
vn 0.3101 -0.8568 0.4119
vn 0.1755 -0.9606 0.2155
vn 0.3902 -0.6898 0.6099
vn 0.2861 -0.8542 0.4342
vn 0.1627 -0.9597 0.2292
vn 0.3576 -0.6845 0.6353
vn 0.2638 -0.8500 0.4561
vn 0.1506 -0.9583 0.2428
vn -0.3639 -0.6042 -0.7089
vn -0.3954 -0.6130 -0.6840
vn -0.2658 -0.8041 -0.5317
vn -0.2877 -0.8100 -0.5111
vn -0.1451 -0.9398 -0.3094
vn -0.1559 -0.9425 -0.2957
vn 0.0762 -0.4437 0.8930
vn 0.1958 -0.6550 0.7298
vn 0.0602 -0.7498 0.6589
vn 0.1488 -0.8309 0.5362
vn 0.0343 -0.9473 0.3186
vn 0.0906 -0.9503 0.2979
vn 0.3353 -0.6769 0.6553
vn 0.2495 -0.8440 0.4748
vn 0.1434 -0.9563 0.2547
vn -0.3496 -0.5984 -0.7209
vn -0.2567 -0.7991 -0.5437
vn -0.1403 -0.9379 -0.3172
vn -0.6609 -0.6335 -0.4024
vn -0.4781 -0.8242 -0.3037
vn -0.2574 -0.9492 -0.1810
vn -0.6933 -0.6279 -0.3536
vn -0.5056 -0.8193 -0.2705
vn -0.2757 -0.9470 -0.1648
vn 0.6239 -0.6916 0.3641
vn 0.6464 -0.6868 0.3325
vn 0.4551 -0.8536 0.2536
vn 0.4746 -0.8491 0.2320
vn 0.2565 -0.9582 0.1267
vn 0.2688 -0.9563 0.1149
vn 0.9105 -0.4130 0.0181
vn 0.6900 -0.7238 0.0019
vn 0.3753 -0.9268 -0.0147
vn 0.7411 -0.6532 0.1553
vn 0.5464 -0.8309 0.1049
vn 0.3150 -0.9479 0.0474
vn -0.7123 -0.6191 -0.3306
vn -0.5242 -0.8124 -0.2554
vn -0.2885 -0.9445 -0.1573
vn 0.6641 -0.6797 0.3114
vn 0.4898 -0.8442 0.2179
vn 0.2786 -0.9544 0.1076
vn -0.4824 -0.3378 -0.8082
vn 0.8675 0.1552 -0.4726
vn -0.8074 -0.3553 -0.4711
vn 0.2384 -0.1468 -0.9600
vn 0.9602 0.2672 -0.0813
vn -0.5041 -0.3363 -0.7955
vn -0.9349 -0.2133 0.2836
vn -0.9349 -0.2134 0.2836
vn -0.2022 0.1566 0.9667
vn -0.6202 -0.3518 -0.7011
vn 0.3752 -0.3728 -0.8487
vn 0.3573 -0.3910 -0.8482
vn 0.5133 -0.5070 -0.6924
vn 0.4872 -0.5333 -0.6915
vn 0.6676 -0.7306 -0.1435
vn 0.7119 -0.6928 0.1146
vn 0.6701 -0.7334 0.1144
vn 0.3926 -0.3561 -0.8480
vn 0.5388 -0.4832 -0.6900
vn 0.7086 -0.6909 -0.1429
vn 0.7492 -0.6527 0.1125
vn -0.2110 0.2312 -0.9498
vn -0.1921 0.2480 -0.9495
vn -0.3600 0.3940 -0.8457
vn -0.5672 0.7068 -0.4228
vn -0.6630 0.7253 -0.1852
vn -0.6115 0.6691 -0.4223
vn -0.1710 0.2644 -0.9491
vn -0.3312 0.4200 -0.8449
vn -0.5181 0.7434 -0.4229
vn -0.6164 0.7656 -0.1843
vn 0.3176 -0.4244 -0.8479
vn 0.3372 -0.4081 -0.8484
vn 0.4294 -0.5819 -0.6906
vn 0.6230 -0.7691 -0.1428
vn 0.5781 -0.8079 0.1146
vn 0.5780 -0.8035 -0.1425
vn 0.4577 -0.5578 -0.6924
vn 0.6245 -0.7724 0.1156
vn -0.2294 0.2142 -0.9495
vn -0.2453 0.1979 -0.9490
vn -0.3884 0.3682 -0.8447
vn -0.4124 0.3430 -0.8440
vn -0.6861 0.5914 -0.4237
vn -0.7058 0.6837 -0.1853
vn -0.7430 0.6431 -0.1855
vn -0.6514 0.6297 -0.4234
vn -0.2602 0.1807 -0.9485
vn -0.2735 0.1630 -0.9480
vn -0.4352 0.3164 -0.8429
vn -0.4592 0.2878 -0.8404
vn -0.7533 0.5039 -0.4226
vn -0.7780 0.5998 -0.1870
vn -0.8150 0.5481 -0.1879
vn -0.7191 0.5507 -0.4237
vn 0.4089 -0.3378 -0.8478
vn 0.5616 -0.4558 -0.6906
vn 0.7446 -0.6515 -0.1454
vn 0.7851 -0.6096 0.1101
vn 0.4265 -0.3192 -0.8463
vn 0.5860 -0.4280 -0.6880
vn 0.7798 -0.6090 -0.1449
vn 0.8188 -0.5641 0.1069
vn 0.4332 -0.3008 -0.8496
vn 0.6008 -0.4027 -0.6905
vn 0.8121 -0.5647 -0.1468
vn 0.8449 -0.5246 0.1045
vn 0.4098 -0.2772 -0.8691
vn 0.5900 -0.3789 -0.7130
vn 0.8374 -0.5264 -0.1473
vn 0.8584 -0.5029 0.1009
vn -0.2778 0.1567 -0.9478
vn -0.2954 0.1718 -0.9398
vn -0.4780 0.2658 -0.8372
vn -0.5021 0.2640 -0.8235
vn -0.8164 0.4093 -0.4075
vn -0.8544 0.4843 -0.1886
vn -0.8840 0.4297 -0.1842
vn -0.7886 0.4517 -0.4173
vn 0.3777 0.0627 -0.9238
vn 0.5659 0.0590 -0.8224
vn 0.7304 0.0806 -0.6782
vn 0.9479 0.0830 -0.3076
vn 0.1185 -0.1117 -0.9866
vn 0.5461 -0.3499 -0.7611
vn 0.8486 -0.5060 -0.1542
vn 0.8637 -0.4943 0.0986
vn 0.5468 -0.3494 -0.7609
vn 0.8515 -0.4981 -0.1637
vn -0.3298 0.1918 -0.9244
vn -0.7065 0.3426 -0.6192
vn -0.8984 0.4037 -0.1727
vn -0.1433 0.2834 -0.9482
vn -0.2990 0.4460 -0.8436
vn -0.4559 0.7861 -0.4175
vn -0.5641 0.8048 -0.1844
vn -0.1213 0.3068 -0.9440
vn -0.2556 0.4780 -0.8403
vn -0.3972 0.8213 -0.4096
vn -0.4947 0.8497 -0.1823
vn 0.2795 -0.4584 -0.8437
vn 0.2975 -0.4403 -0.8471
vn 0.3755 -0.6250 -0.6844
vn 0.5311 -0.8353 -0.1421
vn 0.4855 -0.8668 0.1138
vn 0.4845 -0.8640 -0.1370
vn 0.4004 -0.6037 -0.6894
vn 0.5305 -0.8400 0.1136
vn 0.0584 -0.4549 -0.8887
vn 0.0332 -0.7663 -0.6416
vn 0.0027 -0.9581 -0.2866
vn 0.1775 -0.5143 -0.8390
vn 0.2350 -0.8625 -0.4481
vn 0.2149 -0.9751 0.0547
vn -0.1106 0.3237 -0.9397
vn -0.2186 0.5123 -0.8305
vn -0.3660 0.8405 -0.3995
vn -0.4291 0.8858 -0.1766
vn -0.3970 0.9023 -0.1680
vn -0.2037 0.5319 -0.8219
vn -0.3579 0.8422 -0.4032
vn 0.2687 -0.4728 -0.8392
vn 0.4528 -0.8835 -0.1200
vn 0.3586 -0.6448 -0.6751
vn 0.4523 -0.8836 0.1214
vn 0.4351 -0.4763 0.7641
vn 0.4665 -0.4472 0.7631
vn 0.2889 -0.3163 0.9036
vn 0.3114 -0.2952 0.9033
vn 0.1249 -0.1365 0.9827
vn 0.1373 -0.1248 0.9826
vn 0.4947 -0.4188 0.7615
vn 0.3323 -0.2746 0.9023
vn 0.1490 -0.1135 0.9823
vn -0.5241 0.6431 0.5583
vn -0.5600 0.6128 0.5576
vn -0.4071 0.4957 0.7672
vn -0.4327 0.4735 0.7671
vn -0.2600 0.3122 0.9137
vn -0.2738 0.2996 0.9139
vn -0.4850 0.6739 0.5574
vn -0.3788 0.5182 0.7668
vn -0.2446 0.3242 0.9138
vn 0.4022 -0.5047 0.7639
vn 0.3690 -0.5316 0.7623
vn 0.2652 -0.3370 0.9034
vn 0.2411 -0.3567 0.9026
vn 0.1116 -0.1482 0.9826
vn 0.0981 -0.1595 0.9823
vn -0.6223 0.5510 0.5560
vn -0.5928 0.5813 0.5574
vn -0.4786 0.4298 0.7657
vn -0.4569 0.4510 0.7667
vn -0.2990 0.2763 0.9134
vn -0.2873 0.2876 0.9136
vn -0.6838 0.4786 0.5507
vn -0.6507 0.5191 0.5541
vn -0.5254 0.3767 0.7629
vn -0.4996 0.4070 0.7647
vn -0.3267 0.2461 0.9125
vn -0.3105 0.2635 0.9133
vn 0.5233 -0.3894 0.7580
vn 0.3536 -0.2535 0.9004
vn 0.1615 -0.1019 0.9816
vn 0.5509 -0.3577 0.7540
vn 0.3750 -0.2315 0.8977
vn 0.1735 -0.0895 0.9808
vn 0.5744 -0.3311 0.7486
vn 0.3950 -0.2136 0.8935
vn 0.1887 -0.0816 0.9786
vn 0.5947 -0.3198 0.7376
vn 0.4248 -0.2137 0.8797
vn 0.2270 -0.0935 0.9694
vn -0.7659 0.3524 0.5378
vn -0.7285 0.4173 0.5433
vn -0.5993 0.2671 0.7546
vn -0.5660 0.3264 0.7570
vn -0.3808 0.1588 0.9109
vn -0.3526 0.2066 0.9127
vn 0.8925 -0.0070 0.4510
vn 0.6879 -0.0250 0.7254
vn 0.4045 -0.0394 0.9137
vn 0.6160 -0.3229 0.7185
vn 0.4682 -0.2317 0.8527
vn 0.2956 -0.1282 0.9467
vn -0.7833 0.3182 0.5340
vn -0.6040 0.2289 0.7634
vn -0.3707 0.1206 0.9209
vn -0.4336 0.7104 0.5544
vn -0.3424 0.5455 0.7650
vn -0.2247 0.3384 0.9138
vn -0.3852 0.7435 0.5466
vn -0.3096 0.5737 0.7583
vn -0.2083 0.3561 0.9109
vn 0.3356 -0.5573 0.7595
vn 0.3046 -0.5809 0.7548
vn 0.2174 -0.3760 0.9007
vn 0.1958 -0.3957 0.8973
vn 0.0853 -0.1707 0.9816
vn 0.0732 -0.1825 0.9805
vn 0.0039 -0.8699 0.4931
vn -0.0272 -0.6234 0.7814
vn -0.0545 -0.2921 0.9548
vn 0.1294 -0.6797 0.7220
vn 0.0704 -0.4703 0.8797
vn 0.0067 -0.2327 0.9725
vn -0.3617 0.7611 0.5385
vn -0.2940 0.5908 0.7513
vn -0.2005 0.3683 0.9078
vn 0.2839 -0.5988 0.7489
vn 0.1825 -0.4124 0.8925
vn 0.0665 -0.1937 0.9788
vn -0.6080 0.7477 0.2668
vn -0.4849 0.8347 0.2610
vn -0.9653 -0.2342 0.1158
vn -0.2146 -0.9632 -0.1617
vn 0.1863 0.9679 0.1687
vn 0.1996 0.9658 0.1656
vn 0.1998 0.9658 0.1653
vn 0.1862 0.9679 0.1688
vn 0.9787 0.1561 -0.1335
vn -0.8494 0.4653 0.2490
vn 0.1996 0.9658 0.1655
vn 0.8221 -0.2914 0.4891
vn 0.8656 -0.1960 0.4608
vn 0.8989 -0.0985 0.4270
vn 0.3272 -0.8429 -0.4272
vn 0.5914 -0.0409 -0.8053
vn 0.5915 -0.0412 -0.8053
vn 0.5291 -0.7304 0.4320
vn 0.5229 -0.5109 0.6823
vn -0.0043 0.9977 0.0670
vn 0.7086 -0.6953 -0.1206
vn -0.2115 0.7868 -0.5798
vn -0.5329 -0.2194 -0.8172
vn 0.8690 0.2956 -0.3968
vn 0.3989 -0.8975 -0.1882
vn -0.7970 0.3986 -0.4537
vn 0.6693 0.2727 0.6911
vn -0.4717 0.7887 -0.3942
vn -0.5917 -0.4746 0.6517
vn 0.4405 -0.0229 0.8975
vn -0.0297 -0.2877 -0.9573
vn -0.8805 0.0434 0.4721
vn 0.5683 0.5908 -0.5728
vn 0.4299 0.1716 0.8864
vn 0.8284 -0.5601 -0.0073
vn 0.7336 -0.2042 0.6482
vn -0.5046 -0.8067 0.3077
vn 0.3607 -0.8635 0.3527
vn -0.6241 0.2190 -0.7500
vn -0.8134 0.5130 0.2743
vn 0.1978 0.6034 -0.7725
vn -0.0755 -0.7898 0.6086
vn 0.6039 0.1346 0.7856
vn -0.3463 0.4719 0.8108
vn -0.0768 0.5121 -0.8555
vn -0.0003 -0.9166 -0.3998
vn -0.9861 -0.1657 0.0073
vt 0.448686 0.293482
vt 0.454072 0.294569
vt 0.451449 0.297118
vt 0.523929 0.015985
vt 0.536304 0.017580
vt 0.524099 0.018425
vt 0.457023 0.298085
vt 0.462844 0.298939
vt 0.460166 0.301459
vt 0.562555 0.040464
vt 0.574199 0.038477
vt 0.574241 0.040873
vt 0.466863 0.307618
vt 0.467517 0.312749
vt 0.464161 0.310081
vt 0.511783 0.017259
vt 0.511973 0.019701
vt 0.513048 0.043112
vt 0.499709 0.042817
vt 0.512818 0.040723
vt 0.537893 0.040857
vt 0.550255 0.038049
vt 0.550365 0.040445
vt 0.460796 0.307137
vt 0.457505 0.303962
vt 0.466178 0.302157
vt 0.463477 0.304654
vt 0.585544 0.039277
vt 0.585549 0.041677
vt 0.593867 0.017287
vt 0.582958 0.018503
vt 0.582915 0.016058
vt 0.571816 0.015237
vt 0.560442 0.017247
vt 0.560345 0.014805
vt 0.597336 0.040589
vt 0.597301 0.042988
vt 0.612860 0.042953
vt 0.612793 0.045342
vt 0.616313 0.021052
vt 0.604916 0.021406
vt 0.604933 0.018950
vt 0.470237 0.310307
vt 0.470893 0.315165
vt 0.634705 0.046797
vt 0.634622 0.049184
vt 0.660102 0.051375
vt 0.659872 0.053685
vt 0.627898 0.023424
vt 0.616272 0.023515
vt 0.477200 0.315025
vt 0.477976 0.319424
vt 0.474352 0.317375
vt 0.499660 0.018921
vt 0.499867 0.021369
vt 0.487111 0.020994
vt 0.487340 0.023454
vt 0.482118 0.049087
vt 0.456097 0.052946
vt 0.481784 0.046757
vt 0.459680 0.295543
vt 0.473771 0.023563
vt 0.474048 0.026028
vt 0.460246 0.026685
vt 0.460728 0.029068
vt 0.456386 0.055239
vt 0.425786 0.059150
vt 0.448118 0.285932
vt 0.453798 0.288060
vt 0.451237 0.290779
vt 0.536450 0.020011
vt 0.524269 0.020859
vt 0.561455 0.027624
vt 0.571988 0.020437
vt 0.573039 0.028039
vt 0.562478 0.038069
vt 0.574155 0.036072
vt 0.585503 0.036545
vt 0.595604 0.030132
vt 0.597323 0.037858
vt 0.512164 0.022138
vt 0.500075 0.023814
vt 0.537749 0.038460
vt 0.525055 0.036946
vt 0.537606 0.036059
vt 0.550144 0.035646
vt 0.525236 0.039347
vt 0.512587 0.038325
vt 0.548505 0.017200
vt 0.571886 0.017679
vt 0.560537 0.019683
vt 0.571956 0.020115
vt 0.597371 0.038183
vt 0.574123 0.035749
vt 0.584248 0.028847
vt 0.593880 0.019736
vt 0.582999 0.020941
vt 0.593891 0.022178
vt 0.634788 0.044406
vt 0.608876 0.032187
vt 0.612827 0.040227
vt 0.604896 0.023856
vt 0.627847 0.025896
vt 0.616228 0.025977
vt 0.660159 0.049075
vt 0.512177 0.022460
vt 0.524658 0.028848
vt 0.512372 0.030172
vt 0.499415 0.040424
vt 0.481444 0.044424
vt 0.487570 0.025907
vt 0.474321 0.028476
vt 0.499749 0.032055
vt 0.487512 0.026244
vt 0.500076 0.024139
vt 0.455799 0.050670
vt 0.425969 0.056433
vt 0.461028 0.031425
vt 0.525418 0.041739
vt 0.440686 0.040199
vt 0.460400 0.029212
vt 0.441790 0.042005
vt 0.460595 0.029295
vt 0.525036 0.036622
vt 0.512570 0.038000
vt 0.562400 0.035667
vt 0.537583 0.035735
vt 0.444378 0.279435
vt 0.450246 0.282272
vt 0.454382 0.300611
vt 0.481502 0.044094
vt 0.465121 0.039871
vt 0.484536 0.035152
vt 0.492938 0.323621
vt 0.500085 0.324848
vt 0.492921 0.324421
vt 0.499776 0.325634
vt 0.492902 0.325221
vt 0.583035 0.021264
vt 0.548384 0.014759
vt 0.524287 0.021180
vt 0.537021 0.027978
vt 0.548625 0.019635
vt 0.440269 0.272161
vt 0.445478 0.273557
vt 0.440577 0.281010
vt 0.443248 0.285326
vt 0.461127 0.031719
vt 0.474152 0.028835
vt 0.455994 0.050329
vt 0.443368 0.043829
vt 0.481512 0.317448
vt 0.481808 0.321341
vt 0.472979 0.307855
vt 0.473629 0.312746
vt 0.585539 0.036870
vt 0.616454 0.026338
vt 0.625480 0.035193
vt 0.469585 0.305142
vt 0.476390 0.310318
vt 0.549374 0.027588
vt 0.550119 0.035323
vt 0.500001 0.045199
vt 0.589948 0.193340
vt 0.633707 0.183044
vt 0.590817 0.194208
vt 0.499410 0.040099
vt 0.486919 0.320264
vt 0.485518 0.323041
vt 0.492113 0.319370
vt 0.492804 0.323513
vt 0.634562 0.044053
vt 0.643614 0.038658
vt 0.659455 0.048634
vt 0.627699 0.028666
vt 0.440163 0.272032
vt 0.439062 0.263354
vt 0.439897 0.263176
vt 0.445985 0.289580
vt 0.439358 0.272016
vt 0.438218 0.263557
vt 0.604996 0.024191
vt 0.536158 0.015140
vt 0.562371 0.035344
vt 0.593938 0.022504
vt 0.485763 0.323981
vt 0.485527 0.323131
vt 0.480074 0.312676
vt 0.612927 0.040559
vt 0.485995 0.324833
vt 0.560566 0.020004
vt 0.548651 0.019956
vt 0.536471 0.020332
vt 0.456710 0.292004
vt 0.485069 0.315507
vt 0.676552 0.134225
vt 0.601727 0.092739
vt 0.695698 0.138552
vt 0.519680 0.103003
vt 0.552985 0.142417
vt 0.552184 0.143148
vt 0.523652 0.104804
vt 0.553788 0.141689
vt 0.584668 0.170079
vt 0.591523 0.134208
vt 0.616731 0.148219
vt 0.535285 0.281588
vt 0.489729 0.210577
vt 0.494937 0.209480
vt 0.633433 0.181582
vt 0.683050 0.175694
vt 0.556387 0.231062
vt 0.535241 0.275572
vt 0.555301 0.230654
vt 0.594946 0.116298
vt 0.648763 0.126381
vt 0.571088 0.290181
vt 0.650126 0.252673
vt 0.557384 0.304836
vt 0.495727 0.129052
vt 0.536977 0.159626
vt 0.496941 0.131336
vt 0.592979 0.234507
vt 0.630529 0.234052
vt 0.593485 0.272055
vt 0.567510 0.188905
vt 0.536229 0.160418
vt 0.701368 0.158760
vt 0.654101 0.256774
vt 0.488494 0.110445
vt 0.483910 0.211794
vt 0.481814 0.091853
vt 0.538635 0.300359
vt 0.646291 0.248725
vt 0.683194 0.175907
vt 0.686716 0.173581
vt 0.578958 0.237287
vt 0.590689 0.194338
vt 0.580043 0.237494
vt 0.582522 0.179678
vt 0.540331 0.146498
vt 0.546523 0.144707
vt 0.602618 0.087591
vt 0.715871 0.143211
vt 0.589691 0.193221
vt 0.634693 0.175538
vt 0.633453 0.181379
vt 0.571738 0.289459
vt 0.644882 0.247359
vt 0.476043 0.096570
vt 0.455374 0.146625
vt 0.443365 0.111236
vt 0.575851 0.186678
vt 0.540157 0.146691
vt 0.581154 0.185190
vt 0.631246 0.163670
vt 0.626973 0.159219
vt 0.573080 0.238835
vt 0.578756 0.237314
vt 0.635958 0.168963
vt 0.715982 0.143585
vt 0.635885 0.168707
vt 0.569838 0.188450
vt 0.568677 0.188765
vt 0.495501 0.129204
vt 0.496639 0.208947
vt 0.495258 0.209394
vt 0.500813 0.096992
vt 0.482039 0.091538
vt 0.535090 0.277993
vt 0.535134 0.280725
vt 0.557475 0.231468
vt 0.535347 0.277986
vt 0.585338 0.189045
vt 0.566619 0.240439
vt 0.581377 0.185246
vt 0.495222 0.128407
vt 0.538852 0.153044
vt 0.537799 0.158654
vt 0.583840 0.173830
vt 0.542686 0.320105
vt 0.680040 0.177794
vt 0.633977 0.184494
vt 0.583805 0.173548
vt 0.584062 0.172365
vt 0.600845 0.097694
vt 0.672726 0.134256
vt 0.600420 0.099223
vt 0.445040 0.171652
vt 0.477719 0.156987
vt 0.479394 0.217403
vt 0.519799 0.102776
vt 0.521923 0.103785
vt 0.583989 0.173588
vt 0.626215 0.157948
vt 0.626834 0.159064
vt 0.566364 0.240366
vt 0.561718 0.235774
vt 0.537728 0.158836
vt 0.568629 0.188592
vt 0.542327 0.319928
vt 0.410687 0.125901
vt 0.581309 0.185029
vt 0.584312 0.171226
vt 0.600003 0.100737
vt 0.523743 0.104605
vt 0.670180 0.134319
vt 0.581128 0.237697
vt 0.680158 0.177969
vt 0.573137 0.287267
vt 0.643502 0.246009
vt 0.496724 0.131463
vt 0.498009 0.208506
vt 0.567557 0.189072
vt 0.535025 0.275579
vt 0.687423 0.172928
vt 0.646540 0.248975
vt 0.571497 0.289321
vt 0.572914 0.287121
vt 0.574182 0.285235
vt 0.591654 0.195044
vt 0.570071 0.188290
vt 0.566397 0.189665
vt 0.531152 0.198962
vt 0.533076 0.170164
vt 0.513554 0.203603
vt 0.499786 0.150683
vt 0.552001 0.143226
vt 0.519003 0.102537
vt 0.562887 0.138132
vt 0.541128 0.106216
vt 0.584238 0.172403
vt 0.625595 0.156834
vt 0.630040 0.196486
vt 0.667572 0.196049
vt 0.592472 0.196923
vt 0.617856 0.221688
vt 0.557634 0.231597
vt 0.546851 0.223110
vt 0.527323 0.256523
vt 0.497943 0.133329
vt 0.600923 0.097365
vt 0.672722 0.134495
vt 0.675709 0.134365
vt 0.670182 0.134538
vt 0.477066 0.262927
vt 0.481773 0.265699
vt 0.478478 0.267251
vt 0.504415 0.053371
vt 0.516811 0.053521
vt 0.504867 0.055700
vt 0.483421 0.269956
vt 0.488626 0.272602
vt 0.485313 0.274133
vt 0.545630 0.075713
vt 0.558314 0.073224
vt 0.558421 0.075879
vt 0.489735 0.282041
vt 0.488779 0.287116
vt 0.486411 0.283545
vt 0.493138 0.056115
vt 0.493617 0.058325
vt 0.496280 0.079483
vt 0.484587 0.079596
vt 0.496007 0.077330
vt 0.519957 0.076744
vt 0.532511 0.073506
vt 0.532696 0.076000
vt 0.484128 0.279704
vt 0.482010 0.275658
vt 0.490764 0.276668
vt 0.487443 0.278188
vt 0.571057 0.073826
vt 0.571111 0.076546
vt 0.579658 0.048254
vt 0.567169 0.050372
vt 0.566944 0.047591
vt 0.554347 0.047572
vt 0.542027 0.050795
vt 0.541694 0.048164
vt 0.584591 0.075096
vt 0.584589 0.077871
vt 0.602769 0.077607
vt 0.602739 0.080425
vt 0.606365 0.051612
vt 0.592822 0.052490
vt 0.592727 0.049590
vt 0.492113 0.285630
vt 0.491249 0.290451
vt 0.628800 0.081554
vt 0.628789 0.084409
vt 0.659651 0.085970
vt 0.659657 0.088844
vt 0.620366 0.054513
vt 0.606359 0.054558
vt 0.497302 0.292251
vt 0.496695 0.296690
vt 0.493866 0.293616
vt 0.482565 0.059213
vt 0.483057 0.061302
vt 0.472374 0.062660
vt 0.472871 0.064637
vt 0.470432 0.085460
vt 0.450717 0.089897
vt 0.470076 0.083614
vt 0.486728 0.268412
vt 0.462261 0.066461
vt 0.462782 0.068338
vt 0.452380 0.070704
vt 0.453041 0.072423
vt 0.451003 0.091551
vt 0.430748 0.095368
vt 0.479027 0.255674
vt 0.483628 0.259505
vt 0.480344 0.261221
vt 0.517207 0.055953
vt 0.505297 0.058023
vt 0.543902 0.061921
vt 0.554956 0.053339
vt 0.556605 0.061706
vt 0.545481 0.073132
vt 0.558191 0.070560
vt 0.570942 0.070721
vt 0.582304 0.063051
vt 0.584522 0.071921
vt 0.494072 0.060530
vt 0.483527 0.063389
vt 0.519742 0.074349
vt 0.507257 0.073361
vt 0.519506 0.071948
vt 0.532309 0.071005
vt 0.507522 0.075649
vt 0.495709 0.075169
vt 0.529312 0.051877
vt 0.554630 0.050283
vt 0.542342 0.053418
vt 0.554897 0.052984
vt 0.584584 0.072312
vt 0.558145 0.070202
vt 0.569231 0.062047
vt 0.579820 0.051097
vt 0.567379 0.053141
vt 0.579967 0.053927
vt 0.628807 0.078703
vt 0.597831 0.065053
vt 0.602670 0.074409
vt 0.592903 0.055377
vt 0.620089 0.057439
vt 0.606340 0.057477
vt 0.659645 0.083095
vt 0.494116 0.060822
vt 0.506392 0.065647
vt 0.495012 0.067817
vt 0.484242 0.077577
vt 0.469700 0.081764
vt 0.473348 0.066613
vt 0.463287 0.070206
vt 0.484008 0.070473
vt 0.473339 0.066916
vt 0.483559 0.063673
vt 0.450409 0.088248
vt 0.430868 0.094517
vt 0.453677 0.074101
vt 0.507765 0.077931
vt 0.439377 0.083057
vt 0.440427 0.084137
vt 0.441461 0.085227
vt 0.507227 0.073059
vt 0.495679 0.074879
vt 0.545314 0.070545
vt 0.519470 0.071623
vt 0.477712 0.248428
vt 0.482188 0.252951
vt 0.480123 0.271494
vt 0.469734 0.081477
vt 0.457022 0.079523
vt 0.471659 0.074286
vt 0.642181 0.066621
vt 0.661766 0.080868
vt 0.640960 0.068990
vt 0.659719 0.082891
vt 0.639734 0.071353
vt 0.567441 0.053503
vt 0.528936 0.049336
vt 0.505346 0.058327
vt 0.518457 0.063894
vt 0.529668 0.054411
vt 0.476284 0.240354
vt 0.480549 0.243302
vt 0.473908 0.248697
vt 0.474810 0.253530
vt 0.453739 0.074184
vt 0.463236 0.070560
vt 0.450643 0.087897
vt 0.442023 0.085135
vt 0.500694 0.295889
vt 0.499779 0.299741
vt 0.495468 0.284138
vt 0.494594 0.288987
vt 0.570990 0.071096
vt 0.606567 0.057981
vt 0.617424 0.068153
vt 0.493076 0.280529
vt 0.497961 0.287519
vt 0.531075 0.062649
vt 0.532268 0.070670
vt 0.484908 0.081604
vt 0.459050 0.279989
vt 0.464411 0.281227
vt 0.461703 0.283704
vt 0.484215 0.077281
vt 0.505100 0.300266
vt 0.502891 0.302660
vt 0.510371 0.300743
vt 0.509885 0.304948
vt 0.628516 0.078303
vt 0.639057 0.071461
vt 0.658706 0.082645
vt 0.619783 0.060432
vt 0.430505 0.094978
vt 0.429471 0.094758
vt 0.475855 0.258387
vt 0.431299 0.095121
vt 0.593027 0.055797
vt 0.516395 0.051080
vt 0.545270 0.070200
vt 0.580043 0.054302
vt 0.500760 0.290884
vt 0.602794 0.074789
vt 0.619809 0.060294
vt 0.542400 0.053765
vt 0.529724 0.054744
vt 0.517260 0.056271
vt 0.485077 0.264142
vt 0.504701 0.295087
vt 0.573171 0.364001
vt 0.561093 0.362348
vt 0.573019 0.361617
vt 0.467258 0.284848
vt 0.473074 0.285908
vt 0.470291 0.288341
vt 0.535798 0.339721
vt 0.524382 0.341415
vt 0.524395 0.339066
vt 0.476757 0.294774
vt 0.477202 0.299931
vt 0.473955 0.297127
vt 0.585044 0.362800
vt 0.584862 0.360416
vt 0.583887 0.337663
vt 0.596836 0.338018
vt 0.584097 0.339985
vt 0.559764 0.339675
vt 0.547728 0.342258
vt 0.547654 0.339928
vt 0.470707 0.294051
vt 0.467535 0.290752
vt 0.476297 0.289272
vt 0.473489 0.291669
vt 0.513255 0.340357
vt 0.513323 0.338000
vt 0.504767 0.362039
vt 0.515498 0.360870
vt 0.515521 0.363266
vt 0.526367 0.364195
vt 0.537510 0.362386
vt 0.537572 0.364775
vt 0.501627 0.338696
vt 0.501784 0.336339
vt 0.486101 0.335877
vt 0.486345 0.333569
vt 0.481919 0.359176
vt 0.493644 0.358220
vt 0.493672 0.360651
vt 0.480020 0.297603
vt 0.480479 0.302488
vt 0.464285 0.331672
vt 0.464531 0.329411
vt 0.438971 0.327507
vt 0.439009 0.325076
vt 0.469994 0.357423
vt 0.481915 0.356730
vt 0.486813 0.302610
vt 0.487415 0.307202
vt 0.483853 0.304866
vt 0.596865 0.361154
vt 0.596653 0.358769
vt 0.608999 0.359001
vt 0.608756 0.356615
vt 0.613972 0.331879
vt 0.639655 0.327567
vt 0.614296 0.334176
vt 0.470012 0.282382
vt 0.621753 0.356285
vt 0.621485 0.353898
vt 0.634851 0.353212
vt 0.634569 0.350824
vt 0.639312 0.325283
vt 0.669598 0.319581
vt 0.458709 0.272446
vt 0.464328 0.274678
vt 0.461681 0.277349
vt 0.560973 0.359973
vt 0.572866 0.359240
vt 0.536663 0.352245
vt 0.526264 0.359107
vt 0.525338 0.351655
vt 0.535829 0.342054
vt 0.524374 0.343774
vt 0.513216 0.343050
vt 0.503107 0.349231
vt 0.501503 0.341394
vt 0.584679 0.358039
vt 0.596440 0.356391
vt 0.559880 0.342003
vt 0.572192 0.343576
vt 0.559996 0.344337
vt 0.547803 0.344596
vt 0.572032 0.341242
vt 0.584307 0.342316
vt 0.549172 0.362588
vt 0.526329 0.361805
vt 0.537450 0.360004
vt 0.526291 0.359421
vt 0.501468 0.341072
vt 0.524399 0.344092
vt 0.514338 0.350678
vt 0.504746 0.359629
vt 0.515478 0.358477
vt 0.504728 0.357217
vt 0.464028 0.333919
vt 0.489761 0.347005
vt 0.485932 0.338517
vt 0.493621 0.355787
vt 0.470155 0.355052
vt 0.481910 0.354295
vt 0.439331 0.330111
vt 0.584666 0.357725
vt 0.572532 0.351454
vt 0.584493 0.350226
vt 0.597108 0.340346
vt 0.614622 0.336480
vt 0.608512 0.354234
vt 0.621217 0.351515
vt 0.596767 0.348418
vt 0.608569 0.353906
vt 0.596439 0.356075
vt 0.639998 0.329856
vt 0.669842 0.321861
vt 0.634284 0.348435
vt 0.571872 0.338918
vt 0.451066 0.258912
vt 0.450819 0.267268
vt 0.450283 0.258934
vt 0.449973 0.267072
vt 0.449499 0.258958
vt 0.572208 0.343890
vt 0.584321 0.342631
vt 0.535864 0.344396
vt 0.560015 0.344651
vt 0.455223 0.266028
vt 0.460895 0.268852
vt 0.464528 0.287291
vt 0.614564 0.336808
vt 0.630585 0.340627
vt 0.611539 0.345376
vt 0.452323 0.345371
vt 0.437227 0.331705
vt 0.453218 0.343516
vt 0.439271 0.330257
vt 0.454106 0.341666
vt 0.515446 0.358162
vt 0.549261 0.364975
vt 0.572851 0.358927
vt 0.560489 0.352202
vt 0.549083 0.360208
vt 0.451172 0.259041
vt 0.456259 0.260329
vt 0.451750 0.267468
vt 0.454001 0.271708
vt 0.634176 0.348147
vt 0.621396 0.351159
vt 0.639806 0.330216
vt 0.651768 0.335272
vt 0.491159 0.305236
vt 0.491210 0.309603
vt 0.482860 0.295266
vt 0.483313 0.300181
vt 0.513189 0.342728
vt 0.481730 0.353950
vt 0.473000 0.343864
vt 0.479582 0.292413
vt 0.486166 0.297865
vt 0.548449 0.352447
vt 0.547824 0.344911
vt 0.596566 0.335702
vt 0.597111 0.340663
vt 0.496828 0.308336
vt 0.494998 0.311958
vt 0.502426 0.307095
vt 0.503114 0.311723
vt 0.464221 0.334240
vt 0.454513 0.341625
vt 0.439896 0.330453
vt 0.470212 0.352379
vt 0.449790 0.250598
vt 0.450665 0.250442
vt 0.456495 0.276020
vt 0.448997 0.250860
vt 0.493528 0.355457
vt 0.561213 0.364734
vt 0.535887 0.344712
vt 0.504684 0.356898
vt 0.469824 0.354916
vt 0.469663 0.357262
vt 0.489778 0.300352
vt 0.485848 0.338194
vt 0.469983 0.352597
vt 0.537426 0.359691
vt 0.549062 0.359895
vt 0.560955 0.359661
vt 0.467140 0.278725
vt 0.494892 0.303274
vt 0.500343 0.324033
vt 0.500335 0.324007
vt 0.500363 0.324037
vt 0.500300 0.324004
vt 0.500303 0.323979
vt 0.500358 0.324006
vt 0.500326 0.323983
vt 0.500202 0.323916
vt 0.500195 0.323942
vt 0.500152 0.323913
vt 0.500263 0.323927
vt 0.500258 0.323949
vt 0.500249 0.323973
vt 0.500310 0.323961
vt 0.659827 0.053736
vt 0.659731 0.053727
vt 0.659926 0.053682
vt 0.659888 0.053742
vt 0.659717 0.053776
vt 0.659570 0.053757
vt 0.500348 0.323985
vt 0.459928 0.026762
vt 0.459995 0.026805
vt 0.459922 0.026843
vt 0.440531 0.280973
vt 0.440510 0.280982
vt 0.440509 0.280953
vt 0.460002 0.026726
vt 0.460083 0.026762
vt 0.460018 0.026660
vt 0.460071 0.026695
vt 0.440545 0.281013
vt 0.440552 0.280993
vt 0.440562 0.281030
vt 0.440538 0.281029
vt 0.440529 0.280996
vt 0.440528 0.281013
vt 0.460171 0.026720
vt 0.460205 0.026629
vt 0.460136 0.026663
vt 0.460156 0.026591
vt 0.460063 0.026656
vt 0.460102 0.026622
vt 0.439925 0.263186
vt 0.439926 0.263221
vt 0.439897 0.263144
vt 0.439927 0.263163
vt 0.439953 0.263220
vt 0.439957 0.263275
vt 0.439949 0.263196
vt 0.426079 0.061536
vt 0.426128 0.061587
vt 0.426024 0.061536
vt 0.426221 0.061574
vt 0.426239 0.061622
vt 0.426066 0.061594
vt 0.425995 0.061538
vt 0.439947 0.263174
vt 0.439987 0.263330
vt 0.440013 0.263323
vt 0.440015 0.263374
vt 0.439982 0.263266
vt 0.440003 0.263261
vt 0.439970 0.263213
vt 0.499747 0.325657
vt 0.499712 0.325653
vt 0.499805 0.325642
vt 0.499768 0.325660
vt 0.499695 0.325672
vt 0.499637 0.325671
vt 0.499723 0.325672
vt 0.660098 0.048981
vt 0.660214 0.049072
vt 0.659998 0.048969
vt 0.659972 0.048889
vt 0.660161 0.048983
vt 0.660052 0.048912
vt 0.659648 0.048677
vt 0.659613 0.048736
vt 0.499633 0.325690
vt 0.499558 0.325688
vt 0.659821 0.048793
vt 0.659805 0.048852
vt 0.499697 0.325688
vt 0.425914 0.056279
vt 0.426035 0.056271
vt 0.425874 0.056349
vt 0.426107 0.056204
vt 0.426174 0.056217
vt 0.425996 0.056320
vt 0.426116 0.056264
vt 0.426491 0.056111
vt 0.426465 0.056070
vt 0.426623 0.056034
vt 0.407536 0.225281
vt 0.407524 0.225221
vt 0.407731 0.225192
vt 0.426326 0.056168
vt 0.426292 0.056134
vt 0.426193 0.056253
vt 0.426061 0.056330
vt 0.426167 0.056328
vt 0.425864 0.056390
vt 0.426346 0.056221
vt 0.589907 0.193364
vt 0.589877 0.193316
vt 0.589869 0.193395
vt 0.589849 0.193333
vt 0.589795 0.193288
vt 0.589827 0.193354
vt 0.589797 0.193309
vt 0.589790 0.193405
vt 0.589839 0.193434
vt 0.589816 0.193476
vt 0.589761 0.193325
vt 0.589807 0.193376
vt 0.589758 0.193287
vt 0.589734 0.193255
vt 0.589727 0.193263
vt 0.495630 0.129028
vt 0.495538 0.128858
vt 0.495505 0.128856
vt 0.495401 0.128722
vt 0.495370 0.128665
vt 0.495450 0.128872
vt 0.495523 0.129095
vt 0.495344 0.128641
vt 0.495434 0.128882
vt 0.686589 0.173355
vt 0.686856 0.173289
vt 0.686671 0.173387
vt 0.687307 0.173013
vt 0.687250 0.173021
vt 0.686733 0.173488
vt 0.686933 0.173323
vt 0.686881 0.173312
vt 0.686915 0.173318
vt 0.687047 0.173185
vt 0.687148 0.173129
vt 0.571530 0.289410
vt 0.571409 0.289575
vt 0.571432 0.289616
vt 0.571350 0.289770
vt 0.571305 0.289841
vt 0.571467 0.289666
vt 0.571638 0.289476
vt 0.571479 0.289681
vt 0.571282 0.289902
vt 0.571328 0.289809
vt 0.571456 0.289637
vt 0.571575 0.289457
vt 0.675744 0.134297
vt 0.675915 0.134320
vt 0.675755 0.134243
vt 0.675951 0.134239
vt 0.675939 0.134274
vt 0.676085 0.134249
vt 0.676119 0.134260
vt 0.675696 0.134126
vt 0.675980 0.134216
vt 0.675742 0.134190
vt 0.676002 0.134204
vt 0.676260 0.134237
vt 0.676159 0.134247
vt 0.676355 0.134253
vt 0.676418 0.134227
vt 0.569862 0.188283
vt 0.569813 0.188310
vt 0.569789 0.188271
vt 0.569936 0.188315
vt 0.569879 0.188311
vt 0.569888 0.188340
vt 0.569831 0.188355
vt 0.569923 0.188330
vt 0.569960 0.188346
vt 0.569981 0.188314
vt 0.570020 0.188309
vt 0.570017 0.188299
vt 0.569947 0.188298
vt 0.569839 0.188403
vt 0.569895 0.188402
vt 0.569895 0.188369
vt 0.569942 0.188337
vt 0.535341 0.280990
vt 0.535326 0.280790
vt 0.535397 0.280736
vt 0.535288 0.281182
vt 0.535302 0.281011
vt 0.535206 0.280789
vt 0.535231 0.281037
vt 0.535266 0.280806
vt 0.535248 0.281033
vt 0.535286 0.281223
vt 0.535275 0.281308
vt 0.535272 0.281015
vt 0.535282 0.281146
vt 0.583942 0.173648
vt 0.583941 0.173592
vt 0.583880 0.173699
vt 0.583910 0.173649
vt 0.583893 0.173586
vt 0.583872 0.173680
vt 0.583880 0.173644
vt 0.583846 0.173775
vt 0.583858 0.173694
vt 0.583860 0.173738
vt 0.583856 0.173778
vt 0.583890 0.173716
vt 0.583846 0.173571
vt 0.583822 0.173622
vt 0.583851 0.173637
vt 0.583841 0.173705
vt 0.519481 0.102802
vt 0.519662 0.102917
vt 0.519479 0.102835
vt 0.519319 0.102695
vt 0.519332 0.102702
vt 0.519714 0.102814
vt 0.519500 0.102728
vt 0.519674 0.102859
vt 0.519494 0.102775
vt 0.519493 0.102747
vt 0.519248 0.102649
vt 0.542557 0.320196
vt 0.542593 0.320075
vt 0.476090 0.096608
vt 0.476081 0.096604
vt 0.476093 0.096571
vt 0.542447 0.320171
vt 0.542502 0.320038
vt 0.476061 0.096558
vt 0.476062 0.096589
vt 0.542171 0.320163
vt 0.542315 0.320198
vt 0.542273 0.320375
vt 0.476077 0.096562
vt 0.476072 0.096543
vt 0.542415 0.319988
vt 0.542257 0.319979
vt 0.542352 0.320104
vt 0.542222 0.320038
vt 0.542424 0.320229
vt 0.715901 0.143162
vt 0.716001 0.143267
vt 0.715911 0.143305
vt 0.715961 0.143128
vt 0.715940 0.143396
vt 0.716075 0.143259
vt 0.716045 0.143358
vt 0.479407 0.217422
vt 0.479382 0.217412
vt 0.479412 0.217397
vt 0.479427 0.217424
vt 0.479404 0.217436
vt 0.479377 0.217415
vt 0.479422 0.217433
vt 0.715961 0.143489
vt 0.716058 0.143605
vt 0.716057 0.143459
vt 0.716114 0.143572
vt 0.716089 0.143344
vt 0.716121 0.143418
vt 0.581317 0.185242
vt 0.581370 0.185187
vt 0.581261 0.185231
vt 0.581316 0.185188
vt 0.581357 0.185133
vt 0.581280 0.185153
vt 0.581310 0.185145
vt 0.581186 0.185141
vt 0.581207 0.185214
vt 0.581222 0.185100
vt 0.581232 0.185167
vt 0.581273 0.185184
vt 0.581291 0.185107
vt 0.581262 0.185063
vt 0.581337 0.185081
vt 0.581257 0.185132
vt 0.481716 0.091834
vt 0.481867 0.091766
vt 0.481628 0.091774
vt 0.481773 0.091681
vt 0.481921 0.091688
vt 0.481727 0.091602
vt 0.481829 0.091593
vt 0.481589 0.091384
vt 0.481721 0.091496
vt 0.481519 0.091638
vt 0.481831 0.091266
vt 0.481828 0.091491
vt 0.481789 0.091554
vt 0.481899 0.091529
vt 0.482026 0.091455
vt 0.481978 0.091612
vt 0.680033 0.177874
vt 0.679968 0.177859
vt 0.680125 0.177860
vt 0.680073 0.177894
vt 0.679985 0.177919
vt 0.679908 0.177922
vt 0.680026 0.177923
vt 0.680075 0.177939
vt 0.680144 0.177898
vt 0.680056 0.178006
vt 0.680010 0.177961
vt 0.679854 0.177983
vt 0.679887 0.178041
vt 0.681105 0.178458
vt 0.679939 0.177974
vt 0.679969 0.178027
vt 0.591673 0.195085
vt 0.591616 0.195070
vt 0.591687 0.195126
vt 0.591637 0.195107
vt 0.591584 0.195099
vt 0.591654 0.195210
vt 0.591695 0.195168
vt 0.590260 0.193769
vt 0.591612 0.195201
vt 0.591653 0.195167
vt 0.591555 0.195131
vt 0.591571 0.195188
vt 0.591530 0.195169
vt 0.591593 0.195151
vt 0.574266 0.285227
vt 0.574221 0.285294
vt 0.574250 0.285159
vt 0.574313 0.285176
vt 0.574288 0.285268
vt 0.574317 0.285218
vt 0.574438 0.285073
vt 0.574377 0.285039
vt 0.574996 0.286178
vt 0.574424 0.285158
vt 0.574369 0.285128
vt 0.574314 0.285096
vt 0.574356 0.285201
vt 0.574367 0.285356
vt 0.574335 0.285269
vt 0.574404 0.285249
vt 0.574293 0.285342
vt 0.567530 0.188945
vt 0.567474 0.188931
vt 0.567544 0.188985
vt 0.567495 0.188967
vt 0.567443 0.188959
vt 0.567507 0.188995
vt 0.567470 0.188986
vt 0.567512 0.189068
vt 0.567553 0.189027
vt 0.567471 0.189060
vt 0.567511 0.189026
vt 0.567480 0.189023
vt 0.567416 0.188991
vt 0.567431 0.189046
vt 0.569145 0.188665
vt 0.567452 0.189011
vt 0.567486 0.189001
vt 0.497908 0.133402
vt 0.497874 0.133334
vt 0.497976 0.133419
vt 0.497927 0.133462
vt 0.497864 0.133404
vt 0.497890 0.133449
vt 0.497952 0.133611
vt 0.498011 0.133574
vt 0.497010 0.133239
vt 0.497890 0.133565
vt 0.497940 0.133529
vt 0.497996 0.133498
vt 0.497885 0.133489
vt 0.497758 0.133434
vt 0.497841 0.133443
vt 0.497828 0.133511
vt 0.497802 0.133376
vt 0.535175 0.275522
vt 0.535223 0.275473
vt 0.535178 0.275602
vt 0.535136 0.275546
vt 0.535162 0.275455
vt 0.535201 0.275387
vt 0.535137 0.275488
vt 0.535096 0.275522
vt 0.535094 0.275605
vt 0.535049 0.275470
vt 0.535112 0.275454
vt 0.535178 0.275306
vt 0.535109 0.275303
vt 0.534517 0.275917
vt 0.535140 0.275386
vt 0.535077 0.275383
vt 0.670147 0.134465
vt 0.670226 0.134469
vt 0.670096 0.134514
vt 0.670072 0.134460
vt 0.670163 0.134435
vt 0.670236 0.134430
vt 0.670105 0.134439
vt 0.669908 0.134434
vt 0.669911 0.134482
vt 0.670528 0.133600
vt 0.669998 0.134400
vt 0.670001 0.134449
vt 0.670005 0.134496
vt 0.670145 0.134406
vt 0.670087 0.134362
vt 0.670226 0.134391
vt 0.670069 0.134425
vt 0.584436 0.171262
vt 0.584475 0.171219
vt 0.584481 0.171263
vt 0.584394 0.171256
vt 0.584433 0.171221
vt 0.584464 0.171178
vt 0.584407 0.171196
vt 0.584428 0.171190
vt 0.584335 0.171189
vt 0.584353 0.171244
vt 0.584362 0.171156
vt 0.584373 0.171207
vt 0.584390 0.171182
vt 0.584402 0.171218
vt 0.584449 0.171139
vt 0.584392 0.171127
vt 0.584143 0.172992
vt 0.584414 0.171162
vt 0.523712 0.104747
vt 0.523733 0.104812
vt 0.523646 0.104726
vt 0.523655 0.104689
vt 0.523774 0.104769
vt 0.523817 0.104827
vt 0.523711 0.104716
vt 0.523755 0.104739
vt 0.523737 0.104699
vt 0.523677 0.104659
vt 0.523804 0.104679
vt 0.523790 0.104739
vt 0.523903 0.104848
vt 0.523925 0.104807
vt 0.523517 0.103594
vt 0.523838 0.104785
vt 0.523862 0.104745
vt 0.516899 0.307286
vt 0.516895 0.307253
vt 0.516924 0.307293
vt 0.516856 0.307244
vt 0.516863 0.307218
vt 0.516921 0.307255
vt 0.516888 0.307225
vt 0.516782 0.307137
vt 0.516769 0.307160
vt 0.516735 0.307122
vt 0.516834 0.307162
vt 0.516825 0.307180
vt 0.516811 0.307201
vt 0.516873 0.307201
vt 0.659603 0.088909
vt 0.659484 0.088901
vt 0.659725 0.088837
vt 0.659676 0.088914
vt 0.516892 0.307191
vt 0.516912 0.307229
vt 0.478671 0.231811
vt 0.478686 0.231835
vt 0.478669 0.231867
vt 0.478682 0.231792
vt 0.478698 0.231819
vt 0.478694 0.231879
vt 0.478680 0.231933
vt 0.478703 0.231856
vt 0.430642 0.096466
vt 0.430665 0.096609
vt 0.430362 0.096127
vt 0.478728 0.231869
vt 0.478713 0.231881
vt 0.478711 0.231835
vt 0.478702 0.231792
vt 0.478691 0.231997
vt 0.478718 0.232000
vt 0.478703 0.232050
vt 0.478706 0.231933
vt 0.478728 0.231936
vt 0.659573 0.082903
vt 0.659482 0.082832
vt 0.659772 0.083053
vt 0.659630 0.082964
vt 0.659393 0.082852
vt 0.659219 0.082756
vt 0.659473 0.082905
vt 0.659546 0.082980
vt 0.659730 0.083075
vt 0.659420 0.082990
vt 0.659373 0.082899
vt 0.658951 0.082684
vt 0.658915 0.082757
vt 0.659177 0.082803
vt 0.659165 0.082876
vt 0.431130 0.094932
vt 0.431226 0.094914
vt 0.431112 0.094949
vt 0.431059 0.094871
vt 0.431094 0.094830
vt 0.431056 0.094853
vt 0.431114 0.094816
vt 0.431111 0.094812
vt 0.431149 0.094795
vt 0.431055 0.094826
vt 0.431069 0.094839
vt 0.431079 0.094858
vt 0.431035 0.094837
vt 0.431007 0.094760
vt 0.430974 0.094764
vt 0.431144 0.094765
vt 0.511363 0.311545
vt 0.511351 0.311519
vt 0.511385 0.311543
vt 0.511319 0.311520
vt 0.511319 0.311494
vt 0.511370 0.311515
vt 0.511396 0.311536
vt 0.511342 0.311496
vt 0.511220 0.311440
vt 0.511215 0.311467
vt 0.511172 0.311442
vt 0.511278 0.311445
vt 0.511274 0.311468
vt 0.511267 0.311493
vt 0.511325 0.311476
vt 0.439050 0.325022
vt 0.439138 0.325032
vt 0.511364 0.311497
vt 0.439150 0.324981
vt 0.439283 0.324997
vt 0.469739 0.357299
vt 0.469677 0.357344
vt 0.469828 0.357344
vt 0.469755 0.357381
vt 0.469714 0.357421
vt 0.469822 0.357452
vt 0.469777 0.357447
vt 0.469961 0.357479
vt 0.469918 0.357387
vt 0.469921 0.357514
vt 0.469892 0.357446
vt 0.469825 0.357414
vt 0.469865 0.357487
vt 0.495000 0.311987
vt 0.494980 0.311972
vt 0.495020 0.311980
vt 0.495019 0.312001
vt 0.494984 0.311994
vt 0.494964 0.311982
vt 0.495002 0.312003
vt 0.450691 0.250455
vt 0.450692 0.250490
vt 0.450669 0.250407
vt 0.450693 0.250436
vt 0.450718 0.250490
vt 0.450722 0.250544
vt 0.450714 0.250466
vt 0.450703 0.250418
vt 0.450712 0.250443
vt 0.450683 0.250408
vt 0.450748 0.250464
vt 0.450736 0.250484
vt 0.450751 0.250598
vt 0.450776 0.250592
vt 0.450779 0.250642
vt 0.450745 0.250537
vt 0.450764 0.250533
vt 0.439377 0.330255
vt 0.439440 0.330319
vt 0.439231 0.330153
vt 0.439346 0.330210
vt 0.439496 0.330297
vt 0.439598 0.330372
vt 0.439447 0.330255
vt 0.439403 0.330198
vt 0.439264 0.330132
vt 0.439496 0.330197
vt 0.439513 0.330261
vt 0.439755 0.330422
vt 0.439783 0.330371
vt 0.439626 0.330334
vt 0.439644 0.330284
vt 0.470035 0.352544
vt 0.470058 0.352625
vt 0.470095 0.352487
vt 0.470096 0.352569
vt 0.470146 0.352657
vt 0.470164 0.352552
vt 0.470155 0.352594
vt 0.470237 0.352456
vt 0.470156 0.352430
vt 0.470206 0.352546
vt 0.470182 0.352489
vt 0.470133 0.352521
vt 0.470234 0.352687
vt 0.470290 0.352632
vt 0.470311 0.352711
vt 0.470220 0.352612
vt 0.470264 0.352544
vt 0.448975 0.250890
vt 0.448993 0.250841
vt 0.448978 0.250924
vt 0.448959 0.250942
vt 0.448972 0.250868
vt 0.448960 0.250913
vt 0.669307 0.322240
vt 0.669344 0.322294
vt 0.669160 0.322351
vt 0.669494 0.322112
vt 0.669515 0.322172
vt 0.669556 0.322208
vt 0.669662 0.322062
vt 0.669689 0.322098
vt 0.669785 0.321960
vt 0.669683 0.321980
vt 0.669922 0.321864
vt 0.669849 0.321953
vt 0.669743 0.322033
vt 0.460475 0.029173
vt 0.460562 0.029132
vt 0.460651 0.029095
vt 0.460778 0.307154
vt 0.457488 0.303979
vt 0.460763 0.307168
vt 0.457473 0.303993
vt 0.460749 0.307183
vt 0.457458 0.304007
vt 0.548382 0.014695
vt 0.536155 0.015076
vt 0.464143 0.310097
vt 0.464128 0.310112
vt 0.464114 0.310127
vt 0.560345 0.014741
vt 0.462863 0.298922
vt 0.459698 0.295526
vt 0.462878 0.298907
vt 0.525429 0.041863
vt 0.537896 0.040923
vt 0.537899 0.040981
vt 0.456728 0.291986
vt 0.459714 0.295511
vt 0.513065 0.043235
vt 0.525423 0.041805
vt 0.451431 0.297135
vt 0.454365 0.300628
vt 0.451416 0.297149
vt 0.454350 0.300642
vt 0.451401 0.297162
vt 0.511777 0.017195
vt 0.454335 0.300655
vt 0.523924 0.015921
vt 0.466196 0.302140
vt 0.469603 0.305125
vt 0.466212 0.302125
vt 0.469619 0.305110
vt 0.562551 0.040588
vt 0.550367 0.040511
vt 0.562555 0.040530
vt 0.550366 0.040569
vt 0.472998 0.307838
vt 0.476409 0.310301
vt 0.473014 0.307823
vt 0.476425 0.310286
vt 0.585536 0.041800
vt 0.574240 0.040940
vt 0.585546 0.041743
vt 0.574233 0.040998
vt 0.467499 0.312765
vt 0.467484 0.312780
vt 0.467471 0.312795
vt 0.571816 0.015172
vt 0.470875 0.315182
vt 0.470860 0.315197
vt 0.470848 0.315213
vt 0.582917 0.015994
vt 0.474333 0.317391
vt 0.474317 0.317405
vt 0.474305 0.317422
vt 0.593871 0.017222
vt 0.477952 0.319438
vt 0.477932 0.319450
vt 0.477918 0.319465
vt 0.604941 0.018886
vt 0.480094 0.312659
vt 0.485094 0.315494
vt 0.480111 0.312644
vt 0.485115 0.315482
vt 0.612756 0.045461
vt 0.597296 0.043053
vt 0.612783 0.045407
vt 0.597281 0.043110
vt 0.485518 0.323065
vt 0.492855 0.323542
vt 0.485519 0.323086
vt 0.492899 0.323570
vt 0.485521 0.323108
vt 0.492928 0.323596
vt 0.481772 0.321348
vt 0.481742 0.321355
vt 0.481721 0.321368
vt 0.627894 0.023356
vt 0.616330 0.020989
vt 0.492150 0.319364
vt 0.492181 0.319358
vt 0.634604 0.049248
vt 0.634555 0.049297
vt 0.453815 0.288041
vt 0.456744 0.291972
vt 0.500028 0.045319
vt 0.513056 0.043178
vt 0.450260 0.282248
vt 0.453831 0.288026
vt 0.482164 0.049201
vt 0.500012 0.045263
vt 0.482134 0.049150
vt 0.445972 0.289604
vt 0.448669 0.293500
vt 0.445960 0.289623
vt 0.448655 0.293514
vt 0.445946 0.289638
vt 0.487099 0.020931
vt 0.448639 0.293527
vt 0.499653 0.018857
vt 0.440242 0.272112
vt 0.440215 0.272071
vt 0.440189 0.272042
vt 0.440672 0.040127
vt 0.445484 0.273519
vt 0.450273 0.282227
vt 0.456462 0.055345
vt 0.456410 0.055299
vt 0.445491 0.273487
vt 0.426382 0.061599
vt 0.443242 0.285361
vt 0.440551 0.281048
vt 0.443237 0.285390
vt 0.440540 0.281068
vt 0.473750 0.023501
vt 0.443227 0.285412
vt 0.536454 0.020087
vt 0.548630 0.019712
vt 0.536460 0.020171
vt 0.548636 0.019795
vt 0.536466 0.020255
vt 0.548644 0.019879
vt 0.560542 0.019759
vt 0.560549 0.019843
vt 0.560558 0.019927
vt 0.525050 0.036869
vt 0.537601 0.035982
vt 0.525045 0.036785
vt 0.537595 0.035898
vt 0.525040 0.036701
vt 0.537589 0.035813
vt 0.512581 0.038248
vt 0.512576 0.038164
vt 0.512573 0.038079
vt 0.524274 0.020935
vt 0.512169 0.022215
vt 0.524279 0.021019
vt 0.512173 0.022299
vt 0.524283 0.021103
vt 0.512175 0.022383
vt 0.562396 0.035590
vt 0.550140 0.035569
vt 0.562389 0.035507
vt 0.550134 0.035486
vt 0.562380 0.035422
vt 0.550126 0.035402
vt 0.585535 0.036792
vt 0.574151 0.035996
vt 0.585527 0.036708
vt 0.574144 0.035911
vt 0.585515 0.036624
vt 0.574133 0.035827
vt 0.571960 0.020192
vt 0.571968 0.020276
vt 0.571978 0.020360
vt 0.583003 0.021017
vt 0.583012 0.021102
vt 0.583023 0.021187
vt 0.593895 0.022255
vt 0.593906 0.022341
vt 0.593921 0.022426
vt 0.604904 0.023934
vt 0.604926 0.024021
vt 0.604959 0.024110
vt 0.612921 0.040481
vt 0.597367 0.038106
vt 0.612898 0.040396
vt 0.597357 0.038021
vt 0.612865 0.040309
vt 0.597341 0.037936
vt 0.492889 0.325246
vt 0.486002 0.324860
vt 0.492852 0.325269
vt 0.486006 0.324889
vt 0.492796 0.325292
vt 0.486009 0.324918
vt 0.627735 0.028600
vt 0.643803 0.038692
vt 0.616245 0.026058
vt 0.616294 0.026150
vt 0.616368 0.026247
vt 0.627793 0.028369
vt 0.627785 0.028446
vt 0.627765 0.028525
vt 0.634772 0.044327
vt 0.634723 0.044237
vt 0.634648 0.044143
vt 0.499408 0.040347
vt 0.499406 0.040263
vt 0.499407 0.040178
vt 0.481441 0.044348
vt 0.481452 0.044263
vt 0.484103 0.222718
vt 0.465984 0.222401
vt 0.484124 0.222636
vt 0.466029 0.222327
vt 0.484146 0.222561
vt 0.500080 0.023890
vt 0.487570 0.025985
vt 0.500081 0.023975
vt 0.487559 0.026073
vt 0.500079 0.024061
vt 0.487538 0.026162
vt 0.442904 0.043831
vt 0.442963 0.043870
vt 0.443069 0.043877
vt 0.443210 0.043860
vt 0.461045 0.031498
vt 0.461069 0.031576
vt 0.461097 0.031652
vt 0.455809 0.050594
vt 0.455850 0.050507
vt 0.465944 0.222482
vt 0.439214 0.223442
vt 0.439310 0.223365
vt 0.439130 0.223525
vt 0.407892 0.225112
vt 0.474313 0.028555
vt 0.474278 0.028648
vt 0.474220 0.028744
vt 0.425723 0.059156
vt 0.425897 0.056412
vt 0.438215 0.263536
vt 0.439062 0.263332
vt 0.660186 0.051384
vt 0.659955 0.053684
vt 0.500107 0.324849
vt 0.660158 0.051385
vt 0.499796 0.325639
vt 0.635962 0.168892
vt 0.635952 0.168826
vt 0.635926 0.168765
vt 0.540180 0.146623
vt 0.540266 0.146526
vt 0.540216 0.146568
vt 0.410687 0.125925
vt 0.602687 0.087205
vt 0.481974 0.091373
vt 0.445035 0.171670
vt 0.602662 0.087331
vt 0.566420 0.240410
vt 0.566482 0.240437
vt 0.566548 0.240446
vt 0.477737 0.156993
vt 0.479430 0.217388
vt 0.477771 0.156995
vt 0.479445 0.217378
vt 0.654194 0.256871
vt 0.477756 0.156997
vt 0.542701 0.320200
vt 0.476031 0.096547
vt 0.483535 0.211873
vt 0.483786 0.211818
vt 0.410688 0.125873
vt 0.443360 0.111210
vt 0.483659 0.211844
vt 0.633428 0.181534
vt 0.686811 0.173267
vt 0.633432 0.181484
vt 0.687060 0.173163
vt 0.633441 0.181433
vt 0.687155 0.173096
vt 0.571173 0.290019
vt 0.578810 0.237299
vt 0.578860 0.237288
vt 0.578910 0.237283
vt 0.646476 0.248908
vt 0.646414 0.248846
vt 0.646354 0.248786
vt 0.571174 0.290060
vt 0.537756 0.158799
vt 0.537776 0.158756
vt 0.537789 0.158708
vt 0.495308 0.128538
vt 0.557518 0.231490
vt 0.557558 0.231520
vt 0.535287 0.281264
vt 0.557596 0.231556
vt 0.535294 0.281420
vt 0.535277 0.281446
vt 0.495022 0.209461
vt 0.495102 0.209441
vt 0.495178 0.209419
vt 0.495282 0.128532
vt 0.626933 0.159181
vt 0.626896 0.159144
vt 0.676161 0.134269
vt 0.626862 0.159105
vt 0.552055 0.143213
vt 0.552103 0.143197
vt 0.552146 0.143176
vt 0.519142 0.102618
vt 0.519272 0.102673
vt 0.519136 0.102592
vt 0.600906 0.097451
vt 0.600887 0.097533
vt 0.600867 0.097613
vt 0.633968 0.184634
vt 0.633978 0.184586
vt 0.633982 0.184539
vt 0.633170 0.187976
vt 0.581175 0.237701
vt 0.581222 0.237698
vt 0.581271 0.237688
vt 0.584473 0.236845
vt 0.643443 0.245951
vt 0.643385 0.245893
vt 0.643326 0.245835
vt 0.640448 0.243237
vt 0.534682 0.163435
vt 0.536166 0.160539
vt 0.536181 0.160494
vt 0.536202 0.160453
vt 0.555184 0.230570
vt 0.555220 0.230605
vt 0.555260 0.230633
vt 0.552650 0.228981
vt 0.498085 0.208481
vt 0.498160 0.208458
vt 0.498235 0.208435
vt 0.502034 0.207303
vt 0.625568 0.156795
vt 0.625534 0.156758
vt 0.625495 0.156724
vt 0.623754 0.154355
vt 0.553824 0.141662
vt 0.553866 0.141640
vt 0.553912 0.141624
vt 0.556683 0.140019
vt 0.599982 0.100814
vt 0.599962 0.100892
vt 0.599943 0.100969
vt 0.599080 0.104568
vt 0.590786 0.194241
vt 0.590754 0.194273
vt 0.590722 0.194305
vt 0.573072 0.287225
vt 0.573028 0.287196
vt 0.574253 0.285323
vt 0.572982 0.287165
vt 0.495567 0.129044
vt 0.496839 0.131411
vt 0.496792 0.131435
vt 0.496881 0.131381
vt 0.497835 0.133349
vt 0.535269 0.277988
vt 0.535137 0.275610
vt 0.535165 0.277991
vt 0.535216 0.277990
vt 0.584106 0.172374
vt 0.584150 0.172384
vt 0.584194 0.172393
vt 0.672737 0.134374
vt 0.672732 0.134424
vt 0.672736 0.134326
vt 0.680097 0.177830
vt 0.683151 0.175844
vt 0.683093 0.175758
vt 0.686715 0.173429
vt 0.683123 0.175801
vt 0.568665 0.188722
vt 0.568653 0.188679
vt 0.568641 0.188636
vt 0.521854 0.103935
vt 0.521894 0.103847
vt 0.521875 0.103891
vt 0.521825 0.103999
vt 0.484106 0.279715
vt 0.481988 0.275668
vt 0.484087 0.279723
vt 0.481969 0.275677
vt 0.516375 0.050962
vt 0.528927 0.049269
vt 0.516384 0.051016
vt 0.486388 0.283555
vt 0.528921 0.049153
vt 0.541685 0.048035
vt 0.528921 0.049212
vt 0.541687 0.048095
vt 0.488649 0.272591
vt 0.486750 0.268402
vt 0.488668 0.272582
vt 0.507778 0.078049
vt 0.519963 0.076810
vt 0.519967 0.076868
vt 0.485099 0.264131
vt 0.486770 0.268393
vt 0.496298 0.079594
vt 0.507771 0.077994
vt 0.478456 0.267261
vt 0.480100 0.271504
vt 0.478437 0.267270
vt 0.504390 0.053258
vt 0.493124 0.056057
vt 0.493110 0.056009
vt 0.480082 0.271513
vt 0.504402 0.053310
vt 0.490787 0.276657
vt 0.493099 0.280519
vt 0.490806 0.276648
vt 0.493119 0.280509
vt 0.490825 0.276637
vt 0.493137 0.280498
vt 0.532699 0.076069
vt 0.545632 0.075784
vt 0.532702 0.076129
vt 0.495491 0.284128
vt 0.497985 0.287508
vt 0.495510 0.284118
vt 0.498004 0.287498
vt 0.495529 0.284107
vt 0.498022 0.287486
vt 0.558422 0.075952
vt 0.571109 0.076621
vt 0.488756 0.287126
vt 0.541687 0.047976
vt 0.554343 0.047440
vt 0.554341 0.047501
vt 0.491226 0.290461
vt 0.554351 0.047378
vt 0.566947 0.047455
vt 0.566941 0.047517
vt 0.493843 0.293625
vt 0.566961 0.047392
vt 0.579670 0.048116
vt 0.579659 0.048179
vt 0.496668 0.296695
vt 0.579693 0.048054
vt 0.592760 0.049451
vt 0.592734 0.049514
vt 0.500784 0.290875
vt 0.504729 0.295082
vt 0.500804 0.290865
vt 0.504752 0.295076
vt 0.500822 0.290853
vt 0.504772 0.295065
vt 0.584584 0.077947
vt 0.602729 0.080503
vt 0.502883 0.302682
vt 0.509927 0.304987
vt 0.502880 0.302704
vt 0.509962 0.305025
vt 0.502879 0.302726
vt 0.642188 0.066531
vt 0.620371 0.054431
vt 0.509983 0.305057
vt 0.509987 0.305084
vt 0.499741 0.299737
vt 0.592803 0.049392
vt 0.606440 0.051478
vt 0.606384 0.051536
vt 0.606528 0.051428
vt 0.620355 0.054359
vt 0.510408 0.300748
vt 0.510439 0.300750
vt 0.510464 0.300746
vt 0.628769 0.084486
vt 0.483650 0.259493
vt 0.485119 0.264122
vt 0.484934 0.081705
vt 0.496288 0.079543
vt 0.482209 0.252933
vt 0.483670 0.259484
vt 0.470473 0.085550
vt 0.484919 0.081658
vt 0.475835 0.258405
vt 0.477044 0.262939
vt 0.475818 0.258419
vt 0.482532 0.059114
vt 0.472355 0.062609
vt 0.472329 0.062570
vt 0.477026 0.262947
vt 0.482549 0.059159
vt 0.476273 0.240296
vt 0.476262 0.240247
vt 0.476246 0.240211
vt 0.429488 0.094666
vt 0.473884 0.248693
vt 0.473864 0.248687
vt 0.473845 0.248677
vt 0.439357 0.083009
vt 0.480567 0.243268
vt 0.482227 0.252918
vt 0.451061 0.091625
vt 0.470447 0.085510
vt 0.451022 0.091594
vt 0.480583 0.243240
vt 0.430873 0.096538
vt 0.430759 0.096527
vt 0.474793 0.253562
vt 0.462192 0.066386
vt 0.452363 0.070656
vt 0.452360 0.070611
vt 0.474778 0.253588
vt 0.462236 0.066415
vt 0.517219 0.056028
vt 0.529680 0.054490
vt 0.517233 0.056111
vt 0.529694 0.054577
vt 0.517247 0.056194
vt 0.529710 0.054664
vt 0.542353 0.053501
vt 0.542367 0.053591
vt 0.542384 0.053682
vt 0.507249 0.073290
vt 0.519498 0.071870
vt 0.507242 0.073211
vt 0.519489 0.071786
vt 0.507234 0.073132
vt 0.519479 0.071702
vt 0.495700 0.075100
vt 0.495692 0.075025
vt 0.495685 0.074949
vt 0.505309 0.058095
vt 0.494084 0.060599
vt 0.505322 0.058174
vt 0.494095 0.060675
vt 0.505335 0.058254
vt 0.494106 0.060752
vt 0.545307 0.070462
vt 0.532301 0.070926
vt 0.545296 0.070373
vt 0.532291 0.070839
vt 0.545283 0.070283
vt 0.532279 0.070751
vt 0.570985 0.071006
vt 0.558185 0.070474
vt 0.570973 0.070909
vt 0.558173 0.070382
vt 0.570958 0.070812
vt 0.558159 0.070289
vt 0.554907 0.053068
vt 0.554922 0.053161
vt 0.554939 0.053254
vt 0.567389 0.053227
vt 0.567404 0.053322
vt 0.567423 0.053416
vt 0.579977 0.054016
vt 0.579995 0.054114
vt 0.580019 0.054212
vt 0.592914 0.055476
vt 0.592942 0.055584
vt 0.592982 0.055695
vt 0.602784 0.074700
vt 0.584578 0.072219
vt 0.602757 0.074601
vt 0.584564 0.072118
vt 0.602716 0.074502
vt 0.584544 0.072016
vt 0.639650 0.071427
vt 0.619817 0.060330
vt 0.639497 0.071463
vt 0.619814 0.060370
vt 0.639292 0.071470
vt 0.619802 0.060407
vt 0.606350 0.057593
vt 0.606398 0.057722
vt 0.606476 0.057855
vt 0.628783 0.078613
vt 0.628719 0.078510
vt 0.628625 0.078404
vt 0.484231 0.077507
vt 0.484223 0.077431
vt 0.484218 0.077353
vt 0.469696 0.081698
vt 0.469701 0.081625
vt 0.469715 0.081549
vt 0.483538 0.063455
vt 0.473357 0.066682
vt 0.483547 0.063529
vt 0.473358 0.066760
vt 0.483554 0.063604
vt 0.473351 0.066840
vt 0.441560 0.085239
vt 0.441693 0.085224
vt 0.441851 0.085186
vt 0.453686 0.074123
vt 0.453701 0.074147
vt 0.453720 0.074169
vt 0.450439 0.088172
vt 0.450491 0.088084
vt 0.450562 0.087990
vt 0.463302 0.070282
vt 0.463295 0.070372
vt 0.463271 0.070467
vt 0.430678 0.095270
vt 0.431036 0.094642
vt 0.430618 0.095175
vt 0.430036 0.095684
vt 0.429746 0.095231
vt 0.430561 0.095080
vt 0.659754 0.085975
vt 0.659760 0.088833
vt 0.516583 0.308287
vt 0.659720 0.085978
vt 0.516231 0.309313
vt 0.516557 0.308286
vt 0.470689 0.294066
vt 0.467517 0.290768
vt 0.470674 0.294080
vt 0.467502 0.290782
vt 0.470659 0.294094
vt 0.467487 0.290796
vt 0.549263 0.365037
vt 0.561216 0.364796
vt 0.473937 0.297143
vt 0.473921 0.297157
vt 0.473907 0.297171
vt 0.537572 0.364837
vt 0.473093 0.285892
vt 0.470031 0.282365
vt 0.473110 0.285877
vt 0.470047 0.282350
vt 0.473126 0.285863
vt 0.559761 0.339611
vt 0.467159 0.278708
vt 0.467175 0.278693
vt 0.470064 0.282336
vt 0.571867 0.338854
vt 0.461685 0.283720
vt 0.464510 0.287307
vt 0.461670 0.283734
vt 0.464494 0.287321
vt 0.461653 0.283746
vt 0.585050 0.362863
vt 0.464479 0.287334
vt 0.573175 0.364063
vt 0.476316 0.289256
vt 0.479601 0.292397
vt 0.476333 0.289241
vt 0.479618 0.292382
vt 0.476349 0.289226
vt 0.479633 0.292367
vt 0.547653 0.339863
vt 0.535799 0.339657
vt 0.482880 0.295250
vt 0.486185 0.297849
vt 0.482897 0.295235
vt 0.486202 0.297834
vt 0.513340 0.337879
vt 0.524397 0.339001
vt 0.513328 0.337935
vt 0.524405 0.338944
vt 0.477183 0.299947
vt 0.477168 0.299960
vt 0.477154 0.299976
vt 0.526366 0.364258
vt 0.480460 0.302504
vt 0.480444 0.302518
vt 0.480431 0.302533
vt 0.515519 0.363328
vt 0.483833 0.304881
vt 0.483817 0.304895
vt 0.483804 0.304911
vt 0.504764 0.362102
vt 0.487391 0.307214
vt 0.487372 0.307225
vt 0.487357 0.307239
vt 0.493666 0.360713
vt 0.489798 0.300336
vt 0.494918 0.303261
vt 0.489816 0.300322
vt 0.494939 0.303249
vt 0.486390 0.333455
vt 0.501793 0.336275
vt 0.486360 0.333506
vt 0.501811 0.336221
vt 0.503160 0.311747
vt 0.495045 0.311999
vt 0.503201 0.311770
vt 0.495070 0.312018
vt 0.452314 0.345444
vt 0.503230 0.311794
vt 0.503244 0.311818
vt 0.491177 0.309610
vt 0.491151 0.309615
vt 0.491131 0.309624
vt 0.494947 0.311991
vt 0.481906 0.359237
vt 0.502463 0.307087
vt 0.502495 0.307079
vt 0.464553 0.329350
vt 0.464603 0.329301
vt 0.464346 0.274660
vt 0.464362 0.274644
vt 0.467192 0.278680
vt 0.583880 0.337599
vt 0.460909 0.268828
vt 0.460922 0.268808
vt 0.464379 0.274631
vt 0.596556 0.335638
vt 0.456481 0.276043
vt 0.459032 0.280006
vt 0.456469 0.276062
vt 0.459017 0.280020
vt 0.456454 0.276077
vt 0.609011 0.359063
vt 0.459001 0.280033
vt 0.596873 0.361216
vt 0.451144 0.258992
vt 0.451117 0.258949
vt 0.451091 0.258921
vt 0.451727 0.267471
vt 0.451706 0.267472
vt 0.451686 0.267473
vt 0.451663 0.267468
vt 0.456264 0.260291
vt 0.456270 0.260260
vt 0.460937 0.268792
vt 0.639287 0.325223
vt 0.613956 0.331817
vt 0.456281 0.260237
vt 0.669150 0.317253
vt 0.453995 0.271743
vt 0.453988 0.271773
vt 0.634854 0.353277
vt 0.453978 0.271794
vt 0.621774 0.356345
vt 0.560969 0.359899
vt 0.549080 0.360134
vt 0.560964 0.359818
vt 0.549075 0.360052
vt 0.560959 0.359736
vt 0.549069 0.359970
vt 0.537446 0.359930
vt 0.537441 0.359848
vt 0.537433 0.359766
vt 0.572197 0.343650
vt 0.560000 0.344411
vt 0.572201 0.343732
vt 0.560005 0.344493
vt 0.572205 0.343814
vt 0.560010 0.344575
vt 0.584312 0.342391
vt 0.584316 0.342472
vt 0.584319 0.342555
vt 0.572862 0.359166
vt 0.584674 0.357965
vt 0.572858 0.359084
vt 0.584670 0.357883
vt 0.572854 0.359002
vt 0.584667 0.357800
vt 0.535866 0.344471
vt 0.547806 0.344671
vt 0.535872 0.344553
vt 0.547812 0.344753
vt 0.535879 0.344635
vt 0.547818 0.344835
vt 0.513190 0.342804
vt 0.524376 0.343849
vt 0.513196 0.342887
vt 0.524382 0.343932
vt 0.513205 0.342971
vt 0.524390 0.344015
vt 0.526288 0.359346
vt 0.526282 0.359264
vt 0.526273 0.359182
vt 0.515474 0.358402
vt 0.515467 0.358320
vt 0.515456 0.358237
vt 0.504724 0.357141
vt 0.504714 0.357058
vt 0.504699 0.356974
vt 0.493613 0.355710
vt 0.493592 0.355624
vt 0.493562 0.355537
vt 0.485850 0.338269
vt 0.501468 0.341148
vt 0.485867 0.338352
vt 0.501475 0.341231
vt 0.485897 0.338437
vt 0.501488 0.341316
vt 0.454157 0.341620
vt 0.454249 0.341601
vt 0.454373 0.341605
vt 0.481896 0.354217
vt 0.481856 0.354127
vt 0.481798 0.354034
vt 0.464038 0.333992
vt 0.464079 0.334074
vt 0.464144 0.334159
vt 0.597113 0.340421
vt 0.597115 0.340503
vt 0.597114 0.340586
vt 0.614624 0.336555
vt 0.614613 0.336640
vt 0.614592 0.336726
vt 0.596436 0.356316
vt 0.608512 0.354158
vt 0.596435 0.356234
vt 0.608523 0.354073
vt 0.596436 0.356151
vt 0.608543 0.353986
vt 0.449475 0.258971
vt 0.448961 0.251002
vt 0.652097 0.335201
vt 0.651943 0.335228
vt 0.634270 0.348362
vt 0.652213 0.335201
vt 0.634243 0.348286
vt 0.634211 0.348212
vt 0.639991 0.329933
vt 0.639951 0.330024
vt 0.639885 0.330122
vt 0.621226 0.351437
vt 0.621263 0.351345
vt 0.621323 0.351249
vt 0.669653 0.319570
vt 0.669897 0.321859
vt 0.669358 0.317277
vt 0.669386 0.317281
vt 0.449791 0.250576
vt 0.438952 0.325076
vt 0.438910 0.327508
vt 0.438879 0.327513
vt 0.511752 0.312471
vt 0.437182 0.331666
vt 0.435456 0.333205
vt 0.435416 0.333166
vt 0.439238 0.330195
vt 0.470078 0.355031
vt 0.469989 0.354997
vt 0.469900 0.354957
vt 0.535286 0.281334
vt 0.495339 0.128613
vt 0.519218 0.102645
vt 0.476053 0.096531
vt 0.716077 0.143044
vt 0.676269 0.134259
vt 0.438550 0.272004
vt 0.663822 0.078855
vt 0.669302 0.317278
vt 0.439895 0.263155
vt 0.407370 0.225296
vt 0.589781 0.193325
vt 0.495395 0.128709
vt 0.591650 0.195136
vt 0.591612 0.195126
vt 0.591622 0.195164
vt 0.478692 0.231785
vt 0.659784 0.082990
vt 0.450665 0.250419
vt 0.571246 0.289923
vt 0.620335 0.054289
vt 0.516206 0.309307
vt 0.535805 0.339600
vt 0.449452 0.259006
vt 0.449947 0.267066
s 1
usemtl Holocron_Corners.001
f 1258/1/1 1/2/2 203/3/3
f 1209/4/4 20/5/5 104/6/6
f 87/7/7 228/8/8 3/9/7
f 217/10/9 112/11/10 1219/12/11
f 4/13/12 1223/14/13 207/15/14
f 202/16/15 104/6/6 16/17/16
f 213/18/17 100/19/18 14/20/19
f 227/21/20 107/22/21 1214/23/22
f 3/9/7 1198/24/23 223/25/24
f 1213/26/25 4/13/12 86/27/7
f 1219/12/11 21/28/26 232/29/27
f 1229/30/28 19/31/29 238/32/30
f 1224/33/31 25/34/32 208/35/33
f 232/29/27 106/36/34 1234/37/35
f 1234/37/35 22/38/36 242/39/37
f 1244/40/38 18/41/39 248/42/40
f 88/43/41 237/44/42 1223/14/13
f 242/39/37 113/45/43 1249/46/44
f 1249/46/44 1367/47/45 254/48/46
f 270/49/47 111/50/48 1244/40/38
f 89/51/7 247/52/49 1228/53/50
f 1259/54/51 16/17/16 102/55/52
f 275/56/53 102/55/52 17/57/54
f 281/58/55 108/59/56 13/60/57
f 1/2/2 1203/61/58 87/7/7
f 1274/62/59 17/57/54 110/63/60
f 287/64/61 110/63/60 1359/65/62
f 1269/66/63 1364/67/64 108/59/56
f 6/68/65 1253/69/66 91/70/67
f 104/6/6 342/71/68 1288/72/69
f 10/73/70 1304/74/71 95/75/70
f 23/76/72 1298/77/73 112/11/10
f 351/78/74 96/79/70 1314/80/75
f 102/55/52 322/81/76 1338/82/77
f 15/83/78 1283/84/79 347/85/80
f 15/83/78 1293/86/81 107/22/21
f 101/87/82 331/88/83 1283/84/79
f 114/89/84 342/71/68 20/5/5
f 115/90/85 326/91/86 25/34/32
f 19/31/29 1303/92/87 115/90/85
f 21/28/26 1313/93/88 106/36/34
f 1299/94/89 8/95/70 351/78/74
f 103/96/90 356/97/91 19/31/29
f 18/41/39 1308/98/92 103/96/90
f 22/38/36 1328/99/93 113/45/43
f 1314/80/75 11/100/70 361/101/94
f 111/50/48 366/102/95 18/41/39
f 24/103/96 1323/104/97 111/50/48
f 113/45/43 372/105/98 1367/47/45
f 321/106/99 94/107/70 7/108/100
f 14/20/19 1333/109/101 331/88/83
f 100/19/18 398/110/102 1333/109/101
f 110/63/60 394/111/103 1353/112/104
f 98/113/105 393/114/106 1339/115/107
f 13/60/57 1348/116/108 398/110/102
f 108/59/56 410/117/109 1348/116/108
f 1359/65/62 1353/112/104 403/118/110
f 1204/119/111 14/20/19 101/87/82
f 1264/120/112 1358/121/113 105/122/114
f 1358/121/113 1360/123/115 403/118/110
f 7/108/100 1284/124/116 332/125/117
f 228/8/8 86/27/7 3/9/7
f 1214/23/22 23/76/72 217/10/9
f 107/22/21 337/126/118 23/76/72
f 94/107/70 346/127/119 1284/124/116
f 92/128/120 280/129/121 6/68/65
f 203/3/3 87/7/7 1208/130/122
f 16/17/16 1288/72/69 322/81/76
f 399/131/123 99/132/124 12/133/125
f 238/32/30 115/90/85 1224/33/31
f 1239/134/126 1368/135/127 109/136/128
f 109/136/128 371/137/129 1318/138/130
f 95/75/70 357/139/131 8/95/70
f 208/35/33 114/89/84 1199/140/132
f 227/21/20 101/87/82 15/83/78
f 1289/141/133 9/142/134 94/107/70
f 25/34/32 1278/143/135 114/89/84
f 1263/144/136 1268/145/137 92/128/120
f 286/146/138 92/128/120 1273/147/139
f 99/132/124 404/148/140 1354/149/141
f 1349/150/142 1344/151/143 99/132/124
f 5/152/7 1243/153/144 247/52/49
f 1218/154/145 2/155/7 88/43/41
f 112/11/10 352/156/146 21/28/26
f 11/100/70 1324/157/147 97/158/148
f 218/159/149 88/43/41 4/13/12
f 233/160/150 89/51/7 2/155/7
f 93/161/70 346/127/119 9/142/134
f 10/73/70 1294/162/151 93/161/70
f 1254/163/152 13/60/57 100/19/18
f 7/108/100 1339/115/107 321/106/99
f 425/164/153 135/165/154 1486/166/155
f 1334/167/156 12/133/125 98/113/105
f 90/168/157 271/169/158 1243/153/144
f 1248/170/159 1238/171/160 90/168/157
f 1329/172/161 1319/173/162 373/174/163
f 97/158/148 388/175/164 1319/173/162
f 1264/176/112 1365/177/165 303/178/166
f 276/179/167 91/70/67 1258/1/1
f 17/57/54 1338/82/77 394/111/103
f 105/180/114 408/181/168 1365/177/165
f 248/42/40 103/96/90 1229/30/28
f 1273/147/139 6/68/65 276/179/167
f 12/133/125 1354/149/141 393/114/106
f 96/79/70 367/182/169 11/100/70
f 2/155/7 1228/53/50 237/44/42
f 1199/140/132 20/5/5 222/183/170
f 336/184/171 95/75/70 1299/94/89
f 8/95/70 1309/185/172 96/79/70
f 1239/134/126 24/186/96 270/187/47
f 1233/188/173 5/152/7 89/51/7
f 106/36/34 362/189/174 22/38/36
f 109/136/128 389/190/175 24/186/96
f 1208/130/122 3/9/7 223/25/24
f 86/27/7 207/15/14 1198/24/23
f 327/191/176 93/161/70 1279/192/177
f 1279/192/177 9/142/134 341/193/178
f 91/70/67 212/194/179 1/2/2
f 243/195/180 90/168/157 5/152/7
f 361/101/94 97/158/148 1329/172/161
f 332/125/117 98/113/105 7/108/100
f 470/196/181 128/197/182 33/198/183
f 520/199/184 134/200/185 1432/201/186
f 134/200/185 735/202/187 1476/203/188
f 719/204/189 129/205/190 1472/206/191
f 496/207/192 125/208/193 1421/209/194
f 1396/210/195 1512/211/196 135/165/154
f 136/212/197 682/213/198 1462/214/199
f 1472/206/191 1482/215/200 701/216/201
f 461/217/202 122/218/203 28/219/204
f 440/220/205 133/221/206 1495/222/207
f 1447/223/208 1452/224/209 629/225/210
f 133/221/206 646/226/211 1457/227/212
f 26/228/213 1389/229/214 122/218/203
f 30/230/215 1393/231/216 577/232/217
f 31/233/218 1393/231/216 125/208/193
f 1407/234/219 1513/235/220 450/236/221
f 1402/237/222 1487/238/223 118/239/224
f 32/240/225 1376/241/226 127/242/190
f 33/198/183 1382/243/227 541/244/228
f 427/245/229 120/246/230 1397/247/231
f 460/248/232 132/249/233 1407/234/219
f 528/250/234 119/251/235 1392/252/236
f 29/253/237 1375/254/238 559/255/239
f 470/196/181 126/256/240 1426/257/241
f 461/217/202 121/258/242 1401/259/243
f 26/228/213 1370/260/244 543/261/245
f 33/198/183 1371/262/246 126/256/240
f 482/263/247 136/212/197 1516/264/248
f 441/265/249 117/266/250 1422/267/251
f 34/268/252 1382/243/227 128/197/182
f 34/268/252 1376/241/226 579/269/253
f 1422/267/251 1500/270/254 497/271/255
f 1416/272/256 1499/273/257 136/212/197
f 27/274/258 1384/275/259 558/276/260
f 28/219/204 1384/275/259 121/258/242
f 442/277/261 123/278/262 1412/279/263
f 506/280/264 126/256/240 32/240/225
f 28/219/204 1389/229/214 199/281/265
f 135/165/154 594/282/266 1442/283/267
f 507/284/268 134/200/185 1503/285/269
f 1437/286/270 1508/287/271 137/288/272
f 1380/289/273 1388/290/274 542/291/275
f 27/274/258 1370/260/244 120/246/230
f 522/292/276 137/288/272 1521/293/277
f 505/294/278 116/295/279 1427/296/280
f 29/253/237 1383/297/281 124/298/282
f 30/230/215 1375/254/238 123/278/262
f 1411/299/283 1517/300/284 133/221/206
f 31/233/218 1383/297/281 529/301/285
f 1392/252/236 1380/289/273 578/302/286
f 32/240/225 1371/262/246 560/303/287
f 1503/285/269 1476/203/188 718/304/288
f 1521/293/277 1481/305/289 736/306/290
f 137/288/272 702/307/291 1481/305/289
f 1487/238/223 1446/308/292 118/239/224
f 132/249/233 595/309/293 1513/235/220
f 1491/310/294 1451/311/295 132/249/233
f 1496/312/296 1466/313/297 117/266/250
f 1516/264/248 1462/214/199 647/314/298
f 117/266/250 683/315/299 1500/270/254
f 449/316/300 122/218/203 1406/317/301
f 459/318/302 118/239/224 1492/319/303
f 118/239/224 628/320/304 1492/319/303
f 1486/166/155 1442/283/267 612/321/305
f 442/277/261 125/208/193 30/230/215
f 481/322/306 123/278/262 29/253/237
f 648/323/307 131/324/308 1456/325/309
f 1456/325/309 1467/326/310 665/327/311
f 506/280/264 127/242/190 1431/328/312
f 521/329/313 127/242/190 34/268/252
f 1482/215/200 1477/330/314 737/331/315
f 1504/332/316 1471/333/317 116/295/279
f 427/245/229 121/258/242 27/274/258
f 449/316/300 120/246/230 26/228/213
f 1452/224/209 1441/334/318 596/335/319
f 613/336/320 130/337/321 1447/223/208
f 481/322/306 124/298/282 1417/338/322
f 496/207/192 124/298/282 31/233/218
f 1467/326/310 1461/339/323 684/340/324
f 1495/222/207 1457/227/212 664/341/325
f 521/329/313 128/197/182 1436/342/326
f 1427/296/280 1509/343/327 468/344/328
f 116/295/279 700/345/329 1509/343/327
f 1584/346/330 35/347/331 752/348/332
f 1535/349/333 54/350/334 156/351/335
f 139/352/331 777/353/336 37/354/331
f 766/355/337 164/356/338 1545/357/339
f 38/358/331 1549/359/340 756/360/341
f 751/361/342 156/351/335 50/362/343
f 762/363/344 152/364/345 48/365/346
f 776/366/347 159/367/348 1540/368/349
f 37/354/331 1524/369/350 772/370/351
f 1539/371/352 38/358/331 138/372/331
f 1545/357/339 56/373/353 781/374/354
f 1555/375/355 53/376/356 787/377/357
f 1550/378/358 60/379/359 757/380/360
f 781/374/354 158/381/361 1560/382/362
f 1560/382/362 57/383/363 791/384/364
f 1570/385/365 52/386/366 797/387/367
f 140/388/331 786/389/368 1549/359/340
f 791/384/364 165/390/369 1575/391/370
f 1575/391/370 1687/392/371 803/393/372
f 819/394/373 163/395/374 1570/385/365
f 141/396/375 796/397/376 1554/398/377
f 1585/399/378 50/362/343 154/400/379
f 824/401/380 154/400/379 51/402/381
f 830/403/382 160/404/383 47/405/384
f 35/347/331 1529/406/385 139/352/331
f 1600/407/386 51/402/381 162/408/387
f 835/409/388 162/408/387 55/410/389
f 1595/411/390 1684/412/391 160/404/383
f 40/413/331 1579/414/392 143/415/331
f 156/351/335 878/416/393 1614/417/394
f 44/418/395 1630/419/396 147/420/397
f 58/421/398 1624/422/399 164/356/338
f 887/423/400 148/424/397 1640/425/401
f 154/400/379 858/426/402 1664/427/403
f 49/428/404 1609/429/405 883/430/406
f 49/428/404 1619/431/407 159/367/348
f 153/432/408 867/433/409 1609/429/405
f 166/434/410 878/416/393 54/350/334
f 167/435/411 862/436/412 60/379/359
f 53/376/356 1629/437/413 167/435/411
f 56/373/353 1639/438/414 158/381/361
f 1625/439/415 42/440/395 887/423/400
f 155/441/416 892/442/417 53/376/356
f 52/386/366 1634/443/418 155/441/416
f 57/383/363 1654/444/419 165/390/369
f 1640/425/401 45/445/397 897/446/420
f 163/395/374 902/447/421 52/386/366
f 59/448/422 1649/449/423 163/395/374
f 165/390/369 908/450/424 1687/392/371
f 857/451/425 146/452/395 41/453/395
f 48/365/346 1659/454/426 867/433/409
f 152/364/345 934/455/427 1659/454/426
f 162/408/387 930/456/428 1679/457/429
f 150/458/395 929/459/430 1665/460/431
f 47/405/384 1674/461/432 934/455/427
f 160/404/383 946/462/433 1674/461/432
f 55/410/389 1679/457/429 939/463/434
f 1530/464/435 48/365/346 153/432/408
f 1590/465/436 55/410/389 157/466/437
f 157/466/437 939/463/434 1669/467/438
f 41/453/395 1610/468/439 868/469/440
f 777/353/336 138/372/331 37/354/331
f 1540/368/349 58/421/398 766/355/337
f 159/367/348 873/470/441 58/421/398
f 146/452/395 882/471/442 1610/468/439
f 144/472/331 829/473/443 40/413/331
f 752/348/332 139/352/331 1534/474/444
f 50/362/343 1614/417/394 858/426/402
f 935/475/445 151/476/395 46/477/395
f 787/377/357 167/435/411 1550/378/358
f 1565/478/446 1688/479/447 161/480/448
f 161/480/448 907/481/449 1644/482/450
f 147/420/397 893/483/451 42/440/395
f 757/380/360 166/434/410 1525/484/452
f 776/366/347 153/432/408 49/428/404
f 1615/485/453 43/486/395 146/452/395
f 60/379/359 1604/487/454 166/434/410
f 1589/488/455 1594/489/456 144/472/331
f 834/490/457 144/472/331 1599/491/458
f 151/476/395 940/492/459 1680/493/460
f 1675/494/461 1670/495/462 151/476/395
f 39/496/375 1569/497/463 796/397/376
f 1544/498/464 36/499/375 140/388/331
f 164/356/338 888/500/465 56/373/353
f 45/445/397 1650/501/466 149/502/467
f 767/503/468 140/388/331 38/358/331
f 782/504/469 141/396/375 36/499/375
f 145/505/395 882/471/442 43/486/395
f 44/418/395 1620/506/470 145/505/395
f 1580/507/471 47/405/384 152/364/345
f 41/453/395 1665/460/431 857/451/425
f 1750/508/472 61/509/473 962/510/474
f 1660/511/475 46/477/395 150/458/395
f 142/512/476 820/513/477 1569/497/463
f 1574/514/478 1564/515/479 142/512/476
f 1655/516/480 1645/517/481 909/518/482
f 149/502/467 924/519/483 1645/517/481
f 1590/465/436 1685/520/484 839/521/485
f 825/522/486 143/415/331 1584/346/330
f 51/402/381 1664/427/403 930/456/428
f 157/466/437 944/523/487 1685/520/484
f 797/387/367 155/441/416 1555/375/355
f 1599/491/458 40/413/331 825/522/486
f 46/477/395 1680/493/460 929/459/430
f 148/424/397 903/524/488 45/445/397
f 36/499/375 1554/398/377 786/389/368
f 1525/484/452 54/350/334 771/525/489
f 872/526/490 147/420/397 1625/439/415
f 42/440/395 1635/527/491 148/424/397
f 1565/478/446 59/448/422 819/394/373
f 1559/528/492 39/496/375 141/396/375
f 158/381/361 898/529/493 57/383/363
f 161/480/448 925/530/494 59/448/422
f 1534/474/444 37/354/331 772/370/351
f 138/372/331 756/360/341 1524/369/350
f 863/531/495 145/505/395 1605/532/496
f 1605/532/496 43/486/395 877/533/497
f 143/415/331 761/534/498 35/347/331
f 792/535/499 142/512/476 39/496/375
f 897/446/420 149/502/467 1655/516/480
f 868/469/440 150/458/395 41/453/395
f 1701/536/500 80/537/501 186/538/502
f 169/539/473 987/540/503 63/541/473
f 976/542/504 194/543/505 1711/544/506
f 64/545/473 1715/546/507 966/547/508
f 961/548/509 186/538/502 76/549/510
f 972/550/511 182/551/512 74/552/513
f 986/553/514 189/554/515 1706/555/516
f 63/541/473 1690/556/517 982/557/518
f 1705/558/519 64/545/473 168/559/473
f 1711/544/506 82/560/520 991/561/521
f 1721/562/522 79/563/523 997/564/524
f 1716/565/525 85/566/526 967/567/527
f 991/561/521 188/568/528 1726/569/529
f 1726/569/529 83/570/530 1001/571/531
f 1736/572/532 78/573/533 1007/574/534
f 170/575/473 996/576/535 1715/546/507
f 1001/571/531 195/577/536 1741/578/537
f 1741/578/537 1853/579/538 1013/580/539
f 1030/581/540 193/582/541 1736/572/532
f 171/583/542 1006/584/543 1720/585/544
f 1751/586/545 76/549/510 184/587/546
f 1047/588/547 184/587/546 77/589/548
f 1053/590/549 190/591/550 73/592/551
f 61/509/473 1695/593/552 169/539/473
f 1766/594/553 77/589/548 192/595/554
f 1058/596/555 192/595/554 81/597/556
f 1761/598/557 1850/599/558 190/591/550
f 66/600/559 1745/601/560 173/602/559
f 186/538/502 1101/603/561 1780/604/562
f 70/605/563 1796/606/564 177/607/563
f 84/608/565 1790/609/566 194/543/505
f 1110/610/567 178/611/568 1806/612/569
f 184/587/546 1081/613/570 1830/614/571
f 75/615/572 1775/616/573 1106/617/574
f 75/615/572 1785/618/575 189/554/515
f 183/619/576 1090/620/577 1775/616/573
f 196/621/578 1101/603/561 80/537/501
f 197/622/579 1085/623/580 85/566/526
f 79/563/523 1795/624/581 197/622/579
f 82/560/520 1805/625/582 188/568/528
f 1791/626/583 68/627/584 1110/610/567
f 185/628/585 1115/629/586 79/563/523
f 78/573/533 1800/630/587 185/628/585
f 83/570/530 1820/631/588 195/577/536
f 1806/612/569 71/632/589 1120/633/590
f 193/582/541 1125/634/591 78/573/533
f 1857/635/592 1815/636/593 193/582/541
f 195/577/536 1131/637/594 1853/579/538
f 1080/638/595 176/639/563 67/640/563
f 74/552/513 1825/641/596 1090/620/577
f 182/551/512 1171/642/597 1825/641/596
f 192/595/554 1167/643/598 1845/644/599
f 180/645/563 1166/646/600 1831/647/601
f 73/592/551 1840/648/602 1171/642/597
f 190/591/550 1183/649/603 1840/648/602
f 81/597/556 1845/644/599 1176/650/604
f 1696/651/605 74/552/513 183/619/576
f 1756/652/606 81/653/556 187/654/607
f 187/654/607 1176/655/604 1835/656/608
f 67/640/563 1776/657/609 1091/658/610
f 987/540/503 168/559/473 63/541/473
f 1706/555/516 84/608/565 976/542/504
f 189/554/515 1096/659/611 84/608/565
f 176/639/563 1105/660/612 1776/657/609
f 174/661/473 1052/662/613 66/600/559
f 962/510/474 169/539/473 1700/663/614
f 76/549/510 1780/604/562 1081/613/570
f 1172/664/615 181/665/563 72/666/563
f 997/564/524 197/622/579 1716/565/525
f 1731/667/616 1854/668/617 191/669/618
f 191/669/618 1130/670/619 1810/671/620
f 177/607/563 1116/672/621 68/627/584
f 967/567/527 196/621/578 1691/673/622
f 986/553/514 183/619/576 75/615/572
f 1781/674/623 69/675/563 176/639/563
f 85/566/526 1770/676/624 196/621/578
f 1755/677/625 1760/678/626 174/661/473
f 1057/679/627 174/661/473 1765/680/628
f 181/665/563 1177/681/629 1846/682/630
f 1841/683/631 1836/684/632 181/665/563
f 65/685/633 1735/686/634 1006/584/543
f 1710/687/635 62/688/636 170/575/473
f 194/543/505 1111/689/637 82/560/520
f 71/632/589 1816/690/638 179/691/639
f 977/692/640 170/575/473 64/545/473
f 992/693/641 171/583/542 62/688/636
f 175/694/642 1105/660/612 69/675/563
f 70/605/563 1786/695/643 175/694/642
f 1746/696/644 73/592/551 182/551/512
f 67/640/563 1831/647/601 1080/638/595
f 1826/697/645 72/666/563 180/645/563
f 172/698/646 1031/699/647 1735/686/634
f 1740/700/648 1730/701/649 172/698/646
f 1821/702/650 1811/703/651 1132/704/652
f 179/691/639 1148/705/653 1811/703/651
f 1756/652/606 1851/706/654 1062/707/655
f 1048/708/656 173/602/559 1750/508/472
f 77/589/548 1830/614/571 1167/643/598
f 187/654/607 1181/709/657 1851/706/654
f 1007/574/534 185/628/585 1721/562/522
f 1765/680/628 66/600/559 1048/708/656
f 72/666/563 1846/682/630 1166/646/600
f 178/611/568 1126/710/658 71/632/589
f 62/688/636 1720/585/544 996/576/535
f 1691/673/622 80/537/501 981/711/659
f 1095/712/660 177/607/563 1791/626/583
f 68/627/584 1801/713/661 178/611/568
f 1731/667/616 1858/714/662 1029/715/663
f 1725/716/664 65/685/633 171/583/542
f 188/568/528 1121/717/665 83/570/530
f 191/669/618 1147/718/666 1858/714/662
f 1700/663/614 63/541/473 982/557/518
f 168/559/473 966/547/508 1690/556/517
f 1086/719/667 175/694/642 1771/720/668
f 1771/720/668 69/675/563 1100/721/669
f 173/602/559 971/722/670 61/509/473
f 1002/723/671 172/698/646 65/685/633
f 1120/633/590 179/691/639 1821/702/650
f 1091/658/610 180/645/563 67/640/563
f 252/724/672 258/725/673 257/726/674
f 255/727/675 259/728/676 258/725/673
f 257/726/674 258/725/673 269/729/677
f 258/725/673 260/730/678 269/729/677
f 261/731/679 263/732/680 253/733/681
f 262/734/682 264/735/683 261/731/679
f 264/735/683 256/736/684 263/732/680
f 265/737/685 259/728/676 264/735/683
f 254/48/46 268/738/686 267/739/687
f 266/740/688 269/741/689 268/738/686
f 267/739/687 265/742/690 262/743/691
f 268/744/686 260/730/692 265/737/690
f 288/745/693 290/746/694 285/747/695
f 289/748/696 291/749/697 288/750/693
f 291/751/697 300/752/698 290/746/694
f 291/751/697 292/753/699 293/754/700
f 286/146/138 297/755/701 296/756/702
f 294/757/703 298/758/704 297/755/701
f 296/756/702 292/759/705 289/748/696
f 297/755/701 293/760/706 292/759/705
f 299/761/707 301/762/708 287/64/61
f 300/752/698 302/763/709 299/761/707
f 302/763/709 295/764/710 301/762/708
f 302/763/709 293/765/700 298/766/711
f 303/178/166 308/767/712 307/768/713
f 306/769/714 309/770/715 308/767/712
f 307/768/713 320/771/716 317/772/717
f 308/767/712 310/773/718 320/771/716
f 304/774/719 314/775/720 313/776/721
f 311/777/722 315/778/723 314/775/720
f 313/776/724 309/779/725 306/780/726
f 314/781/720 310/773/727 309/770/725
f 316/782/728 318/783/729 305/784/730
f 317/772/717 319/785/731 316/782/728
f 319/785/731 312/786/732 318/783/729
f 320/771/716 315/787/733 319/785/731
f 371/137/129 376/788/734 375/789/735
f 374/790/736 377/791/737 376/788/734
f 375/789/735 387/792/738 384/793/739
f 376/788/734 378/794/740 387/792/738
f 372/105/98 381/795/741 374/796/742
f 379/797/743 382/798/744 381/795/741
f 374/796/742 381/795/741 377/799/745
f 381/795/741 378/800/746 377/799/747
f 383/801/748 385/802/749 373/174/163
f 384/793/739 386/803/750 383/804/748
f 386/805/750 380/806/751 385/802/749
f 387/792/752 382/807/744 386/803/750
f 408/808/168 414/809/753 413/810/754
f 411/811/755 415/812/756 414/809/753
f 413/810/754 414/809/753 424/813/757
f 414/809/753 416/814/758 424/813/757
f 417/815/759 419/816/760 409/817/761
f 418/818/762 420/819/763 417/820/759
f 420/821/763 412/822/764 419/816/760
f 421/823/765 415/812/766 420/821/763
f 410/117/109 423/824/767 422/825/768
f 413/826/769 424/813/770 423/824/767
f 422/825/768 421/823/765 418/827/762
f 423/824/767 416/814/771 421/823/765
f 428/828/772 430/829/773 425/164/153
f 429/830/774 431/831/775 428/828/772
f 431/831/775 438/832/776 430/829/773
f 431/831/775 436/833/777 432/834/778
f 433/835/779 435/836/780 426/837/781
f 434/838/782 436/839/777 433/835/779
f 435/836/780 436/833/777 429/830/774
f 438/832/776 439/840/783 437/841/784
f 439/840/783 434/838/782 437/842/784
f 440/220/785 443/843/786 444/844/787
f 444/845/788 1863/846/789 445/847/789
f 441/265/790 444/848/790 443/849/790
f 447/850/791 1863/846/792 444/851/793
f 448/852/794 451/853/795 452/854/796
f 454/855/797 456/856/798 449/316/799
f 450/236/221 457/857/800 458/858/801
f 457/857/802 451/859/795 458/860/803
f 458/860/804 453/861/805 455/862/804
f 458/860/803 451/859/795 453/861/806
f 459/318/302 462/863/807 463/864/808
f 463/865/809 464/866/809 1864/867/809
f 460/248/232 463/868/810 466/869/811
f 463/870/812 465/871/812 1864/872/812
f 466/869/813 463/873/814 462/874/815
f 468/344/328 471/875/816 472/876/817
f 471/877/816 474/878/818 472/879/817
f 472/879/817 473/880/819 477/881/820
f 469/882/821 474/883/822 475/884/823
f 474/885/818 479/886/824 477/887/820
f 475/884/825 474/878/825 471/877/825
f 474/883/818 477/887/820 473/880/819
f 476/888/826 478/889/827 470/196/828
f 483/890/829 485/891/830 480/892/831
f 483/890/829 484/893/832 486/894/833
f 485/891/830 486/895/833 492/896/834
f 486/894/833 484/893/832 487/897/835
f 488/898/836 490/899/837 489/900/838
f 489/901/838 490/899/837 484/902/832
f 490/899/837 487/897/835 484/893/832
f 491/903/839 493/904/840 482/263/247
f 492/896/834 494/905/841 491/903/839
f 494/905/841 488/898/836 493/904/840
f 494/905/841 486/895/833 487/906/835
f 498/907/842 499/908/843 495/909/844
f 498/907/845 500/910/846 504/911/847
f 497/271/255 503/912/848 504/913/849
f 503/912/850 499/914/850 504/915/850
f 504/915/847 1865/916/851 502/917/852
f 504/918/847 500/919/846 1865/916/851
f 508/920/853 510/921/854 505/294/278
f 508/920/853 509/922/855 511/923/856
f 511/923/856 517/924/857 510/921/854
f 511/923/856 512/925/858 519/926/859
f 513/927/860 514/928/861 515/929/862
f 513/930/860 515/929/862 509/931/855
f 514/928/861 509/922/855 515/929/862
f 516/932/863 518/933/864 507/284/268
f 516/932/863 517/924/857 519/934/859
f 518/933/864 519/934/859 514/935/861
f 519/926/859 512/925/858 514/928/861
f 520/199/865 523/936/866 526/937/867
f 523/938/868 1866/939/869 1862/940/870
f 522/292/871 526/941/871 527/942/871
f 526/943/867 523/944/866 527/945/872
f 1862/940/873 525/946/874 527/945/875
f 199/281/265 198/947/876 532/948/877
f 530/949/878 531/950/879 198/951/876
f 532/948/877 540/952/880 537/953/881
f 528/250/234 200/954/882 201/955/883
f 533/956/884 535/957/885 200/958/882
f 201/955/883 198/959/876 531/950/879
f 200/954/882 540/960/880 198/959/876
f 536/961/886 538/962/887 529/301/285
f 537/953/881 539/963/888 536/961/886
f 539/963/888 534/964/889 538/962/887
f 539/963/888 540/965/880 535/957/890
f 541/966/228 546/967/891 545/968/892
f 544/969/893 546/967/891 541/966/894
f 546/967/891 554/970/895 545/968/892
f 546/967/891 547/971/896 557/972/897
f 542/291/275 551/973/898 550/974/899
f 548/975/900 552/976/901 551/973/898
f 550/974/899 547/977/902 544/978/903
f 551/973/904 557/979/905 547/977/906
f 553/980/907 555/981/908 543/261/245
f 554/970/895 556/982/909 553/980/907
f 556/982/909 549/983/910 555/981/908
f 556/982/909 557/984/911 552/985/912
f 561/986/913 563/987/914 558/276/260
f 562/988/915 564/989/916 561/986/913
f 564/989/916 573/990/917 563/987/914
f 564/989/916 566/991/918 576/992/919
f 567/993/920 569/994/921 559/255/239
f 568/995/922 570/996/923 567/993/920
f 570/996/923 562/988/915 569/994/921
f 570/996/923 566/991/918 565/997/924
f 560/303/287 575/998/925 574/999/926
f 572/1000/927 576/992/919 575/998/925
f 575/998/925 568/995/922 574/999/926
f 575/998/925 566/991/918 571/1001/928
f 580/1002/929 582/1003/930 577/232/217
f 581/1004/931 583/1005/932 580/1002/929
f 583/1005/932 590/1006/933 582/1003/930
f 583/1005/932 584/1007/934 593/1008/935
f 578/1009/286 587/1010/936 586/1011/937
f 585/1012/938 588/1013/939 587/1010/936
f 586/1011/937 584/1007/940 581/1004/941
f 587/1010/942 593/1014/943 584/1007/944
f 579/269/253 592/1015/945 591/1016/946
f 589/1017/947 593/1008/948 592/1015/945
f 591/1016/946 592/1015/945 588/1013/949
f 592/1015/945 593/1014/948 588/1013/949
f 594/282/266 599/1018/950 598/1019/951
f 597/1020/952 600/1021/953 599/1018/950
f 598/1019/951 611/1022/954 608/1023/955
f 599/1018/950 601/1024/956 611/1022/954
f 595/309/293 605/1025/957 604/1026/958
f 602/1027/959 606/1028/960 605/1025/957
f 604/1026/961 600/1021/962 597/1020/963
f 605/1025/957 601/1024/956 600/1021/962
f 607/1029/964 609/1030/965 596/1031/319
f 608/1023/955 610/1032/966 607/1029/964
f 610/1032/966 603/1033/967 609/1030/965
f 611/1022/954 606/1028/960 610/1032/966
f 615/1034/968 617/1035/969 612/321/305
f 616/1036/970 618/1037/971 615/1034/968
f 618/1037/971 625/1038/972 617/1035/969
f 620/1039/973 622/1040/974 613/1041/320
f 621/1042/975 623/1043/976 620/1039/973
f 623/1043/976 616/1036/970 622/1040/974
f 624/1044/977 626/1045/978 614/1046/979
f 625/1038/972 627/1047/980 624/1044/977
f 627/1047/980 621/1042/975 626/1045/978
f 628/320/304 634/1048/981 633/1049/982
f 631/1050/983 635/1051/984 634/1048/981
f 633/1049/982 634/1048/981 645/1052/985
f 634/1048/981 636/1053/986 645/1052/985
f 637/1054/987 639/1055/988 629/1056/210
f 638/1057/989 640/1058/990 637/1054/987
f 640/1058/990 632/1059/991 639/1055/988
f 641/1060/992 635/1051/984 640/1058/990
f 630/1061/993 644/1062/994 643/1063/995
f 642/1064/996 645/1052/997 644/1062/994
f 643/1063/995 641/1060/992 638/1057/989
f 644/1062/994 636/1053/986 641/1060/992
f 649/1065/998 651/1066/999 646/226/211
f 650/1067/1000 652/1068/1001 649/1065/998
f 652/1068/1001 660/1069/1002 651/1066/999
f 652/1068/1001 653/1070/1003 663/1071/1004
f 654/1072/1005 656/1073/1006 647/314/298
f 655/1074/1007 657/1075/1008 654/1072/1005
f 657/1075/1008 650/1067/1000 656/1073/1006
f 658/1076/1009 653/1070/1003 657/1075/1008
f 659/1077/1010 661/1078/1011 648/1079/307
f 660/1069/1002 662/1080/1012 659/1077/1010
f 662/1080/1012 655/1074/1007 661/1078/1011
f 662/1080/1012 663/1081/1004 658/1076/1009
f 664/341/325 670/1082/1013 669/1083/1014
f 667/1084/1015 671/1085/1016 670/1082/1013
f 669/1083/1014 670/1082/1013 681/1086/1017
f 670/1082/1013 672/1087/1018 681/1086/1017
f 673/1088/1019 675/1089/1020 665/1090/311
f 674/1091/1021 676/1092/1022 673/1088/1019
f 676/1092/1022 668/1093/1023 675/1089/1020
f 677/1094/1024 671/1085/1025 676/1092/1022
f 666/1095/1026 680/1096/1027 679/1097/1028
f 678/1098/1029 681/1086/1030 680/1096/1031
f 679/1097/1028 677/1094/1032 674/1091/1021
f 680/1096/1027 672/1087/1033 677/1094/1032
f 682/213/198 687/1099/1034 686/1100/1035
f 685/1101/1036 688/1102/1037 687/1099/1034
f 686/1100/1035 699/1103/1038 696/1104/1039
f 687/1099/1034 689/1105/1040 699/1103/1038
f 683/315/299 693/1106/1041 692/1107/1042
f 690/1108/1043 694/1109/1044 693/1106/1041
f 692/1107/1042 693/1106/1041 688/1102/1045
f 693/1106/1041 689/1105/1040 688/1102/1045
f 695/1110/1046 697/1111/1047 684/1112/324
f 696/1104/1039 698/1113/1048 695/1110/1046
f 698/1113/1048 691/1114/1049 697/1111/1047
f 699/1103/1038 694/1109/1044 698/1113/1048
f 700/345/329 706/1115/1050 705/1116/1051
f 703/1117/1052 707/1118/1053 706/1115/1050
f 705/1116/1054 716/1119/1055 714/1120/1056
f 706/1115/1057 708/1121/1058 716/1119/1055
f 709/1122/1059 711/1123/1060 701/1124/201
f 710/1125/1061 712/1126/1062 709/1122/1059
f 712/1126/1062 704/1127/1063 711/1123/1060
f 702/307/291 716/1128/1064 715/1129/1065
f 713/1130/1066 714/1120/1067 716/1128/1064
f 715/1129/1065 707/1131/1068 710/1125/1061
f 716/1119/1069 708/1121/1070 707/1131/1069
f 720/1132/1071 722/1133/1072 717/1134/1073
f 721/1135/1074 723/1136/1075 720/1132/1071
f 723/1136/1075 731/1137/1076 722/1133/1072
f 723/1136/1075 724/1138/1077 734/1139/1078
f 725/1140/1079 727/1141/1080 718/304/288
f 726/1142/1081 728/1143/1082 725/1140/1079
f 728/1143/1082 721/1135/1074 727/1141/1080
f 728/1143/1082 729/1144/1083 724/1145/1077
f 730/1146/1084 732/1147/1085 719/1148/189
f 731/1137/1076 733/1149/1086 730/1146/1084
f 733/1149/1086 726/1142/1081 732/1147/1085
f 734/1139/1078 729/1144/1083 733/1149/1086
f 735/202/187 741/1150/1087 740/1151/1088
f 738/1152/1089 739/1153/1090 741/1150/1087
f 740/1151/1088 750/1154/1091 747/1155/1092
f 741/1156/1093 742/1157/1094 750/1154/1095
f 736/306/290 741/1158/1096 745/1159/1097
f 743/1160/1098 750/1161/1099 741/1158/1096
f 745/1159/1097 741/1156/1096 739/1153/1100
f 746/1162/1101 748/1163/1102 737/1164/315
f 747/1155/1092 749/1165/1103 746/1162/1101
f 749/1165/1104 744/1166/1105 748/1163/1102
f 801/1167/1106 807/1168/1107 806/1169/1108
f 804/1170/1109 808/1171/1110 807/1168/1107
f 806/1169/1108 807/1168/1107 818/1172/1111
f 807/1168/1107 809/1173/1112 818/1172/1111
f 810/1174/1113 812/1175/1114 802/1176/1115
f 811/1177/1116 813/1178/1117 810/1174/1113
f 813/1178/1117 805/1179/1118 812/1175/1114
f 814/1180/1119 808/1171/1110 813/1178/1117
f 803/393/372 817/1181/1120 816/1182/1121
f 815/1183/1122 818/1184/1123 817/1181/1120
f 816/1185/1121 814/1180/1124 811/1177/1125
f 817/1186/1120 809/1173/1126 814/1180/1124
f 839/1187/485 844/1188/1127 843/1189/1128
f 842/1190/1129 845/1191/1130 844/1188/1127
f 843/1189/1128 856/1192/1131 853/1193/1132
f 844/1188/1127 846/1194/1133 856/1192/1131
f 840/1195/1134 850/1196/1135 849/1197/1136
f 847/1198/1137 851/1199/1138 850/1200/1135
f 849/1201/1136 850/1200/1135 845/1191/1139
f 850/1200/1135 846/1194/1140 845/1191/1139
f 852/1202/1141 854/1203/1142 841/1204/1143
f 853/1193/1132 855/1205/1144 852/1202/1141
f 855/1205/1144 848/1206/1145 854/1203/1142
f 856/1192/1131 851/1199/1146 855/1205/1144
f 907/481/449 912/1207/1147 911/1208/1148
f 910/1209/1149 913/1210/1150 912/1207/1147
f 911/1208/1148 923/1211/1151 920/1212/1152
f 912/1207/1147 914/1213/1153 923/1211/1151
f 908/450/424 917/1214/1154 910/1215/1155
f 915/1216/1156 918/1217/1157 917/1214/1154
f 910/1215/1155 917/1214/1154 913/1210/1158
f 917/1214/1154 914/1213/1159 913/1210/1158
f 919/1218/1160 921/1219/1161 909/518/482
f 920/1212/1152 922/1220/1162 919/1218/1160
f 922/1220/1162 916/1221/1163 921/1219/1161
f 923/1211/1164 918/1217/1157 922/1220/1162
f 944/523/487 949/1222/1165 957/1223/1166
f 947/1224/1167 950/1225/1168 949/1222/1165
f 957/1223/1166 949/1222/1165 960/1226/1169
f 949/1222/1165 951/1227/1170 960/1226/1171
f 952/1228/1172 954/1229/1173 945/1230/1174
f 953/1231/1175 955/1232/1176 952/1228/1172
f 955/1232/1176 948/1233/1177 954/1229/1173
f 956/1234/1178 950/1225/1179 955/1232/1176
f 946/462/433 959/1235/1180 958/1236/1181
f 957/1237/1182 960/1226/1183 959/1235/1180
f 958/1236/1181 956/1234/1178 953/1231/1175
f 959/1235/1180 951/1227/1184 956/1234/1178
f 1011/1238/1185 1017/1239/1186 1016/1240/1187
f 1014/1241/1188 1018/1242/1189 1017/1239/1186
f 1016/1240/1187 1028/1243/1190 1025/1244/1191
f 1017/1239/1186 1019/1245/1192 1028/1243/1190
f 1020/1246/1193 1022/1247/1194 1012/1248/1195
f 1021/1249/1196 1023/1250/1197 1020/1246/1193
f 1023/1250/1197 1015/1251/1198 1022/1247/1194
f 1024/1252/1199 1018/1242/1189 1023/1250/1197
f 1013/580/539 1027/1253/1200 1026/1254/1201
f 1025/1244/1202 1028/1243/1203 1027/1255/1200
f 1026/1254/1201 1024/1256/1204 1021/1257/1196
f 1027/1255/1200 1019/1245/1205 1024/1252/1204
f 1032/1258/1206 1034/1259/1207 1029/715/663
f 1033/1260/1208 1035/1261/1209 1032/1258/1206
f 1035/1261/1209 1043/1262/1210 1034/1259/1207
f 1035/1261/1209 1036/1263/1211 1046/1264/1212
f 1037/1265/1213 1039/1266/1214 1030/581/540
f 1038/1267/1215 1040/1268/1216 1037/1265/1213
f 1039/1266/1214 1036/1269/1211 1033/1260/1208
f 1040/1268/1216 1041/1270/1217 1036/1269/1211
f 1031/699/647 1045/1271/1218 1044/1272/1219
f 1042/1273/1220 1046/1274/1221 1045/1271/1218
f 1044/1272/1219 1041/1275/1222 1038/1276/1223
f 1045/1271/1224 1036/1277/1211 1041/1275/1217
f 1062/707/655 1067/1278/1225 1066/1279/1226
f 1065/1280/1227 1068/1281/1228 1067/1278/1225
f 1066/1279/1226 1079/1282/1229 1076/1283/1230
f 1067/1278/1225 1069/1284/1231 1079/1282/1229
f 1063/1285/1232 1073/1286/1233 1072/1287/1234
f 1070/1288/1235 1074/1289/1236 1073/1286/1233
f 1072/1287/1237 1068/1281/1238 1065/1280/1239
f 1073/1286/1233 1069/1284/1240 1068/1281/1238
f 1075/1290/1241 1077/1291/1242 1064/1292/1243
f 1076/1283/1230 1078/1293/1244 1075/1290/1241
f 1078/1293/1244 1071/1294/1245 1077/1291/1242
f 1079/1282/1229 1074/1289/1246 1078/1293/1244
f 1130/670/619 1134/1295/1247 1133/1296/1248
f 1139/1297/1249 1135/1298/1250 1134/1295/1247
f 1133/1296/1248 1146/1299/1251 1143/1300/1252
f 1134/1295/1247 1136/1301/1253 1146/1299/1251
f 1131/637/594 1140/1302/1254 1139/1303/1255
f 1137/1304/1256 1141/1305/1257 1140/1302/1254
f 1139/1303/1255 1140/1302/1254 1135/1298/1258
f 1140/1302/1254 1136/1301/1259 1135/1298/1258
f 1142/1306/1260 1144/1307/1261 1132/704/652
f 1143/1300/1252 1145/1308/1262 1142/1306/1260
f 1145/1308/1262 1138/1309/1263 1144/1307/1261
f 1146/1299/1264 1141/1305/1257 1145/1308/1262
f 1150/1310/1265 1152/1311/1266 1147/718/666
f 1151/1312/1267 1153/1313/1268 1150/1310/1265
f 1153/1313/1268 1162/1314/1269 1152/1311/1266
f 1153/1313/1268 1155/1315/1270 1165/1316/1271
f 1156/1317/1272 1158/1318/1273 1148/705/653
f 1156/1317/1272 1160/1319/1274 1159/1320/1275
f 1159/1320/1275 1151/1312/1267 1158/1318/1273
f 1159/1320/1275 1155/1315/1270 1154/1321/1276
f 1161/1322/1277 1163/1323/1278 1149/1324/1279
f 1162/1314/1269 1164/1325/1280 1161/1322/1277
f 1164/1325/1280 1157/1326/1281 1163/1323/1278
f 1165/1316/1271 1160/1319/1274 1164/1325/1280
f 1181/709/657 1187/1327/1282 1186/1328/1283
f 1184/1329/1284 1188/1330/1285 1187/1327/1282
f 1186/1328/1283 1187/1327/1282 1197/1331/1286
f 1187/1327/1282 1189/1332/1287 1197/1331/1286
f 1190/1333/1288 1192/1334/1289 1182/1335/1290
f 1191/1336/1291 1193/1337/1292 1190/1333/1288
f 1193/1337/1292 1185/1338/1293 1192/1334/1289
f 1194/1339/1294 1188/1340/1295 1193/1337/1292
f 1183/649/603 1196/1341/1296 1195/1342/1297
f 1186/1343/1298 1197/1344/1299 1196/1341/1296
f 1195/1342/1297 1194/1339/1294 1191/1336/1291
f 1196/1341/1296 1189/1345/1300 1194/1339/1294
f 1358/121/113 1361/1346/1301 1360/123/115
f 1361/1346/1301 1362/1347/1302 1360/123/115
f 1362/1347/1302 1363/1348/1303 1360/123/115
f 1363/1348/1303 1359/65/62 1360/123/115
f 223/25/24 1200/1349/1304 226/1350/1305
f 226/1350/1305 1201/1351/1306 225/1352/1307
f 225/1352/1308 1202/1353/1309 224/1354/1310
f 1202/1355/1309 222/183/170 224/1356/1310
f 1198/24/23 209/1357/1311 1200/1349/1304
f 1200/1349/1304 210/1358/1312 1201/1351/1306
f 1201/1351/1313 211/1359/1314 1202/1353/1309
f 211/1360/1314 1199/140/132 1202/1355/1309
f 1203/61/58 231/1361/1315 228/8/8
f 1205/1362/1316 230/1363/1317 231/1361/1315
f 1206/1364/1318 229/1365/1319 230/1366/1320
f 229/1365/1319 1204/119/111 227/21/20
f 212/194/179 1205/1362/1316 1203/61/58
f 214/1367/1321 1206/1368/1322 1205/1362/1316
f 215/1369/1323 1207/1370/1324 1206/1364/1318
f 1207/1370/1324 213/18/17 1204/119/111
f 1208/130/122 206/1371/1325 203/3/3
f 1210/1372/1326 205/1373/1327 206/1371/1325
f 1211/1374/1328 204/1375/1329 205/1373/1330
f 204/1376/1329 1209/4/4 202/16/15
f 223/25/24 1210/1372/1326 1208/130/122
f 226/1350/1305 1211/1374/1331 1210/1372/1326
f 225/1352/1308 1212/1377/1332 1211/1374/1328
f 1212/1378/1332 222/183/170 1209/4/4
f 218/159/149 1215/1379/1333 221/1380/1334
f 221/1380/1334 1216/1381/1335 220/1382/1336
f 220/1383/1337 1217/1384/1338 219/1385/1339
f 1217/1384/1338 217/10/9 219/1385/1339
f 1213/26/25 231/1361/1315 1215/1379/1333
f 1215/1379/1333 230/1363/1317 1216/1381/1335
f 1216/1386/1340 229/1365/1319 1217/1384/1338
f 229/1365/1319 1214/23/22 1217/1384/1338
f 233/160/150 1220/1387/1341 236/1388/1342
f 236/1388/1342 1221/1389/1343 235/1390/1344
f 235/1391/1345 1222/1392/1346 234/1393/1347
f 1222/1392/1346 232/29/27 234/1393/1347
f 1218/154/145 221/1380/1334 1220/1387/1341
f 1220/1387/1341 220/1382/1336 1221/1389/1343
f 1221/1394/1348 219/1385/1339 1222/1392/1346
f 219/1385/1339 1219/12/11 1222/1392/1346
f 207/15/14 1225/1395/1349 209/1357/1311
f 209/1357/1311 1226/1396/1350 210/1358/1312
f 210/1358/1351 1227/1397/1352 211/1359/1314
f 1227/1398/1352 208/35/33 211/1360/1314
f 1223/14/13 239/1399/1353 1225/1395/1349
f 1225/1395/1349 240/1400/1354 1226/1396/1350
f 1226/1396/1355 241/1401/1356 1227/1397/1352
f 241/1402/1356 1224/33/31 1227/1398/1352
f 237/44/42 1230/1403/1357 239/1399/1353
f 239/1399/1353 1231/1404/1358 240/1400/1354
f 240/1400/1359 1232/1405/1360 241/1401/1356
f 1232/1406/1360 238/32/30 241/1402/1356
f 1228/53/50 249/1407/1361 1230/1403/1357
f 1230/1403/1357 250/1408/1362 1231/1404/1358
f 1231/1404/1363 251/1409/1364 1232/1405/1360
f 251/1410/1364 1229/30/28 1232/1406/1360
f 243/195/180 1235/1411/1365 246/1412/1366
f 246/1412/1366 1236/1413/1367 245/1414/1368
f 245/1415/1369 1237/1416/1370 244/1417/1371
f 1237/1416/1370 242/39/37 244/1417/1371
f 1233/188/173 236/1388/1342 1235/1411/1365
f 1235/1411/1365 235/1390/1344 1236/1413/1367
f 1236/1418/1372 234/1393/1347 1237/1416/1370
f 234/1393/1347 1234/37/35 1237/1416/1370
f 1238/171/160 274/1419/1373 271/169/158
f 1240/1420/1374 273/1421/1375 274/1419/1373
f 1241/1422/1376 272/1423/1377 273/1421/1375
f 1242/1424/1378 270/187/47 272/1423/1377
f 253/733/681 1240/1420/1374 1238/171/160
f 263/732/680 1241/1422/1376 1240/1420/1374
f 256/736/684 1242/1424/1378 1241/1422/1376
f 255/727/675 1239/134/126 1242/1424/1378
f 247/52/49 1245/1425/1379 249/1407/1361
f 249/1407/1361 1246/1426/1380 250/1408/1362
f 250/1408/1381 1247/1427/1382 251/1409/1364
f 251/1410/1364 1244/40/38 248/42/40
f 1243/153/144 274/1419/1373 1245/1425/1379
f 1245/1425/1383 273/1421/1375 1246/1426/1380
f 1246/1426/1384 272/1423/1377 1247/1427/1382
f 272/1428/1377 1244/40/38 1247/1429/1382
f 253/733/681 1250/1430/1385 261/731/679
f 261/731/679 1251/1431/1386 262/734/682
f 262/743/691 1252/1432/1387 267/739/687
f 267/739/687 1249/46/44 254/48/46
f 1248/170/159 246/1412/1366 1250/1430/1385
f 1250/1430/1385 245/1414/1368 1251/1431/1386
f 1251/1433/1388 244/1417/1371 1252/1432/1387
f 1252/1432/1387 242/39/37 1249/46/44
f 1253/69/66 214/1367/1321 212/194/179
f 1255/1434/1389 215/1435/1390 214/1367/1321
f 1256/1436/1391 216/1437/1392 215/1369/1323
f 216/1437/1392 1254/163/152 213/18/17
f 280/129/121 1255/1434/1389 1253/69/66
f 282/1438/1393 1256/1439/1394 1255/1434/1389
f 283/1440/1395 1257/1441/1396 1256/1436/1391
f 284/1442/1397 1254/163/152 1257/1441/1396
f 1258/1/1 279/1443/1398 276/179/167
f 1260/1444/1399 278/1445/1400 279/1443/1398
f 1261/1446/1401 277/1447/1402 278/1445/1403
f 277/1448/1402 1259/54/51 275/56/53
f 203/3/3 1260/1444/1399 1258/1/1
f 206/1371/1325 1261/1446/1404 1260/1444/1399
f 205/1373/1330 1262/1449/1405 1261/1446/1401
f 1262/1450/1405 202/16/15 1259/54/51
f 305/784/730 1265/1451/1406 316/782/728
f 316/782/728 1266/1452/1407 317/772/717
f 317/772/717 1267/1453/1408 307/768/713
f 307/768/713 1264/176/112 303/178/166
f 1263/144/136 296/756/702 1265/1451/1406
f 1265/1451/1406 289/748/696 1266/1452/1407
f 1266/1452/1407 288/750/693 1267/1453/1408
f 1267/1454/1408 285/747/695 1264/120/112
f 1268/145/137 282/1438/1393 280/129/121
f 1270/1455/1409 283/1456/1410 282/1438/1393
f 1271/1457/1411 284/1442/1397 283/1440/1395
f 1272/1458/1412 281/58/55 284/1442/1397
f 305/784/730 1270/1455/1409 1268/145/137
f 318/783/729 1271/1459/1413 1270/1455/1409
f 312/1460/1414 1272/1458/1412 1271/1457/1411
f 311/777/722 1269/66/63 1272/1458/1412
f 1273/147/139 294/757/703 286/146/138
f 1275/1461/1415 295/1462/1416 294/757/703
f 1276/1463/1417 301/1464/708 295/1462/710
f 1277/1465/1418 287/64/61 301/762/708
f 276/179/167 1275/1461/1415 1273/147/139
f 279/1443/1398 1276/1463/1419 1275/1461/1415
f 278/1445/1403 1277/1466/1418 1276/1463/1417
f 277/1448/1402 1274/62/59 1277/1465/1418
f 1278/143/135 345/1467/1420 342/71/68
f 1280/1468/1421 344/1469/1422 345/1467/1420
f 1281/1470/1423 343/1471/1424 344/1469/1422
f 1282/1472/1425 341/193/178 343/1471/1424
f 326/91/86 1280/1468/1421 1278/143/135
f 328/1473/1426 1281/1470/1423 1280/1468/1421
f 329/1474/1427 1282/1472/1425 1281/1470/1423
f 330/1475/1428 1279/192/177 1282/1472/1425
f 347/85/80 1285/1476/1429 350/1477/1430
f 350/1477/1430 1286/1478/1431 349/1479/1432
f 349/1479/1432 1287/1480/1433 348/1481/1434
f 348/1481/1434 1284/124/116 346/127/119
f 1283/84/79 333/1482/1435 1285/1476/1429
f 1285/1476/1429 334/1483/1436 1286/1478/1431
f 1286/1478/1431 335/1484/1437 1287/1480/1433
f 1287/1480/1433 332/125/117 1284/124/116
f 322/81/76 1290/1485/1438 325/1486/1439
f 325/1486/1439 1291/1487/1440 324/1488/1441
f 324/1488/1441 1292/1489/1442 323/1490/1443
f 323/1490/1443 1289/141/133 321/106/99
f 1288/72/69 345/1467/1420 1290/1485/1438
f 1290/1485/1438 344/1469/1422 1291/1487/1440
f 1291/1487/1440 343/1471/1424 1292/1489/1442
f 1292/1489/1442 341/193/178 1289/141/133
f 1293/86/81 340/1491/1444 337/126/118
f 1295/1492/1445 339/1493/1446 340/1491/1444
f 1296/1494/1447 338/1495/1448 339/1493/1446
f 1297/1496/1449 336/184/171 338/1495/1448
f 347/85/80 1295/1492/1445 1293/86/81
f 350/1477/1430 1296/1494/1447 1295/1492/1445
f 349/1479/1432 1297/1496/1449 1296/1494/1447
f 348/1481/1434 1294/162/151 1297/1496/1449
f 1298/77/73 355/1497/1450 352/156/146
f 1300/1498/1451 354/1499/1452 355/1497/1450
f 1301/1500/1453 353/1501/1454 354/1499/1452
f 1302/1502/1455 351/78/74 353/1501/1454
f 337/126/118 1300/1498/1451 1298/77/73
f 340/1491/1444 1301/1500/1453 1300/1498/1451
f 339/1493/1446 1302/1502/1455 1301/1500/1453
f 338/1495/1448 1299/94/89 1302/1502/1455
f 1303/92/87 328/1473/1426 326/91/86
f 1305/1503/1456 329/1474/1427 328/1473/1426
f 1306/1504/1457 330/1475/1428 329/1474/1427
f 1307/1505/1458 327/191/176 330/1475/1428
f 356/97/91 1305/1503/1456 1303/92/87
f 358/1506/1459 1306/1504/1457 1305/1503/1456
f 359/1507/1460 1307/1505/1458 1306/1504/1457
f 360/1508/1461 1304/74/71 1307/1505/1458
f 1308/98/92 358/1506/1459 356/97/91
f 1310/1509/1462 359/1507/1460 358/1506/1459
f 1311/1510/1463 360/1508/1461 359/1507/1460
f 1312/1511/1464 357/139/131 360/1508/1461
f 366/102/95 1310/1509/1462 1308/98/92
f 368/1512/1465 1311/1510/1463 1310/1509/1462
f 369/1513/1466 1312/1511/1464 1311/1510/1463
f 370/1514/1467 1309/185/172 1312/1511/1464
f 1313/93/88 365/1515/1468 362/189/174
f 1315/1516/1469 364/1517/1470 365/1515/1468
f 1316/1518/1471 363/1519/1472 364/1517/1470
f 1317/1520/1473 361/101/94 363/1519/1472
f 352/156/146 1315/1516/1469 1313/93/88
f 355/1497/1450 1316/1518/1471 1315/1516/1469
f 354/1499/1452 1317/1520/1473 1316/1518/1471
f 353/1501/1454 1314/80/75 1317/1520/1473
f 389/190/175 1320/1521/1474 392/1522/1475
f 392/1522/1475 1321/1523/1476 391/1524/1477
f 391/1524/1477 1322/1525/1478 390/1526/1479
f 390/1527/1479 1319/173/162 388/175/164
f 1318/138/130 375/789/735 1320/1521/1474
f 1320/1521/1474 384/793/739 1321/1523/1476
f 1321/1523/1476 383/804/748 1322/1525/1478
f 1322/1528/1478 373/174/163 1319/173/162
f 1323/104/97 368/1512/1465 366/102/95
f 1325/1529/1480 369/1513/1466 368/1512/1465
f 1326/1530/1481 370/1514/1467 369/1513/1466
f 1327/1531/1482 367/182/169 370/1514/1467
f 389/1532/175 1325/1529/1480 1323/104/97
f 392/1533/1475 1326/1530/1481 1325/1529/1480
f 391/1534/1477 1327/1531/1482 1326/1530/1481
f 390/1527/1479 1324/157/147 1327/1531/1482
f 1328/99/93 379/797/743 372/105/98
f 1330/1535/1483 380/806/751 379/797/743
f 1331/1536/1484 385/802/749 380/806/751
f 1332/1537/1485 373/174/163 385/802/749
f 362/189/174 1330/1535/1483 1328/99/93
f 365/1515/1468 1331/1536/1484 1330/1535/1483
f 364/1517/1470 1332/1537/1485 1331/1536/1484
f 363/1519/1472 1329/172/161 1332/1537/1485
f 331/88/83 1335/1538/1486 333/1482/1435
f 333/1482/1435 1336/1539/1487 334/1483/1436
f 334/1483/1436 1337/1540/1488 335/1484/1437
f 335/1484/1437 1334/167/156 332/125/117
f 1333/109/101 400/1541/1489 1335/1538/1486
f 1335/1538/1486 401/1542/1490 1336/1539/1487
f 1336/1543/1487 402/1544/1491 1337/1545/1488
f 1337/1545/1488 399/1546/123 1334/1547/156
f 394/111/103 1340/1548/1492 397/1549/1493
f 397/1549/1493 1341/1550/1494 396/1551/1495
f 396/1551/1495 1342/1552/1496 395/1553/1497
f 395/1553/1497 1339/115/107 393/114/106
f 1338/82/77 325/1486/1439 1340/1548/1492
f 1340/1548/1492 324/1488/1441 1341/1550/1494
f 1341/1550/1494 323/1490/1443 1342/1552/1496
f 1342/1552/1496 321/106/99 1339/115/107
f 1343/1554/1498 411/811/755 408/808/168
f 1345/1555/1499 412/822/764 411/811/755
f 1346/1556/1500 419/816/760 412/822/764
f 1347/1557/1501 409/817/761 419/816/760
f 403/118/110 1345/1555/1499 1343/1554/1498
f 405/1558/1502 1346/1556/1500 1345/1555/1499
f 406/1559/1503 1347/1557/1501 1346/1556/1500
f 407/1560/1504 1344/151/143 1347/1557/1501
f 398/110/102 1350/1561/1505 400/1541/1489
f 400/1541/1489 1351/1562/1506 401/1542/1490
f 401/1563/1490 1352/1564/1507 402/1544/1491
f 402/1544/1491 1349/1565/142 399/1546/123
f 1348/116/108 422/825/768 1350/1561/1505
f 1350/1561/1505 418/827/762 1351/1562/1506
f 1351/1566/1506 417/820/759 1352/1564/1507
f 1352/1564/1507 409/1567/761 1349/1565/142
f 403/118/110 1355/1568/1508 405/1558/1502
f 405/1558/1502 1356/1569/1509 406/1559/1503
f 406/1559/1503 1357/1570/1510 407/1560/1504
f 407/1560/1504 1354/149/141 404/148/140
f 1353/112/104 397/1549/1493 1355/1568/1508
f 1355/1568/1508 396/1551/1495 1356/1569/1509
f 1356/1569/1509 395/1553/1497 1357/1570/1510
f 1357/1570/1510 393/114/106 1354/149/141
f 1359/65/62 299/761/707 287/64/61
f 1363/1348/1303 300/752/698 299/761/707
f 1362/1347/1302 290/746/694 300/752/698
f 1361/1346/1301 285/747/695 290/746/694
f 410/117/109 1366/1571/1511 413/1572/769
f 413/1573/754 1365/177/165 408/181/168
f 1364/67/64 313/776/1512 1366/1571/1511
f 1366/1571/1513 313/776/1514 306/780/1513
f 1366/1574/1515 303/178/166 1365/177/165
f 1367/47/45 266/740/1516 254/48/46
f 266/740/1517 1369/1575/1517 257/1576/1517
f 1369/1577/1518 252/724/672 257/726/674
f 372/105/98 1369/1578/1519 1367/47/45
f 374/1579/736 1368/135/127 1369/1577/1518
f 543/261/245 1372/1580/1520 553/980/907
f 553/980/907 1373/1581/1521 554/970/895
f 1373/1581/1521 545/968/892 554/970/895
f 1374/1582/1522 541/244/228 545/968/892
f 1370/260/244 563/987/914 1372/1580/1520
f 1372/1580/1520 573/990/917 1373/1581/1521
f 573/990/917 1374/1582/1522 1373/1581/1521
f 572/1000/927 1371/262/246 1374/1582/1522
f 1375/254/238 567/993/920 559/255/239
f 1377/1583/1523 568/995/922 567/993/920
f 568/995/922 1379/1584/1524 574/999/926
f 574/999/926 1376/241/226 560/303/287
f 577/232/217 1377/1583/1523 1375/254/238
f 582/1003/930 1378/1585/1525 1377/1583/1523
f 590/1006/933 1379/1584/1524 1378/1585/1525
f 1379/1584/1524 579/269/253 1376/241/226
f 1380/289/273 585/1586/938 578/302/286
f 1381/1587/1526 591/1588/1527 585/1012/938
f 591/1016/946 1382/243/227 579/269/253
f 1380/289/273 550/974/899 1381/1589/1526
f 1381/1587/1526 544/969/903 1382/1590/1528
f 1382/1590/1529 544/969/893 541/966/894
f 529/301/285 1385/1591/1530 536/961/886
f 536/961/886 1386/1592/1531 537/953/881
f 1386/1592/1531 532/948/877 537/953/881
f 1387/1593/1532 199/281/265 532/948/877
f 1383/297/281 569/994/921 1385/1591/1530
f 1385/1591/1530 562/988/915 1386/1592/1531
f 562/988/915 1387/1593/1532 1386/1592/1531
f 561/986/913 1384/275/259 1387/1593/1532
f 1388/290/274 548/975/900 542/291/275
f 1390/1594/1533 549/1595/1534 548/975/900
f 549/1595/1534 1391/1596/1535 555/1597/1536
f 1391/1598/1535 543/261/245 555/981/908
f 1388/290/274 201/955/883 1390/1594/1533
f 1390/1594/1533 531/950/879 1391/1599/1535
f 1391/1599/1535 531/950/879 530/949/878
f 530/1600/878 1389/229/214 1391/1598/1535
f 1392/252/236 533/1601/884 528/250/234
f 1394/1602/1537 534/964/1538 533/956/884
f 534/964/889 1395/1603/1539 538/962/887
f 1395/1603/1539 529/301/285 538/962/887
f 1392/252/236 586/1604/937 1394/1605/1537
f 1394/1602/1537 581/1004/941 1395/1606/1540
f 1395/1606/1539 581/1004/931 580/1002/929
f 1395/1603/1539 577/232/217 1393/231/216
f 448/852/794 1398/1607/1541 451/1608/795
f 451/1608/795 1399/1609/1542 453/1610/806
f 1400/1611/1543 456/856/1544 455/1612/1545
f 456/856/1544 1397/247/231 449/316/300
f 425/164/153 1398/1607/1541 1396/210/195
f 430/829/773 1399/1609/1542 1398/1607/1541
f 438/832/776 1400/1611/1543 1399/1609/1542
f 437/841/784 1397/247/231 1400/1611/1543
f 1401/259/243 467/1613/1546 461/217/202
f 1403/1614/1547 1404/1615/1548 1864/867/1549
f 1404/1615/1548 463/864/1550 1864/867/1549
f 1405/1616/1551 459/318/302 463/864/808
f 1401/259/243 437/842/784 1403/1614/1547
f 1403/1614/1547 434/838/782 1404/1615/1548
f 1404/1615/1548 433/835/779 1405/1616/1551
f 1405/1616/1551 426/837/781 1402/237/222
f 1406/317/301 454/855/1552 449/316/300
f 1408/1617/1553 455/862/1554 454/855/1552
f 1409/1618/1555 458/858/801 455/862/1554
f 1410/1619/1556 450/236/221 458/858/801
f 1406/317/301 467/1620/1546 1408/1617/1553
f 1408/1617/1553 465/871/1557 1409/1618/1555
f 1409/1618/1555 463/870/1558 1410/1619/1556
f 1410/1619/1556 460/248/232 1407/234/219
f 480/892/831 1413/1621/1559 483/890/829
f 483/890/829 1414/1622/1560 484/902/832
f 484/902/832 1415/1623/1561 489/901/838
f 489/901/838 1412/279/263 481/322/306
f 440/220/205 1413/1621/1559 1411/299/283
f 444/844/1562 1414/1622/1560 1413/1621/1559
f 445/847/1563 1415/1623/1561 1414/1622/1560
f 446/1624/1564 1412/279/263 1415/1623/1561
f 495/909/1565 1418/1625/1566 498/907/1567
f 498/907/1567 1419/1626/1568 1865/1627/1569
f 1865/1627/1569 1420/1628/1570 501/1629/1571
f 501/1629/1571 1417/338/322 496/207/192
f 482/263/247 1418/1625/1566 1416/272/256
f 493/904/840 1419/1626/1568 1418/1625/1566
f 488/898/836 1420/1628/1570 1419/1626/1568
f 489/900/838 1417/338/322 1420/1628/1570
f 1421/209/194 501/1630/1571 496/207/192
f 1423/1631/1572 502/917/1573 501/1630/1571
f 1424/1632/1574 504/913/849 502/917/1573
f 1425/1633/1575 497/271/255 504/913/849
f 1421/209/194 446/1634/1564 1423/1631/1572
f 1423/1631/1572 447/850/1576 1424/1632/1574
f 1424/1632/1574 444/851/1577 1425/1633/1575
f 1425/1633/1575 441/265/249 1422/267/251
f 1426/257/241 476/888/1578 470/196/181
f 1428/1635/1579 1429/1636/1580 477/1637/820
f 1429/1636/1580 472/876/817 477/1637/820
f 1430/1638/1581 468/344/328 472/876/817
f 1426/257/241 513/930/1582 1428/1635/1579
f 1428/1635/1579 509/931/855 1429/1636/1580
f 1429/1636/1580 508/920/853 1430/1638/1581
f 1430/1638/1581 505/294/278 1427/296/280
f 1431/328/312 513/927/1582 506/280/264
f 1433/1639/1583 514/935/861 513/927/1582
f 1434/1640/1584 518/933/864 514/935/861
f 1435/1641/1585 507/284/268 518/933/864
f 1431/328/312 524/1642/1586 1433/1639/1583
f 1433/1639/1583 1866/1643/1587 1434/1640/1584
f 1434/1640/1584 523/938/1588 1435/1641/1585
f 1435/1641/1585 520/199/184 1432/201/186
f 1436/342/326 524/1644/1586 521/329/313
f 1438/1645/1589 525/946/1590 524/1644/1586
f 1439/1646/1591 527/942/1592 525/946/1590
f 1440/1647/1593 522/292/276 527/942/1592
f 1436/342/326 478/889/1594 1438/1645/1589
f 1438/1645/1589 479/886/1595 1439/1646/1591
f 1439/1646/1591 474/885/822 1440/1647/1593
f 1440/1647/1593 469/882/821 1437/286/270
f 596/1031/319 1443/1648/1596 607/1029/964
f 607/1029/964 1444/1649/1597 608/1023/955
f 608/1023/955 1445/1650/1598 598/1019/951
f 598/1019/951 1442/283/267 594/282/266
f 1441/1651/318 622/1040/974 1443/1648/1596
f 1443/1648/1596 616/1036/970 1444/1649/1597
f 1444/1649/1597 615/1034/968 1445/1650/1598
f 1445/1650/1598 612/321/305 1442/283/267
f 1446/308/292 631/1050/983 628/320/304
f 1448/1652/1599 632/1059/991 631/1050/983
f 1449/1653/1600 639/1055/988 632/1059/991
f 1450/1654/1601 629/1056/210 639/1055/988
f 614/1046/979 1448/1652/1599 1446/308/292
f 626/1045/978 1449/1653/1600 1448/1652/1599
f 621/1042/975 1450/1654/1601 1449/1653/1600
f 620/1039/973 1447/1655/208 1450/1654/1601
f 1451/311/295 602/1027/959 595/309/293
f 1453/1656/1602 603/1033/967 602/1027/959
f 1454/1657/1603 609/1030/965 603/1033/967
f 1455/1658/1604 596/1031/319 609/1030/965
f 1451/311/295 643/1063/995 1453/1656/1602
f 1453/1656/1602 638/1057/989 1454/1657/1603
f 1454/1657/1603 637/1054/987 1455/1658/1604
f 1455/1658/1604 629/1056/210 1452/1659/209
f 1456/1660/309 659/1077/1010 648/1079/307
f 1458/1661/1605 660/1069/1002 659/1077/1010
f 1459/1662/1606 651/1066/999 660/1069/1002
f 1460/1663/1607 646/226/211 651/1066/999
f 665/1090/311 1458/1661/1605 1456/1660/309
f 675/1089/1020 1459/1662/1606 1458/1661/1605
f 668/1093/1023 1460/1663/1607 1459/1662/1606
f 667/1084/1015 1457/227/212 1460/1663/1607
f 684/1112/324 1463/1664/1608 695/1110/1046
f 695/1110/1046 1464/1665/1609 696/1104/1039
f 696/1104/1039 1465/1666/1610 686/1100/1035
f 686/1100/1035 1462/214/199 682/213/198
f 1461/1667/323 661/1078/1011 1463/1664/1608
f 1463/1664/1608 655/1074/1007 1464/1665/1609
f 1464/1665/1609 654/1072/1005 1465/1666/1610
f 1465/1666/1610 647/314/298 1462/214/199
f 1466/313/297 690/1108/1043 683/315/299
f 1468/1668/1611 691/1114/1049 690/1108/1043
f 1469/1669/1612 697/1111/1047 691/1114/1049
f 1470/1670/1613 684/1112/324 697/1111/1047
f 1466/313/297 679/1097/1028 1468/1668/1611
f 1468/1668/1611 674/1091/1021 1469/1669/1612
f 1469/1669/1612 673/1088/1019 1470/1670/1613
f 1470/1670/1613 665/1090/311 1467/1671/310
f 1471/333/317 703/1117/1052 700/345/329
f 1473/1672/1614 704/1127/1063 703/1117/1052
f 1474/1673/1615 711/1123/1060 704/1127/1063
f 1475/1674/1616 701/1124/201 711/1123/1060
f 717/1134/1073 1473/1672/1614 1471/333/317
f 722/1133/1072 1474/1673/1615 1473/1672/1614
f 731/1137/1076 1475/1674/1616 1474/1673/1615
f 730/1146/1084 1472/1675/191 1475/1674/1616
f 718/304/288 1478/1676/1617 725/1140/1079
f 725/1140/1079 1479/1677/1618 726/1142/1081
f 726/1142/1081 1480/1678/1619 732/1147/1085
f 732/1147/1085 1477/1679/314 719/1148/189
f 1476/203/188 740/1151/1088 1478/1676/1617
f 1478/1676/1617 747/1155/1092 1479/1677/1618
f 1479/1677/1618 746/1162/1101 1480/1678/1619
f 1480/1678/1619 737/1164/315 1477/1679/314
f 1481/305/289 743/1160/1098 736/306/290
f 1483/1680/1620 744/1166/1105 743/1160/1098
f 1484/1681/1621 748/1163/1102 744/1166/1105
f 1485/1682/1622 737/1164/315 748/1163/1102
f 1481/305/289 715/1129/1065 1483/1680/1620
f 1483/1680/1620 710/1125/1061 1484/1681/1621
f 1484/1681/1621 709/1122/1059 1485/1682/1622
f 1485/1682/1622 701/1124/201 1482/1683/200
f 1486/166/155 428/828/772 425/164/153
f 1488/1684/1623 429/830/1624 428/828/772
f 1489/1685/1625 435/836/780 429/830/1624
f 1490/1686/1626 426/837/781 435/836/780
f 612/321/305 1488/1684/1623 1486/166/155
f 617/1035/969 1489/1685/1625 1488/1684/1623
f 625/1038/972 1490/1686/1626 1489/1685/1625
f 624/1044/977 1487/238/223 1490/1686/1626
f 630/1061/993 1493/1687/1627 642/1064/1628
f 642/1064/996 1494/1688/1629 633/1689/1630
f 633/1049/982 1492/319/303 628/320/304
f 1491/310/294 466/869/811 1493/1687/1627
f 1493/1687/1631 462/874/1632 1494/1688/1629
f 1494/1690/1633 459/318/302 1492/319/303
f 1495/222/207 443/843/1634 440/220/205
f 443/1691/1635 1497/1692/1636 1498/1693/1637
f 443/849/1638 1496/312/296 441/265/249
f 664/341/325 1497/1694/1639 1495/222/207
f 669/1695/1640 1498/1693/1637 1497/1692/1636
f 1498/1693/1641 666/1095/1026 1496/312/296
f 1499/273/257 685/1101/1642 682/213/198
f 1501/1696/1643 692/1697/1644 685/1101/1036
f 1502/1698/1645 683/315/299 692/1107/1042
f 495/909/1565 1501/1696/1646 1499/273/257
f 1501/1696/1643 499/914/1647 1502/1699/1648
f 1502/1699/1648 499/914/1647 503/912/1648
f 503/912/848 1500/270/254 1502/1698/1645
f 507/284/268 1505/1700/1649 516/932/863
f 516/932/863 1506/1701/1650 517/924/1651
f 517/924/1651 1507/1702/1652 510/921/854
f 510/921/854 1504/332/316 505/294/278
f 1503/285/269 727/1141/1080 1505/1700/1649
f 1505/1700/1649 721/1135/1074 1506/1701/1650
f 1506/1701/1650 720/1132/1071 1507/1702/1652
f 1507/1702/1652 717/1134/1073 1504/332/316
f 1508/287/271 713/1130/1066 702/307/291
f 713/1130/1066 1510/1703/1653 714/1120/1067
f 714/1120/1654 1511/1704/1655 705/1116/1656
f 705/1116/1051 1509/343/327 700/345/329
f 469/882/821 1510/1705/1653 1508/287/271
f 1510/1705/1657 475/884/1658 471/877/1659
f 1510/1703/1657 471/875/1659 1511/1704/1655
f 1511/1704/1660 468/344/328 1509/343/327
f 1512/211/196 597/1706/952 594/282/266
f 597/1020/963 1515/1707/1661 604/1026/961
f 604/1026/958 1513/235/220 595/309/293
f 448/852/794 1514/1708/1662 1512/211/196
f 452/1709/1663 1515/1707/1661 1514/1710/1661
f 1515/1707/1664 450/236/221 1513/235/220
f 1516/264/248 491/903/839 482/263/247
f 1518/1711/1665 492/896/1666 491/903/839
f 1519/1712/1667 485/891/830 492/896/1666
f 1520/1713/1668 480/892/831 485/891/830
f 647/314/298 1518/1711/1665 1516/264/248
f 1518/1711/1665 650/1067/1000 1519/1712/1667
f 650/1067/1000 1520/1713/1668 1519/1712/1667
f 1520/1713/1668 646/226/211 1517/300/284
f 1521/293/277 526/941/1669 522/292/276
f 1523/1714/1670 520/199/184 526/937/1671
f 1521/293/277 745/1159/1097 1523/1715/1672
f 1523/1715/1672 745/1159/1097 739/1153/1673
f 1523/1716/1670 739/1153/1674 738/1152/1089
f 738/1152/1089 1522/1717/1675 1523/1714/1670
f 772/370/351 1526/1718/1676 775/1719/1677
f 775/1719/1677 1527/1720/1678 774/1721/1679
f 774/1722/1680 1528/1723/1681 773/1724/1682
f 1528/1723/1681 771/525/489 773/1724/1682
f 1524/369/350 758/1725/1683 1526/1718/1676
f 1526/1726/1676 759/1727/1684 1527/1728/1678
f 1527/1728/1685 760/1729/1686 1528/1723/1681
f 760/1729/1686 1525/484/452 1528/1723/1681
f 1529/406/385 780/1730/1687 777/353/336
f 1531/1731/1688 779/1732/1689 780/1730/1687
f 1532/1733/1690 778/1734/1691 779/1735/1692
f 778/1734/1691 1530/464/435 776/366/347
f 761/534/498 1531/1731/1688 1529/406/385
f 763/1736/1693 1532/1737/1694 1531/1731/1688
f 764/1738/1695 1533/1739/1696 1532/1733/1690
f 1533/1739/1696 762/363/344 1530/464/435
f 1534/474/444 755/1740/1697 752/348/332
f 1536/1741/1698 754/1742/1699 755/1740/1697
f 1537/1743/1700 753/1744/1701 754/1745/1702
f 753/1744/1701 1535/349/333 751/361/342
f 772/370/351 1536/1741/1698 1534/474/444
f 775/1719/1677 1537/1746/1703 1536/1741/1698
f 774/1722/1680 1538/1747/1704 1537/1743/1700
f 1538/1747/1704 771/525/489 1535/349/333
f 767/503/468 1541/1748/1705 770/1749/1706
f 770/1749/1706 1542/1750/1707 769/1751/1708
f 769/1751/1709 1543/1752/1710 768/1753/1711
f 1543/1754/1710 766/355/337 768/1755/1711
f 1539/371/352 780/1730/1687 1541/1748/1705
f 1541/1748/1705 779/1732/1689 1542/1750/1707
f 1542/1756/1712 778/1734/1691 1543/1754/1710
f 778/1734/1691 1540/368/349 1543/1754/1710
f 782/504/469 1546/1757/1713 785/1758/1714
f 785/1758/1714 1547/1759/1715 784/1760/1716
f 784/1760/1717 1548/1761/1718 783/1762/1719
f 1548/1763/1718 781/374/354 783/1764/1719
f 1544/498/464 770/1749/1706 1546/1757/1713
f 1546/1757/1713 769/1751/1708 1547/1759/1715
f 1547/1759/1720 768/1753/1711 1548/1761/1718
f 768/1755/1711 1545/357/339 1548/1763/1718
f 756/360/341 1551/1765/1721 758/1725/1683
f 758/1766/1683 1552/1767/1722 759/1727/1684
f 759/1727/1723 1553/1768/1724 760/1729/1686
f 1553/1768/1724 757/380/360 760/1729/1686
f 1549/359/340 788/1769/1725 1551/1765/1721
f 1551/1770/1721 789/1771/1726 1552/1767/1722
f 1552/1767/1727 790/1772/1728 1553/1768/1724
f 790/1772/1728 1550/378/358 1553/1768/1724
f 786/389/368 1556/1773/1729 788/1769/1725
f 788/1774/1725 1557/1775/1730 789/1771/1726
f 789/1771/1731 1558/1776/1732 790/1772/1728
f 1558/1776/1732 787/377/357 790/1772/1728
f 1554/398/377 798/1777/1733 1556/1773/1729
f 1556/1778/1729 799/1779/1734 1557/1775/1730
f 1557/1775/1735 800/1780/1736 1558/1776/1732
f 800/1780/1736 1555/375/355 1558/1776/1732
f 792/535/499 1561/1781/1737 795/1782/1738
f 795/1782/1738 1562/1783/1739 794/1784/1740
f 794/1784/1741 1563/1785/1742 793/1786/1743
f 1563/1787/1742 791/384/364 793/1788/1743
f 1559/528/492 785/1758/1714 1561/1781/1737
f 1561/1781/1737 784/1760/1716 1562/1783/1739
f 1562/1783/1744 783/1762/1719 1563/1785/1742
f 783/1764/1719 1560/382/362 1563/1787/1742
f 1564/515/479 823/1789/1745 820/513/477
f 1566/1790/1746 822/1791/1747 823/1789/1745
f 1567/1792/1748 821/1793/1749 822/1791/1747
f 1568/1794/1750 819/394/373 821/1795/1749
f 802/1176/1115 1566/1790/1746 1564/515/479
f 812/1175/1114 1567/1792/1748 1566/1790/1746
f 805/1179/1118 1568/1796/1750 1567/1792/1748
f 804/1170/1109 1565/1797/446 1568/1796/1750
f 796/397/376 1571/1798/1751 798/1777/1733
f 798/1799/1733 1572/1800/1752 799/1779/1734
f 799/1779/1753 1573/1801/1754 800/1780/1736
f 800/1780/1736 1570/385/365 797/387/367
f 1569/497/463 823/1789/1745 1571/1798/1751
f 1571/1802/1755 822/1803/1747 1572/1800/1752
f 1572/1800/1756 821/1795/1749 1573/1801/1754
f 821/1795/1749 1570/385/365 1573/1801/1754
f 802/1176/1115 1576/1804/1757 810/1174/1113
f 810/1174/1113 1577/1805/1758 811/1177/1116
f 811/1177/1125 1578/1806/1759 816/1185/1121
f 816/1182/1121 1575/391/370 803/393/372
f 1574/514/478 795/1782/1738 1576/1804/1757
f 1576/1804/1757 794/1784/1740 1577/1805/1758
f 1577/1805/1760 793/1786/1743 1578/1806/1759
f 1578/1807/1759 791/384/364 1575/391/370
f 1579/414/392 763/1736/1693 761/534/498
f 1581/1808/1761 764/1809/1762 763/1736/1693
f 1582/1810/1763 765/1811/1764 764/1738/1695
f 765/1811/1764 1580/507/471 762/363/344
f 829/473/443 1581/1808/1761 1579/414/392
f 831/1812/1765 1582/1813/1766 1581/1808/1761
f 832/1814/1767 1583/1815/1768 1582/1810/1763
f 1583/1815/1768 830/403/382 1580/507/471
f 1584/346/330 828/1816/1769 825/522/486
f 1586/1817/1770 827/1818/1771 828/1816/1769
f 1587/1819/1772 826/1820/1773 827/1821/1774
f 826/1820/1773 1585/399/378 824/401/380
f 752/348/332 1586/1817/1770 1584/346/330
f 755/1740/1697 1587/1822/1775 1586/1817/1770
f 754/1745/1702 1588/1823/1776 1587/1819/1772
f 1588/1823/1776 751/361/342 1585/399/378
f 841/1204/1143 1591/1824/1777 852/1202/1141
f 852/1202/1141 1592/1825/1778 853/1193/1132
f 853/1193/1132 1593/1826/1779 843/1189/1128
f 843/1827/1128 1590/465/436 839/521/485
f 1589/488/455 836/1828/1780 1591/1824/1777
f 1591/1824/1777 837/1829/1781 1592/1825/1778
f 1592/1825/1778 838/1830/1782 1593/1826/1779
f 1593/1831/1779 835/409/388 1590/465/436
f 1594/489/456 831/1812/1765 829/473/443
f 1596/1832/1783 832/1833/1784 831/1812/1765
f 1597/1834/1785 833/1835/1786 832/1814/1767
f 1598/1836/1787 830/403/382 833/1835/1786
f 841/1204/1143 1596/1832/1783 1594/489/456
f 854/1203/1142 1597/1837/1788 1596/1832/1783
f 848/1838/1789 1598/1836/1787 1597/1834/1785
f 847/1839/1137 1595/411/390 1598/1836/1787
f 1599/491/458 836/1828/1780 834/490/457
f 1601/1840/1790 837/1829/1781 836/1828/1780
f 1602/1841/1791 838/1842/1782 837/1843/1781
f 838/1842/1782 1600/407/386 835/409/388
f 825/522/486 1601/1840/1790 1599/491/458
f 828/1816/1769 1602/1844/1792 1601/1840/1790
f 827/1821/1774 1603/1845/1793 1602/1841/1791
f 826/1820/1773 1600/407/386 1603/1845/1793
f 1604/487/454 881/1846/1794 878/416/393
f 1606/1847/1795 880/1848/1796 881/1846/1794
f 1607/1849/1797 879/1850/1798 880/1848/1796
f 1608/1851/1799 877/533/497 879/1850/1798
f 862/436/412 1606/1847/1795 1604/487/454
f 864/1852/1800 1607/1849/1797 1606/1847/1795
f 865/1853/1801 1608/1851/1799 1607/1849/1797
f 866/1854/1802 1605/532/496 1608/1851/1799
f 883/430/406 1611/1855/1803 886/1856/1804
f 886/1856/1804 1612/1857/1805 885/1858/1806
f 885/1858/1806 1613/1859/1807 884/1860/1808
f 884/1860/1808 1610/468/439 882/471/442
f 1609/429/405 869/1861/1809 1611/1855/1803
f 1611/1855/1803 870/1862/1810 1612/1857/1805
f 1612/1857/1805 871/1863/1811 1613/1859/1807
f 1613/1859/1807 868/469/440 1610/468/439
f 858/426/402 1616/1864/1812 861/1865/1813
f 861/1865/1813 1617/1866/1814 860/1867/1815
f 860/1867/1815 1618/1868/1816 859/1869/1817
f 859/1869/1817 1615/485/453 857/451/425
f 1614/417/394 881/1846/1794 1616/1864/1812
f 1616/1864/1812 880/1848/1796 1617/1866/1814
f 1617/1866/1814 879/1850/1798 1618/1868/1816
f 1618/1868/1816 877/533/497 1615/485/453
f 1619/431/407 876/1870/1818 873/470/441
f 1621/1871/1819 875/1872/1820 876/1870/1818
f 1622/1873/1821 874/1874/1822 875/1872/1820
f 1623/1875/1823 872/526/490 874/1874/1822
f 883/430/406 1621/1871/1819 1619/431/407
f 886/1856/1804 1622/1873/1821 1621/1871/1819
f 885/1858/1806 1623/1875/1823 1622/1873/1821
f 884/1860/1808 1620/506/470 1623/1875/1823
f 1624/422/399 891/1876/1824 888/500/465
f 1626/1877/1825 890/1878/1826 891/1876/1824
f 1627/1879/1827 889/1880/1828 890/1878/1826
f 1628/1881/1829 887/423/400 889/1880/1828
f 873/470/441 1626/1877/1825 1624/422/399
f 876/1870/1818 1627/1879/1827 1626/1877/1825
f 875/1872/1820 1628/1881/1829 1627/1879/1827
f 874/1874/1822 1625/439/415 1628/1881/1829
f 1629/437/413 864/1852/1800 862/436/412
f 1631/1882/1830 865/1853/1801 864/1852/1800
f 1632/1883/1831 866/1854/1802 865/1853/1801
f 1633/1884/1832 863/531/495 866/1854/1802
f 892/442/417 1631/1882/1830 1629/437/413
f 894/1885/1833 1632/1883/1831 1631/1882/1830
f 895/1886/1834 1633/1884/1832 1632/1883/1831
f 896/1887/1835 1630/419/396 1633/1884/1832
f 1634/443/418 894/1885/1833 892/442/417
f 1636/1888/1836 895/1886/1834 894/1885/1833
f 1637/1889/1837 896/1887/1835 895/1886/1834
f 1638/1890/1838 893/483/451 896/1887/1835
f 902/447/421 1636/1888/1836 1634/443/418
f 904/1891/1839 1637/1889/1837 1636/1888/1836
f 905/1892/1840 1638/1890/1838 1637/1889/1837
f 906/1893/1841 1635/527/491 1638/1890/1838
f 1639/438/414 901/1894/1842 898/529/493
f 1641/1895/1843 900/1896/1844 901/1894/1842
f 1642/1897/1845 899/1898/1846 900/1896/1844
f 1643/1899/1847 897/446/420 899/1898/1846
f 888/500/465 1641/1895/1843 1639/438/414
f 891/1876/1824 1642/1897/1845 1641/1895/1843
f 890/1878/1826 1643/1899/1847 1642/1897/1845
f 889/1880/1828 1640/425/401 1643/1899/1847
f 925/530/494 1646/1900/1848 928/1901/1849
f 928/1901/1849 1647/1902/1850 927/1903/1851
f 927/1903/1851 1648/1904/1852 926/1905/1853
f 926/1905/1853 1645/517/481 924/519/483
f 1644/482/450 911/1208/1148 1646/1900/1848
f 1646/1900/1848 920/1212/1152 1647/1902/1850
f 1647/1902/1850 919/1218/1160 1648/1904/1852
f 1648/1904/1852 909/518/482 1645/517/481
f 1649/449/423 904/1891/1839 902/447/421
f 1651/1906/1854 905/1892/1840 904/1891/1839
f 1652/1907/1855 906/1893/1841 905/1892/1840
f 1653/1908/1856 903/524/488 906/1893/1841
f 925/530/494 1651/1906/1854 1649/449/423
f 928/1901/1849 1652/1907/1855 1651/1906/1854
f 927/1903/1851 1653/1908/1856 1652/1907/1855
f 926/1905/1853 1650/501/466 1653/1908/1856
f 1654/444/419 915/1216/1156 908/450/424
f 1656/1909/1857 916/1221/1163 915/1216/1156
f 1657/1910/1858 921/1219/1161 916/1221/1163
f 1658/1911/1859 909/518/482 921/1219/1161
f 898/529/493 1656/1909/1857 1654/444/419
f 901/1894/1842 1657/1910/1858 1656/1909/1857
f 900/1896/1844 1658/1911/1859 1657/1910/1858
f 899/1898/1846 1655/516/480 1658/1911/1859
f 867/433/409 1661/1912/1860 869/1861/1809
f 869/1861/1809 1662/1913/1861 870/1862/1810
f 870/1862/1810 1663/1914/1862 871/1863/1811
f 871/1863/1811 1660/511/475 868/469/440
f 1659/454/426 936/1915/1863 1661/1912/1860
f 1661/1912/1860 937/1916/1864 1662/1913/1861
f 1662/1913/1861 938/1917/1865 1663/1914/1862
f 1663/1914/1862 935/475/445 1660/511/475
f 930/456/428 1666/1918/1866 933/1919/1867
f 933/1919/1867 1667/1920/1868 932/1921/1869
f 932/1921/1869 1668/1922/1870 931/1923/1871
f 931/1923/1871 1665/460/431 929/459/430
f 1664/427/403 861/1865/1813 1666/1918/1866
f 1666/1918/1866 860/1867/1815 1667/1920/1868
f 1667/1920/1868 859/1869/1817 1668/1922/1870
f 1668/1922/1870 857/451/425 1665/460/431
f 1669/467/438 947/1224/1167 944/523/487
f 1671/1924/1872 948/1233/1177 947/1224/1167
f 1672/1925/1873 954/1229/1173 948/1233/1177
f 1673/1926/1874 945/1230/1174 954/1229/1173
f 939/463/434 1671/1924/1872 1669/467/438
f 941/1927/1875 1672/1925/1873 1671/1924/1872
f 942/1928/1876 1673/1926/1874 1672/1925/1873
f 943/1929/1877 1670/495/462 1673/1926/1874
f 934/455/427 1676/1930/1878 936/1915/1863
f 936/1915/1863 1677/1931/1879 937/1916/1864
f 937/1916/1864 1678/1932/1880 938/1917/1865
f 938/1917/1865 1675/494/461 935/475/445
f 1674/461/432 958/1236/1181 1676/1930/1878
f 1676/1930/1878 953/1231/1175 1677/1931/1879
f 1677/1931/1879 952/1228/1172 1678/1932/1880
f 1678/1932/1880 945/1230/1174 1675/494/461
f 939/463/434 1681/1933/1881 941/1927/1875
f 941/1927/1875 1682/1934/1882 942/1928/1876
f 942/1928/1876 1683/1935/1883 943/1929/1877
f 943/1929/1877 1680/493/460 940/492/459
f 1679/457/429 933/1919/1867 1681/1933/1881
f 1681/1933/1881 932/1921/1869 1682/1934/1882
f 1682/1934/1882 931/1923/1871 1683/1935/1883
f 1683/1935/1883 929/459/430 1680/493/460
f 946/462/433 1686/1936/1884 957/1937/1182
f 957/1223/1885 1685/520/484 944/523/487
f 1684/412/391 849/1197/1886 1686/1936/1884
f 1686/1938/1887 849/1939/1887 842/1940/1887
f 1686/1941/1888 839/521/485 1685/520/484
f 1687/392/371 815/1183/1889 803/393/372
f 815/1183/1890 1689/1942/1890 806/1943/1891
f 1689/1944/1892 801/1167/1106 806/1169/1108
f 908/450/424 1689/1945/1893 1687/392/371
f 910/1946/1149 1688/1947/447 1689/1944/1892
f 982/557/518 1692/1948/1894 985/1949/1895
f 985/1949/1895 1693/1950/1896 984/1951/1897
f 984/1951/1898 1694/1952/1899 983/1953/1900
f 1694/1954/1899 981/711/659 983/1955/1900
f 1690/556/517 968/1956/1901 1692/1948/1894
f 1692/1948/1894 969/1957/1902 1693/1950/1896
f 1693/1950/1903 970/1958/1904 1694/1952/1899
f 970/1959/1904 1691/673/622 1694/1954/1899
f 1695/593/552 990/1960/1905 987/540/503
f 1697/1961/1906 989/1962/1907 990/1960/1905
f 1698/1963/1908 988/1964/1909 989/1962/1910
f 988/1965/1909 1696/651/605 986/553/514
f 971/722/670 1697/1961/1906 1695/593/552
f 973/1966/1911 1698/1963/1912 1697/1961/1906
f 974/1967/1913 1699/1968/1914 1698/1963/1908
f 1699/1969/1914 972/550/511 1696/651/605
f 1700/663/614 965/1970/1915 962/510/474
f 1702/1971/1916 964/1972/1917 965/1970/1915
f 1703/1973/1918 963/1974/1919 964/1972/1920
f 963/1975/1919 1701/536/500 961/548/509
f 982/557/518 1702/1971/1916 1700/663/614
f 985/1949/1895 1703/1973/1921 1702/1971/1916
f 984/1951/1898 1704/1976/1922 1703/1973/1918
f 1704/1977/1922 981/711/659 1701/536/500
f 977/692/640 1707/1978/1923 980/1979/1924
f 980/1979/1924 1708/1980/1925 979/1981/1926
f 979/1981/1927 1709/1982/1928 978/1983/1929
f 1709/1984/1928 976/542/504 978/1985/1929
f 1705/558/519 990/1960/1905 1707/1978/1923
f 1707/1978/1923 989/1962/1907 1708/1980/1925
f 1708/1980/1930 988/1964/1909 1709/1982/1928
f 988/1965/1909 1706/555/516 1709/1984/1928
f 992/693/641 1712/1986/1931 995/1987/1932
f 995/1987/1932 1713/1988/1933 994/1989/1934
f 994/1990/1935 1714/1991/1936 993/1992/1937
f 1714/1991/1936 991/561/521 993/1992/1937
f 1710/687/635 980/1979/1924 1712/1986/1931
f 1712/1986/1931 979/1981/1926 1713/1988/1933
f 1713/1993/1938 978/1985/1929 1714/1991/1936
f 978/1985/1929 1711/544/506 1714/1991/1936
f 966/547/508 1717/1994/1939 968/1956/1901
f 968/1956/1901 1718/1995/1940 969/1957/1902
f 969/1957/1941 1719/1996/1942 970/1958/1904
f 1719/1997/1942 967/567/527 970/1959/1904
f 1715/546/507 998/1998/1943 1717/1994/1939
f 1717/1994/1939 999/1999/1944 1718/1995/1940
f 1718/1995/1945 1000/2000/1946 1719/1996/1942
f 1000/2001/1946 1716/565/525 1719/1997/1942
f 996/576/535 1722/2002/1947 998/1998/1943
f 998/1998/1943 1723/2003/1948 999/1999/1944
f 999/1999/1949 1724/2004/1950 1000/2000/1946
f 1724/2005/1950 997/564/524 1000/2001/1946
f 1720/585/544 1008/2006/1951 1722/2002/1947
f 1722/2002/1947 1009/2007/1952 1723/2003/1948
f 1723/2003/1953 1010/2008/1954 1724/2004/1950
f 1010/2009/1954 1721/562/522 1724/2005/1950
f 1002/723/671 1727/2010/1955 1005/2011/1956
f 1005/2011/1956 1728/2012/1957 1004/2013/1958
f 1004/2014/1959 1729/2015/1960 1003/2016/1961
f 1003/2016/1961 1726/569/529 1001/571/531
f 1725/716/664 995/1987/1932 1727/2010/1955
f 1727/2010/1955 994/1989/1934 1728/2012/1957
f 1728/2017/1962 993/1992/1937 1729/2015/1960
f 993/1992/1937 1726/569/529 1729/2015/1960
f 1730/701/649 1042/1273/1220 1031/699/647
f 1732/2018/1963 1043/2019/1964 1042/1273/1220
f 1733/2020/1965 1034/2021/1207 1043/2019/1210
f 1734/2022/1966 1029/715/663 1034/1259/1207
f 1012/1248/1195 1732/2018/1963 1730/701/649
f 1022/1247/1194 1733/2020/1965 1732/2018/1963
f 1015/1251/1198 1734/2023/1966 1733/2020/1965
f 1014/1241/1188 1731/2024/616 1734/2023/1966
f 1006/584/543 1737/2025/1967 1008/2006/1951
f 1008/2006/1951 1738/2026/1968 1009/2007/1952
f 1009/2007/1969 1739/2027/1970 1010/2008/1954
f 1010/2009/1954 1736/572/532 1007/574/534
f 1735/686/634 1044/1272/1219 1737/2025/1967
f 1737/2025/1971 1038/1276/1223 1738/2026/1968
f 1738/2026/1972 1037/2028/1213 1739/2027/1970
f 1739/2029/1970 1030/581/540 1736/572/532
f 1012/1248/1195 1742/2030/1973 1020/1246/1193
f 1020/1246/1193 1743/2031/1974 1021/1249/1196
f 1021/1257/1196 1744/2032/1975 1026/1254/1201
f 1026/1254/1201 1741/578/537 1013/580/539
f 1740/700/648 1005/2011/1956 1742/2030/1973
f 1742/2030/1973 1004/2013/1958 1743/2031/1974
f 1743/2033/1974 1003/2016/1961 1744/2032/1975
f 1744/2032/1975 1001/571/531 1741/578/537
f 1745/601/560 973/1966/1911 971/722/670
f 1747/2034/1976 974/1967/1977 973/1966/1911
f 1748/2035/1978 975/2036/1979 974/1967/1913
f 975/2037/1979 1746/696/644 972/550/511
f 1052/662/613 1747/2034/1976 1745/601/560
f 1054/2038/1980 1748/2035/1981 1747/2034/1976
f 1055/2039/1982 1749/2040/1983 1748/2035/1978
f 1749/2041/1983 1053/590/549 1746/696/644
f 1750/508/472 1051/2042/1984 1048/708/656
f 1752/2043/1985 1050/2044/1986 1051/2042/1984
f 1753/2045/1987 1049/2046/1988 1050/2044/1989
f 1049/2047/1988 1751/586/545 1047/588/547
f 962/510/474 1752/2043/1985 1750/508/472
f 965/1970/1915 1753/2045/1990 1752/2043/1985
f 964/1972/1920 1754/2048/1991 1753/2045/1987
f 1754/2049/1991 961/548/509 1751/586/545
f 1064/1292/1243 1757/2050/1992 1075/1290/1241
f 1075/1290/1241 1758/2051/1993 1076/1283/1230
f 1076/1283/1230 1759/2052/1994 1066/1279/1226
f 1066/1279/1226 1756/652/606 1062/707/655
f 1755/677/625 1059/2053/1995 1757/2050/1992
f 1757/2050/1992 1060/2054/1996 1758/2051/1993
f 1758/2051/1993 1061/2055/1997 1759/2052/1994
f 1759/2052/1994 1058/2056/555 1756/652/606
f 1760/678/626 1054/2038/1980 1052/662/613
f 1762/2057/1998 1055/2039/1999 1054/2038/1980
f 1763/2058/2000 1056/2059/2001 1055/2039/1982
f 1764/2060/2002 1053/590/549 1056/2061/2001
f 1064/1292/1243 1762/2057/1998 1760/678/626
f 1077/1291/1242 1763/2058/2003 1762/2057/1998
f 1071/1294/2004 1764/2062/2002 1763/2058/2000
f 1070/2063/1235 1761/598/557 1764/2060/2002
f 1765/680/628 1059/2053/1995 1057/679/627
f 1767/2064/2005 1060/2054/1996 1059/2053/1995
f 1768/2065/2006 1061/2055/1997 1060/2054/1996
f 1061/2066/1997 1766/594/553 1058/596/555
f 1048/708/656 1767/2064/2005 1765/680/628
f 1051/2042/1984 1768/2065/2007 1767/2064/2005
f 1050/2044/1989 1769/2067/2008 1768/2065/2006
f 1049/2047/1988 1766/594/553 1769/2068/2008
f 1770/676/624 1104/2069/2009 1101/603/561
f 1772/2070/2010 1103/2071/2011 1104/2069/2009
f 1773/2072/2012 1102/2073/2013 1103/2071/2011
f 1774/2074/2014 1100/721/669 1102/2073/2013
f 1085/623/580 1772/2070/2010 1770/676/624
f 1087/2075/2015 1773/2072/2012 1772/2070/2010
f 1088/2076/2016 1774/2074/2014 1773/2072/2012
f 1089/2077/2017 1771/720/668 1774/2074/2014
f 1106/617/574 1777/2078/2018 1109/2079/2019
f 1109/2079/2019 1778/2080/2020 1108/2081/2021
f 1108/2081/2021 1779/2082/2022 1107/2083/2023
f 1107/2083/2023 1776/657/609 1105/660/612
f 1775/616/573 1092/2084/2024 1777/2078/2018
f 1777/2078/2018 1093/2085/2025 1778/2080/2020
f 1778/2080/2020 1094/2086/2026 1779/2082/2022
f 1779/2082/2022 1091/658/610 1776/657/609
f 1081/613/570 1782/2087/2027 1084/2088/2028
f 1084/2088/2028 1783/2089/2029 1083/2090/2030
f 1083/2090/2030 1784/2091/2031 1082/2092/2032
f 1082/2092/2032 1781/674/623 1080/638/595
f 1780/604/562 1104/2069/2009 1782/2087/2027
f 1782/2087/2027 1103/2071/2011 1783/2089/2029
f 1783/2089/2029 1102/2073/2013 1784/2091/2031
f 1784/2091/2031 1100/721/669 1781/674/623
f 1785/618/575 1099/2093/2033 1096/659/611
f 1787/2094/2034 1098/2095/2035 1099/2093/2033
f 1788/2096/2036 1097/2097/2037 1098/2095/2035
f 1789/2098/2038 1095/712/660 1097/2097/2037
f 1106/617/574 1787/2094/2034 1785/618/575
f 1109/2079/2019 1788/2096/2036 1787/2094/2034
f 1108/2081/2021 1789/2098/2038 1788/2096/2036
f 1107/2083/2023 1786/695/643 1789/2098/2038
f 1790/609/566 1114/2099/2039 1111/689/637
f 1792/2100/2040 1113/2101/2041 1114/2099/2039
f 1793/2102/2042 1112/2103/2043 1113/2101/2041
f 1794/2104/2044 1110/610/567 1112/2103/2043
f 1096/659/611 1792/2100/2040 1790/609/566
f 1099/2093/2033 1793/2102/2042 1792/2100/2040
f 1098/2095/2035 1794/2104/2044 1793/2102/2042
f 1097/2097/2037 1791/626/583 1794/2104/2044
f 1795/624/581 1087/2075/2015 1085/623/580
f 1797/2105/2045 1088/2076/2016 1087/2075/2015
f 1798/2106/2046 1089/2077/2017 1088/2076/2016
f 1799/2107/2047 1086/719/667 1089/2077/2017
f 1115/629/586 1797/2105/2045 1795/624/581
f 1117/2108/2048 1798/2106/2046 1797/2105/2045
f 1118/2109/2049 1799/2107/2047 1798/2106/2046
f 1119/2110/2050 1796/606/564 1799/2107/2047
f 1800/630/587 1117/2108/2048 1115/629/586
f 1802/2111/2051 1118/2109/2049 1117/2108/2048
f 1803/2112/2052 1119/2110/2050 1118/2109/2049
f 1804/2113/2053 1116/672/621 1119/2110/2050
f 1125/634/591 1802/2111/2051 1800/630/587
f 1127/2114/2054 1803/2112/2052 1802/2111/2051
f 1128/2115/2055 1804/2113/2053 1803/2112/2052
f 1129/2116/2056 1801/713/661 1804/2113/2053
f 1805/625/582 1124/2117/2057 1121/717/665
f 1807/2118/2058 1123/2119/2059 1124/2117/2057
f 1808/2120/2060 1122/2121/2061 1123/2119/2059
f 1809/2122/2062 1120/633/590 1122/2121/2061
f 1111/689/637 1807/2118/2058 1805/625/582
f 1114/2099/2039 1808/2120/2060 1807/2118/2058
f 1113/2101/2041 1809/2122/2062 1808/2120/2060
f 1112/2103/2043 1806/612/569 1809/2122/2062
f 1147/718/666 1812/2123/2063 1150/1310/1265
f 1150/1310/1265 1813/2124/2064 1151/1312/1267
f 1151/1312/1267 1814/2125/2065 1158/1318/1273
f 1158/1318/1273 1811/703/651 1148/705/653
f 1810/671/620 1133/1296/1248 1812/2123/2063
f 1812/2123/2063 1143/1300/1252 1813/2124/2064
f 1813/2124/2064 1142/1306/1260 1814/2125/2065
f 1814/2125/2065 1132/704/652 1811/703/651
f 1815/636/593 1127/2114/2054 1125/634/591
f 1817/2126/2066 1128/2115/2055 1127/2114/2054
f 1818/2127/2067 1129/2116/2056 1128/2115/2055
f 1819/2128/2068 1126/710/658 1129/2116/2056
f 1149/1324/1279 1817/2126/2066 1815/636/593
f 1163/1323/1278 1818/2127/2067 1817/2126/2066
f 1157/1326/1281 1819/2128/2068 1818/2127/2067
f 1156/1317/1272 1816/690/638 1819/2128/2068
f 1820/631/588 1137/1304/1256 1131/637/594
f 1822/2129/2069 1138/1309/1263 1137/1304/1256
f 1823/2130/2070 1144/1307/1261 1138/1309/1263
f 1824/2131/2071 1132/704/652 1144/1307/1261
f 1121/717/665 1822/2129/2069 1820/631/588
f 1124/2117/2057 1823/2130/2070 1822/2129/2069
f 1123/2119/2059 1824/2131/2071 1823/2130/2070
f 1122/2121/2061 1821/702/650 1824/2131/2071
f 1090/620/577 1827/2132/2072 1092/2084/2024
f 1092/2084/2024 1828/2133/2073 1093/2085/2025
f 1093/2085/2025 1829/2134/2074 1094/2086/2026
f 1094/2086/2026 1826/697/645 1091/658/610
f 1825/641/596 1173/2135/2075 1827/2132/2072
f 1827/2132/2072 1174/2136/2076 1828/2133/2073
f 1828/2133/2073 1175/2137/2077 1829/2134/2074
f 1829/2134/2074 1172/664/615 1826/697/645
f 1167/643/598 1832/2138/2078 1170/2139/2079
f 1170/2139/2079 1833/2140/2080 1169/2141/2081
f 1169/2141/2081 1834/2142/2082 1168/2143/2083
f 1168/2143/2083 1831/647/601 1166/646/600
f 1830/614/571 1084/2088/2028 1832/2138/2078
f 1832/2138/2078 1083/2090/2030 1833/2140/2080
f 1833/2140/2080 1082/2092/2032 1834/2142/2082
f 1834/2142/2082 1080/638/595 1831/647/601
f 1835/656/608 1184/1329/1284 1181/709/657
f 1837/2144/2084 1185/2145/1293 1184/1329/1284
f 1838/2146/2085 1192/1334/1289 1185/1338/1293
f 1839/2147/2086 1182/1335/1290 1192/1334/1289
f 1176/655/604 1837/2144/2084 1835/656/608
f 1178/2148/2087 1838/2146/2085 1837/2149/2084
f 1179/2150/2088 1839/2147/2086 1838/2146/2085
f 1180/2151/2089 1836/684/632 1839/2147/2086
f 1171/642/597 1842/2152/2090 1173/2135/2075
f 1173/2135/2075 1843/2153/2091 1174/2136/2076
f 1174/2136/2076 1844/2154/2092 1175/2137/2077
f 1175/2137/2077 1841/683/631 1172/664/615
f 1840/648/602 1195/1342/1297 1842/2152/2090
f 1842/2152/2090 1191/1336/1291 1843/2153/2091
f 1843/2153/2091 1190/1333/1288 1844/2154/2092
f 1844/2154/2092 1182/1335/1290 1841/683/631
f 1176/650/604 1847/2155/2093 1178/2148/2087
f 1178/2148/2087 1848/2156/2094 1179/2150/2088
f 1179/2150/2088 1849/2157/2095 1180/2151/2089
f 1180/2151/2089 1846/682/630 1177/681/629
f 1845/644/599 1170/2139/2079 1847/2155/2093
f 1847/2155/2093 1169/2141/2081 1848/2156/2094
f 1848/2156/2094 1168/2143/2083 1849/2157/2095
f 1849/2157/2095 1166/646/600 1846/682/630
f 1183/649/603 1852/2158/2096 1186/2159/1298
f 1186/1328/1283 1851/706/654 1181/709/657
f 1850/599/558 1072/2160/2097 1852/2158/2096
f 1852/2158/2098 1072/2160/2098 1065/2161/2098
f 1852/2162/2099 1062/707/655 1851/706/654
f 1853/579/538 1025/2163/1202 1013/580/539
f 1025/2163/2100 1855/2164/2101 1856/2165/2102
f 1025/1244/2100 1856/2166/2102 1016/1240/2103
f 1856/2167/2104 1011/2168/1185 1016/2169/1187
f 1131/637/594 1855/2164/2105 1853/579/538
f 1855/2164/2101 1139/1297/2106 1856/2165/2102
f 1139/2170/1249 1854/668/617 1856/2167/2104
f 1149/1324/1279 1859/2171/2107 1161/1322/1277
f 1161/1322/1277 1860/2172/2108 1162/1314/1269
f 1162/1314/1269 1861/2173/2109 1152/1311/1266
f 1152/1311/1266 1858/714/662 1147/718/666
f 1857/635/592 1039/1266/1214 1859/2171/2107
f 1859/2171/2107 1033/1260/1208 1860/2172/2108
f 1860/2172/2108 1032/1258/1206 1861/2173/2109
f 1861/2173/2109 1029/715/663 1858/714/662
f 527/945/872 523/944/866 1862/940/2110
f 501/1629/2111 502/2174/2111 1865/1627/2112
f 446/1624/1564 445/847/2113 447/2175/1576
f 524/1642/1586 525/2176/1590 1866/1643/2114
f 200/954/882 528/250/234 533/1601/884
f 540/960/880 200/954/882 535/2177/890
f 470/196/181 1436/342/326 128/197/182
f 719/204/189 1477/330/314 129/205/190
f 496/207/192 31/233/218 125/208/193
f 136/212/197 1499/273/257 682/213/198
f 1472/206/191 129/205/190 1482/215/200
f 440/220/205 1411/299/283 133/221/206
f 133/221/206 1517/300/284 646/226/211
f 30/230/215 125/208/193 1393/231/216
f 31/233/218 529/301/285 1393/231/216
f 32/240/225 560/303/287 1376/241/226
f 33/198/183 128/197/182 1382/243/227
f 528/250/234 1388/290/274 119/251/235
f 29/253/237 123/278/262 1375/254/238
f 470/196/181 33/198/183 126/256/240
f 33/198/183 541/244/228 1371/262/246
f 482/263/247 1416/272/256 136/212/197
f 441/265/249 1496/312/296 117/266/250
f 34/268/252 579/269/253 1382/243/227
f 34/268/252 127/242/190 1376/241/226
f 1422/267/251 117/266/250 1500/270/254
f 1416/272/256 495/909/1565 1499/273/257
f 442/277/261 30/230/215 123/278/262
f 506/280/264 1426/257/241 126/256/240
f 505/294/278 1504/332/316 116/295/279
f 29/253/237 559/255/239 1383/297/281
f 30/230/215 577/232/217 1375/254/238
f 1411/299/283 480/892/831 1517/300/284
f 31/233/218 124/298/282 1383/297/281
f 1392/252/236 119/251/235 1380/289/273
f 32/240/225 126/256/240 1371/262/246
f 1496/312/296 666/1095/1026 1466/313/297
f 1516/264/248 136/212/197 1462/214/199
f 117/266/250 1466/313/297 683/315/299
f 442/277/261 1421/209/194 125/208/193
f 481/322/306 1412/279/263 123/278/262
f 648/323/307 1461/339/323 131/324/308
f 1456/325/309 131/324/308 1467/326/310
f 506/280/264 32/240/225 127/242/190
f 521/329/313 1431/328/312 127/242/190
f 1482/215/200 129/205/190 1477/330/314
f 1504/332/316 717/1134/1073 1471/333/317
f 481/322/306 29/253/237 124/298/282
f 496/207/192 1417/338/322 124/298/282
f 1467/326/310 131/324/308 1461/339/323
f 1495/222/207 133/221/206 1457/227/212
f 521/329/313 34/268/252 128/197/182
f 1427/296/280 116/295/279 1509/343/327
f 116/295/279 1471/333/317 700/345/329
f 766/355/337 58/421/398 164/356/338
f 762/363/344 1580/507/471 152/364/345
f 776/366/347 49/428/404 159/367/348
f 1545/357/339 164/356/338 56/373/353
f 781/374/354 56/373/353 158/381/361
f 1560/382/362 158/381/361 57/383/363
f 791/384/364 57/383/363 165/390/369
f 1575/391/370 165/390/369 1687/392/371
f 44/418/395 863/531/495 1630/419/396
f 58/421/398 873/470/441 1624/422/399
f 887/423/400 42/440/395 148/424/397
f 49/428/404 153/432/408 1609/429/405
f 49/428/404 883/430/406 1619/431/407
f 153/432/408 48/365/346 867/433/409
f 167/435/411 1629/437/413 862/436/412
f 56/373/353 888/500/465 1639/438/414
f 1625/439/415 147/420/397 42/440/395
f 57/383/363 898/529/493 1654/444/419
f 1640/425/401 148/424/397 45/445/397
f 163/395/374 1649/449/423 902/447/421
f 59/448/422 925/530/494 1649/449/423
f 165/390/369 1654/444/419 908/450/424
f 857/451/425 1615/485/453 146/452/395
f 48/365/346 152/364/345 1659/454/426
f 152/364/345 47/405/384 934/455/427
f 150/458/395 46/477/395 929/459/430
f 47/405/384 160/404/383 1674/461/432
f 160/404/383 1684/412/391 946/462/433
f 1530/464/435 762/363/344 48/365/346
f 41/453/395 146/452/395 1610/468/439
f 1540/368/349 159/367/348 58/421/398
f 159/367/348 1619/431/407 873/470/441
f 146/452/395 43/486/395 882/471/442
f 935/475/445 1675/494/461 151/476/395
f 147/420/397 1630/419/396 893/483/451
f 776/366/347 1530/464/435 153/432/408
f 1615/485/453 877/533/497 43/486/395
f 151/476/395 1670/495/462 940/492/459
f 1675/494/461 945/1230/1174 1670/495/462
f 164/356/338 1624/422/399 888/500/465
f 45/445/397 903/524/488 1650/501/466
f 145/505/395 1620/506/470 882/471/442
f 44/418/395 872/526/490 1620/506/470
f 1580/507/471 830/403/382 47/405/384
f 41/453/395 150/458/395 1665/460/431
f 1660/511/475 935/475/445 46/477/395
f 1655/516/480 149/502/467 1645/517/481
f 149/502/467 1650/501/466 924/519/483
f 797/387/367 52/386/366 155/441/416
f 46/477/395 151/476/395 1680/493/460
f 148/424/397 1635/527/491 903/524/488
f 872/526/490 44/418/395 147/420/397
f 42/440/395 893/483/451 1635/527/491
f 158/381/361 1639/438/414 898/529/493
f 161/480/448 1644/482/450 925/530/494
f 863/531/495 44/418/395 145/505/395
f 1605/532/496 145/505/395 43/486/395
f 897/446/420 45/445/397 149/502/467
f 868/469/440 1660/511/475 150/458/395
f 976/542/504 84/608/565 194/543/505
f 961/548/509 1701/536/500 186/538/502
f 972/550/511 1746/696/644 182/551/512
f 986/553/514 75/615/572 189/554/515
f 1711/544/506 194/543/505 82/560/520
f 991/561/521 82/560/520 188/568/528
f 1726/569/529 188/568/528 83/570/530
f 1001/571/531 83/570/530 195/577/536
f 1053/590/549 1761/598/557 190/591/550
f 186/538/502 80/537/501 1101/603/561
f 70/605/563 1086/719/667 1796/606/564
f 84/608/565 1096/659/611 1790/609/566
f 1110/610/567 68/627/584 178/611/568
f 184/587/546 76/549/510 1081/613/570
f 75/615/572 183/619/576 1775/616/573
f 75/615/572 1106/617/574 1785/618/575
f 183/619/576 74/552/513 1090/620/577
f 82/560/520 1111/689/637 1805/625/582
f 1791/626/583 177/607/563 68/627/584
f 83/570/530 1121/717/665 1820/631/588
f 1806/612/569 178/611/568 71/632/589
f 195/577/536 1820/631/588 1131/637/594
f 1080/638/595 1781/674/623 176/639/563
f 74/552/513 182/551/512 1825/641/596
f 182/551/512 73/592/551 1171/642/597
f 192/595/554 77/589/548 1167/643/598
f 180/645/563 72/666/563 1166/646/600
f 73/592/551 190/591/550 1840/648/602
f 190/591/550 1850/599/558 1183/649/603
f 81/597/556 192/595/554 1845/644/599
f 1696/651/605 972/550/511 74/552/513
f 67/640/563 176/639/563 1776/657/609
f 1706/555/516 189/554/515 84/608/565
f 189/554/515 1785/618/575 1096/659/611
f 176/639/563 69/675/563 1105/660/612
f 76/549/510 186/538/502 1780/604/562
f 1172/664/615 1841/683/631 181/665/563
f 177/607/563 1796/606/564 1116/672/621
f 967/567/527 85/566/526 196/621/578
f 986/553/514 1696/651/605 183/619/576
f 1781/674/623 1100/721/669 69/675/563
f 85/566/526 1085/623/580 1770/676/624
f 181/665/563 1836/684/632 1177/681/629
f 1841/683/631 1182/1335/1290 1836/684/632
f 194/543/505 1790/609/566 1111/689/637
f 71/632/589 1126/710/658 1816/690/638
f 175/694/642 1786/695/643 1105/660/612
f 70/605/563 1095/712/660 1786/695/643
f 1746/696/644 1053/590/549 73/592/551
f 67/640/563 180/645/563 1831/647/601
f 1826/697/645 1172/664/615 72/666/563
f 1821/702/650 179/691/639 1811/703/651
f 179/691/639 1816/690/638 1148/705/653
f 77/589/548 184/587/546 1830/614/571
f 72/666/563 181/665/563 1846/682/630
f 178/611/568 1801/713/661 1126/710/658
f 1691/673/622 196/621/578 80/537/501
f 1095/712/660 70/605/563 177/607/563
f 68/627/584 1116/672/621 1801/713/661
f 188/568/528 1805/625/582 1121/717/665
f 1086/719/667 70/605/563 175/694/642
f 1771/720/668 175/694/642 69/675/563
f 1120/633/590 71/632/589 179/691/639
f 1091/658/610 1826/697/645 180/645/563
f 1373/1581/1521 1374/1582/1522 545/968/892
f 572/1000/927 560/303/287 1371/262/246
f 1375/254/238 1377/1583/1523 567/993/920
f 568/995/922 1378/1585/1525 1379/1584/1524
f 574/999/926 1379/1584/1524 1376/241/226
f 582/1003/930 590/1006/933 1378/1585/1525
f 590/1006/933 589/1017/947 1379/1584/1524
f 1379/1584/1524 589/1017/947 579/269/253
f 1381/1587/1526 1382/1590/1528 591/1588/1527
f 1381/1587/1526 550/2178/899 544/969/903
f 536/961/886 1385/1591/1530 1386/1592/1531
f 1387/1593/1532 1384/275/259 199/281/265
f 562/988/915 561/986/913 1387/1593/1532
f 1392/252/236 1394/1605/1537 533/1601/884
f 1394/1602/1537 1395/1606/1540 534/964/1538
f 1395/1603/1539 1393/231/216 529/301/285
f 1392/252/236 578/302/286 586/1604/937
f 1394/1602/1537 586/1011/937 581/1004/941
f 1395/1603/1539 580/1002/929 577/232/217
f 480/892/831 1411/299/283 1413/1621/1559
f 484/902/832 1414/1622/1560 1415/1623/1561
f 440/220/205 444/844/2115 1413/1621/1559
f 445/847/1563 446/1624/1564 1415/1623/1561
f 495/909/1565 1416/272/256 1418/1625/1566
f 498/907/1567 1418/1625/1566 1419/1626/1568
f 1865/1627/1569 1419/1626/1568 1420/1628/1570
f 501/1629/1571 1420/1628/1570 1417/338/322
f 482/263/247 493/904/840 1418/1625/1566
f 488/898/836 489/900/838 1420/1628/1570
f 1424/1632/1574 1425/1633/1575 504/913/849
f 1421/209/194 442/277/261 446/1634/1564
f 1424/1632/1574 447/850/1576 444/851/1577
f 1425/1633/1575 444/851/2116 441/265/249
f 1426/257/241 1428/1635/1579 476/888/1578
f 479/2179/824 476/888/1578 477/1637/820
f 476/888/1578 1428/1635/1579 477/1637/820
f 1429/1636/1580 1430/1638/1581 472/876/817
f 1426/257/241 506/280/264 513/930/1582
f 1429/1636/1580 509/931/855 508/920/853
f 1430/1638/1581 508/920/853 505/294/278
f 1436/342/326 1438/1645/1589 524/1644/1586
f 1440/1647/1593 1437/286/270 522/292/276
f 1458/1661/1605 1459/1662/1606 660/1069/1002
f 1459/1662/1606 1460/1663/1607 651/1066/999
f 665/1090/311 675/1089/1020 1458/1661/1605
f 667/1084/1015 664/341/325 1457/227/212
f 686/1100/1035 1465/1666/1610 1462/214/199
f 1463/1664/1608 661/1078/1011 655/1074/1007
f 1464/1665/1609 655/1074/1007 654/1072/1005
f 1465/1666/1610 654/1072/1005 647/314/298
f 1471/333/317 1473/1672/1614 703/1117/1052
f 1475/1674/1616 1472/1675/191 701/1124/201
f 722/1133/1072 731/1137/1076 1474/1673/1615
f 731/1137/1076 730/1146/1084 1475/1674/1616
f 730/1146/1084 719/1148/189 1472/1675/191
f 865/1853/1801 866/1854/1802 1608/1851/1799
f 876/1870/1818 875/1872/1820 1627/1879/1827
f 1636/1888/1836 1637/1889/1837 895/1886/1834
f 927/1903/1851 1647/1902/1850 1648/1904/1852
f 1652/1907/1855 1653/1908/1856 906/1893/1841
f 1658/1911/1859 1655/516/480 909/518/482
f 900/1896/1844 899/1898/1846 1658/1911/1859
f 1659/454/426 934/455/427 936/1915/1863
f 1662/1913/1861 937/1916/1864 938/1917/1865
f 932/1921/1869 1667/1920/1868 1668/1922/1870
f 938/1917/1865 1678/1932/1880 1675/494/461
f 1676/1930/1878 958/1236/1181 953/1231/1175
f 1772/2070/2010 1773/2072/2012 1103/2071/2011
f 1775/616/573 1090/620/577 1092/2084/2024
f 1785/618/575 1787/2094/2034 1099/2093/2033
f 1788/2096/2036 1789/2098/2038 1097/2097/2037
f 1108/2081/2021 1107/2083/2023 1789/2098/2038
f 1790/609/566 1792/2100/2040 1114/2099/2039
f 1793/2102/2042 1794/2104/2044 1112/2103/2043
f 1098/2095/2035 1097/2097/2037 1794/2104/2044
f 1809/2122/2062 1806/612/569 1120/633/590
f 1822/2129/2069 1823/2130/2070 1138/1309/1263
f 1823/2130/2070 1824/2131/2071 1144/1307/1261
f 1121/717/665 1124/2117/2057 1822/2129/2069
f 1124/2117/2057 1123/2119/2059 1823/2130/2070
f 1090/620/577 1825/641/596 1827/2132/2072
f 1828/2133/2073 1174/2136/2076 1175/2137/2077
f 1180/2151/2089 1177/681/629 1836/684/632
f 1173/2135/2075 1842/2152/2090 1843/2153/2091
f 1258/1/1 91/70/67 1/2/2
f 1209/4/4 222/183/170 20/5/5
f 87/7/7 1203/61/58 228/8/8
f 217/10/9 23/76/72 112/11/10
f 4/13/12 88/43/41 1223/14/13
f 202/16/15 1209/4/4 104/6/6
f 213/18/17 1254/163/152 100/19/18
f 227/21/20 15/83/78 107/22/21
f 3/9/7 86/27/7 1198/24/23
f 1213/26/25 218/159/149 4/13/12
f 1219/12/11 112/11/10 21/28/26
f 1229/30/28 103/96/90 19/31/29
f 1224/33/31 115/90/85 25/34/32
f 232/29/27 21/28/26 106/36/34
f 1234/37/35 106/36/34 22/38/36
f 1244/40/38 111/50/48 18/41/39
f 88/43/41 2/155/7 237/44/42
f 242/39/37 22/38/36 113/45/43
f 1249/46/44 113/45/43 1367/47/45
f 270/49/47 24/103/96 111/50/48
f 89/51/7 5/152/7 247/52/49
f 1259/54/51 202/16/15 16/17/16
f 275/56/53 1259/54/51 102/55/52
f 281/58/55 1269/66/63 108/59/56
f 1/2/2 212/194/179 1203/61/58
f 1274/62/59 275/56/53 17/57/54
f 287/64/61 1274/62/59 110/63/60
f 1269/66/63 304/774/719 1364/67/64
f 6/68/65 280/129/121 1253/69/66
f 104/6/6 20/5/5 342/71/68
f 10/73/70 327/191/176 1304/74/71
f 23/76/72 337/126/118 1298/77/73
f 351/78/74 8/95/70 96/79/70
f 102/55/52 16/17/16 322/81/76
f 15/83/78 101/87/82 1283/84/79
f 15/83/78 347/85/80 1293/86/81
f 101/87/82 14/20/19 331/88/83
f 114/89/84 1278/143/135 342/71/68
f 115/90/85 1303/92/87 326/91/86
f 19/31/29 356/97/91 1303/92/87
f 21/28/26 352/156/146 1313/93/88
f 1299/94/89 95/75/70 8/95/70
f 103/96/90 1308/98/92 356/97/91
f 18/41/39 366/102/95 1308/98/92
f 22/38/36 362/189/174 1328/99/93
f 1314/80/75 96/79/70 11/100/70
f 111/50/48 1323/104/97 366/102/95
f 24/103/96 389/1532/175 1323/104/97
f 113/45/43 1328/99/93 372/105/98
f 321/106/99 1289/141/133 94/107/70
f 14/20/19 100/19/18 1333/109/101
f 100/19/18 13/60/57 398/110/102
f 110/63/60 17/57/54 394/111/103
f 98/113/105 12/133/125 393/114/106
f 13/60/57 108/59/56 1348/116/108
f 108/59/56 1364/67/64 410/117/109
f 403/118/110 1360/123/115 1359/65/62
f 1359/65/62 110/63/60 1353/112/104
f 1204/119/111 213/18/17 14/20/19
f 1264/120/112 285/747/695 1358/121/113
f 1343/1554/1498 105/122/114 403/118/110
f 105/122/114 1358/121/113 403/118/110
f 7/108/100 94/107/70 1284/124/116
f 228/8/8 1213/26/25 86/27/7
f 1214/23/22 107/22/21 23/76/72
f 107/22/21 1293/86/81 337/126/118
f 94/107/70 9/142/134 346/127/119
f 92/128/120 1268/145/137 280/129/121
f 203/3/3 1/2/2 87/7/7
f 16/17/16 104/6/6 1288/72/69
f 399/131/123 1349/150/142 99/132/124
f 238/32/30 19/31/29 115/90/85
f 1239/134/126 252/724/672 1368/135/127
f 109/136/128 1368/135/127 371/137/129
f 95/75/70 1304/74/71 357/139/131
f 208/35/33 25/34/32 114/89/84
f 227/21/20 1204/119/111 101/87/82
f 1289/141/133 341/193/178 9/142/134
f 25/34/32 326/91/86 1278/143/135
f 1263/144/136 305/784/730 1268/145/137
f 286/146/138 1263/144/136 92/128/120
f 99/132/124 1344/151/143 404/148/140
f 1349/150/142 409/817/761 1344/151/143
f 5/152/7 90/168/157 1243/153/144
f 1218/154/145 233/160/150 2/155/7
f 112/11/10 1298/77/73 352/156/146
f 11/100/70 367/182/169 1324/157/147
f 218/159/149 1218/154/145 88/43/41
f 233/160/150 1233/188/173 89/51/7
f 93/161/70 1294/162/151 346/127/119
f 10/73/70 336/184/171 1294/162/151
f 1254/163/152 281/58/55 13/60/57
f 7/108/100 98/113/105 1339/115/107
f 425/164/153 1396/210/195 135/165/154
f 1334/167/156 399/131/123 12/133/125
f 90/168/157 1238/171/160 271/169/158
f 1248/170/159 253/733/681 1238/171/160
f 1329/172/161 97/158/148 1319/173/162
f 97/158/148 1324/157/147 388/175/164
f 1264/176/112 105/180/114 1365/177/165
f 276/179/167 6/68/65 91/70/67
f 17/57/54 102/55/52 1338/82/77
f 105/180/114 1343/2180/1498 408/181/168
f 248/42/40 18/41/39 103/96/90
f 1273/147/139 92/128/120 6/68/65
f 12/133/125 99/132/124 1354/149/141
f 96/79/70 1309/185/172 367/182/169
f 2/155/7 89/51/7 1228/53/50
f 1199/140/132 114/89/84 20/5/5
f 336/184/171 10/73/70 95/75/70
f 8/95/70 357/139/131 1309/185/172
f 1239/134/126 109/136/128 24/186/96
f 1233/188/173 243/195/180 5/152/7
f 106/36/34 1313/93/88 362/189/174
f 109/136/128 1318/138/130 389/190/175
f 1208/130/122 87/7/7 3/9/7
f 86/27/7 4/13/12 207/15/14
f 327/191/176 10/73/70 93/161/70
f 1279/192/177 93/161/70 9/142/134
f 91/70/67 1253/69/66 212/194/179
f 243/195/180 1248/170/159 90/168/157
f 361/101/94 11/100/70 97/158/148
f 332/125/117 1334/167/156 98/113/105
f 520/199/184 1522/1717/1675 134/200/185
f 134/200/185 1522/1717/1675 735/202/187
f 1396/210/195 448/852/794 1512/211/196
f 461/217/202 1406/317/301 122/218/203
f 1447/223/208 130/337/321 1452/224/209
f 26/228/213 543/261/245 1389/229/214
f 1407/234/219 132/249/233 1513/235/220
f 1402/237/222 426/837/781 1487/238/223
f 427/245/229 27/274/258 120/246/230
f 460/248/232 1491/310/294 132/249/233
f 461/217/202 28/219/204 121/258/242
f 26/228/213 120/246/230 1370/260/244
f 27/274/258 121/258/242 1384/275/259
f 28/219/204 199/281/265 1384/275/259
f 28/219/204 122/218/203 1389/229/214
f 135/165/154 1512/211/196 594/282/266
f 507/284/268 1432/201/186 134/200/185
f 1437/286/270 469/882/821 1508/287/271
f 1380/289/273 119/251/235 1388/290/274
f 27/274/258 558/276/260 1370/260/244
f 522/292/276 1437/286/270 137/288/272
f 1503/285/269 134/200/185 1476/203/188
f 1521/293/277 137/288/272 1481/305/289
f 137/288/272 1508/287/271 702/307/291
f 1487/238/223 614/1046/979 1446/308/292
f 132/249/233 1451/311/295 595/309/293
f 1491/310/294 630/1061/993 1451/311/295
f 449/316/300 26/228/213 122/218/203
f 459/318/302 1402/237/222 118/239/224
f 118/239/224 1446/308/292 628/320/304
f 1486/166/155 135/165/154 1442/283/267
f 427/245/229 1401/259/243 121/258/242
f 449/316/300 1397/247/231 120/246/230
f 1452/224/209 130/337/321 1441/334/318
f 613/336/320 1441/334/318 130/337/321
f 1584/346/330 143/415/331 35/347/331
f 1535/349/333 771/525/489 54/350/334
f 139/352/331 1529/406/385 777/353/336
f 38/358/331 140/388/331 1549/359/340
f 751/361/342 1535/349/333 156/351/335
f 37/354/331 138/372/331 1524/369/350
f 1539/371/352 767/503/468 38/358/331
f 1555/375/355 155/441/416 53/376/356
f 1550/378/358 167/435/411 60/379/359
f 1570/385/365 163/395/374 52/386/366
f 140/388/331 36/499/375 786/389/368
f 819/394/373 59/448/422 163/395/374
f 141/396/375 39/496/375 796/397/376
f 1585/399/378 751/361/342 50/362/343
f 824/401/380 1585/399/378 154/400/379
f 830/403/382 1595/411/390 160/404/383
f 35/347/331 761/534/498 1529/406/385
f 1600/407/386 824/401/380 51/402/381
f 835/409/388 1600/407/386 162/408/387
f 1595/411/390 840/1195/1134 1684/412/391
f 40/413/331 829/473/443 1579/414/392
f 156/351/335 54/350/334 878/416/393
f 154/400/379 50/362/343 858/426/402
f 166/434/410 1604/487/454 878/416/393
f 53/376/356 892/442/417 1629/437/413
f 155/441/416 1634/443/418 892/442/417
f 52/386/366 902/447/421 1634/443/418
f 162/408/387 51/402/381 930/456/428
f 55/410/389 162/408/387 1679/457/429
f 1590/465/436 835/409/388 55/410/389
f 157/466/437 55/410/389 939/463/434
f 777/353/336 1539/371/352 138/372/331
f 144/472/331 1594/489/456 829/473/443
f 752/348/332 35/347/331 139/352/331
f 50/362/343 156/351/335 1614/417/394
f 787/377/357 53/376/356 167/435/411
f 1565/478/446 801/2181/1106 1688/479/447
f 161/480/448 1688/479/447 907/481/449
f 757/380/360 60/379/359 166/434/410
f 60/379/359 862/436/412 1604/487/454
f 1589/488/455 841/1204/1143 1594/489/456
f 834/490/457 1589/488/455 144/472/331
f 39/496/375 142/512/476 1569/497/463
f 1544/498/464 782/504/469 36/499/375
f 767/503/468 1544/498/464 140/388/331
f 782/504/469 1559/528/492 141/396/375
f 1750/508/472 173/602/559 61/509/473
f 142/512/476 1564/515/479 820/513/477
f 1574/514/478 802/1176/1115 1564/515/479
f 1590/465/436 157/466/437 1685/520/484
f 825/522/486 40/413/331 143/415/331
f 51/402/381 154/400/379 1664/427/403
f 157/466/437 1669/467/438 944/523/487
f 1599/491/458 144/472/331 40/413/331
f 36/499/375 141/396/375 1554/398/377
f 1525/484/452 166/434/410 54/350/334
f 1565/478/446 161/480/448 59/448/422
f 1559/528/492 792/535/499 39/496/375
f 1534/474/444 139/352/331 37/354/331
f 138/372/331 38/358/331 756/360/341
f 143/415/331 1579/414/392 761/534/498
f 792/535/499 1574/514/478 142/512/476
f 1701/536/500 981/711/659 80/537/501
f 169/539/473 1695/593/552 987/540/503
f 64/545/473 170/575/473 1715/546/507
f 63/541/473 168/559/473 1690/556/517
f 1705/558/519 977/692/640 64/545/473
f 1721/562/522 185/628/585 79/563/523
f 1716/565/525 197/622/579 85/566/526
f 1736/572/532 193/582/541 78/573/533
f 170/575/473 62/688/636 996/576/535
f 1741/578/537 195/577/536 1853/579/538
f 1030/581/540 1857/635/592 193/582/541
f 171/583/542 65/685/633 1006/584/543
f 1751/586/545 961/548/509 76/549/510
f 1047/588/547 1751/586/545 184/587/546
f 61/509/473 971/722/670 1695/593/552
f 1766/594/553 1047/588/547 77/589/548
f 1058/596/555 1766/594/553 192/595/554
f 1761/598/557 1063/2182/1232 1850/599/558
f 66/600/559 1052/662/613 1745/601/560
f 196/621/578 1770/676/624 1101/603/561
f 197/622/579 1795/624/581 1085/623/580
f 79/563/523 1115/629/586 1795/624/581
f 185/628/585 1800/630/587 1115/629/586
f 78/573/533 1125/634/591 1800/630/587
f 193/582/541 1815/636/593 1125/634/591
f 1857/635/592 1149/1324/1279 1815/636/593
f 1756/652/606 1058/2056/555 81/653/556
f 187/654/607 81/653/556 1176/655/604
f 987/540/503 1705/558/519 168/559/473
f 174/661/473 1760/678/626 1052/662/613
f 962/510/474 61/509/473 169/539/473
f 997/564/524 79/563/523 197/622/579
f 1731/667/616 1011/2168/1185 1854/668/617
f 191/669/618 1854/668/617 1130/670/619
f 1755/677/625 1064/1292/1243 1760/678/626
f 1057/679/627 1755/677/625 174/661/473
f 65/685/633 172/698/646 1735/686/634
f 1710/687/635 992/693/641 62/688/636
f 977/692/640 1710/687/635 170/575/473
f 992/693/641 1725/716/664 171/583/542
f 172/698/646 1730/701/649 1031/699/647
f 1740/700/648 1012/1248/1195 1730/701/649
f 1756/652/606 187/654/607 1851/706/654
f 1048/708/656 66/600/559 173/602/559
f 187/654/607 1835/656/608 1181/709/657
f 1007/574/534 78/573/533 185/628/585
f 1765/680/628 174/661/473 66/600/559
f 62/688/636 171/583/542 1720/585/544
f 1731/667/616 191/669/618 1858/714/662
f 1725/716/664 1002/723/671 65/685/633
f 191/669/618 1810/671/620 1147/718/666
f 1700/663/614 169/539/473 63/541/473
f 168/559/473 64/545/473 966/547/508
f 173/602/559 1745/601/560 971/722/670
f 1002/723/671 1740/700/648 172/698/646
f 252/724/672 255/727/675 258/725/673
f 255/727/675 256/736/684 259/728/676
f 258/725/673 259/728/676 260/730/678
f 261/731/679 264/735/683 263/732/680
f 262/734/682 265/737/685 264/735/683
f 264/735/683 259/728/676 256/736/684
f 265/737/685 260/730/678 259/728/676
f 254/48/46 266/740/2117 268/738/686
f 266/740/688 257/1576/2118 269/741/689
f 267/739/687 268/738/686 265/742/690
f 268/744/686 269/729/689 260/730/692
f 288/745/693 291/751/697 290/746/694
f 289/748/696 292/759/699 291/749/697
f 291/751/697 293/754/700 300/752/698
f 286/146/138 294/757/703 297/755/701
f 294/757/703 295/1462/1416 298/758/704
f 296/756/702 297/755/701 292/759/705
f 297/755/701 298/758/704 293/760/706
f 299/761/707 302/763/709 301/762/708
f 300/752/698 293/754/700 302/763/709
f 302/763/709 298/766/711 295/764/710
f 303/178/166 306/2183/714 308/767/712
f 307/768/713 308/767/712 320/771/716
f 308/767/712 309/770/715 310/773/718
f 304/774/719 311/777/722 314/775/720
f 311/777/722 312/1460/1414 315/778/723
f 313/776/724 314/775/720 309/779/725
f 314/781/720 315/787/723 310/773/727
f 316/782/728 319/785/731 318/783/729
f 317/772/717 320/771/716 319/785/731
f 319/785/731 315/787/733 312/786/732
f 320/771/716 310/773/718 315/787/733
f 371/137/129 374/1579/736 376/788/734
f 375/789/735 376/788/734 387/792/738
f 376/788/734 377/791/737 378/794/740
f 372/105/98 379/797/743 381/795/741
f 379/797/743 380/806/751 382/798/744
f 381/795/741 382/798/744 378/800/746
f 383/801/748 386/805/750 385/802/749
f 384/793/739 387/792/752 386/803/750
f 386/805/750 382/798/744 380/806/751
f 387/792/752 378/794/746 382/807/744
f 408/808/168 411/811/755 414/809/753
f 411/811/755 412/822/764 415/812/756
f 414/809/753 415/812/756 416/814/758
f 417/815/759 420/821/763 419/816/760
f 418/818/762 421/2184/765 420/819/763
f 420/821/763 415/812/766 412/822/764
f 421/823/765 416/814/771 415/812/766
f 410/117/109 413/1572/769 423/824/767
f 422/825/768 423/824/767 421/823/765
f 423/824/767 424/813/2119 416/814/771
f 428/828/772 431/831/775 430/829/773
f 429/830/774 436/833/777 431/831/775
f 431/831/775 432/834/778 438/832/776
f 433/835/779 436/839/777 435/836/780
f 434/838/782 432/2185/778 436/839/777
f 438/832/776 432/834/778 439/840/783
f 439/840/783 432/2185/778 434/838/782
f 447/850/791 445/2186/2120 1863/846/792
f 454/855/797 455/1612/2121 456/856/798
f 457/857/802 452/1709/2122 451/859/795
f 472/879/817 474/878/818 473/880/819
f 476/888/826 479/2179/2123 478/889/827
f 483/890/829 486/894/833 485/891/830
f 488/898/836 487/906/835 490/899/837
f 491/903/839 494/905/841 493/904/840
f 492/896/834 486/895/833 494/905/841
f 494/905/841 487/906/835 488/898/836
f 498/907/842 504/911/2124 499/908/843
f 498/907/845 1865/916/851 500/910/846
f 508/920/853 511/923/856 510/921/854
f 511/923/856 519/926/859 517/924/857
f 511/923/856 509/922/855 512/925/858
f 514/928/861 512/925/858 509/922/855
f 516/932/863 519/934/859 518/933/864
f 1862/940/873 1866/939/2125 525/946/874
f 199/281/265 530/1600/878 198/947/876
f 532/948/877 198/947/876 540/952/880
f 533/956/884 534/964/1538 535/957/885
f 201/955/883 200/954/882 198/959/876
f 536/961/886 539/963/888 538/962/887
f 537/953/881 540/952/880 539/963/888
f 539/963/888 535/957/890 534/964/889
f 544/969/893 547/971/896 546/967/891
f 546/967/891 557/972/897 554/970/895
f 542/291/275 548/975/900 551/973/898
f 548/975/900 549/1595/1534 552/976/901
f 550/974/899 551/973/898 547/977/902
f 551/973/904 552/976/2126 557/979/905
f 553/980/907 556/982/909 555/981/908
f 554/970/895 557/972/911 556/982/909
f 556/982/909 552/985/912 549/983/910
f 561/986/913 564/989/916 563/987/914
f 562/988/915 565/997/924 564/989/916
f 564/989/916 576/992/919 573/990/917
f 564/989/916 565/997/924 566/991/918
f 567/993/920 570/996/923 569/994/921
f 568/995/922 571/1001/928 570/996/923
f 570/996/923 565/997/924 562/988/915
f 570/996/923 571/1001/928 566/991/918
f 560/303/287 572/1000/927 575/998/925
f 572/1000/927 573/990/917 576/992/919
f 575/998/925 571/1001/928 568/995/922
f 575/998/925 576/992/919 566/991/918
f 580/1002/929 583/1005/932 582/1003/930
f 581/1004/931 584/1007/934 583/1005/932
f 583/1005/932 593/1008/935 590/1006/933
f 578/1009/286 585/1012/938 587/1010/936
f 585/1012/938 591/1588/1527 588/1013/939
f 586/1011/937 587/1010/936 584/1007/940
f 587/1010/942 588/1013/2127 593/1014/943
f 579/269/253 589/1017/947 592/1015/945
f 589/1017/947 590/1006/933 593/1008/948
f 594/282/266 597/1706/952 599/1018/950
f 598/1019/951 599/1018/950 611/1022/954
f 599/1018/950 600/1021/953 601/1024/956
f 595/309/293 602/1027/959 605/1025/957
f 602/1027/959 603/1033/967 606/1028/960
f 604/1026/961 605/1025/957 600/1021/962
f 605/1025/957 606/1028/960 601/1024/956
f 607/1029/964 610/1032/966 609/1030/965
f 608/1023/955 611/1022/954 610/1032/966
f 610/1032/966 606/1028/960 603/1033/967
f 611/1022/954 601/1024/956 606/1028/960
f 615/1034/968 618/1037/971 617/1035/969
f 616/1036/970 619/2187/2128 618/1037/971
f 618/1037/971 619/2188/2128 625/1038/972
f 620/1039/973 623/1043/976 622/1040/974
f 621/1042/975 619/2189/2128 623/1043/976
f 623/1043/976 619/2187/2128 616/1036/970
f 624/1044/977 627/1047/980 626/1045/978
f 625/1038/972 619/2188/2128 627/1047/980
f 627/1047/980 619/2189/2128 621/1042/975
f 628/320/304 631/1050/983 634/1048/981
f 631/1050/983 632/1059/991 635/1051/984
f 634/1048/981 635/1051/984 636/1053/986
f 637/1054/987 640/1058/990 639/1055/988
f 638/1057/989 641/1060/992 640/1058/990
f 640/1058/990 635/1051/984 632/1059/991
f 641/1060/992 636/1053/986 635/1051/984
f 630/1061/993 642/1064/1628 644/1062/994
f 642/1064/996 633/1689/1630 645/1052/997
f 643/1063/995 644/1062/994 641/1060/992
f 644/1062/994 645/1052/997 636/1053/986
f 649/1065/998 652/1068/1001 651/1066/999
f 650/1067/1000 653/1070/1003 652/1068/1001
f 652/1068/1001 663/1071/1004 660/1069/1002
f 654/1072/1005 657/1075/1008 656/1073/1006
f 655/1074/1007 658/1076/1009 657/1075/1008
f 657/1075/1008 653/1070/1003 650/1067/1000
f 658/1076/1009 663/1081/1004 653/1070/1003
f 659/1077/1010 662/1080/1012 661/1078/1011
f 660/1069/1002 663/1071/1004 662/1080/1012
f 662/1080/1012 658/1076/1009 655/1074/1007
f 664/341/325 667/1084/1015 670/1082/1013
f 667/1084/1015 668/1093/1023 671/1085/1016
f 670/1082/1013 671/1085/1016 672/1087/1018
f 673/1088/1019 676/1092/1022 675/1089/1020
f 674/1091/1021 677/1094/1024 676/1092/1022
f 676/1092/1022 671/1085/1025 668/1093/1023
f 677/1094/1024 672/1087/2129 671/1085/1025
f 666/1095/1026 678/1098/2130 680/1096/1027
f 678/1098/1029 669/1695/1640 681/1086/1030
f 679/1097/1028 680/1096/1027 677/1094/1032
f 680/1096/1027 681/1086/2131 672/1087/1033
f 682/213/198 685/1101/1642 687/1099/1034
f 685/1101/1036 692/1697/1644 688/1102/1037
f 686/1100/1035 687/1099/1034 699/1103/1038
f 687/1099/1034 688/1102/1037 689/1105/1040
f 683/315/299 690/1108/1043 693/1106/1041
f 690/1108/1043 691/1114/1049 694/1109/1044
f 693/1106/1041 694/1109/1044 689/1105/1040
f 695/1110/1046 698/1113/1048 697/1111/1047
f 696/1104/1039 699/1103/1038 698/1113/1048
f 698/1113/1048 694/1109/1044 691/1114/1049
f 699/1103/1038 689/1105/1040 694/1109/1044
f 700/345/329 703/1117/1052 706/1115/1050
f 703/1117/1052 704/1127/1063 707/1118/1053
f 705/1116/1054 706/1115/1057 716/1119/1055
f 706/1115/1057 707/1118/2132 708/1121/1058
f 709/1122/1059 712/1126/1062 711/1123/1060
f 710/1125/1061 707/1131/1068 712/1126/1062
f 712/1126/1062 707/1118/1053 704/1127/1063
f 702/307/291 713/1130/1066 716/1128/1064
f 715/1129/1065 716/1128/2133 707/1131/1068
f 720/1132/1071 723/1136/1075 722/1133/1072
f 721/1135/1074 724/1145/1077 723/1136/1075
f 723/1136/1075 734/1139/1078 731/1137/1076
f 725/1140/1079 728/1143/1082 727/1141/1080
f 726/1142/1081 729/1144/1083 728/1143/1082
f 728/1143/1082 724/1145/1077 721/1135/1074
f 730/1146/1084 733/1149/1086 732/1147/1085
f 731/1137/1076 734/1139/1078 733/1149/1086
f 733/1149/1086 729/1144/1083 726/1142/1081
f 734/1139/1078 724/1138/1077 729/1144/1083
f 735/202/187 738/1152/1089 741/1150/1087
f 740/1151/1088 741/1150/1087 750/1154/1091
f 736/306/290 743/1160/1098 741/1158/1096
f 743/1160/1098 744/1166/1105 750/1161/1099
f 746/1162/1101 749/1165/1103 748/1163/1102
f 747/1155/1092 750/1154/1091 749/1165/1103
f 749/1165/1104 750/1161/1099 744/1166/1105
f 801/1167/1106 804/1170/1109 807/1168/1107
f 804/1170/1109 805/1179/1118 808/1171/1110
f 807/1168/1107 808/1171/1110 809/1173/1112
f 810/1174/1113 813/1178/1117 812/1175/1114
f 811/1177/1116 814/1180/1119 813/1178/1117
f 813/1178/1117 808/1171/1110 805/1179/1118
f 814/1180/1119 809/1173/1112 808/1171/1110
f 803/393/372 815/1183/2134 817/1181/1120
f 815/1183/1122 806/1943/2135 818/1184/1123
f 816/1185/1121 817/1186/1120 814/1180/1124
f 817/1186/1120 818/1172/1123 809/1173/1126
f 839/1187/485 842/1190/1129 844/1188/1127
f 842/1190/1129 849/2190/2136 845/1191/1130
f 843/1189/1128 844/1188/1127 856/1192/1131
f 844/1188/1127 845/1191/1130 846/1194/1133
f 840/1195/1134 847/1839/1137 850/1196/1135
f 847/1198/1137 848/1206/1789 851/1199/1138
f 850/1200/1135 851/1199/1138 846/1194/1140
f 852/1202/1141 855/1205/1144 854/1203/1142
f 853/1193/1132 856/1192/1131 855/1205/1144
f 855/1205/1144 851/1199/1146 848/1206/1145
f 856/1192/1131 846/1194/1133 851/1199/1146
f 907/481/449 910/2191/1149 912/1207/1147
f 911/1208/1148 912/1207/1147 923/1211/1151
f 912/1207/1147 913/1210/2137 914/1213/1153
f 908/450/424 915/1216/1156 917/1214/1154
f 915/1216/1156 916/1221/1163 918/1217/1157
f 917/1214/1154 918/1217/1157 914/1213/1159
f 919/1218/1160 922/1220/1162 921/1219/1161
f 920/1212/1152 923/1211/1164 922/1220/1162
f 922/1220/1162 918/1217/1157 916/1221/1163
f 923/1211/1164 914/1213/1159 918/1217/1157
f 944/523/487 947/1224/1167 949/1222/1165
f 947/1224/1167 948/1233/1177 950/1225/1168
f 949/1222/1165 950/1225/1168 951/1227/1170
f 952/1228/1172 955/1232/1176 954/1229/1173
f 953/1231/1175 956/1234/1178 955/1232/1176
f 955/1232/1176 950/1225/1179 948/1233/1177
f 956/1234/1178 951/1227/1184 950/1225/1179
f 946/462/433 957/1937/1182 959/1235/1180
f 958/1236/1181 959/1235/1180 956/1234/1178
f 959/1235/1180 960/1226/1183 951/1227/1184
f 1011/1238/1185 1014/1241/1188 1017/1239/1186
f 1014/1241/1188 1015/1251/1198 1018/1242/1189
f 1016/1240/1187 1017/1239/1186 1028/1243/1190
f 1017/1239/1186 1018/1242/1189 1019/1245/1192
f 1020/1246/1193 1023/1250/1197 1022/1247/1194
f 1021/1249/1196 1024/1252/1199 1023/1250/1197
f 1023/1250/1197 1018/1242/1189 1015/1251/1198
f 1024/1252/1199 1019/1245/1192 1018/1242/1189
f 1013/580/539 1025/2163/1202 1027/1253/1200
f 1026/1254/1201 1027/1253/1200 1024/1256/1204
f 1027/1255/1200 1028/1243/1203 1019/1245/1205
f 1032/1258/1206 1035/1261/1209 1034/1259/1207
f 1033/1260/1208 1036/1269/1211 1035/1261/1209
f 1035/1261/1209 1046/1264/1212 1043/1262/1210
f 1037/1265/1213 1040/1268/1216 1039/1266/1214
f 1038/1267/1215 1041/1270/1217 1040/1268/1216
f 1039/1266/1214 1040/1268/1216 1036/1269/1211
f 1031/699/647 1042/1273/1220 1045/1271/1218
f 1042/1273/1220 1043/2019/1964 1046/1274/1221
f 1044/1272/1219 1045/1271/1218 1041/1275/1222
f 1045/1271/1224 1046/1274/1212 1036/1277/1211
f 1062/707/655 1065/2192/1227 1067/1278/1225
f 1066/1279/1226 1067/1278/1225 1079/1282/1229
f 1067/1278/1225 1068/1281/1228 1069/1284/1231
f 1063/1285/1232 1070/1288/1235 1073/1286/1233
f 1070/1288/1235 1071/1294/2004 1074/1289/1236
f 1072/1287/1237 1073/1286/1233 1068/1281/1238
f 1073/1286/1233 1074/1289/1236 1069/1284/1240
f 1075/1290/1241 1078/1293/1244 1077/1291/1242
f 1076/1283/1230 1079/1282/1229 1078/1293/1244
f 1078/1293/1244 1074/1289/1246 1071/1294/1245
f 1079/1282/1229 1069/1284/1231 1074/1289/1246
f 1130/670/619 1139/2170/1249 1134/1295/1247
f 1133/1296/1248 1134/1295/1247 1146/1299/1251
f 1134/1295/1247 1135/1298/2138 1136/1301/1253
f 1131/637/594 1137/1304/1256 1140/1302/1254
f 1137/1304/1256 1138/1309/1263 1141/1305/1257
f 1140/1302/1254 1141/1305/1257 1136/1301/1259
f 1142/1306/1260 1145/1308/1262 1144/1307/1261
f 1143/1300/1252 1146/1299/1264 1145/1308/1262
f 1145/1308/1262 1141/1305/1257 1138/1309/1263
f 1146/1299/1264 1136/1301/1259 1141/1305/1257
f 1150/1310/1265 1153/1313/1268 1152/1311/1266
f 1151/1312/1267 1154/1321/1276 1153/1313/1268
f 1153/1313/1268 1165/1316/1271 1162/1314/1269
f 1153/1313/1268 1154/1321/1276 1155/1315/1270
f 1156/1317/1272 1159/1320/1275 1158/1318/1273
f 1156/1317/1272 1157/1326/1281 1160/1319/1274
f 1159/1320/1275 1154/1321/1276 1151/1312/1267
f 1159/1320/1275 1160/1319/1274 1155/1315/1270
f 1161/1322/1277 1164/1325/1280 1163/1323/1278
f 1162/1314/1269 1165/1316/1271 1164/1325/1280
f 1164/1325/1280 1160/1319/1274 1157/1326/1281
f 1165/1316/1271 1155/1315/1270 1160/1319/1274
f 1181/709/657 1184/1329/1284 1187/1327/1282
f 1184/1329/1284 1185/2145/1293 1188/1330/1285
f 1187/1327/1282 1188/1330/1285 1189/1332/1287
f 1190/1333/1288 1193/1337/1292 1192/1334/1289
f 1191/1336/1291 1194/1339/1294 1193/1337/1292
f 1193/1337/1292 1188/1340/1295 1185/1338/1293
f 1194/1339/1294 1189/1345/1300 1188/1340/1295
f 1183/649/603 1186/2159/1298 1196/1341/1296
f 1195/1342/1297 1196/1341/1296 1194/1339/1294
f 1196/1341/1296 1197/1344/2139 1189/1345/1300
f 223/25/24 1198/24/23 1200/1349/1304
f 226/1350/1305 1200/1349/1304 1201/1351/1306
f 225/1352/1308 1201/1351/1313 1202/1353/1309
f 1202/1355/1309 1199/140/132 222/183/170
f 1198/24/23 207/15/14 209/1357/1311
f 1200/1349/1304 209/1357/1311 210/1358/1312
f 1201/1351/1313 210/1358/1351 211/1359/1314
f 211/1360/1314 208/35/33 1199/140/132
f 1203/61/58 1205/1362/1316 231/1361/1315
f 1205/1362/1316 1206/1368/1322 230/1363/1317
f 1206/1364/1318 1207/1370/1324 229/1365/1319
f 229/1365/1319 1207/1370/1324 1204/119/111
f 212/194/179 214/1367/1321 1205/1362/1316
f 214/1367/1321 215/1435/1390 1206/1368/1322
f 215/1369/1323 216/1437/1392 1207/1370/1324
f 1207/1370/1324 216/1437/1392 213/18/17
f 1208/130/122 1210/1372/1326 206/1371/1325
f 1210/1372/1326 1211/1374/1331 205/1373/1327
f 1211/1374/1328 1212/1377/1332 204/1375/1329
f 204/1376/1329 1212/1378/1332 1209/4/4
f 223/25/24 226/1350/1305 1210/1372/1326
f 226/1350/1305 225/1352/1307 1211/1374/1331
f 225/1352/1308 224/1354/1310 1212/1377/1332
f 1212/1378/1332 224/1356/1310 222/183/170
f 218/159/149 1213/26/25 1215/1379/1333
f 221/1380/1334 1215/1379/1333 1216/1381/1335
f 220/1383/1337 1216/1386/1340 1217/1384/1338
f 1217/1384/1338 1214/23/22 217/10/9
f 1213/26/25 228/8/8 231/1361/1315
f 1215/1379/1333 231/1361/1315 230/1363/1317
f 1216/1386/1340 230/1366/1320 229/1365/1319
f 229/1365/1319 227/21/20 1214/23/22
f 233/160/150 1218/154/145 1220/1387/1341
f 236/1388/1342 1220/1387/1341 1221/1389/1343
f 235/1391/1345 1221/1394/1348 1222/1392/1346
f 1222/1392/1346 1219/12/11 232/29/27
f 1218/154/145 218/159/149 221/1380/1334
f 1220/1387/1341 221/1380/1334 220/1382/1336
f 1221/1394/1348 220/1383/1337 219/1385/1339
f 219/1385/1339 217/10/9 1219/12/11
f 207/15/14 1223/14/13 1225/1395/1349
f 209/1357/1311 1225/1395/1349 1226/1396/1350
f 210/1358/1351 1226/1396/1355 1227/1397/1352
f 1227/1398/1352 1224/33/31 208/35/33
f 1223/14/13 237/44/42 239/1399/1353
f 1225/1395/1349 239/1399/1353 240/1400/1354
f 1226/1396/1355 240/1400/1359 241/1401/1356
f 241/1402/1356 238/32/30 1224/33/31
f 237/44/42 1228/53/50 1230/1403/1357
f 239/1399/1353 1230/1403/1357 1231/1404/1358
f 240/1400/1359 1231/1404/1363 1232/1405/1360
f 1232/1406/1360 1229/30/28 238/32/30
f 1228/53/50 247/52/49 249/1407/1361
f 1230/1403/1357 249/1407/1361 250/1408/1362
f 1231/1404/1363 250/1408/1381 251/1409/1364
f 251/1410/1364 248/42/40 1229/30/28
f 243/195/180 1233/188/173 1235/1411/1365
f 246/1412/1366 1235/1411/1365 1236/1413/1367
f 245/1415/1369 1236/1418/1372 1237/1416/1370
f 1237/1416/1370 1234/37/35 242/39/37
f 1233/188/173 233/160/150 236/1388/1342
f 1235/1411/1365 236/1388/1342 235/1390/1344
f 1236/1418/1372 235/1391/1345 234/1393/1347
f 234/1393/1347 232/29/27 1234/37/35
f 1238/171/160 1240/1420/1374 274/1419/1373
f 1240/1420/1374 1241/1422/1376 273/1421/1375
f 1241/1422/1376 1242/1424/1378 272/1423/1377
f 1242/1424/1378 1239/134/126 270/187/47
f 253/733/681 263/732/680 1240/1420/1374
f 263/732/680 256/736/684 1241/1422/1376
f 256/736/684 255/727/675 1242/1424/1378
f 255/727/675 252/724/672 1239/134/126
f 247/52/49 1243/153/144 1245/1425/1379
f 249/1407/1361 1245/1425/1383 1246/1426/1380
f 250/1408/1381 1246/1426/1384 1247/1427/1382
f 251/1410/1364 1247/1429/1382 1244/40/38
f 1243/153/144 271/169/158 274/1419/1373
f 1245/1425/1383 274/1419/1373 273/1421/1375
f 1246/1426/1384 273/1421/1375 272/1423/1377
f 272/1428/1377 270/49/47 1244/40/38
f 253/733/681 1248/170/159 1250/1430/1385
f 261/731/679 1250/1430/1385 1251/1431/1386
f 262/743/691 1251/1433/1388 1252/1432/1387
f 267/739/687 1252/1432/1387 1249/46/44
f 1248/170/159 243/195/180 246/1412/1366
f 1250/1430/1385 246/1412/1366 245/1414/1368
f 1251/1433/1388 245/1415/1369 244/1417/1371
f 1252/1432/1387 244/1417/1371 242/39/37
f 1253/69/66 1255/1434/1389 214/1367/1321
f 1255/1434/1389 1256/1439/1394 215/1435/1390
f 1256/1436/1391 1257/1441/1396 216/1437/1392
f 216/1437/1392 1257/1441/1396 1254/163/152
f 280/129/121 282/1438/1393 1255/1434/1389
f 282/1438/1393 283/1456/1410 1256/1439/1394
f 283/1440/1395 284/1442/1397 1257/1441/1396
f 284/1442/1397 281/58/55 1254/163/152
f 1258/1/1 1260/1444/1399 279/1443/1398
f 1260/1444/1399 1261/1446/1404 278/1445/1400
f 1261/1446/1401 1262/1449/1405 277/1447/1402
f 277/1448/1402 1262/1450/1405 1259/54/51
f 203/3/3 206/1371/1325 1260/1444/1399
f 206/1371/1325 205/1373/1327 1261/1446/1404
f 205/1373/1330 204/1375/1329 1262/1449/1405
f 1262/1450/1405 204/1376/1329 202/16/15
f 305/784/730 1263/144/136 1265/1451/1406
f 316/782/728 1265/1451/1406 1266/1452/1407
f 317/772/717 1266/1452/1407 1267/1453/1408
f 307/768/713 1267/1453/1408 1264/176/112
f 1263/144/136 286/146/138 296/756/702
f 1265/1451/1406 296/756/702 289/748/696
f 1266/1452/1407 289/748/696 288/750/693
f 1267/1454/1408 288/745/693 285/747/695
f 1268/145/137 1270/1455/1409 282/1438/1393
f 1270/1455/1409 1271/1459/1413 283/1456/1410
f 1271/1457/1411 1272/1458/1412 284/1442/1397
f 1272/1458/1412 1269/66/63 281/58/55
f 305/784/730 318/783/729 1270/1455/1409
f 318/783/729 312/786/732 1271/1459/1413
f 312/1460/1414 311/777/722 1272/1458/1412
f 311/777/722 304/774/719 1269/66/63
f 1273/147/139 1275/1461/1415 294/757/703
f 1275/1461/1415 1276/1463/1419 295/1462/1416
f 1276/1463/1417 1277/1466/1418 301/1464/708
f 1277/1465/1418 1274/62/59 287/64/61
f 276/179/167 279/1443/1398 1275/1461/1415
f 279/1443/1398 278/1445/1400 1276/1463/1419
f 278/1445/1403 277/1447/1402 1277/1466/1418
f 277/1448/1402 275/56/53 1274/62/59
f 1278/143/135 1280/1468/1421 345/1467/1420
f 1280/1468/1421 1281/1470/1423 344/1469/1422
f 1281/1470/1423 1282/1472/1425 343/1471/1424
f 1282/1472/1425 1279/192/177 341/193/178
f 326/91/86 328/1473/1426 1280/1468/1421
f 328/1473/1426 329/1474/1427 1281/1470/1423
f 329/1474/1427 330/1475/1428 1282/1472/1425
f 330/1475/1428 327/191/176 1279/192/177
f 347/85/80 1283/84/79 1285/1476/1429
f 350/1477/1430 1285/1476/1429 1286/1478/1431
f 349/1479/1432 1286/1478/1431 1287/1480/1433
f 348/1481/1434 1287/1480/1433 1284/124/116
f 1283/84/79 331/88/83 333/1482/1435
f 1285/1476/1429 333/1482/1435 334/1483/1436
f 1286/1478/1431 334/1483/1436 335/1484/1437
f 1287/1480/1433 335/1484/1437 332/125/117
f 322/81/76 1288/72/69 1290/1485/1438
f 325/1486/1439 1290/1485/1438 1291/1487/1440
f 324/1488/1441 1291/1487/1440 1292/1489/1442
f 323/1490/1443 1292/1489/1442 1289/141/133
f 1288/72/69 342/71/68 345/1467/1420
f 1290/1485/1438 345/1467/1420 344/1469/1422
f 1291/1487/1440 344/1469/1422 343/1471/1424
f 1292/1489/1442 343/1471/1424 341/193/178
f 1293/86/81 1295/1492/1445 340/1491/1444
f 1295/1492/1445 1296/1494/1447 339/1493/1446
f 1296/1494/1447 1297/1496/1449 338/1495/1448
f 1297/1496/1449 1294/162/151 336/184/171
f 347/85/80 350/1477/1430 1295/1492/1445
f 350/1477/1430 349/1479/1432 1296/1494/1447
f 349/1479/1432 348/1481/1434 1297/1496/1449
f 348/1481/1434 346/127/119 1294/162/151
f 1298/77/73 1300/1498/1451 355/1497/1450
f 1300/1498/1451 1301/1500/1453 354/1499/1452
f 1301/1500/1453 1302/1502/1455 353/1501/1454
f 1302/1502/1455 1299/94/89 351/78/74
f 337/126/118 340/1491/1444 1300/1498/1451
f 340/1491/1444 339/1493/1446 1301/1500/1453
f 339/1493/1446 338/1495/1448 1302/1502/1455
f 338/1495/1448 336/184/171 1299/94/89
f 1303/92/87 1305/1503/1456 328/1473/1426
f 1305/1503/1456 1306/1504/1457 329/1474/1427
f 1306/1504/1457 1307/1505/1458 330/1475/1428
f 1307/1505/1458 1304/74/71 327/191/176
f 356/97/91 358/1506/1459 1305/1503/1456
f 358/1506/1459 359/1507/1460 1306/1504/1457
f 359/1507/1460 360/1508/1461 1307/1505/1458
f 360/1508/1461 357/139/131 1304/74/71
f 1308/98/92 1310/1509/1462 358/1506/1459
f 1310/1509/1462 1311/1510/1463 359/1507/1460
f 1311/1510/1463 1312/1511/1464 360/1508/1461
f 1312/1511/1464 1309/185/172 357/139/131
f 366/102/95 368/1512/1465 1310/1509/1462
f 368/1512/1465 369/1513/1466 1311/1510/1463
f 369/1513/1466 370/1514/1467 1312/1511/1464
f 370/1514/1467 367/182/169 1309/185/172
f 1313/93/88 1315/1516/1469 365/1515/1468
f 1315/1516/1469 1316/1518/1471 364/1517/1470
f 1316/1518/1471 1317/1520/1473 363/1519/1472
f 1317/1520/1473 1314/80/75 361/101/94
f 352/156/146 355/1497/1450 1315/1516/1469
f 355/1497/1450 354/1499/1452 1316/1518/1471
f 354/1499/1452 353/1501/1454 1317/1520/1473
f 353/1501/1454 351/78/74 1314/80/75
f 389/190/175 1318/138/130 1320/1521/1474
f 392/1522/1475 1320/1521/1474 1321/1523/1476
f 391/1524/1477 1321/1523/1476 1322/1525/1478
f 390/1527/1479 1322/1528/1478 1319/173/162
f 1318/138/130 371/137/129 375/789/735
f 1320/1521/1474 375/789/735 384/793/739
f 1321/1523/1476 384/793/739 383/804/748
f 1322/1528/1478 383/801/748 373/174/163
f 1323/104/97 1325/1529/1480 368/1512/1465
f 1325/1529/1480 1326/1530/1481 369/1513/1466
f 1326/1530/1481 1327/1531/1482 370/1514/1467
f 1327/1531/1482 1324/157/147 367/182/169
f 389/1532/175 392/1533/1475 1325/1529/1480
f 392/1533/1475 391/1534/1477 1326/1530/1481
f 391/1534/1477 390/1527/1479 1327/1531/1482
f 390/1527/1479 388/175/164 1324/157/147
f 1328/99/93 1330/1535/1483 379/797/743
f 1330/1535/1483 1331/1536/1484 380/806/751
f 1331/1536/1484 1332/1537/1485 385/802/749
f 1332/1537/1485 1329/172/161 373/174/163
f 362/189/174 365/1515/1468 1330/1535/1483
f 365/1515/1468 364/1517/1470 1331/1536/1484
f 364/1517/1470 363/1519/1472 1332/1537/1485
f 363/1519/1472 361/101/94 1329/172/161
f 331/88/83 1333/109/101 1335/1538/1486
f 333/1482/1435 1335/1538/1486 1336/1539/1487
f 334/1483/1436 1336/1539/1487 1337/1540/1488
f 335/1484/1437 1337/1540/1488 1334/167/156
f 1333/109/101 398/110/102 400/1541/1489
f 1335/1538/1486 400/1541/1489 401/1542/1490
f 1336/1543/1487 401/1563/1490 402/1544/1491
f 1337/1545/1488 402/1544/1491 399/1546/123
f 394/111/103 1338/82/77 1340/1548/1492
f 397/1549/1493 1340/1548/1492 1341/1550/1494
f 396/1551/1495 1341/1550/1494 1342/1552/1496
f 395/1553/1497 1342/1552/1496 1339/115/107
f 1338/82/77 322/81/76 325/1486/1439
f 1340/1548/1492 325/1486/1439 324/1488/1441
f 1341/1550/1494 324/1488/1441 323/1490/1443
f 1342/1552/1496 323/1490/1443 321/106/99
f 1343/1554/1498 1345/1555/1499 411/811/755
f 1345/1555/1499 1346/1556/1500 412/822/764
f 1346/1556/1500 1347/1557/1501 419/816/760
f 1347/1557/1501 1344/151/143 409/817/761
f 403/118/110 405/1558/1502 1345/1555/1499
f 405/1558/1502 406/1559/1503 1346/1556/1500
f 406/1559/1503 407/1560/1504 1347/1557/1501
f 407/1560/1504 404/148/140 1344/151/143
f 398/110/102 1348/116/108 1350/1561/1505
f 400/1541/1489 1350/1561/1505 1351/1562/1506
f 401/1563/1490 1351/1566/1506 1352/1564/1507
f 402/1544/1491 1352/1564/1507 1349/1565/142
f 1348/116/108 410/117/109 422/825/768
f 1350/1561/1505 422/825/768 418/827/762
f 1351/1566/1506 418/818/762 417/820/759
f 1352/1564/1507 417/820/759 409/1567/761
f 403/118/110 1353/112/104 1355/1568/1508
f 405/1558/1502 1355/1568/1508 1356/1569/1509
f 406/1559/1503 1356/1569/1509 1357/1570/1510
f 407/1560/1504 1357/1570/1510 1354/149/141
f 1353/112/104 394/111/103 397/1549/1493
f 1355/1568/1508 397/1549/1493 396/1551/1495
f 1356/1569/1509 396/1551/1495 395/1553/1497
f 1357/1570/1510 395/1553/1497 393/114/106
f 1359/65/62 1363/1348/1303 299/761/707
f 1363/1348/1303 1362/1347/1302 300/752/698
f 1362/1347/1302 1361/1346/1301 290/746/694
f 1361/1346/1301 1358/121/113 285/747/695
f 410/117/109 1364/67/64 1366/1571/1511
f 413/1573/754 1366/1574/1515 1365/177/165
f 1364/67/64 304/774/719 313/776/1512
f 1366/1574/1515 306/2183/714 303/178/166
f 1367/47/45 1369/1578/1519 266/740/1516
f 1369/1577/1518 1368/135/127 252/724/672
f 372/105/98 374/796/742 1369/1578/1519
f 374/1579/736 371/137/129 1368/135/127
f 543/261/245 1370/260/244 1372/1580/1520
f 553/980/907 1372/1580/1520 1373/1581/1521
f 1374/1582/1522 1371/262/246 541/244/228
f 1370/260/244 558/276/260 563/987/914
f 1372/1580/1520 563/987/914 573/990/917
f 573/990/917 572/1000/927 1374/1582/1522
f 1377/1583/1523 1378/1585/1525 568/995/922
f 577/232/217 582/1003/930 1377/1583/1523
f 1380/289/273 1381/1589/1526 585/1586/938
f 1380/289/273 542/291/275 550/974/899
f 529/301/285 1383/297/281 1385/1591/1530
f 1386/1592/1531 1387/1593/1532 532/948/877
f 1383/297/281 559/255/239 569/994/921
f 1385/1591/1530 569/994/921 562/988/915
f 561/986/913 558/276/260 1384/275/259
f 1388/290/274 1390/1594/1533 548/975/900
f 1390/1594/1533 1391/1599/1535 549/1595/1534
f 1391/1598/1535 1389/229/214 543/261/245
f 1388/290/274 528/250/234 201/955/883
f 1390/1594/1533 201/955/883 531/950/879
f 530/1600/878 199/281/265 1389/229/214
f 448/852/794 1396/210/195 1398/1607/1541
f 451/1608/795 1398/1607/1541 1399/1609/1542
f 455/1612/1545 453/1610/806 1400/1611/1543
f 453/1610/806 1399/1609/1542 1400/1611/1543
f 456/856/1544 1400/1611/1543 1397/247/231
f 425/164/153 430/829/773 1398/1607/1541
f 430/829/773 438/832/776 1399/1609/1542
f 438/832/776 437/841/784 1400/1611/1543
f 437/841/784 427/245/229 1397/247/231
f 1401/259/243 1403/1614/1547 467/1613/1546
f 465/2193/2140 467/1613/1546 1864/867/1549
f 467/1613/1546 1403/1614/1547 1864/867/1549
f 1404/1615/1548 1405/1616/1551 463/864/1550
f 1405/1616/1551 1402/237/222 459/318/302
f 1401/259/243 427/245/229 437/842/784
f 1403/1614/1547 437/842/784 434/838/782
f 1404/1615/1548 434/838/782 433/835/779
f 1405/1616/1551 433/835/779 426/837/781
f 1406/317/301 1408/1617/1553 454/855/1552
f 1408/1617/1553 1409/1618/1555 455/862/1554
f 1409/1618/1555 1410/1619/1556 458/858/801
f 1410/1619/1556 1407/234/219 450/236/221
f 1406/317/301 461/217/202 467/1620/1546
f 1408/1617/1553 467/1620/1546 465/871/1557
f 1409/1618/1555 465/871/1557 463/870/1558
f 1410/1619/1556 463/870/810 460/248/232
f 483/890/829 1413/1621/1559 1414/1622/1560
f 489/901/838 1415/1623/1561 1412/279/263
f 444/844/1562 445/847/1563 1414/1622/1560
f 446/1624/1564 442/277/261 1412/279/263
f 493/904/840 488/898/836 1419/1626/1568
f 489/900/838 481/322/306 1417/338/322
f 1421/209/194 1423/1631/1572 501/1630/1571
f 1423/1631/1572 1424/1632/1574 502/917/1573
f 1425/1633/1575 1422/267/251 497/271/255
f 1423/1631/1572 446/1634/1564 447/850/1576
f 1430/1638/1581 1427/296/280 468/344/328
f 1428/1635/1579 513/930/1582 509/931/855
f 1431/328/312 1433/1639/1583 513/927/1582
f 1433/1639/1583 1434/1640/1584 514/935/861
f 1434/1640/1584 1435/1641/1585 518/933/864
f 1435/1641/1585 1432/201/186 507/284/268
f 1431/328/312 521/329/313 524/1642/1586
f 1433/1639/1583 524/1642/1586 1866/1643/1587
f 1434/1640/1584 1866/1643/1587 523/938/1588
f 1435/1641/1585 523/938/1588 520/199/184
f 1438/1645/1589 1439/1646/1591 525/946/1590
f 1439/1646/1591 1440/1647/1593 527/942/1592
f 1436/342/326 470/196/181 478/889/1594
f 1438/1645/1589 478/889/1594 479/886/1595
f 1439/1646/1591 479/886/1595 474/885/822
f 1440/1647/1593 474/885/822 469/882/821
f 596/1031/319 1441/1651/318 1443/1648/1596
f 607/1029/964 1443/1648/1596 1444/1649/1597
f 608/1023/955 1444/1649/1597 1445/1650/1598
f 598/1019/951 1445/1650/1598 1442/283/267
f 1441/1651/318 613/1041/320 622/1040/974
f 1443/1648/1596 622/1040/974 616/1036/970
f 1444/1649/1597 616/1036/970 615/1034/968
f 1445/1650/1598 615/1034/968 612/321/305
f 1446/308/292 1448/1652/1599 631/1050/983
f 1448/1652/1599 1449/1653/1600 632/1059/991
f 1449/1653/1600 1450/1654/1601 639/1055/988
f 1450/1654/1601 1447/1655/208 629/1056/210
f 614/1046/979 626/1045/978 1448/1652/1599
f 626/1045/978 621/1042/975 1449/1653/1600
f 621/1042/975 620/1039/973 1450/1654/1601
f 620/1039/973 613/1041/320 1447/1655/208
f 1451/311/295 1453/1656/1602 602/1027/959
f 1453/1656/1602 1454/1657/1603 603/1033/967
f 1454/1657/1603 1455/1658/1604 609/1030/965
f 1455/1658/1604 1452/1659/209 596/1031/319
f 1451/311/295 630/1061/993 643/1063/995
f 1453/1656/1602 643/1063/995 638/1057/989
f 1454/1657/1603 638/1057/989 637/1054/987
f 1455/1658/1604 637/1054/987 629/1056/210
f 1456/1660/309 1458/1661/1605 659/1077/1010
f 1460/1663/1607 1457/227/212 646/226/211
f 675/1089/1020 668/1093/1023 1459/1662/1606
f 668/1093/1023 667/1084/1015 1460/1663/1607
f 684/1112/324 1461/1667/323 1463/1664/1608
f 695/1110/1046 1463/1664/1608 1464/1665/1609
f 696/1104/1039 1464/1665/1609 1465/1666/1610
f 1461/1667/323 648/1079/307 661/1078/1011
f 1466/313/297 1468/1668/1611 690/1108/1043
f 1468/1668/1611 1469/1669/1612 691/1114/1049
f 1469/1669/1612 1470/1670/1613 697/1111/1047
f 1470/1670/1613 1467/1671/310 684/1112/324
f 1466/313/297 666/1095/1026 679/1097/1028
f 1468/1668/1611 679/1097/1028 674/1091/1021
f 1469/1669/1612 674/1091/1021 673/1088/1019
f 1470/1670/1613 673/1088/1019 665/1090/311
f 1473/1672/1614 1474/1673/1615 704/1127/1063
f 1474/1673/1615 1475/1674/1616 711/1123/1060
f 717/1134/1073 722/1133/1072 1473/1672/1614
f 718/304/288 1476/203/188 1478/1676/1617
f 725/1140/1079 1478/1676/1617 1479/1677/1618
f 726/1142/1081 1479/1677/1618 1480/1678/1619
f 732/1147/1085 1480/1678/1619 1477/1679/314
f 1476/203/188 735/202/187 740/1151/1088
f 1478/1676/1617 740/1151/1088 747/1155/1092
f 1479/1677/1618 747/1155/1092 746/1162/1101
f 1480/1678/1619 746/1162/1101 737/1164/315
f 1481/305/289 1483/1680/1620 743/1160/1098
f 1483/1680/1620 1484/1681/1621 744/1166/1105
f 1484/1681/1621 1485/1682/1622 748/1163/1102
f 1485/1682/1622 1482/1683/200 737/1164/315
f 1481/305/289 702/307/291 715/1129/1065
f 1483/1680/1620 715/1129/1065 710/1125/1061
f 1484/1681/1621 710/1125/1061 709/1122/1059
f 1485/1682/1622 709/1122/1059 701/1124/201
f 1486/166/155 1488/1684/1623 428/828/772
f 1488/1684/1623 1489/1685/1625 429/830/1624
f 1489/1685/1625 1490/1686/1626 435/836/780
f 1490/1686/1626 1487/238/223 426/837/781
f 612/321/305 617/1035/969 1488/1684/1623
f 617/1035/969 625/1038/972 1489/1685/1625
f 625/1038/972 624/1044/977 1490/1686/1626
f 624/1044/977 614/1046/979 1487/238/223
f 630/1061/993 1491/310/294 1493/1687/1627
f 642/1064/996 1493/1687/1631 1494/1688/1629
f 633/1049/982 1494/1690/1633 1492/319/303
f 1491/310/294 460/248/232 466/869/811
f 1493/1687/1631 466/869/2141 462/874/1632
f 1494/1690/1633 462/863/807 459/318/302
f 1495/222/207 1497/1694/1639 443/843/1634
f 443/849/1638 1498/1693/1641 1496/312/296
f 664/341/325 669/1083/1014 1497/1694/1639
f 669/1695/1640 678/1098/1029 1498/1693/1637
f 1498/1693/1641 678/1098/2130 666/1095/1026
f 1499/273/257 1501/1696/1646 685/1101/1642
f 1501/1696/1643 1502/1699/1648 692/1697/1644
f 1502/1698/1645 1500/270/254 683/315/299
f 495/909/1565 499/908/2142 1501/1696/1646
f 503/912/848 497/271/255 1500/270/254
f 507/284/268 1503/285/269 1505/1700/1649
f 516/932/863 1505/1700/1649 1506/1701/1650
f 517/924/1651 1506/1701/1650 1507/1702/1652
f 510/921/854 1507/1702/1652 1504/332/316
f 1503/285/269 718/304/288 727/1141/1080
f 1505/1700/1649 727/1141/1080 721/1135/1074
f 1506/1701/1650 721/1135/1074 720/1132/1071
f 1507/1702/1652 720/1132/1071 717/1134/1073
f 1508/287/271 1510/1705/1653 713/1130/1066
f 714/1120/1654 1510/1703/1657 1511/1704/1655
f 705/1116/1051 1511/1704/1660 1509/343/327
f 469/882/821 475/884/823 1510/1705/1653
f 1511/1704/1660 471/875/816 468/344/328
f 1512/211/196 1514/1708/1662 597/1706/952
f 597/1020/963 1514/1710/1661 1515/1707/1661
f 604/1026/958 1515/1707/1664 1513/235/220
f 448/852/794 452/854/796 1514/1708/1662
f 452/1709/1663 457/857/1663 1515/1707/1661
f 1515/1707/1664 457/857/800 450/236/221
f 1516/264/248 1518/1711/1665 491/903/839
f 1518/1711/1665 1519/1712/1667 492/896/1666
f 1519/1712/1667 1520/1713/1668 485/891/830
f 1520/1713/1668 1517/300/284 480/892/831
f 647/314/298 656/1073/1006 1518/1711/1665
f 1518/1711/1665 656/1073/1006 650/1067/1000
f 650/1067/1000 649/1065/998 1520/1713/1668
f 1520/1713/1668 649/1065/998 646/226/211
f 1521/293/277 1523/1715/1672 526/941/1669
f 1523/1714/1670 1522/1717/1675 520/199/184
f 1521/293/277 736/306/290 745/1159/1097
f 738/1152/1089 735/202/187 1522/1717/1675
f 772/370/351 1524/369/350 1526/1718/1676
f 775/1719/1677 1526/1718/1676 1527/1720/1678
f 774/1722/1680 1527/1728/1685 1528/1723/1681
f 1528/1723/1681 1525/484/452 771/525/489
f 1524/369/350 756/360/341 758/1725/1683
f 1526/1726/1676 758/1766/1683 759/1727/1684
f 1527/1728/1685 759/1727/1723 760/1729/1686
f 760/1729/1686 757/380/360 1525/484/452
f 1529/406/385 1531/1731/1688 780/1730/1687
f 1531/1731/1688 1532/1737/1694 779/1732/1689
f 1532/1733/1690 1533/1739/1696 778/1734/1691
f 778/1734/1691 1533/1739/1696 1530/464/435
f 761/534/498 763/1736/1693 1531/1731/1688
f 763/1736/1693 764/1809/1762 1532/1737/1694
f 764/1738/1695 765/1811/1764 1533/1739/1696
f 1533/1739/1696 765/1811/1764 762/363/344
f 1534/474/444 1536/1741/1698 755/1740/1697
f 1536/1741/1698 1537/1746/1703 754/1742/1699
f 1537/1743/1700 1538/1747/1704 753/1744/1701
f 753/1744/1701 1538/1747/1704 1535/349/333
f 772/370/351 775/1719/1677 1536/1741/1698
f 775/1719/1677 774/1721/1679 1537/1746/1703
f 774/1722/1680 773/1724/1682 1538/1747/1704
f 1538/1747/1704 773/1724/1682 771/525/489
f 767/503/468 1539/371/352 1541/1748/1705
f 770/1749/1706 1541/1748/1705 1542/1750/1707
f 769/1751/1709 1542/1750/1712 1543/1752/1710
f 1543/1754/1710 1540/368/349 766/355/337
f 1539/371/352 777/353/336 780/1730/1687
f 1541/1748/1705 780/1730/1687 779/1732/1689
f 1542/1756/1712 779/1735/1692 778/1734/1691
f 778/1734/1691 776/366/347 1540/368/349
f 782/504/469 1544/498/464 1546/1757/1713
f 785/1758/1714 1546/1757/1713 1547/1759/1715
f 784/1760/1717 1547/1759/1720 1548/1761/1718
f 1548/1763/1718 1545/357/339 781/374/354
f 1544/498/464 767/503/468 770/1749/1706
f 1546/1757/1713 770/1749/1706 769/1751/1708
f 1547/1759/1720 769/1751/1709 768/1753/1711
f 768/1755/1711 766/355/337 1545/357/339
f 756/360/341 1549/359/340 1551/1765/1721
f 758/1766/1683 1551/1770/1721 1552/1767/1722
f 759/1727/1723 1552/1767/1727 1553/1768/1724
f 1553/1768/1724 1550/378/358 757/380/360
f 1549/359/340 786/389/368 788/1769/1725
f 1551/1770/1721 788/1774/1725 789/1771/1726
f 1552/1767/1727 789/1771/1731 790/1772/1728
f 790/1772/1728 787/377/357 1550/378/358
f 786/389/368 1554/398/377 1556/1773/1729
f 788/1774/1725 1556/1778/1729 1557/1775/1730
f 789/1771/1731 1557/1775/1735 1558/1776/1732
f 1558/1776/1732 1555/375/355 787/377/357
f 1554/398/377 796/397/376 798/1777/1733
f 1556/1778/1729 798/1799/1733 799/1779/1734
f 1557/1775/1735 799/1779/1753 800/1780/1736
f 800/1780/1736 797/387/367 1555/375/355
f 792/535/499 1559/528/492 1561/1781/1737
f 795/1782/1738 1561/1781/1737 1562/1783/1739
f 794/1784/1741 1562/1783/1744 1563/1785/1742
f 1563/1787/1742 1560/382/362 791/384/364
f 1559/528/492 782/504/469 785/1758/1714
f 1561/1781/1737 785/1758/1714 784/1760/1716
f 1562/1783/1744 784/1760/1717 783/1762/1719
f 783/1764/1719 781/374/354 1560/382/362
f 1564/515/479 1566/1790/1746 823/1789/1745
f 1566/1790/1746 1567/1792/1748 822/1791/1747
f 1567/1792/1748 1568/1796/1750 821/1793/1749
f 1568/1794/1750 1565/478/446 819/394/373
f 802/1176/1115 812/1175/1114 1566/1790/1746
f 812/1175/1114 805/1179/1118 1567/1792/1748
f 805/1179/1118 804/1170/1109 1568/1796/1750
f 804/1170/1109 801/1167/1106 1565/1797/446
f 796/397/376 1569/497/463 1571/1798/1751
f 798/1799/1733 1571/1802/1755 1572/1800/1752
f 799/1779/1753 1572/1800/1756 1573/1801/1754
f 800/1780/1736 1573/1801/1754 1570/385/365
f 1569/497/463 820/513/477 823/1789/1745
f 1571/1802/1755 823/2194/1745 822/1803/1747
f 1572/1800/1756 822/1803/1747 821/1795/1749
f 821/1795/1749 819/394/373 1570/385/365
f 802/1176/1115 1574/514/478 1576/1804/1757
f 810/1174/1113 1576/1804/1757 1577/1805/1758
f 811/1177/1125 1577/1805/1760 1578/1806/1759
f 816/1182/1121 1578/1807/1759 1575/391/370
f 1574/514/478 792/535/499 795/1782/1738
f 1576/1804/1757 795/1782/1738 794/1784/1740
f 1577/1805/1760 794/1784/1741 793/1786/1743
f 1578/1807/1759 793/1788/1743 791/384/364
f 1579/414/392 1581/1808/1761 763/1736/1693
f 1581/1808/1761 1582/1813/1766 764/1809/1762
f 1582/1810/1763 1583/1815/1768 765/1811/1764
f 765/1811/1764 1583/1815/1768 1580/507/471
f 829/473/443 831/1812/1765 1581/1808/1761
f 831/1812/1765 832/1833/1784 1582/1813/1766
f 832/1814/1767 833/1835/1786 1583/1815/1768
f 1583/1815/1768 833/1835/1786 830/403/382
f 1584/346/330 1586/1817/1770 828/1816/1769
f 1586/1817/1770 1587/1822/1775 827/1818/1771
f 1587/1819/1772 1588/1823/1776 826/1820/1773
f 826/1820/1773 1588/1823/1776 1585/399/378
f 752/348/332 755/1740/1697 1586/1817/1770
f 755/1740/1697 754/1742/1699 1587/1822/1775
f 754/1745/1702 753/1744/1701 1588/1823/1776
f 1588/1823/1776 753/1744/1701 751/361/342
f 841/1204/1143 1589/488/455 1591/1824/1777
f 852/1202/1141 1591/1824/1777 1592/1825/1778
f 853/1193/1132 1592/1825/1778 1593/1826/1779
f 843/1827/1128 1593/1831/1779 1590/465/436
f 1589/488/455 834/490/457 836/1828/1780
f 1591/1824/1777 836/1828/1780 837/1829/1781
f 1592/1825/1778 837/1829/1781 838/1830/1782
f 1593/1831/1779 838/1842/1782 835/409/388
f 1594/489/456 1596/1832/1783 831/1812/1765
f 1596/1832/1783 1597/1837/1788 832/1833/1784
f 1597/1834/1785 1598/1836/1787 833/1835/1786
f 1598/1836/1787 1595/411/390 830/403/382
f 841/1204/1143 854/1203/1142 1596/1832/1783
f 854/1203/1142 848/1206/1145 1597/1837/1788
f 848/1838/1789 847/1839/1137 1598/1836/1787
f 847/1839/1137 840/1195/1134 1595/411/390
f 1599/491/458 1601/1840/1790 836/1828/1780
f 1601/1840/1790 1602/1844/1792 837/1829/1781
f 1602/1841/1791 1603/1845/1793 838/1842/1782
f 838/1842/1782 1603/1845/1793 1600/407/386
f 825/522/486 828/1816/1769 1601/1840/1790
f 828/1816/1769 827/1818/1771 1602/1844/1792
f 827/1821/1774 826/1820/1773 1603/1845/1793
f 826/1820/1773 824/401/380 1600/407/386
f 1604/487/454 1606/1847/1795 881/1846/1794
f 1606/1847/1795 1607/1849/1797 880/1848/1796
f 1607/1849/1797 1608/1851/1799 879/1850/1798
f 1608/1851/1799 1605/532/496 877/533/497
f 862/436/412 864/1852/1800 1606/1847/1795
f 864/1852/1800 865/1853/1801 1607/1849/1797
f 866/1854/1802 863/531/495 1605/532/496
f 883/430/406 1609/429/405 1611/1855/1803
f 886/1856/1804 1611/1855/1803 1612/1857/1805
f 885/1858/1806 1612/1857/1805 1613/1859/1807
f 884/1860/1808 1613/1859/1807 1610/468/439
f 1609/429/405 867/433/409 869/1861/1809
f 1611/1855/1803 869/1861/1809 870/1862/1810
f 1612/1857/1805 870/1862/1810 871/1863/1811
f 1613/1859/1807 871/1863/1811 868/469/440
f 858/426/402 1614/417/394 1616/1864/1812
f 861/1865/1813 1616/1864/1812 1617/1866/1814
f 860/1867/1815 1617/1866/1814 1618/1868/1816
f 859/1869/1817 1618/1868/1816 1615/485/453
f 1614/417/394 878/416/393 881/1846/1794
f 1616/1864/1812 881/1846/1794 880/1848/1796
f 1617/1866/1814 880/1848/1796 879/1850/1798
f 1618/1868/1816 879/1850/1798 877/533/497
f 1619/431/407 1621/1871/1819 876/1870/1818
f 1621/1871/1819 1622/1873/1821 875/1872/1820
f 1622/1873/1821 1623/1875/1823 874/1874/1822
f 1623/1875/1823 1620/506/470 872/526/490
f 883/430/406 886/1856/1804 1621/1871/1819
f 886/1856/1804 885/1858/1806 1622/1873/1821
f 885/1858/1806 884/1860/1808 1623/1875/1823
f 884/1860/1808 882/471/442 1620/506/470
f 1624/422/399 1626/1877/1825 891/1876/1824
f 1626/1877/1825 1627/1879/1827 890/1878/1826
f 1627/1879/1827 1628/1881/1829 889/1880/1828
f 1628/1881/1829 1625/439/415 887/423/400
f 873/470/441 876/1870/1818 1626/1877/1825
f 875/1872/1820 874/1874/1822 1628/1881/1829
f 874/1874/1822 872/526/490 1625/439/415
f 1629/437/413 1631/1882/1830 864/1852/1800
f 1631/1882/1830 1632/1883/1831 865/1853/1801
f 1632/1883/1831 1633/1884/1832 866/1854/1802
f 1633/1884/1832 1630/419/396 863/531/495
f 892/442/417 894/1885/1833 1631/1882/1830
f 894/1885/1833 895/1886/1834 1632/1883/1831
f 895/1886/1834 896/1887/1835 1633/1884/1832
f 896/1887/1835 893/483/451 1630/419/396
f 1634/443/418 1636/1888/1836 894/1885/1833
f 1637/1889/1837 1638/1890/1838 896/1887/1835
f 1638/1890/1838 1635/527/491 893/483/451
f 902/447/421 904/1891/1839 1636/1888/1836
f 904/1891/1839 905/1892/1840 1637/1889/1837
f 905/1892/1840 906/1893/1841 1638/1890/1838
f 906/1893/1841 903/524/488 1635/527/491
f 1639/438/414 1641/1895/1843 901/1894/1842
f 1641/1895/1843 1642/1897/1845 900/1896/1844
f 1642/1897/1845 1643/1899/1847 899/1898/1846
f 1643/1899/1847 1640/425/401 897/446/420
f 888/500/465 891/1876/1824 1641/1895/1843
f 891/1876/1824 890/1878/1826 1642/1897/1845
f 890/1878/1826 889/1880/1828 1643/1899/1847
f 889/1880/1828 887/423/400 1640/425/401
f 925/530/494 1644/482/450 1646/1900/1848
f 928/1901/1849 1646/1900/1848 1647/1902/1850
f 926/1905/1853 1648/1904/1852 1645/517/481
f 1644/482/450 907/481/449 911/1208/1148
f 1646/1900/1848 911/1208/1148 920/1212/1152
f 1647/1902/1850 920/1212/1152 919/1218/1160
f 1648/1904/1852 919/1218/1160 909/518/482
f 1649/449/423 1651/1906/1854 904/1891/1839
f 1651/1906/1854 1652/1907/1855 905/1892/1840
f 1653/1908/1856 1650/501/466 903/524/488
f 925/530/494 928/1901/1849 1651/1906/1854
f 928/1901/1849 927/1903/1851 1652/1907/1855
f 927/1903/1851 926/1905/1853 1653/1908/1856
f 926/1905/1853 924/519/483 1650/501/466
f 1654/444/419 1656/1909/1857 915/1216/1156
f 1656/1909/1857 1657/1910/1858 916/1221/1163
f 1657/1910/1858 1658/1911/1859 921/1219/1161
f 898/529/493 901/1894/1842 1656/1909/1857
f 901/1894/1842 900/1896/1844 1657/1910/1858
f 899/1898/1846 897/446/420 1655/516/480
f 867/433/409 1659/454/426 1661/1912/1860
f 869/1861/1809 1661/1912/1860 1662/1913/1861
f 870/1862/1810 1662/1913/1861 1663/1914/1862
f 871/1863/1811 1663/1914/1862 1660/511/475
f 1661/1912/1860 936/1915/1863 937/1916/1864
f 1663/1914/1862 938/1917/1865 935/475/445
f 930/456/428 1664/427/403 1666/1918/1866
f 933/1919/1867 1666/1918/1866 1667/1920/1868
f 931/1923/1871 1668/1922/1870 1665/460/431
f 1664/427/403 858/426/402 861/1865/1813
f 1666/1918/1866 861/1865/1813 860/1867/1815
f 1667/1920/1868 860/1867/1815 859/1869/1817
f 1668/1922/1870 859/1869/1817 857/451/425
f 1669/467/438 1671/1924/1872 947/1224/1167
f 1671/1924/1872 1672/1925/1873 948/1233/1177
f 1672/1925/1873 1673/1926/1874 954/1229/1173
f 1673/1926/1874 1670/495/462 945/1230/1174
f 939/463/434 941/1927/1875 1671/1924/1872
f 941/1927/1875 942/1928/1876 1672/1925/1873
f 942/1928/1876 943/1929/1877 1673/1926/1874
f 943/1929/1877 940/492/459 1670/495/462
f 934/455/427 1674/461/432 1676/1930/1878
f 936/1915/1863 1676/1930/1878 1677/1931/1879
f 937/1916/1864 1677/1931/1879 1678/1932/1880
f 1674/461/432 946/462/433 958/1236/1181
f 1677/1931/1879 953/1231/1175 952/1228/1172
f 1678/1932/1880 952/1228/1172 945/1230/1174
f 939/463/434 1679/457/429 1681/1933/1881
f 941/1927/1875 1681/1933/1881 1682/1934/1882
f 942/1928/1876 1682/1934/1882 1683/1935/1883
f 943/1929/1877 1683/1935/1883 1680/493/460
f 1679/457/429 930/456/428 933/1919/1867
f 1681/1933/1881 933/1919/1867 932/1921/1869
f 1682/1934/1882 932/1921/1869 931/1923/1871
f 1683/1935/1883 931/1923/1871 929/459/430
f 946/462/433 1684/412/391 1686/1936/1884
f 957/1223/1885 1686/1941/1888 1685/520/484
f 1684/412/391 840/1195/1134 849/1197/1886
f 1686/1941/1888 842/1940/1129 839/521/485
f 1687/392/371 1689/1945/1893 815/1183/1889
f 1689/1944/1892 1688/1947/447 801/1167/1106
f 908/450/424 910/1215/1155 1689/1945/1893
f 910/1946/1149 907/2195/449 1688/1947/447
f 982/557/518 1690/556/517 1692/1948/1894
f 985/1949/1895 1692/1948/1894 1693/1950/1896
f 984/1951/1898 1693/1950/1903 1694/1952/1899
f 1694/1954/1899 1691/673/622 981/711/659
f 1690/556/517 966/547/508 968/1956/1901
f 1692/1948/1894 968/1956/1901 969/1957/1902
f 1693/1950/1903 969/1957/1941 970/1958/1904
f 970/1959/1904 967/567/527 1691/673/622
f 1695/593/552 1697/1961/1906 990/1960/1905
f 1697/1961/1906 1698/1963/1912 989/1962/1907
f 1698/1963/1908 1699/1968/1914 988/1964/1909
f 988/1965/1909 1699/1969/1914 1696/651/605
f 971/722/670 973/1966/1911 1697/1961/1906
f 973/1966/1911 974/1967/1977 1698/1963/1912
f 974/1967/1913 975/2036/1979 1699/1968/1914
f 1699/1969/1914 975/2037/1979 972/550/511
f 1700/663/614 1702/1971/1916 965/1970/1915
f 1702/1971/1916 1703/1973/1921 964/1972/1917
f 1703/1973/1918 1704/1976/1922 963/1974/1919
f 963/1975/1919 1704/1977/1922 1701/536/500
f 982/557/518 985/1949/1895 1702/1971/1916
f 985/1949/1895 984/1951/1897 1703/1973/1921
f 984/1951/1898 983/1953/1900 1704/1976/1922
f 1704/1977/1922 983/1955/1900 981/711/659
f 977/692/640 1705/558/519 1707/1978/1923
f 980/1979/1924 1707/1978/1923 1708/1980/1925
f 979/1981/1927 1708/1980/1930 1709/1982/1928
f 1709/1984/1928 1706/555/516 976/542/504
f 1705/558/519 987/540/503 990/1960/1905
f 1707/1978/1923 990/1960/1905 989/1962/1907
f 1708/1980/1930 989/1962/1910 988/1964/1909
f 988/1965/1909 986/553/514 1706/555/516
f 992/693/641 1710/687/635 1712/1986/1931
f 995/1987/1932 1712/1986/1931 1713/1988/1933
f 994/1990/1935 1713/1993/1938 1714/1991/1936
f 1714/1991/1936 1711/544/506 991/561/521
f 1710/687/635 977/692/640 980/1979/1924
f 1712/1986/1931 980/1979/1924 979/1981/1926
f 1713/1993/1938 979/2196/1927 978/1985/1929
f 978/1985/1929 976/542/504 1711/544/506
f 966/547/508 1715/546/507 1717/1994/1939
f 968/1956/1901 1717/1994/1939 1718/1995/1940
f 969/1957/1941 1718/1995/1945 1719/1996/1942
f 1719/1997/1942 1716/565/525 967/567/527
f 1715/546/507 996/576/535 998/1998/1943
f 1717/1994/1939 998/1998/1943 999/1999/1944
f 1718/1995/1945 999/1999/1949 1000/2000/1946
f 1000/2001/1946 997/564/524 1716/565/525
f 996/576/535 1720/585/544 1722/2002/1947
f 998/1998/1943 1722/2002/1947 1723/2003/1948
f 999/1999/1949 1723/2003/1953 1724/2004/1950
f 1724/2005/1950 1721/562/522 997/564/524
f 1720/585/544 1006/584/543 1008/2006/1951
f 1722/2002/1947 1008/2006/1951 1009/2007/1952
f 1723/2003/1953 1009/2007/1969 1010/2008/1954
f 1010/2009/1954 1007/574/534 1721/562/522
f 1002/723/671 1725/716/664 1727/2010/1955
f 1005/2011/1956 1727/2010/1955 1728/2012/1957
f 1004/2014/1959 1728/2017/1962 1729/2015/1960
f 1003/2016/1961 1729/2015/1960 1726/569/529
f 1725/716/664 992/693/641 995/1987/1932
f 1727/2010/1955 995/1987/1932 994/1989/1934
f 1728/2017/1962 994/1990/1935 993/1992/1937
f 993/1992/1937 991/561/521 1726/569/529
f 1730/701/649 1732/2018/1963 1042/1273/1220
f 1732/2018/1963 1733/2020/1965 1043/2019/1964
f 1733/2020/1965 1734/2023/1966 1034/2021/1207
f 1734/2022/1966 1731/667/616 1029/715/663
f 1012/1248/1195 1022/1247/1194 1732/2018/1963
f 1022/1247/1194 1015/1251/1198 1733/2020/1965
f 1015/1251/1198 1014/1241/1188 1734/2023/1966
f 1014/1241/1188 1011/1238/1185 1731/2024/616
f 1006/584/543 1735/686/634 1737/2025/1967
f 1008/2006/1951 1737/2025/1971 1738/2026/1968
f 1009/2007/1969 1738/2026/1972 1739/2027/1970
f 1010/2009/1954 1739/2029/1970 1736/572/532
f 1735/686/634 1031/699/647 1044/1272/1219
f 1737/2025/1971 1044/1272/1219 1038/1276/1223
f 1738/2026/1972 1038/1276/1215 1037/2028/1213
f 1739/2029/1970 1037/1265/1213 1030/581/540
f 1012/1248/1195 1740/700/648 1742/2030/1973
f 1020/1246/1193 1742/2030/1973 1743/2031/1974
f 1021/1257/1196 1743/2033/1974 1744/2032/1975
f 1026/1254/1201 1744/2032/1975 1741/578/537
f 1740/700/648 1002/723/671 1005/2011/1956
f 1742/2030/1973 1005/2011/1956 1004/2013/1958
f 1743/2033/1974 1004/2014/1959 1003/2016/1961
f 1744/2032/1975 1003/2016/1961 1001/571/531
f 1745/601/560 1747/2034/1976 973/1966/1911
f 1747/2034/1976 1748/2035/1981 974/1967/1977
f 1748/2035/1978 1749/2040/1983 975/2036/1979
f 975/2037/1979 1749/2041/1983 1746/696/644
f 1052/662/613 1054/2038/1980 1747/2034/1976
f 1054/2038/1980 1055/2039/1999 1748/2035/1981
f 1055/2039/1982 1056/2059/2001 1749/2040/1983
f 1749/2041/1983 1056/2061/2001 1053/590/549
f 1750/508/472 1752/2043/1985 1051/2042/1984
f 1752/2043/1985 1753/2045/1990 1050/2044/1986
f 1753/2045/1987 1754/2048/1991 1049/2046/1988
f 1049/2047/1988 1754/2049/1991 1751/586/545
f 962/510/474 965/1970/1915 1752/2043/1985
f 965/1970/1915 964/1972/1917 1753/2045/1990
f 964/1972/1920 963/1974/1919 1754/2048/1991
f 1754/2049/1991 963/1975/1919 961/548/509
f 1064/1292/1243 1755/677/625 1757/2050/1992
f 1075/1290/1241 1757/2050/1992 1758/2051/1993
f 1076/1283/1230 1758/2051/1993 1759/2052/1994
f 1066/1279/1226 1759/2052/1994 1756/652/606
f 1755/677/625 1057/679/627 1059/2053/1995
f 1757/2050/1992 1059/2053/1995 1060/2054/1996
f 1758/2051/1993 1060/2054/1996 1061/2055/1997
f 1759/2052/1994 1061/2055/1997 1058/2056/555
f 1760/678/626 1762/2057/1998 1054/2038/1980
f 1762/2057/1998 1763/2058/2003 1055/2039/1999
f 1763/2058/2000 1764/2062/2002 1056/2059/2001
f 1764/2060/2002 1761/598/557 1053/590/549
f 1064/1292/1243 1077/1291/1242 1762/2057/1998
f 1077/1291/1242 1071/1294/1245 1763/2058/2003
f 1071/1294/2004 1070/1288/1235 1764/2062/2002
f 1070/2063/1235 1063/2182/1232 1761/598/557
f 1765/680/628 1767/2064/2005 1059/2053/1995
f 1767/2064/2005 1768/2065/2007 1060/2054/1996
f 1768/2065/2006 1769/2067/2008 1061/2055/1997
f 1061/2066/1997 1769/2068/2008 1766/594/553
f 1048/708/656 1051/2042/1984 1767/2064/2005
f 1051/2042/1984 1050/2044/1986 1768/2065/2007
f 1050/2044/1989 1049/2046/1988 1769/2067/2008
f 1049/2047/1988 1047/588/547 1766/594/553
f 1770/676/624 1772/2070/2010 1104/2069/2009
f 1773/2072/2012 1774/2074/2014 1102/2073/2013
f 1774/2074/2014 1771/720/668 1100/721/669
f 1085/623/580 1087/2075/2015 1772/2070/2010
f 1087/2075/2015 1088/2076/2016 1773/2072/2012
f 1088/2076/2016 1089/2077/2017 1774/2074/2014
f 1089/2077/2017 1086/719/667 1771/720/668
f 1106/617/574 1775/616/573 1777/2078/2018
f 1109/2079/2019 1777/2078/2018 1778/2080/2020
f 1108/2081/2021 1778/2080/2020 1779/2082/2022
f 1107/2083/2023 1779/2082/2022 1776/657/609
f 1777/2078/2018 1092/2084/2024 1093/2085/2025
f 1778/2080/2020 1093/2085/2025 1094/2086/2026
f 1779/2082/2022 1094/2086/2026 1091/658/610
f 1081/613/570 1780/604/562 1782/2087/2027
f 1084/2088/2028 1782/2087/2027 1783/2089/2029
f 1083/2090/2030 1783/2089/2029 1784/2091/2031
f 1082/2092/2032 1784/2091/2031 1781/674/623
f 1780/604/562 1101/603/561 1104/2069/2009
f 1782/2087/2027 1104/2069/2009 1103/2071/2011
f 1783/2089/2029 1103/2071/2011 1102/2073/2013
f 1784/2091/2031 1102/2073/2013 1100/721/669
f 1787/2094/2034 1788/2096/2036 1098/2095/2035
f 1789/2098/2038 1786/695/643 1095/712/660
f 1106/617/574 1109/2079/2019 1787/2094/2034
f 1109/2079/2019 1108/2081/2021 1788/2096/2036
f 1107/2083/2023 1105/660/612 1786/695/643
f 1792/2100/2040 1793/2102/2042 1113/2101/2041
f 1794/2104/2044 1791/626/583 1110/610/567
f 1096/659/611 1099/2093/2033 1792/2100/2040
f 1099/2093/2033 1098/2095/2035 1793/2102/2042
f 1097/2097/2037 1095/712/660 1791/626/583
f 1795/624/581 1797/2105/2045 1087/2075/2015
f 1797/2105/2045 1798/2106/2046 1088/2076/2016
f 1798/2106/2046 1799/2107/2047 1089/2077/2017
f 1799/2107/2047 1796/606/564 1086/719/667
f 1115/629/586 1117/2108/2048 1797/2105/2045
f 1117/2108/2048 1118/2109/2049 1798/2106/2046
f 1118/2109/2049 1119/2110/2050 1799/2107/2047
f 1119/2110/2050 1116/672/621 1796/606/564
f 1800/630/587 1802/2111/2051 1117/2108/2048
f 1802/2111/2051 1803/2112/2052 1118/2109/2049
f 1803/2112/2052 1804/2113/2053 1119/2110/2050
f 1804/2113/2053 1801/713/661 1116/672/621
f 1125/634/591 1127/2114/2054 1802/2111/2051
f 1127/2114/2054 1128/2115/2055 1803/2112/2052
f 1128/2115/2055 1129/2116/2056 1804/2113/2053
f 1129/2116/2056 1126/710/658 1801/713/661
f 1805/625/582 1807/2118/2058 1124/2117/2057
f 1807/2118/2058 1808/2120/2060 1123/2119/2059
f 1808/2120/2060 1809/2122/2062 1122/2121/2061
f 1111/689/637 1114/2099/2039 1807/2118/2058
f 1114/2099/2039 1113/2101/2041 1808/2120/2060
f 1113/2101/2041 1112/2103/2043 1809/2122/2062
f 1112/2103/2043 1110/610/567 1806/612/569
f 1147/718/666 1810/671/620 1812/2123/2063
f 1150/1310/1265 1812/2123/2063 1813/2124/2064
f 1151/1312/1267 1813/2124/2064 1814/2125/2065
f 1158/1318/1273 1814/2125/2065 1811/703/651
f 1810/671/620 1130/670/619 1133/1296/1248
f 1812/2123/2063 1133/1296/1248 1143/1300/1252
f 1813/2124/2064 1143/1300/1252 1142/1306/1260
f 1814/2125/2065 1142/1306/1260 1132/704/652
f 1815/636/593 1817/2126/2066 1127/2114/2054
f 1817/2126/2066 1818/2127/2067 1128/2115/2055
f 1818/2127/2067 1819/2128/2068 1129/2116/2056
f 1819/2128/2068 1816/690/638 1126/710/658
f 1149/1324/1279 1163/1323/1278 1817/2126/2066
f 1163/1323/1278 1157/1326/1281 1818/2127/2067
f 1157/1326/1281 1156/1317/1272 1819/2128/2068
f 1156/1317/1272 1148/705/653 1816/690/638
f 1820/631/588 1822/2129/2069 1137/1304/1256
f 1824/2131/2071 1821/702/650 1132/704/652
f 1123/2119/2059 1122/2121/2061 1824/2131/2071
f 1122/2121/2061 1120/633/590 1821/702/650
f 1092/2084/2024 1827/2132/2072 1828/2133/2073
f 1093/2085/2025 1828/2133/2073 1829/2134/2074
f 1094/2086/2026 1829/2134/2074 1826/697/645
f 1825/641/596 1171/642/597 1173/2135/2075
f 1827/2132/2072 1173/2135/2075 1174/2136/2076
f 1829/2134/2074 1175/2137/2077 1172/664/615
f 1167/643/598 1830/614/571 1832/2138/2078
f 1170/2139/2079 1832/2138/2078 1833/2140/2080
f 1169/2141/2081 1833/2140/2080 1834/2142/2082
f 1168/2143/2083 1834/2142/2082 1831/647/601
f 1830/614/571 1081/613/570 1084/2088/2028
f 1832/2138/2078 1084/2088/2028 1083/2090/2030
f 1833/2140/2080 1083/2090/2030 1082/2092/2032
f 1834/2142/2082 1082/2092/2032 1080/638/595
f 1835/656/608 1837/2144/2084 1184/1329/1284
f 1837/2144/2084 1838/2197/2085 1185/2145/1293
f 1838/2146/2085 1839/2147/2086 1192/1334/1289
f 1839/2147/2086 1836/684/632 1182/1335/1290
f 1176/655/604 1178/2198/2087 1837/2144/2084
f 1178/2148/2087 1179/2150/2088 1838/2146/2085
f 1179/2150/2088 1180/2151/2089 1839/2147/2086
f 1171/642/597 1840/648/602 1842/2152/2090
f 1174/2136/2076 1843/2153/2091 1844/2154/2092
f 1175/2137/2077 1844/2154/2092 1841/683/631
f 1840/648/602 1183/649/603 1195/1342/1297
f 1842/2152/2090 1195/1342/1297 1191/1336/1291
f 1843/2153/2091 1191/1336/1291 1190/1333/1288
f 1844/2154/2092 1190/1333/1288 1182/1335/1290
f 1176/650/604 1845/644/599 1847/2155/2093
f 1178/2148/2087 1847/2155/2093 1848/2156/2094
f 1179/2150/2088 1848/2156/2094 1849/2157/2095
f 1180/2151/2089 1849/2157/2095 1846/682/630
f 1845/644/599 1167/643/598 1170/2139/2079
f 1847/2155/2093 1170/2139/2079 1169/2141/2081
f 1848/2156/2094 1169/2141/2081 1168/2143/2083
f 1849/2157/2095 1168/2143/2083 1166/646/600
f 1183/649/603 1850/599/558 1852/2158/2096
f 1186/1328/1283 1852/2162/2099 1851/706/654
f 1850/599/558 1063/2182/1232 1072/2160/2097
f 1852/2162/2099 1065/2192/1227 1062/707/655
f 1853/579/538 1855/2164/2105 1025/2163/1202
f 1856/2167/2104 1854/668/617 1011/2168/1185
f 1131/637/594 1139/1303/1255 1855/2164/2105
f 1139/2170/1249 1130/670/619 1854/668/617
f 1149/1324/1279 1857/635/592 1859/2171/2107
f 1161/1322/1277 1859/2171/2107 1860/2172/2108
f 1162/1314/1269 1860/2172/2108 1861/2173/2109
f 1152/1311/1266 1861/2173/2109 1858/714/662
f 1857/635/592 1030/581/540 1039/1266/1214
f 1859/2171/2107 1039/1266/1214 1033/1260/1208
f 1860/2172/2108 1033/1260/1208 1032/1258/1206
f 1861/2173/2109 1032/1258/1206 1029/715/663
