# Blender 5.2.2 LTS
# www.blender.org
mtllib Pata_Delantera_Der.mtl
o Pata_Delantera_Izq
v 5.244678 3.418308 -3.161206
v 2.805468 4.245392 -3.133089
v 5.220771 3.356786 -3.133089
v 2.824815 4.309181 -3.161206
v 5.268585 3.479830 -3.133089
v 5.244605 3.418349 -3.180407
v 5.273293 3.492176 -3.146665
v 5.215917 3.344522 -3.146665
v 5.317597 3.366173 -3.180407
v 5.204033 3.313942 -3.065206
v 5.317598 3.262492 -3.146665
v 5.317598 3.219548 -3.065206
v 5.317598 3.262492 -2.983747
v 5.215917 3.344522 -2.983747
v 5.317597 3.366173 -2.950006
v 5.317598 3.469854 -2.983747
v 5.244605 3.418349 -2.950006
v 5.244678 3.418308 -2.969206
v 5.273293 3.492176 -2.983747
v 5.268585 3.479830 -2.997324
v 5.317598 3.512799 -3.065206
v 5.285176 3.522756 -3.065206
v 5.278487 3.505314 -3.065206
v 2.844163 4.372970 -2.997324
v 2.844163 4.372970 -3.133089
v 2.852177 4.399392 -3.065206
v 2.946980 4.414063 -3.065206
v 2.374449 4.611667 -3.169745
v 2.934638 4.373373 -3.169745
v 2.934638 4.373373 -2.960668
v 2.386791 4.652358 -3.065206
v 2.374449 4.611667 -2.960668
v 2.344654 4.513433 -2.917366
v 2.904842 4.275138 -2.917366
v 2.314859 4.415198 -2.960668
v 2.875047 4.176905 -2.960668
v 2.302517 4.374508 -3.065206
v 2.862706 4.136215 -3.065206
v 2.875047 4.176905 -3.169745
v 2.314859 4.415197 -3.169745
v 2.344654 4.513433 -3.213046
v 2.904842 4.275136 -3.213046
v 2.797454 4.218970 -3.065206
v 5.220771 3.356786 -2.997324
v 5.210868 3.331302 -3.065206
v 2.805468 4.245392 -2.997324
v 2.824815 4.309181 -2.969206
v 5.317598 3.469854 -3.146665
v 5.541371 3.080997 -3.404560
v 5.629059 3.080997 -3.393015
v 5.541372 2.990997 -3.302920
v 5.453683 3.080997 -3.393016
v 5.479990 2.990997 -3.294839
v 5.541371 3.278435 -3.404560
v 5.453683 3.278435 -3.393016
v 5.371971 3.278435 -3.359169
v 5.541371 3.478435 -3.404560
v 5.453683 3.478435 -3.393016
v 5.422403 3.478435 -3.271819
v 5.371971 3.478435 -3.359169
v 5.541371 3.478435 -3.303697
v 5.479789 3.478435 -3.295589
v 5.541371 3.278435 -3.303697
v 5.479789 3.278435 -3.295589
v 5.422403 3.278435 -3.271819
v 5.541371 3.608433 -3.237075
v 5.497032 3.608433 -3.231237
v 5.455714 3.608433 -3.214123
v 5.627029 3.608433 -3.214123
v 5.373125 3.278435 -3.234007
v 5.420234 3.608433 -3.186898
v 5.420234 3.608433 -3.065760
v 5.455714 3.608433 -2.917397
v 5.627029 3.608433 -2.917397
v 5.541371 3.608433 -2.894445
v 5.422403 3.278435 -2.859700
v 5.497032 3.608433 -2.900282
v 5.420234 3.608433 -2.944622
v 5.712686 3.608433 -3.065760
v 5.373125 3.278435 -2.897513
v 5.315457 3.278435 -2.922997
v 5.318713 3.608433 -2.962971
v 5.371972 3.278435 -2.772350
v 5.301804 3.278435 -2.826192
v 5.247962 3.080997 -2.896360
v 5.301804 3.080997 -2.826192
v 5.247962 3.278435 -2.896360
v 5.214116 3.278435 -2.978072
v 5.214116 3.080997 -2.978072
v 5.202572 3.080997 -3.065760
v 5.312293 2.990997 -3.004378
v 5.335985 2.990997 -2.947180
v 5.312293 2.990997 -3.127141
v 5.304212 2.990997 -3.065760
v 5.373674 2.990997 -2.898062
v 5.602753 2.990997 -2.836681
v 5.371972 3.080997 -2.772350
v 5.479990 2.990997 -2.836681
v 5.422792 2.990997 -2.860373
v 5.770451 2.990997 -3.004378
v 5.709069 2.990997 -3.233457
v 5.880171 3.080997 -3.065759
v 5.770451 2.990997 -3.127141
v 5.778532 2.990997 -3.065760
v 5.868627 3.080997 -2.978072
v 5.746758 2.990997 -2.947180
v 5.709069 2.990997 -2.898062
v 5.659952 2.990997 -2.860373
v 5.780939 3.080997 -2.826192
v 5.834781 3.080997 -2.896360
v 5.710771 3.080997 -2.772350
v 5.834781 3.278435 -2.896360
v 5.780939 3.278435 -2.826192
v 5.747431 3.278435 -2.946791
v 5.710771 3.278435 -2.772350
v 5.709618 3.278435 -2.897513
v 5.662510 3.608433 -2.944622
v 5.660340 3.278435 -2.859700
v 5.602954 3.278435 -2.835930
v 5.585711 3.608433 -2.900282
v 5.541371 3.278435 -2.827822
v 5.629059 3.278435 -2.738504
v 5.541371 3.080997 -2.726960
v 5.541371 3.278435 -2.726960
v 5.629059 3.080997 -2.738504
v 5.541372 2.990997 -2.828600
v 5.453683 3.080997 -2.738504
v 5.453683 3.278435 -2.738504
v 5.453683 3.478435 -2.738504
v 5.541371 3.478435 -2.726960
v 5.541371 3.478435 -2.827822
v 5.479789 3.278435 -2.835930
v 5.479789 3.478435 -2.835930
v 5.422403 3.478435 -2.859700
v 3.999983 3.961435 -2.859700
v 3.999983 3.761435 -2.859700
v 5.371972 3.478435 -2.772350
v 3.999983 3.961435 -2.772350
v 3.999983 3.761435 -2.772350
v 5.689735 3.608433 -2.980102
v 5.771201 3.278435 -3.004177
v 5.706849 3.608433 -3.021420
v 5.779308 3.278435 -3.065759
v 5.771201 3.278435 -3.127342
v 5.868627 3.278435 -3.153447
v 5.880171 3.278435 -3.065759
v 5.868627 3.278435 -2.978072
v 5.868627 3.080997 -3.153447
v 5.834781 3.278435 -3.235160
v 5.834781 3.080997 -3.235160
v 5.747431 3.278435 -3.184728
v 5.780939 3.278435 -3.305328
v 5.710771 3.278435 -3.359169
v 5.660340 3.278435 -3.271819
v 5.780939 3.080997 -3.305328
v 5.709618 3.278435 -3.234007
v 5.662510 3.608433 -3.186898
v 5.689735 3.608433 -3.151417
v 5.706849 3.608433 -3.110099
v 5.710771 3.080997 -3.359169
v 5.659952 2.990997 -3.271147
v 5.602753 2.990997 -3.294839
v 5.629059 3.278435 -3.393015
v 5.602954 3.278435 -3.295589
v 5.585711 3.608433 -3.231237
v 5.746758 2.990997 -3.184340
v 5.214116 3.080997 -3.153447
v 5.247962 3.080997 -3.235160
v 5.202572 3.278435 -3.065760
v 5.214116 3.278435 -3.153447
v 5.315457 3.278435 -3.208522
v 5.247962 3.278435 -3.235160
v 5.315457 3.278435 -3.139659
v 5.315457 3.278435 -3.065760
v 5.318713 3.608433 -3.118967
v 5.318713 3.608433 -3.168548
v 5.318713 3.608433 -3.065760
v 5.318713 3.608433 -3.012552
v 5.315457 3.278435 -2.991860
v 5.301804 3.080997 -3.305327
v 5.301804 3.278435 -3.305327
v 5.371971 3.080997 -3.359169
v 5.422792 2.990997 -3.271147
v 5.373674 2.990997 -3.233457
v 5.335985 2.990997 -3.184340
v 3.999983 3.758435 -3.271819
v 3.999983 3.758435 -3.359169
v 3.999983 3.958435 -3.271819
v 3.999983 3.958435 -3.359169
v 2.426169 4.178434 -2.772350
v 2.662264 4.101934 -2.859700
v 2.426169 4.178434 -2.859700
v 2.662265 4.101934 -2.772350
v 2.428529 4.175813 -2.654986
v 2.428529 4.208561 -2.654986
v 2.426169 4.210210 -2.772350
v 2.426169 4.546210 -2.772350
v 1.926189 4.210210 -2.772350
v 1.928550 4.208561 -2.654986
v 1.926189 4.546210 -2.772350
v 1.855464 4.239503 -2.772350
v 1.826169 4.446157 -2.772350
v 1.826169 4.310221 -2.772350
v 1.857825 4.237854 -2.654986
v 1.828529 4.308570 -2.654986
v 1.857825 4.520767 -2.654986
v 1.828529 4.450017 -2.654986
v 1.855464 4.516905 -2.772350
v 2.428529 4.550072 -2.654986
v 1.928550 4.550072 -2.654986
v 2.659904 4.496995 -2.654986
v 2.426169 4.578434 -2.772350
v 2.428529 4.582373 -2.654986
v 2.662264 4.494434 -2.772350
v 2.662265 4.494434 -2.859700
v 2.426169 4.578434 -2.859700
v 4.000143 4.018435 -2.772350
v 4.000143 4.018435 -2.859700
v 4.000143 3.668435 -2.859700
v 4.000143 3.668435 -2.772350
v 2.659904 4.098058 -2.654986
v 2.426169 4.178432 -3.271819
v 2.662265 4.494432 -3.271819
v 2.662264 4.101933 -3.271819
v 2.426169 4.178432 -3.359169
v 2.426169 4.578434 -3.271819
v 2.426169 4.578434 -3.359169
v 2.428529 4.582372 -3.476532
v 2.659904 4.496994 -3.476532
v 2.428529 4.550069 -3.476532
v 2.662265 4.494432 -3.359169
v 2.426169 4.546208 -3.359169
v 1.926189 4.546208 -3.359169
v 1.928550 4.550069 -3.476532
v 1.926189 4.210208 -3.359169
v 1.926189 4.378210 -3.359169
v 2.426169 4.210208 -3.359169
v 2.428529 4.208560 -3.476532
v 1.928550 4.208560 -3.476532
v 1.857825 4.237853 -3.476532
v 1.928550 4.379314 -3.476532
v 1.828529 4.450016 -3.476532
v 1.857825 4.520764 -3.476532
v 1.828529 4.308568 -3.476532
v 1.855464 4.239501 -3.359169
v 1.826169 4.446157 -3.359169
v 1.826169 4.310218 -3.359169
v 1.855464 4.516903 -3.359169
v 2.659904 4.098055 -3.476532
v 2.428529 4.175810 -3.476532
v 2.662264 4.101933 -3.359169
v 4.000143 4.018435 -3.359169
v 4.000143 3.668435 -3.359169
v 4.000143 3.668435 -3.271819
v 4.000143 4.018435 -3.271819
v 5.646769 1.446609 -2.197938
v 5.472948 1.574828 -2.197938
v 5.646769 1.446609 -2.389938
v 5.626990 1.528205 -2.197938
v 5.696638 1.423141 -2.197938
v 5.611154 1.532449 -2.197938
v 5.537949 1.605654 -2.197938
v 5.421618 1.662397 -2.197938
v 5.433910 1.703035 -2.197938
v 5.433910 1.703035 -2.389938
v 5.421618 1.662397 -2.389938
v 5.435906 1.615470 -2.197938
v 6.048651 2.541892 -2.197938
v 5.511154 1.705655 -2.197938
v 5.537949 1.805655 -2.197938
v 5.611154 1.878860 -2.197938
v 5.711154 1.905654 -2.197938
v 5.811154 1.878860 -2.197938
v 5.884359 1.805655 -2.197938
v 5.911154 1.705655 -2.197938
v 6.396293 2.285454 -2.197938
v 5.884359 1.605654 -2.197938
v 5.781553 1.446599 -2.197938
v 5.811154 1.532449 -2.197938
v 5.726990 1.509897 -2.197938
v 5.745972 1.423138 -2.197938
v 5.745972 1.423138 -2.389938
v 5.696638 1.423141 -2.389938
v 5.755318 1.517488 -2.389938
v 5.781553 1.446599 -2.389938
v 6.396293 2.285454 -2.389938
v 5.811154 1.532449 -2.389938
v 5.884359 1.605654 -2.389938
v 5.911154 1.705655 -2.389938
v 6.048651 2.541892 -2.389938
v 5.884359 1.805655 -2.389938
v 5.811154 1.878860 -2.389938
v 5.711154 1.905654 -2.389938
v 5.611154 1.878860 -2.389938
v 5.537949 1.805655 -2.389938
v 5.511154 1.705655 -2.389938
v 5.472948 1.574828 -2.389938
v 5.537949 1.605654 -2.389938
v 5.611154 1.532449 -2.389938
v 5.711154 1.505653 -2.389938
v 5.435906 1.615470 -2.389938
v 5.372134 3.036429 -2.389938
v 6.555983 2.503161 -2.389938
v 6.586020 2.605268 -2.389938
v 6.549788 2.722961 -2.389938
v 6.456998 2.824704 -2.389938
v 6.326632 2.920869 -2.389938
v 5.511125 3.225918 -2.389938
v 5.294496 3.167788 -2.389938
v 5.448515 3.414459 -2.389938
v 5.650115 3.415406 -2.389938
v 5.312483 3.229005 -2.389938
v 5.316330 3.097301 -2.389938
v 5.372134 3.036429 -2.197938
v 5.316330 3.097301 -2.197938
v 5.294496 3.167788 -2.197938
v 5.511125 3.225918 -2.197938
v 6.326632 2.920869 -2.197938
v 5.650115 3.415406 -2.197938
v 5.448515 3.414459 -2.197938
v 5.312483 3.229005 -2.197938
v 6.456998 2.824704 -2.197938
v 6.549788 2.722961 -2.197938
v 6.586020 2.605268 -2.197938
v 6.555983 2.503161 -2.197938
v 5.711154 1.505653 -2.197938
v 5.427414 3.282833 -2.113564
v 5.427414 3.282833 -2.554363
v 5.524323 3.342217 -2.554363
v 5.524323 3.342217 -2.113564
v 5.400881 3.172316 -2.113564
v 5.570784 3.048875 -2.113564
v 5.460267 3.075408 -2.113564
v 5.400881 3.172316 -2.554363
v 5.460267 3.075408 -2.554363
v 5.634839 3.315685 -2.554363
v 5.667692 3.108261 -2.554363
v 5.570784 3.048875 -2.554363
v 5.667692 3.108261 -2.113564
v 5.694225 3.218777 -2.113564
v 5.634839 3.315685 -2.113564
v 5.694225 3.218777 -2.554363
v 5.541373 3.107512 -3.489860
v 5.541373 3.281927 -3.489860
v 5.650983 3.107512 -3.475429
v 5.431763 3.281927 -3.475429
v 5.431763 3.107512 -3.475429
v 5.241913 3.107512 -3.365819
v 5.329623 3.107512 -3.433121
v 5.329623 3.281927 -3.433121
v 5.840833 3.107512 -3.365820
v 5.132304 3.107512 -3.175970
v 5.629061 3.107512 -3.393616
v 5.541373 3.107512 -3.405160
v 5.453685 3.107512 -3.393616
v 5.371973 3.107512 -3.359769
v 5.301806 3.107512 -3.305928
v 5.247964 3.107512 -3.235760
v 5.214118 3.107512 -3.154048
v 5.202573 3.107512 -3.066360
v 5.214118 3.107512 -2.978672
v 5.247964 3.107512 -2.896960
v 5.241913 3.107512 -2.766900
v 5.431763 3.107512 -2.657290
v 5.329623 3.107512 -2.699598
v 5.329623 3.281927 -2.699598
v 5.241913 3.281927 -2.766900
v 5.174611 3.107512 -2.854610
v 5.132304 3.107512 -2.956750
v 5.650983 3.107512 -2.657290
v 5.453685 3.107512 -2.739104
v 5.371973 3.107512 -2.772951
v 5.301806 3.107512 -2.826792
v 5.541373 3.107512 -2.727560
v 5.629061 3.107512 -2.739104
v 5.710774 3.107512 -2.772951
v 5.780941 3.107512 -2.826792
v 5.950442 3.107512 -2.956750
v 5.950442 3.107512 -3.175970
v 5.964873 3.107512 -3.066360
v 5.964873 3.281927 -3.066360
v 5.950442 3.281927 -2.956750
v 5.908135 3.107512 -2.854610
v 5.868629 3.107512 -3.154048
v 5.880173 3.107512 -3.066360
v 5.868629 3.107512 -2.978672
v 5.834783 3.107512 -2.896960
v 5.840833 3.107512 -2.766900
v 5.908135 3.281927 -2.854610
v 5.840833 3.281927 -2.766900
v 5.753123 3.107512 -2.699598
v 5.753123 3.281927 -2.699598
v 5.650983 3.281927 -2.657290
v 5.541373 3.281927 -2.642860
v 5.834783 3.281927 -2.896960
v 5.780941 3.281927 -2.826792
v 5.710774 3.281927 -2.772951
v 5.629061 3.281927 -2.739104
v 5.541373 3.281927 -2.727560
v 5.453685 3.281927 -2.739104
v 5.371973 3.281927 -2.772951
v 5.301806 3.281927 -2.826792
v 5.247964 3.281927 -2.896960
v 5.214118 3.281927 -2.978672
v 5.117873 3.281927 -3.066360
v 5.174611 3.281927 -2.854610
v 5.132304 3.281927 -2.956750
v 5.117873 3.107512 -3.066360
v 5.132304 3.281927 -3.175970
v 5.174611 3.281927 -3.278110
v 5.247964 3.281927 -3.235760
v 5.214118 3.281927 -3.154048
v 5.202573 3.281927 -3.066360
v 5.301806 3.281927 -3.305928
v 5.371973 3.281927 -3.359769
v 5.453685 3.281927 -3.393616
v 5.541373 3.281927 -3.405160
v 5.753123 3.281927 -3.433121
v 5.650983 3.281927 -3.475429
v 5.753123 3.107512 -3.433121
v 5.840833 3.281927 -3.365820
v 5.710774 3.281927 -3.359770
v 5.629061 3.281927 -3.393616
v 5.780941 3.281927 -3.305928
v 5.834783 3.281927 -3.235760
v 5.868629 3.281927 -3.154048
v 5.880173 3.281927 -3.066360
v 5.868629 3.281927 -2.978672
v 5.950442 3.281927 -3.175970
v 5.908135 3.281927 -3.278110
v 5.908135 3.107512 -3.278110
v 5.174611 3.107512 -3.278110
v 5.241913 3.281927 -3.365819
v 5.541373 3.281927 -2.552480
v 5.431763 3.281927 -2.552480
v 5.650983 3.281927 -2.552480
v 5.431763 3.281927 -2.657290
v 5.650983 3.107512 -2.552480
v 5.541373 3.107512 -2.642860
v 5.541373 3.107512 -2.552480
v 5.431763 3.107512 -2.552480
v 5.834783 3.107512 -3.235760
v 5.780941 3.107512 -3.305928
v 5.710774 3.107512 -3.359770
vn -0.1345 -0.3653 -0.9211
vn -0.1345 -0.3652 -0.9211
vn -0.1353 -0.3678 -0.9200
vn -0.1353 -0.3679 -0.9200
vn -0.9321 0.3622 0.0043
vn -0.9310 0.3651 0.0030
vn 0.1346 0.3653 -0.9211
vn 0.1354 0.3678 -0.9200
vn -0.9332 0.3592 0.0031
vn -0.9332 0.3593 0.0031
vn -0.2382 -0.3139 -0.9191
vn -0.2341 -0.3274 -0.9154
vn -0.2389 -0.3113 -0.9198
vn -0.2422 -0.3003 -0.9226
vn -0.5885 -0.7215 -0.3648
vn -0.5862 -0.7266 -0.3583
vn -0.5903 -0.7174 -0.3699
vn -0.9305 0.3663 -0.0000
vn -0.5924 -0.7127 -0.3757
vn -0.5903 -0.7174 0.3700
vn -0.5885 -0.7215 0.3648
vn -0.5924 -0.7127 0.3757
vn -0.5903 -0.7174 0.3699
vn -0.5862 -0.7266 0.3583
vn -0.2389 -0.3113 0.9198
vn -0.2382 -0.3139 0.9191
vn -0.2422 -0.3002 0.9226
vn 0.1945 0.3296 0.9239
vn 0.2043 0.3172 0.9261
vn 0.2160 0.3022 0.9285
vn -0.2341 -0.3274 0.9154
vn -0.9321 0.3622 -0.0043
vn -0.9310 0.3651 -0.0030
vn -0.9332 0.3593 -0.0031
vn 0.1770 0.3514 0.9193
vn -0.9332 0.3592 -0.0031
vn -0.9337 0.3580 -0.0000
vn 0.3154 0.8649 0.3905
vn 0.2724 0.8870 0.3727
vn 0.3774 0.8280 0.4148
vn 0.3156 0.8648 0.3905
vn 0.3775 0.8279 0.4149
vn 0.4071 0.8080 0.4260
vn -0.9337 0.3581 -0.0000
vn 0.3775 0.8279 -0.4149
vn 0.2724 0.8870 -0.3727
vn 0.3154 0.8649 -0.3905
vn 0.3204 0.8694 -0.3762
vn 0.3207 0.8704 -0.3736
vn 0.3207 0.8704 -0.3735
vn 0.3207 0.8704 0.3736
vn 0.3204 0.8694 0.3762
vn 0.3207 0.8704 0.3735
vn 0.1436 -0.9279 0.3442
vn 0.1436 -0.9278 -0.3442
vn 0.1436 -0.9279 -0.3442
vn 0.3629 0.8531 -0.3749
vn 0.1436 -0.9278 0.3442
vn 0.3629 0.8531 0.3749
vn 0.1529 0.3594 0.9206
vn -0.1529 -0.3594 0.9206
vn -0.3629 -0.8531 0.3749
vn -0.3629 -0.8531 -0.3749
vn -0.1529 -0.3594 -0.9206
vn 0.5860 0.1714 0.7920
vn 0.3346 -0.4632 0.8207
vn 0.1529 0.3594 -0.9206
vn 0.7449 0.5873 0.3165
vn -0.3199 -0.8696 -0.3762
vn -0.3199 -0.8695 -0.3762
vn -0.3202 -0.8706 -0.3736
vn 0.7449 0.5873 -0.3165
vn -0.3202 -0.8706 0.3736
vn -0.3199 -0.8695 0.3762
vn -0.3199 -0.8696 0.3762
vn -0.3202 -0.8706 0.3735
vn -0.3202 -0.8706 -0.3735
vn -0.1353 -0.3678 0.9200
vn -0.1345 -0.3653 0.9211
vn -0.1353 -0.3679 0.9200
vn 0.5860 0.1714 -0.7920
vn 0.1354 0.3678 0.9200
vn 0.1345 0.3652 0.9211
vn 0.1346 0.3653 0.9211
vn 0.3346 -0.4632 -0.8207
vn 0.1345 0.3652 -0.9211
vn 0.4071 0.8080 -0.4260
vn 0.2043 0.3172 -0.9261
vn 0.1945 0.3296 -0.9239
vn 0.2160 0.3022 -0.9285
vn 0.1770 0.3514 -0.9193
vn -0.0438 -0.0000 -0.9990
vn 0.2588 -0.0000 -0.9659
vn -0.0000 -0.0000 -1.0000
vn 0.1716 -0.7487 -0.6403
vn -0.0000 -0.7487 -0.6629
vn -0.1716 -0.7487 -0.6403
vn -0.2588 -0.0000 -0.9659
vn -0.1305 -0.0000 -0.9914
vn -0.3722 -0.0000 -0.9282
vn -0.0000 1.0000 -0.0000
vn 0.1239 0.9897 -0.0715
vn 0.1886 0.9764 -0.1056
vn -0.1762 -0.0000 -0.9844
vn 0.1305 -0.0000 0.9914
vn 0.2588 -0.0000 0.9659
vn 0.1767 -0.0000 0.9843
vn -0.2537 0.1979 -0.9468
vn -0.0000 0.1979 -0.9802
vn 0.2176 -0.0000 0.9760
vn -0.4901 0.1979 -0.8489
vn -0.4804 0.1605 -0.8622
vn -0.4069 0.1858 -0.8944
vn -0.4804 0.1605 0.8622
vn -0.4901 0.1979 0.8489
vn -0.2537 0.1979 0.9468
vn -0.4069 0.1858 0.8944
vn -0.2029 0.1582 0.9663
vn -0.4016 0.1140 0.9087
vn -0.7071 -0.0000 0.7071
vn -0.8660 -0.0000 0.5000
vn -0.3723 -0.0000 0.9281
vn -0.9659 -0.0000 0.2588
vn -0.5741 -0.7487 0.3315
vn -0.6403 -0.7487 0.1716
vn -1.0000 -0.0000 -0.0000
vn -0.6629 -0.7487 -0.0000
vn -0.0000 -1.0000 -0.0000
vn -0.4688 -0.7487 0.4688
vn -0.3315 -0.7487 0.5741
vn 0.6629 -0.7487 -0.0000
vn 0.6403 -0.7487 0.1716
vn 0.5741 -0.7487 0.3315
vn 0.4688 -0.7487 0.4688
vn 0.3315 -0.7487 0.5741
vn 0.8660 -0.0000 0.5000
vn 0.7071 -0.0000 0.7071
vn 0.5000 -0.0000 0.8660
vn 0.8489 0.1979 0.4901
vn 0.6931 0.1979 0.6931
vn 0.4901 0.1979 0.8489
vn 0.2537 0.1979 0.9468
vn -0.0000 0.1979 0.9802
vn -0.0438 -0.0000 0.9990
vn -0.0000 -0.0000 1.0000
vn 0.1716 -0.7487 0.6403
vn -0.0000 -0.7487 0.6629
vn -0.1716 -0.7487 0.6403
vn -0.2588 -0.0000 0.9659
vn 1.0000 -0.0000 -0.0000
vn -0.1305 -0.0000 0.9914
vn 0.1305 -0.0000 -0.9914
vn 0.2177 -0.0000 -0.9760
vn 0.1767 -0.0000 -0.9843
vn 0.1246 0.9896 0.0720
vn 0.1897 0.9761 0.1062
vn 0.3317 0.9434 0.0071
vn -0.1761 -0.0000 0.9844
vn -0.1759 -0.0000 0.9844
vn 0.3321 0.9433 -0.0000
vn -0.3167 -0.9318 -0.1771
vn -0.3321 -0.9433 -0.0000
vn -0.3317 -0.9434 -0.0071
vn -0.3167 -0.9318 -0.1772
vn -0.3317 -0.9434 -0.0073
vn -0.3161 -0.9310 -0.1825
vn -0.5000 -0.0000 0.8660
vn 0.9468 0.1979 0.2537
vn 0.9802 0.1979 -0.0000
vn 0.9468 0.1979 -0.2537
vn 0.9659 -0.0000 0.2588
vn 0.9659 -0.0000 -0.2588
vn 0.8660 -0.0000 -0.5000
vn 0.7071 -0.0000 -0.7071
vn 0.5000 -0.0000 -0.8660
vn 0.6931 0.1979 -0.6931
vn 0.4901 0.1979 -0.8489
vn 0.8489 0.1979 -0.4901
vn 0.4688 -0.7487 -0.4688
vn 0.3315 -0.7487 -0.5741
vn 0.5741 -0.7487 -0.3315
vn 0.1716 -0.7487 -0.6404
vn 0.2537 0.1979 -0.9468
vn 0.6403 -0.7487 -0.1716
vn 0.6404 -0.7487 -0.1716
vn -0.6403 -0.7487 -0.1716
vn -0.9659 -0.0000 -0.2588
vn -0.8660 -0.0000 -0.5000
vn -0.5741 -0.7487 -0.3315
vn -1.0000 0.0099 -0.0000
vn -0.4016 0.1140 -0.9087
vn -0.2030 0.1582 -0.9663
vn -0.7071 -0.0000 -0.7071
vn -0.5000 -0.0000 -0.8660
vn -0.4688 -0.7487 -0.4688
vn -0.3315 -0.7487 -0.5741
vn -0.3150 -0.9326 0.1763
vn -0.3144 -0.9318 0.1815
vn -0.3298 -0.9440 0.0071
vn -0.3302 -0.9439 -0.0000
vn 0.1763 -0.0000 0.9843
vn 0.3298 0.9440 -0.0073
vn 0.1888 0.9763 -0.1054
vn 0.3302 0.9439 -0.0000
vn 0.3298 0.9440 -0.0071
vn -0.3082 -0.9513 -0.0000
vn -0.3107 -0.9505 -0.0104
vn -0.3082 -0.9513 -0.0075
vn -0.3111 -0.9502 -0.0214
vn -0.9998 -0.0000 0.0201
vn -0.0000 -0.9999 -0.0140
vn -0.1923 -0.9813 -0.0099
vn -0.1978 -0.9802 -0.0098
vn -0.3826 -0.9239 -0.0053
vn -0.3827 -0.9239 -0.0053
vn -0.9238 -0.3827 0.0132
vn -0.9802 -0.1972 0.0169
vn -0.9811 -0.1929 0.0170
vn -0.9798 0.1994 0.0131
vn -0.9816 0.1906 0.0135
vn -0.9239 0.3826 0.0060
vn -0.3827 0.9236 -0.0227
vn -0.1983 0.9797 -0.0282
vn -0.1919 0.9810 -0.0284
vn -0.0000 0.9995 -0.0329
vn 0.3391 0.9406 -0.0157
vn 0.3459 0.9375 -0.0384
vn 0.3382 0.9409 -0.0206
vn 0.3352 0.9421 -0.0000
vn 0.3352 0.9421 -0.0046
vn 0.9998 -0.0000 0.0201
vn -0.3183 -0.9472 -0.0377
vn -0.3082 -0.9513 0.0075
vn 0.3391 0.9406 0.0157
vn 0.3352 0.9421 0.0046
vn -0.9998 -0.0000 -0.0201
vn 0.3382 0.9409 0.0206
vn 0.3459 0.9375 0.0384
vn -0.0000 0.9995 0.0329
vn -0.1919 0.9810 0.0284
vn -0.1983 0.9797 0.0282
vn -0.0000 -0.9999 0.0140
vn -0.1923 -0.9813 0.0099
vn -0.1978 -0.9802 0.0098
vn -0.3827 -0.9239 0.0053
vn -0.9802 -0.1972 -0.0169
vn -0.9238 -0.3827 -0.0132
vn -0.9811 -0.1929 -0.0170
vn -0.9816 0.1906 -0.0135
vn -0.9798 0.1994 -0.0131
vn -0.9239 0.3826 -0.0060
vn -0.3827 0.9236 0.0227
vn -0.3107 -0.9505 0.0104
vn -0.3111 -0.9502 0.0214
vn -0.3183 -0.9472 0.0377
vn 0.9998 -0.0000 -0.0201
vn -0.6696 -0.7427 -0.0000
vn -0.5122 -0.8589 -0.0000
vn -0.2182 -0.9759 -0.0000
vn -0.8947 0.4467 -0.0000
vn -0.9572 0.2895 -0.0000
vn -0.9566 -0.2913 -0.0000
vn -0.8691 -0.4946 -0.0000
vn 0.6894 -0.7244 -0.0000
vn 0.5505 -0.8348 -0.0000
vn 0.5505 -0.8349 -0.0000
vn -0.0001 -1.0000 -0.0000
vn 0.8065 -0.5913 -0.0000
vn -0.5901 -0.8073 -0.0000
vn -0.6669 -0.7452 -0.0000
vn -0.8066 0.5911 -0.0000
vn -0.8672 -0.4979 -0.0000
vn -0.9552 -0.2959 -0.0000
vn -0.8964 0.4433 -0.0000
vn -0.8063 0.5915 -0.0000
vn -0.9594 0.2819 -0.0000
vn -0.0047 1.0000 -0.0000
vn 0.5919 0.8060 -0.0000
vn 0.5901 0.8073 -0.0000
vn 0.6695 0.7429 -0.0000
vn 0.8683 0.4960 -0.0000
vn 0.9557 0.2942 -0.0000
vn 0.9594 -0.2822 -0.0000
vn 0.8963 -0.4435 -0.0000
vn -0.9724 0.2334 -0.0000
vn -0.5225 0.8526 -0.0000
vn -0.8526 -0.5225 -0.0000
vn -0.2334 -0.9724 -0.0000
vn 0.5225 -0.8526 -0.0000
vn 0.9724 -0.2334 -0.0000
vn 0.8526 0.5225 -0.0000
vn 0.2334 0.9724 -0.0000
vn -0.0005 -1.0000 -0.0057
vn 0.0005 -1.0000 0.0037
vn 0.3827 -0.0000 0.9239
vn -0.0000 0.9999 -0.0165
vn 0.0001 0.9999 0.0112
vn -0.0000 1.0000 0.0039
vn -0.3827 -0.0000 0.9239
vt 0.071802 0.403474
vt 0.085753 0.404133
vt 0.085879 0.981510
vt 0.072027 0.979730
vt 0.167715 0.658318
vt 0.152351 0.661690
vt 0.153748 0.658318
vt 0.099731 0.983290
vt 0.177591 0.648442
vt 0.180963 0.649839
vt 0.169112 0.661690
vt 0.294410 0.628061
vt 0.309410 0.620584
vt 0.316404 0.638658
vt 0.303163 0.654603
vt 0.278832 0.634244
vt 0.140500 0.649839
vt 0.288540 0.664224
vt 0.271053 0.665000
vt 0.262587 0.638365
vt 0.250979 0.659843
vt 0.359108 0.604284
vt 0.366040 0.585149
vt 0.379236 0.599341
vt 0.246051 0.641100
vt 0.153748 0.624599
vt 0.140500 0.633079
vt 0.152351 0.621227
vt 0.169112 0.621227
vt 0.352748 0.595358
vt 0.167715 0.624599
vt 0.180963 0.633078
vt 0.343253 0.611702
vt 0.339204 0.605230
vt 0.177591 0.634475
vt 0.324403 0.613094
vt 0.099703 0.404793
vt 0.113680 0.984027
vt 0.127630 0.404792
vt 0.127630 0.983289
vt 0.113666 0.405066
vt 0.543062 0.923611
vt 0.511467 0.912589
vt 0.537210 0.907906
vt 0.537156 0.891146
vt 0.348697 0.938399
vt 0.348780 0.912589
vt 0.511384 0.938399
vt 0.520480 0.936775
vt 0.348697 0.886778
vt 0.511384 0.886778
vt 0.820237 0.989670
vt 0.657549 0.989670
vt 0.657349 0.963860
vt 0.820037 0.963860
vt 0.657149 0.938050
vt 0.819836 0.938050
vt 0.657066 0.912240
vt 0.819753 0.912240
vt 0.819836 0.886429
vt 0.657149 0.886429
vt 0.348296 0.990018
vt 0.511184 0.964209
vt 0.510984 0.990018
vt 0.348497 0.964209
vt 0.568572 0.944563
vt 0.559766 0.969040
vt 0.537280 0.956369
vt 0.553971 0.936334
vt 0.585097 0.947359
vt 0.585214 0.973346
vt 0.057838 0.403204
vt 0.610623 0.968811
vt 0.601597 0.944414
vt 0.044131 0.979741
vt 0.043874 0.403485
vt 0.058079 0.978995
vt 0.030281 0.981533
vt 0.029923 0.404157
vt 0.616123 0.936055
vt 0.632994 0.955938
vt 0.016430 0.983325
vt 0.015973 0.404828
vt 0.626918 0.923233
vt 0.649618 0.936193
vt 0.143872 0.634475
vt 0.143872 0.648442
vt 0.329650 0.622718
vt 0.994327 0.817174
vt 0.962802 0.831297
vt 0.962802 0.817174
vt 0.141144 0.497956
vt 0.170140 0.518034
vt 0.139172 0.518034
vt 0.171520 0.532089
vt 0.994327 0.803052
vt 0.962802 0.803052
vt 0.141144 0.538112
vt 0.355951 0.674789
vt 0.331741 0.729534
vt 0.331741 0.674789
vt 0.994327 0.788930
vt 0.380161 0.674789
vt 0.355951 0.729534
vt 0.335345 0.756907
vt 0.368770 0.761307
vt 0.352347 0.756907
vt 0.379336 0.735800
vt 0.380161 0.729534
vt 0.304133 0.674789
vt 0.304133 0.729534
vt 0.287130 0.729534
vt 0.287130 0.674789
vt 0.270128 0.729534
vt 0.162255 0.712532
vt 0.228028 0.753951
vt 0.156678 0.725557
vt 0.270128 0.674789
vt 0.168497 0.699813
vt 0.232044 0.744574
vt 0.276515 0.746227
vt 0.286629 0.747559
vt 0.296054 0.751463
vt 0.236539 0.735416
vt 0.256976 0.751463
vt 0.296054 0.819148
vt 0.175388 0.687433
vt 0.241500 0.726502
vt 0.304147 0.757673
vt 0.304147 0.785305
vt 0.237437 0.785305
vt 0.256976 0.819147
vt 0.276515 0.824383
vt 0.286629 0.823051
vt 0.158491 0.932821
vt 0.153362 0.919613
vt 0.225641 0.893672
vt 0.222444 0.883985
vt 0.304147 0.812937
vt 0.229334 0.903182
vt 0.303026 0.871163
vt 0.283061 0.895406
vt 0.287456 0.870483
vt 0.322059 0.870992
vt 0.305232 0.896374
vt 0.236822 0.926542
vt 0.164577 0.949018
vt 0.994327 0.690074
vt 0.994327 0.704196
vt 0.962802 0.704196
vt 0.962802 0.690074
vt 0.326898 0.891571
vt 0.994327 0.675952
vt 0.994327 0.718319
vt 0.962802 0.718319
vt 0.346583 0.881324
vt 0.241907 0.621258
vt 0.221839 0.619191
vt 0.228006 0.588844
vt 0.962802 0.732441
vt 0.202555 0.613260
vt 0.242054 0.590291
vt 0.260245 0.574143
vt 0.246604 0.577798
vt 0.232482 0.577798
vt 0.206610 0.567081
vt 0.218841 0.574143
vt 0.214508 0.584692
vt 0.256115 0.588977
vt 0.261994 0.619382
vt 0.272475 0.481245
vt 0.293177 0.531224
vt 0.282461 0.557095
vt 0.281333 0.613634
vt 0.269652 0.584954
vt 0.272475 0.567081
vt 0.185908 0.517102
vt 0.218840 0.474184
vt 0.246604 0.470528
vt 0.202555 0.422808
vt 0.221839 0.416877
vt 0.228006 0.447224
vt 0.214508 0.451376
vt 0.260245 0.474183
vt 0.242054 0.445777
vt 0.282461 0.491230
vt 0.289522 0.503461
vt 0.261994 0.416686
vt 0.256115 0.447091
vt 0.293177 0.517102
vt 0.269652 0.451114
vt 0.994327 0.930153
vt 0.962802 0.944275
vt 0.962802 0.930153
vt 0.241907 0.414810
vt 0.281333 0.422434
vt 0.994327 0.944275
vt 0.962802 0.958397
vt 0.272936 0.927606
vt 0.265293 0.955115
vt 0.253011 0.939110
vt 0.281561 0.938847
vt 0.994327 0.958397
vt 0.281298 0.967397
vt 0.137404 0.836450
vt 0.214768 0.843977
vt 0.138260 0.850593
vt 0.292802 0.947472
vt 0.215908 0.854115
vt 0.139844 0.864672
vt 0.217571 0.864180
vt 0.305892 0.952894
vt 0.142154 0.878651
vt 0.266401 0.823051
vt 0.219752 0.874145
vt 0.319939 0.954743
vt 0.299937 0.975117
vt 0.145183 0.892492
vt 0.994327 0.972519
vt 0.994327 0.986642
vt 0.962802 0.986642
vt 0.962802 0.972519
vt 0.319939 0.977751
vt 0.299184 0.431833
vt 0.282148 0.457693
vt 0.293126 0.466578
vt 0.314867 0.444525
vt 0.314867 0.591543
vt 0.282148 0.578375
vt 0.293126 0.569490
vt 0.289522 0.544865
vt 0.994327 0.647707
vt 0.962802 0.661830
vt 0.962802 0.647707
vt 0.331923 0.729666
vt 0.304315 0.729666
vt 0.304315 0.674921
vt 0.994327 0.661830
vt 0.356133 0.674921
vt 0.356133 0.729666
vt 0.331923 0.674921
vt 0.352529 0.647548
vt 0.335527 0.647548
vt 0.287312 0.729666
vt 0.287312 0.674921
vt 0.270310 0.729666
vt 0.270310 0.674921
vt 0.368952 0.643148
vt 0.039338 0.273096
vt 0.028445 0.252831
vt 0.371101 0.252831
vt 0.028138 0.379600
vt 0.356037 0.335729
vt 0.370794 0.378897
vt 0.013381 0.336432
vt 0.379518 0.668655
vt 0.380343 0.674921
vt 0.371122 0.272756
vt 0.356017 0.315804
vt 0.024232 0.316144
vt 0.380343 0.729666
vt 0.148922 0.906158
vt 0.962802 0.675952
vt 0.299185 0.604235
vt 0.248883 0.812937
vt 0.242673 0.804844
vt 0.214152 0.833795
vt 0.137280 0.822282
vt 0.238769 0.795419
vt 0.214062 0.823594
vt 0.137888 0.808126
vt 0.214500 0.813402
vt 0.139226 0.794021
vt 0.265665 0.900469
vt 0.245291 0.880467
vt 0.267514 0.886421
vt 0.242657 0.900469
vt 0.245290 0.920471
vt 0.267514 0.914516
vt 0.994327 0.916030
vt 0.962802 0.916030
vt 0.994327 0.901908
vt 0.994327 0.887786
vt 0.962802 0.901908
vt 0.994327 0.873664
vt 0.962802 0.887786
vt 0.253011 0.861828
vt 0.994327 0.859541
vt 0.962802 0.873664
vt 0.272936 0.873331
vt 0.265293 0.845822
vt 0.962802 0.859541
vt 0.281561 0.862091
vt 0.994327 0.845419
vt 0.292802 0.853465
vt 0.281298 0.833540
vt 0.144077 0.766112
vt 0.147576 0.752382
vt 0.221476 0.773266
vt 0.141291 0.780004
vt 0.218956 0.783151
vt 0.216950 0.793154
vt 0.242673 0.765766
vt 0.248883 0.757673
vt 0.215464 0.803246
vt 0.238769 0.775191
vt 0.962802 0.845419
vt 0.156467 0.460838
vt 0.175607 0.490462
vt 0.146983 0.478645
vt 0.169233 0.445217
vt 0.182246 0.477997
vt 0.196624 0.491231
vt 0.206610 0.481245
vt 0.171520 0.503980
vt 0.189563 0.503461
vt 0.994327 0.831297
vt 0.319939 0.846194
vt 0.299937 0.825820
vt 0.319939 0.823187
vt 0.305892 0.848043
vt 0.151780 0.738852
vt 0.224503 0.763524
vt 0.266401 0.747559
vt 0.191182 0.467062
vt 0.202075 0.458074
vt 0.184794 0.432376
vt 0.232481 0.470528
vt 0.184794 0.603692
vt 0.202075 0.577995
vt 0.994327 0.732441
vt 0.962802 0.746563
vt 0.994327 0.746563
vt 0.962802 0.760685
vt 0.169233 0.590852
vt 0.994327 0.760685
vt 0.360434 0.825257
vt 0.381542 0.826450
vt 0.374868 0.847615
vt 0.351179 0.836287
vt 0.362945 0.866331
vt 0.175200 0.973990
vt 0.248430 0.953829
vt 0.180699 0.986916
vt 0.341247 0.848124
vt 0.252120 0.962501
vt 0.185823 0.998961
vt 0.183637 0.672223
vt 0.252120 0.704389
vt 0.327305 0.775191
vt 0.327305 0.765766
vt 0.244471 0.944522
vt 0.327305 0.785305
vt 0.327305 0.795419
vt 0.240512 0.935215
vt 0.327305 0.804844
vt 0.169701 0.961063
vt 0.331314 0.859962
vt 0.962802 0.774808
vt 0.382510 0.804279
vt 0.994327 0.774808
vt 0.357298 0.806484
vt 0.962802 0.788930
vt 0.353925 0.791268
vt 0.377707 0.782613
vt 0.156467 0.575230
vt 0.146983 0.557424
vt 0.175607 0.545607
vt 0.182246 0.558071
vt 0.189563 0.544865
vt 0.185908 0.531224
vt 0.191182 0.569006
vt 0.196624 0.557095
vt 0.027237 0.272773
vt 0.355043 0.316332
vt 0.012606 0.315985
vt 0.023486 0.336257
vt 0.355043 0.336257
vt 0.369674 0.273121
vt 0.038157 0.252523
vt 0.369714 0.253196
vt 0.038551 0.379319
vt 0.370109 0.379319
vt 0.937430 0.723339
vt 0.935261 0.743146
vt 0.878987 0.736985
vt 0.881155 0.717178
vt 0.876765 0.763676
vt 0.869336 0.762890
vt 0.871778 0.736223
vt 0.474764 0.132481
vt 0.588812 0.132482
vt 0.588811 0.209125
vt 0.588811 0.001021
vt 0.589350 0.027795
vt 0.475302 0.027795
vt 0.474764 0.209125
vt 0.458631 0.202443
vt 0.474763 0.001022
vt 0.451948 0.186312
vt 0.451948 0.155304
vt 0.457840 0.027728
vt 0.457302 0.000954
vt 0.440380 0.027718
vt 0.439841 0.000945
vt 0.408116 0.027914
vt 0.408834 0.001132
vt 0.459169 0.099011
vt 0.452487 0.082873
vt 0.452487 0.050608
vt 0.459169 0.034477
vt 0.391369 0.001329
vt 0.390650 0.028110
vt 0.458631 0.139166
vt 0.373906 0.001405
vt 0.589350 0.105696
vt 0.373188 0.028186
vt 0.475302 0.105696
vt 0.835472 0.874525
vt 0.828132 0.874130
vt 0.830450 0.847439
vt 0.893884 0.852332
vt 0.840903 0.841148
vt 0.873627 0.770455
vt 0.837807 0.847835
vt 0.890865 0.898939
vt 0.892452 0.879077
vt 0.833885 0.894386
vt 0.857526 0.982512
vt 0.914063 0.985413
vt 0.324265 0.104617
vt 0.324265 0.124542
vt 0.000348 0.124541
vt 0.000348 0.104616
vt 0.030359 0.208893
vt 0.351026 0.199760
vt 0.404101 0.124543
vt 0.404101 0.104618
vt 0.351594 0.009483
vt 0.030359 0.020265
vt 0.030927 0.000348
vt 0.351027 0.029399
vt 0.956039 0.781802
vt 0.918428 0.863051
vt 0.932111 0.769751
vt 0.895048 0.851037
vt 0.838153 0.845521
vt 0.876891 0.762910
vt 0.933060 0.769976
vt 0.879378 0.743141
vt 0.836230 0.865353
vt 0.893125 0.870869
vt 0.826533 0.891137
vt 0.833846 0.892038
vt 0.889841 0.897450
vt 0.828935 0.864453
vt 0.589171 0.104156
vt 0.589710 0.130942
vt 0.475662 0.130942
vt 0.475123 0.104156
vt 0.475123 0.065834
vt 0.475123 0.027512
vt 0.589171 0.027512
vt 0.872190 0.742210
vt 0.876003 0.715704
vt 0.475662 0.000739
vt 0.589710 0.000738
vt 0.458200 0.000806
vt 0.459529 0.202160
vt 0.475662 0.169892
vt 0.475662 0.208842
vt 0.589710 0.208842
vt 0.452846 0.153764
vt 0.452846 0.186029
vt 0.459529 0.137626
vt 0.440740 0.000816
vt 0.457662 0.027580
vt 0.440201 0.027590
vt 0.409194 0.027402
vt 0.408476 0.000620
vt 0.452308 0.050325
vt 0.452308 0.081333
vt 0.458990 0.034194
vt 0.458990 0.097471
vt 0.391728 0.027205
vt 0.374265 0.027129
vt 0.391010 0.000424
vt 0.373547 0.000348
vt 0.912984 0.985458
vt 0.855531 0.974503
vt 0.835720 0.899164
vt 0.857431 0.981727
vt 0.883411 0.716663
vt 0.935547 0.750207
vt 0.938656 0.723597
vt 0.351594 0.221499
vt 0.030927 0.230633
vt 0.030359 0.210717
vt 0.324265 0.126364
vt 0.351027 0.201582
vt 0.000348 0.126365
vt 0.938656 0.977793
vt 0.915886 0.891205
vt 0.404102 0.106439
vt 0.404102 0.126364
vt 0.324265 0.106439
vt 0.030359 0.022088
vt 0.351026 0.031221
vt 0.000348 0.106440
vt 0.683110 0.836855
vt 0.677140 0.850338
vt 0.653952 0.869601
vt 0.410834 0.455149
vt 0.446808 0.495619
vt 0.410834 0.495619
vt 0.410834 0.505945
vt 0.656846 0.858385
vt 0.658707 0.857833
vt 0.647416 0.873419
vt 0.667501 0.846861
vt 0.587853 0.715344
vt 0.680651 0.831336
vt 0.446808 0.427699
vt 0.410834 0.435654
vt 0.410834 0.427699
vt 0.681898 0.843797
vt 0.446808 0.435654
vt 0.410834 0.444845
vt 0.664838 0.817303
vt 0.669580 0.831894
vt 0.653698 0.807071
vt 0.639049 0.803549
vt 0.624784 0.807560
vt 0.614447 0.817895
vt 0.610803 0.831574
vt 0.540381 0.753649
vt 0.614647 0.844878
vt 0.634156 0.872213
vt 0.627981 0.858829
vt 0.640468 0.874677
vt 0.641549 0.860400
vt 0.410834 0.523174
vt 0.410834 0.515189
vt 0.446808 0.515189
vt 0.446808 0.505945
vt 0.647369 0.768129
vt 0.639301 0.765414
vt 0.632238 0.759429
vt 0.446808 0.523174
vt 0.654210 0.752382
vt 0.654682 0.766645
vt 0.446808 0.718033
vt 0.773224 0.660494
vt 0.680071 0.741511
vt 0.664270 0.753134
vt 0.686275 0.728331
vt 0.731374 0.612328
vt 0.684831 0.713384
vt 0.675901 0.700636
vt 0.661621 0.693659
vt 0.645516 0.694305
vt 0.631744 0.702529
vt 0.608660 0.718547
vt 0.623592 0.716622
vt 0.611302 0.733713
vt 0.622106 0.732277
vt 0.629119 0.745322
vt 0.645887 0.751305
vt 0.446808 0.455149
vt 0.608168 0.725816
vt 0.446808 0.444845
vt 0.649788 0.519243
vt 0.675929 0.496407
vt 0.409193 0.770086
vt 0.445168 0.613073
vt 0.445168 0.770086
vt 0.803258 0.634256
vt 0.810877 0.620505
vt 0.809447 0.602372
vt 0.799349 0.584717
vt 0.783655 0.566654
vt 0.612460 0.713653
vt 0.410834 0.232841
vt 0.446808 0.232841
vt 0.642829 0.497807
vt 0.643705 0.508671
vt 0.647394 0.489562
vt 0.672978 0.467211
vt 0.702069 0.473570
vt 0.409193 0.613073
vt 0.409193 0.597601
vt 0.445168 0.597601
vt 0.445168 0.583775
vt 0.659919 0.613819
vt 0.688667 0.630854
vt 0.681110 0.639941
vt 0.409193 0.583775
vt 0.691303 0.620627
vt 0.688311 0.611999
vt 0.545606 0.663188
vt 0.638721 0.587662
vt 0.667573 0.586410
vt 0.445168 0.571820
vt 0.409193 0.571820
vt 0.409193 0.528727
vt 0.409193 0.490953
vt 0.445168 0.490953
vt 0.445168 0.528727
vt 0.445168 0.333941
vt 0.409193 0.333941
vt 0.527848 0.677830
vt 0.409193 0.303589
vt 0.445168 0.303589
vt 0.445168 0.277788
vt 0.409193 0.277788
vt 0.515499 0.692915
vt 0.445168 0.254716
vt 0.409193 0.254716
vt 0.511272 0.709819
vt 0.410834 0.788563
vt 0.410834 0.768621
vt 0.446808 0.768621
vt 0.446808 0.788563
vt 0.516326 0.724022
vt 0.410834 0.718033
vt 0.643953 0.860497
vt 0.604324 0.549811
vt 0.604324 0.568977
vt 0.529992 0.568977
vt 0.529992 0.588143
vt 0.604324 0.588143
vt 0.581610 0.823235
vt 0.581610 0.853657
vt 0.560098 0.875168
vt 0.508165 0.853656
vt 0.529676 0.875168
vt 0.604324 0.530645
vt 0.529992 0.549811
vt 0.561849 0.873766
vt 0.531428 0.873766
vt 0.509916 0.852255
vt 0.529992 0.530645
vt 0.531428 0.800321
vt 0.583361 0.821833
vt 0.529992 0.511479
vt 0.583361 0.852255
vt 0.604324 0.492314
vt 0.604324 0.511479
vt 0.529992 0.492313
vt 0.508165 0.823234
vt 0.529676 0.801723
vt 0.604324 0.473148
vt 0.560098 0.801723
vt 0.604324 0.453982
vt 0.529992 0.473148
vt 0.529992 0.453982
vt 0.561850 0.800321
vt 0.604324 0.607309
vt 0.529992 0.607309
vt 0.509916 0.821833
vt 0.462786 0.575276
vt 0.462786 0.548643
vt 0.504802 0.548643
vt 0.504803 0.522010
vt 0.972604 0.609783
vt 0.967779 0.627790
vt 0.958458 0.643935
vt 0.504803 0.575276
vt 0.945275 0.543804
vt 0.967779 0.573132
vt 0.972604 0.591140
vt 0.929130 0.666439
vt 0.462786 0.601908
vt 0.504803 0.601908
vt 0.947127 0.635241
vt 0.958444 0.593004
vt 0.954584 0.622324
vt 0.958444 0.607918
vt 0.954584 0.578598
vt 0.947126 0.565682
vt 0.936580 0.555136
vt 0.923664 0.547679
vt 0.909258 0.543818
vt 0.894344 0.543818
vt 0.874472 0.534483
vt 0.830998 0.591140
vt 0.845144 0.556987
vt 0.858327 0.543804
vt 0.462786 0.814970
vt 0.504803 0.788337
vt 0.504803 0.814970
vt 0.462786 0.788337
vt 0.504803 0.761704
vt 0.892480 0.529658
vt 0.911122 0.529658
vt 0.856476 0.565682
vt 0.867022 0.555136
vt 0.879938 0.547679
vt 0.849018 0.578598
vt 0.845158 0.593004
vt 0.845158 0.607918
vt 0.849018 0.622324
vt 0.858327 0.657118
vt 0.892480 0.671264
vt 0.874472 0.666439
vt 0.462786 0.388847
vt 0.504803 0.362214
vt 0.504803 0.388847
vt 0.462786 0.362214
vt 0.504803 0.335581
vt 0.845144 0.643935
vt 0.835823 0.627790
vt 0.894344 0.657104
vt 0.879938 0.653244
vt 0.867022 0.645787
vt 0.856476 0.635241
vt 0.462786 0.335581
vt 0.504803 0.308949
vt 0.462786 0.308949
vt 0.504803 0.282316
vt 0.830998 0.609783
vt 0.462786 0.282316
vt 0.504803 0.255684
vt 0.972604 0.610310
vt 0.958458 0.644463
vt 0.929130 0.666967
vt 0.967779 0.628318
vt 0.462786 0.255683
vt 0.967779 0.573660
vt 0.972604 0.591667
vt 0.945275 0.544332
vt 0.947126 0.635768
vt 0.958444 0.593532
vt 0.954584 0.622852
vt 0.958444 0.608446
vt 0.954584 0.579126
vt 0.947126 0.566209
vt 0.936580 0.555663
vt 0.923664 0.548206
vt 0.909258 0.544346
vt 0.894344 0.544346
vt 0.874472 0.535011
vt 0.911122 0.530185
vt 0.892480 0.530185
vt 0.462786 0.735072
vt 0.462786 0.708439
vt 0.504803 0.708439
vt 0.504803 0.681806
vt 0.462786 0.681806
vt 0.845144 0.557514
vt 0.858327 0.544332
vt 0.830998 0.591667
vt 0.856476 0.566209
vt 0.867022 0.555663
vt 0.879938 0.548206
vt 0.849018 0.579126
vt 0.845158 0.593532
vt 0.845158 0.608446
vt 0.849018 0.622852
vt 0.858327 0.657646
vt 0.835823 0.628318
vt 0.845144 0.644463
vt 0.462786 0.522010
vt 0.462786 0.495378
vt 0.504802 0.495378
vt 0.504803 0.468745
vt 0.462786 0.468745
vt 0.874472 0.666967
vt 0.867022 0.646314
vt 0.856476 0.635768
vt 0.879938 0.653771
vt 0.894344 0.657632
vt 0.909258 0.657632
vt 0.923664 0.653771
vt 0.911122 0.671792
vt 0.936580 0.646314
vt 0.892480 0.671792
vt 0.462786 0.442112
vt 0.462786 0.415480
vt 0.504803 0.415480
vt 0.504803 0.442112
vt 0.911122 0.671264
vt 0.945275 0.657118
vt 0.462786 0.655174
vt 0.504803 0.655174
vt 0.504803 0.628541
vt 0.462786 0.628541
vt 0.835823 0.573660
vt 0.958458 0.556987
vt 0.929130 0.534483
vt 0.504803 0.735072
vt 0.462786 0.761705
vt 0.929130 0.535011
vt 0.827074 0.686744
vt 0.830714 0.648893
vt 0.850551 0.668730
vt 0.809968 0.669638
vt 0.789223 0.690384
vt 0.809060 0.710221
vt 0.958458 0.557514
vt 0.776049 0.743232
vt 0.462786 0.841603
vt 0.504803 0.841603
vt 0.701547 0.817734
vt 0.681710 0.797897
vt 0.714721 0.764886
vt 0.734558 0.784723
vt 0.752572 0.761246
vt 0.735466 0.744140
vt 0.756212 0.723395
vt 0.835823 0.573132
vt 0.945275 0.657646
vt 0.909258 0.657104
vt 0.923664 0.653244
vt 0.936580 0.645787
vt 0.830998 0.610310
s 1
usemtl SpacialRoverExploreralumWhite
f 50/92/95 51/93/96 49/94/96
f 49/94/96 51/93/96 53/95/97
f 49/94/96 53/95/97 52/98/97
f 55/99/98 57/100/99 54/101/92
f 56/103/100 58/104/98 55/99/98
f 55/99/98 58/104/98 57/100/99
f 61/105/101 57/100/101 58/104/101
f 59/106/102 62/107/101 58/104/101
f 59/106/102 58/104/101 60/108/103
f 56/103/100 60/109/104 58/104/98
f 61/105/101 58/104/101 62/107/101
f 63/110/105 61/111/105 62/112/106
f 63/110/105 62/112/106 64/113/106
f 64/113/106 62/112/106 59/114/107
f 64/115/108 66/116/109 63/117/109
f 64/113/106 59/114/107 65/118/110
f 65/119/111 67/120/108 64/115/108
f 64/115/108 67/120/108 66/116/109
f 66/121/101 67/122/101 68/123/101
f 65/119/111 68/124/111 67/120/108
f 69/125/101 66/121/101 68/123/101
f 69/125/101 68/123/101 73/126/101
f 70/127/112 71/128/113 68/124/111
f 70/127/112 68/124/111 65/119/111
f 68/123/101 71/129/101 72/130/101
f 68/123/101 72/130/101 73/126/101
f 73/126/101 79/131/101 69/125/101
f 73/126/101 74/132/101 79/131/101
f 73/126/101 75/133/101 74/132/101
f 73/126/101 77/134/101 75/133/101
f 80/135/114 76/136/115 73/137/115
f 76/136/115 77/138/116 73/137/115
f 72/130/101 78/139/101 73/126/101
f 80/135/114 73/137/115 78/140/117
f 80/141/101 83/142/101 76/143/101
f 81/144/101 84/145/101 80/141/101
f 80/135/114 82/146/118 81/147/119
f 80/135/114 78/140/117 82/146/118
f 80/141/101 84/145/101 83/142/101
f 81/144/101 87/152/101 84/145/101
f 81/144/101 88/156/101 87/152/101
f 85/157/124 89/158/125 91/159/125
f 90/161/127 91/159/125 89/158/125
f 85/157/124 91/159/125 92/162/124
f 95/163/128 92/164/128 91/165/128
f 95/163/128 91/165/128 93/166/128
f 91/165/128 94/167/128 93/166/128
f 90/161/127 94/168/127 91/159/125
f 85/157/124 92/162/124 95/169/129
f 85/157/124 95/169/129 86/170/129
f 100/171/128 96/172/128 95/163/128
f 96/172/128 98/173/128 95/163/128
f 97/174/130 86/170/129 95/169/129
f 97/174/130 95/169/129 99/175/130
f 98/173/128 99/176/128 95/163/128
f 100/171/128 95/163/128 53/177/128
f 95/163/128 93/166/128 53/177/128
f 53/177/128 101/178/128 100/171/128
f 101/178/128 103/179/128 100/171/128
f 102/180/131 105/181/132 100/182/132
f 102/180/131 100/182/132 104/183/131
f 103/179/128 104/184/128 100/171/128
f 105/181/132 106/185/133 100/182/132
f 100/171/128 106/186/128 107/187/128
f 100/171/128 107/187/128 96/172/128
f 109/188/134 107/189/134 106/185/133
f 107/187/128 108/190/128 96/172/128
f 109/188/134 108/191/135 107/189/134
f 109/188/134 106/185/133 110/195/133
f 109/188/134 111/196/135 108/191/135
f 114/199/101 113/200/101 112/201/101
f 114/199/101 116/202/101 113/200/101
f 116/202/101 115/204/101 113/200/101
f 114/205/139 117/206/140 116/207/140
f 116/202/101 118/208/101 115/204/101
f 116/207/140 117/206/140 74/209/141
f 116/207/140 74/209/141 118/210/141
f 118/210/141 74/209/141 120/211/142
f 115/204/101 118/208/101 119/212/101
f 118/210/141 120/211/142 119/213/142
f 75/133/101 120/214/101 74/132/101
f 119/213/142 120/211/142 75/215/143
f 121/216/101 122/217/101 119/212/101
f 119/213/142 75/215/143 121/218/143
f 122/217/101 115/204/101 119/212/101
f 124/223/101 122/217/101 121/216/101
f 111/196/135 125/224/146 96/225/146
f 125/224/146 126/226/147 96/225/146
f 125/224/146 123/227/147 126/226/147
f 123/228/147 98/229/148 126/230/147
f 96/172/128 126/231/128 98/173/128
f 124/235/150 121/236/150 131/237/150
f 124/235/144 129/239/149 128/240/149
f 124/235/144 130/241/151 129/239/149
f 124/235/150 131/237/150 130/241/150
f 133/242/101 130/241/101 131/243/101
f 132/244/93 131/237/152 121/236/152
f 132/244/93 133/245/93 131/237/152
f 76/246/153 134/247/154 133/245/93
f 134/248/155 129/239/101 133/242/101
f 133/242/101 129/239/101 130/241/101
f 76/246/153 133/245/93 132/244/93
f 137/249/156 134/250/155 135/251/157
f 134/252/154 136/253/94 135/254/94
f 134/252/154 76/255/153 136/253/94
f 134/248/155 137/256/156 129/239/101
f 128/240/149 129/239/149 137/257/158
f 137/249/159 138/258/145 139/259/145
f 137/249/156 135/251/157 138/258/160
f 137/249/158 139/259/145 83/260/122
f 128/240/149 137/257/158 83/261/122
f 83/260/161 139/259/162 136/253/163
f 83/260/164 136/253/165 76/255/166
f 132/262/116 121/218/143 75/215/143
f 76/136/115 132/262/116 77/138/116
f 132/262/116 75/215/143 77/138/116
f 123/228/147 127/264/148 98/229/148
f 97/174/130 98/229/148 127/264/148
f 74/132/101 117/265/101 140/266/101
f 114/205/139 140/267/139 117/206/140
f 74/132/101 140/266/101 79/131/101
f 141/268/168 140/267/139 114/205/139
f 140/266/101 142/269/101 79/131/101
f 141/268/168 142/270/168 140/267/139
f 143/271/169 79/272/169 142/270/168
f 143/271/169 142/270/168 141/268/168
f 144/273/170 79/272/169 143/271/169
f 143/274/101 145/275/101 144/276/101
f 143/274/101 146/277/101 145/275/101
f 143/274/101 147/278/101 146/277/101
f 143/274/101 141/279/101 147/278/101
f 114/199/101 112/201/101 147/278/101
f 114/199/101 147/278/101 141/279/101
f 144/276/101 145/275/101 149/287/101
f 151/290/101 149/287/101 152/291/101
f 144/276/101 149/287/101 151/290/101
f 151/290/101 152/291/101 156/293/101
f 154/295/101 152/291/101 153/296/101
f 154/295/101 156/293/101 152/291/101
f 156/297/176 154/298/177 69/299/177
f 151/300/178 156/297/176 157/301/176
f 156/297/176 69/299/177 157/301/176
f 151/300/178 157/301/176 158/302/178
f 158/303/101 157/304/101 69/125/101
f 144/273/170 151/300/178 158/302/178
f 79/131/101 158/303/101 69/125/101
f 144/273/170 158/302/178 159/305/170
f 79/131/101 159/306/101 158/303/101
f 144/273/170 159/305/170 79/272/169
f 155/308/179 161/309/180 160/310/180
f 150/311/181 101/312/179 155/308/179
f 155/308/179 101/312/179 161/309/180
f 162/313/128 161/314/128 101/178/128
f 50/92/95 161/309/180 162/315/182
f 50/92/95 160/310/180 161/309/180
f 53/177/128 51/316/128 162/313/128
f 50/92/95 162/315/182 51/93/96
f 53/177/128 162/313/128 101/178/128
f 63/318/101 163/319/101 54/320/101
f 164/321/101 153/296/101 163/319/101
f 63/318/101 164/321/101 163/319/101
f 164/322/183 63/117/109 66/116/109
f 154/298/177 164/322/183 165/323/183
f 164/322/183 66/116/109 165/323/183
f 164/321/101 154/295/101 153/296/101
f 69/125/101 165/324/101 66/121/101
f 154/298/177 165/323/183 69/299/177
f 150/311/181 166/325/181 101/312/179
f 150/311/181 103/326/184 166/325/181
f 150/311/181 148/327/185 103/326/184
f 101/178/128 166/328/128 103/179/128
f 148/327/185 104/183/131 103/326/184
f 148/327/185 102/180/131 104/183/131
f 111/196/135 96/225/146 108/191/135
f 105/181/132 110/195/133 106/185/133
f 97/174/130 99/175/130 98/229/148
f 167/329/186 93/330/186 94/168/127
f 167/329/186 94/168/127 90/161/127
f 168/335/189 93/330/186 167/329/186
f 171/337/101 172/338/101 170/339/101
f 171/337/101 170/339/101 173/340/101
f 173/340/101 170/339/101 169/341/101
f 174/342/190 175/343/190 173/344/190
f 173/340/101 169/341/101 174/345/101
f 173/344/190 176/346/190 171/347/190
f 173/344/190 175/343/190 176/346/190
f 70/127/112 171/348/191 176/349/192
f 70/127/112 176/349/192 71/128/113
f 175/350/101 71/129/101 176/351/101
f 174/342/190 177/352/190 175/343/190
f 177/353/101 72/130/101 175/350/101
f 175/350/101 72/130/101 71/129/101
f 178/354/101 72/130/101 177/353/101
f 174/342/190 178/355/190 177/352/190
f 78/139/101 178/354/101 82/356/101
f 179/357/190 82/146/190 178/355/190
f 78/139/101 72/130/101 178/354/101
f 174/342/190 179/357/190 178/355/190
f 179/357/190 81/147/190 82/146/190
f 81/144/101 179/358/101 88/156/101
f 179/358/101 169/341/101 88/156/101
f 179/358/101 174/345/101 169/341/101
f 171/337/101 181/360/101 172/338/101
f 171/337/101 70/362/101 181/360/101
f 65/364/101 181/360/101 70/362/101
f 65/364/101 56/365/101 181/360/101
f 180/366/195 182/367/196 183/368/196
f 52/98/97 183/368/196 182/367/196
f 180/366/195 183/368/196 184/369/195
f 184/370/128 183/371/128 53/177/128
f 52/98/97 53/95/97 183/368/196
f 180/366/195 184/369/195 185/372/189
f 93/166/128 184/370/128 53/177/128
f 93/166/128 185/373/128 184/370/128
f 168/335/189 185/372/189 93/330/186
f 180/366/195 185/372/189 168/335/189
f 59/374/107 186/375/145 65/376/110
f 56/377/197 65/376/198 186/375/199
f 56/377/197 186/375/199 187/378/200
f 59/374/201 188/379/145 186/375/145
f 60/380/103 188/379/202 59/374/102
f 60/380/203 189/381/204 188/379/205
f 60/382/104 187/378/94 189/383/94
f 60/382/104 56/377/100 187/378/94
f 54/101/150 61/111/150 63/110/150
f 54/101/150 57/100/150 61/111/150
f 191/384/206 193/385/207 190/386/208
f 191/384/206 190/386/208 192/387/206
f 193/385/207 194/388/209 190/386/208
f 195/389/210 190/386/210 194/388/210
f 195/389/210 196/390/210 190/386/210
f 200/391/94 197/392/94 196/393/94
f 196/394/211 195/395/211 199/396/212
f 196/393/94 198/397/94 201/398/94
f 196/394/211 199/396/212 198/399/213
f 200/391/94 196/393/94 201/398/94
f 201/398/94 203/400/94 202/401/94
f 201/398/94 202/401/94 200/391/94
f 198/399/213 204/402/214 201/403/215
f 201/403/216 205/404/217 203/405/218
f 201/403/216 204/402/216 205/404/217
f 205/404/217 207/406/219 202/407/220
f 205/404/217 202/407/220 203/405/218
f 206/408/145 207/409/145 205/410/145
f 206/408/145 205/410/145 199/396/145
f 205/410/145 204/411/145 199/396/145
f 207/406/219 208/412/221 202/407/220
f 207/406/219 206/413/221 208/412/221
f 202/401/94 208/414/94 200/391/94
f 206/413/222 200/415/223 208/412/222
f 199/396/145 209/416/145 206/408/145
f 206/413/222 210/417/224 200/415/223
f 209/416/145 210/418/145 206/408/145
f 197/392/225 200/391/223 210/418/224
f 197/392/225 210/418/224 209/416/225
f 212/419/210 197/420/210 209/421/210
f 211/422/145 209/423/145 195/424/145
f 211/422/145 213/425/145 209/423/145
f 199/396/145 195/395/145 209/416/145
f 212/419/210 209/421/210 213/425/210
f 212/419/226 213/425/227 211/422/228
f 215/426/229 212/419/226 214/427/230
f 212/419/226 211/422/228 214/427/230
f 215/426/229 216/428/229 212/419/226
f 215/426/94 192/429/94 216/428/94
f 215/426/94 191/430/94 192/429/94
f 217/431/229 218/432/229 215/433/229
f 217/431/229 215/433/229 214/434/230
f 218/432/94 191/435/94 215/433/94
f 218/432/94 219/436/94 191/435/94
f 217/431/150 219/437/150 218/432/150
f 217/431/150 220/438/150 219/437/150
f 219/439/206 193/440/207 191/441/206
f 219/439/206 220/442/206 193/440/207
f 217/431/145 193/440/145 220/442/145
f 217/431/145 214/434/145 193/440/145
f 193/443/231 214/444/231 211/422/231
f 195/424/145 221/445/145 211/422/145
f 193/443/231 211/422/231 221/445/231
f 195/424/145 194/388/145 221/445/145
f 193/385/207 221/445/232 194/388/209
f 198/399/213 199/396/212 204/402/214
f 223/446/145 226/447/145 222/448/145
f 223/446/145 222/448/145 224/449/145
f 224/449/206 222/448/206 225/450/233
f 223/446/229 227/451/234 226/447/229
f 223/446/229 231/452/235 227/451/234
f 230/453/236 227/451/236 228/454/236
f 227/451/234 229/455/237 228/454/238
f 227/451/234 231/452/235 229/455/237
f 230/453/236 232/456/236 227/451/236
f 232/457/239 230/458/239 234/459/240
f 232/457/145 233/460/145 236/461/145
f 232/457/239 234/459/240 233/460/241
f 235/462/145 237/463/145 232/457/145
f 232/457/145 236/461/145 235/462/145
f 225/450/236 237/464/236 238/465/236
f 237/463/242 239/466/243 238/467/242
f 237/463/242 235/462/244 239/466/243
f 240/468/245 239/466/243 235/462/244
f 240/469/94 241/470/94 239/471/94
f 238/472/94 239/471/94 241/470/94
f 242/473/94 241/470/94 244/474/94
f 243/475/94 241/470/94 242/473/94
f 234/459/94 241/470/94 243/475/94
f 238/472/94 241/470/94 234/459/94
f 244/474/94 241/470/94 240/469/94
f 244/476/246 240/468/247 245/477/247
f 244/476/246 245/477/247 247/478/248
f 246/479/249 242/480/250 244/476/246
f 246/479/249 244/476/246 247/478/248
f 247/481/145 236/461/145 246/482/145
f 245/483/145 236/461/145 247/481/145
f 246/482/145 236/461/145 248/484/145
f 248/485/251 242/480/250 246/479/249
f 248/484/145 236/461/145 233/460/145
f 233/486/241 243/487/252 248/485/252
f 248/485/251 243/487/251 242/480/250
f 235/462/145 236/461/145 245/483/145
f 240/468/245 235/462/244 245/477/245
f 233/486/241 234/488/240 243/487/252
f 249/489/94 238/490/94 230/491/94
f 249/489/94 250/492/94 238/490/94
f 234/459/94 230/458/94 238/472/94
f 225/450/236 238/465/236 250/493/236
f 251/494/253 225/450/233 250/493/254
f 251/494/253 250/493/254 249/495/255
f 254/496/206 224/497/206 251/498/253
f 224/449/206 225/450/233 251/494/253
f 252/499/94 253/500/94 251/498/94
f 252/499/94 251/498/94 231/501/94
f 251/502/256 229/455/256 231/503/256
f 251/502/256 249/489/256 229/455/256
f 254/496/206 251/498/253 253/500/206
f 254/504/150 253/505/150 252/499/150
f 255/506/145 224/507/145 254/508/145
f 254/504/150 252/499/150 255/506/150
f 252/499/229 223/509/229 255/506/229
f 255/506/145 223/509/145 224/507/145
f 252/499/229 231/501/235 223/509/229
f 230/491/94 229/455/94 249/489/94
f 230/491/94 228/454/94 229/455/94
usemtl SpacialRoverExploreralumGray
f 2/1/1 4/2/2 1/3/3
f 2/1/1 1/3/3 3/4/4
f 4/2/7 5/8/8 1/3/8
f 25/37/48 23/38/49 5/8/50
f 23/38/51 24/39/52 20/40/53
f 23/38/51 26/41/52 24/39/52
f 25/37/48 26/41/48 23/38/49
f 43/72/69 2/1/70 3/4/71
f 44/75/73 46/76/74 43/72/75
f 44/75/73 43/72/75 45/77/76
f 43/72/69 3/4/71 45/77/77
f 18/78/78 47/79/79 46/76/79
f 18/78/78 46/76/79 44/75/80
f 20/82/82 24/83/83 47/79/84
f 20/82/82 47/79/84 18/78/82
f 4/2/7 25/37/86 5/8/8
f 346/661/98 344/662/94 343/663/94
f 344/662/94 345/664/93 343/663/94
f 347/665/128 343/666/128 345/667/128
f 346/661/98 343/663/94 347/668/98
f 352/669/128 348/670/128 347/665/128
f 348/670/128 349/671/128 347/665/128
f 347/665/128 345/667/128 351/672/128
f 350/673/194 347/668/98 349/674/194
f 350/673/194 346/661/98 347/668/98
f 347/665/128 351/672/128 353/675/128
f 352/669/128 347/665/128 356/676/128
f 347/665/128 353/675/128 354/677/128
f 347/665/128 354/677/128 355/678/128
f 347/665/128 355/678/128 356/676/128
f 352/669/128 356/676/128 357/679/293
f 352/669/128 357/679/293 358/680/128
f 352/669/128 358/680/128 359/681/128
f 352/669/128 359/681/128 360/682/128
f 352/669/128 360/682/128 361/683/128
f 361/683/128 362/684/128 363/685/128
f 363/685/128 352/669/128 361/683/128
f 370/686/128 364/687/128 363/685/128
f 364/687/128 365/688/128 363/685/128
f 366/689/167 363/690/120 365/691/167
f 366/689/167 367/692/120 363/690/120
f 367/692/120 368/693/121 363/690/120
f 363/685/128 368/694/128 369/695/128
f 363/685/128 369/695/128 352/669/128
f 371/696/128 370/686/128 363/685/128
f 372/697/128 371/696/128 363/685/128
f 373/698/128 372/697/128 363/685/128
f 362/684/128 373/698/128 363/685/128
f 371/696/128 374/699/128 370/686/128
f 374/699/128 375/700/128 370/686/128
f 375/700/128 376/701/128 370/686/128
f 376/701/128 377/702/294 378/703/128
f 376/701/128 378/703/128 370/686/128
f 351/672/128 379/704/128 378/703/128
f 379/704/128 380/705/128 378/703/128
f 381/706/150 378/707/171 380/708/150
f 381/706/150 382/709/171 378/707/171
f 382/709/171 383/710/136 378/707/171
f 378/703/128 383/711/128 388/712/128
f 351/672/128 378/703/128 384/713/128
f 378/703/128 385/714/128 384/713/128
f 378/703/128 386/715/128 385/714/128
f 387/716/128 386/715/128 378/703/128
f 377/702/294 387/716/128 378/703/128
f 378/703/128 388/712/128 370/686/128
f 389/717/136 388/718/137 383/710/136
f 389/717/136 390/719/137 388/718/137
f 390/719/137 391/720/138 388/718/137
f 388/712/128 391/721/128 370/686/128
f 390/719/137 392/722/138 391/720/138
f 392/722/138 370/723/295 391/720/138
f 392/724/101 389/725/101 381/726/101
f 392/724/101 390/727/101 389/725/101
f 392/722/138 393/728/295 370/723/295
f 394/729/101 393/730/101 392/724/101
f 366/731/101 394/729/101 392/724/101
f 392/724/101 381/726/101 395/732/101
f 366/731/101 392/724/101 398/733/101
f 392/724/101 395/732/101 396/734/101
f 392/724/101 396/734/101 397/735/101
f 392/724/101 397/735/101 398/733/101
f 366/731/101 398/733/101 399/736/296
f 366/731/101 399/736/296 400/737/101
f 366/731/101 400/737/101 401/738/101
f 366/731/101 401/738/101 402/739/101
f 366/731/101 402/739/101 403/740/101
f 403/740/101 404/741/101 405/742/101
f 405/742/101 366/731/101 403/740/101
f 405/742/101 406/743/101 366/731/101
f 405/742/101 407/744/101 406/743/101
f 407/745/123 405/746/126 408/747/126
f 405/746/126 352/748/187 408/747/126
f 405/746/126 409/749/187 352/748/187
f 410/750/101 409/751/101 405/742/101
f 350/752/101 410/750/101 405/742/101
f 411/753/101 350/752/101 405/742/101
f 412/754/101 411/753/101 405/742/101
f 413/755/101 412/754/101 405/742/101
f 404/741/101 413/755/101 405/742/101
f 411/753/101 414/756/101 350/752/101
f 414/756/101 415/757/101 350/752/101
f 415/757/101 416/758/101 350/752/101
f 416/758/101 417/759/297 418/760/101
f 416/758/101 418/760/101 350/752/101
f 418/760/101 344/761/101 350/752/101
f 418/760/101 419/762/101 344/761/101
f 419/763/93 418/764/175 420/765/175
f 418/764/175 351/766/174 420/765/175
f 418/764/175 421/767/174 351/766/174
f 421/768/101 418/760/101 422/769/101
f 423/770/101 422/769/101 418/760/101
f 417/759/297 423/770/101 418/760/101
f 421/768/101 422/769/101 424/771/101
f 421/768/101 424/771/101 425/772/101
f 421/768/101 425/772/101 426/773/298
f 426/773/298 427/774/101 421/768/101
f 427/774/101 429/775/101 421/768/101
f 381/726/101 427/774/101 428/776/101
f 427/774/101 381/726/101 429/775/101
f 429/775/101 430/777/101 421/768/101
f 430/778/173 429/779/172 379/780/172
f 429/779/172 380/708/150 379/780/172
f 429/779/172 381/706/150 380/708/150
f 421/767/174 430/778/173 431/781/173
f 430/778/173 379/780/172 431/781/173
f 421/767/174 431/781/173 351/766/174
f 351/672/128 431/782/128 379/704/128
f 381/726/101 428/776/101 395/732/101
f 345/667/128 420/783/128 351/672/128
f 419/763/93 420/765/175 345/664/93
f 344/662/94 419/763/93 345/664/93
f 409/749/187 410/784/188 432/785/188
f 410/784/188 348/786/193 432/785/188
f 410/784/188 433/787/193 348/786/193
f 350/752/101 433/788/101 410/750/101
f 433/787/193 349/674/194 348/786/193
f 433/787/193 350/673/194 349/674/194
f 409/749/187 432/785/188 352/748/187
f 352/669/128 432/789/128 348/670/128
f 369/695/128 408/790/128 352/669/128
f 407/745/123 408/747/126 369/791/123
f 406/792/121 407/745/123 369/791/123
f 406/743/101 367/793/101 366/731/101
f 367/692/120 406/792/121 368/693/121
f 406/792/121 369/791/123 368/693/121
f 394/794/101 436/795/101 393/796/101
f 394/794/101 434/797/101 436/795/101
f 394/794/101 435/798/101 434/797/101
f 394/794/101 437/799/101 435/798/101
f 366/731/101 437/800/101 394/729/101
f 364/801/126 435/798/126 437/799/126
f 437/802/299 365/691/167 364/803/299
f 437/802/299 366/689/167 365/691/167
f 393/804/150 436/805/150 438/806/150
f 393/804/150 438/806/150 370/807/150
f 439/808/128 370/807/128 438/806/128
f 439/808/128 438/806/128 440/809/128
f 439/808/128 440/809/128 441/810/128
f 439/808/128 441/810/128 364/801/128
f 364/801/126 441/810/126 435/798/126
f 370/686/128 439/811/128 364/687/128
f 389/725/101 382/812/101 381/726/101
f 382/709/171 389/717/136 383/710/136
f 384/713/128 442/813/128 351/672/128
f 442/813/128 443/814/128 351/672/128
f 351/672/128 443/814/128 444/815/128
f 351/672/128 444/815/128 353/675/128
f 344/761/101 346/816/101 350/752/101
usemtl SpacialRoverExploreralumBlack
f 1/5/5 8/6/6 3/7/6
f 1/5/5 5/9/9 7/10/10
f 1/5/5 6/11/5 8/6/6
f 1/5/5 7/10/10 6/11/5
f 8/12/11 6/13/12 9/14/13
f 8/12/11 9/14/13 11/15/14
f 10/16/15 8/12/16 11/15/17
f 3/7/6 8/6/6 10/17/18
f 10/16/15 11/15/17 12/18/19
f 13/19/20 10/16/21 12/18/22
f 13/19/23 14/20/24 10/16/21
f 15/21/25 14/20/26 13/19/27
f 16/22/28 17/23/29 15/24/30
f 15/21/25 17/25/31 14/20/26
f 18/26/32 14/27/33 17/28/32
f 18/26/32 17/28/32 19/29/34
f 16/22/28 19/30/35 17/23/29
f 20/31/36 19/29/34 22/32/37
f 18/26/32 19/29/34 20/31/36
f 21/33/38 22/34/39 19/30/40
f 21/33/41 19/30/42 16/22/43
f 5/9/9 23/35/44 22/32/37
f 5/9/9 22/32/37 7/10/10
f 20/31/36 22/32/37 23/35/44
f 7/36/45 22/34/46 21/33/47
f 25/42/54 27/43/54 26/44/54
f 24/45/55 26/44/56 27/43/55
f 28/46/57 31/47/57 27/43/57
f 28/46/57 27/43/57 29/48/57
f 25/42/54 29/49/58 27/43/54
f 27/43/59 32/50/59 30/51/59
f 24/45/55 27/43/55 30/51/55
f 27/43/59 31/47/59 32/50/59
f 30/52/60 32/53/60 33/54/60
f 30/52/60 33/54/60 34/55/60
f 34/55/61 33/54/61 35/56/61
f 34/55/61 35/56/61 36/57/61
f 36/57/62 35/56/62 37/58/62
f 36/57/62 37/58/62 38/59/62
f 37/58/63 39/60/63 38/59/63
f 37/58/63 40/61/63 39/60/63
f 40/62/64 42/63/64 39/64/64
f 40/62/64 41/65/64 42/63/64
f 2/66/65 39/67/65 42/68/65
f 2/66/65 42/68/65 4/69/65
f 4/69/66 42/68/66 29/49/66
f 41/65/67 29/48/67 42/63/67
f 41/65/67 28/46/67 29/48/67
f 43/70/68 38/71/68 39/67/68
f 43/70/68 39/67/68 2/66/68
f 43/70/72 36/73/72 38/71/72
f 43/70/72 46/74/72 36/73/72
f 46/74/81 47/80/81 34/81/81
f 46/74/81 34/81/81 36/73/81
f 47/80/85 24/84/85 30/85/85
f 47/80/85 30/85/85 34/81/85
f 44/86/33 45/87/18 10/17/18
f 3/7/6 10/17/18 45/87/18
f 18/26/32 44/86/33 14/27/33
f 44/86/33 10/17/18 14/27/33
f 4/69/66 29/49/66 25/42/66
f 7/36/45 21/33/47 48/88/87
f 6/13/88 48/88/89 9/14/90
f 6/13/88 7/36/91 48/88/89
usemtl SpacialRoverExploreralumOrange
f 54/89/92 50/90/93 49/91/94
f 55/96/98 49/91/94 52/97/98
f 55/96/98 54/89/92 49/91/94
f 56/102/100 55/96/98 52/97/98
f 84/148/120 87/149/121 85/150/121
f 84/148/120 85/150/121 86/151/120
f 83/153/122 84/148/120 86/151/120
f 87/149/121 88/154/123 89/155/123
f 87/149/121 89/155/123 85/150/121
f 88/154/123 90/160/126 89/155/123
f 112/192/136 109/193/137 110/194/136
f 113/197/137 111/198/138 109/193/137
f 112/192/136 113/197/137 109/193/137
f 113/197/137 115/203/138 111/198/138
f 122/219/106 124/220/144 123/221/145
f 122/219/106 123/221/145 125/222/106
f 115/203/138 122/219/106 125/222/106
f 115/203/138 125/222/106 111/198/138
f 124/232/144 127/233/149 123/234/145
f 124/232/144 128/238/149 127/233/149
f 128/238/149 97/263/167 127/233/149
f 128/238/149 83/153/122 97/263/167
f 147/280/171 112/192/136 110/194/136
f 147/280/171 110/194/136 105/281/171
f 146/282/150 147/280/171 105/281/171
f 145/283/172 146/282/150 102/284/150
f 146/282/150 105/281/171 102/284/150
f 149/285/173 145/283/172 148/286/172
f 145/283/172 102/284/150 148/286/172
f 152/288/174 149/285/173 150/289/173
f 149/285/173 148/286/172 150/289/173
f 152/288/174 150/289/173 155/292/174
f 153/294/175 152/288/174 155/292/174
f 153/294/175 155/292/174 160/307/175
f 163/317/93 160/307/175 50/90/93
f 163/317/93 153/294/175 160/307/175
f 54/89/92 163/317/93 50/90/93
f 83/153/122 86/151/120 97/263/167
f 169/331/126 167/332/187 90/160/126
f 170/333/187 168/334/188 167/332/187
f 169/331/126 170/333/187 167/332/187
f 170/333/187 172/336/188 168/334/188
f 172/336/188 180/359/193 168/334/188
f 172/336/188 181/361/193 180/359/193
f 181/361/193 182/363/194 180/359/193
f 181/361/193 56/102/100 182/363/194
f 56/102/100 52/97/98 182/363/194
f 88/154/123 169/331/126 90/160/126
usemtl SpacialRoverExploreralumGrayDeep
f 263/510/145 257/511/145 256/512/145
f 257/513/257 258/514/258 256/515/258
f 260/516/259 256/515/258 258/514/258
f 256/512/145 259/517/145 261/518/145
f 259/517/145 256/512/145 260/519/145
f 256/512/145 261/518/145 262/520/145
f 263/510/145 256/512/145 262/520/145
f 268/521/145 264/522/145 263/510/145
f 265/523/260 263/524/261 264/525/260
f 263/510/145 267/526/145 257/511/145
f 265/523/260 266/527/261 263/524/261
f 266/527/262 267/528/263 263/524/262
f 268/521/145 263/510/145 270/529/145
f 263/510/145 262/520/145 269/530/145
f 263/510/145 269/530/145 270/529/145
f 268/521/145 270/529/145 271/531/145
f 268/521/145 271/531/145 272/532/145
f 268/521/145 272/532/145 273/533/145
f 273/533/145 274/534/145 268/521/145
f 274/534/145 275/535/145 268/521/145
f 275/535/145 276/536/145 268/521/145
f 275/535/145 277/537/145 276/536/145
f 277/537/145 278/538/145 276/536/145
f 277/537/145 279/539/145 278/538/145
f 279/539/145 281/540/145 278/538/145
f 279/539/145 280/541/145 281/540/145
f 278/542/264 281/543/265 282/544/266
f 281/543/267 260/516/259 283/545/259
f 260/519/145 281/540/145 280/541/145
f 281/543/267 283/545/259 282/544/267
f 282/546/94 283/547/94 258/548/94
f 260/516/259 258/514/258 283/545/259
f 278/542/264 282/544/266 285/549/264
f 284/550/94 282/546/94 258/548/94
f 284/550/94 285/551/94 282/546/94
f 286/552/268 278/542/264 285/549/264
f 286/553/94 285/551/94 288/554/94
f 285/551/94 284/550/94 287/555/94
f 285/551/94 287/555/94 288/554/94
f 286/553/94 288/554/94 289/556/94
f 290/557/94 289/556/94 291/558/94
f 290/557/94 286/553/94 289/556/94
f 290/557/94 291/558/94 292/559/94
f 290/557/94 292/559/94 293/560/94
f 293/560/94 294/561/94 290/557/94
f 294/561/94 295/562/94 290/557/94
f 295/562/94 266/563/94 290/557/94
f 295/562/94 296/564/94 266/563/94
f 296/564/94 297/565/94 266/563/94
f 296/564/94 298/566/94 297/565/94
f 258/548/94 298/566/94 299/567/94
f 258/548/94 297/565/94 298/566/94
f 258/548/94 299/567/94 300/568/94
f 258/548/94 300/568/94 284/550/94
f 257/513/257 297/569/257 258/514/258
f 297/565/94 301/570/94 266/563/94
f 301/571/263 297/569/257 257/513/257
f 301/571/263 257/513/257 267/528/263
f 266/527/262 301/571/263 267/528/263
f 290/557/94 302/572/94 308/573/94
f 268/574/269 302/575/270 290/576/269
f 290/557/94 303/577/94 286/553/94
f 303/577/94 290/557/94 304/578/94
f 304/578/94 290/557/94 305/579/94
f 305/579/94 290/557/94 306/580/94
f 306/580/94 290/557/94 307/581/94
f 308/573/94 307/581/94 290/557/94
f 266/563/94 265/582/94 290/557/94
f 265/523/260 268/583/271 290/584/271
f 309/585/94 308/573/94 313/586/94
f 312/587/94 308/573/94 309/585/94
f 310/588/94 308/573/94 312/587/94
f 308/573/94 310/588/94 311/589/94
f 308/573/94 311/589/94 307/581/94
f 313/586/94 308/573/94 302/572/94
f 314/590/270 315/591/272 313/592/272
f 314/590/270 313/592/272 302/575/270
f 315/591/272 309/593/273 313/592/272
f 317/594/145 315/595/145 314/596/145
f 315/591/272 316/597/273 309/593/273
f 316/598/145 315/595/145 317/594/145
f 317/594/145 314/596/145 268/521/145
f 317/594/145 321/599/145 316/598/145
f 318/600/145 319/601/145 317/594/145
f 317/594/145 268/521/145 318/600/145
f 320/602/145 317/594/145 319/601/145
f 321/599/145 317/594/145 320/602/145
f 312/603/274 321/604/274 320/605/275
f 316/597/276 321/604/274 312/603/274
f 320/605/277 319/606/277 311/607/277
f 312/603/274 320/605/275 310/608/275
f 320/605/277 311/607/277 310/608/277
f 307/609/278 319/606/279 318/610/278
f 307/609/278 311/607/279 319/606/279
f 268/521/145 322/611/145 318/600/145
f 322/612/280 307/609/278 318/610/278
f 322/612/280 306/613/280 307/609/278
f 322/612/280 305/614/281 306/613/280
f 322/612/280 323/615/281 305/614/281
f 268/521/145 323/616/145 322/611/145
f 323/615/281 304/617/282 305/614/281
f 323/615/281 324/618/282 304/617/282
f 323/616/145 268/521/145 324/619/145
f 324/620/283 325/621/284 303/622/284
f 324/620/283 303/622/284 304/623/283
f 324/619/145 268/521/145 325/624/145
f 303/622/284 325/621/284 276/625/268
f 325/624/145 268/521/145 276/536/145
f 316/597/276 312/603/274 309/593/276
f 268/574/269 314/590/270 302/575/270
f 303/622/284 276/625/268 286/552/268
f 286/552/268 276/625/268 278/542/264
f 260/519/145 280/541/145 326/626/145
f 326/626/145 259/517/145 260/519/145
f 265/523/260 264/525/260 268/583/271
f 331/627/285 327/628/285 328/629/285
f 327/628/286 329/630/286 328/629/286
f 327/628/286 330/631/286 329/630/286
f 330/632/145 327/633/145 331/634/145
f 330/632/145 331/634/145 332/635/145
f 331/634/145 333/636/145 332/635/145
f 333/637/287 331/627/287 334/638/287
f 331/627/285 328/629/285 334/638/285
f 335/639/94 334/640/94 328/641/94
f 333/637/287 334/638/287 335/642/287
f 335/639/94 328/641/94 336/643/94
f 336/643/94 337/644/94 335/639/94
f 338/645/288 333/637/288 335/642/288
f 337/644/94 338/646/94 335/639/94
f 339/647/289 332/648/289 338/645/289
f 339/647/289 338/645/289 337/649/289
f 338/645/288 332/648/288 333/637/288
f 332/635/145 339/650/145 340/651/145
f 340/652/290 339/647/290 337/649/290
f 332/635/145 340/651/145 330/632/145
f 340/651/145 341/653/145 330/632/145
f 341/654/291 340/652/291 342/655/291
f 340/652/290 337/649/290 342/655/290
f 341/654/291 342/655/291 336/656/291
f 336/643/94 342/657/94 337/644/94
f 329/630/292 330/631/292 341/658/292
f 329/630/292 341/658/292 336/659/292
f 328/641/94 329/660/94 336/643/94
o Rueda_Delantera_Izq
v 5.711156 1.802124 -3.530001
v 5.759392 1.789199 -3.530001
v 5.811156 1.878856 -3.530001
v 5.711156 1.905651 -3.530001
v 5.611156 1.878856 -3.530001
v 5.711156 1.802124 -3.430001
v 5.662920 1.789199 -3.530001
v 5.662920 1.789199 -3.430001
v 5.662920 1.622104 -3.430001
v 5.759392 1.789199 -3.430001
v 5.614684 1.705651 -3.430001
v 5.627609 1.753887 -3.430001
v 5.807629 1.705651 -3.430001
v 5.794704 1.657415 -3.530001
v 5.794704 1.753887 -3.430001
v 5.807629 1.705651 -3.530001
v 5.759392 1.622104 -3.430001
v 5.794704 1.657415 -3.430001
v 5.759392 1.622104 -3.530001
v 5.711156 1.609179 -3.430001
v 5.711156 1.609179 -3.530001
v 5.662920 1.622104 -3.530001
v 5.711156 1.505651 -3.530001
v 5.811156 1.532446 -3.530001
v 5.611156 1.532446 -3.530001
v 5.627609 1.657415 -3.530001
v 5.711156 1.505651 -3.406668
v 5.611156 1.532446 -3.406668
v 5.537951 1.605651 -3.530001
v 5.511156 1.705651 -3.530001
v 5.537951 1.605651 -3.406668
v 5.537951 1.605651 -3.253335
v 5.511156 1.705651 -3.406668
v 5.364789 1.666432 -3.471610
v 5.391584 1.566432 -3.471610
v 5.425985 1.575650 -3.303013
v 5.611156 1.532446 -3.253335
v 5.711156 1.505651 -3.253335
v 5.681155 1.393685 -3.303013
v 5.611156 1.532446 -2.815557
v 5.711156 1.505651 -2.815557
v 5.581155 1.420480 -3.303013
v 5.525662 1.213376 -3.270199
v 5.625661 1.186581 -3.270199
v 5.571937 1.386079 -3.471610
v 5.533276 1.241793 -3.448748
v 5.507863 1.146951 -3.364587
v 5.607863 1.120156 -3.364587
v 5.633276 1.214998 -3.448748
v 5.671937 1.359284 -3.471610
v 5.580633 1.018532 -3.226019
v 5.615477 1.148573 -3.236471
v 5.476392 1.029500 -3.037573
v 5.515477 1.175368 -3.236471
v 5.576392 1.002705 -3.037573
v 5.529983 0.829503 -2.653335
v 5.529983 0.829503 -2.906668
v 5.429983 0.856297 -2.906668
v 5.429983 0.856298 -2.653335
v 5.480633 1.045327 -3.226019
v 5.811156 1.532446 -2.815557
v 5.711156 1.505651 -2.717779
v 5.892330 0.829503 -2.815557
v 5.992330 0.856297 -2.815557
v 5.892330 0.829503 -2.717779
v 5.992330 0.856298 -2.717779
v 5.811156 1.532446 -2.717779
v 5.884361 1.605651 -2.717779
v 5.884361 1.605651 -2.815557
v 5.811156 1.532446 -2.197335
v 5.884361 1.605651 -2.197334
v 5.841156 1.480485 -2.197289
v 5.711156 1.505651 -2.197335
v 5.711156 1.445651 -2.197289
v 5.611156 1.532446 -2.197335
v 5.581156 1.480485 -2.197289
v 5.611156 1.532446 -2.717779
v 5.537951 1.605651 -2.815557
v 5.537951 1.605651 -2.717779
v 5.511156 1.705651 -2.815557
v 5.537951 1.605651 -2.197334
v 5.511156 1.705651 -2.717779
v 4.835008 1.886825 -2.717779
v 4.861803 1.986824 -2.717779
v 4.835008 1.886825 -2.815557
v 5.511156 1.705651 -2.197334
v 5.537951 1.805651 -2.717779
v 5.537951 1.805651 -2.815557
v 5.611156 1.878856 -2.815557
v 5.537951 1.805651 -2.197334
v 5.611156 1.878856 -2.717779
v 5.711156 1.905651 -2.815557
v 5.711156 1.905651 -2.717779
v 5.611156 1.878856 -2.197334
v 5.711156 1.905651 -2.197334
v 5.581156 1.930818 -2.197288
v 5.711156 1.965651 -2.197288
v 5.485990 1.835651 -1.915755
v 5.581156 1.930818 -1.915755
v 5.485990 1.835651 -2.197288
v 5.451156 1.705651 -1.915755
v 5.451156 1.705651 -2.197288
v 5.485990 1.575651 -1.915755
v 5.485990 1.575651 -2.197288
v 5.581156 1.480485 -1.915755
v 5.711156 1.445651 -1.915755
v 5.936323 1.835651 -1.915755
v 5.936323 1.575651 -1.915755
v 5.841156 1.480485 -1.915755
v 5.936323 1.575651 -2.197288
v 5.971156 1.705651 -1.915755
v 5.971156 1.705651 -2.197288
v 5.884361 1.805651 -2.197334
v 5.936323 1.835651 -2.197288
v 5.911156 1.705651 -2.197334
v 5.911156 1.705651 -2.717779
v 5.884361 1.805651 -2.717779
v 5.911156 1.705651 -2.815557
v 5.884361 1.605651 -3.253335
v 5.884361 1.805651 -2.815557
v 5.911156 1.705651 -3.253335
v 5.884361 1.805651 -3.253335
v 5.911156 1.705651 -3.406668
v 5.884361 1.605651 -3.406668
v 5.996328 1.835652 -3.303013
v 6.023122 1.735653 -3.303013
v 6.230226 1.791146 -3.270198
v 6.203431 1.891146 -3.270198
v 6.057524 1.744870 -3.471610
v 6.201808 1.783531 -3.448748
v 6.296651 1.808944 -3.364587
v 6.269856 1.908944 -3.364587
v 6.175014 1.883531 -3.448748
v 6.030729 1.844870 -3.471610
v 5.884361 1.805651 -3.406668
v 5.811156 1.878856 -3.253335
v 5.811156 1.878856 -3.406668
v 5.884361 1.805651 -3.530001
v 5.911156 1.705651 -3.530001
v 5.884361 1.605651 -3.530001
v 5.794704 1.753887 -3.530001
v 5.811156 1.532446 -3.406668
v 5.811156 1.532446 -3.253335
v 5.918305 1.425298 -3.471610
v 5.991510 1.498503 -3.471610
v 5.893121 1.450481 -3.303013
v 5.966326 1.523686 -3.303013
v 6.023929 1.319673 -3.448748
v 6.044732 1.298871 -3.270199
v 6.093359 1.250244 -3.364587
v 6.117937 1.372076 -3.270198
v 6.072555 1.271047 -3.236471
v 6.167752 1.175850 -3.226019
v 6.145760 1.344252 -3.236470
v 6.179339 1.164264 -3.037573
v 6.306131 1.037471 -2.653335
v 6.306131 1.037471 -2.906668
v 6.252544 1.237469 -3.037573
v 6.379336 1.110676 -2.653335
v 6.379336 1.110676 -2.906668
v 6.240957 1.249055 -3.226019
v 6.166564 1.323449 -3.364587
v 6.097134 1.392879 -3.448748
v 5.711156 1.905651 -3.406668
v 5.850375 2.025224 -3.471610
v 5.841158 1.990823 -3.303013
v 5.741158 2.017618 -3.303013
v 5.796651 2.224721 -3.270198
v 5.889036 2.169509 -3.448748
v 5.896651 2.197926 -3.270198
v 5.914449 2.264352 -3.364587
v 5.806835 2.262729 -3.236470
v 5.906835 2.235934 -3.236470
v 5.941679 2.365975 -3.226019
v 5.845920 2.408598 -3.037573
v 5.945920 2.381803 -3.037573
v 5.992329 2.555004 -2.653334
v 5.992329 2.555004 -2.906668
v 5.892329 2.581799 -2.906668
v 5.841679 2.392770 -3.226019
v 5.814449 2.291146 -3.364587
v 5.789036 2.196304 -3.448748
v 5.750375 2.052019 -3.471609
v 5.892329 2.581799 -2.653334
v 5.711156 1.905651 -3.253334
v 5.611156 1.878856 -3.253335
v 5.537951 1.805651 -3.253335
v 5.611156 1.878856 -3.406668
v 5.529191 1.960821 -3.303013
v 5.377581 2.112432 -3.270198
v 5.455986 1.887616 -3.303013
v 5.304376 2.039226 -3.270198
v 5.504007 1.986005 -3.471610
v 5.398384 2.091629 -3.448748
v 5.325178 2.018424 -3.448748
v 5.328954 2.161058 -3.364587
v 5.430802 1.912800 -3.471610
v 5.537951 1.805651 -3.406668
v 5.511156 1.705651 -3.253335
v 5.537951 1.805651 -3.530001
v 5.614684 1.705651 -3.530001
v 5.627609 1.753887 -3.530001
v 5.627609 1.657415 -3.430001
v 5.399190 1.675650 -3.303013
v 5.192086 1.620157 -3.270198
v 5.220503 1.627771 -3.448748
v 5.125661 1.602358 -3.364587
v 5.247298 1.527771 -3.448748
v 5.218881 1.520157 -3.270198
v 5.152456 1.502358 -3.364587
v 5.050832 1.475128 -3.226019
v 5.180873 1.509972 -3.236470
v 5.024037 1.575128 -3.226019
v 5.154078 1.609972 -3.236470
v 5.008210 1.570887 -3.037573
v 4.835008 1.524478 -2.906668
v 4.861803 1.424478 -2.653334
v 4.861803 1.424478 -2.906668
v 4.835008 1.524478 -2.653334
v 5.035005 1.470887 -3.037573
v 5.349757 2.140256 -3.236470
v 5.254560 2.235452 -3.226019
v 5.255749 2.087853 -3.364587
v 5.181355 2.162247 -3.226019
v 5.276552 2.067051 -3.236470
v 5.169769 2.173834 -3.037573
v 5.242974 2.247039 -3.037573
v 5.042976 2.300626 -2.653334
v 5.042976 2.300626 -2.906668
v 5.116181 2.373831 -2.906668
v 5.116181 2.373831 -2.653334
v 5.811156 1.878856 -2.815557
v 5.811156 1.878856 -2.717779
v 6.306131 2.373831 -2.815557
v 6.379336 2.300626 -2.815557
v 6.306131 2.373831 -2.717779
v 6.379336 2.300626 -2.717779
v 5.811156 1.878856 -2.197334
v 5.841156 1.930818 -2.197288
v 5.841156 1.930818 -1.915755
v 5.711156 1.965651 -1.915755
v 6.371480 1.936174 -3.226019
v 6.241439 1.901330 -3.236470
v 6.398275 1.836174 -3.226019
v 6.268234 1.801330 -3.236470
v 6.414103 1.840415 -3.037573
v 6.587304 1.886825 -2.906668
v 6.560509 1.986824 -2.653334
v 6.560509 1.986824 -2.906668
v 6.587304 1.886825 -2.653334
v 6.387308 1.940415 -3.037573
v 4.861803 1.986824 -2.815557
v 4.881954 1.691066 -3.517407
v 4.881954 1.691066 -2.477407
v 4.899238 1.866553 -3.517407
v 4.899238 1.515580 -2.477407
v 4.899238 1.515579 -3.517406
v 4.817436 1.691066 -3.517407
v 4.772681 1.891727 -3.517407
v 4.835960 1.879140 -3.517407
v 4.835960 1.502993 -3.517406
v 4.752918 1.691066 -3.517407
v 4.673675 1.910461 -3.188074
v 4.651997 1.690367 -3.188074
v 4.706727 1.691116 -3.512207
v 4.727380 1.481426 -3.512207
v 4.772681 1.490406 -3.517406
v 4.890819 1.322147 -3.517406
v 4.673675 1.470273 -3.188073
v 4.831212 1.297457 -3.517406
v 4.979905 1.155478 -3.517406
v 4.737874 1.258636 -3.188073
v 4.926260 1.119634 -3.517406
v 4.788544 1.279794 -3.512207
v 4.887870 1.093969 -3.512207
v 4.633721 1.215505 -3.186167
v 4.748400 1.000956 -3.186167
v 4.749700 1.002047 -2.808646
v 4.842127 1.063591 -3.188073
v 4.843309 1.064584 -2.806740
v 4.983207 0.894118 -2.806740
v 4.982429 0.892633 -3.188073
v 5.054174 0.963771 -3.517406
v 4.903588 0.814533 -2.808646
v 4.902732 0.812902 -3.186167
v 5.021539 0.931092 -3.512207
v 5.184416 0.797423 -3.512207
v 5.090786 0.658570 -3.186167
v 5.210037 0.835856 -3.517406
v 5.099795 1.009391 -3.517406
v 5.245881 0.889501 -3.517406
v 5.387860 0.740808 -3.517406
v 5.153387 0.752333 -3.188073
v 5.348432 0.648078 -3.188073
v 5.348158 0.650265 -2.806740
v 5.305034 0.546295 -2.808646
v 5.305335 0.543890 -3.186167
v 5.370241 0.698097 -3.512207
v 5.571873 0.636933 -3.512207
v 5.538134 0.473272 -3.186167
v 5.580809 0.682278 -3.517406
v 5.412550 0.800415 -3.517406
v 5.593396 0.745556 -3.517406
v 5.781470 0.662515 -3.517406
v 5.560068 0.583879 -3.188073
v 5.780162 0.562202 -3.188073
v 5.778648 0.564635 -2.806740
v 5.778572 0.452103 -2.808646
v 5.780238 0.449427 -3.186167
v 5.781563 0.616280 -3.512207
v 5.991253 0.636933 -3.512207
v 6.022341 0.473272 -3.186167
v 5.982130 0.682278 -3.517406
v 5.969544 0.745556 -3.517406
v 6.175079 0.740807 -3.517406
v 5.781470 0.727032 -3.517406
v 6.000256 0.583879 -3.188073
v 6.211892 0.648078 -3.188073
v 6.209137 0.650265 -2.806740
v 6.255139 0.543890 -3.186167
v 6.192885 0.698097 -3.512207
v 6.252110 0.546295 -2.808646
v 6.185033 0.704327 -2.482606
v 6.369260 0.802798 -2.482606
v 6.466043 0.660645 -2.808646
v 6.403621 0.754219 -2.806740
v 6.469689 0.658570 -3.186167
v 6.406937 0.752332 -3.188073
v 6.378710 0.797421 -3.512207
v 6.574088 0.894118 -2.806740
v 6.577894 0.892633 -3.188073
v 6.352902 0.835856 -3.517406
v 6.150390 0.800415 -3.517406
v 6.317059 0.889501 -3.517406
v 6.508765 0.963769 -3.517406
v 6.463143 1.009391 -3.517406
v 6.636679 1.119634 -3.517406
v 6.541587 0.931092 -3.512207
v 6.675257 1.093969 -3.512208
v 6.657744 0.812902 -3.186167
v 6.812076 1.000956 -3.186167
v 6.718197 1.063592 -3.188073
v 6.807445 1.002047 -2.808646
v 6.713986 1.064584 -2.806740
v 6.653556 0.814533 -2.808646
v 6.663258 1.096796 -2.482606
v 6.498383 0.967815 -2.477407
v 6.625197 1.122339 -2.477407
v 6.530737 0.935319 -2.482606
v 6.457954 1.011414 -2.477407
v 6.577293 1.156830 -2.477407
v 6.719428 1.298633 -2.477407
v 6.665972 1.322735 -2.477407
v 6.777456 1.489923 -2.477407
v 6.822368 1.480922 -2.482606
v 6.817941 1.259068 -2.806741
v 6.761729 1.281023 -2.482606
v 6.921794 1.215979 -2.808646
v 6.926754 1.215505 -3.186167
v 6.992210 1.448110 -2.808646
v 6.822450 1.258636 -3.188073
v 6.731728 1.297457 -3.517406
v 6.774582 1.279794 -3.512208
v 6.835746 1.481426 -3.512207
v 6.997374 1.448304 -3.186167
v 6.790258 1.490406 -3.517406
v 6.672121 1.322146 -3.517406
v 6.745503 1.691066 -3.517407
v 6.726980 1.502993 -3.517406
v 6.886649 1.470273 -3.188073
v 6.908326 1.690367 -3.188074
v 6.810021 1.691066 -3.517407
v 6.726980 1.879140 -3.517407
v 6.790258 1.891727 -3.517407
v 6.856399 1.691116 -3.512208
v 6.835746 1.900806 -3.512207
v 7.021217 1.690408 -3.186168
v 6.997374 1.932511 -3.186168
v 6.992210 1.930925 -2.808647
v 6.886649 1.910461 -3.188074
v 6.881955 1.909019 -2.806740
v 6.817941 2.120047 -2.806741
v 6.822451 2.122097 -3.188074
v 6.731728 2.084676 -3.517407
v 6.921794 2.163055 -2.808647
v 6.926755 2.165311 -3.186168
v 6.774582 2.102438 -3.512208
v 6.675256 2.288263 -3.512207
v 6.718196 2.317142 -3.188074
v 6.812076 2.379860 -3.186167
v 6.636679 2.262499 -3.517407
v 6.463143 2.372741 -3.517407
v 6.583035 2.226655 -3.517407
v 6.508765 2.418362 -3.517407
v 6.317059 2.492631 -3.517407
v 6.577895 2.488100 -3.188074
v 6.541587 2.451140 -3.512208
v 6.378710 2.584809 -3.512207
v 6.352902 2.546276 -3.517407
v 6.150390 2.581717 -3.517407
v 6.406937 2.628402 -3.188074
v 6.175079 2.641324 -3.517407
v 5.969544 2.636577 -3.517407
v 6.211892 2.732655 -3.188074
v 6.192885 2.684135 -3.512207
v 5.991253 2.745299 -3.512207
v 5.982130 2.699855 -3.517407
v 5.781470 2.655100 -3.517407
v 6.000256 2.796855 -3.188074
v 5.781470 2.719618 -3.517407
v 5.593396 2.636577 -3.517407
v 5.780162 2.818532 -3.188074
v 5.781563 2.765952 -3.512207
v 5.571873 2.745299 -3.512207
v 5.580809 2.699855 -3.517407
v 5.412550 2.581717 -3.517407
v 5.560068 2.796855 -3.188074
v 5.387860 2.641324 -3.517407
v 5.245881 2.492631 -3.517407
v 5.348432 2.732655 -3.188074
v 5.370241 2.684135 -3.512208
v 5.184416 2.584810 -3.512207
v 5.210037 2.546276 -3.517407
v 5.099795 2.372741 -3.517407
v 5.153387 2.628402 -3.188074
v 5.054174 2.418362 -3.517407
v 4.979905 2.226655 -3.517407
v 4.982429 2.488100 -3.188074
v 5.021539 2.451140 -3.512207
v 4.887870 2.288263 -3.512207
v 4.926261 2.262499 -3.517407
v 4.890819 2.059986 -3.517407
v 4.842128 2.317142 -3.188074
v 4.831212 2.084676 -3.517407
v 4.737874 2.122097 -3.188074
v 4.788544 2.102438 -3.512207
v 4.727380 1.900806 -3.512207
v 4.633721 2.165311 -3.186167
v 4.563102 1.932511 -3.186167
v 4.635350 2.163055 -2.808647
v 4.564934 1.930925 -2.808647
v 4.675340 1.909019 -2.806740
v 4.792764 2.096595 -2.482607
v 4.732126 1.896696 -2.482607
v 4.777224 1.887794 -2.477407
v 4.835251 2.079085 -2.477407
v 4.819792 1.689963 -2.477407
v 4.838231 1.877174 -2.477407
v 4.653725 1.689558 -2.806740
v 4.757630 1.688859 -2.477407
v 4.777224 1.489923 -2.477407
v 4.838231 1.502752 -2.477407
v 4.711651 1.688809 -2.482607
v 4.732126 1.480922 -2.482606
v 4.564934 1.448110 -2.808646
v 4.541157 1.689517 -2.808647
v 4.539257 1.690408 -3.186167
v 4.563102 1.448304 -3.186167
v 4.675340 1.470096 -2.806740
v 4.739355 1.259069 -2.806740
v 4.635350 1.215979 -2.808646
v 4.835251 1.298633 -2.477407
v 4.792764 1.281023 -2.482606
v 4.891236 1.096796 -2.482606
v 4.929482 1.122338 -2.477407
v 4.981516 1.156830 -2.477407
v 5.056296 0.967815 -2.477407
v 5.100856 1.011414 -2.477407
v 5.023757 0.935319 -2.482606
v 5.210819 0.841001 -2.477407
v 5.185233 0.802798 -2.482606
v 5.153674 0.754219 -2.806740
v 5.091101 0.660645 -2.808646
v 5.387114 0.746770 -2.477407
v 5.246273 0.892074 -2.477407
v 5.412177 0.803396 -2.477407
v 5.369461 0.704327 -2.482606
v 5.578404 0.688743 -2.477407
v 5.569359 0.643688 -2.482606
v 5.559186 0.586250 -2.806740
v 5.537164 0.475879 -2.808646
v 5.777340 0.669149 -2.477407
v 5.592194 0.748789 -2.477407
v 5.779405 0.730350 -2.477407
v 5.777247 0.623213 -2.482606
v 5.976275 0.688743 -2.477407
v 5.985134 0.643688 -2.482606
v 6.019980 0.475879 -2.808646
v 5.998109 0.586250 -2.806740
v 6.167565 0.746770 -2.477407
v 5.966616 0.748789 -2.477407
v 6.146632 0.803396 -2.477407
v 6.343860 0.841001 -2.477407
v 6.312537 0.892074 -2.477407
v 6.125700 0.860022 -2.477407
v 6.281214 0.943146 -2.477407
v 6.417523 1.055012 -3.517406
v 6.417523 1.055013 -2.477407
v 6.281214 0.943146 -3.517406
v 6.125700 0.860022 -3.517406
v 5.956957 0.808834 -3.517406
v 5.956957 0.808834 -2.477407
v 5.781470 0.791550 -2.477407
v 5.605983 0.808834 -3.517406
v 5.781470 0.791550 -3.517406
v 5.605983 0.808834 -2.477407
v 5.437240 0.860022 -3.517406
v 5.437240 0.860022 -2.477407
v 5.281726 0.943146 -3.517406
v 5.281726 0.943146 -2.477407
v 5.145416 1.055012 -3.517406
v 5.145416 1.055013 -2.477407
v 5.033549 1.191322 -2.477407
v 5.033549 1.191322 -3.517406
v 4.950425 1.346836 -3.517406
v 4.950425 1.346836 -2.477407
v 4.892838 1.322735 -2.477407
v 6.529391 1.191322 -3.517406
v 6.529391 1.191322 -2.477407
v 6.612515 1.346836 -3.517406
v 6.612515 1.346836 -2.477407
v 6.663702 1.515579 -3.517406
v 6.663702 1.515580 -2.477407
v 6.720579 1.502752 -2.477407
v 6.797049 1.688859 -2.477407
v 6.739018 1.689963 -2.477407
v 6.777456 1.887794 -2.477407
v 6.680986 1.691067 -2.477407
v 6.720579 1.877174 -2.477407
v 6.665972 2.057190 -2.477407
v 6.719428 2.079085 -2.477407
v 6.663702 1.866553 -2.477407
v 6.663702 1.866553 -3.517407
v 6.612515 2.035296 -3.517407
v 6.612515 2.035296 -2.477407
v 6.529391 2.190811 -2.477407
v 6.577293 2.223095 -2.477407
v 6.529391 2.190811 -3.517407
v 6.417523 2.327120 -3.517407
v 6.281214 2.438986 -3.517407
v 6.417523 2.327120 -2.477407
v 6.281214 2.438986 -2.477407
v 6.457954 2.368511 -2.477407
v 6.498384 2.409902 -2.477407
v 6.312537 2.487851 -2.477407
v 6.625197 2.255379 -2.477407
v 6.574088 2.484998 -2.806741
v 6.663258 2.280822 -2.482607
v 6.713986 2.314531 -2.806740
v 6.807445 2.376988 -2.808647
v 6.761729 2.096595 -2.482607
v 6.530737 2.442299 -2.482607
v 6.653556 2.564502 -2.808647
v 6.466043 2.718390 -2.808647
v 6.657744 2.567914 -3.186168
v 6.469691 2.722245 -3.186167
v 6.403621 2.624897 -2.806740
v 6.369261 2.574820 -2.482607
v 6.343860 2.536716 -2.477407
v 6.146633 2.576529 -2.477407
v 6.167565 2.630948 -2.477407
v 6.209137 2.728851 -2.806740
v 6.185033 2.673292 -2.482607
v 6.252111 2.832739 -2.808647
v 6.019980 2.903155 -2.808647
v 6.255139 2.836924 -3.186168
v 6.022341 2.907543 -3.186168
v 5.998109 2.792865 -2.806740
v 5.985135 2.733930 -2.482607
v 5.976275 2.688975 -2.477407
v 5.779405 2.649575 -2.477407
v 5.777340 2.708568 -2.477407
v 5.966616 2.631137 -2.477407
v 5.778648 2.814480 -2.806740
v 5.777247 2.754405 -2.482607
v 5.778572 2.926932 -2.808647
v 5.780238 2.931389 -3.186167
v 5.537164 2.903155 -2.808647
v 5.538134 2.907543 -3.186168
v 5.559186 2.792865 -2.806740
v 5.569359 2.733930 -2.482607
v 5.578404 2.688975 -2.477407
v 5.412177 2.576529 -2.477407
v 5.387114 2.630948 -2.477407
v 5.592194 2.631137 -2.477407
v 5.348158 2.728851 -2.806740
v 5.305034 2.832739 -2.808647
v 5.369461 2.673292 -2.482607
v 5.185234 2.574820 -2.482607
v 5.091101 2.718390 -2.808647
v 5.210819 2.536716 -2.477407
v 5.100856 2.368511 -2.477407
v 5.056297 2.409902 -2.477407
v 5.246273 2.487852 -2.477407
v 4.983207 2.484998 -2.806740
v 5.153674 2.624897 -2.806740
v 5.023757 2.442300 -2.482607
v 4.903588 2.564502 -2.808647
v 4.902732 2.567914 -3.186168
v 4.749700 2.376988 -2.808647
v 4.748400 2.379860 -3.186167
v 4.843309 2.314531 -2.806740
v 4.891236 2.280822 -2.482607
v 4.929482 2.255379 -2.477407
v 4.892838 2.057191 -2.477407
v 4.981516 2.223095 -2.477407
v 4.739355 2.120047 -2.806740
v 5.033549 2.190811 -2.477407
v 4.950425 2.035296 -2.477407
v 5.033550 2.190811 -3.517407
v 4.950425 2.035296 -3.517407
v 4.899238 1.866553 -2.477407
v 5.145416 2.327120 -3.517407
v 5.145416 2.327120 -2.477407
v 5.281726 2.438987 -3.517407
v 5.437240 2.522111 -3.517407
v 5.281726 2.438987 -2.477407
v 5.437240 2.522111 -2.477407
v 5.605983 2.573298 -3.517407
v 5.605983 2.573298 -2.477407
v 5.781470 2.590583 -3.517407
v 5.781470 2.590582 -2.477407
v 5.956957 2.573298 -2.477407
v 5.956957 2.573298 -3.517407
v 6.125700 2.522111 -2.477407
v 6.125700 2.522111 -3.517407
v 5.090786 2.722246 -3.186167
v 5.305335 2.836924 -3.186168
v 6.672121 2.059986 -3.517407
v 6.680986 1.691066 -3.517407
v 6.822368 1.896696 -2.482607
v 6.842843 1.688809 -2.482607
v 7.015987 1.689517 -2.808647
v 6.903570 1.689558 -2.806740
v 6.881955 1.470096 -2.806740
v 6.583035 1.155478 -3.517406
vn -0.5000 -0.8660 -0.0000
vn -0.0000 -1.0000 -0.0000
vn -0.0000 -0.0000 -1.0000
vn 0.5000 -0.8660 -0.0000
vn 0.8660 -0.5000 -0.0000
vn -0.8660 0.5000 -0.0000
vn -1.0000 -0.0000 -0.0000
vn -0.8660 -0.5000 -0.0000
vn -0.5000 0.8660 -0.0000
vn -0.0000 1.0000 -0.0000
vn 0.5000 0.8660 -0.0000
vn 0.0890 -0.9960 -0.0000
vn -0.5751 -0.8181 -0.0000
vn -0.8181 -0.5751 -0.0000
vn 0.2588 -0.9659 -0.0000
vn -0.9960 0.0890 -0.0000
vn 0.3805 0.1020 -0.9191
vn 0.1219 0.0327 -0.9920
vn -0.0890 -0.9960 -0.0000
vn -0.1020 -0.3805 0.9191
vn -0.0327 -0.1219 0.9920
vn -0.9659 0.2588 -0.0000
vn 0.1080 0.4029 0.9089
vn -0.1080 -0.4029 -0.9089
vn 0.0327 0.1219 -0.9920
vn -0.1884 -0.7029 -0.6859
vn 0.9659 -0.2588 -0.0000
vn 0.1020 0.3805 -0.9191
vn -0.2137 -0.7974 -0.5643
vn 0.2216 0.8270 0.5167
vn 0.1884 0.7029 0.6859
vn 0.2345 0.8753 0.4229
vn -0.2588 -0.9659 -0.0000
vn -0.2491 -0.9297 -0.2714
vn 0.5751 -0.8181 -0.0000
vn -0.9659 -0.2588 -0.0000
vn -0.0000 -0.0000 1.0000
vn 0.9659 0.2588 -0.0000
vn 0.0007 -0.0004 -1.0000
vn 0.0004 -0.0007 -1.0000
vn -0.0000 -0.0008 -1.0000
vn -0.0004 -0.0007 -1.0000
vn -0.9960 -0.0890 -0.0000
vn -0.8181 0.5751 -0.0000
vn 0.2588 0.9659 -0.0000
vn -0.0000 0.0008 -1.0000
vn -0.0004 0.0007 -1.0000
vn -0.0007 0.0004 -1.0000
vn -0.0008 -0.0000 -1.0000
vn -0.0007 -0.0004 -1.0000
vn 0.0008 -0.0000 -1.0000
vn 1.0000 -0.0000 -0.0000
vn 0.8660 0.5000 -0.0000
vn 0.0007 0.0004 -1.0000
vn 0.9071 0.4210 -0.0000
vn 0.9071 -0.4210 -0.0000
vn 0.9960 -0.0890 -0.0000
vn 0.8181 0.5751 -0.0000
vn 0.3805 0.1020 0.9191
vn 0.1219 0.0327 0.9920
vn -0.4029 -0.1080 0.9089
vn 0.4029 0.1080 -0.9089
vn -0.1219 -0.0327 -0.9920
vn 0.7029 0.1883 -0.6859
vn 0.4029 0.1079 -0.9089
vn -0.2588 0.9659 -0.0000
vn -0.3805 -0.1020 -0.9191
vn 0.5751 0.8181 -0.0000
vn 0.4210 -0.9071 -0.0000
vn -0.2785 0.2785 -0.9191
vn -0.0892 0.0892 -0.9920
vn -0.7071 -0.7071 -0.0000
vn 0.2785 -0.2785 0.9191
vn 0.0892 -0.0892 0.9920
vn -0.2949 0.2949 0.9089
vn -0.5146 0.5146 0.6859
vn -0.6054 0.6054 0.5167
vn -0.6408 0.6408 0.4229
vn 0.7071 0.7071 -0.0000
vn 0.5838 -0.5838 -0.5643
vn 0.6806 -0.6806 -0.2714
vn 0.5146 -0.5146 -0.6859
vn 0.2949 -0.2949 -0.9089
vn 0.7071 -0.7071 -0.0000
vn -0.0890 0.9960 -0.0000
vn -0.1020 -0.3805 -0.9191
vn -0.0327 -0.1219 -0.9920
vn 0.1020 0.3805 0.9191
vn 0.0327 0.1219 0.9920
vn -0.1080 -0.4029 0.9089
vn -0.1884 -0.7029 0.6859
vn -0.2216 -0.8270 0.5167
vn -0.2345 -0.8753 0.4229
vn 0.2137 0.7974 -0.5643
vn 0.2491 0.9297 -0.2714
vn 0.1883 0.7029 -0.6859
vn 0.1079 0.4029 -0.9089
vn 0.1080 0.4029 -0.9089
vn -0.4210 0.9071 -0.0000
vn -0.2785 0.2785 0.9191
vn -0.0892 0.0892 0.9920
vn -0.9071 0.4210 -0.0000
vn 0.2949 -0.2949 0.9089
vn -0.2949 0.2949 -0.9089
vn 0.0892 -0.0892 -0.9920
vn -0.5146 0.5146 -0.6859
vn 0.2785 -0.2785 -0.9191
vn -0.3805 -0.1020 0.9191
vn -0.1219 -0.0327 0.9920
vn 0.4029 0.1080 0.9089
vn -0.4029 -0.1080 -0.9089
vn -0.7029 -0.1883 -0.6859
vn -0.7974 -0.2137 -0.5643
vn -0.9297 -0.2491 -0.2714
vn 0.8270 0.2216 0.5167
vn 0.8753 0.2345 0.4229
vn 0.7029 0.1883 0.6859
vn -0.5838 0.5838 -0.5643
vn 0.6054 -0.6054 0.5167
vn 0.5146 -0.5146 0.6859
vn 0.6408 -0.6408 0.4229
vn -0.7071 0.7071 -0.0000
vn -0.6806 0.6806 -0.2714
vn 0.4210 0.9071 -0.0000
vn 0.0004 0.0007 -1.0000
vn 0.7974 0.2137 -0.5643
vn 0.9297 0.2491 -0.2714
vn -0.8270 -0.2216 0.5167
vn -0.8753 -0.2345 0.4229
vn -0.7029 -0.1884 0.6859
vn 0.9808 0.1951 -0.0000
vn 0.9808 -0.1951 -0.0000
vn -0.0405 -0.0040 -0.9992
vn -0.0389 0.0118 -0.9992
vn -0.9848 0.0970 -0.1439
vn -0.9520 0.0938 -0.2915
vn -0.9849 0.0970 -0.1435
vn 0.0004 1.0000 0.0024
vn 0.0014 1.0000 0.0025
vn 0.0012 1.0000 0.0025
vn -0.1119 -0.0110 -0.9937
vn -0.0359 -0.0192 -0.9992
vn -0.9469 -0.2872 -0.1444
vn -0.9152 -0.2776 -0.2921
vn 0.1949 -0.9808 -0.0014
vn 0.1944 -0.9809 -0.0016
vn 0.1943 -0.9809 -0.0016
vn -0.9469 -0.2872 -0.1443
vn -0.3826 0.9239 0.0005
vn -0.3824 0.9240 0.0005
vn -0.3825 0.9240 0.0005
vn -0.0992 -0.0530 -0.9937
vn -0.7851 -0.4196 -0.4556
vn -0.8585 -0.4589 -0.2288
vn -0.8570 -0.4581 0.2360
vn 0.5556 -0.8314 0.0005
vn 0.5555 -0.8315 0.0005
vn 0.5558 -0.8313 0.0005
vn -0.7649 -0.6278 -0.1443
vn -0.7641 -0.6270 0.1518
vn -0.7640 -0.6270 0.1519
vn -0.7649 -0.6277 -0.1444
vn -0.7393 -0.6067 -0.2921
vn -0.7073 0.7069 -0.0014
vn -0.7077 0.7065 -0.0016
vn -0.7076 0.7066 -0.0015
vn -0.7070 0.7072 -0.0014
vn -0.7069 0.7073 -0.0014
vn -0.7073 0.7069 -0.0015
vn -0.0258 -0.0315 -0.9992
vn -0.0713 -0.0869 -0.9937
vn -0.5648 -0.6882 -0.4553
vn -0.6176 -0.7525 -0.2288
vn -0.6176 -0.7526 -0.2282
vn -0.0118 -0.0389 -0.9992
vn -0.4509 -0.8436 -0.2915
vn -0.4665 -0.8727 -0.1439
vn 0.8317 -0.5553 0.0024
vn 0.8321 -0.5546 0.0025
vn 0.8322 -0.5545 0.0025
vn -0.4665 -0.8728 -0.1435
vn -0.9241 0.3822 -0.0032
vn -0.9246 0.3810 -0.0034
vn -0.9245 0.3811 -0.0034
vn -0.4659 -0.8716 0.1523
vn -0.9237 0.3831 -0.0030
vn -0.9237 0.3832 -0.0031
vn -0.0118 -0.0390 -0.9992
vn -0.0326 -0.1075 -0.9937
vn -0.2586 -0.8523 -0.4546
vn -0.2826 -0.9317 -0.2281
vn -0.2827 -0.9319 -0.2271
vn 0.0040 -0.0404 -0.9992
vn -0.0938 -0.9523 -0.2904
vn -0.0970 -0.9850 -0.1429
vn 0.9809 -0.1945 0.0039
vn 0.9812 -0.1931 0.0041
vn 0.9812 -0.1929 0.0042
vn -0.0970 -0.9851 -0.1422
vn -0.0969 -0.9834 0.1533
vn -1.0000 -0.0007 -0.0044
vn -1.0000 0.0006 -0.0042
vn -1.0000 0.0008 -0.0043
vn -1.0000 -0.0008 -0.0044
vn -1.0000 -0.0023 -0.0047
vn -1.0000 -0.0025 -0.0047
vn 0.0040 -0.0405 -0.9992
vn 0.0110 -0.1117 -0.9937
vn 0.0874 -0.8869 -0.4535
vn 0.0955 -0.9692 -0.2269
vn 0.0955 -0.9695 -0.2256
vn 0.0191 -0.0358 -0.9992
vn 0.2779 -0.9161 -0.2890
vn 0.2874 -0.9473 -0.1414
vn 0.9806 0.1958 0.0048
vn 0.9803 0.1975 0.0051
vn 0.9802 0.1978 0.0051
vn 0.2874 -0.9474 -0.1406
vn 0.2868 -0.9454 0.1548
vn -0.9236 -0.3834 -0.0050
vn -0.9241 -0.3821 -0.0048
vn -0.9242 -0.3818 -0.0048
vn -0.9228 -0.3854 -0.0054
vn -0.9229 -0.3851 -0.0053
vn -0.9249 -0.3803 -0.0053
vn 0.4575 -0.8560 0.2409
vn 0.4175 -0.7810 0.4645
vn 0.4577 -0.8562 0.2395
vn 0.4594 -0.8595 -0.2239
vn 0.8310 0.5562 0.0050
vn 0.8320 0.5548 0.0048
vn 0.8318 0.5550 0.0048
vn 0.8329 0.5534 0.0054
vn 0.4593 -0.8592 -0.2253
vn 0.8310 0.5563 0.0050
vn 0.6282 -0.7655 -0.1389
vn 0.6266 -0.7635 0.1564
vn 0.6265 -0.7634 0.1573
vn 0.8300 0.5577 0.0053
vn 0.8299 0.5579 0.0053
vn 0.6282 -0.7654 -0.1397
vn 0.6076 -0.7404 -0.2875
vn 0.0192 -0.0359 -0.9992
vn 0.0529 -0.0989 -0.9937
vn 0.0313 -0.0257 -0.9992
vn 0.0314 -0.0258 -0.9992
vn 0.0866 -0.0711 -0.9937
vn -0.7066 -0.7076 -0.0048
vn -0.7051 -0.7091 -0.0052
vn -0.7053 -0.7089 -0.0051
vn 0.6899 -0.5662 -0.4510
vn 0.7534 -0.6183 -0.2236
vn -0.7065 -0.7077 -0.0048
vn 0.7537 -0.6185 -0.2223
vn 0.5550 0.8318 0.0044
vn 0.5549 0.8319 0.0044
vn 0.5537 0.8327 0.0047
vn 0.7502 -0.6157 0.2412
vn 0.5560 0.8311 0.0042
vn 0.5562 0.8310 0.0043
vn 0.5575 0.8302 0.0047
vn 0.7499 -0.6155 0.2424
vn 0.6841 -0.5614 0.4657
vn 0.0317 -0.0260 0.9992
vn 0.0875 -0.0718 0.9936
vn 0.5577 0.8300 0.0048
vn -0.7077 -0.7065 -0.0046
vn -0.7089 -0.7053 -0.0052
vn -0.7091 -0.7051 -0.0052
vn -0.7075 -0.7067 -0.0046
vn 0.0393 -0.0119 0.9992
vn 0.8707 -0.4654 0.1587
vn 0.8399 -0.4489 0.3052
vn 0.8708 -0.4655 0.1580
vn 0.1084 -0.0329 0.9936
vn -0.3833 -0.9236 -0.0037
vn -0.3846 -0.9231 -0.0042
vn -0.3848 -0.9230 -0.0042
vn -0.3832 -0.9237 -0.0037
vn 0.9281 -0.2815 0.2436
vn 0.8463 -0.2567 0.4667
vn -0.3821 -0.9241 -0.0039
vn 0.9333 -0.2831 -0.2211
vn 0.9283 -0.2816 0.2427
vn 0.8451 -0.4517 -0.2860
vn 0.8735 -0.4669 -0.1381
vn 0.8736 -0.4669 -0.1374
vn -0.3806 -0.9247 -0.0041
vn -0.3808 -0.9246 -0.0041
vn 0.0388 -0.0118 -0.9992
vn 0.1072 -0.0325 -0.9937
vn 0.8546 -0.2592 -0.4500
vn 0.9330 -0.2830 -0.2221
vn 0.0403 0.0040 -0.9992
vn 0.1946 0.9809 0.0032
vn 0.1935 0.9811 0.0034
vn 0.1933 0.9811 0.0034
vn 0.9539 -0.0940 -0.2849
vn 0.9858 -0.0971 -0.1368
vn 0.9859 -0.0971 -0.1364
vn 0.0404 0.0040 -0.9992
vn 0.1114 0.0110 -0.9937
vn 0.0004 -1.0000 -0.0024
vn 0.0014 -1.0000 -0.0025
vn 0.0012 -1.0000 -0.0025
vn 0.8891 0.0876 -0.4493
vn 0.9706 0.0956 -0.2209
vn 0.9707 0.0956 -0.2204
vn 0.9652 0.0951 0.2438
vn -0.1953 0.9807 0.0014
vn -0.1949 0.9808 0.0014
vn -0.1953 0.9807 0.0015
vn -0.1958 0.9806 0.0015
vn -0.1948 0.9808 0.0014
vn 0.9481 0.2876 -0.1359
vn 0.9446 0.2865 0.1601
vn 0.9446 0.2865 0.1603
vn -0.1959 0.9806 0.0016
vn 0.9174 0.2783 -0.2844
vn 0.9480 0.2876 -0.1360
vn 0.3828 -0.9238 -0.0005
vn 0.3826 -0.9239 -0.0005
vn 0.3830 -0.9238 -0.0005
vn 0.3829 -0.9238 -0.0005
vn 0.0357 0.0191 -0.9992
vn 0.0987 0.0528 -0.9937
vn 0.8602 0.4598 -0.2204
vn 0.7880 0.4212 -0.4490
vn -0.5555 0.8315 -0.0005
vn -0.5554 0.8316 -0.0005
vn -0.5553 0.8316 -0.0005
vn 0.0257 0.0313 -0.9992
vn 0.7658 0.6285 -0.1360
vn 0.7411 0.6082 -0.2844
vn 0.7658 0.6285 -0.1359
vn 0.7069 -0.7073 0.0014
vn 0.7065 -0.7077 0.0016
vn 0.7066 -0.7076 0.0015
vn 0.0710 0.0865 -0.9937
vn 0.0118 0.0388 -0.9992
vn 0.4670 0.8736 -0.1368
vn 0.4519 0.8454 -0.2849
vn -0.8313 0.5559 -0.0024
vn -0.8308 0.5566 -0.0025
vn -0.8307 0.5567 -0.0025
vn 0.4670 0.8737 -0.1364
vn 0.9237 -0.3831 0.0032
vn 0.9232 -0.3844 0.0034
vn 0.9232 -0.3842 0.0034
vn 0.0325 0.1072 -0.9937
vn -0.0040 0.0404 -0.9992
vn 0.0971 0.9856 -0.1381
vn 0.0939 0.9536 -0.2860
vn -0.9807 0.1957 -0.0039
vn -0.9804 0.1971 -0.0041
vn -0.9803 0.1973 -0.0041
vn 0.0971 0.9857 -0.1374
vn 1.0000 -0.0007 0.0044
vn 1.0000 -0.0025 0.0047
vn 1.0000 -0.0023 0.0047
vn -0.0110 0.1115 -0.9937
vn -0.0192 0.0359 -0.9992
vn -0.2874 0.9476 -0.1397
vn -0.2780 0.9165 -0.2875
vn -0.9809 -0.1944 -0.0048
vn -0.9813 -0.1926 -0.0051
vn -0.9813 -0.1924 -0.0051
vn -0.0191 0.0358 -0.9992
vn -0.2875 0.9477 -0.1389
vn 0.9242 0.3820 0.0050
vn 0.9250 0.3800 0.0054
vn 0.9249 0.3803 0.0053
vn -0.0529 0.0989 -0.9937
vn -0.0315 0.0258 -0.9992
vn -0.6280 0.7652 -0.1414
vn -0.6073 0.7400 -0.2890
vn -0.8319 -0.5549 -0.0050
vn -0.8329 -0.5534 -0.0053
vn -0.8330 -0.5532 -0.0054
vn -0.0314 0.0258 -0.9992
vn -0.6281 0.7653 -0.1406
vn 0.7076 0.7066 0.0048
vn 0.7090 0.7051 0.0051
vn 0.7088 0.7053 0.0051
vn -0.0868 0.0712 -0.9937
vn -0.0390 0.0118 -0.9992
vn -0.8729 0.4666 -0.1429
vn -0.8439 0.4511 -0.2904
vn -0.5561 -0.8311 -0.0044
vn -0.5575 -0.8302 -0.0047
vn -0.5577 -0.8300 -0.0047
vn -0.8730 0.4666 -0.1422
vn 0.3832 0.9236 0.0039
vn 0.3847 0.9230 0.0042
vn 0.3845 0.9231 0.0041
vn -0.1075 0.0326 -0.9937
vn -0.9317 0.2826 -0.2281
vn -0.8523 0.2585 -0.4546
vn -0.8523 0.2586 -0.4546
vn -0.9319 0.2827 -0.2271
vn -0.1956 -0.9807 -0.0032
vn -0.1967 -0.9805 -0.0034
vn -0.1969 -0.9804 -0.0034
vn -0.9297 0.2820 0.2367
vn -0.9295 0.2820 0.2377
vn -0.1947 -0.9809 -0.0030
vn -0.1945 -0.9809 -0.0031
vn -0.1935 -0.9811 -0.0034
vn -0.8486 0.2574 0.4622
vn -0.1933 -0.9811 -0.0034
vn -0.0392 0.0119 0.9992
vn -0.1081 0.0328 0.9936
vn -0.0391 0.0119 0.9992
vn -0.0407 -0.0040 0.9992
vn -0.9494 0.0935 0.2997
vn -0.9836 0.0969 0.1523
vn -0.9835 0.0969 0.1527
vn -0.1124 -0.0111 0.9936
vn -0.0004 1.0000 0.0023
vn -0.0012 1.0000 0.0025
vn -0.0014 1.0000 0.0026
vn -0.8829 -0.0870 0.4615
vn -0.9669 -0.0952 0.2366
vn -0.9671 -0.0952 0.2361
vn -0.0003 1.0000 0.0023
vn -0.9689 -0.0954 -0.2282
vn -0.9688 -0.0954 -0.2288
vn -0.8860 -0.0873 -0.4553
vn 0.1953 -0.9807 -0.0014
vn 0.1949 -0.9808 -0.0015
vn 0.1958 -0.9806 -0.0016
vn 0.1959 -0.9806 -0.0016
vn -0.9131 -0.2770 0.2992
vn -0.9459 -0.2869 0.1518
vn -0.9458 -0.2869 0.1519
vn -0.3827 0.9239 0.0005
vn -0.3828 0.9238 0.0005
vn -0.3829 0.9238 0.0005
vn -0.7825 -0.4183 0.4612
vn -0.0360 -0.0193 0.9992
vn -0.0996 -0.0532 0.9936
vn -0.0259 -0.0316 0.9992
vn 0.5553 -0.8316 0.0005
vn -0.7376 -0.6053 0.2992
vn -0.7066 0.7076 -0.0016
vn -0.7065 0.7077 -0.0016
vn -0.0716 -0.0873 0.9936
vn 0.8312 -0.5559 0.0023
vn 0.8307 -0.5567 0.0026
vn 0.8308 -0.5566 0.0025
vn 0.8313 -0.5558 0.0023
vn -0.6164 -0.7511 0.2366
vn -0.5628 -0.6858 0.4615
vn -0.6165 -0.7512 0.2361
vn 0.8317 -0.5552 0.0024
vn -0.4659 -0.8716 0.1527
vn -0.4497 -0.8414 0.2997
vn -0.0119 -0.0392 0.9992
vn -0.0119 -0.0391 0.9992
vn -0.9232 0.3842 -0.0034
vn -0.9232 0.3844 -0.0034
vn -0.0328 -0.1081 0.9936
vn 0.9806 -0.1958 0.0037
vn 0.9803 -0.1973 0.0042
vn 0.9804 -0.1971 0.0042
vn 0.9807 -0.1956 0.0037
vn -0.2820 -0.9295 0.2377
vn -0.2574 -0.8486 0.4622
vn -0.2820 -0.9297 0.2367
vn 0.9809 -0.1944 0.0039
vn -0.0968 -0.9833 0.1540
vn -0.0935 -0.9491 0.3008
vn 0.0040 -0.0408 0.9992
vn 0.0040 -0.0407 0.9992
vn -1.0000 0.0023 -0.0047
vn -1.0000 0.0026 -0.0048
vn 0.0111 -0.1125 0.9936
vn 0.0952 -0.9663 0.2392
vn 0.0869 -0.8820 0.4632
vn 0.0952 -0.9666 0.2380
vn 0.9809 0.1942 0.0046
vn 0.9813 0.1926 0.0051
vn 0.9809 0.1945 0.0046
vn 0.9813 0.1924 0.0052
vn 0.2868 -0.9453 0.1556
vn 0.2767 -0.9122 0.3022
vn 0.0193 -0.0362 0.9992
vn 0.0193 -0.0361 0.9992
vn 0.0533 -0.0998 0.9936
vn -0.9250 -0.3800 -0.0054
vn 0.8331 0.5532 0.0054
vn 0.6044 -0.7365 0.3037
vn -0.5556 0.8315 -0.0000
vn -0.3827 0.9239 -0.0000
vn -0.1951 0.9808 -0.0000
vn 0.1951 0.9808 -0.0000
vn 0.3827 0.9239 -0.0000
vn 0.5556 0.8315 -0.0000
vn 0.8315 0.5556 -0.0000
vn 0.9239 0.3827 -0.0000
vn -0.8315 0.5556 -0.0000
vn -0.9239 0.3827 -0.0000
vn -0.9808 0.1951 -0.0000
vn 0.0409 0.0040 0.9992
vn 0.0362 0.0194 0.9992
vn -0.9808 -0.1951 -0.0000
vn -0.9239 -0.3827 -0.0000
vn -0.8315 -0.5556 -0.0000
vn -0.5556 -0.8315 -0.0000
vn 0.0260 0.0317 0.9992
vn 0.1000 0.0535 0.9935
vn 0.7357 0.6038 0.3068
vn 0.7630 0.6262 0.1603
vn 0.7630 0.6262 0.1601
vn -0.5556 0.8314 -0.0005
vn -0.5558 0.8313 -0.0005
vn 0.7795 0.4167 0.4676
vn 0.8552 0.4571 0.2444
vn 0.3824 -0.9240 -0.0005
vn 0.7073 -0.7069 0.0014
vn 0.7076 -0.7066 0.0016
vn 0.7077 -0.7065 0.0016
vn 0.7072 -0.7070 0.0014
vn 0.7069 -0.7073 0.0015
vn 0.5608 0.6834 0.4674
vn 0.6152 0.7497 0.2438
vn 0.6152 0.7496 0.2443
vn 0.6188 0.7540 -0.2204
vn 0.6187 0.7539 -0.2209
vn -0.8312 0.5559 -0.0024
vn 0.5668 0.6906 -0.4493
vn -0.8316 0.5553 -0.0023
vn -0.8317 0.5552 -0.0023
vn -0.8322 0.5545 -0.0025
vn -0.8322 0.5544 -0.0026
vn 0.0261 0.0318 0.9992
vn 0.0719 0.0876 0.9936
vn 0.0119 0.0393 0.9992
vn 0.4488 0.8396 0.3062
vn 0.4653 0.8706 0.1598
vn 0.4487 0.8396 0.3062
vn 0.4654 0.8707 0.1593
vn 0.9241 -0.3821 0.0031
vn 0.9245 -0.3812 0.0034
vn 0.9246 -0.3810 0.0035
vn 0.9240 -0.3823 0.0030
vn 0.2567 0.8463 0.4667
vn 0.2816 0.9283 0.2427
vn 0.2815 0.9281 0.2436
vn 0.2831 0.9333 -0.2211
vn 0.9237 -0.3832 0.0032
vn 0.2830 0.9330 -0.2221
vn -0.9809 0.1946 -0.0037
vn 0.2592 0.8546 -0.4500
vn -0.9809 0.1944 -0.0037
vn -0.9812 0.1931 -0.0042
vn -0.9812 0.1929 -0.0042
vn 0.0329 0.1084 0.9936
vn -0.0040 0.0408 0.9992
vn 0.0933 0.9477 0.3052
vn 0.0968 0.9826 0.1587
vn 0.0968 0.9827 0.1580
vn 1.0000 0.0008 0.0043
vn 1.0000 0.0023 0.0048
vn 1.0000 0.0026 0.0048
vn 1.0000 0.0006 0.0042
vn -0.0867 0.8807 0.4657
vn -0.0951 0.9658 0.2412
vn -0.0951 0.9655 0.2424
vn 1.0000 -0.0008 0.0044
vn -0.0955 0.9700 -0.2236
vn -0.0956 0.9703 -0.2223
vn -0.9809 -0.1943 -0.0048
vn -0.9807 -0.1957 -0.0046
vn -0.0875 0.8882 -0.4510
vn -0.9806 -0.1960 -0.0046
vn -0.9803 -0.1976 -0.0052
vn -0.9802 -0.1978 -0.0052
vn -0.0111 0.1127 0.9936
vn -0.0193 0.0361 0.9992
vn -0.2766 0.9117 0.3037
vn -0.2867 0.9450 0.1573
vn -0.2766 0.9117 0.3038
vn -0.2867 0.9452 0.1564
vn 0.9236 0.3833 0.0048
vn 0.9235 0.3835 0.0048
vn 0.9229 0.3851 0.0054
vn 0.9228 0.3853 0.0054
vn -0.4175 0.7810 0.4645
vn -0.4575 0.8560 0.2409
vn -0.0193 0.0362 0.9992
vn -0.0533 0.0998 0.9936
vn -0.4577 0.8563 0.2395
vn -0.0316 0.0259 0.9992
vn -0.6047 0.7369 0.3022
vn -0.6267 0.7636 0.1556
vn -0.8309 -0.5563 -0.0048
vn -0.8299 -0.5579 -0.0054
vn -0.8300 -0.5577 -0.0053
vn -0.6267 0.7637 0.1548
vn -0.8311 -0.5561 -0.0048
vn 0.7065 0.7077 0.0046
vn 0.7053 0.7089 0.0051
vn 0.7051 0.7091 0.0052
vn 0.7067 0.7075 0.0046
vn 0.7077 0.7065 0.0048
vn -0.7508 0.6162 0.2380
vn -0.7529 0.6179 -0.2269
vn -0.7531 0.6180 -0.2256
vn -0.6851 0.5622 0.4632
vn -0.7506 0.6160 0.2392
vn -0.5562 -0.8310 -0.0044
vn -0.6889 0.5654 -0.4535
vn -0.5551 -0.8318 -0.0042
vn -0.5549 -0.8319 -0.0043
vn -0.5536 -0.8327 -0.0047
vn -0.5534 -0.8329 -0.0048
vn -0.0317 0.0260 0.9992
vn -0.0874 0.0717 0.9936
vn -0.8411 0.4496 0.3008
vn -0.8714 0.4658 0.1540
vn -0.8715 0.4658 0.1533
vn 0.3820 0.9241 0.0037
vn 0.3808 0.9246 0.0042
vn 0.3806 0.9247 0.0042
vn 0.3822 0.9241 0.0037
vn 0.8315 -0.5556 -0.0000
vn 0.9239 -0.3827 -0.0000
vn 0.5556 -0.8315 -0.0000
vn 0.3827 -0.9239 -0.0000
vn 0.1951 -0.9808 -0.0000
vn -0.1951 -0.9808 -0.0000
vn -0.3827 -0.9239 -0.0000
vn -0.4594 0.8595 -0.2239
vn -0.4593 0.8592 -0.2253
vn -0.4204 0.7866 -0.4523
vn 0.9242 0.3819 0.0050
vn 0.9108 0.2763 0.3068
vn 0.1128 0.0111 0.9936
vn -0.1942 0.9810 0.0016
vn -0.1943 0.9809 0.0016
vn 0.9650 0.0950 0.2443
vn 0.8798 0.0867 0.4674
vn -0.0003 -1.0000 -0.0023
vn -0.0004 -1.0000 -0.0023
vn -0.0012 -1.0000 -0.0025
vn 0.9825 -0.0968 0.1593
vn 0.9824 -0.0968 0.1598
vn 0.9474 -0.0933 0.3062
vn -0.0014 -1.0000 -0.0026
vn 0.1957 0.9807 0.0031
vn 0.1955 0.9807 0.0030
vn 0.1967 0.9805 0.0034
vn 0.1969 0.9804 0.0035
vn 0.9806 0.1959 0.0048
vn 0.3833 0.9236 0.0039
vn 0.5534 0.8329 0.0047
vn 0.4204 -0.7866 -0.4523
vt 0.228492 0.721847
vt 0.243272 0.729228
vt 0.228492 0.729228
vt 0.256616 0.587695
vt 0.249486 0.570483
vt 0.260306 0.581303
vt 0.241836 0.583735
vt 0.241836 0.599036
vt 0.256616 0.595076
vt 0.243272 0.736609
vt 0.228492 0.736609
vt 0.173858 0.918024
vt 0.170167 0.931796
vt 0.156395 0.935487
vt 0.150003 0.911632
vt 0.150003 0.931796
vt 0.146312 0.925404
vt 0.163775 0.935487
vt 0.243272 0.743989
vt 0.228492 0.788274
vt 0.243272 0.788274
vt 0.243272 0.795655
vt 0.228492 0.795655
vt 0.146312 0.918024
vt 0.243272 0.803036
vt 0.163775 0.907941
vt 0.156395 0.907941
vt 0.243272 0.780893
vt 0.228492 0.780893
vt 0.228492 0.773513
vt 0.170167 0.911632
vt 0.243272 0.773513
vt 0.284161 0.595076
vt 0.284161 0.587695
vt 0.298941 0.583735
vt 0.291290 0.612287
vt 0.280471 0.601468
vt 0.228492 0.766132
vt 0.298941 0.599036
vt 0.274079 0.605158
vt 0.278039 0.619938
vt 0.938390 0.160235
vt 0.938390 0.144934
vt 0.956618 0.144934
vt 0.956618 0.160235
vt 0.956618 0.129633
vt 0.262738 0.619938
vt 0.938390 0.129633
vt 0.956618 0.114331
vt 0.325226 0.929546
vt 0.290231 0.944544
vt 0.290231 0.913230
vt 0.915727 0.144934
vt 0.915727 0.129633
vt 0.938390 0.114331
vt 0.350932 0.888611
vt 0.350932 0.929546
vt 0.325226 0.888611
vt 0.851024 0.160235
vt 0.915727 0.160235
vt 0.385758 0.944544
vt 0.411464 0.913230
vt 0.411464 0.944544
vt 0.350764 0.929546
vt 0.385758 0.913230
vt 0.851024 0.144934
vt 0.419189 0.837161
vt 0.393483 0.891019
vt 0.393483 0.837161
vt 0.350764 0.851089
vt 0.419189 0.891019
vt 0.350764 0.888611
vt 0.325057 0.888611
vt 0.379671 0.816690
vt 0.350764 0.818978
vt 0.325057 0.818978
vt 0.325057 0.851089
vt 0.282338 0.891019
vt 0.325057 0.929546
vt 0.290063 0.913230
vt 0.282338 0.837161
vt 0.296150 0.816690
vt 0.325057 0.775777
vt 0.300003 0.798059
vt 0.296150 0.803821
vt 0.375818 0.736050
vt 0.401525 0.736050
vt 0.401525 0.798059
vt 0.375818 0.798059
vt 0.379671 0.803821
vt 0.405377 0.803821
vt 0.300002 0.736050
vt 0.405377 0.816690
vt 0.366864 0.731655
vt 0.392570 0.626370
vt 0.392570 0.731655
vt 0.308957 0.731655
vt 0.325057 0.660871
vt 0.308957 0.626370
vt 0.366864 0.588297
vt 0.392570 0.588297
vt 0.350764 0.660871
vt 0.366864 0.626370
vt 0.350764 0.775777
vt 0.948007 0.421428
vt 0.948007 0.479114
vt 0.557964 0.479113
vt 0.851024 0.175537
vt 0.557964 0.366945
vt 0.948007 0.366945
vt 0.021310 0.983311
vt 0.035762 0.968010
vt 0.035762 0.983311
vt 0.557964 0.421427
vt 0.557964 0.309259
vt 0.503482 0.366945
vt 0.948007 0.533596
vt 0.557964 0.533595
vt 0.948007 0.309259
vt 0.503482 0.309259
vt 0.051522 0.897372
vt 0.051522 0.882920
vt 0.066823 0.882920
vt 0.836572 0.190838
vt 0.759651 0.175536
vt 0.836572 0.175537
vt 0.066823 0.897372
vt 0.836572 0.160235
vt 0.759651 0.190838
vt 0.053261 0.802122
vt 0.072783 0.803502
vt 0.066512 0.809773
vt 0.074163 0.823024
vt 0.759651 0.160235
vt 0.082729 0.820729
vt 0.082729 0.840620
vt 0.759651 0.144934
vt 0.836572 0.144934
vt 0.074163 0.838325
vt 0.021310 0.968010
vt 0.035762 0.952709
vt 0.021310 0.952709
vt 0.836572 0.129633
vt 0.035762 0.937407
vt 0.021310 0.937407
vt 0.759651 0.129633
vt 0.836572 0.114331
vt 0.526915 0.276734
vt 0.526915 0.058228
vt 0.557437 0.058228
vt 0.494599 0.058228
vt 0.494599 0.276734
vt 0.557437 0.276734
vt 0.759651 0.114331
vt 0.836572 0.099030
vt 0.589753 0.276734
vt 0.620275 0.058228
vt 0.620275 0.276734
vt 0.052560 0.983337
vt 0.067012 0.968036
vt 0.067012 0.983337
vt 0.052560 0.968036
vt 0.759651 0.099030
vt 0.836572 0.083729
vt 0.052560 0.952734
vt 0.067012 0.952734
vt 0.759651 0.083729
vt 0.836572 0.068427
vt 0.759651 0.068427
vt 0.017057 0.838325
vt 0.024708 0.851577
vt 0.018438 0.857847
vt 0.037959 0.859227
vt 0.709475 0.040120
vt 0.751086 0.020228
vt 0.751085 0.040120
vt 0.008492 0.840620
vt 0.709475 0.060012
vt 0.751085 0.060012
vt 0.035664 0.867793
vt 0.709475 0.079903
vt 0.751085 0.079903
vt 0.053261 0.859227
vt 0.055556 0.867793
vt 0.709475 0.099795
vt 0.751085 0.099795
vt 0.066512 0.851576
vt 0.072783 0.857847
vt 0.709475 0.119687
vt 0.751085 0.119687
vt 0.709475 0.139578
vt 0.635238 0.239037
vt 0.635238 0.219145
vt 0.645184 0.201918
vt 0.682302 0.191973
vt 0.709475 0.219145
vt 0.662410 0.266209
vt 0.662410 0.191973
vt 0.709475 0.159470
vt 0.751085 0.139578
vt 0.751085 0.179362
vt 0.709475 0.179362
vt 0.751085 0.159470
vt 0.055556 0.793556
vt 0.035664 0.793556
vt 0.709475 0.199253
vt 0.751085 0.199254
vt 0.037959 0.802122
vt 0.751085 0.219145
vt 0.024708 0.809773
vt 0.018437 0.803502
vt 0.759651 0.206139
vt 0.836572 0.206139
vt 0.759651 0.221440
vt 0.020919 0.882920
vt 0.036221 0.882920
vt 0.036221 0.897372
vt 0.836572 0.221441
vt 0.851024 0.206139
vt 0.851024 0.190838
vt 0.915727 0.190838
vt 0.915727 0.206139
vt 0.020919 0.897372
vt 0.851024 0.221440
vt 0.915727 0.221440
vt 0.385663 0.943396
vt 0.411369 0.912082
vt 0.411369 0.943396
vt 0.350668 0.928398
vt 0.385663 0.912082
vt 0.938390 0.190838
vt 0.938390 0.206139
vt 0.419094 0.836013
vt 0.393387 0.889871
vt 0.393387 0.836013
vt 0.350668 0.849941
vt 0.419094 0.889871
vt 0.350668 0.887463
vt 0.324962 0.887463
vt 0.379575 0.815542
vt 0.350668 0.817830
vt 0.324962 0.817830
vt 0.324962 0.849941
vt 0.282243 0.889871
vt 0.324962 0.928398
vt 0.289967 0.912082
vt 0.352735 0.927365
vt 0.327029 0.886430
vt 0.352735 0.886430
vt 0.327029 0.927365
vt 0.915727 0.236742
vt 0.938390 0.221440
vt 0.938390 0.236742
vt 0.956618 0.221440
vt 0.289967 0.943396
vt 0.956618 0.206139
vt 0.280471 0.581303
vt 0.274079 0.577613
vt 0.278039 0.562833
vt 0.291290 0.570483
vt 0.956618 0.190838
vt 0.266698 0.577613
vt 0.262738 0.562833
vt 0.228492 0.803036
vt 0.243272 0.810416
vt 0.228492 0.810416
vt 0.938390 0.175537
vt 0.956618 0.175537
vt 0.350258 0.928233
vt 0.324552 0.928233
vt 0.324552 0.887298
vt 0.385253 0.911917
vt 0.385253 0.943231
vt 0.915727 0.175537
vt 0.350258 0.887298
vt 0.410959 0.911917
vt 0.392977 0.835848
vt 0.418684 0.889706
vt 0.392977 0.889706
vt 0.350258 0.849775
vt 0.418684 0.835848
vt 0.379166 0.815377
vt 0.350258 0.817665
vt 0.379166 0.802508
vt 0.404872 0.815377
vt 0.375313 0.796746
vt 0.350258 0.774464
vt 0.404872 0.802508
vt 0.375313 0.734737
vt 0.401019 0.796746
vt 0.366359 0.730342
vt 0.350258 0.659558
vt 0.401019 0.734737
vt 0.392065 0.730342
vt 0.366359 0.625057
vt 0.308451 0.730342
vt 0.308451 0.625057
vt 0.324552 0.659558
vt 0.392065 0.625057
vt 0.324552 0.774464
vt 0.299497 0.796746
vt 0.299497 0.734737
vt 0.324552 0.817665
vt 0.324552 0.849775
vt 0.295645 0.815377
vt 0.295645 0.802508
vt 0.281833 0.889706
vt 0.281833 0.835848
vt 0.392065 0.586984
vt 0.366358 0.586984
vt 0.289557 0.943231
vt 0.289557 0.911916
vt 0.410959 0.943231
vt 0.956618 0.236742
vt 0.938390 0.068427
vt 0.938390 0.053126
vt 0.956618 0.053126
vt 0.173330 0.559910
vt 0.134555 0.601420
vt 0.143669 0.554187
vt 0.099658 0.565221
vt 0.106630 0.529090
vt 0.069997 0.559498
vt 0.081512 0.599051
vt 0.050395 0.666254
vt 0.049614 0.599424
vt 0.082293 0.665881
vt 0.135099 0.647979
vt 0.100494 0.693560
vt 0.137123 0.688827
vt 0.101305 0.709930
vt 0.068604 0.711550
vt 0.067793 0.695180
vt 0.106569 0.717018
vt 0.139846 0.743783
vt 0.110477 0.795900
vt 0.077776 0.797520
vt 0.073868 0.718638
vt 0.122145 0.800926
vt 0.147088 0.889956
vt 0.089444 0.802547
vt 0.128781 0.934861
vt 0.172547 0.742163
vt 0.179790 0.888336
vt 0.098480 0.984914
vt 0.131181 0.983294
vt 0.195810 0.797276
vt 0.203015 0.712239
vt 0.206923 0.791121
vt 0.169824 0.687207
vt 0.206741 0.688296
vt 0.207553 0.704666
vt 0.167800 0.646359
vt 0.209319 0.591439
vt 0.220160 0.653917
vt 0.163364 0.604294
vt 0.096080 0.936481
vt 0.202446 0.931211
vt 0.220160 0.554180
vt 0.076970 0.523366
vt 0.915727 0.083729
vt 0.915727 0.068427
vt 0.851024 0.083729
vt 0.851024 0.068427
vt 0.915727 0.053126
vt 0.938390 0.083729
vt 0.411623 0.944176
vt 0.385917 0.944176
vt 0.385917 0.912862
vt 0.851024 0.099030
vt 0.915727 0.099030
vt 0.350922 0.929178
vt 0.419347 0.836793
vt 0.393641 0.890651
vt 0.393641 0.836793
vt 0.350922 0.850721
vt 0.419347 0.890651
vt 0.411623 0.912862
vt 0.350922 0.888243
vt 0.325216 0.888243
vt 0.379829 0.816322
vt 0.350922 0.818610
vt 0.325216 0.850721
vt 0.282497 0.890651
vt 0.325216 0.929178
vt 0.290221 0.912862
vt 0.915727 0.114331
vt 0.938390 0.099030
vt 0.956618 0.099030
vt 0.290221 0.944176
vt 0.266698 0.605158
vt 0.249486 0.612287
vt 0.260306 0.601468
vt 0.956618 0.083729
vt 0.228492 0.743989
vt 0.243272 0.751370
vt 0.228492 0.751370
vt 0.243272 0.758751
vt 0.228492 0.758751
vt 0.243272 0.766132
vt 0.173858 0.925404
vt 0.851024 0.129633
vt 0.385927 0.944544
vt 0.411633 0.913230
vt 0.411633 0.944544
vt 0.385927 0.913230
vt 0.851024 0.114331
vt 0.393651 0.837161
vt 0.419357 0.891019
vt 0.393651 0.891019
vt 0.350932 0.851088
vt 0.379839 0.816690
vt 0.350932 0.818978
vt 0.325226 0.851088
vt 0.325226 0.818978
vt 0.282507 0.891019
vt 0.282507 0.837160
vt 0.296319 0.816690
vt 0.350932 0.775777
vt 0.325226 0.775777
vt 0.300171 0.798059
vt 0.296319 0.803821
vt 0.375987 0.798059
vt 0.375987 0.736050
vt 0.367033 0.731655
vt 0.350932 0.660871
vt 0.392739 0.626370
vt 0.367033 0.626370
vt 0.367033 0.588297
vt 0.392739 0.588297
vt 0.325226 0.660871
vt 0.309125 0.731655
vt 0.309125 0.626370
vt 0.392739 0.731655
vt 0.401693 0.736050
vt 0.401693 0.798059
vt 0.300171 0.736050
vt 0.379839 0.803821
vt 0.405545 0.803821
vt 0.405545 0.816690
vt 0.419357 0.837161
vt 0.325216 0.818610
vt 0.379829 0.803453
vt 0.375977 0.797691
vt 0.350922 0.775409
vt 0.296309 0.816322
vt 0.325216 0.775409
vt 0.300161 0.797691
vt 0.296309 0.803453
vt 0.401683 0.735682
vt 0.401683 0.797691
vt 0.405536 0.816322
vt 0.405536 0.803453
vt 0.300161 0.735682
vt 0.375977 0.735682
vt 0.367023 0.731287
vt 0.392729 0.626002
vt 0.392729 0.731287
vt 0.309115 0.731287
vt 0.325216 0.660503
vt 0.309116 0.626002
vt 0.367023 0.587929
vt 0.392729 0.587929
vt 0.350922 0.660503
vt 0.367023 0.626002
vt 0.282497 0.836793
vt 0.956618 0.068427
vt 0.851024 0.053126
vt 0.851024 0.236742
vt 0.836573 0.053126
vt 0.520375 0.282086
vt 0.550897 0.063579
vt 0.550897 0.282086
vt 0.583213 0.063579
vt 0.583213 0.282086
vt 0.520375 0.063579
vt 0.488059 0.063579
vt 0.488059 0.033057
vt 0.520375 0.033058
vt 0.613735 0.063579
vt 0.488059 0.282086
vt 0.613735 0.282086
vt 0.759651 0.236742
vt 0.836572 0.236742
vt 0.759651 0.053126
vt 0.017057 0.823024
vt 0.751085 0.239037
vt 0.008492 0.820729
vt 0.709475 0.020228
vt 0.709475 0.000336
vt 0.751086 0.000337
vt 0.709475 0.239037
vt 0.699529 0.256264
vt 0.682302 0.266209
vt 0.282243 0.836013
vt 0.296055 0.815542
vt 0.350668 0.774630
vt 0.324962 0.774630
vt 0.299907 0.796911
vt 0.296055 0.802674
vt 0.375723 0.796911
vt 0.375723 0.734902
vt 0.366769 0.730507
vt 0.350668 0.659723
vt 0.392475 0.625222
vt 0.366769 0.625222
vt 0.366769 0.587149
vt 0.392475 0.587149
vt 0.324962 0.659723
vt 0.308861 0.730507
vt 0.308861 0.625222
vt 0.401429 0.734902
vt 0.392475 0.730507
vt 0.401429 0.796911
vt 0.299907 0.734902
vt 0.379575 0.802674
vt 0.405282 0.802674
vt 0.405282 0.815542
vt 0.699529 0.201918
vt 0.645184 0.256264
vt 0.589753 0.058228
vt 0.494599 0.027706
vt 0.526916 0.027706
vt 0.290063 0.944544
vt 0.243272 0.721847
vt 0.463198 0.313196
vt 0.463198 0.328834
vt 0.370971 0.313196
vt 0.370971 0.297559
vt 0.714364 0.807179
vt 0.738443 0.817153
vt 0.735675 0.826278
vt 0.370971 0.328834
vt 0.764004 0.822237
vt 0.709869 0.815589
vt 0.167011 0.396460
vt 0.158650 0.395956
vt 0.158135 0.369184
vt 0.166835 0.369685
vt 0.165183 0.423701
vt 0.763070 0.831727
vt 0.156610 0.423578
vt 0.123454 0.374054
vt 0.123234 0.390341
vt 0.151994 0.398978
vt 0.151679 0.420572
vt 0.167260 0.449749
vt 0.158775 0.450670
vt 0.121990 0.429225
vt 0.172467 0.476584
vt 0.164290 0.478478
vt 0.122046 0.446629
vt 0.154006 0.454103
vt 0.156992 0.476279
vt 0.120880 0.479912
vt 0.119490 0.457566
vt 0.085944 0.477883
vt 0.124579 0.492912
vt 0.080586 0.488869
vt 0.073669 0.514976
vt 0.127463 0.519765
vt 0.290913 0.015179
vt 0.335382 0.037141
vt 0.328964 0.039509
vt 0.172648 0.504207
vt 0.242449 0.037870
vt 0.233582 0.024876
vt 0.286007 0.032051
vt 0.332481 0.068820
vt 0.325461 0.064592
vt 0.286956 0.059755
vt 0.345704 0.039273
vt 0.342453 0.069975
vt 0.329673 0.099297
vt 0.290543 0.092519
vt 0.289969 0.072326
vt 0.324113 0.102592
vt 0.252556 0.095964
vt 0.256458 0.106076
vt 0.288101 0.104167
vt 0.331184 0.129587
vt 0.324007 0.126238
vt 0.289845 0.124798
vt 0.339303 0.099868
vt 0.340279 0.129776
vt 0.329987 0.158530
vt 0.293109 0.153048
vt 0.292641 0.135540
vt 0.258379 0.154564
vt 0.261221 0.164157
vt 0.290718 0.163688
vt 0.324675 0.161791
vt 0.331876 0.187947
vt 0.324821 0.184658
vt 0.291940 0.183036
vt 0.339275 0.158705
vt 0.340828 0.188084
vt 0.330506 0.216454
vt 0.294368 0.210380
vt 0.294372 0.193449
vt 0.260363 0.210602
vt 0.262736 0.220137
vt 0.325185 0.219577
vt 0.291744 0.220726
vt 0.231384 0.218722
vt 0.231244 0.240199
vt 0.263338 0.239578
vt 0.294468 0.250204
vt 0.260625 0.248994
vt 0.292381 0.239804
vt 0.260078 0.266126
vt 0.324868 0.242232
vt 0.331817 0.245671
vt 0.293958 0.267009
vt 0.339704 0.216743
vt 0.340723 0.245998
vt 0.329767 0.274029
vt 0.338930 0.274543
vt 0.330324 0.303213
vt 0.324378 0.277004
vt 0.323472 0.299592
vt 0.291124 0.296305
vt 0.291055 0.277240
vt 0.292899 0.306779
vt 0.262067 0.295184
vt 0.259016 0.304525
vt 0.229832 0.294663
vt 0.262125 0.275717
vt 0.224315 0.269797
vt 0.230768 0.273137
vt 0.224696 0.297386
vt 0.216582 0.269747
vt 0.216784 0.297118
vt 0.221776 0.324113
vt 0.214126 0.323709
vt 0.221057 0.351885
vt 0.257893 0.321723
vt 0.226341 0.349346
vt 0.228128 0.327705
vt 0.259650 0.331438
vt 0.291912 0.323620
vt 0.288744 0.333824
vt 0.258942 0.351124
vt 0.327577 0.331501
vt 0.322123 0.334359
vt 0.327561 0.360707
vt 0.320769 0.356954
vt 0.288321 0.353069
vt 0.336719 0.332214
vt 0.336426 0.361379
vt 0.333693 0.389740
vt 0.324539 0.389054
vt 0.289873 0.363722
vt 0.288529 0.380899
vt 0.333784 0.418815
vt 0.324877 0.418477
vt 0.319072 0.391933
vt 0.285166 0.391303
vt 0.317968 0.414800
vt 0.284511 0.411384
vt 0.253669 0.408668
vt 0.286154 0.422659
vt 0.249583 0.418440
vt 0.246670 0.437584
vt 0.284891 0.441480
vt 0.323464 0.447492
vt 0.247497 0.448884
vt 0.318195 0.450976
vt 0.281567 0.453098
vt 0.320481 0.475142
vt 0.284971 0.491514
vt 0.281768 0.477292
vt 0.328339 0.477886
vt 0.337202 0.475910
vt 0.345704 0.502226
vt 0.338011 0.505703
vt 0.171549 0.075379
vt 0.160811 0.073588
vt 0.169558 0.040345
vt 0.179868 0.044214
vt 0.287163 0.521942
vt 0.119881 0.015179
vt 0.160326 0.042484
vt 0.154813 0.069077
vt 0.169987 0.106548
vt 0.160215 0.105757
vt 0.116481 0.077424
vt 0.167973 0.137966
vt 0.158204 0.137724
vt 0.117514 0.099246
vt 0.152454 0.109459
vt 0.152470 0.134410
vt 0.169529 0.167784
vt 0.160191 0.167626
vt 0.119269 0.145264
vt 0.168727 0.198273
vt 0.159283 0.198221
vt 0.120497 0.163674
vt 0.152942 0.171416
vt 0.153709 0.195132
vt 0.170397 0.227292
vt 0.161321 0.227102
vt 0.122208 0.205692
vt 0.169276 0.256968
vt 0.160090 0.256773
vt 0.123136 0.223048
vt 0.154260 0.230697
vt 0.154724 0.253691
vt 0.170358 0.285248
vt 0.161530 0.284878
vt 0.124016 0.263348
vt 0.168619 0.314106
vt 0.159683 0.313716
vt 0.124518 0.280135
vt 0.154589 0.288215
vt 0.154532 0.310599
vt 0.169061 0.341645
vt 0.160476 0.341108
vt 0.124394 0.319278
vt 0.124473 0.335667
vt 0.153654 0.344209
vt 0.153167 0.366055
vt 0.122168 0.345666
vt 0.121138 0.364064
vt 0.094039 0.345321
vt 0.093187 0.364097
vt 0.090791 0.373249
vt 0.063041 0.365019
vt 0.063050 0.344329
vt 0.056719 0.367919
vt 0.058216 0.341468
vt 0.049014 0.367742
vt 0.049333 0.393103
vt 0.057243 0.393467
vt 0.090475 0.389861
vt 0.053886 0.419402
vt 0.061812 0.396549
vt 0.046359 0.418638
vt 0.060365 0.416966
vt 0.090939 0.418227
vt 0.092547 0.399152
vt 0.119608 0.418936
vt 0.120788 0.400249
vt 0.087978 0.427577
vt 0.086741 0.445265
vt 0.051199 0.444065
vt 0.088026 0.455485
vt 0.056788 0.448240
vt 0.051830 0.469042
vt 0.046291 0.470494
vt 0.038478 0.467473
vt 0.033685 0.493445
vt 0.026911 0.489005
vt 0.191969 0.059762
vt 0.198494 0.055508
vt 0.211380 0.080836
vt 0.206209 0.055415
vt 0.215524 0.076103
vt 0.249599 0.076052
vt 0.250092 0.064169
vt 0.216702 0.107579
vt 0.203469 0.083531
vt 0.208829 0.109207
vt 0.222050 0.134794
vt 0.223724 0.109676
vt 0.226673 0.131285
vt 0.257423 0.136875
vt 0.259234 0.126821
vt 0.222937 0.161574
vt 0.213874 0.135800
vt 0.215034 0.162241
vt 0.225652 0.188924
vt 0.229639 0.164336
vt 0.230527 0.185808
vt 0.262623 0.183804
vt 0.260283 0.193386
vt 0.224825 0.215629
vt 0.217544 0.189326
vt 0.216997 0.215890
vt 0.226228 0.243098
vt 0.218218 0.243158
vt 0.649094 0.730550
vt 0.640662 0.733468
vt 0.635238 0.706199
vt 0.644010 0.704989
vt 0.635238 0.678395
vt 0.463198 0.485208
vt 0.370971 0.500845
vt 0.370971 0.485208
vt 0.463197 0.500845
vt 0.463198 0.469570
vt 0.644010 0.678926
vt 0.909343 0.676899
vt 0.904258 0.651337
vt 0.913384 0.648569
vt 0.370971 0.469570
vt 0.894285 0.627259
vt 0.902695 0.622764
vt 0.909343 0.702961
vt 0.918833 0.675964
vt 0.463198 0.453933
vt 0.370971 0.453933
vt 0.463198 0.438295
vt 0.673547 0.776299
vt 0.651302 0.759155
vt 0.659068 0.754629
vt 0.370971 0.422658
vt 0.370971 0.438295
vt 0.463198 0.422658
vt 0.691976 0.794728
vt 0.666749 0.782273
vt 0.370971 0.407021
vt 0.463198 0.407021
vt 0.713646 0.809207
vt 0.686409 0.801933
vt 0.370971 0.391383
vt 0.463198 0.391383
vt 0.737725 0.819181
vt 0.709527 0.817380
vt 0.370971 0.375746
vt 0.463198 0.375746
vt 0.763286 0.824265
vt 0.735214 0.828020
vt 0.370971 0.360108
vt 0.789349 0.824265
vt 0.762483 0.833444
vt 0.463198 0.360108
vt 0.790066 0.822237
vt 0.815628 0.817153
vt 0.818396 0.826278
vt 0.370971 0.344471
vt 0.839707 0.807179
vt 0.844202 0.815589
vt 0.791001 0.831727
vt 0.463198 0.344471
vt 0.814910 0.819181
vt 0.790287 0.833444
vt 0.817556 0.828020
vt 0.843243 0.817380
vt 0.838989 0.809207
vt 0.044019 0.442955
vt 0.861377 0.792700
vt 0.867426 0.800071
vt 0.879805 0.774271
vt 0.887177 0.780320
vt 0.894285 0.752601
vt 0.902695 0.757096
vt 0.904258 0.728522
vt 0.913384 0.731290
vt 0.918833 0.703896
vt 0.370971 0.516482
vt 0.463197 0.516482
vt 0.640662 0.651126
vt 0.649094 0.653365
vt 0.370971 0.532120
vt 0.463197 0.532120
vt 0.651302 0.625439
vt 0.659068 0.629286
vt 0.370971 0.547757
vt 0.463197 0.047360
vt 0.370971 0.047360
vt 0.463197 0.031723
vt 0.666749 0.602321
vt 0.673547 0.607616
vt 0.213208 0.351192
vt 0.216807 0.378743
vt 0.209195 0.377809
vt 0.686409 0.582661
vt 0.214289 0.406953
vt 0.691976 0.589188
vt 0.206428 0.405494
vt 0.709527 0.567214
vt 0.207244 0.434157
vt 0.199605 0.432092
vt 0.713646 0.574708
vt 0.735214 0.556574
vt 0.370971 0.078635
vt 0.463197 0.062998
vt 0.463198 0.078635
vt 0.370971 0.094272
vt 0.463197 0.094272
vt 0.737725 0.564735
vt 0.762483 0.551150
vt 0.763286 0.559650
vt 0.463198 0.109910
vt 0.370971 0.109910
vt 0.764004 0.557622
vt 0.738442 0.562707
vt 0.735674 0.553581
vt 0.714364 0.572680
vt 0.370971 0.125547
vt 0.692694 0.587160
vt 0.709869 0.564270
vt 0.370971 0.141185
vt 0.463198 0.125547
vt 0.463198 0.141185
vt 0.789349 0.559650
vt 0.814910 0.564735
vt 0.790287 0.551150
vt 0.020130 0.091446
vt 0.009813 0.061933
vt 0.018582 0.057989
vt 0.180339 0.484432
vt 0.200389 0.463003
vt 0.186607 0.488547
vt 0.192339 0.459952
vt 0.817556 0.556574
vt 0.206531 0.461756
vt 0.228403 0.513091
vt 0.237048 0.485294
vt 0.243700 0.473532
vt 0.213167 0.439072
vt 0.056664 0.025195
vt 0.025431 0.058675
vt 0.066559 0.039417
vt 0.114624 0.033729
vt 0.072950 0.069125
vt 0.113107 0.063815
vt 0.072573 0.082226
vt 0.034882 0.082805
vt 0.028899 0.088586
vt 0.029619 0.120286
vt 0.038224 0.118329
vt 0.076492 0.104098
vt 0.044384 0.120545
vt 0.081278 0.114892
vt 0.083272 0.137458
vt 0.115812 0.133974
vt 0.115433 0.111831
vt 0.081912 0.148324
vt 0.048767 0.144216
vt 0.042244 0.148682
vt 0.034042 0.149940
vt 0.039481 0.178037
vt 0.047846 0.177070
vt 0.084004 0.167127
vt 0.053480 0.179609
vt 0.087754 0.177017
vt 0.088710 0.197639
vt 0.118734 0.174918
vt 0.119002 0.195084
vt 0.087042 0.207742
vt 0.056025 0.202191
vt 0.049528 0.206077
vt 0.041484 0.206725
vt 0.045241 0.234071
vt 0.053463 0.233539
vt 0.088395 0.225482
vt 0.091636 0.235013
vt 0.058784 0.236201
vt 0.091945 0.254751
vt 0.060377 0.258030
vt 0.053956 0.261559
vt 0.046032 0.261886
vt 0.048704 0.288517
vt 0.056812 0.288256
vt 0.090849 0.281573
vt 0.090055 0.264429
vt 0.061882 0.291009
vt 0.093689 0.290894
vt 0.122432 0.290433
vt 0.121824 0.309192
vt 0.093423 0.310040
vt 0.091310 0.319398
vt 0.062713 0.312212
vt 0.056363 0.315434
vt 0.048549 0.315527
vt 0.050214 0.341489
vt 0.091575 0.336125
vt 0.893567 0.754629
vt 0.903541 0.730551
vt 0.912108 0.733468
vt 0.917532 0.706199
vt 0.901468 0.759155
vt 0.370971 0.266284
vt 0.463198 0.281921
vt 0.370971 0.281921
vt 0.463198 0.266284
vt 0.463198 0.297559
vt 0.879087 0.776299
vt 0.860659 0.794728
vt 0.886021 0.782273
vt 0.692694 0.792700
vt 0.666894 0.780321
vt 0.674265 0.774271
vt 0.686645 0.800071
vt 0.651376 0.757096
vt 0.659786 0.752601
vt 0.370971 0.250647
vt 0.463198 0.250647
vt 0.370971 0.235009
vt 0.640687 0.731291
vt 0.649812 0.728523
vt 0.635238 0.703896
vt 0.644728 0.702961
vt 0.463198 0.235009
vt 0.370971 0.219372
vt 0.908625 0.678927
vt 0.903541 0.653365
vt 0.912108 0.651126
vt 0.463198 0.219372
vt 0.908625 0.704989
vt 0.917532 0.678395
vt 0.901468 0.625439
vt 0.893567 0.629287
vt 0.370971 0.203734
vt 0.463198 0.203734
vt 0.370971 0.188097
vt 0.463198 0.188097
vt 0.879088 0.607616
vt 0.886021 0.602321
vt 0.463198 0.172459
vt 0.860659 0.589188
vt 0.866361 0.582661
vt 0.370971 0.172460
vt 0.463198 0.156822
vt 0.838989 0.574708
vt 0.843243 0.567214
vt 0.370971 0.156822
vt 0.674265 0.605589
vt 0.686645 0.579788
vt 0.659786 0.627259
vt 0.666894 0.599539
vt 0.649812 0.651337
vt 0.651376 0.622764
vt 0.644728 0.676899
vt 0.640687 0.648569
vt 0.635238 0.675964
vt 0.121125 0.253054
vt 0.121263 0.233731
vt 0.791001 0.548132
vt 0.790067 0.557622
vt 0.763069 0.548132
vt 0.332774 0.447174
vt 0.818396 0.553581
vt 0.815628 0.562706
vt 0.370971 0.062998
vt 0.844202 0.564270
vt 0.839706 0.572680
vt 0.219866 0.404702
vt 0.223033 0.382717
vt 0.255193 0.388103
vt 0.253752 0.378056
vt 0.255515 0.360497
vt 0.867426 0.579788
vt 0.861377 0.587160
vt 0.879805 0.605589
vt 0.887177 0.599539
vt 0.339206 0.303762
vt 0.866361 0.801933
vt 0.179868 0.501131
s 1
usemtl SpacialRoverExploreralumGray
f 475/866/314 476/867/314 480/868/314
f 481/869/312 476/870/313 475/864/313
f 475/866/316 478/872/317 477/873/316
f 475/866/316 479/874/317 478/872/317
f 475/866/314 480/868/314 479/874/314
f 481/869/312 475/864/313 472/859/312
f 485/875/318 481/869/312 482/876/311
f 481/877/319 483/878/320 482/879/319
f 472/880/321 486/881/321 481/877/321
f 481/877/319 486/881/320 483/878/320
f 485/875/318 484/882/300 481/869/312
f 484/882/300 476/870/313 481/869/312
f 488/883/322 486/884/320 487/885/322
f 486/884/321 490/886/321 487/885/321
f 488/883/322 483/887/320 486/884/320
f 472/880/321 489/888/321 486/881/321
f 486/884/321 489/888/321 490/886/321
f 490/886/323 489/888/324 494/889/324
f 487/890/321 490/886/321 491/891/321
f 490/886/323 492/892/325 491/891/325
f 490/886/323 493/893/323 492/892/325
f 490/886/323 494/889/324 493/893/323
f 483/894/326 493/893/326 494/889/326
f 471/895/326 483/896/326 494/889/326
f 472/880/327 494/889/324 489/888/324
f 472/880/327 471/895/327 494/889/324
f 483/894/326 488/897/326 493/893/326
f 488/898/326 492/892/326 493/893/326
f 495/899/328 491/891/325 492/892/325
f 496/900/326 495/899/326 492/892/326
f 488/898/326 496/901/326 492/892/326
f 497/902/329 499/903/329 496/904/330
f 497/902/329 496/904/330 498/905/330
f 487/890/322 498/906/330 496/907/330
f 496/900/326 499/908/326 495/899/326
f 487/890/322 496/907/330 488/909/322
f 497/910/329 500/911/331 499/912/329
f 499/913/326 501/914/326 495/899/326
f 499/913/326 500/915/326 501/914/326
f 500/911/332 502/916/333 501/917/333
f 495/899/328 501/914/333 502/918/333
f 500/911/332 503/919/332 502/916/333
f 497/910/321 502/918/321 503/919/321
f 497/910/321 504/920/321 502/918/321
f 495/899/328 502/918/333 504/920/328
f 495/899/328 504/920/328 491/891/325
f 498/905/321 491/891/321 504/920/321
f 498/905/321 504/920/321 497/902/321
f 497/910/329 503/919/331 500/911/331
f 487/890/321 491/891/321 498/906/321
f 485/921/302 505/922/302 508/923/302
f 505/924/334 485/875/318 482/876/311
f 485/921/335 509/925/335 506/926/335
f 506/927/318 484/928/300 485/929/318
f 485/921/335 507/930/335 509/925/335
f 485/921/302 508/923/302 507/930/302
f 506/926/336 509/925/336 510/931/336
f 510/931/314 509/925/314 507/932/314
f 511/933/337 510/934/337 508/923/337
f 506/926/336 510/931/336 511/935/336
f 510/931/314 507/932/314 508/936/314
f 513/937/304 512/938/304 511/939/334
f 512/940/304 514/941/303 511/942/334
f 513/937/304 511/939/334 505/943/334
f 511/933/337 508/923/337 505/922/337
f 514/941/303 506/944/318 511/942/334
f 512/940/304 515/945/304 514/941/303
f 515/946/338 516/947/339 514/948/339
f 517/949/340 514/948/339 516/947/339
f 514/941/303 517/950/301 506/944/318
f 517/949/340 518/951/340 520/952/341
f 517/949/340 516/947/339 518/951/340
f 517/950/301 519/953/300 521/954/300
f 517/949/340 520/952/341 519/955/341
f 517/950/301 521/954/300 506/944/318
f 506/927/318 521/956/300 484/928/300
f 521/956/300 522/957/307 484/928/300
f 521/956/300 523/958/307 522/957/307
f 519/953/300 523/959/307 521/954/300
f 523/958/307 524/960/342 522/957/307
f 523/958/307 526/961/342 524/960/342
f 519/953/300 525/962/307 523/959/307
f 525/962/307 526/963/342 523/959/307
f 526/964/332 527/965/332 529/966/332
f 526/964/336 528/967/336 527/965/336
f 526/964/336 531/968/336 528/967/336
f 526/964/332 529/966/332 524/969/332
f 525/962/307 530/970/306 526/963/342
f 530/970/306 531/971/343 526/963/342
f 532/972/344 528/973/344 531/974/344
f 531/975/343 533/976/308 532/977/343
f 531/975/343 535/978/308 533/976/308
f 530/970/306 534/979/305 531/971/343
f 534/979/305 535/980/308 531/971/343
f 535/978/308 537/981/309 536/982/309
f 535/978/308 536/982/309 533/976/308
f 538/983/308 537/984/309 535/980/308
f 534/979/305 538/983/308 535/980/308
f 538/983/308 539/985/309 537/984/309
f 539/986/345 538/987/346 540/988/346
f 534/989/347 540/988/346 538/987/346
f 539/986/345 540/988/346 541/993/345
f 534/989/347 544/996/347 540/988/346
f 530/999/348 546/1000/348 544/996/347
f 530/999/348 544/996/347 534/989/347
f 525/1003/349 548/1004/349 546/1000/348
f 525/1003/349 546/1000/348 530/999/348
f 519/955/341 520/952/341 548/1004/349
f 519/955/341 548/1004/349 525/1003/349
f 515/946/338 554/1020/338 516/947/339
f 515/946/338 556/1021/350 554/1020/338
f 515/946/338 559/1024/350 556/1021/350
f 557/1026/353 558/1027/353 556/1021/350
f 557/1026/353 556/1021/350 559/1024/350
f 559/1028/351 515/945/304 512/940/304
f 559/1028/351 512/940/304 560/1029/351
f 557/1030/352 559/1028/351 560/1029/351
f 561/1031/354 560/1032/351 562/1033/351
f 557/1030/352 560/1029/351 561/1034/354
f 562/1033/351 560/1032/351 512/938/304
f 562/1035/351 513/1036/304 563/1037/355
f 562/1035/351 563/1037/355 565/1038/356
f 561/1031/354 562/1033/351 564/1039/354
f 564/1040/354 562/1035/351 565/1038/356
f 562/1033/351 512/938/304 513/937/304
f 564/1040/354 565/1038/356 566/1041/357
f 565/1042/358 569/1043/359 566/1044/358
f 567/1045/314 570/1046/314 565/1042/314
f 565/1038/356 568/1047/355 567/1048/356
f 565/1038/356 563/1037/355 568/1047/355
f 565/1042/358 570/1046/359 569/1043/359
f 572/1049/360 570/1050/359 571/1051/360
f 570/1050/314 574/1052/314 571/1051/314
f 572/1049/360 569/1053/359 570/1050/359
f 567/1045/314 573/1054/314 570/1046/314
f 570/1050/314 573/1054/314 574/1052/314
f 574/1052/361 573/1054/362 578/1055/362
f 571/1056/314 574/1052/314 575/1057/314
f 574/1052/361 576/1058/363 575/1057/363
f 574/1052/361 577/1059/364 576/1058/363
f 574/1052/361 578/1055/362 577/1059/364
f 569/1060/365 577/1059/365 578/1055/365
f 579/1061/365 569/1062/365 578/1055/365
f 567/1063/366 578/1064/362 573/1065/362
f 567/1063/366 579/1066/366 578/1064/362
f 580/1067/367 566/1041/357 579/1068/357
f 580/1067/367 579/1068/357 581/1069/367
f 579/1061/365 566/1071/365 569/1062/365
f 586/1085/369 568/1086/369 589/1087/370
f 586/1085/371 590/1088/371 587/1089/371
f 587/1090/368 471/858/311 586/1083/368
f 586/1085/371 588/1091/371 590/1088/371
f 586/1085/369 589/1087/370 588/1091/370
f 587/1089/372 590/1088/373 591/1092/373
f 593/1093/374 591/1094/373 590/1095/373
f 590/1095/371 588/1091/371 592/1096/371
f 590/1095/371 592/1096/371 593/1093/371
f 593/1093/374 595/1097/374 591/1094/373
f 593/1098/371 592/1096/371 594/1099/371
f 593/1098/371 594/1099/371 596/1100/371
f 595/1101/374 593/1098/374 596/1100/375
f 596/1102/371 594/1099/371 597/1103/371
f 595/1101/374 596/1100/375 598/1104/375
f 596/1102/371 597/1103/371 599/1105/371
f 599/1105/376 598/1106/375 596/1102/375
f 599/1107/371 597/1103/371 601/1108/371
f 599/1105/376 602/1109/376 598/1106/375
f 602/1110/376 599/1107/376 600/1111/377
f 599/1107/371 601/1108/371 600/1111/371
f 602/1112/378 603/1113/378 604/1114/378
f 602/1110/376 600/1111/377 603/1115/377
f 602/1112/378 604/1114/378 605/1116/378
f 598/1117/378 602/1118/378 605/1116/378
f 605/1116/379 604/1114/380 601/1108/380
f 605/1116/379 601/1108/380 597/1103/379
f 597/1103/379 606/1119/381 605/1116/379
f 598/1117/378 605/1116/378 606/1119/378
f 607/1120/382 606/1119/381 594/1099/381
f 595/1121/378 606/1119/378 607/1120/378
f 595/1121/378 598/1122/378 606/1119/378
f 597/1103/379 594/1099/381 606/1119/381
f 592/1096/382 589/1087/370 607/1120/382
f 607/1120/382 594/1099/381 592/1096/382
f 591/1123/378 595/1124/378 607/1120/378
f 591/1123/378 607/1120/378 589/1087/378
f 604/1125/380 603/1115/383 600/1111/383
f 604/1125/380 600/1111/383 601/1126/380
f 592/1096/382 588/1091/370 589/1087/370
f 568/1086/378 563/1127/378 591/1128/378
f 587/1089/372 591/1092/373 563/1129/372
f 568/1086/378 591/1128/378 589/1087/378
f 563/1037/355 505/924/334 587/1090/368
f 587/1090/368 482/876/311 471/858/311
f 505/924/334 482/876/311 587/1090/368
f 608/1134/385 609/1135/386 581/1136/385
f 581/1136/326 610/1137/326 580/1138/326
f 581/1136/326 609/1135/326 610/1137/326
f 580/1138/387 610/1137/388 611/1139/388
f 610/1140/388 612/1141/389 611/1142/388
f 610/1140/388 614/1143/389 612/1141/389
f 610/1140/326 609/1135/326 613/1144/326
f 610/1140/326 613/1144/326 614/1143/326
f 614/1145/326 613/1144/326 615/1146/326
f 614/1145/326 615/1146/326 617/1147/326
f 616/1148/390 612/1149/389 614/1145/389
f 616/1148/390 614/1145/389 617/1147/390
f 617/1150/326 615/1146/326 618/1151/326
f 617/1150/326 618/1151/326 620/1152/326
f 619/1153/391 616/1154/390 617/1150/390
f 619/1153/391 617/1150/390 620/1152/391
f 620/1155/326 618/1151/326 622/1156/326
f 619/1157/391 620/1155/391 621/1158/392
f 620/1155/326 622/1156/326 621/1158/326
f 624/1159/393 623/1160/394 622/1156/394
f 623/1161/394 621/1158/344 622/1162/394
f 624/1159/393 622/1156/394 618/1151/393
f 619/1163/321 623/1160/321 624/1159/321
f 616/1164/321 619/1165/321 624/1159/321
f 616/1164/321 624/1159/321 625/1166/321
f 618/1151/393 625/1166/395 624/1159/393
f 612/1167/321 616/1168/321 625/1166/321
f 612/1167/321 625/1166/321 626/1169/321
f 626/1169/396 625/1166/395 615/1146/395
f 618/1151/393 615/1146/395 625/1166/395
f 611/1170/321 612/1171/321 626/1169/321
f 626/1169/396 613/1144/397 609/1135/386
f 626/1169/396 615/1146/395 613/1144/397
f 611/1170/321 626/1169/321 627/1172/321
f 626/1169/396 609/1135/386 627/1172/386
f 611/1170/321 627/1172/321 608/1134/321
f 608/1134/385 627/1172/386 609/1135/386
f 623/1161/394 628/1173/344 621/1158/344
f 619/1163/321 628/1174/321 623/1160/321
f 619/1157/391 621/1158/392 628/1173/392
f 611/1170/321 608/1134/321 629/1175/321
f 580/1138/387 611/1139/388 629/1176/387
f 630/1177/398 629/1178/384 608/1131/384
f 533/1179/308 536/1180/309 629/1178/384
f 533/1179/308 629/1178/384 630/1177/398
f 536/1180/309 580/1181/367 629/1178/384
f 630/1177/398 608/1131/384 632/1182/398
f 631/1183/399 630/1184/399 633/1185/400
f 532/1186/343 630/1177/398 631/1187/401
f 632/1188/378 633/1185/378 630/1184/378
f 532/1186/343 533/1179/308 630/1177/398
f 636/1189/402 633/1190/400 634/1191/402
f 633/1190/378 638/1192/378 634/1191/378
f 636/1189/402 635/1193/400 633/1190/400
f 631/1183/399 633/1185/400 635/1194/400
f 632/1188/378 637/1195/378 633/1185/378
f 633/1190/378 637/1195/378 638/1192/378
f 638/1192/403 637/1195/404 641/1196/404
f 634/1197/378 638/1192/378 640/1198/378
f 638/1192/403 641/1196/404 639/1199/403
f 639/1199/403 640/1198/405 638/1192/403
f 635/1200/371 639/1199/371 641/1196/371
f 642/1201/371 635/1202/371 641/1196/371
f 642/1201/406 641/1196/404 637/1195/404
f 643/1203/315 631/1187/401 642/1204/401
f 643/1203/315 642/1204/401 477/871/315
f 642/1201/371 631/1206/371 635/1202/371
f 642/1201/406 637/1195/404 632/1188/406
f 522/1218/307 643/1203/315 476/870/313
f 643/1219/407 480/1220/408 476/1221/407
f 477/873/365 648/1222/365 643/1219/365
f 643/1219/407 648/1222/408 480/1220/408
f 522/1218/307 524/1223/342 643/1203/315
f 524/1223/342 631/1187/401 643/1203/315
f 649/1224/409 480/1225/408 648/1226/408
f 648/1226/365 650/1227/365 649/1224/365
f 477/873/365 478/872/365 648/1222/365
f 648/1226/365 478/872/365 650/1227/365
f 649/1228/365 650/1227/365 651/1229/365
f 652/1230/410 651/1229/411 650/1227/410
f 650/1227/410 478/872/317 479/874/317
f 650/1227/410 479/874/317 652/1230/410
f 652/1230/410 654/1231/411 651/1229/411
f 480/1232/314 653/1233/314 652/1230/314
f 653/1234/314 654/1231/314 652/1230/314
f 480/1232/314 652/1230/314 479/874/314
f 657/1235/412 654/1231/411 655/1236/412
f 656/1237/314 655/1236/314 654/1231/314
f 653/1234/314 656/1238/314 654/1231/314
f 657/1235/412 651/1229/411 654/1231/411
f 658/1239/365 651/1229/365 657/1235/365
f 658/1239/365 657/1235/365 659/1240/365
f 659/1241/365 657/1235/365 660/1242/365
f 655/1236/412 660/1242/413 657/1235/412
f 661/1243/335 663/1244/335 660/1245/413
f 661/1243/335 660/1245/413 662/1246/413
f 655/1236/412 662/1247/413 660/1242/413
f 659/1241/365 660/1242/365 663/1244/365
f 659/1241/414 663/1244/415 661/1243/415
f 664/1248/314 661/1249/314 662/1247/314
f 664/1248/314 662/1247/314 655/1236/314
f 659/1241/414 661/1243/415 664/1250/414
f 664/1251/414 658/1239/416 659/1240/414
f 664/1251/414 656/1252/416 658/1239/416
f 656/1237/314 664/1253/314 655/1236/314
f 649/1228/409 658/1254/416 656/1255/416
f 649/1228/365 651/1229/365 658/1254/365
f 649/1228/409 656/1255/416 653/1256/409
f 649/1224/409 653/1257/409 480/1225/408
f 639/1199/403 667/1258/405 640/1198/405
f 634/1197/378 640/1198/378 665/1259/378
f 665/1260/378 640/1198/378 666/1261/378
f 666/1261/417 640/1198/405 667/1258/405
f 636/1262/371 667/1258/371 639/1199/371
f 666/1261/417 667/1258/405 668/1263/417
f 669/1264/371 668/1263/371 667/1258/371
f 636/1262/371 669/1265/371 667/1258/371
f 670/1266/418 669/1267/419 665/1260/419
f 636/1268/402 665/1259/419 669/1269/419
f 669/1264/371 670/1270/371 668/1263/371
f 670/1266/418 665/1260/419 671/1271/418
f 671/1272/418 672/1273/420 670/1274/418
f 670/1275/371 673/1276/371 668/1263/371
f 670/1275/371 672/1277/371 673/1276/371
f 672/1273/421 674/1278/422 673/1279/422
f 668/1263/417 673/1276/422 674/1280/422
f 672/1273/421 675/1281/421 674/1278/422
f 671/1272/378 674/1280/378 675/1281/378
f 668/1263/417 674/1280/422 666/1261/417
f 671/1272/378 666/1261/378 674/1280/378
f 671/1272/418 675/1281/420 672/1273/420
f 665/1260/378 666/1261/378 671/1271/378
f 636/1268/402 634/1197/402 665/1259/419
f 635/1200/371 636/1282/371 639/1199/371
f 524/1223/342 532/1186/343 631/1187/401
f 536/1180/309 676/1284/423 580/1181/367
f 676/1285/423 566/1041/357 580/1067/367
f 537/984/309 676/1284/423 536/1180/309
f 537/984/309 677/1286/423 676/1284/423
f 677/1287/421 678/1288/421 676/1289/421
f 676/1289/302 678/1288/302 679/1290/302
f 676/1285/423 564/1040/354 566/1041/357
f 676/1289/302 679/1290/302 564/1291/302
f 680/1292/378 681/1293/378 679/1294/378
f 680/1292/378 679/1294/378 678/1295/378
f 564/1291/383 679/1290/383 681/1296/383
f 561/1297/336 681/1293/336 680/1292/336
f 564/1291/383 681/1296/383 561/1298/383
f 677/1287/421 680/1292/421 678/1288/421
f 561/1297/336 680/1292/336 677/1287/336
f 539/985/309 677/1286/423 537/984/309
f 682/1299/310 561/1034/354 677/1300/423
f 539/985/309 682/1301/310 677/1286/423
f 682/1299/310 557/1030/352 561/1034/354
f 682/1302/424 539/986/345 541/993/345
f 682/1299/424 683/1303/424 558/1025/353
f 682/1302/424 541/993/345 683/1304/424
f 682/1299/424 558/1025/353 557/1030/353
f 569/1060/365 572/1311/365 577/1059/365
f 572/1312/365 576/1058/365 577/1059/365
f 688/1313/425 576/1058/363 686/1314/425
f 687/1315/365 686/1314/365 576/1058/365
f 572/1312/365 687/1316/365 576/1058/365
f 688/1313/425 575/1057/363 576/1058/363
f 689/1317/314 575/1057/314 688/1313/314
f 689/1317/314 688/1313/314 690/1318/314
f 690/1319/314 688/1313/314 691/1320/314
f 686/1314/425 691/1320/426 688/1313/425
f 692/1321/337 694/1322/337 691/1323/426
f 692/1321/337 691/1323/426 693/1324/426
f 686/1314/425 693/1325/426 691/1320/426
f 690/1319/314 691/1320/314 694/1322/314
f 690/1319/427 694/1322/428 692/1321/428
f 695/1326/365 692/1327/365 693/1325/365
f 695/1326/365 693/1325/365 686/1314/365
f 695/1328/427 689/1317/429 690/1318/427
f 690/1319/427 692/1321/428 695/1329/427
f 695/1328/427 687/1330/429 689/1317/429
f 687/1315/365 695/1331/365 686/1314/365
f 571/1056/360 689/1332/429 687/1333/429
f 571/1056/314 575/1057/314 689/1332/314
f 571/1056/360 687/1333/429 572/1334/360
f 563/1037/355 513/1036/304 505/924/334
f 532/972/302 524/969/302 529/966/302
f 532/972/344 696/1337/344 528/973/344
f 532/972/302 529/966/302 696/1337/302
f 527/965/321 528/967/321 696/1338/321
f 527/965/321 696/1338/321 529/1339/321
f 484/882/300 522/1218/307 476/870/313
f 471/895/326 482/1340/326 483/896/326
f 698/1342/351 700/1343/430 697/1344/351
f 698/1342/351 697/1344/351 699/1345/431
f 699/1346/302 697/1347/302 702/1348/302
f 697/1344/351 700/1343/430 701/1349/430
f 701/1350/302 702/1348/302 697/1347/302
f 699/1346/302 702/1348/302 704/1351/302
f 701/1350/302 705/1357/302 702/1348/302
f 939/1598/336 936/1599/336 938/1600/336
f 939/1598/336 938/1600/336 940/1601/336
f 940/1601/336 938/1600/336 794/1602/336
f 940/1603/792 941/1604/421 943/1605/792
f 942/1606/421 941/1604/421 940/1603/792
f 940/1603/792 943/1605/792 939/1607/793
f 940/1601/336 794/1602/336 942/1608/336
f 944/1609/302 943/1610/302 778/1611/302
f 939/1607/793 943/1605/792 944/1612/793
f 943/1610/302 941/1613/302 780/1614/302
f 943/1610/302 780/1614/302 778/1611/302
f 945/1615/302 944/1609/302 777/1616/302
f 946/1617/794 944/1612/793 945/1618/794
f 939/1607/793 944/1612/793 946/1617/794
f 944/1609/302 778/1611/302 777/1616/302
f 946/1617/794 945/1618/794 947/1619/309
f 947/1620/336 935/1621/336 946/1622/336
f 946/1622/336 936/1599/336 939/1598/336
f 946/1622/336 935/1621/336 936/1599/336
f 948/1623/795 947/1619/309 949/1624/309
f 948/1623/795 950/1625/795 947/1619/309
f 947/1619/309 945/1618/794 949/1624/309
f 950/1626/336 928/1627/336 947/1620/336
f 947/1620/336 928/1627/336 935/1621/336
f 951/1628/796 950/1625/795 948/1623/795
f 951/1628/796 952/1629/796 950/1625/795
f 952/1630/336 927/1631/336 950/1626/336
f 950/1626/336 927/1631/336 928/1627/336
f 953/1632/797 952/1629/796 951/1628/796
f 953/1632/797 954/1633/797 952/1629/796
f 954/1634/336 920/1635/336 952/1630/336
f 952/1630/336 920/1635/336 927/1631/336
f 955/1636/378 954/1633/797 953/1632/797
f 955/1636/378 956/1637/378 954/1633/797
f 956/1638/336 919/1639/336 954/1634/336
f 954/1634/336 919/1639/336 920/1635/336
f 958/1640/798 956/1637/378 955/1636/378
f 957/1641/336 912/1642/336 956/1638/336
f 958/1640/798 957/1643/798 956/1637/378
f 956/1638/336 912/1642/336 919/1639/336
f 959/1644/302 958/1645/302 715/1646/302
f 959/1647/799 957/1643/798 958/1640/798
f 958/1645/302 955/1648/302 734/1649/302
f 958/1645/302 734/1649/302 715/1646/302
f 701/1350/302 959/1644/302 712/1650/302
f 701/1349/430 960/1651/799 959/1647/799
f 959/1647/799 960/1651/799 957/1643/798
f 959/1644/302 715/1646/302 712/1650/302
f 960/1652/336 910/1653/336 957/1641/336
f 960/1652/336 961/1654/336 910/1653/336
f 960/1652/336 896/1655/336 961/1654/336
f 960/1652/336 700/1656/336 896/1655/336
f 701/1349/430 700/1343/430 960/1651/799
f 957/1641/336 910/1653/336 912/1642/336
f 955/1648/302 953/1658/302 735/1659/302
f 955/1648/302 735/1659/302 734/1649/302
f 953/1658/302 951/1660/302 746/1661/302
f 953/1658/302 746/1661/302 735/1659/302
f 951/1660/302 948/1662/302 747/1663/302
f 951/1660/302 747/1663/302 746/1661/302
f 948/1662/302 949/1664/302 760/1665/302
f 949/1664/302 945/1615/302 758/1666/302
f 949/1664/302 758/1666/302 760/1665/302
f 948/1662/302 760/1665/302 747/1663/302
f 945/1615/302 777/1616/302 758/1666/302
f 942/1606/421 962/1667/800 941/1604/421
f 963/1668/800 962/1667/800 942/1606/421
f 942/1608/336 795/1669/336 963/1670/336
f 942/1608/336 794/1602/336 795/1669/336
f 964/1671/801 962/1667/800 963/1668/800
f 964/1671/801 963/1668/800 965/1672/801
f 963/1670/336 797/1673/336 965/1674/336
f 963/1670/336 795/1669/336 797/1673/336
f 966/1675/802 964/1671/801 965/1672/801
f 967/1676/802 966/1677/802 965/1678/801
f 965/1674/336 968/1679/336 967/1680/336
f 965/1674/336 797/1673/336 968/1679/336
f 967/1680/336 968/1679/336 970/1684/336
f 967/1680/336 970/1684/336 972/1686/336
f 972/1686/336 970/1684/336 973/1688/336
f 976/1691/336 973/1688/336 974/1692/336
f 972/1686/336 973/1688/336 976/1691/336
f 977/1693/805 972/1694/306 976/1695/805
f 978/1696/806 977/1693/805 976/1695/805
f 978/1696/806 976/1695/805 979/1697/806
f 976/1691/336 974/1692/336 979/1698/336
f 979/1698/336 981/1699/336 980/1700/336
f 980/1701/807 982/1702/807 979/1697/806
f 979/1698/336 974/1692/336 981/1699/336
f 982/1702/807 978/1696/806 979/1697/806
f 978/1703/302 982/1704/302 837/1705/302
f 983/1706/302 837/1705/302 982/1704/302
f 983/1707/371 982/1702/807 980/1701/807
f 984/1708/302 836/1709/302 983/1706/302
f 984/1710/808 983/1707/371 985/1711/371
f 983/1707/371 980/1701/807 985/1711/371
f 983/1706/302 836/1709/302 837/1705/302
f 986/1712/808 984/1710/808 985/1711/371
f 985/1713/336 980/1700/336 981/1699/336
f 986/1714/336 985/1713/336 987/1715/336
f 985/1713/336 981/1699/336 987/1715/336
f 986/1714/336 987/1715/336 989/1723/336
f 1053/1786/336 1052/1787/336 1050/1788/336
f 1052/1787/336 1036/1789/336 1050/1788/336
f 1053/1786/336 1050/1788/336 1049/1790/336
f 1054/1791/926 1053/1792/927 1055/1793/927
f 1052/1794/926 1053/1792/927 1054/1791/926
f 1055/1793/927 1053/1792/927 699/1345/431
f 699/1345/431 1053/1792/927 1056/1795/431
f 1056/1796/336 1053/1786/336 1049/1790/336
f 699/1345/431 1056/1795/431 698/1342/351
f 698/1797/336 1056/1796/336 892/1798/336
f 1056/1796/336 1049/1790/336 892/1798/336
f 1055/1799/302 871/1800/302 1054/1801/302
f 1055/1799/302 699/1346/302 704/1351/302
f 1055/1799/302 876/1802/302 871/1800/302
f 1055/1799/302 704/1351/302 876/1802/302
f 1054/1801/302 868/1803/302 1057/1804/302
f 1052/1794/926 1054/1791/926 1057/1805/383
f 1054/1801/302 871/1800/302 868/1803/302
f 1058/1806/383 1052/1794/926 1057/1805/383
f 1058/1806/383 1057/1805/383 1059/1807/928
f 1057/1804/302 868/1803/302 863/1808/302
f 1057/1804/302 863/1808/302 1059/1809/302
f 1059/1809/302 860/1810/302 1060/1811/302
f 1061/1812/928 1059/1807/928 1060/1813/929
f 1061/1812/928 1058/1806/383 1059/1807/928
f 1059/1809/302 863/1808/302 860/1810/302
f 1061/1814/336 1062/1815/336 1027/1816/336
f 1062/1817/929 1061/1812/928 1060/1813/929
f 1058/1818/336 1061/1814/336 1038/1819/336
f 1061/1814/336 1027/1816/336 1038/1819/336
f 1062/1815/336 1029/1820/336 1027/1816/336
f 1062/1815/336 1064/1821/336 1029/1820/336
f 1062/1817/929 1060/1813/929 1063/1822/930
f 1064/1823/930 1062/1817/929 1063/1822/930
f 1064/1823/930 1063/1822/930 1065/1824/301
f 1065/1824/301 1066/1825/301 1064/1823/930
f 1064/1821/336 1066/1826/336 1015/1827/336
f 1064/1821/336 1015/1827/336 1029/1820/336
f 1066/1825/301 1065/1824/301 1067/1828/931
f 1066/1826/336 1067/1829/336 1017/1830/336
f 1066/1826/336 1017/1830/336 1015/1827/336
f 1068/1831/931 1069/1832/932 1067/1828/931
f 1065/1824/301 1068/1831/931 1067/1828/931
f 1067/1829/336 1069/1833/336 1004/1834/336
f 1067/1829/336 1004/1834/336 1017/1830/336
f 1070/1835/932 986/1712/808 1069/1832/932
f 1068/1831/931 1070/1835/932 1069/1832/932
f 1069/1833/336 986/1714/336 989/1723/336
f 1069/1833/336 989/1723/336 1004/1834/336
f 1070/1836/302 839/1837/302 984/1708/302
f 986/1712/808 1070/1835/932 984/1710/808
f 1068/1838/302 844/1839/302 1070/1836/302
f 1070/1836/302 844/1839/302 839/1837/302
f 1065/1840/302 847/1841/302 1068/1838/302
f 1068/1838/302 847/1841/302 844/1839/302
f 1063/1842/302 852/1843/302 1065/1840/302
f 1065/1840/302 852/1843/302 847/1841/302
f 1060/1811/302 855/1844/302 1063/1842/302
f 1063/1842/302 855/1844/302 852/1843/302
f 1060/1811/302 860/1810/302 855/1844/302
f 1052/1787/336 1058/1818/336 1036/1789/336
f 1058/1818/336 1038/1819/336 1036/1789/336
f 984/1708/302 839/1837/302 836/1709/302
f 978/1703/302 817/1847/302 977/1848/302
f 978/1703/302 1073/1849/302 817/1847/302
f 978/1703/302 837/1705/302 1073/1849/302
f 977/1848/302 812/1851/302 1074/1852/302
f 972/1694/306 977/1693/805 1074/1853/306
f 977/1848/302 817/1847/302 812/1851/302
f 1074/1852/302 813/1854/302 966/1855/302
f 967/1676/802 1074/1853/306 966/1677/802
f 972/1694/306 1074/1853/306 967/1676/802
f 1074/1852/302 812/1851/302 813/1854/302
f 966/1855/302 811/1861/302 964/1862/302
f 966/1855/302 813/1854/302 811/1861/302
f 962/1863/302 964/1862/302 811/1861/302
f 941/1613/302 962/1863/302 1080/1864/302
f 962/1863/302 811/1861/302 1080/1864/302
f 941/1613/302 1080/1864/302 780/1614/302
f 700/1656/336 891/1866/336 896/1655/336
f 698/1797/336 892/1798/336 891/1866/336
f 700/1656/336 698/1797/336 891/1866/336
f 701/1350/302 712/1650/302 705/1357/302
usemtl SpacialRoverExploreralumGrayDeep
f 446/817/300 450/818/301 445/819/301
f 445/820/302 447/821/302 446/822/302
f 445/820/302 448/823/302 447/821/302
f 445/820/302 449/824/302 448/823/302
f 445/820/302 451/825/302 449/824/302
f 445/819/301 450/818/301 452/826/303
f 445/819/301 452/826/303 451/827/303
f 453/828/302 455/829/302 452/830/302
f 457/831/302 453/828/302 452/830/302
f 452/830/302 450/832/302 454/833/302
f 452/830/302 454/833/302 457/831/302
f 455/829/302 456/834/302 452/830/302
f 451/827/303 452/826/303 456/835/304
f 458/836/305 462/837/305 457/838/306
f 458/836/305 457/838/306 460/839/306
f 454/833/302 459/840/302 457/831/302
f 460/839/306 457/838/306 459/841/307
f 457/831/302 461/842/302 453/828/302
f 457/831/302 462/843/302 461/842/302
f 458/836/305 461/844/308 462/837/305
f 458/836/305 463/845/308 461/844/308
f 465/846/309 461/844/308 463/845/308
f 461/842/302 464/847/302 453/828/302
f 465/846/309 464/848/309 461/844/308
f 465/849/302 463/850/302 468/851/302
f 465/849/302 469/852/302 466/853/302
f 466/854/310 464/848/309 465/846/309
f 465/849/302 467/855/302 469/852/302
f 465/849/302 468/851/302 467/855/302
f 470/856/302 466/853/302 469/852/302
f 470/856/302 469/852/302 473/857/302
f 471/858/311 472/859/312 469/860/300
f 471/858/311 469/860/300 467/861/301
f 472/859/312 473/862/307 469/860/300
f 470/856/302 473/857/302 474/863/302
f 475/864/313 474/865/306 473/862/307
f 472/859/312 475/864/313 473/862/307
f 475/864/313 477/871/315 474/865/306
f 543/990/308 541/991/309 540/992/308
f 542/994/305 543/990/308 540/992/308
f 542/994/305 540/992/308 544/995/305
f 545/997/306 542/994/305 544/995/305
f 545/997/306 544/995/305 546/998/306
f 547/1001/307 545/997/306 546/998/306
f 547/1001/307 546/998/306 548/1002/307
f 549/1005/300 547/1001/307 548/1002/307
f 549/1005/300 548/1002/307 520/1006/300
f 550/1007/301 549/1005/300 520/1006/300
f 547/1008/336 549/1009/336 550/1010/336
f 550/1010/336 552/1011/336 551/1012/336
f 542/1013/336 550/1010/336 551/1012/336
f 550/1010/336 553/1014/336 552/1011/336
f 553/1015/303 550/1007/301 518/1016/301
f 550/1007/301 520/1006/300 518/1016/301
f 542/1013/336 547/1008/336 550/1010/336
f 554/1017/304 552/1018/304 553/1015/303
f 554/1017/304 553/1015/303 516/1019/303
f 553/1015/303 518/1016/301 516/1019/303
f 555/1022/351 552/1018/304 554/1017/304
f 555/1022/351 554/1017/304 556/1023/351
f 551/1012/352 555/1022/351 556/1023/351
f 551/1012/352 556/1023/351 558/1025/352
f 581/1069/367 579/1068/357 582/1070/352
f 579/1068/357 567/1048/356 583/1072/351
f 579/1068/357 583/1072/351 582/1070/352
f 458/1073/302 460/1074/302 583/1075/302
f 458/1073/302 583/1075/302 584/1076/302
f 583/1072/351 567/1048/356 568/1047/355
f 583/1072/351 568/1047/355 584/1077/304
f 585/1078/302 582/1079/302 583/1075/302
f 585/1078/302 583/1075/302 460/1074/302
f 585/1080/307 454/1081/300 446/1082/300
f 446/822/302 582/1079/302 585/1078/302
f 460/839/306 459/841/307 585/1080/307
f 585/1080/307 459/841/307 454/1081/300
f 458/1073/302 584/1076/302 468/851/302
f 584/1077/304 568/1047/355 586/1083/368
f 584/1077/304 586/1083/368 468/1084/303
f 586/1083/368 471/858/311 467/861/301
f 586/1083/368 467/861/301 468/1084/303
f 446/822/302 447/821/302 582/1079/302
f 581/1069/367 582/1070/352 447/1130/310
f 608/1131/384 581/1132/367 447/1133/310
f 477/871/315 642/1204/401 644/1205/305
f 644/1205/305 642/1204/401 632/1182/398
f 645/1207/302 474/863/302 644/1208/302
f 477/871/315 644/1205/305 474/865/306
f 646/1209/302 644/1208/302 449/824/302
f 644/1205/305 632/1182/398 449/1210/308
f 645/1207/302 644/1208/302 646/1209/302
f 646/1211/304 455/1212/351 645/1213/351
f 451/827/303 456/835/304 646/1211/304
f 646/1209/302 449/824/302 451/825/302
f 646/1211/304 456/835/304 455/1212/351
f 645/1213/351 647/1214/352 470/1215/352
f 470/856/302 474/863/302 645/1207/302
f 645/1213/351 455/1212/351 647/1214/352
f 470/1215/352 647/1214/352 453/1216/310
f 453/828/302 647/1217/302 455/829/302
f 632/1182/398 608/1131/384 448/1283/309
f 632/1182/398 448/1283/309 449/1210/308
f 608/1131/384 447/1133/310 448/1283/309
f 685/1305/309 684/1306/310 683/1307/310
f 684/1308/310 558/1025/352 683/1303/310
f 685/1305/309 683/1307/310 541/991/309
f 551/1012/336 684/1308/336 685/1309/336
f 543/990/308 685/1305/309 541/991/309
f 551/1012/336 685/1309/336 542/1013/336
f 685/1309/336 543/1310/336 542/1013/336
f 684/1308/310 551/1012/352 558/1025/352
f 552/1011/336 555/1335/336 551/1012/336
f 542/1013/336 545/1336/336 547/1008/336
f 470/1215/352 453/1216/310 466/854/310
f 458/1073/302 468/851/302 463/850/302
f 466/854/310 453/1216/310 464/848/309
f 446/817/300 454/1341/300 450/818/301
usemtl SpacialRoverExplorerwheels
f 702/1352/302 706/1353/432 703/1354/433
f 702/1352/302 703/1354/433 704/1355/302
f 705/1356/302 706/1353/432 702/1352/302
f 705/1356/302 711/1358/432 706/1353/432
f 707/1359/434 703/1354/435 706/1353/435
f 707/1359/434 706/1353/435 708/1360/436
f 708/1360/437 706/1353/438 709/1361/439
f 706/1353/432 710/1362/440 709/1361/440
f 706/1353/432 711/1358/432 710/1362/440
f 712/1363/302 714/1364/441 711/1358/432
f 712/1363/302 711/1358/432 705/1356/302
f 713/1365/442 711/1358/443 714/1364/443
f 713/1365/444 710/1362/445 711/1358/446
f 715/1366/302 717/1367/441 714/1364/441
f 715/1366/302 714/1364/441 712/1363/302
f 713/1365/442 714/1364/443 716/1368/447
f 716/1368/448 714/1364/449 718/1369/450
f 717/1367/441 718/1369/451 714/1364/441
f 717/1367/441 719/1370/451 718/1369/451
f 718/1369/452 719/1370/452 721/1371/453
f 716/1368/448 718/1369/450 720/1372/448
f 718/1369/452 721/1371/453 720/1372/453
f 720/1372/453 721/1371/453 722/1373/454
f 723/1374/455 722/1373/456 721/1371/455
f 723/1374/455 721/1371/455 719/1370/457
f 723/1374/455 724/1375/456 722/1373/456
f 723/1374/458 725/1376/459 724/1375/460
f 723/1374/455 719/1370/457 717/1367/457
f 723/1374/458 726/1377/461 725/1376/459
f 717/1367/462 726/1377/461 723/1374/458
f 726/1378/463 727/1379/464 730/1380/465
f 717/1367/462 727/1381/462 726/1377/461
f 726/1378/463 728/1382/466 725/1383/467
f 726/1378/463 729/1384/468 728/1382/466
f 726/1378/463 730/1380/465 729/1384/468
f 733/1385/469 730/1380/470 727/1379/469
f 733/1385/469 731/1386/470 730/1380/470
f 730/1380/471 731/1386/471 732/1387/472
f 730/1380/471 732/1387/472 729/1384/473
f 734/1388/302 733/1385/469 727/1379/469
f 734/1388/302 735/1389/302 733/1385/469
f 735/1389/302 736/1390/474 733/1385/469
f 733/1385/475 736/1390/475 738/1391/476
f 737/1392/477 731/1386/478 733/1385/479
f 733/1385/475 738/1391/476 737/1392/480
f 738/1391/481 736/1390/482 742/1393/483
f 737/1392/480 738/1391/476 739/1394/484
f 738/1391/481 740/1395/485 739/1394/486
f 738/1391/481 741/1396/481 740/1395/485
f 738/1391/481 742/1393/483 741/1396/481
f 745/1397/487 742/1393/488 736/1390/474
f 745/1397/487 743/1398/488 742/1393/488
f 742/1393/489 743/1398/489 744/1399/490
f 742/1393/489 744/1399/490 741/1396/491
f 746/1400/302 745/1397/487 736/1390/474
f 746/1400/302 747/1401/302 745/1397/487
f 747/1401/302 748/1402/492 745/1397/487
f 745/1397/493 748/1402/493 750/1403/494
f 749/1404/495 743/1398/496 745/1397/497
f 745/1397/493 750/1403/494 749/1404/498
f 749/1404/498 750/1403/494 751/1405/499
f 750/1403/500 752/1406/501 751/1405/502
f 750/1403/500 753/1407/503 752/1406/501
f 750/1403/500 754/1408/504 753/1407/503
f 750/1403/500 748/1402/505 754/1408/504
f 757/1409/506 754/1408/507 748/1402/492
f 757/1409/506 755/1410/507 754/1408/507
f 754/1408/508 755/1410/508 756/1411/509
f 754/1408/508 756/1411/509 753/1407/510
f 760/1412/302 757/1409/506 748/1402/492
f 760/1412/302 758/1413/302 757/1409/506
f 758/1413/302 759/1414/511 757/1409/506
f 757/1409/512 759/1414/512 762/1415/513
f 761/1416/514 755/1410/515 757/1409/516
f 757/1409/512 762/1415/513 761/1416/517
f 761/1416/517 762/1415/513 763/1417/518
f 762/1415/519 766/1418/520 763/1417/521
f 762/1415/519 759/1414/522 765/1419/523
f 762/1415/519 764/1420/519 766/1418/520
f 762/1415/519 765/1419/523 764/1420/519
f 763/1417/521 766/1418/520 767/1421/524
f 766/1418/525 768/1422/526 767/1421/526
f 766/1418/525 769/1423/527 768/1422/526
f 764/1420/528 769/1423/527 766/1418/525
f 772/1424/529 770/1425/530 769/1423/531
f 770/1425/530 768/1422/532 769/1423/531
f 764/1420/528 771/1426/533 769/1423/527
f 772/1424/529 769/1423/531 771/1426/534
f 772/1424/535 774/1427/536 770/1425/537
f 772/1424/529 771/1426/534 773/1428/538
f 772/1424/529 773/1428/538 776/1429/539
f 772/1424/535 775/1430/540 774/1427/536
f 776/1429/541 775/1430/540 772/1424/535
f 776/1429/542 765/1419/543 759/1414/511
f 777/1431/302 776/1429/542 759/1414/511
f 777/1431/302 778/1432/302 776/1429/542
f 778/1432/302 779/1433/544 776/1429/542
f 776/1429/541 779/1433/541 775/1430/540
f 776/1429/542 773/1428/543 765/1419/543
f 778/1432/302 780/1434/302 779/1433/544
f 780/1434/302 781/1435/545 779/1433/544
f 781/1435/545 782/1436/546 779/1433/544
f 775/1430/547 779/1433/548 782/1436/549
f 781/1435/545 783/1437/546 782/1436/546
f 782/1436/550 783/1437/550 785/1438/551
f 775/1430/547 782/1436/549 784/1439/552
f 782/1436/550 785/1438/551 784/1439/553
f 786/1440/554 785/1438/555 783/1437/556
f 784/1439/553 785/1438/551 787/1441/557
f 786/1440/554 787/1441/558 785/1438/555
f 786/1440/554 788/1442/559 787/1441/558
f 788/1442/559 790/1443/560 787/1441/558
f 784/1439/553 787/1441/557 789/1444/561
f 789/1444/561 787/1441/557 790/1443/562
f 791/1445/563 793/1446/564 790/1443/564
f 791/1445/563 790/1443/564 792/1447/563
f 788/1442/559 792/1447/565 790/1443/560
f 789/1444/561 790/1443/562 793/1446/562
f 774/1427/566 793/1446/567 791/1445/568
f 774/1427/566 789/1444/569 793/1446/567
f 794/1448/336 791/1445/563 792/1447/563
f 794/1448/336 792/1447/563 795/1449/336
f 795/1449/336 792/1447/563 796/1450/570
f 788/1442/571 796/1450/572 792/1447/572
f 795/1449/336 796/1450/570 797/1451/336
f 797/1451/336 796/1450/570 798/1452/570
f 788/1442/571 800/1453/573 796/1450/572
f 796/1450/570 799/1454/574 798/1452/570
f 796/1450/570 801/1455/574 799/1454/574
f 800/1453/575 801/1455/576 796/1450/577
f 800/1453/575 802/1456/578 801/1455/576
f 802/1456/579 799/1454/580 801/1455/580
f 805/1457/581 803/1458/581 802/1456/578
f 803/1458/582 804/1459/583 802/1456/579
f 802/1456/579 804/1459/583 799/1454/580
f 805/1457/581 802/1456/578 800/1453/575
f 781/1435/584 806/1460/584 805/1457/585
f 781/1435/584 805/1457/585 786/1440/586
f 805/1457/581 806/1460/587 807/1461/588
f 786/1440/586 805/1457/585 800/1453/573
f 805/1457/581 807/1461/588 803/1458/581
f 810/1462/589 807/1461/590 806/1460/589
f 810/1462/589 808/1463/590 807/1461/590
f 807/1461/591 808/1463/591 809/1464/592
f 807/1461/591 809/1464/592 803/1458/582
f 811/1465/302 810/1462/589 806/1460/589
f 811/1465/302 813/1466/302 810/1462/589
f 812/1467/302 816/1468/593 810/1462/589
f 812/1467/302 810/1462/589 813/1466/302
f 814/1469/594 808/1463/595 810/1462/596
f 810/1462/597 815/1470/598 814/1469/599
f 810/1462/597 816/1468/597 815/1470/598
f 817/1471/302 818/1472/600 816/1468/593
f 817/1471/302 816/1468/593 812/1467/302
f 818/1472/600 819/1473/601 816/1468/593
f 815/1470/602 816/1468/603 819/1473/604
f 815/1470/602 819/1473/604 821/1474/602
f 819/1473/605 820/1475/605 822/1476/606
f 818/1472/600 820/1475/601 819/1473/601
f 819/1473/605 822/1476/606 821/1474/607
f 821/1474/607 822/1476/606 823/1477/608
f 824/1478/609 823/1477/610 822/1476/611
f 824/1478/609 822/1476/611 820/1475/612
f 824/1478/609 825/1479/613 823/1477/610
f 824/1478/614 826/1480/615 825/1479/616
f 824/1478/609 820/1475/612 818/1472/617
f 818/1472/618 827/1481/619 824/1478/614
f 824/1478/614 827/1481/619 826/1480/615
f 818/1472/618 828/1482/618 827/1481/619
f 827/1481/620 829/1483/621 826/1480/621
f 827/1481/620 828/1482/622 831/1484/623
f 827/1481/620 830/1485/620 829/1483/621
f 827/1481/620 831/1484/623 830/1485/620
f 828/1482/624 832/1486/625 831/1484/625
f 830/1485/626 831/1484/627 832/1486/627
f 833/1487/628 834/1488/628 832/1486/629
f 833/1487/628 832/1486/629 835/1489/630
f 828/1482/624 835/1489/624 832/1486/625
f 830/1485/626 832/1486/627 834/1488/626
f 837/1490/302 835/1489/624 828/1482/624
f 836/1491/302 838/1492/631 835/1489/624
f 836/1491/302 835/1489/624 837/1490/302
f 833/1487/632 835/1489/633 838/1492/633
f 839/1493/302 843/1494/631 838/1495/631
f 839/1493/302 838/1495/631 836/1496/302
f 833/1487/632 838/1492/633 840/1497/634
f 840/1498/635 838/1495/636 841/1499/637
f 838/1495/631 842/1500/638 841/1499/638
f 838/1495/631 843/1494/631 842/1500/638
f 844/1501/302 846/1502/639 843/1494/631
f 844/1501/302 843/1494/631 839/1493/302
f 845/1503/640 843/1494/641 846/1502/641
f 845/1503/642 842/1500/643 843/1494/644
f 847/1504/302 851/1505/639 846/1502/639
f 847/1504/302 846/1502/639 844/1501/302
f 845/1503/640 846/1502/641 848/1506/645
f 848/1506/646 846/1502/647 849/1507/648
f 846/1502/639 850/1508/649 849/1507/649
f 846/1502/639 851/1505/639 850/1508/649
f 852/1509/302 854/1510/650 851/1505/639
f 852/1509/302 851/1505/639 847/1504/302
f 853/1511/651 851/1505/652 854/1510/652
f 853/1511/653 850/1508/654 851/1505/655
f 855/1512/302 859/1513/650 854/1510/650
f 855/1512/302 854/1510/650 852/1509/302
f 853/1511/651 854/1510/652 856/1514/656
f 856/1514/657 854/1510/658 857/1515/659
f 854/1510/650 858/1516/660 857/1515/660
f 854/1510/650 859/1513/650 858/1516/660
f 860/1517/302 862/1518/661 859/1513/650
f 860/1517/302 859/1513/650 855/1512/302
f 861/1519/662 859/1513/663 862/1518/663
f 861/1519/664 858/1516/665 859/1513/666
f 863/1520/302 867/1521/667 862/1518/661
f 863/1520/302 862/1518/661 860/1517/302
f 861/1519/662 862/1518/663 864/1522/668
f 864/1522/669 862/1518/670 865/1523/671
f 862/1518/661 866/1524/672 865/1523/672
f 862/1518/661 867/1521/667 866/1524/672
f 868/1525/302 870/1526/673 867/1521/667
f 868/1525/302 867/1521/667 863/1520/302
f 869/1527/674 867/1521/675 870/1526/675
f 869/1527/676 866/1524/677 867/1521/678
f 871/1528/302 875/1529/679 870/1526/673
f 871/1528/302 870/1526/673 868/1525/302
f 869/1527/674 870/1526/675 872/1530/680
f 872/1530/681 870/1526/682 873/1531/683
f 870/1526/673 874/1532/684 873/1531/684
f 870/1526/673 875/1529/679 874/1532/684
f 876/1533/302 878/1534/685 875/1529/679
f 876/1533/302 875/1529/679 871/1528/302
f 877/1535/686 875/1529/687 878/1534/687
f 877/1535/688 874/1532/689 875/1529/690
f 704/1355/302 703/1354/433 878/1534/685
f 704/1355/302 878/1534/685 876/1533/302
f 877/1535/686 878/1534/687 879/1536/691
f 879/1536/692 878/1534/693 880/1537/694
f 878/1534/685 881/1538/695 880/1537/695
f 878/1534/685 703/1354/433 881/1538/695
f 882/1539/696 880/1537/697 881/1538/698
f 882/1539/696 881/1538/698 883/1540/699
f 707/1359/700 883/1540/700 881/1538/701
f 707/1359/700 881/1538/701 703/1354/702
f 884/1541/703 882/1539/696 883/1540/699
f 884/1541/703 883/1540/699 885/1542/704
f 707/1359/700 885/1542/705 883/1540/700
f 707/1359/700 886/1543/706 885/1542/705
f 886/1543/706 888/1544/707 885/1542/705
f 887/1545/708 884/1541/703 885/1542/704
f 887/1545/708 885/1542/704 888/1544/708
f 886/1543/706 889/1546/709 888/1544/707
f 889/1546/710 887/1545/711 888/1544/711
f 889/1546/710 890/1547/712 887/1545/711
f 892/1548/336 890/1547/712 889/1546/710
f 891/1549/336 892/1548/336 889/1546/710
f 891/1549/336 889/1546/710 894/1550/713
f 889/1546/714 886/1543/715 893/1551/716
f 889/1546/714 893/1551/716 894/1550/714
f 895/1552/713 894/1550/713 897/1553/717
f 896/1554/336 894/1550/713 895/1552/713
f 896/1554/336 891/1549/336 894/1550/713
f 893/1551/718 897/1553/719 894/1550/720
f 895/1552/713 897/1553/717 898/1555/717
f 897/1553/721 899/1556/722 898/1555/721
f 897/1553/721 900/1557/723 899/1556/722
f 893/1551/718 900/1557/724 897/1553/719
f 900/1557/723 902/1558/725 899/1556/722
f 708/1360/437 901/1559/437 900/1557/724
f 900/1557/723 901/1559/726 902/1558/725
f 708/1360/437 900/1557/724 893/1551/718
f 901/1559/726 710/1362/727 902/1558/725
f 713/1365/444 899/1556/728 902/1558/729
f 713/1365/444 902/1558/729 710/1362/445
f 901/1559/726 709/1361/727 710/1362/727
f 708/1360/437 709/1361/439 901/1559/437
f 903/1560/728 898/1555/730 899/1556/728
f 713/1365/444 903/1560/728 899/1556/728
f 903/1560/728 895/1552/731 898/1555/730
f 895/1552/732 903/1560/733 904/1561/734
f 903/1560/733 716/1368/447 904/1561/734
f 903/1560/733 713/1365/442 716/1368/447
f 895/1552/732 904/1561/734 906/1562/732
f 716/1368/448 905/1563/735 904/1561/736
f 904/1561/736 905/1563/735 907/1564/737
f 904/1561/736 907/1564/737 906/1562/737
f 905/1563/454 908/1565/738 907/1564/738
f 909/1566/739 907/1564/740 908/1565/740
f 909/1566/739 906/1562/739 907/1564/740
f 910/1567/336 906/1562/739 909/1566/739
f 910/1567/336 909/1566/739 911/1568/741
f 724/1375/456 909/1566/742 908/1565/742
f 724/1375/460 911/1568/743 909/1566/743
f 910/1567/336 911/1568/741 912/1569/336
f 912/1570/336 911/1571/741 914/1572/741
f 724/1375/460 725/1376/459 911/1568/743
f 725/1383/467 913/1573/744 911/1571/745
f 911/1571/741 913/1573/746 915/1574/746
f 911/1571/741 915/1574/746 914/1572/741
f 916/1575/747 914/1572/748 915/1574/749
f 916/1575/747 915/1574/749 917/1576/750
f 728/1382/751 915/1574/752 913/1573/752
f 728/1382/751 917/1576/753 915/1574/752
f 737/1392/477 916/1575/747 917/1576/750
f 737/1392/477 917/1576/750 732/1387/754
f 729/1384/473 732/1387/472 917/1576/753
f 729/1384/473 917/1576/753 728/1382/751
f 916/1575/755 918/1577/756 914/1572/756
f 916/1575/755 739/1394/484 918/1577/756
f 737/1392/480 739/1394/484 916/1575/755
f 919/1578/336 914/1572/741 918/1577/757
f 919/1578/336 918/1577/757 920/1579/336
f 920/1579/336 918/1577/757 922/1580/758
f 739/1394/486 921/1581/759 918/1577/760
f 918/1577/757 921/1581/761 923/1582/761
f 918/1577/757 923/1582/761 922/1580/758
f 924/1583/762 922/1580/763 923/1582/764
f 924/1583/762 923/1582/764 925/1584/765
f 740/1395/766 923/1582/767 921/1581/767
f 740/1395/766 925/1584/768 923/1582/767
f 749/1404/495 924/1583/762 925/1584/765
f 749/1404/495 925/1584/765 744/1399/769
f 741/1396/491 744/1399/490 925/1584/768
f 741/1396/491 925/1584/768 740/1395/766
f 749/1404/498 751/1405/499 924/1583/770
f 924/1583/770 751/1405/499 926/1585/771
f 924/1583/770 926/1585/771 922/1580/771
f 927/1586/336 922/1580/758 926/1585/772
f 927/1586/336 926/1585/772 928/1587/336
f 928/1587/336 926/1585/772 930/1588/773
f 751/1405/502 929/1589/774 926/1585/775
f 926/1585/772 929/1589/776 931/1590/776
f 926/1585/772 931/1590/776 930/1588/773
f 752/1406/777 931/1590/778 929/1589/778
f 752/1406/777 932/1591/779 931/1590/778
f 933/1592/780 931/1590/781 932/1591/782
f 933/1592/780 930/1588/783 931/1590/781
f 761/1416/514 933/1592/780 932/1591/782
f 761/1416/517 763/1417/518 933/1592/784
f 933/1592/784 934/1593/785 930/1588/785
f 933/1592/784 763/1417/518 934/1593/785
f 935/1594/336 930/1588/773 934/1593/786
f 935/1594/336 934/1593/786 936/1595/336
f 936/1595/336 934/1593/786 937/1596/787
f 934/1593/786 768/1422/788 937/1596/787
f 934/1593/786 767/1421/788 768/1422/788
f 763/1417/521 767/1421/524 934/1593/789
f 936/1595/336 937/1596/787 938/1597/336
f 938/1597/336 937/1596/787 791/1445/563
f 770/1425/530 937/1596/790 768/1422/532
f 770/1425/537 791/1445/791 937/1596/791
f 938/1597/336 791/1445/563 794/1448/336
f 961/1657/336 896/1554/336 895/1552/713
f 910/1567/336 961/1657/336 906/1562/739
f 961/1657/336 895/1552/713 906/1562/739
f 968/1681/336 798/1452/570 969/1682/803
f 797/1451/336 798/1452/570 968/1681/336
f 968/1681/336 969/1682/803 970/1683/336
f 970/1683/336 969/1682/803 971/1685/803
f 970/1683/336 971/1685/803 973/1687/336
f 973/1687/336 975/1689/804 974/1690/336
f 973/1687/336 971/1685/803 975/1689/804
f 989/1716/336 987/1717/336 988/1718/809
f 987/1719/336 990/1720/804 988/1721/809
f 987/1719/336 981/1722/336 990/1720/804
f 974/1690/336 975/1689/804 990/1720/804
f 975/1689/804 992/1724/810 990/1720/804
f 990/1720/811 991/1725/812 988/1721/811
f 974/1690/336 990/1720/804 981/1722/336
f 990/1720/811 993/1726/813 991/1725/812
f 993/1726/814 990/1720/815 992/1724/815
f 833/1487/628 993/1726/814 994/1727/814
f 993/1726/814 992/1724/815 994/1727/814
f 993/1726/813 833/1487/632 840/1497/634
f 993/1726/813 840/1497/634 991/1725/812
f 995/1728/816 829/1483/817 994/1727/817
f 995/1728/816 994/1727/817 992/1724/816
f 830/1485/626 834/1488/626 994/1727/817
f 833/1487/628 994/1727/814 834/1488/628
f 830/1485/626 994/1727/817 829/1483/817
f 975/1689/804 995/1728/810 992/1724/810
f 826/1480/621 829/1483/621 995/1728/818
f 826/1480/621 995/1728/818 975/1689/818
f 991/1729/819 996/1730/820 988/1718/821
f 840/1498/635 997/1731/822 991/1729/819
f 991/1729/819 997/1731/822 996/1730/820
f 840/1498/635 999/1732/823 997/1731/822
f 996/1730/824 997/1731/825 998/1733/826
f 997/1731/825 1000/1734/827 998/1733/826
f 997/1731/825 999/1732/828 1000/1734/827
f 845/1503/642 1000/1734/829 842/1500/643
f 999/1732/828 842/1500/830 1000/1734/827
f 845/1503/642 998/1733/831 1000/1734/829
f 999/1732/828 841/1499/830 842/1500/830
f 840/1498/635 841/1499/637 999/1732/823
f 845/1503/642 1001/1735/832 998/1733/831
f 1001/1735/832 1002/1736/833 998/1733/831
f 996/1730/824 998/1733/826 1002/1736/824
f 1001/1735/832 1003/1737/834 1002/1736/833
f 1003/1737/835 996/1730/836 1002/1736/836
f 1003/1737/835 988/1718/809 996/1730/836
f 989/1716/336 988/1718/809 1003/1737/835
f 1004/1738/336 989/1716/336 1003/1737/835
f 1004/1738/336 1003/1737/835 1005/1739/837
f 1003/1737/838 1006/1740/839 1005/1739/840
f 1003/1737/838 1001/1735/841 1006/1740/839
f 1006/1740/842 1007/1741/843 1005/1739/844
f 1001/1735/841 848/1506/645 1006/1740/839
f 848/1506/646 1008/1742/845 1006/1740/842
f 1006/1740/842 1008/1742/845 1007/1741/843
f 1007/1741/846 1008/1742/847 1009/1743/848
f 1008/1742/847 1011/1744/849 1009/1743/848
f 848/1506/646 1010/1745/850 1008/1742/845
f 1008/1742/847 1010/1745/851 1011/1744/849
f 853/1511/653 1011/1744/653 850/1508/654
f 853/1511/653 1009/1743/852 1011/1744/653
f 1010/1745/851 850/1508/853 1011/1744/849
f 1010/1745/851 849/1507/853 850/1508/853
f 848/1506/646 849/1507/648 1010/1745/850
f 853/1511/653 1012/1746/854 1009/1743/852
f 1012/1746/854 1013/1747/855 1009/1743/852
f 1007/1741/846 1009/1743/848 1013/1747/846
f 1012/1746/854 1014/1748/856 1013/1747/855
f 1014/1748/837 1007/1741/857 1013/1747/857
f 1014/1748/837 1005/1739/837 1007/1741/857
f 1017/1749/336 1005/1739/837 1014/1748/837
f 1015/1750/336 1017/1749/336 1014/1748/837
f 1015/1750/336 1014/1748/837 1016/1751/858
f 1014/1748/859 1018/1752/860 1016/1751/859
f 1014/1748/859 1012/1746/861 1018/1752/860
f 1018/1752/862 1019/1753/863 1016/1751/864
f 1012/1746/861 856/1514/656 1018/1752/860
f 856/1514/657 1020/1754/865 1018/1752/862
f 1018/1752/862 1020/1754/865 1019/1753/863
f 1019/1753/866 1020/1754/867 1022/1755/868
f 856/1514/657 1021/1756/869 1020/1754/865
f 1020/1754/867 1021/1756/870 1023/1757/871
f 1020/1754/867 1023/1757/871 1022/1755/868
f 861/1519/664 1023/1757/872 858/1516/665
f 861/1519/664 1022/1755/873 1023/1757/872
f 1021/1756/870 858/1516/874 1023/1757/871
f 861/1519/664 1024/1758/875 1022/1755/873
f 1024/1758/875 1025/1759/876 1022/1755/873
f 1019/1753/866 1022/1755/868 1025/1759/866
f 1024/1758/875 1026/1760/877 1025/1759/876
f 1026/1760/858 1019/1753/878 1025/1759/878
f 1026/1760/858 1016/1751/858 1019/1753/878
f 1029/1761/336 1016/1751/858 1026/1760/858
f 1027/1762/336 1029/1761/336 1026/1760/858
f 1027/1762/336 1026/1760/858 1028/1763/879
f 1026/1760/880 1030/1764/881 1028/1763/882
f 1026/1760/880 1024/1758/883 1030/1764/881
f 1024/1758/883 864/1522/668 1030/1764/881
f 864/1522/669 1031/1765/884 1030/1764/885
f 1030/1764/885 1031/1765/884 1032/1766/886
f 1030/1764/885 1032/1766/886 1028/1763/887
f 1032/1766/888 1034/1767/889 1033/1768/888
f 1035/1769/890 1032/1766/891 1033/1768/891
f 1032/1766/888 1031/1765/892 1034/1767/889
f 1035/1769/890 1028/1763/879 1032/1766/891
f 1038/1770/336 1028/1763/879 1035/1769/890
f 1036/1771/336 1038/1770/336 1035/1769/890
f 1036/1771/336 1035/1769/890 1037/1772/893
f 1035/1769/894 1039/1773/895 1037/1772/894
f 1040/1774/896 1035/1769/897 1033/1768/898
f 1035/1769/894 1040/1774/899 1039/1773/895
f 1040/1774/899 872/1530/680 1039/1773/895
f 1040/1774/899 869/1527/674 872/1530/680
f 869/1527/676 1040/1774/896 1034/1767/900
f 1040/1774/896 1033/1768/898 1034/1767/900
f 1039/1773/901 1041/1775/902 1037/1772/903
f 872/1530/681 1042/1776/904 1039/1773/901
f 1039/1773/901 1042/1776/904 1041/1775/902
f 872/1530/681 1043/1777/905 1042/1776/904
f 1042/1776/906 1043/1777/907 1045/1778/908
f 1041/1775/909 1042/1776/906 1044/1779/910
f 1042/1776/906 1045/1778/908 1044/1779/910
f 877/1535/688 1045/1778/911 874/1532/689
f 1043/1777/907 874/1532/912 1045/1778/908
f 877/1535/688 1044/1779/913 1045/1778/911
f 877/1535/688 1046/1780/914 1044/1779/913
f 1046/1780/914 1047/1781/915 1044/1779/913
f 1041/1775/909 1044/1779/910 1047/1781/909
f 1046/1780/914 1048/1782/916 1047/1781/915
f 1048/1782/917 1041/1775/918 1047/1781/918
f 1048/1782/917 1037/1772/893 1041/1775/918
f 1050/1783/336 1037/1772/893 1048/1782/917
f 1049/1784/336 1050/1783/336 1048/1782/917
f 1049/1784/336 1048/1782/917 890/1547/712
f 1048/1782/919 1051/1785/920 890/1547/919
f 1048/1782/919 1046/1780/921 1051/1785/920
f 1051/1785/922 887/1545/923 890/1547/924
f 1046/1780/921 879/1536/691 1051/1785/920
f 879/1536/692 884/1541/925 1051/1785/922
f 1051/1785/922 884/1541/925 887/1545/923
f 1050/1783/336 1036/1771/336 1037/1772/893
f 892/1548/336 1049/1784/336 890/1547/712
f 1046/1780/921 877/1535/686 879/1536/691
f 1043/1777/907 873/1531/912 874/1532/912
f 872/1530/681 873/1531/683 1043/1777/905
f 1038/1770/336 1027/1762/336 1028/1763/879
f 869/1527/676 1034/1767/900 1071/1845/676
f 1031/1765/892 1071/1845/933 1034/1767/889
f 1031/1765/892 1072/1846/934 1071/1845/933
f 869/1527/676 1071/1845/676 866/1524/677
f 1072/1846/934 866/1524/935 1071/1845/933
f 864/1522/669 1072/1846/936 1031/1765/884
f 864/1522/669 865/1523/671 1072/1846/936
f 1072/1846/934 865/1523/935 866/1524/935
f 1029/1761/336 1015/1750/336 1016/1751/858
f 1024/1758/883 861/1519/662 864/1522/668
f 1021/1756/870 857/1515/874 858/1516/874
f 856/1514/657 857/1515/659 1021/1756/869
f 1017/1749/336 1004/1738/336 1005/1739/837
f 1012/1746/861 853/1511/651 856/1514/656
f 1001/1735/841 845/1503/640 848/1506/645
f 837/1490/302 828/1482/624 1073/1850/302
f 1073/1850/302 818/1472/600 817/1471/302
f 1073/1850/302 828/1482/624 818/1472/600
f 825/1479/616 975/1689/937 971/1685/937
f 825/1479/616 826/1480/615 975/1689/937
f 969/1682/803 1075/1856/938 971/1685/803
f 825/1479/613 971/1685/939 1075/1856/940
f 969/1682/803 1076/1857/938 1075/1856/938
f 1077/1858/941 1075/1856/942 1076/1857/942
f 1077/1858/941 823/1477/608 1075/1856/942
f 825/1479/613 1075/1856/940 823/1477/610
f 815/1470/602 821/1474/602 1077/1858/943
f 821/1474/607 823/1477/608 1077/1858/941
f 1078/1859/944 1077/1858/943 1076/1857/945
f 815/1470/602 1077/1858/943 1078/1859/944
f 814/1469/599 815/1470/598 1078/1859/946
f 814/1469/599 1078/1859/946 1079/1860/947
f 1079/1860/947 1078/1859/946 969/1682/948
f 1078/1859/944 1076/1857/945 969/1682/949
f 814/1469/594 1079/1860/950 804/1459/951
f 1079/1860/950 799/1454/952 804/1459/951
f 1079/1860/950 798/1452/953 799/1454/952
f 1079/1860/947 969/1682/948 798/1452/948
f 1080/1865/302 811/1465/302 806/1460/589
f 780/1434/302 1080/1865/302 781/1435/545
f 1080/1865/302 806/1460/589 781/1435/545
f 928/1587/336 930/1588/773 935/1594/336
f 753/1407/510 756/1411/509 932/1591/779
f 753/1407/510 932/1591/779 752/1406/777
f 761/1416/514 932/1591/782 756/1411/954
f 751/1405/502 752/1406/501 929/1589/774
f 920/1579/336 922/1580/758 927/1586/336
f 739/1394/486 740/1395/485 921/1581/759
f 912/1570/336 914/1572/741 919/1578/336
f 725/1383/467 728/1382/466 913/1573/744
f 724/1375/456 908/1565/742 722/1373/456
f 905/1563/454 722/1373/454 908/1565/738
f 716/1368/448 720/1372/448 905/1563/735
f 720/1372/453 722/1373/454 905/1563/454
f 886/1543/715 708/1360/436 893/1551/716
f 886/1543/715 707/1359/434 708/1360/436
f 879/1536/692 882/1539/955 884/1541/925
f 879/1536/692 880/1537/694 882/1539/955
f 814/1469/594 809/1464/594 808/1463/595
f 814/1469/594 804/1459/951 809/1464/594
f 803/1458/582 809/1464/592 804/1459/583
f 786/1440/586 800/1453/573 788/1442/571
f 770/1425/537 774/1427/536 791/1445/791
f 775/1430/547 789/1444/569 774/1427/566
f 775/1430/547 784/1439/552 789/1444/569
f 786/1440/554 783/1437/556 781/1435/956
f 758/1413/302 777/1431/302 759/1414/511
f 765/1419/957 773/1428/957 771/1426/533
f 765/1419/957 771/1426/533 764/1420/528
f 761/1416/514 756/1411/954 755/1410/515
f 747/1401/302 760/1412/302 748/1402/492
f 749/1404/495 744/1399/769 743/1398/496
f 735/1389/302 746/1400/302 736/1390/474
f 737/1392/477 732/1387/754 731/1386/478
f 734/1867/302 727/1381/469 717/1367/441
f 734/1867/302 717/1367/441 715/1366/302
