# Blender 5.2.2 LTS
# www.blender.org
mtllib Pata_Delantera_Izq.mtl
o Pata_Delantera_Der
v 5.655330 3.282832 2.113564
v 5.655330 3.282832 2.554363
v 5.558422 3.342218 2.554363
v 5.558421 3.342218 2.113564
v 5.681862 3.172317 2.113564
v 5.511960 3.048875 2.113564
v 5.622477 3.075408 2.113564
v 5.681862 3.172317 2.554363
v 5.622477 3.075408 2.554363
v 5.447905 3.315685 2.554363
v 5.415052 3.108260 2.554363
v 5.511961 3.048875 2.554363
v 5.415052 3.108260 2.113564
v 5.388519 3.218777 2.113564
v 5.447905 3.315685 2.113564
v 5.388519 3.218777 2.554363
v 5.244676 3.418308 2.958194
v 2.805466 4.245393 2.986311
v 5.220769 3.356786 2.986311
v 2.824813 4.309182 2.958194
v 5.268583 3.479831 2.986311
v 5.244603 3.418350 2.938993
v 5.273291 3.492177 2.972735
v 5.215915 3.344522 2.972735
v 5.317595 3.366174 2.938993
v 5.204032 3.313943 3.054194
v 5.317596 3.262493 2.972735
v 5.317596 3.219548 3.054194
v 5.317596 3.262493 3.135653
v 5.215915 3.344522 3.135653
v 5.317595 3.366174 3.169394
v 5.317596 3.469855 3.135653
v 5.244603 3.418350 3.169394
v 5.244676 3.418308 3.150194
v 5.273291 3.492177 3.135653
v 5.268583 3.479831 3.122076
v 5.317596 3.512800 3.054194
v 5.285174 3.522757 3.054194
v 5.278485 3.505315 3.054194
v 2.844161 4.372971 3.122076
v 2.844161 4.372971 2.986311
v 2.852175 4.399393 3.054194
v 2.946978 4.414064 3.054194
v 2.374447 4.611668 2.949655
v 2.934636 4.373374 2.949655
v 2.934636 4.373374 3.158732
v 2.386789 4.652359 3.054194
v 2.374447 4.611669 3.158732
v 2.344652 4.513433 3.202034
v 2.904841 4.275139 3.202034
v 2.314857 4.415199 3.158732
v 2.875045 4.176907 3.158732
v 2.302515 4.374509 3.054194
v 2.862704 4.136216 3.054194
v 2.875045 4.176906 2.949655
v 2.314857 4.415199 2.949655
v 2.344652 4.513433 2.906354
v 2.904841 4.275139 2.906354
v 2.797452 4.218971 3.054194
v 5.220769 3.356786 3.122076
v 5.210867 3.331303 3.054194
v 2.805466 4.245393 3.122076
v 2.824813 4.309182 3.150194
v 5.317596 3.469855 2.972735
v 5.541370 3.080997 2.714840
v 5.629058 3.080997 2.726385
v 5.541370 2.990998 2.816480
v 5.453682 3.080997 2.726384
v 5.479988 2.990998 2.824561
v 5.541370 3.278435 2.714840
v 5.453682 3.278435 2.726384
v 5.371969 3.278435 2.760231
v 5.541370 3.478436 2.714840
v 5.453682 3.478436 2.726384
v 5.422401 3.478436 2.847581
v 5.371969 3.478436 2.760231
v 5.541370 3.478436 2.815703
v 5.479787 3.478436 2.823811
v 5.541370 3.278435 2.815703
v 5.479787 3.278435 2.823811
v 5.422401 3.278435 2.847581
v 5.541370 3.608435 2.882325
v 5.497030 3.608435 2.888163
v 5.455712 3.608435 2.905277
v 5.627027 3.608435 2.905277
v 5.373123 3.278435 2.885393
v 5.420232 3.608435 2.932503
v 5.420232 3.608435 3.053640
v 5.455712 3.608435 3.202003
v 5.627027 3.608435 3.202003
v 5.541370 3.608435 3.224955
v 5.422401 3.278435 3.259700
v 5.497030 3.608435 3.219118
v 5.420232 3.608435 3.174778
v 5.712684 3.608435 3.053640
v 5.373123 3.278435 3.221887
v 5.315456 3.278435 3.196403
v 5.318711 3.608435 3.156429
v 5.371970 3.278435 3.347050
v 5.301802 3.278435 3.293208
v 5.247960 3.080997 3.223040
v 5.301802 3.080997 3.293208
v 5.247960 3.278435 3.223040
v 5.214114 3.278435 3.141328
v 5.214114 3.080997 3.141328
v 5.202570 3.080997 3.053640
v 5.312291 2.990998 3.115022
v 5.335983 2.990998 3.172220
v 5.312291 2.990998 2.992259
v 5.304210 2.990998 3.053640
v 5.373672 2.990998 3.221338
v 5.602751 2.990998 3.282719
v 5.371970 3.080997 3.347050
v 5.479988 2.990998 3.282719
v 5.422790 2.990998 3.259027
v 5.770449 2.990998 3.115022
v 5.709067 2.990998 2.885943
v 5.880170 3.080997 3.053641
v 5.770449 2.990998 2.992259
v 5.778530 2.990998 3.053640
v 5.868625 3.080997 3.141328
v 5.746756 2.990998 3.172220
v 5.709067 2.990998 3.221338
v 5.659950 2.990998 3.259027
v 5.780937 3.080997 3.293208
v 5.834779 3.080997 3.223040
v 5.710769 3.080997 3.347050
v 5.834779 3.278435 3.223040
v 5.780937 3.278435 3.293208
v 5.747429 3.278435 3.172609
v 5.710769 3.278435 3.347050
v 5.709616 3.278435 3.221887
v 5.662508 3.608435 3.174778
v 5.660338 3.278435 3.259700
v 5.602952 3.278435 3.283470
v 5.585709 3.608435 3.219118
v 5.541370 3.278435 3.291578
v 5.629058 3.278435 3.380896
v 5.541370 3.080997 3.392440
v 5.541370 3.278435 3.392440
v 5.629058 3.080997 3.380896
v 5.541370 2.990998 3.290800
v 5.453682 3.080997 3.380896
v 5.453682 3.278435 3.380896
v 5.453682 3.478436 3.380896
v 5.541370 3.478436 3.392440
v 5.541370 3.478436 3.291578
v 5.479787 3.278435 3.283470
v 5.479787 3.478436 3.283470
v 5.422401 3.478436 3.259700
v 3.999982 3.961436 3.259700
v 3.999982 3.761436 3.259700
v 5.371970 3.478436 3.347050
v 3.999982 3.961436 3.347050
v 3.999982 3.761436 3.347050
v 5.689733 3.608435 3.139298
v 5.771199 3.278435 3.115223
v 5.706847 3.608435 3.097980
v 5.779307 3.278435 3.053641
v 5.771199 3.278435 2.992058
v 5.868625 3.278435 2.965953
v 5.880170 3.278435 3.053641
v 5.868625 3.278435 3.141328
v 5.868625 3.080997 2.965953
v 5.834779 3.278435 2.884240
v 5.834779 3.080997 2.884240
v 5.747429 3.278435 2.934672
v 5.780937 3.278435 2.814072
v 5.710769 3.278435 2.760231
v 5.660338 3.278435 2.847581
v 5.780937 3.080997 2.814072
v 5.709616 3.278435 2.885393
v 5.662508 3.608435 2.932503
v 5.689733 3.608435 2.967983
v 5.706847 3.608435 3.009301
v 5.710769 3.080997 2.760231
v 5.659950 2.990998 2.848253
v 5.602751 2.990998 2.824561
v 5.629058 3.278435 2.726385
v 5.602952 3.278435 2.823811
v 5.585709 3.608435 2.888163
v 5.746756 2.990998 2.935060
v 5.214114 3.080997 2.965953
v 5.247960 3.080997 2.884240
v 5.202570 3.278435 3.053640
v 5.214114 3.278435 2.965953
v 5.315456 3.278435 2.910878
v 5.247960 3.278435 2.884240
v 5.315456 3.278435 2.979741
v 5.315456 3.278435 3.053640
v 5.318711 3.608435 3.000433
v 5.318711 3.608435 2.950852
v 5.318711 3.608435 3.053640
v 5.318711 3.608435 3.106848
v 5.315456 3.278435 3.127540
v 5.301802 3.080997 2.814073
v 5.301802 3.278435 2.814073
v 5.371969 3.080997 2.760231
v 5.422790 2.990998 2.848253
v 5.373672 2.990998 2.885943
v 5.335983 2.990998 2.935060
v 3.999982 3.758435 2.847581
v 3.999982 3.758435 2.760231
v 3.999982 3.958436 2.847581
v 3.999982 3.958436 2.760231
v 2.426167 4.178435 3.347050
v 2.662263 4.101935 3.259700
v 2.426167 4.178435 3.259700
v 2.662263 4.101935 3.347050
v 2.428527 4.175815 3.464414
v 2.428527 4.208562 3.464414
v 2.426167 4.210211 3.347050
v 2.426167 4.546211 3.347050
v 1.926187 4.210211 3.347050
v 1.928548 4.208562 3.464414
v 1.926187 4.546211 3.347050
v 1.855462 4.239504 3.347050
v 1.826167 4.446157 3.347050
v 1.826167 4.310223 3.347050
v 1.857823 4.237854 3.464414
v 1.828528 4.308571 3.464414
v 1.857823 4.520769 3.464414
v 1.828528 4.450018 3.464414
v 1.855462 4.516906 3.347050
v 2.428527 4.550074 3.464414
v 1.928548 4.550074 3.464414
v 2.659902 4.496996 3.464414
v 2.426167 4.578435 3.347050
v 2.428527 4.582375 3.464414
v 2.662263 4.494435 3.347050
v 2.662263 4.494435 3.259700
v 2.426167 4.578435 3.259700
v 4.000141 4.018435 3.347050
v 4.000141 4.018435 3.259700
v 4.000141 3.668436 3.259700
v 4.000141 3.668436 3.347050
v 2.659902 4.098060 3.464414
v 2.426167 4.178435 2.847581
v 2.662263 4.494435 2.847581
v 2.662263 4.101935 2.847581
v 2.426167 4.178435 2.760231
v 2.426167 4.578435 2.847581
v 2.426167 4.578435 2.760231
v 2.428527 4.582374 2.642868
v 2.659902 4.496996 2.642868
v 2.428527 4.550073 2.642868
v 2.662263 4.494435 2.760231
v 2.426167 4.546211 2.760231
v 1.926187 4.546211 2.760231
v 1.928548 4.550073 2.642868
v 1.926187 4.210211 2.760231
v 1.926187 4.378211 2.760231
v 2.426167 4.210211 2.760231
v 2.428527 4.208562 2.642868
v 1.928548 4.208562 2.642868
v 1.857823 4.237854 2.642868
v 1.928548 4.379317 2.642868
v 1.828528 4.450018 2.642868
v 1.857823 4.520768 2.642868
v 1.828528 4.308571 2.642868
v 1.855462 4.239504 2.760231
v 1.826167 4.446157 2.760231
v 1.826167 4.310222 2.760231
v 1.855462 4.516906 2.760231
v 2.659902 4.098059 2.642868
v 2.428527 4.175814 2.642868
v 2.662263 4.101935 2.760231
v 4.000141 4.018435 2.760231
v 4.000141 3.668436 2.760231
v 4.000141 3.668436 2.847581
v 4.000141 4.018435 2.847581
v 5.644948 1.446609 2.389002
v 5.644948 1.446609 2.197002
v 5.471127 1.574829 2.197003
v 5.536129 1.605654 2.389002
v 5.609334 1.532449 2.389002
v 5.471127 1.574829 2.389003
v 5.625169 1.528206 2.389002
v 5.694818 1.423142 2.389002
v 5.709334 1.505654 2.389002
v 5.694818 1.423142 2.197002
v 5.725169 1.509898 2.389002
v 5.744152 1.423139 2.389002
v 5.779732 1.446599 2.389002
v 5.744152 1.423139 2.197002
v 5.709334 1.505654 2.197002
v 5.779732 1.446599 2.197002
v 5.753497 1.517488 2.197002
v 6.394473 2.285455 2.197002
v 5.809333 1.532449 2.197002
v 5.882538 1.605654 2.197002
v 5.909333 1.705655 2.197002
v 6.046830 2.541892 2.197002
v 5.882538 1.805655 2.197002
v 5.809333 1.878860 2.197002
v 5.709334 1.905655 2.197002
v 5.609334 1.878860 2.197002
v 5.432089 1.703036 2.197003
v 5.536129 1.805655 2.197003
v 5.509334 1.705655 2.197003
v 5.536129 1.605654 2.197003
v 5.434085 1.615470 2.197003
v 5.609334 1.532449 2.197002
v 5.419797 1.662398 2.197003
v 5.419797 1.662398 2.389003
v 5.434085 1.615470 2.389003
v 5.432089 1.703036 2.389003
v 6.046830 2.541892 2.389002
v 5.509334 1.705655 2.389002
v 5.536129 1.805655 2.389002
v 5.609334 1.878860 2.389002
v 6.394473 2.285455 2.389002
v 5.709334 1.905655 2.389002
v 5.809333 1.878860 2.389002
v 5.882538 1.805655 2.389002
v 5.909333 1.705655 2.389002
v 5.882538 1.605654 2.389002
v 5.809333 1.532449 2.389002
v 6.554163 2.503162 2.197002
v 6.554163 2.503162 2.389002
v 6.584198 2.605269 2.389002
v 6.584198 2.605269 2.197002
v 6.547966 2.722962 2.389002
v 6.455176 2.824704 2.197002
v 6.547966 2.722962 2.197002
v 6.455176 2.824704 2.389002
v 6.324811 2.920868 2.389002
v 6.324811 2.920868 2.197002
v 5.648295 3.415406 2.389002
v 5.509304 3.225918 2.197002
v 5.648295 3.415406 2.197002
v 5.446694 3.414459 2.197003
v 5.310662 3.229005 2.197003
v 5.446694 3.414459 2.389003
v 5.310662 3.229005 2.389003
v 5.509304 3.225918 2.389002
v 5.370314 3.036429 2.389003
v 5.292676 3.167789 2.389003
v 5.314510 3.097301 2.389003
v 5.314509 3.097301 2.197003
v 5.292676 3.167789 2.197003
v 5.370314 3.036429 2.197003
v 5.541371 3.107512 3.489860
v 5.541371 3.281928 3.489860
v 5.431762 3.107512 3.475429
v 5.650981 3.281928 3.475429
v 5.650981 3.107512 3.475429
v 5.840831 3.107512 3.365819
v 5.753121 3.107512 3.433121
v 5.753121 3.281928 3.433121
v 5.241912 3.107512 3.365820
v 5.950441 3.107512 3.175969
v 5.453683 3.107512 3.393616
v 5.541371 3.107512 3.405160
v 5.629059 3.107512 3.393616
v 5.710771 3.107512 3.359769
v 5.780939 3.107512 3.305928
v 5.834781 3.107512 3.235760
v 5.868627 3.107512 3.154048
v 5.880171 3.107512 3.066360
v 5.868627 3.107512 2.978672
v 5.834780 3.107512 2.896960
v 5.840830 3.107512 2.766900
v 5.650981 3.107512 2.657290
v 5.753121 3.107512 2.699598
v 5.753121 3.281928 2.699598
v 5.840830 3.281928 2.766900
v 5.908133 3.107512 2.854609
v 5.950441 3.107512 2.956750
v 5.431761 3.107512 2.657290
v 5.629059 3.107512 2.739104
v 5.710771 3.107512 2.772951
v 5.780939 3.107512 2.826792
v 5.541371 3.107512 2.727560
v 5.453683 3.107512 2.739104
v 5.371971 3.107512 2.772951
v 5.301803 3.107512 2.826792
v 5.132302 3.107512 2.956750
v 5.132302 3.107512 3.175970
v 5.117871 3.107512 3.066360
v 5.117871 3.281928 3.066360
v 5.132302 3.281928 2.956750
v 5.174609 3.107512 2.854610
v 5.214115 3.107512 3.154048
v 5.202571 3.107512 3.066360
v 5.214115 3.107512 2.978672
v 5.247962 3.107512 2.896960
v 5.241912 3.107512 2.766900
v 5.174609 3.281928 2.854610
v 5.241912 3.281928 2.766900
v 5.329621 3.107512 2.699598
v 5.329621 3.281928 2.699598
v 5.431761 3.281928 2.657290
v 5.541371 3.281928 2.642860
v 5.247962 3.281928 2.896960
v 5.301803 3.281928 2.826792
v 5.371971 3.281928 2.772951
v 5.453683 3.281928 2.739104
v 5.541371 3.281928 2.727560
v 5.629059 3.281928 2.739104
v 5.710771 3.281928 2.772951
v 5.780939 3.281928 2.826792
v 5.834780 3.281928 2.896960
v 5.868627 3.281928 2.978672
v 5.964872 3.281928 3.066360
v 5.908133 3.281928 2.854609
v 5.950441 3.281928 2.956750
v 5.964872 3.107512 3.066360
v 5.950441 3.281928 3.175969
v 5.908133 3.281928 3.278110
v 5.834781 3.281928 3.235760
v 5.868627 3.281928 3.154048
v 5.880171 3.281928 3.066360
v 5.780939 3.281928 3.305928
v 5.710771 3.281928 3.359769
v 5.629059 3.281928 3.393616
v 5.541371 3.281928 3.405160
v 5.329621 3.281928 3.433121
v 5.431762 3.281928 3.475429
v 5.329621 3.107512 3.433121
v 5.241912 3.281928 3.365820
v 5.371971 3.281928 3.359770
v 5.453683 3.281928 3.393616
v 5.301804 3.281928 3.305928
v 5.247962 3.281928 3.235760
v 5.214115 3.281928 3.154048
v 5.202571 3.281928 3.066360
v 5.214115 3.281928 2.978672
v 5.132302 3.281928 3.175970
v 5.174610 3.281928 3.278110
v 5.174610 3.107512 3.278110
v 5.908133 3.107512 3.278110
v 5.840831 3.281928 3.365819
v 5.541371 3.281928 2.552480
v 5.650981 3.281928 2.552480
v 5.431761 3.281928 2.552480
v 5.650981 3.281928 2.657290
v 5.431761 3.107512 2.552480
v 5.541371 3.107512 2.642860
v 5.541371 3.107512 2.552480
v 5.650981 3.107512 2.552480
v 5.247962 3.107512 3.235760
v 5.301804 3.107512 3.305928
v 5.371971 3.107512 3.359770
vn 0.9724 0.2334 -0.0000
vn 0.5225 0.8526 -0.0000
vn -0.0000 -0.0000 -1.0000
vn 0.8526 -0.5225 -0.0000
vn -0.0000 -0.0000 1.0000
vn 0.2334 -0.9724 -0.0000
vn -0.5225 -0.8526 -0.0000
vn -0.9724 -0.2334 -0.0000
vn -0.9724 -0.2335 -0.0000
vn -0.8526 0.5225 -0.0000
vn -0.2334 0.9724 -0.0000
vn -0.1345 -0.3653 -0.9211
vn -0.1345 -0.3652 -0.9211
vn -0.1353 -0.3678 -0.9200
vn -0.1353 -0.3679 -0.9200
vn -0.9321 0.3622 0.0043
vn -0.9310 0.3651 0.0031
vn -0.9309 0.3651 0.0030
vn 0.1346 0.3653 -0.9211
vn 0.1354 0.3678 -0.9200
vn -0.9332 0.3593 0.0030
vn -0.9332 0.3593 0.0031
vn -0.2382 -0.3139 -0.9191
vn -0.2341 -0.3274 -0.9154
vn -0.2389 -0.3113 -0.9198
vn -0.2422 -0.3003 -0.9226
vn -0.5885 -0.7215 -0.3648
vn -0.5862 -0.7266 -0.3583
vn -0.5903 -0.7174 -0.3699
vn -0.9305 0.3663 -0.0000
vn -0.5924 -0.7127 -0.3757
vn -0.5903 -0.7174 0.3700
vn -0.5885 -0.7215 0.3648
vn -0.5924 -0.7127 0.3757
vn -0.5903 -0.7174 0.3699
vn -0.5862 -0.7266 0.3583
vn -0.2389 -0.3113 0.9198
vn -0.2382 -0.3139 0.9191
vn -0.2422 -0.3002 0.9226
vn 0.1945 0.3296 0.9239
vn 0.2043 0.3172 0.9261
vn 0.2160 0.3022 0.9285
vn -0.2341 -0.3274 0.9154
vn -0.9321 0.3622 -0.0043
vn -0.9310 0.3651 -0.0031
vn -0.9332 0.3593 -0.0031
vn 0.1770 0.3514 0.9193
vn -0.9332 0.3593 -0.0030
vn -0.9337 0.3581 -0.0000
vn 0.3154 0.8649 0.3905
vn 0.2724 0.8870 0.3727
vn 0.3773 0.8279 0.4149
vn 0.3156 0.8648 0.3906
vn 0.3775 0.8279 0.4149
vn 0.4071 0.8080 0.4260
vn 0.3775 0.8279 -0.4149
vn 0.2724 0.8870 -0.3727
vn 0.3154 0.8649 -0.3905
vn 0.3204 0.8694 -0.3762
vn 0.3207 0.8704 -0.3736
vn 0.3207 0.8704 -0.3735
vn 0.3207 0.8704 0.3736
vn 0.3204 0.8694 0.3762
vn 0.1436 -0.9279 0.3442
vn 0.1436 -0.9279 -0.3442
vn 0.3629 0.8531 -0.3749
vn 0.3629 0.8531 0.3749
vn 0.1436 -0.9278 -0.3442
vn 0.1529 0.3594 0.9206
vn -0.1529 -0.3594 0.9206
vn -0.3629 -0.8531 0.3749
vn -0.3629 -0.8531 -0.3749
vn -0.1529 -0.3594 -0.9206
vn 0.5860 0.1714 0.7920
vn 0.3346 -0.4632 0.8207
vn 0.1529 0.3594 -0.9206
vn 0.7449 0.5873 0.3165
vn -0.3199 -0.8696 -0.3762
vn -0.3202 -0.8706 -0.3736
vn 0.7449 0.5873 -0.3165
vn -0.3202 -0.8706 0.3736
vn -0.3199 -0.8696 0.3762
vn -0.3202 -0.8706 0.3735
vn -0.3202 -0.8706 -0.3735
vn -0.1353 -0.3678 0.9200
vn -0.1345 -0.3653 0.9211
vn -0.1353 -0.3679 0.9200
vn 0.5860 0.1714 -0.7920
vn 0.1354 0.3678 0.9200
vn 0.1345 0.3652 0.9211
vn 0.1346 0.3653 0.9211
vn 0.3346 -0.4632 -0.8207
vn -0.9309 0.3651 -0.0030
vn 0.1345 0.3652 -0.9211
vn 0.4071 0.8080 -0.4260
vn 0.2043 0.3172 -0.9261
vn 0.1945 0.3296 -0.9239
vn 0.2160 0.3022 -0.9285
vn 0.1770 0.3514 -0.9193
vn -0.0438 -0.0000 -0.9990
vn 0.2588 -0.0000 -0.9659
vn 0.1716 -0.7487 -0.6403
vn -0.0000 -0.7487 -0.6629
vn -0.1716 -0.7487 -0.6403
vn -0.2588 -0.0000 -0.9659
vn -0.1305 -0.0000 -0.9914
vn -0.3722 -0.0000 -0.9282
vn -0.0000 1.0000 -0.0000
vn 0.1239 0.9897 -0.0715
vn 0.1886 0.9764 -0.1056
vn -0.1762 -0.0000 -0.9844
vn 0.1305 -0.0000 0.9914
vn 0.2588 -0.0000 0.9659
vn 0.1767 -0.0000 0.9843
vn -0.2537 0.1979 -0.9468
vn -0.0000 0.1979 -0.9802
vn 0.2176 -0.0000 0.9760
vn -0.4901 0.1979 -0.8489
vn -0.0000 1.0000 -0.0001
vn -0.4804 0.1605 -0.8622
vn -0.4069 0.1858 -0.8944
vn -0.0000 1.0000 0.0001
vn -0.4804 0.1605 0.8622
vn -0.4901 0.1979 0.8489
vn -0.2537 0.1979 0.9468
vn -0.4069 0.1858 0.8944
vn -0.2029 0.1582 0.9663
vn -0.4016 0.1140 0.9087
vn -0.7071 -0.0000 0.7071
vn -0.8660 -0.0000 0.5000
vn -0.3723 -0.0000 0.9281
vn -0.9659 -0.0000 0.2588
vn -0.5741 -0.7487 0.3315
vn -0.6403 -0.7487 0.1716
vn -1.0000 -0.0000 -0.0000
vn -0.6629 -0.7487 -0.0000
vn -0.0000 -1.0000 -0.0000
vn -0.4688 -0.7487 0.4688
vn -0.3315 -0.7487 0.5741
vn 0.6629 -0.7487 -0.0000
vn 0.6404 -0.7487 0.1716
vn 0.6403 -0.7487 0.1716
vn 0.5741 -0.7487 0.3315
vn 0.4688 -0.7487 0.4688
vn 0.3315 -0.7487 0.5741
vn 0.8660 -0.0000 0.5000
vn 0.7071 -0.0000 0.7071
vn 0.5000 -0.0000 0.8660
vn 0.8489 0.1979 0.4901
vn 0.6931 0.1979 0.6931
vn 0.4901 0.1979 0.8489
vn 0.2537 0.1979 0.9468
vn -0.0000 0.1979 0.9802
vn -0.0438 -0.0000 0.9990
vn 0.1716 -0.7487 0.6403
vn -0.0000 -0.7487 0.6629
vn -0.1716 -0.7487 0.6403
vn -0.2588 -0.0000 0.9659
vn 1.0000 -0.0000 -0.0000
vn -0.1305 -0.0000 0.9914
vn 0.1305 -0.0000 -0.9914
vn 0.2177 -0.0000 -0.9760
vn 0.1766 -0.0000 -0.9843
vn 0.1246 0.9896 0.0720
vn 0.1897 0.9761 0.1062
vn 0.3317 0.9434 0.0071
vn -0.1761 -0.0000 0.9844
vn -0.1759 -0.0000 0.9844
vn 0.3321 0.9433 -0.0000
vn -0.3167 -0.9318 -0.1771
vn -0.3321 -0.9433 -0.0000
vn -0.3317 -0.9434 -0.0071
vn -0.3167 -0.9318 -0.1773
vn -0.3317 -0.9434 -0.0073
vn -0.3161 -0.9310 -0.1825
vn -0.5000 -0.0000 0.8660
vn 0.9468 0.1979 0.2537
vn 0.9802 0.1979 -0.0000
vn 0.9468 0.1979 -0.2537
vn 0.9659 -0.0000 0.2588
vn 0.9659 -0.0000 -0.2588
vn 0.8660 -0.0000 -0.5000
vn 0.7071 -0.0000 -0.7071
vn 0.5000 -0.0000 -0.8660
vn 0.6931 0.1979 -0.6931
vn 0.4901 0.1979 -0.8489
vn 0.8489 0.1979 -0.4901
vn 0.4688 -0.7487 -0.4688
vn 0.3315 -0.7487 -0.5741
vn 0.5741 -0.7487 -0.3315
vn 0.2537 0.1979 -0.9468
vn 0.6403 -0.7487 -0.1716
vn 0.6404 -0.7487 -0.1716
vn -0.6403 -0.7487 -0.1716
vn -0.6404 -0.7487 -0.1716
vn -0.9659 -0.0000 -0.2588
vn -0.8660 -0.0000 -0.5000
vn -0.5741 -0.7487 -0.3315
vn -1.0000 0.0099 -0.0000
vn -0.4016 0.1140 -0.9087
vn -0.2029 0.1582 -0.9663
vn -0.7071 -0.0000 -0.7071
vn -0.5000 -0.0000 -0.8660
vn -0.4688 -0.7487 -0.4688
vn -0.3315 -0.7487 -0.5741
vn -0.3150 -0.9326 0.1763
vn -0.3144 -0.9318 0.1815
vn -0.3298 -0.9440 0.0071
vn -0.3302 -0.9439 -0.0000
vn 0.1763 -0.0000 0.9843
vn 0.3298 0.9440 -0.0073
vn 0.1888 0.9763 -0.1054
vn 0.3302 0.9439 -0.0000
vn 0.3298 0.9440 -0.0071
vn -0.3082 -0.9513 -0.0000
vn -0.3107 -0.9505 -0.0104
vn -0.3082 -0.9513 -0.0075
vn -0.3111 -0.9502 -0.0214
vn -0.9998 -0.0000 0.0201
vn -0.0000 -0.9999 -0.0140
vn -0.1923 -0.9813 -0.0099
vn -0.1978 -0.9802 -0.0098
vn -0.3826 -0.9239 -0.0053
vn -0.3827 -0.9239 -0.0053
vn -0.9238 -0.3827 0.0132
vn -0.9802 -0.1972 0.0169
vn -0.9811 -0.1929 0.0170
vn -0.9798 0.1994 0.0131
vn -0.9816 0.1906 0.0135
vn -0.9239 0.3826 0.0060
vn -0.3827 0.9236 -0.0227
vn -0.1983 0.9797 -0.0283
vn -0.1919 0.9810 -0.0284
vn -0.0000 0.9995 -0.0329
vn 0.3391 0.9406 -0.0158
vn 0.3459 0.9375 -0.0384
vn 0.3382 0.9409 -0.0206
vn 0.3352 0.9421 -0.0000
vn 0.3352 0.9421 -0.0046
vn 0.3391 0.9406 -0.0157
vn 0.9998 -0.0000 0.0201
vn -0.3183 -0.9472 -0.0377
vn -0.3082 -0.9513 0.0075
vn 0.3391 0.9406 0.0157
vn 0.3352 0.9421 0.0046
vn -0.9998 -0.0000 -0.0201
vn 0.3382 0.9409 0.0206
vn 0.3459 0.9375 0.0384
vn -0.0000 0.9995 0.0329
vn -0.1919 0.9810 0.0284
vn -0.1983 0.9797 0.0282
vn -0.0000 -0.9999 0.0140
vn -0.1923 -0.9813 0.0099
vn -0.1978 -0.9802 0.0098
vn -0.3826 -0.9239 0.0053
vn -0.9802 -0.1972 -0.0169
vn -0.9238 -0.3827 -0.0132
vn -0.9811 -0.1929 -0.0170
vn -0.9816 0.1906 -0.0135
vn -0.9798 0.1994 -0.0132
vn -0.9239 0.3826 -0.0060
vn -0.3827 0.9236 0.0227
vn -0.3827 -0.9239 0.0053
vn -0.3107 -0.9505 0.0104
vn -0.3111 -0.9502 0.0214
vn -0.3183 -0.9472 0.0377
vn 0.9998 -0.0000 -0.0201
vn -0.2182 -0.9759 -0.0000
vn -0.5122 -0.8589 -0.0000
vn -0.6696 -0.7427 -0.0000
vn -0.6696 -0.7428 -0.0000
vn -0.0001 -1.0000 -0.0000
vn 0.6894 -0.7244 -0.0000
vn 0.5505 -0.8348 -0.0000
vn 0.5505 -0.8349 -0.0000
vn 0.8065 -0.5913 -0.0000
vn 0.0003 -0.0002 -1.0000
vn -0.8947 0.4467 -0.0000
vn -0.9572 0.2895 -0.0000
vn -0.9566 -0.2913 -0.0000
vn -0.8691 -0.4946 -0.0000
vn -0.8692 -0.4945 -0.0000
vn -0.8066 0.5911 -0.0000
vn 0.8963 -0.4435 -0.0000
vn 0.9594 -0.2822 -0.0000
vn 0.8683 0.4960 -0.0000
vn 0.9557 0.2942 -0.0000
vn 0.6695 0.7429 -0.0000
vn 0.6694 0.7429 -0.0000
vn 0.5919 0.8060 -0.0000
vn 0.5901 0.8073 -0.0000
vn -0.0047 1.0000 -0.0000
vn -0.8964 0.4433 -0.0000
vn -0.8063 0.5915 -0.0000
vn -0.6669 -0.7452 -0.0000
vn -0.8672 -0.4979 -0.0000
vn -0.9552 -0.2959 -0.0000
vn -0.9595 0.2819 -0.0000
vn -0.9594 0.2819 -0.0000
vn -0.5901 -0.8073 -0.0000
vn 0.0002 -0.9999 -0.0114
vn -0.0000 -0.9999 0.0149
vn -0.3827 -0.0000 -0.9239
vn -0.0000 0.9998 0.0221
vn -0.0000 0.9999 -0.0148
vn 0.0005 1.0000 -0.0000
vn 0.3827 -0.0000 -0.9239
vt 0.604933 0.549585
vt 0.604933 0.568400
vt 0.531964 0.568400
vt 0.531964 0.587214
vt 0.604933 0.587214
vt 0.511274 0.852424
vt 0.511274 0.823389
vt 0.531804 0.802859
vt 0.581370 0.823389
vt 0.560839 0.802859
vt 0.604933 0.530771
vt 0.531964 0.549585
vt 0.531111 0.804409
vt 0.560146 0.804409
vt 0.580676 0.824939
vt 0.531964 0.530771
vt 0.560146 0.874505
vt 0.510580 0.853974
vt 0.531964 0.511956
vt 0.510580 0.824939
vt 0.604933 0.493142
vt 0.604933 0.511956
vt 0.531964 0.493141
vt 0.581370 0.852424
vt 0.560839 0.872955
vt 0.604933 0.474327
vt 0.531804 0.872955
vt 0.604933 0.455512
vt 0.531964 0.474327
vt 0.531964 0.455512
vt 0.531111 0.874505
vt 0.604933 0.606029
vt 0.531964 0.606029
vt 0.580676 0.853974
vt 0.071802 0.403474
vt 0.085753 0.404133
vt 0.085879 0.981510
vt 0.072027 0.979730
vt 0.167715 0.658318
vt 0.152351 0.661690
vt 0.153748 0.658318
vt 0.099731 0.983290
vt 0.177591 0.648442
vt 0.180963 0.649839
vt 0.169112 0.661690
vt 0.294410 0.628061
vt 0.309410 0.620584
vt 0.316404 0.638658
vt 0.303163 0.654603
vt 0.278832 0.634244
vt 0.140500 0.649839
vt 0.288540 0.664224
vt 0.271053 0.665000
vt 0.262587 0.638365
vt 0.250979 0.659843
vt 0.359108 0.604284
vt 0.366040 0.585149
vt 0.379236 0.599341
vt 0.246051 0.641100
vt 0.153748 0.624599
vt 0.140500 0.633079
vt 0.152351 0.621227
vt 0.169112 0.621227
vt 0.352748 0.595358
vt 0.167715 0.624599
vt 0.180963 0.633078
vt 0.343253 0.611702
vt 0.339204 0.605230
vt 0.177591 0.634475
vt 0.324403 0.613094
vt 0.099703 0.404793
vt 0.113680 0.984027
vt 0.127630 0.404792
vt 0.127630 0.983289
vt 0.113666 0.405066
vt 0.543062 0.923611
vt 0.511467 0.912589
vt 0.537210 0.907906
vt 0.537156 0.891146
vt 0.348697 0.938399
vt 0.348780 0.912589
vt 0.511384 0.938399
vt 0.520480 0.936775
vt 0.348697 0.886778
vt 0.511384 0.886778
vt 0.820237 0.989670
vt 0.657549 0.989670
vt 0.657349 0.963860
vt 0.820037 0.963860
vt 0.657149 0.938050
vt 0.819836 0.938050
vt 0.657066 0.912240
vt 0.819753 0.912240
vt 0.819836 0.886429
vt 0.657149 0.886429
vt 0.348296 0.990018
vt 0.511184 0.964209
vt 0.510984 0.990018
vt 0.348497 0.964209
vt 0.568572 0.944563
vt 0.559766 0.969040
vt 0.537280 0.956369
vt 0.553971 0.936334
vt 0.585097 0.947359
vt 0.585214 0.973346
vt 0.057838 0.403204
vt 0.610623 0.968811
vt 0.601597 0.944414
vt 0.044131 0.979741
vt 0.043874 0.403485
vt 0.058079 0.978995
vt 0.030281 0.981533
vt 0.029923 0.404157
vt 0.616123 0.936055
vt 0.632994 0.955938
vt 0.016430 0.983325
vt 0.015973 0.404828
vt 0.626918 0.923233
vt 0.649618 0.936193
vt 0.143872 0.634475
vt 0.143872 0.648442
vt 0.329650 0.622718
vt 0.994327 0.817174
vt 0.962802 0.831297
vt 0.962802 0.817174
vt 0.141144 0.497956
vt 0.170140 0.518034
vt 0.139172 0.518034
vt 0.171520 0.532089
vt 0.994327 0.803052
vt 0.962802 0.803052
vt 0.141144 0.538112
vt 0.355951 0.674789
vt 0.331741 0.729534
vt 0.331741 0.674789
vt 0.994327 0.788930
vt 0.380161 0.674789
vt 0.355951 0.729534
vt 0.335345 0.756907
vt 0.368770 0.761307
vt 0.352347 0.756907
vt 0.379336 0.735800
vt 0.380161 0.729534
vt 0.304133 0.674789
vt 0.304133 0.729534
vt 0.287130 0.729534
vt 0.287130 0.674789
vt 0.270128 0.729534
vt 0.162255 0.712532
vt 0.228028 0.753951
vt 0.156678 0.725557
vt 0.270128 0.674789
vt 0.168497 0.699813
vt 0.232044 0.744574
vt 0.276515 0.746227
vt 0.286629 0.747559
vt 0.296054 0.751463
vt 0.236539 0.735416
vt 0.256976 0.751463
vt 0.296054 0.819148
vt 0.175388 0.687433
vt 0.241500 0.726502
vt 0.304147 0.757673
vt 0.304147 0.785305
vt 0.237437 0.785305
vt 0.256976 0.819147
vt 0.276515 0.824383
vt 0.286629 0.823051
vt 0.158491 0.932821
vt 0.153362 0.919613
vt 0.225641 0.893672
vt 0.222444 0.883985
vt 0.304147 0.812937
vt 0.229334 0.903182
vt 0.303026 0.871163
vt 0.283061 0.895406
vt 0.287456 0.870483
vt 0.322059 0.870992
vt 0.305232 0.896374
vt 0.236822 0.926542
vt 0.164577 0.949018
vt 0.994327 0.690074
vt 0.994327 0.704196
vt 0.962802 0.704196
vt 0.962802 0.690074
vt 0.326898 0.891571
vt 0.994327 0.675952
vt 0.994327 0.718319
vt 0.962802 0.718319
vt 0.346583 0.881324
vt 0.241907 0.621258
vt 0.221839 0.619191
vt 0.228006 0.588844
vt 0.962802 0.732441
vt 0.202555 0.613260
vt 0.242054 0.590291
vt 0.260245 0.574143
vt 0.246604 0.577798
vt 0.232482 0.577798
vt 0.206610 0.567081
vt 0.218841 0.574143
vt 0.214508 0.584692
vt 0.256115 0.588977
vt 0.261994 0.619382
vt 0.272475 0.481245
vt 0.293177 0.531224
vt 0.282461 0.557095
vt 0.281333 0.613634
vt 0.269652 0.584954
vt 0.272475 0.567081
vt 0.185908 0.517102
vt 0.218840 0.474184
vt 0.246604 0.470528
vt 0.202555 0.422808
vt 0.221839 0.416877
vt 0.228006 0.447224
vt 0.214508 0.451376
vt 0.260245 0.474183
vt 0.242054 0.445777
vt 0.282461 0.491230
vt 0.289522 0.503461
vt 0.261994 0.416686
vt 0.256115 0.447091
vt 0.293177 0.517102
vt 0.269652 0.451114
vt 0.994327 0.930153
vt 0.962802 0.944275
vt 0.962802 0.930153
vt 0.241907 0.414810
vt 0.281333 0.422434
vt 0.994327 0.944275
vt 0.962802 0.958397
vt 0.272936 0.927606
vt 0.265293 0.955115
vt 0.253011 0.939110
vt 0.281561 0.938847
vt 0.994327 0.958397
vt 0.281298 0.967397
vt 0.137404 0.836450
vt 0.214768 0.843977
vt 0.138260 0.850593
vt 0.292802 0.947472
vt 0.215908 0.854115
vt 0.139844 0.864672
vt 0.217571 0.864180
vt 0.305892 0.952894
vt 0.142154 0.878651
vt 0.266401 0.823051
vt 0.219752 0.874145
vt 0.319939 0.954743
vt 0.299937 0.975117
vt 0.145183 0.892492
vt 0.994327 0.972519
vt 0.994327 0.986642
vt 0.962802 0.986642
vt 0.962802 0.972519
vt 0.319939 0.977751
vt 0.299184 0.431833
vt 0.282148 0.457693
vt 0.293126 0.466578
vt 0.314867 0.444525
vt 0.314867 0.591543
vt 0.282148 0.578375
vt 0.293126 0.569490
vt 0.289522 0.544865
vt 0.994327 0.647707
vt 0.962802 0.661830
vt 0.962802 0.647707
vt 0.331923 0.729666
vt 0.304315 0.729666
vt 0.304315 0.674921
vt 0.994327 0.661830
vt 0.356133 0.674921
vt 0.356133 0.729666
vt 0.331923 0.674921
vt 0.352529 0.647548
vt 0.335527 0.647548
vt 0.287312 0.729666
vt 0.287312 0.674921
vt 0.270310 0.729666
vt 0.270310 0.674921
vt 0.368952 0.643148
vt 0.039338 0.273096
vt 0.028445 0.252831
vt 0.371101 0.252831
vt 0.028138 0.379600
vt 0.356037 0.335729
vt 0.370794 0.378897
vt 0.013381 0.336432
vt 0.379518 0.668655
vt 0.380343 0.674921
vt 0.371122 0.272756
vt 0.356017 0.315804
vt 0.024232 0.316144
vt 0.380343 0.729666
vt 0.148922 0.906158
vt 0.962802 0.675952
vt 0.299185 0.604235
vt 0.248883 0.812937
vt 0.242673 0.804844
vt 0.214152 0.833795
vt 0.137280 0.822282
vt 0.238769 0.795419
vt 0.214062 0.823594
vt 0.137888 0.808126
vt 0.214500 0.813402
vt 0.139226 0.794021
vt 0.265665 0.900469
vt 0.245291 0.880467
vt 0.267514 0.886421
vt 0.242657 0.900469
vt 0.245290 0.920471
vt 0.267514 0.914516
vt 0.994327 0.916030
vt 0.962802 0.916030
vt 0.994327 0.901908
vt 0.994327 0.887786
vt 0.962802 0.901908
vt 0.994327 0.873664
vt 0.962802 0.887786
vt 0.253011 0.861828
vt 0.994327 0.859541
vt 0.962802 0.873664
vt 0.272936 0.873331
vt 0.265293 0.845822
vt 0.962802 0.859541
vt 0.281561 0.862091
vt 0.994327 0.845419
vt 0.292802 0.853465
vt 0.281298 0.833540
vt 0.144077 0.766112
vt 0.147576 0.752382
vt 0.221476 0.773266
vt 0.141291 0.780004
vt 0.218956 0.783151
vt 0.216950 0.793154
vt 0.242673 0.765766
vt 0.248883 0.757673
vt 0.215464 0.803246
vt 0.238769 0.775191
vt 0.962802 0.845419
vt 0.156467 0.460838
vt 0.175607 0.490462
vt 0.146983 0.478645
vt 0.169233 0.445217
vt 0.182246 0.477997
vt 0.196624 0.491231
vt 0.206610 0.481245
vt 0.171520 0.503980
vt 0.189563 0.503461
vt 0.994327 0.831297
vt 0.319939 0.846194
vt 0.299937 0.825820
vt 0.319939 0.823187
vt 0.305892 0.848043
vt 0.151780 0.738852
vt 0.224503 0.763524
vt 0.266401 0.747559
vt 0.191182 0.467062
vt 0.202075 0.458074
vt 0.184794 0.432376
vt 0.232481 0.470528
vt 0.184794 0.603692
vt 0.202075 0.577995
vt 0.994327 0.732441
vt 0.962802 0.746563
vt 0.994327 0.746563
vt 0.962802 0.760685
vt 0.169233 0.590852
vt 0.994327 0.760685
vt 0.360434 0.825257
vt 0.381542 0.826450
vt 0.374868 0.847615
vt 0.351179 0.836287
vt 0.362945 0.866331
vt 0.175200 0.973990
vt 0.248430 0.953829
vt 0.180699 0.986916
vt 0.341247 0.848124
vt 0.252120 0.962501
vt 0.185823 0.998961
vt 0.183637 0.672223
vt 0.252120 0.704389
vt 0.327305 0.775191
vt 0.327305 0.765766
vt 0.244471 0.944522
vt 0.327305 0.785305
vt 0.327305 0.795419
vt 0.240512 0.935215
vt 0.327305 0.804844
vt 0.169701 0.961063
vt 0.331314 0.859962
vt 0.962802 0.774808
vt 0.382510 0.804279
vt 0.994327 0.774808
vt 0.357298 0.806484
vt 0.962802 0.788930
vt 0.353925 0.791268
vt 0.377707 0.782613
vt 0.156467 0.575230
vt 0.146983 0.557424
vt 0.175607 0.545607
vt 0.182246 0.558071
vt 0.189563 0.544865
vt 0.185908 0.531224
vt 0.191182 0.569006
vt 0.196624 0.557095
vt 0.027237 0.272773
vt 0.355043 0.316332
vt 0.012606 0.315985
vt 0.023486 0.336257
vt 0.355043 0.336257
vt 0.369674 0.273121
vt 0.038157 0.252523
vt 0.369714 0.253196
vt 0.038551 0.379319
vt 0.370109 0.379319
vt 0.937430 0.723339
vt 0.935261 0.743146
vt 0.878987 0.736985
vt 0.881155 0.717178
vt 0.876765 0.763676
vt 0.869336 0.762890
vt 0.871778 0.736223
vt 0.474764 0.132481
vt 0.588812 0.132482
vt 0.588811 0.209125
vt 0.588811 0.001021
vt 0.589350 0.027795
vt 0.475302 0.027795
vt 0.474764 0.209125
vt 0.458631 0.202443
vt 0.474763 0.001022
vt 0.451948 0.186312
vt 0.451948 0.155304
vt 0.457840 0.027728
vt 0.457302 0.000954
vt 0.440380 0.027718
vt 0.439841 0.000945
vt 0.408116 0.027914
vt 0.408834 0.001132
vt 0.459169 0.099011
vt 0.452487 0.082873
vt 0.452487 0.050608
vt 0.459169 0.034477
vt 0.391369 0.001329
vt 0.390650 0.028110
vt 0.458631 0.139166
vt 0.373906 0.001405
vt 0.589350 0.105696
vt 0.373188 0.028186
vt 0.475302 0.105696
vt 0.835472 0.874525
vt 0.828132 0.874130
vt 0.830450 0.847439
vt 0.893884 0.852332
vt 0.840903 0.841148
vt 0.873627 0.770455
vt 0.837807 0.847835
vt 0.890865 0.898939
vt 0.892452 0.879077
vt 0.833885 0.894386
vt 0.857526 0.982512
vt 0.914063 0.985413
vt 0.324265 0.104617
vt 0.324265 0.124542
vt 0.000348 0.124541
vt 0.000348 0.104616
vt 0.030359 0.208893
vt 0.351026 0.199760
vt 0.404101 0.124543
vt 0.404101 0.104618
vt 0.351594 0.009483
vt 0.030359 0.020265
vt 0.030927 0.000348
vt 0.351027 0.029399
vt 0.956039 0.781802
vt 0.918428 0.863051
vt 0.932111 0.769751
vt 0.895048 0.851037
vt 0.838153 0.845521
vt 0.876891 0.762910
vt 0.933060 0.769976
vt 0.879378 0.743141
vt 0.836230 0.865353
vt 0.893125 0.870869
vt 0.826533 0.891137
vt 0.833846 0.892038
vt 0.889841 0.897450
vt 0.828935 0.864453
vt 0.589171 0.104156
vt 0.589710 0.130942
vt 0.475662 0.130942
vt 0.475123 0.104156
vt 0.475123 0.065834
vt 0.475123 0.027512
vt 0.589171 0.027512
vt 0.872190 0.742210
vt 0.876003 0.715704
vt 0.475662 0.000739
vt 0.589710 0.000738
vt 0.458200 0.000806
vt 0.459529 0.202160
vt 0.475662 0.169892
vt 0.475662 0.208842
vt 0.589710 0.208842
vt 0.452846 0.153764
vt 0.452846 0.186029
vt 0.459529 0.137626
vt 0.440740 0.000816
vt 0.457662 0.027580
vt 0.440201 0.027590
vt 0.409194 0.027402
vt 0.408476 0.000620
vt 0.452308 0.050325
vt 0.452308 0.081333
vt 0.458990 0.034194
vt 0.458990 0.097471
vt 0.391728 0.027205
vt 0.374265 0.027129
vt 0.391010 0.000424
vt 0.373547 0.000348
vt 0.912984 0.985458
vt 0.855531 0.974503
vt 0.835720 0.899164
vt 0.857431 0.981727
vt 0.883411 0.716663
vt 0.935547 0.750207
vt 0.938656 0.723597
vt 0.351594 0.221499
vt 0.030927 0.230633
vt 0.030359 0.210717
vt 0.324265 0.126364
vt 0.351027 0.201582
vt 0.000348 0.126365
vt 0.938656 0.977793
vt 0.915886 0.891205
vt 0.404102 0.106439
vt 0.404102 0.126364
vt 0.324265 0.106439
vt 0.030359 0.022088
vt 0.351026 0.031221
vt 0.000348 0.106440
vt 0.447115 0.525615
vt 0.447115 0.535471
vt 0.412781 0.535471
vt 0.412781 0.574095
vt 0.447115 0.574095
vt 0.664035 0.836051
vt 0.673119 0.839797
vt 0.650242 0.858669
vt 0.654518 0.846571
vt 0.652371 0.847264
vt 0.643519 0.862347
vt 0.640886 0.850941
vt 0.638652 0.850460
vt 0.447115 0.516793
vt 0.412781 0.525615
vt 0.636639 0.862785
vt 0.447115 0.509172
vt 0.412781 0.516793
vt 0.631443 0.859817
vt 0.412781 0.509172
vt 0.646465 0.757291
vt 0.649216 0.771736
vt 0.641330 0.769962
vt 0.655773 0.769248
vt 0.412781 0.323198
vt 0.653842 0.756864
vt 0.663229 0.756133
vt 0.774456 0.658721
vt 0.677342 0.746414
vt 0.684312 0.731957
vt 0.731026 0.608897
vt 0.683109 0.715848
vt 0.673987 0.702396
vt 0.659321 0.695108
vt 0.642943 0.696077
vt 0.609810 0.717537
vt 0.629223 0.705049
vt 0.621807 0.719660
vt 0.622654 0.736008
vt 0.634272 0.764472
vt 0.611576 0.738613
vt 0.631608 0.749796
vt 0.607213 0.731110
vt 0.606566 0.723398
vt 0.412781 0.600293
vt 0.412781 0.592701
vt 0.447115 0.592701
vt 0.447115 0.583929
vt 0.412781 0.583929
vt 0.677874 0.834002
vt 0.679490 0.827514
vt 0.677533 0.822068
vt 0.447115 0.600293
vt 0.447115 0.786267
vt 0.667001 0.822261
vt 0.588510 0.712864
vt 0.662613 0.808774
vt 0.652068 0.799233
vt 0.544588 0.749966
vt 0.638180 0.796150
vt 0.624670 0.800397
vt 0.615122 0.810734
vt 0.612012 0.824374
vt 0.616099 0.837617
vt 0.626831 0.847723
vt 0.447115 0.323198
vt 0.412781 0.274916
vt 0.447115 0.274916
vt 0.521473 0.722452
vt 0.447115 0.255884
vt 0.516590 0.709155
vt 0.412781 0.255884
vt 0.504567 0.258512
vt 0.504567 0.283679
vt 0.465328 0.283679
vt 0.520371 0.693207
vt 0.412639 0.710876
vt 0.446973 0.710876
vt 0.446973 0.735500
vt 0.412639 0.735500
vt 0.465328 0.258512
vt 0.531802 0.678883
vt 0.412639 0.681908
vt 0.548273 0.664970
vt 0.446973 0.681908
vt 0.673401 0.488912
vt 0.785106 0.561500
vt 0.801392 0.580184
vt 0.446973 0.532055
vt 0.412640 0.532055
vt 0.700442 0.465214
vt 0.670297 0.458675
vt 0.412640 0.496003
vt 0.643833 0.481869
vt 0.412640 0.454875
vt 0.446973 0.496004
vt 0.660567 0.591726
vt 0.653904 0.617314
vt 0.633785 0.593367
vt 0.446973 0.454875
vt 0.680257 0.615164
vt 0.674022 0.641261
vt 0.680900 0.632689
vt 0.683182 0.623136
vt 0.446973 0.415503
vt 0.446973 0.430270
vt 0.412640 0.430270
vt 0.446973 0.443465
vt 0.412640 0.443465
vt 0.639117 0.490417
vt 0.640043 0.501669
vt 0.412640 0.415503
vt 0.646361 0.512610
vt 0.446973 0.265650
vt 0.412640 0.265650
vt 0.813393 0.617237
vt 0.811881 0.598457
vt 0.805523 0.631494
vt 0.412781 0.786267
vt 0.627564 0.754032
vt 0.640055 0.747382
vt 0.634379 0.759821
vt 0.504430 0.539570
vt 0.504430 0.564988
vt 0.464329 0.564988
vt 0.464329 0.590407
vt 0.892305 0.668815
vt 0.875118 0.664210
vt 0.859709 0.655313
vt 0.464329 0.539570
vt 0.955275 0.642732
vt 0.927284 0.664210
vt 0.910098 0.668815
vt 0.838231 0.627323
vt 0.504430 0.514152
vt 0.464329 0.514152
vt 0.868008 0.644498
vt 0.908318 0.655300
vt 0.880335 0.651616
vt 0.894084 0.655300
vt 0.922068 0.651616
vt 0.934395 0.644498
vt 0.944460 0.634433
vt 0.951577 0.622106
vt 0.955261 0.608357
vt 0.955261 0.594123
vt 0.964171 0.575157
vt 0.910097 0.533665
vt 0.942693 0.547166
vt 0.955275 0.559748
vt 0.504430 0.310805
vt 0.464329 0.336223
vt 0.464329 0.310805
vt 0.504430 0.336223
vt 0.464329 0.361642
vt 0.968776 0.592343
vt 0.968776 0.610136
vt 0.934395 0.557981
vt 0.944460 0.568046
vt 0.951577 0.580373
vt 0.922067 0.550864
vt 0.908318 0.547180
vt 0.894084 0.547180
vt 0.880335 0.550864
vt 0.847128 0.559748
vt 0.833626 0.592343
vt 0.838231 0.575157
vt 0.464185 0.815989
vt 0.504286 0.790571
vt 0.504286 0.815989
vt 0.464185 0.790571
vt 0.504286 0.765152
vt 0.859709 0.547166
vt 0.875118 0.538270
vt 0.847141 0.594123
vt 0.850825 0.580373
vt 0.857942 0.568046
vt 0.868007 0.557981
vt 0.464185 0.765152
vt 0.504286 0.739734
vt 0.464185 0.739734
vt 0.504286 0.714316
vt 0.892305 0.533665
vt 0.464185 0.714316
vt 0.504286 0.688897
vt 0.927576 0.537517
vt 0.955567 0.558995
vt 0.969068 0.591590
vt 0.942985 0.546413
vt 0.464185 0.688897
vt 0.892597 0.532912
vt 0.910390 0.532912
vt 0.860001 0.546413
vt 0.944752 0.567293
vt 0.908611 0.546427
vt 0.934687 0.557228
vt 0.922360 0.550111
vt 0.894376 0.546427
vt 0.880627 0.550111
vt 0.868300 0.557228
vt 0.858235 0.567293
vt 0.851117 0.579621
vt 0.847433 0.593370
vt 0.833918 0.609383
vt 0.838523 0.574404
vt 0.833918 0.591590
vt 0.504430 0.387060
vt 0.504430 0.412479
vt 0.464329 0.412479
vt 0.464329 0.437897
vt 0.504430 0.437897
vt 0.847420 0.641979
vt 0.838524 0.626570
vt 0.875410 0.663457
vt 0.858235 0.633680
vt 0.851117 0.621353
vt 0.847433 0.607604
vt 0.868300 0.643746
vt 0.880627 0.650863
vt 0.894376 0.654547
vt 0.908611 0.654547
vt 0.942986 0.654560
vt 0.910390 0.668062
vt 0.927576 0.663457
vt 0.504430 0.590407
vt 0.504430 0.615825
vt 0.464329 0.615825
vt 0.464329 0.641244
vt 0.504430 0.641244
vt 0.955567 0.641979
vt 0.934687 0.643746
vt 0.922360 0.650863
vt 0.944752 0.633680
vt 0.951869 0.621353
vt 0.955553 0.607604
vt 0.955553 0.593370
vt 0.969068 0.609383
vt 0.951869 0.579620
vt 0.964463 0.626570
vt 0.504430 0.666662
vt 0.504430 0.692080
vt 0.464329 0.692080
vt 0.464185 0.841407
vt 0.504286 0.841407
vt 0.464329 0.666662
vt 0.833626 0.610136
vt 0.847128 0.642732
vt 0.504430 0.463315
vt 0.464329 0.463315
vt 0.464329 0.488734
vt 0.504430 0.488734
vt 0.860001 0.654560
vt 0.942693 0.655313
vt 0.964171 0.627323
vt 0.464329 0.387060
vt 0.504430 0.361642
vt 0.847420 0.558995
vt 0.724516 0.790003
vt 0.728130 0.753891
vt 0.746989 0.772897
vt 0.708254 0.773614
vt 0.688378 0.793337
vt 0.707237 0.812343
vt 0.875410 0.537517
vt 0.818369 0.702067
vt 0.831137 0.651678
vt 0.849996 0.670684
vt 0.504430 0.285387
vt 0.464329 0.285387
vt 0.759757 0.722508
vt 0.778617 0.741513
vt 0.795896 0.719174
vt 0.779633 0.702785
vt 0.799510 0.683062
vt 0.927284 0.538270
vt 0.964463 0.574404
vt 0.847141 0.608357
vt 0.850825 0.622106
vt 0.857942 0.634433
vt 0.892597 0.668062
s 1
usemtl SpacialRoverExploreralumWhite
f 66/126/102 67/127/103 65/128/103
f 65/128/103 67/127/103 69/129/104
f 65/128/103 69/129/104 68/132/104
f 71/133/105 73/134/106 70/135/100
f 72/137/107 74/138/105 71/133/105
f 71/133/105 74/138/105 73/134/106
f 77/139/108 73/134/108 74/138/108
f 75/140/109 78/141/108 74/138/108
f 75/140/109 74/138/108 76/142/110
f 72/137/107 76/143/111 74/138/105
f 77/139/108 74/138/108 78/141/108
f 79/144/112 77/145/112 78/146/113
f 79/144/112 78/146/113 80/147/113
f 80/147/113 78/146/113 75/148/114
f 80/149/115 82/150/116 79/151/116
f 80/147/113 75/148/114 81/152/117
f 81/153/118 83/154/115 80/149/115
f 80/149/115 83/154/115 82/150/116
f 82/155/108 83/156/119 84/157/108
f 81/153/118 84/158/118 83/154/115
f 85/159/108 82/155/108 84/157/108
f 85/159/108 84/157/108 89/160/108
f 86/161/120 87/162/121 84/158/118
f 86/161/120 84/158/118 81/153/118
f 84/157/108 87/163/108 88/164/108
f 84/157/108 88/164/108 89/160/108
f 89/160/108 95/165/108 85/159/108
f 89/160/108 90/166/108 95/165/108
f 89/160/108 91/167/108 90/166/108
f 89/160/108 93/168/122 91/167/108
f 96/169/123 92/170/124 89/171/124
f 92/170/124 93/172/125 89/171/124
f 88/164/108 94/173/108 89/160/108
f 96/169/123 89/171/124 94/174/126
f 96/175/108 99/176/108 92/177/108
f 97/178/108 100/179/108 96/175/108
f 96/169/123 98/180/127 97/181/128
f 96/169/123 94/174/126 98/180/127
f 96/175/108 100/179/108 99/176/108
f 97/178/108 103/186/108 100/179/108
f 97/178/108 104/190/108 103/186/108
f 101/191/133 105/192/134 107/193/134
f 106/195/136 107/193/134 105/192/134
f 101/191/133 107/193/134 108/196/133
f 111/197/137 108/198/137 107/199/137
f 111/197/137 107/199/137 109/200/137
f 107/199/137 110/201/137 109/200/137
f 106/195/136 110/202/136 107/193/134
f 101/191/133 108/196/133 111/203/138
f 101/191/133 111/203/138 102/204/138
f 116/205/137 112/206/137 111/197/137
f 112/206/137 114/207/137 111/197/137
f 113/208/139 102/204/138 111/203/138
f 113/208/139 111/203/138 115/209/139
f 114/207/137 115/210/137 111/197/137
f 116/205/137 111/197/137 69/211/137
f 111/197/137 109/200/137 69/211/137
f 69/211/137 117/212/137 116/205/137
f 117/212/137 119/213/137 116/205/137
f 118/214/140 121/215/141 116/216/142
f 118/214/140 116/216/142 120/217/140
f 119/213/137 120/218/137 116/205/137
f 121/215/141 122/219/143 116/216/142
f 116/205/137 122/220/137 123/221/137
f 116/205/137 123/221/137 112/206/137
f 125/222/144 123/223/144 122/219/143
f 123/221/137 124/224/137 112/206/137
f 125/222/144 124/225/145 123/223/144
f 125/222/144 122/219/143 126/229/143
f 125/222/144 127/230/145 124/225/145
f 130/233/108 129/234/108 128/235/108
f 130/233/108 132/236/108 129/234/108
f 132/236/108 131/238/108 129/234/108
f 130/239/149 133/240/150 132/241/150
f 132/236/108 134/242/108 131/238/108
f 132/241/150 133/240/150 90/243/151
f 132/241/150 90/243/151 134/244/151
f 134/244/151 90/243/151 136/245/152
f 131/238/108 134/242/108 135/246/108
f 134/244/151 136/245/152 135/247/152
f 91/167/108 136/248/108 90/166/108
f 135/247/152 136/245/152 91/249/153
f 137/250/108 138/251/108 135/246/108
f 135/247/152 91/249/153 137/252/153
f 138/251/108 131/238/108 135/246/108
f 140/257/108 138/251/108 137/250/108
f 127/230/145 141/258/155 112/259/155
f 141/258/155 142/260/156 112/259/155
f 141/258/155 139/261/156 142/260/156
f 139/262/156 114/263/157 142/264/156
f 112/206/137 142/265/137 114/207/137
f 140/269/159 137/270/159 147/271/159
f 140/269/154 145/273/158 144/274/158
f 140/269/154 146/275/160 145/273/158
f 140/269/159 147/271/159 146/275/159
f 149/276/108 146/275/108 147/277/108
f 148/278/101 147/271/161 137/270/161
f 148/278/101 149/279/101 147/271/161
f 92/280/162 150/281/163 149/279/101
f 150/282/164 145/273/108 149/276/108
f 149/276/108 145/273/108 146/275/108
f 92/280/162 149/279/101 148/278/101
f 153/283/165 150/284/164 151/285/166
f 150/286/163 152/287/3 151/288/3
f 150/286/163 92/289/162 152/287/3
f 150/282/164 153/290/165 145/273/108
f 144/274/158 145/273/158 153/291/167
f 153/283/168 154/292/5 155/293/5
f 153/283/165 151/285/166 154/292/169
f 153/283/167 155/293/5 99/294/131
f 144/274/158 153/291/167 99/295/131
f 99/294/170 155/293/171 152/287/172
f 99/294/173 152/287/174 92/289/175
f 148/296/125 137/252/153 91/249/153
f 92/170/124 148/296/125 93/172/125
f 148/296/125 91/249/153 93/172/125
f 139/262/156 143/298/157 114/263/157
f 113/208/139 114/263/157 143/298/157
f 90/166/108 133/299/108 156/300/108
f 130/239/149 156/301/149 133/240/150
f 90/166/108 156/300/108 95/165/108
f 157/302/177 156/301/149 130/239/149
f 156/300/108 158/303/108 95/165/108
f 157/302/177 158/304/177 156/301/149
f 159/305/178 95/306/178 158/304/177
f 159/305/178 158/304/177 157/302/177
f 160/307/179 95/306/178 159/305/178
f 159/308/108 161/309/108 160/310/108
f 159/308/108 162/311/108 161/309/108
f 159/308/108 163/312/108 162/311/108
f 159/308/108 157/313/108 163/312/108
f 130/233/108 128/235/108 163/312/108
f 130/233/108 163/312/108 157/313/108
f 160/310/108 161/309/108 165/321/108
f 167/324/108 165/321/108 168/325/108
f 160/310/108 165/321/108 167/324/108
f 167/324/108 168/325/108 172/327/108
f 170/329/108 168/325/108 169/330/108
f 170/329/108 172/327/108 168/325/108
f 172/331/185 170/332/186 85/333/186
f 167/334/187 172/331/185 173/335/185
f 172/331/185 85/333/186 173/335/185
f 167/334/187 173/335/185 174/336/187
f 174/337/108 173/338/108 85/159/108
f 160/307/179 167/334/187 174/336/187
f 95/165/108 174/337/108 85/159/108
f 160/307/179 174/336/187 175/339/179
f 95/165/108 175/340/108 174/337/108
f 160/307/179 175/339/179 95/306/178
f 171/342/188 177/343/189 176/344/189
f 166/345/190 117/346/188 171/342/188
f 171/342/188 117/346/188 177/343/189
f 178/347/137 177/348/137 117/212/137
f 66/126/102 177/343/189 178/349/102
f 66/126/102 176/344/189 177/343/189
f 69/211/137 67/350/137 178/347/137
f 66/126/102 178/349/102 67/127/103
f 69/211/137 178/347/137 117/212/137
f 79/352/108 179/353/108 70/354/108
f 180/355/108 169/330/108 179/353/108
f 79/352/108 180/355/108 179/353/108
f 180/356/191 79/151/116 82/150/116
f 170/332/186 180/356/191 181/357/191
f 180/356/191 82/150/116 181/357/191
f 180/355/108 170/329/108 169/330/108
f 85/159/108 181/358/108 82/155/108
f 170/332/186 181/357/191 85/333/186
f 166/345/190 182/359/190 117/346/188
f 166/345/190 119/360/192 182/359/190
f 166/345/190 164/361/193 119/360/192
f 117/212/137 182/362/137 119/213/137
f 164/361/193 120/217/140 119/360/192
f 164/361/193 118/214/140 120/217/140
f 127/230/145 112/259/155 124/225/145
f 121/215/141 126/229/143 122/219/143
f 113/208/139 115/209/139 114/263/157
f 183/363/194 109/364/195 110/202/136
f 183/363/194 110/202/136 106/195/136
f 184/369/198 109/364/195 183/363/194
f 187/371/108 188/372/108 186/373/108
f 187/371/108 186/373/108 189/374/108
f 189/374/108 186/373/108 185/375/108
f 190/376/199 191/377/199 189/378/199
f 189/374/108 185/375/108 190/379/108
f 189/378/199 192/380/199 187/381/199
f 189/378/199 191/377/199 192/380/199
f 86/161/120 187/382/200 192/383/201
f 86/161/120 192/383/201 87/162/121
f 191/384/108 87/163/108 192/385/108
f 190/376/199 193/386/199 191/377/199
f 193/387/108 88/164/108 191/384/108
f 191/384/108 88/164/108 87/163/108
f 194/388/108 88/164/108 193/387/108
f 190/376/199 194/389/199 193/386/199
f 94/173/108 194/388/108 98/390/108
f 195/391/199 98/180/199 194/389/199
f 94/173/108 88/164/108 194/388/108
f 190/376/199 195/391/199 194/389/199
f 195/391/199 97/181/199 98/180/199
f 97/178/108 195/392/108 104/190/108
f 195/392/108 185/375/108 104/190/108
f 195/392/108 190/379/108 185/375/108
f 187/371/108 197/394/108 188/372/108
f 187/371/108 86/396/108 197/394/108
f 81/398/108 197/394/108 86/396/108
f 81/398/108 72/399/108 197/394/108
f 196/400/204 198/401/205 199/402/205
f 68/132/104 199/402/205 198/401/205
f 196/400/204 199/402/205 200/403/204
f 200/404/137 199/405/137 69/211/137
f 68/132/104 69/129/104 199/402/205
f 196/400/204 200/403/204 201/406/198
f 109/200/137 200/404/137 69/211/137
f 109/200/137 201/407/137 200/404/137
f 184/369/198 201/406/198 109/364/195
f 196/400/204 201/406/198 184/369/198
f 75/408/114 202/409/5 81/410/117
f 72/411/206 81/410/207 202/409/208
f 72/411/206 202/409/208 203/412/209
f 75/408/210 204/413/5 202/409/5
f 76/414/110 204/413/211 75/408/109
f 76/414/212 205/415/213 204/413/214
f 76/416/111 203/412/3 205/417/3
f 76/416/111 72/411/107 203/412/3
f 70/135/159 77/145/159 79/144/159
f 70/135/159 73/134/159 77/145/159
f 207/418/215 209/419/216 206/420/217
f 207/418/215 206/420/217 208/421/215
f 209/419/216 210/422/218 206/420/217
f 211/423/219 206/420/219 210/422/219
f 211/423/219 212/424/219 206/420/219
f 216/425/3 213/426/3 212/427/3
f 212/428/220 211/429/220 215/430/221
f 212/427/3 214/431/3 217/432/3
f 212/428/220 215/430/221 214/433/222
f 216/425/3 212/427/3 217/432/3
f 217/432/3 219/434/3 218/435/3
f 217/432/3 218/435/3 216/425/3
f 214/433/222 220/436/223 217/437/224
f 217/437/225 221/438/226 219/439/227
f 217/437/225 220/436/225 221/438/226
f 221/438/226 223/440/228 218/441/229
f 221/438/226 218/441/229 219/439/227
f 222/442/5 223/443/5 221/444/5
f 222/442/5 221/444/5 215/430/5
f 221/444/5 220/445/5 215/430/5
f 223/440/228 224/446/230 218/441/229
f 223/440/228 222/447/230 224/446/230
f 218/435/3 224/448/3 216/425/3
f 222/447/231 216/449/232 224/446/231
f 215/430/5 225/450/5 222/442/5
f 222/447/231 226/451/233 216/449/232
f 225/450/5 226/452/5 222/442/5
f 213/426/234 216/425/232 226/452/233
f 213/426/234 226/452/233 225/450/234
f 228/453/219 213/454/219 225/455/219
f 227/456/5 225/457/5 211/458/5
f 227/456/5 229/459/5 225/457/5
f 215/430/5 211/429/5 225/450/5
f 228/453/219 225/455/219 229/459/219
f 228/453/235 229/459/236 227/456/237
f 231/460/238 228/453/235 230/461/239
f 228/453/235 227/456/237 230/461/239
f 231/460/238 232/462/238 228/453/240
f 231/460/3 208/463/3 232/462/3
f 231/460/3 207/464/3 208/463/3
f 233/465/238 234/466/238 231/467/238
f 233/465/238 231/467/238 230/468/239
f 234/466/3 207/469/3 231/467/3
f 234/466/3 235/470/3 207/469/3
f 233/465/159 235/471/159 234/466/159
f 233/465/159 236/472/159 235/471/159
f 235/473/215 209/474/216 207/475/215
f 235/473/215 236/476/215 209/474/216
f 233/465/5 209/474/5 236/476/5
f 233/465/5 230/468/5 209/474/5
f 209/477/241 230/478/241 227/456/241
f 211/458/5 237/479/5 227/456/5
f 209/477/241 227/456/241 237/479/241
f 211/458/5 210/422/5 237/479/5
f 209/419/216 237/479/242 210/422/218
f 214/433/222 215/430/221 220/436/223
f 239/480/5 242/481/5 238/482/5
f 239/480/5 238/482/5 240/483/5
f 240/483/215 238/482/215 241/484/243
f 239/480/238 243/485/244 242/481/238
f 239/480/238 247/486/245 243/485/244
f 246/487/246 243/485/246 244/488/246
f 243/485/244 245/489/247 244/488/248
f 243/485/244 247/486/245 245/489/247
f 246/487/246 248/490/246 243/485/246
f 248/491/249 246/492/249 250/493/250
f 248/491/5 249/494/5 252/495/5
f 248/491/249 250/493/250 249/494/251
f 251/496/5 253/497/5 248/491/5
f 248/491/5 252/495/5 251/496/5
f 241/484/246 253/498/246 254/499/246
f 253/497/252 255/500/253 254/501/252
f 253/497/252 251/496/254 255/500/253
f 256/502/255 255/500/253 251/496/254
f 256/503/3 257/504/3 255/505/3
f 254/506/3 255/505/3 257/504/3
f 258/507/3 257/504/3 260/508/3
f 259/509/3 257/504/3 258/507/3
f 250/493/3 257/504/3 259/509/3
f 254/506/3 257/504/3 250/493/3
f 260/508/3 257/504/3 256/503/3
f 260/510/256 256/502/257 261/511/257
f 260/510/256 261/511/257 263/512/258
f 262/513/259 258/514/260 260/510/256
f 262/513/259 260/510/256 263/512/258
f 263/515/5 252/495/5 262/516/5
f 261/517/5 252/495/5 263/515/5
f 262/516/5 252/495/5 264/518/5
f 264/519/261 258/514/260 262/513/259
f 264/518/5 252/495/5 249/494/5
f 249/520/251 259/521/262 264/519/262
f 264/519/261 259/521/261 258/514/260
f 251/496/5 252/495/5 261/517/5
f 256/502/255 251/496/254 261/511/263
f 249/520/251 250/522/250 259/521/262
f 265/523/3 254/524/3 246/525/3
f 265/523/3 266/526/3 254/524/3
f 250/493/3 246/492/3 254/506/3
f 241/484/246 254/499/246 266/527/246
f 267/528/264 241/484/243 266/527/265
f 267/528/264 266/527/265 265/529/266
f 270/530/215 240/531/215 267/532/264
f 240/483/215 241/484/243 267/528/264
f 268/533/3 269/534/3 267/532/3
f 268/533/3 267/532/3 247/535/3
f 267/536/267 245/489/267 247/537/267
f 267/536/267 265/523/267 245/489/267
f 270/530/215 267/532/264 269/534/215
f 270/538/159 269/539/159 268/533/159
f 271/540/5 240/541/5 270/542/5
f 270/538/159 268/533/159 271/540/159
f 268/533/238 239/543/238 271/540/238
f 271/540/5 239/543/5 240/541/5
f 268/533/238 247/535/245 239/543/238
f 246/525/3 245/489/3 265/523/3
f 246/525/3 244/488/3 245/489/3
usemtl SpacialRoverExploreralumGray
f 18/35/12 20/36/13 17/37/14
f 18/35/12 17/37/14 19/38/15
f 20/36/19 21/42/20 17/37/20
f 41/71/59 39/72/60 21/42/61
f 39/72/62 40/73/63 36/74/62
f 39/72/62 42/75/63 40/73/63
f 41/71/59 42/75/59 39/72/60
f 59/106/78 18/35/78 19/38/79
f 60/109/81 62/110/82 59/106/82
f 60/109/81 59/106/82 61/111/83
f 59/106/78 19/38/79 61/111/84
f 34/112/85 63/113/86 62/110/86
f 34/112/85 62/110/86 60/109/87
f 36/116/89 40/117/90 63/113/91
f 36/116/89 63/113/91 34/112/89
f 20/36/19 41/71/94 21/42/20
f 346/666/113 344/667/5 343/668/5
f 344/667/5 345/669/158 343/668/5
f 347/670/137 343/671/137 345/672/137
f 346/666/113 343/668/5 347/673/113
f 352/674/137 348/675/137 347/670/137
f 348/675/137 349/676/137 347/670/137
f 347/670/137 345/672/137 351/677/137
f 350/678/148 347/673/113 349/679/148
f 350/678/148 346/666/113 347/673/113
f 347/670/137 351/677/137 353/680/137
f 352/674/137 347/670/137 356/681/137
f 347/670/137 353/680/137 354/682/137
f 347/670/137 354/682/137 355/683/137
f 347/670/137 355/683/137 356/681/137
f 352/674/137 356/681/137 357/684/301
f 352/674/137 357/684/301 358/685/137
f 352/674/137 358/685/137 359/686/137
f 352/674/137 359/686/137 360/687/137
f 352/674/137 360/687/137 361/688/137
f 361/688/137 362/689/137 363/690/137
f 363/690/137 352/674/137 361/688/137
f 370/691/137 364/692/137 363/690/137
f 364/692/137 365/693/137 363/690/137
f 366/694/184 363/695/183 365/696/184
f 366/694/184 367/697/183 363/695/183
f 367/697/183 368/698/182 363/695/183
f 363/690/137 368/699/137 369/700/137
f 363/690/137 369/700/137 352/674/137
f 371/701/137 370/691/137 363/690/137
f 372/702/137 371/701/137 363/690/137
f 373/703/137 372/702/137 363/690/137
f 362/689/137 373/703/137 363/690/137
f 371/701/137 374/704/137 370/691/137
f 374/704/137 375/705/137 370/691/137
f 375/705/137 376/706/137 370/691/137
f 376/706/137 377/707/302 378/708/137
f 376/706/137 378/708/137 370/691/137
f 351/677/137 379/709/137 378/708/137
f 379/709/137 380/710/137 378/708/137
f 381/711/135 378/712/196 380/713/135
f 381/711/135 382/714/196 378/712/196
f 382/714/196 383/715/197 378/712/196
f 378/708/137 383/716/137 388/717/137
f 351/677/137 378/708/137 384/718/137
f 378/708/137 385/719/137 384/718/137
f 378/708/137 386/720/137 385/719/137
f 387/721/137 386/720/137 378/708/137
f 377/707/302 387/721/137 378/708/137
f 378/708/137 388/717/137 370/691/137
f 389/722/197 388/723/202 383/715/197
f 389/722/197 390/724/202 388/723/202
f 390/724/202 391/725/203 388/723/202
f 388/717/137 391/726/137 370/691/137
f 390/724/202 392/727/203 391/725/203
f 392/727/203 370/728/303 391/725/203
f 392/729/108 389/730/108 381/731/108
f 392/729/108 390/732/108 389/730/108
f 392/727/203 393/733/303 370/728/303
f 394/734/108 393/735/108 392/729/108
f 366/736/108 394/734/108 392/729/108
f 392/729/108 381/731/108 395/737/108
f 366/736/108 392/729/108 398/738/108
f 392/729/108 395/737/108 396/739/108
f 392/729/108 396/739/108 397/740/108
f 392/729/108 397/740/108 398/738/108
f 366/736/108 398/738/108 399/741/304
f 366/736/108 399/741/304 400/742/108
f 366/736/108 400/742/108 401/743/108
f 366/736/108 401/743/108 402/744/108
f 366/736/108 402/744/108 403/745/108
f 403/745/108 404/746/108 405/747/108
f 405/747/108 366/736/108 403/745/108
f 405/747/108 406/748/108 366/736/108
f 405/747/108 407/749/108 406/748/108
f 407/750/181 405/751/159 408/752/159
f 405/751/159 352/753/180 408/752/159
f 405/751/159 409/754/180 352/753/180
f 410/755/108 409/756/108 405/747/108
f 350/757/108 410/755/108 405/747/108
f 411/758/108 350/757/108 405/747/108
f 412/759/108 411/758/108 405/747/108
f 413/760/108 412/759/108 405/747/108
f 404/746/108 413/760/108 405/747/108
f 411/758/108 414/761/108 350/757/108
f 414/761/108 415/762/108 350/757/108
f 415/762/108 416/763/108 350/757/108
f 416/763/108 417/764/305 418/765/108
f 416/763/108 418/765/108 350/757/108
f 418/765/108 344/766/108 350/757/108
f 418/765/108 419/767/108 344/766/108
f 419/768/158 418/769/176 420/770/176
f 418/769/176 351/771/129 420/770/176
f 418/769/176 421/772/129 351/771/129
f 421/773/108 418/765/108 422/774/108
f 423/775/108 422/774/108 418/765/108
f 417/764/305 423/775/108 418/765/108
f 421/773/108 422/774/108 424/776/108
f 421/773/108 424/776/108 425/777/108
f 421/773/108 425/777/108 426/778/306
f 426/778/306 427/779/108 421/773/108
f 427/779/108 429/780/108 421/773/108
f 381/731/108 427/779/108 428/781/108
f 427/779/108 381/731/108 429/780/108
f 429/780/108 430/782/108 421/773/108
f 430/783/130 429/784/132 379/785/132
f 429/786/132 380/713/135 379/787/132
f 429/786/132 381/711/135 380/713/135
f 421/772/129 430/783/130 431/788/130
f 430/783/130 379/785/132 431/788/130
f 421/772/129 431/788/130 351/771/129
f 351/677/137 431/789/137 379/709/137
f 381/731/108 428/781/108 395/737/108
f 345/672/137 420/790/137 351/677/137
f 419/768/158 420/770/176 345/669/158
f 344/667/5 419/768/158 345/669/158
f 409/754/180 410/791/146 432/792/146
f 410/791/146 348/793/147 432/792/146
f 410/791/146 433/794/147 348/793/147
f 350/757/108 433/795/108 410/755/108
f 433/794/147 349/679/148 348/793/147
f 433/794/147 350/678/148 349/679/148
f 409/754/180 432/792/146 352/753/180
f 352/674/137 432/796/137 348/675/137
f 369/700/137 408/797/137 352/674/137
f 407/750/181 408/752/159 369/798/181
f 406/799/182 407/750/181 369/798/181
f 406/748/108 367/800/108 366/736/108
f 367/697/183 406/799/182 368/698/182
f 406/799/182 369/798/181 368/698/182
f 394/801/108 436/802/108 393/803/108
f 394/801/108 434/804/108 436/802/108
f 394/801/108 435/805/108 434/804/108
f 394/801/108 437/806/108 435/805/108
f 366/736/108 437/807/108 394/734/108
f 364/808/159 435/809/159 437/810/159
f 437/811/307 365/696/184 364/812/307
f 437/811/307 366/694/184 365/696/184
f 393/803/135 436/802/135 438/813/135
f 393/803/135 438/813/135 370/814/135
f 439/815/137 370/814/137 438/813/137
f 439/815/137 438/813/137 440/816/137
f 439/815/137 440/816/137 441/817/137
f 439/815/137 441/817/137 364/808/137
f 364/808/159 441/817/159 435/809/159
f 370/691/137 439/818/137 364/692/137
f 389/730/108 382/819/108 381/731/108
f 382/714/196 389/722/197 383/715/197
f 384/718/137 442/820/137 351/677/137
f 442/820/137 443/821/137 351/677/137
f 351/677/137 443/821/137 444/822/137
f 351/677/137 444/822/137 353/680/137
f 344/766/108 346/823/108 350/757/108
usemtl SpacialRoverExploreralumBlack
f 17/39/16 24/40/17 19/41/18
f 17/39/16 21/43/21 23/44/22
f 17/39/16 22/45/16 24/40/17
f 17/39/16 23/44/22 22/45/16
f 24/46/23 22/47/24 25/48/25
f 24/46/23 25/48/25 27/49/26
f 26/50/27 24/46/28 27/49/29
f 19/41/18 24/40/17 26/51/30
f 26/50/27 27/49/29 28/52/31
f 29/53/32 26/50/33 28/52/34
f 29/53/35 30/54/36 26/50/33
f 31/55/37 30/54/38 29/53/39
f 32/56/40 33/57/41 31/58/42
f 31/55/37 33/59/43 30/54/38
f 34/60/44 30/61/45 33/62/44
f 34/60/44 33/62/44 35/63/46
f 32/56/40 35/64/47 33/57/41
f 36/65/48 35/63/46 38/66/49
f 34/60/44 35/63/46 36/65/48
f 37/67/50 38/68/51 35/64/52
f 37/67/53 35/64/54 32/56/55
f 21/43/21 39/69/49 38/66/49
f 21/43/21 38/66/49 23/44/22
f 36/65/48 38/66/49 39/69/49
f 23/70/56 38/68/57 37/67/58
f 41/76/64 43/77/64 42/78/64
f 40/79/65 42/78/65 43/77/65
f 44/80/66 47/81/66 43/77/66
f 44/80/66 43/77/66 45/82/66
f 41/76/64 45/83/64 43/77/64
f 43/77/67 48/84/67 46/85/67
f 40/79/65 43/77/65 46/85/68
f 43/77/67 47/81/67 48/84/67
f 46/86/69 48/87/69 49/88/69
f 46/86/69 49/88/69 50/89/69
f 50/89/70 49/88/70 51/90/70
f 50/89/70 51/90/70 52/91/70
f 52/91/71 51/90/71 53/92/71
f 52/91/71 53/92/71 54/93/71
f 53/92/72 55/94/72 54/93/72
f 53/92/72 56/95/72 55/94/72
f 56/96/73 58/97/73 55/98/73
f 56/96/73 57/99/73 58/97/73
f 18/100/74 55/101/74 58/102/74
f 18/100/74 58/102/74 20/103/74
f 20/103/75 58/102/75 45/83/75
f 57/99/76 45/82/76 58/97/76
f 57/99/76 44/80/76 45/82/76
f 59/104/77 54/105/77 55/101/77
f 59/104/77 55/101/77 18/100/77
f 59/104/80 52/107/80 54/105/80
f 59/104/80 62/108/80 52/107/80
f 62/108/88 63/114/88 50/115/88
f 62/108/88 50/115/88 52/107/88
f 63/114/92 40/118/92 46/119/92
f 63/114/92 46/119/92 50/115/92
f 60/120/93 61/121/30 26/51/30
f 19/41/18 26/51/30 61/121/30
f 34/60/44 60/120/93 30/61/45
f 60/120/93 26/51/30 30/61/45
f 20/103/75 45/83/75 41/76/75
f 23/70/56 37/67/58 64/122/95
f 22/47/96 64/122/97 25/48/98
f 22/47/96 23/70/99 64/122/97
usemtl SpacialRoverExploreralumOrange
f 70/123/100 66/124/101 65/125/3
f 71/130/105 65/125/3 68/131/105
f 71/130/105 70/123/100 65/125/3
f 72/136/107 71/130/105 68/131/105
f 100/182/129 103/183/130 101/184/130
f 100/182/129 101/184/130 102/185/129
f 99/187/131 100/182/129 102/185/129
f 103/183/130 104/188/132 105/189/132
f 103/183/130 105/189/132 101/184/130
f 104/188/132 106/194/135 105/189/132
f 128/226/146 125/227/147 126/228/146
f 129/231/147 127/232/148 125/227/147
f 128/226/146 129/231/147 125/227/147
f 129/231/147 131/237/148 127/232/148
f 138/253/113 140/254/154 139/255/5
f 138/253/113 139/255/5 141/256/113
f 131/237/148 138/253/113 141/256/113
f 131/237/148 141/256/113 127/232/148
f 140/266/154 143/267/158 139/268/5
f 140/266/154 144/272/158 143/267/158
f 144/272/158 113/297/176 143/267/158
f 144/272/158 99/187/131 113/297/176
f 163/314/180 128/226/146 126/228/146
f 163/314/180 126/228/146 121/315/180
f 162/316/159 163/314/180 121/315/180
f 161/317/181 162/316/159 118/318/159
f 162/316/159 121/315/180 118/318/159
f 165/319/182 161/317/181 164/320/181
f 161/317/181 118/318/159 164/320/181
f 168/322/183 165/319/182 166/323/182
f 165/319/182 164/320/181 166/323/182
f 168/322/183 166/323/182 171/326/183
f 169/328/184 168/322/183 171/326/183
f 169/328/184 171/326/183 176/341/184
f 179/351/101 176/341/184 66/124/101
f 179/351/101 169/328/184 176/341/184
f 70/123/100 179/351/101 66/124/101
f 99/187/131 102/185/129 113/297/176
f 185/365/135 183/366/196 106/194/135
f 186/367/196 184/368/197 183/366/196
f 185/365/135 186/367/196 183/366/196
f 186/367/196 188/370/197 184/368/197
f 188/370/197 196/393/202 184/368/197
f 188/370/197 197/395/202 196/393/202
f 197/395/202 198/397/203 196/393/202
f 197/395/202 72/136/107 198/397/203
f 72/136/107 68/131/105 198/397/203
f 104/188/132 185/365/135 106/194/135
usemtl SpacialRoverExploreralumGrayDeep
f 5/1/1 1/2/1 2/3/1
f 1/2/2 3/4/2 2/3/2
f 1/2/2 4/5/2 3/4/2
f 4/6/3 1/7/3 5/8/3
f 4/6/3 5/8/3 6/9/3
f 5/8/3 7/10/3 6/9/3
f 7/11/4 5/1/4 8/12/4
f 5/1/1 2/3/1 8/12/1
f 9/13/5 8/14/5 2/15/5
f 7/11/4 8/12/4 9/16/4
f 9/13/5 2/15/5 10/17/5
f 10/17/5 11/18/5 9/13/5
f 12/19/6 7/11/6 9/16/6
f 11/18/5 12/20/5 9/13/5
f 13/21/7 6/22/7 12/19/7
f 13/21/7 12/19/7 11/23/7
f 12/19/6 6/22/6 7/11/6
f 6/9/3 13/24/3 14/25/3
f 14/26/8 13/21/9 11/23/8
f 6/9/3 14/25/3 4/6/3
f 14/25/3 15/27/3 4/6/3
f 15/28/10 14/26/10 16/29/10
f 14/26/8 11/23/8 16/29/8
f 15/28/10 16/29/10 10/30/10
f 10/17/5 16/31/5 11/18/5
f 3/4/11 4/5/11 15/32/11
f 3/4/11 15/32/11 10/33/11
f 2/15/5 3/34/5 10/17/5
f 279/544/268 272/545/269 273/546/269
f 272/545/269 274/547/270 273/546/269
f 272/545/269 277/548/271 274/547/270
f 275/549/5 277/550/5 272/551/5
f 272/551/5 276/552/5 275/549/5
f 272/551/5 278/553/5 276/552/5
f 278/553/5 272/551/5 279/554/5
f 279/554/5 280/555/5 278/553/5
f 279/554/5 282/556/5 280/555/5
f 283/557/272 279/544/268 281/558/268
f 279/544/268 273/546/269 281/558/268
f 282/556/5 279/554/5 283/559/5
f 284/560/273 283/557/274 285/561/275
f 282/556/5 283/559/5 284/562/5
f 283/557/272 281/558/268 285/561/272
f 284/560/273 285/561/275 287/563/273
f 286/564/3 285/565/3 281/566/3
f 287/567/3 285/565/3 286/564/3
f 289/568/276 284/560/273 287/563/273
f 287/567/3 288/569/3 290/570/3
f 287/567/3 286/564/3 288/569/3
f 289/571/3 287/567/3 291/572/3
f 287/567/3 290/570/3 291/572/3
f 289/571/3 291/572/3 292/573/3
f 293/574/3 292/573/3 294/575/3
f 293/574/3 289/571/3 292/573/3
f 293/574/3 294/575/3 295/576/3
f 295/576/3 296/577/3 293/574/3
f 296/577/3 297/578/3 293/574/3
f 297/578/3 298/579/3 293/574/3
f 297/578/3 299/580/277 298/579/3
f 299/580/277 300/581/3 298/579/3
f 300/581/3 301/582/3 298/579/3
f 273/583/3 274/584/3 301/582/3
f 273/583/3 301/582/3 303/585/3
f 302/586/3 301/582/3 274/584/3
f 298/579/3 301/582/3 304/587/3
f 304/587/3 301/582/3 302/586/3
f 298/588/278 304/589/279 305/590/279
f 304/589/280 306/591/281 305/590/280
f 304/589/280 302/592/282 306/591/281
f 306/593/5 277/550/5 275/549/5
f 302/592/282 277/548/271 306/591/281
f 305/594/5 306/593/5 275/549/5
f 275/549/5 307/595/5 305/594/5
f 298/588/278 305/590/279 307/596/278
f 298/588/278 307/596/278 308/597/283
f 307/595/5 275/549/5 309/598/5
f 308/599/5 307/595/5 310/600/5
f 307/595/5 309/598/5 310/600/5
f 308/599/5 310/600/5 311/601/5
f 312/602/5 311/601/5 313/603/5
f 312/602/5 308/599/5 311/601/5
f 312/602/5 313/603/5 314/604/5
f 312/602/5 314/604/5 315/605/5
f 315/605/5 316/606/5 312/602/5
f 316/606/5 317/607/5 312/602/5
f 317/607/5 284/562/5 312/602/5
f 317/607/5 318/608/5 284/562/5
f 318/608/5 282/556/5 284/562/5
f 289/568/276 312/609/276 284/560/273
f 319/610/284 312/609/276 289/568/276
f 319/610/284 320/611/284 312/609/276
f 320/612/5 308/599/5 312/602/5
f 321/613/285 320/611/284 319/610/284
f 321/614/5 308/599/5 320/612/5
f 321/613/285 319/610/284 322/615/285
f 323/616/286 321/617/287 322/618/287
f 308/599/5 321/614/5 323/619/5
f 324/620/288 326/621/289 323/622/286
f 324/620/288 323/622/286 325/623/286
f 323/616/286 322/618/287 325/624/286
f 308/599/5 323/619/5 326/625/5
f 326/621/289 324/620/288 328/626/290
f 326/625/5 327/627/5 308/599/5
f 326/621/289 328/626/290 327/628/290
f 330/629/3 328/630/3 293/574/3
f 324/631/3 293/574/3 328/630/3
f 328/626/290 329/632/291 327/628/290
f 328/626/290 331/633/291 329/632/291
f 330/629/3 331/634/3 328/630/3
f 330/629/3 332/635/3 331/634/3
f 332/636/292 329/632/292 331/633/292
f 332/635/3 330/629/3 333/637/3
f 333/638/293 334/639/294 332/636/294
f 332/636/292 334/639/292 329/632/292
f 334/640/5 336/641/5 329/642/5
f 333/638/293 335/643/293 334/639/294
f 335/644/5 336/641/5 334/640/5
f 336/641/5 337/645/5 308/599/5
f 336/641/5 339/646/5 337/645/5
f 336/641/5 335/644/5 338/647/5
f 338/647/5 339/646/5 336/641/5
f 327/627/5 329/642/5 336/641/5
f 336/641/5 308/599/5 327/627/5
f 337/648/295 339/649/296 340/650/296
f 339/649/296 338/651/297 341/652/297
f 339/649/296 341/652/297 340/650/296
f 341/653/3 330/629/3 340/654/3
f 330/629/3 341/653/3 333/637/3
f 338/651/298 333/638/293 341/652/299
f 337/648/295 340/650/296 342/655/295
f 340/654/3 330/629/3 342/656/3
f 293/574/3 342/656/3 330/629/3
f 308/657/300 342/655/295 293/658/300
f 308/657/300 337/648/295 342/655/295
f 338/651/298 335/643/293 333/638/293
f 322/659/3 293/574/3 325/660/3
f 325/660/3 293/574/3 324/631/3
f 319/661/3 293/574/3 322/659/3
f 293/574/3 319/661/3 289/571/3
f 298/588/278 308/597/283 293/662/283
f 303/585/3 286/564/3 273/583/3
f 302/592/282 274/547/270 277/548/271
f 273/663/3 286/664/3 281/665/3
o Rueda_Delantera_Der
v 5.711149 1.802123 3.529998
v 5.662913 1.789198 3.529998
v 5.611149 1.878856 3.529998
v 5.711149 1.905651 3.529998
v 5.811149 1.878856 3.529998
v 5.711149 1.802123 3.429998
v 5.759386 1.789198 3.529998
v 5.759385 1.789198 3.429998
v 5.759385 1.622103 3.429998
v 5.662913 1.789198 3.429998
v 5.807622 1.705651 3.429998
v 5.794697 1.753887 3.429998
v 5.614677 1.705651 3.429998
v 5.627602 1.657415 3.529998
v 5.627602 1.753887 3.429998
v 5.614677 1.705651 3.529998
v 5.662913 1.622103 3.429998
v 5.627602 1.657415 3.429998
v 5.662913 1.622103 3.529998
v 5.711149 1.609178 3.429998
v 5.711149 1.609178 3.529998
v 5.759386 1.622103 3.529998
v 5.711149 1.505651 3.529998
v 5.611149 1.532446 3.529998
v 5.811149 1.532446 3.529998
v 5.794697 1.657415 3.529998
v 5.711149 1.505651 3.406664
v 5.811149 1.532446 3.406664
v 5.884354 1.605651 3.529998
v 5.911149 1.705651 3.529998
v 5.884354 1.605651 3.406664
v 5.884354 1.605651 3.253331
v 5.911149 1.705651 3.406664
v 6.057517 1.666432 3.471606
v 6.030722 1.566432 3.471606
v 5.996320 1.575649 3.303009
v 5.811149 1.532446 3.253331
v 5.711149 1.505651 3.253331
v 5.741150 1.393684 3.303010
v 5.811149 1.532446 2.815553
v 5.711149 1.505651 2.815553
v 5.841150 1.420479 3.303010
v 5.896644 1.213376 3.270195
v 5.796644 1.186581 3.270195
v 5.850369 1.386078 3.471606
v 5.889030 1.241793 3.448745
v 5.914443 1.146951 3.364584
v 5.814442 1.120156 3.364584
v 5.789030 1.214998 3.448745
v 5.750368 1.359283 3.471606
v 5.841673 1.018532 3.226016
v 5.806828 1.148573 3.236467
v 5.945913 1.029499 3.037570
v 5.906828 1.175367 3.236467
v 5.845913 1.002704 3.037570
v 5.892322 0.829503 2.653331
v 5.892322 0.829503 2.906664
v 5.992323 0.856298 2.906664
v 5.992322 0.856298 2.653331
v 5.941672 1.045327 3.226015
v 5.611148 1.532446 2.815554
v 5.711148 1.505651 2.717776
v 5.529975 0.829503 2.815554
v 5.429975 0.856298 2.815554
v 5.529975 0.829503 2.717776
v 5.429975 0.856298 2.717776
v 5.611148 1.532446 2.717776
v 5.537943 1.605651 2.717776
v 5.537943 1.605651 2.815554
v 5.611148 1.532446 2.197331
v 5.537943 1.605651 2.197331
v 5.581148 1.480484 2.197285
v 5.711148 1.505651 2.197331
v 5.711148 1.445651 2.197285
v 5.811148 1.532446 2.197331
v 5.841148 1.480484 2.197285
v 5.811148 1.532446 2.717776
v 5.884354 1.605651 2.815553
v 5.884354 1.605651 2.717775
v 5.911149 1.705651 2.815553
v 5.884353 1.605651 2.197331
v 5.911149 1.705651 2.717775
v 6.587296 1.886824 2.717775
v 6.560502 1.986824 2.717775
v 6.587296 1.886824 2.815552
v 5.911148 1.705651 2.197331
v 5.884354 1.805651 2.717775
v 5.884354 1.805651 2.815553
v 5.811149 1.878856 2.815553
v 5.884353 1.805651 2.197331
v 5.811148 1.878856 2.717775
v 5.711148 1.905651 2.815553
v 5.711148 1.905651 2.717776
v 5.811148 1.878856 2.197331
v 5.711148 1.905651 2.197331
v 5.841148 1.930817 2.197285
v 5.711148 1.965651 2.197285
v 5.936314 1.835651 1.915751
v 5.841148 1.930817 1.915751
v 5.936315 1.835651 2.197285
v 5.971148 1.705651 1.915751
v 5.971148 1.705651 2.197285
v 5.936314 1.575651 1.915751
v 5.936315 1.575651 2.197285
v 5.841148 1.480484 1.915752
v 5.711148 1.445651 1.915752
v 5.485981 1.835651 1.915752
v 5.485981 1.575651 1.915752
v 5.581148 1.480484 1.915752
v 5.485982 1.575651 2.197285
v 5.451148 1.705651 1.915752
v 5.451148 1.705651 2.197285
v 5.537943 1.805651 2.197331
v 5.485982 1.835651 2.197285
v 5.511148 1.705651 2.197331
v 5.511149 1.705651 2.717776
v 5.537943 1.805651 2.717776
v 5.511149 1.705651 2.815554
v 5.537944 1.605651 3.253331
v 5.537943 1.805651 2.815554
v 5.511149 1.705651 3.253331
v 5.537944 1.805651 3.253331
v 5.511149 1.705651 3.406665
v 5.537944 1.605651 3.406665
v 5.425978 1.835652 3.303010
v 5.399183 1.735652 3.303010
v 5.192079 1.791145 3.270195
v 5.218874 1.891145 3.270195
v 5.364782 1.744870 3.471606
v 5.220496 1.783531 3.448745
v 5.125654 1.808944 3.364584
v 5.152449 1.908944 3.364584
v 5.247291 1.883531 3.448745
v 5.391577 1.844870 3.471606
v 5.537944 1.805651 3.406665
v 5.611149 1.878856 3.253331
v 5.611149 1.878856 3.406664
v 5.537944 1.805651 3.529998
v 5.511150 1.705651 3.529998
v 5.537944 1.605651 3.529998
v 5.627602 1.753887 3.529998
v 5.611149 1.532446 3.406665
v 5.611149 1.532446 3.253331
v 5.504001 1.425297 3.471606
v 5.430796 1.498502 3.471606
v 5.529184 1.450481 3.303010
v 5.455979 1.523686 3.303010
v 5.398377 1.319673 3.448745
v 5.377574 1.298870 3.270195
v 5.328947 1.250244 3.364584
v 5.304369 1.372075 3.270195
v 5.349750 1.271046 3.236468
v 5.254553 1.175850 3.226016
v 5.276545 1.344251 3.236468
v 5.242966 1.164263 3.037570
v 5.116174 1.037471 2.653332
v 5.116174 1.037471 2.906665
v 5.169761 1.237468 3.037570
v 5.042969 1.110676 2.653332
v 5.042969 1.110676 2.906665
v 5.181348 1.249055 3.226016
v 5.255742 1.323449 3.364584
v 5.325172 1.392878 3.448745
v 5.711149 1.905651 3.406664
v 5.571930 2.025223 3.471606
v 5.581148 1.990822 3.303010
v 5.681148 2.017617 3.303010
v 5.625655 2.224721 3.270195
v 5.533269 2.169509 3.448745
v 5.525654 2.197926 3.270195
v 5.507856 2.264351 3.364584
v 5.615470 2.262729 3.236467
v 5.515470 2.235934 3.236467
v 5.480626 2.365975 3.226016
v 5.576385 2.408597 3.037570
v 5.476385 2.381802 3.037570
v 5.429975 2.555004 2.653331
v 5.429976 2.555004 2.906665
v 5.529976 2.581799 2.906664
v 5.580626 2.392770 3.226016
v 5.607856 2.291146 3.364584
v 5.633269 2.196304 3.448745
v 5.671930 2.052018 3.471606
v 5.529975 2.581799 2.653331
v 5.711149 1.905651 3.253331
v 5.811149 1.878856 3.253331
v 5.884354 1.805651 3.253331
v 5.811149 1.878856 3.406664
v 5.893114 1.960821 3.303009
v 6.044725 2.112431 3.270195
v 5.966319 1.887616 3.303009
v 6.117929 2.039226 3.270195
v 5.918298 1.986004 3.471606
v 6.023922 2.091628 3.448745
v 6.097126 2.018423 3.448745
v 6.093351 2.161058 3.364583
v 5.991503 1.912799 3.471606
v 5.884354 1.805651 3.406664
v 5.911149 1.705651 3.253331
v 5.884354 1.805651 3.529998
v 5.807622 1.705651 3.529998
v 5.794697 1.753887 3.529998
v 5.794697 1.657415 3.429998
v 6.023115 1.675649 3.303009
v 6.230219 1.620156 3.270195
v 6.201802 1.627771 3.448745
v 6.296645 1.602358 3.364583
v 6.175007 1.527771 3.448745
v 6.203424 1.520156 3.270195
v 6.269849 1.502358 3.364583
v 6.371473 1.475128 3.226015
v 6.241433 1.509972 3.236467
v 6.398268 1.575127 3.226015
v 6.268227 1.609972 3.236467
v 6.414096 1.570887 3.037569
v 6.587297 1.524477 2.906663
v 6.560502 1.424477 2.653330
v 6.560502 1.424477 2.906663
v 6.587296 1.524477 2.653330
v 6.387300 1.470887 3.037569
v 6.072549 2.140255 3.236467
v 6.167745 2.235452 3.226015
v 6.166556 2.087853 3.364583
v 6.240950 2.162247 3.226015
v 6.145752 2.067050 3.236467
v 6.252536 2.173833 3.037569
v 6.179331 2.247038 3.037569
v 6.379328 2.300625 2.653330
v 6.379328 2.300625 2.906664
v 6.306123 2.373830 2.906664
v 6.306123 2.373830 2.653331
v 5.611148 1.878856 2.815553
v 5.611148 1.878856 2.717776
v 5.116173 2.373830 2.815554
v 5.042968 2.300625 2.815554
v 5.116173 2.373830 2.717776
v 5.042968 2.300625 2.717776
v 5.611148 1.878856 2.197331
v 5.581148 1.930817 2.197285
v 5.581148 1.930817 1.915752
v 5.711148 1.965651 1.915752
v 5.050825 1.936174 3.226016
v 5.180866 1.901329 3.236468
v 5.024030 1.836174 3.226016
v 5.154071 1.801330 3.236468
v 5.008202 1.840415 3.037570
v 4.835001 1.886824 2.906665
v 4.861796 1.986824 2.653332
v 4.861796 1.986824 2.906665
v 4.835001 1.886824 2.653332
v 5.034997 1.940415 3.037570
v 6.560502 1.986824 2.815552
v 6.610666 1.705651 3.589999
v 6.610665 1.705651 2.549999
v 6.593382 1.881138 3.589999
v 6.593380 1.530164 2.549999
v 6.593382 1.530164 3.589999
v 6.675184 1.705651 3.589999
v 6.719938 1.906311 3.589998
v 6.656660 1.893725 3.589999
v 6.656660 1.517577 3.589999
v 6.739701 1.705651 3.589998
v 6.818944 1.925046 3.260665
v 6.840621 1.704952 3.260665
v 6.785893 1.705701 3.584799
v 6.765240 1.496010 3.584799
v 6.719938 1.504990 3.589999
v 6.601800 1.336731 3.589999
v 6.818944 1.484858 3.260665
v 6.661408 1.312041 3.589999
v 6.512715 1.170062 3.589999
v 6.754745 1.273222 3.260665
v 6.566359 1.134218 3.589999
v 6.704075 1.294379 3.584799
v 6.604750 1.108554 3.584799
v 6.858898 1.230089 3.258759
v 6.744219 1.015540 3.258759
v 6.742919 1.016631 2.881239
v 6.650492 1.078177 3.260665
v 6.649310 1.079169 2.879332
v 6.509411 0.908702 2.879332
v 6.510190 0.907219 3.260665
v 6.438446 0.978355 3.589999
v 6.589031 0.829118 2.881239
v 6.589887 0.827486 3.258759
v 6.471080 0.945677 3.584799
v 6.308203 0.812007 3.584799
v 6.401833 0.673154 3.258759
v 6.282583 0.850442 3.589999
v 6.392825 1.023976 3.589999
v 6.246738 0.904086 3.589999
v 6.104760 0.755393 3.589999
v 6.339232 0.766917 3.260666
v 6.144187 0.662664 3.260666
v 6.144460 0.664849 2.879333
v 6.187585 0.560880 2.881240
v 6.187284 0.558476 3.258759
v 6.122379 0.712681 3.584800
v 5.920747 0.651517 3.584800
v 5.954485 0.487856 3.258760
v 5.911811 0.696863 3.589999
v 6.080069 0.815000 3.589999
v 5.899223 0.760141 3.589999
v 5.711150 0.677099 3.590000
v 5.932551 0.598464 3.260666
v 5.712457 0.576787 3.260666
v 5.713971 0.579220 2.879333
v 5.714047 0.466687 2.881240
v 5.712381 0.464011 3.258760
v 5.711057 0.630865 3.584800
v 5.501367 0.651517 3.584800
v 5.470278 0.487856 3.258760
v 5.510489 0.696863 3.590000
v 5.523076 0.760141 3.590000
v 5.317540 0.755393 3.590000
v 5.711150 0.741617 3.590000
v 5.492363 0.598464 3.260667
v 5.280727 0.662663 3.260667
v 5.283482 0.664849 2.879333
v 5.237479 0.558476 3.258760
v 5.299735 0.712681 3.584800
v 5.240509 0.560880 2.881241
v 5.307586 0.718911 2.555201
v 5.123358 0.817383 2.555201
v 5.026576 0.675229 2.881241
v 5.088998 0.768803 2.879334
v 5.022929 0.673154 3.258761
v 5.085683 0.766917 3.260667
v 5.113910 0.812007 3.584801
v 4.918531 0.908702 2.879334
v 4.914724 0.907219 3.260667
v 5.139717 0.850441 3.590000
v 5.342230 0.815000 3.590000
v 5.175562 0.904086 3.590000
v 4.983854 0.978355 3.590000
v 5.029475 1.023976 3.590000
v 4.855940 1.134218 3.590001
v 4.951033 0.945676 3.584801
v 4.817363 1.108554 3.584801
v 4.834876 0.827486 3.258761
v 4.680544 1.015540 3.258761
v 4.774423 1.078177 3.260668
v 4.685174 1.016631 2.881241
v 4.778632 1.079169 2.879334
v 4.839063 0.829118 2.881241
v 4.829361 1.111380 2.555201
v 4.994235 0.982400 2.550001
v 4.867421 1.136923 2.550001
v 4.961881 0.949903 2.555201
v 5.034665 1.025998 2.550000
v 4.915325 1.171415 2.550001
v 4.773190 1.313217 2.550001
v 4.826647 1.337319 2.550001
v 4.715163 1.504508 2.550001
v 4.670251 1.495506 2.555201
v 4.674678 1.273653 2.879334
v 4.730889 1.295607 2.555201
v 4.570825 1.230564 2.881241
v 4.565865 1.230089 3.258761
v 4.500409 1.462694 2.881241
v 4.670169 1.273222 3.260668
v 4.760892 1.312041 3.590001
v 4.718038 1.294378 3.584801
v 4.656873 1.496010 3.584801
v 4.495246 1.462889 3.258761
v 4.702362 1.504990 3.590001
v 4.820499 1.336731 3.590001
v 4.747116 1.705651 3.590001
v 4.765640 1.517577 3.590001
v 4.605970 1.484858 3.260668
v 4.584293 1.704952 3.260668
v 4.682598 1.705651 3.590001
v 4.765639 1.893725 3.590001
v 4.702362 1.906311 3.590001
v 4.636221 1.705701 3.584801
v 4.656873 1.915391 3.584801
v 4.471400 1.704992 3.258761
v 4.495246 1.947096 3.258761
v 4.500409 1.945510 2.881241
v 4.605970 1.925046 3.260668
v 4.610664 1.923604 2.879334
v 4.674678 2.134632 2.879334
v 4.670169 2.136682 3.260668
v 4.760892 2.099260 3.590001
v 4.570825 2.177640 2.881241
v 4.565864 2.179895 3.258761
v 4.718038 2.117022 3.584801
v 4.817363 2.302848 3.584801
v 4.774423 2.331726 3.260667
v 4.680544 2.394444 3.258761
v 4.855940 2.277084 3.590001
v 5.029475 2.387326 3.590000
v 4.909585 2.241239 3.590000
v 4.983854 2.432947 3.590001
v 5.175561 2.507216 3.590000
v 4.914724 2.502685 3.260667
v 4.951033 2.465724 3.584801
v 5.113909 2.599394 3.584801
v 5.139717 2.560860 3.590000
v 5.342230 2.596302 3.590000
v 5.085683 2.642986 3.260667
v 5.317540 2.655908 3.590000
v 5.523076 2.651161 3.590000
v 5.280727 2.747240 3.260667
v 5.299735 2.698719 3.584800
v 5.501367 2.759884 3.584800
v 5.510489 2.714439 3.590000
v 5.711150 2.669685 3.590000
v 5.492363 2.811439 3.260667
v 5.711150 2.734203 3.590000
v 5.899223 2.651161 3.589999
v 5.712457 2.833116 3.260666
v 5.711057 2.780537 3.584800
v 5.920747 2.759884 3.584800
v 5.911811 2.714439 3.589999
v 6.080069 2.596302 3.589999
v 5.932551 2.811439 3.260666
v 6.104760 2.655908 3.589999
v 6.246738 2.507216 3.589999
v 6.144187 2.747240 3.260666
v 6.122379 2.698719 3.584800
v 6.308203 2.599394 3.584799
v 6.282582 2.560860 3.589999
v 6.392825 2.387326 3.589999
v 6.339232 2.642987 3.260666
v 6.438446 2.432947 3.589999
v 6.512714 2.241239 3.589999
v 6.510190 2.502685 3.260666
v 6.471080 2.465725 3.584799
v 6.604750 2.302848 3.584799
v 6.566359 2.277084 3.589999
v 6.601800 2.074571 3.589999
v 6.650492 2.331726 3.260665
v 6.661408 2.099260 3.589999
v 6.754745 2.136682 3.260665
v 6.704075 2.117022 3.584799
v 6.765240 1.915391 3.584799
v 6.858898 2.179895 3.258759
v 6.929517 1.947096 3.258759
v 6.857269 2.177640 2.881239
v 6.927684 1.945509 2.881239
v 6.817277 1.923604 2.879332
v 6.699853 2.111179 2.555199
v 6.760493 1.911281 2.555199
v 6.715394 1.902379 2.549999
v 6.657367 2.093669 2.549999
v 6.672826 1.704547 2.549999
v 6.654388 1.891758 2.549999
v 6.838893 1.704142 2.879332
v 6.734988 1.703443 2.549999
v 6.715394 1.504508 2.549999
v 6.654388 1.517336 2.549999
v 6.780967 1.703394 2.555199
v 6.760493 1.495506 2.555199
v 6.927684 1.462694 2.881239
v 6.951461 1.704102 2.881239
v 6.953362 1.704992 3.258759
v 6.929517 1.462889 3.258759
v 6.817277 1.484681 2.879332
v 6.753264 1.273653 2.879332
v 6.857269 1.230564 2.881239
v 6.657367 1.313217 2.549999
v 6.699853 1.295608 2.555199
v 6.601382 1.111380 2.555199
v 6.563137 1.136923 2.549999
v 6.511102 1.171415 2.549999
v 6.436322 0.982400 2.549999
v 6.391762 1.025998 2.549999
v 6.468861 0.949903 2.555199
v 6.281799 0.855586 2.549999
v 6.307385 0.817383 2.555199
v 6.338945 0.768803 2.879332
v 6.401518 0.675229 2.881239
v 6.105505 0.761354 2.549999
v 6.246346 0.906658 2.549999
v 6.080441 0.817980 2.549999
v 6.123157 0.718911 2.555200
v 5.914214 0.703327 2.549999
v 5.923259 0.658273 2.555200
v 5.933433 0.600835 2.879333
v 5.955454 0.490464 2.881240
v 5.715279 0.683734 2.550000
v 5.900425 0.763373 2.550000
v 5.713214 0.744934 2.550000
v 5.715372 0.637798 2.555200
v 5.516343 0.703327 2.550000
v 5.507484 0.658273 2.555200
v 5.472639 0.490464 2.881240
v 5.494510 0.600835 2.879333
v 5.325053 0.761354 2.550000
v 5.526003 0.763373 2.550000
v 5.345986 0.817980 2.550000
v 5.148759 0.855586 2.550000
v 5.180081 0.906658 2.550000
v 5.366919 0.874607 2.550000
v 5.211404 0.957731 2.550000
v 5.075096 1.069597 3.590000
v 5.075095 1.069597 2.550000
v 5.211405 0.957731 3.590000
v 5.366920 0.874606 3.590000
v 5.535663 0.823419 3.590000
v 5.535662 0.823419 2.550000
v 5.711148 0.806135 2.550000
v 5.886636 0.823419 3.589999
v 5.711150 0.806135 3.590000
v 5.886635 0.823419 2.550000
v 6.055380 0.874607 3.589999
v 6.055379 0.874607 2.549999
v 6.210894 0.957731 3.589999
v 6.210893 0.957731 2.549999
v 6.347204 1.069597 3.589999
v 6.347202 1.069597 2.549999
v 6.459069 1.205907 2.549999
v 6.459070 1.205907 3.589999
v 6.542194 1.361421 3.589999
v 6.542193 1.361421 2.549999
v 6.599780 1.337319 2.549999
v 4.963229 1.205907 3.590001
v 4.963228 1.205907 2.550001
v 4.880106 1.361421 3.590001
v 4.880104 1.361421 2.550001
v 4.828918 1.530164 3.590001
v 4.828917 1.530164 2.550001
v 4.772040 1.517336 2.550001
v 4.695569 1.703443 2.550001
v 4.753601 1.704547 2.550001
v 4.715163 1.902379 2.550001
v 4.811633 1.705651 2.550001
v 4.772040 1.891758 2.550001
v 4.826647 2.071775 2.550001
v 4.773190 2.093669 2.550001
v 4.828917 1.881138 2.550001
v 4.828918 1.881138 3.590001
v 4.880105 2.049881 3.590001
v 4.880104 2.049881 2.550001
v 4.963228 2.205395 2.550001
v 4.915325 2.237679 2.550001
v 4.963230 2.205395 3.590000
v 5.075096 2.341705 3.590000
v 5.211405 2.453571 3.590000
v 5.075095 2.341705 2.550001
v 5.211404 2.453571 2.550000
v 5.034665 2.383096 2.550001
v 4.994235 2.424487 2.550001
v 5.180081 2.502436 2.550000
v 4.867422 2.269963 2.550001
v 4.918531 2.499583 2.879334
v 4.829361 2.295407 2.555201
v 4.778633 2.329116 2.879334
v 4.685175 2.391573 2.881241
v 4.730889 2.111179 2.555201
v 4.961881 2.456884 2.555201
v 4.839062 2.579086 2.881241
v 5.026576 2.732974 2.881241
v 4.834875 2.582498 3.258761
v 5.022929 2.736830 3.258761
v 5.088997 2.639481 2.879334
v 5.123358 2.589404 2.555201
v 5.148759 2.551301 2.550000
v 5.345986 2.591114 2.550000
v 5.325053 2.645532 2.550000
v 5.283482 2.743435 2.879333
v 5.307585 2.687876 2.555201
v 5.240509 2.847324 2.881241
v 5.472639 2.917740 2.881240
v 5.237478 2.851509 3.258761
v 5.470278 2.922128 3.258760
v 5.494510 2.807450 2.879333
v 5.507484 2.748515 2.555200
v 5.516343 2.703560 2.550000
v 5.713214 2.664160 2.550000
v 5.715279 2.723153 2.550000
v 5.526003 2.645721 2.550000
v 5.713971 2.829065 2.879333
v 5.715372 2.768990 2.555200
v 5.714047 2.941516 2.881240
v 5.712381 2.945973 3.258760
v 5.955454 2.917740 2.881240
v 5.954485 2.922128 3.258760
v 5.933433 2.807450 2.879333
v 5.923259 2.748515 2.555200
v 5.914214 2.703560 2.549999
v 6.080442 2.591114 2.549999
v 6.105505 2.645532 2.549999
v 5.900425 2.645721 2.550000
v 6.144460 2.743435 2.879333
v 6.187585 2.847324 2.881240
v 6.123158 2.687876 2.555200
v 6.307385 2.589404 2.555200
v 6.401518 2.732975 2.881239
v 6.281799 2.551301 2.549999
v 6.391762 2.383096 2.549999
v 6.436322 2.424487 2.549999
v 6.246346 2.502436 2.549999
v 6.509411 2.499583 2.879332
v 6.338945 2.639481 2.879332
v 6.468861 2.456884 2.555199
v 6.589031 2.579086 2.881239
v 6.589887 2.582498 3.258759
v 6.742919 2.391573 2.881239
v 6.744219 2.394444 3.258759
v 6.649310 2.329116 2.879332
v 6.601382 2.295407 2.555199
v 6.563137 2.269963 2.549999
v 6.599781 2.071775 2.549999
v 6.511102 2.237679 2.549999
v 6.753264 2.134632 2.879332
v 6.459069 2.205395 2.549999
v 6.542193 2.049881 2.549999
v 6.459070 2.205395 3.589999
v 6.542194 2.049881 3.589999
v 6.593380 1.881138 2.549999
v 6.347204 2.341705 3.589999
v 6.347202 2.341705 2.549999
v 6.210894 2.453571 3.589999
v 6.055380 2.536695 3.589999
v 6.210892 2.453571 2.549999
v 6.055379 2.536695 2.549999
v 5.886636 2.587883 3.589999
v 5.886635 2.587883 2.550000
v 5.711150 2.605167 3.590000
v 5.711148 2.605167 2.550000
v 5.535661 2.587883 2.550000
v 5.535663 2.587883 3.590000
v 5.366919 2.536695 2.550000
v 5.366920 2.536695 3.590000
v 6.401833 2.736830 3.258759
v 6.187284 2.851509 3.258760
v 4.820499 2.074571 3.590001
v 4.811634 1.705651 3.590001
v 4.670251 1.911281 2.555201
v 4.649776 1.703394 2.555201
v 4.476632 1.704102 2.881241
v 4.589048 1.704142 2.879334
v 4.610664 1.484681 2.879334
v 4.909585 1.170062 3.590001
vn 0.5000 -0.8660 -0.0000
vn -0.0000 -1.0000 -0.0000
vn -0.0000 -0.0000 1.0000
vn -0.5000 -0.8660 -0.0000
vn -0.8660 -0.5000 -0.0000
vn 0.8660 0.5000 -0.0000
vn 1.0000 -0.0000 -0.0000
vn 0.8660 -0.5000 -0.0000
vn 0.5000 0.8660 -0.0000
vn -0.0000 1.0000 -0.0000
vn -0.5000 0.8660 -0.0000
vn -0.0890 -0.9960 -0.0000
vn 0.5751 -0.8181 -0.0000
vn 0.8181 -0.5751 -0.0000
vn -0.2588 -0.9659 -0.0000
vn 0.9960 0.0890 -0.0000
vn -0.3805 0.1020 0.9191
vn -0.1219 0.0327 0.9920
vn 0.0890 -0.9960 -0.0000
vn 0.1020 -0.3805 -0.9191
vn 0.0327 -0.1219 -0.9920
vn 0.9659 0.2588 -0.0000
vn -0.1080 0.4029 -0.9089
vn -0.1079 0.4029 -0.9089
vn 0.1080 -0.4029 0.9089
vn -0.0327 0.1219 0.9920
vn 0.1883 -0.7029 0.6859
vn 0.1884 -0.7029 0.6859
vn -0.9659 -0.2588 -0.0000
vn -0.1020 0.3805 0.9191
vn 0.2137 -0.7974 0.5643
vn -0.2216 0.8270 -0.5167
vn -0.1883 0.7029 -0.6859
vn -0.2345 0.8753 -0.4229
vn 0.2588 -0.9659 -0.0000
vn 0.2491 -0.9297 0.2714
vn -0.5751 -0.8181 -0.0000
vn 0.9659 -0.2588 -0.0000
vn -0.0000 -0.0000 -1.0000
vn -0.9659 0.2588 -0.0000
vn -0.0007 -0.0004 1.0000
vn -0.0004 -0.0007 1.0000
vn -0.0000 -0.0008 1.0000
vn 0.0004 -0.0007 1.0000
vn 0.9960 -0.0890 -0.0000
vn 0.8181 0.5751 -0.0000
vn -0.2588 0.9659 -0.0000
vn -0.0000 0.0008 1.0000
vn 0.0004 0.0007 1.0000
vn 0.0007 0.0004 1.0000
vn 0.0008 -0.0000 1.0000
vn 0.0007 -0.0004 1.0000
vn -0.0008 -0.0000 1.0000
vn -1.0000 -0.0000 -0.0000
vn -0.8660 0.5000 -0.0000
vn -0.0007 0.0004 1.0000
vn -0.9071 0.4210 -0.0000
vn -0.9071 -0.4210 -0.0000
vn -0.9960 -0.0890 -0.0000
vn -0.8181 0.5751 -0.0000
vn -0.3805 0.1020 -0.9191
vn -0.1219 0.0327 -0.9920
vn 0.4029 -0.1080 -0.9089
vn -0.4029 0.1080 0.9089
vn 0.1219 -0.0327 0.9920
vn -0.7029 0.1883 0.6859
vn -0.4029 0.1079 0.9089
vn 0.2588 0.9659 -0.0000
vn 0.3805 -0.1020 0.9191
vn -0.5751 0.8181 -0.0000
vn -0.4210 -0.9071 -0.0000
vn 0.2785 0.2785 0.9191
vn 0.0892 0.0892 0.9920
vn 0.7071 -0.7071 -0.0000
vn -0.2785 -0.2785 -0.9191
vn -0.0892 -0.0892 -0.9920
vn 0.2949 0.2949 -0.9089
vn 0.5146 0.5146 -0.6859
vn 0.6054 0.6054 -0.5167
vn 0.6408 0.6408 -0.4229
vn -0.7071 0.7071 -0.0000
vn -0.5838 -0.5838 0.5643
vn -0.6806 -0.6806 0.2714
vn -0.5146 -0.5146 0.6859
vn -0.2949 -0.2949 0.9089
vn -0.7071 -0.7071 -0.0000
vn 0.0890 0.9960 -0.0000
vn 0.1020 -0.3805 0.9191
vn 0.0327 -0.1219 0.9920
vn -0.1020 0.3805 -0.9191
vn -0.0327 0.1219 -0.9920
vn 0.1079 -0.4029 -0.9089
vn 0.1080 -0.4029 -0.9089
vn 0.1884 -0.7029 -0.6859
vn 0.2216 -0.8270 -0.5167
vn 0.2345 -0.8753 -0.4229
vn -0.2137 0.7974 0.5643
vn -0.2491 0.9297 0.2714
vn -0.1884 0.7029 0.6859
vn -0.1080 0.4029 0.9089
vn 0.4210 0.9071 -0.0000
vn 0.2785 0.2785 -0.9191
vn 0.0892 0.0892 -0.9920
vn 0.9071 0.4210 -0.0000
vn -0.2949 -0.2949 -0.9089
vn 0.2949 0.2949 0.9089
vn -0.0892 -0.0892 0.9920
vn 0.5146 0.5146 0.6859
vn -0.2785 -0.2785 0.9191
vn 0.3805 -0.1020 -0.9191
vn 0.1219 -0.0327 -0.9920
vn -0.4029 0.1079 -0.9089
vn 0.4029 -0.1080 0.9089
vn 0.7029 -0.1884 0.6859
vn 0.7974 -0.2137 0.5643
vn 0.9297 -0.2491 0.2714
vn -0.8270 0.2216 -0.5167
vn -0.8753 0.2345 -0.4229
vn -0.7029 0.1883 -0.6859
vn -0.7029 0.1884 -0.6859
vn -0.4029 0.1080 -0.9089
vn 0.5838 0.5838 0.5643
vn -0.6054 -0.6054 -0.5167
vn -0.5146 -0.5146 -0.6859
vn -0.6408 -0.6408 -0.4229
vn 0.7071 0.7071 -0.0000
vn 0.6806 0.6806 0.2714
vn -0.4210 0.9071 -0.0000
vn -0.0004 0.0007 1.0000
vn -0.7974 0.2137 0.5643
vn -0.9297 0.2491 0.2714
vn 0.8270 -0.2216 -0.5167
vn 0.8753 -0.2345 -0.4229
vn 0.7029 -0.1884 -0.6859
vn -0.9808 0.1951 -0.0000
vn -0.9808 -0.1951 -0.0000
vn 0.0405 -0.0040 0.9992
vn 0.0389 0.0118 0.9992
vn 0.9848 0.0970 0.1439
vn 0.9520 0.0938 0.2915
vn 0.9849 0.0970 0.1435
vn -0.0004 1.0000 -0.0024
vn -0.0014 1.0000 -0.0025
vn -0.0012 1.0000 -0.0025
vn 0.1119 -0.0110 0.9937
vn 0.1118 -0.0110 0.9937
vn 0.0359 -0.0192 0.9992
vn 0.9469 -0.2872 0.1444
vn 0.9152 -0.2776 0.2921
vn -0.1949 -0.9808 0.0014
vn -0.1943 -0.9809 0.0015
vn -0.1943 -0.9809 0.0016
vn 0.9469 -0.2872 0.1443
vn 0.3826 0.9239 -0.0005
vn 0.3824 0.9240 -0.0005
vn 0.0992 -0.0530 0.9937
vn 0.0991 -0.0530 0.9937
vn 0.7851 -0.4196 0.4556
vn 0.8585 -0.4589 0.2288
vn 0.8570 -0.4581 -0.2360
vn -0.5556 -0.8314 -0.0005
vn -0.5555 -0.8315 -0.0005
vn -0.5558 -0.8313 -0.0005
vn 0.7649 -0.6278 0.1443
vn 0.7641 -0.6270 -0.1518
vn 0.7640 -0.6270 -0.1519
vn 0.7649 -0.6277 0.1444
vn 0.7393 -0.6067 0.2921
vn 0.7073 0.7069 0.0015
vn 0.7077 0.7065 0.0016
vn 0.7076 0.7066 0.0016
vn 0.7070 0.7072 0.0014
vn 0.7069 0.7073 0.0014
vn 0.0258 -0.0315 0.9992
vn 0.0713 -0.0869 0.9937
vn 0.5648 -0.6882 0.4553
vn 0.6176 -0.7525 0.2288
vn 0.6176 -0.7526 0.2282
vn 0.0118 -0.0389 0.9992
vn 0.4509 -0.8436 0.2915
vn 0.4665 -0.8727 0.1439
vn -0.8317 -0.5553 -0.0024
vn -0.8322 -0.5545 -0.0025
vn -0.8322 -0.5544 -0.0025
vn 0.4665 -0.8728 0.1435
vn 0.9241 0.3822 0.0032
vn 0.9246 0.3810 0.0034
vn 0.9245 0.3811 0.0034
vn 0.4659 -0.8716 -0.1523
vn 0.9237 0.3831 0.0030
vn 0.9237 0.3832 0.0031
vn 0.0118 -0.0390 0.9992
vn 0.0326 -0.1075 0.9937
vn 0.2586 -0.8523 0.4546
vn 0.2826 -0.9317 0.2281
vn 0.2827 -0.9319 0.2271
vn -0.0040 -0.0404 0.9992
vn 0.0938 -0.9523 0.2904
vn 0.0970 -0.9850 0.1429
vn -0.9809 -0.1945 -0.0039
vn -0.9812 -0.1931 -0.0041
vn -0.9812 -0.1929 -0.0042
vn 0.0970 -0.9851 0.1422
vn 0.0969 -0.9834 -0.1533
vn 1.0000 -0.0007 0.0044
vn 1.0000 0.0006 0.0042
vn 1.0000 0.0008 0.0043
vn 1.0000 -0.0008 0.0044
vn 1.0000 -0.0023 0.0047
vn 1.0000 -0.0025 0.0047
vn -0.0040 -0.0405 0.9992
vn -0.0110 -0.1117 0.9937
vn -0.0874 -0.8869 0.4535
vn -0.0955 -0.9692 0.2269
vn -0.0955 -0.9695 0.2256
vn -0.0191 -0.0358 0.9992
vn -0.2779 -0.9161 0.2890
vn -0.2874 -0.9473 0.1414
vn -0.9806 0.1958 -0.0048
vn -0.9803 0.1975 -0.0051
vn -0.9802 0.1978 -0.0051
vn -0.2874 -0.9474 0.1406
vn -0.2868 -0.9454 -0.1548
vn 0.9236 -0.3834 0.0050
vn 0.9241 -0.3821 0.0048
vn 0.9242 -0.3818 0.0048
vn 0.9228 -0.3853 0.0053
vn 0.9229 -0.3851 0.0053
vn 0.9235 -0.3835 0.0050
vn 0.9249 -0.3803 0.0054
vn -0.4575 -0.8560 -0.2409
vn -0.4175 -0.7810 -0.4645
vn -0.4175 -0.7810 -0.4644
vn -0.4577 -0.8563 -0.2395
vn -0.4594 -0.8595 0.2239
vn -0.8310 0.5562 -0.0050
vn -0.8320 0.5548 -0.0048
vn -0.8318 0.5550 -0.0048
vn -0.8329 0.5534 -0.0054
vn -0.4593 -0.8592 0.2253
vn -0.8310 0.5563 -0.0050
vn -0.6282 -0.7655 0.1389
vn -0.6266 -0.7635 -0.1564
vn -0.6265 -0.7634 -0.1573
vn -0.8300 0.5577 -0.0053
vn -0.8299 0.5580 -0.0053
vn -0.6282 -0.7654 0.1397
vn -0.6076 -0.7404 0.2875
vn -0.0192 -0.0359 0.9992
vn -0.0529 -0.0989 0.9937
vn -0.0313 -0.0257 0.9992
vn -0.0314 -0.0258 0.9992
vn -0.0866 -0.0711 0.9937
vn 0.7066 -0.7076 0.0048
vn 0.7052 -0.7090 0.0051
vn 0.7054 -0.7088 0.0051
vn -0.6899 -0.5662 0.4510
vn -0.7534 -0.6183 0.2236
vn 0.7065 -0.7077 0.0048
vn -0.7537 -0.6185 0.2223
vn -0.5550 0.8318 -0.0044
vn -0.5549 0.8319 -0.0044
vn -0.5536 0.8327 -0.0047
vn -0.7502 -0.6157 -0.2412
vn -0.5561 0.8311 -0.0042
vn -0.5562 0.8310 -0.0043
vn -0.5575 0.8302 -0.0048
vn -0.7499 -0.6155 -0.2424
vn -0.6841 -0.5614 -0.4657
vn -0.0317 -0.0260 -0.9992
vn -0.0875 -0.0718 -0.9936
vn -0.5577 0.8300 -0.0048
vn 0.7077 -0.7065 0.0046
vn 0.7089 -0.7053 0.0052
vn 0.7091 -0.7051 0.0052
vn 0.7075 -0.7067 0.0046
vn -0.0393 -0.0119 -0.9992
vn -0.8707 -0.4654 -0.1587
vn -0.8399 -0.4489 -0.3052
vn -0.8708 -0.4655 -0.1580
vn -0.1084 -0.0329 -0.9936
vn -0.1085 -0.0329 -0.9936
vn 0.3833 -0.9236 0.0037
vn 0.3846 -0.9231 0.0042
vn 0.3848 -0.9230 0.0042
vn 0.3832 -0.9237 0.0037
vn -0.9281 -0.2815 -0.2436
vn -0.8463 -0.2567 -0.4667
vn 0.3821 -0.9241 0.0039
vn -0.9333 -0.2831 0.2211
vn -0.9283 -0.2816 -0.2427
vn -0.8451 -0.4517 0.2860
vn -0.8735 -0.4669 0.1381
vn -0.8736 -0.4669 0.1374
vn 0.3806 -0.9247 0.0041
vn 0.3808 -0.9246 0.0041
vn -0.0388 -0.0118 0.9992
vn -0.1072 -0.0325 0.9937
vn -0.8546 -0.2592 0.4500
vn -0.9330 -0.2830 0.2221
vn -0.0403 0.0040 0.9992
vn -0.1946 0.9809 -0.0032
vn -0.1935 0.9811 -0.0034
vn -0.1933 0.9811 -0.0034
vn -0.9539 -0.0940 0.2849
vn -0.9858 -0.0971 0.1368
vn -0.9859 -0.0971 0.1364
vn -0.0404 0.0040 0.9992
vn -0.1114 0.0110 0.9937
vn -0.0004 -1.0000 0.0024
vn -0.0014 -1.0000 0.0025
vn -0.0012 -1.0000 0.0025
vn -0.8891 0.0876 0.4493
vn -0.9706 0.0956 0.2209
vn -0.9707 0.0956 0.2204
vn -0.9652 0.0951 -0.2438
vn 0.1953 0.9807 -0.0014
vn 0.1949 0.9808 -0.0014
vn 0.1953 0.9807 -0.0015
vn 0.1958 0.9806 -0.0015
vn 0.1948 0.9808 -0.0014
vn -0.9481 0.2876 0.1359
vn -0.9446 0.2865 -0.1601
vn -0.9446 0.2865 -0.1603
vn 0.1959 0.9806 -0.0016
vn -0.9174 0.2783 0.2844
vn -0.9480 0.2876 0.1360
vn -0.3828 -0.9239 0.0005
vn -0.3826 -0.9239 0.0005
vn -0.3829 -0.9238 0.0005
vn -0.3828 -0.9238 0.0005
vn -0.0357 0.0191 0.9992
vn -0.0987 0.0528 0.9937
vn -0.8602 0.4598 0.2204
vn -0.7880 0.4212 0.4490
vn 0.5555 0.8315 0.0005
vn 0.5554 0.8316 0.0005
vn 0.5553 0.8316 0.0005
vn -0.0257 0.0313 0.9992
vn -0.7658 0.6285 0.1360
vn -0.7411 0.6082 0.2844
vn -0.7658 0.6285 0.1359
vn -0.7069 -0.7073 -0.0014
vn -0.7065 -0.7077 -0.0016
vn -0.7066 -0.7076 -0.0015
vn -0.0710 0.0865 0.9937
vn -0.0118 0.0388 0.9992
vn -0.4670 0.8736 0.1368
vn -0.4519 0.8454 0.2849
vn 0.8313 0.5559 0.0024
vn 0.8308 0.5566 0.0025
vn 0.8307 0.5567 0.0025
vn -0.4670 0.8737 0.1364
vn -0.9237 -0.3831 -0.0032
vn -0.9232 -0.3844 -0.0034
vn -0.9232 -0.3842 -0.0034
vn -0.0325 0.1072 0.9937
vn 0.0040 0.0404 0.9992
vn -0.0971 0.9856 0.1381
vn -0.0939 0.9536 0.2860
vn 0.9807 0.1957 0.0039
vn 0.9804 0.1970 0.0041
vn 0.9803 0.1972 0.0041
vn -0.0971 0.9857 0.1374
vn -1.0000 -0.0007 -0.0044
vn -1.0000 -0.0025 -0.0047
vn -1.0000 -0.0023 -0.0047
vn 0.0110 0.1115 0.9937
vn 0.0192 0.0359 0.9992
vn 0.2874 0.9476 0.1397
vn 0.2780 0.9165 0.2875
vn 0.9809 -0.1944 0.0048
vn 0.9813 -0.1926 0.0051
vn 0.9813 -0.1924 0.0051
vn 0.0191 0.0358 0.9992
vn 0.2875 0.9477 0.1389
vn -0.9242 0.3820 -0.0050
vn -0.9250 0.3800 -0.0053
vn -0.9249 0.3803 -0.0053
vn 0.0529 0.0989 0.9937
vn 0.0315 0.0258 0.9992
vn 0.6280 0.7652 0.1414
vn 0.6073 0.7400 0.2890
vn 0.8319 -0.5549 0.0050
vn 0.8329 -0.5534 0.0053
vn 0.8331 -0.5532 0.0054
vn 0.0314 0.0258 0.9992
vn 0.6281 0.7653 0.1406
vn -0.7076 0.7066 -0.0048
vn -0.7090 0.7051 -0.0052
vn -0.7089 0.7053 -0.0051
vn 0.0868 0.0712 0.9937
vn 0.0390 0.0118 0.9992
vn 0.8729 0.4666 0.1429
vn 0.8439 0.4511 0.2904
vn 0.5561 -0.8311 0.0044
vn 0.5575 -0.8302 0.0047
vn 0.5577 -0.8300 0.0047
vn 0.8730 0.4666 0.1422
vn -0.3832 0.9236 -0.0039
vn -0.3847 0.9230 -0.0042
vn -0.3845 0.9231 -0.0041
vn 0.1075 0.0326 0.9937
vn 0.9317 0.2826 0.2281
vn 0.8523 0.2586 0.4546
vn 0.9319 0.2827 0.2271
vn 0.1956 -0.9807 0.0032
vn 0.1967 -0.9805 0.0034
vn 0.1969 -0.9804 0.0034
vn 0.9297 0.2820 -0.2367
vn 0.9295 0.2820 -0.2377
vn 0.1947 -0.9809 0.0030
vn 0.1945 -0.9809 0.0031
vn 0.1934 -0.9811 0.0034
vn 0.8486 0.2574 -0.4622
vn 0.1933 -0.9811 0.0034
vn 0.0392 0.0119 -0.9992
vn 0.1081 0.0328 -0.9936
vn 0.0391 0.0119 -0.9992
vn 0.0407 -0.0040 -0.9992
vn 0.9494 0.0935 -0.2997
vn 0.9836 0.0969 -0.1523
vn 0.9835 0.0969 -0.1527
vn 0.1124 -0.0111 -0.9936
vn 0.0004 1.0000 -0.0023
vn 0.0012 1.0000 -0.0025
vn 0.0014 1.0000 -0.0026
vn 0.8829 -0.0870 -0.4615
vn 0.9669 -0.0952 -0.2366
vn 0.8829 -0.0869 -0.4615
vn 0.9671 -0.0953 -0.2361
vn 0.0003 1.0000 -0.0023
vn 0.9689 -0.0954 0.2282
vn 0.9688 -0.0954 0.2288
vn 0.8860 -0.0873 0.4553
vn -0.1953 -0.9807 0.0014
vn -0.1949 -0.9808 0.0015
vn -0.1954 -0.9807 0.0014
vn -0.1958 -0.9806 0.0016
vn -0.1959 -0.9806 0.0016
vn 0.9131 -0.2770 -0.2992
vn 0.9459 -0.2869 -0.1518
vn 0.9458 -0.2869 -0.1519
vn 0.3827 0.9239 -0.0005
vn 0.3828 0.9238 -0.0005
vn 0.3829 0.9238 -0.0005
vn 0.7825 -0.4183 -0.4612
vn 0.0360 -0.0193 -0.9992
vn 0.0996 -0.0532 -0.9936
vn 0.0995 -0.0532 -0.9936
vn 0.0361 -0.0193 -0.9992
vn 0.0259 -0.0316 -0.9992
vn -0.5554 -0.8316 -0.0005
vn 0.7376 -0.6053 -0.2992
vn 0.7066 0.7076 0.0016
vn 0.7065 0.7077 0.0016
vn 0.0716 -0.0873 -0.9936
vn -0.8312 -0.5559 -0.0023
vn -0.8307 -0.5567 -0.0026
vn -0.8308 -0.5566 -0.0025
vn -0.8313 -0.5558 -0.0023
vn 0.6164 -0.7511 -0.2366
vn 0.5628 -0.6858 -0.4615
vn 0.6165 -0.7512 -0.2361
vn -0.8317 -0.5552 -0.0024
vn 0.4659 -0.8716 -0.1527
vn 0.4497 -0.8414 -0.2997
vn 0.0119 -0.0392 -0.9992
vn 0.0119 -0.0391 -0.9992
vn 0.9232 0.3842 0.0034
vn 0.9232 0.3844 0.0034
vn 0.0328 -0.1081 -0.9936
vn -0.9806 -0.1958 -0.0037
vn -0.9803 -0.1973 -0.0042
vn -0.9804 -0.1971 -0.0041
vn -0.9807 -0.1956 -0.0037
vn 0.2820 -0.9295 -0.2377
vn 0.2574 -0.8486 -0.4622
vn 0.2820 -0.9297 -0.2367
vn 0.0968 -0.9833 -0.1540
vn 0.0935 -0.9491 -0.3008
vn -0.0040 -0.0408 -0.9992
vn -0.0040 -0.0407 -0.9992
vn 1.0000 0.0023 0.0047
vn 1.0000 0.0025 0.0048
vn -0.0111 -0.1125 -0.9936
vn -0.0952 -0.9663 -0.2392
vn -0.0869 -0.8820 -0.4632
vn -0.0952 -0.9666 -0.2380
vn -0.9809 0.1942 -0.0046
vn -0.9813 0.1926 -0.0051
vn -0.9809 0.1945 -0.0046
vn -0.9813 0.1923 -0.0052
vn -0.2867 -0.9453 -0.1556
vn -0.2767 -0.9122 -0.3022
vn -0.0193 -0.0362 -0.9992
vn -0.0193 -0.0361 -0.9992
vn -0.0533 -0.0998 -0.9936
vn 0.9250 -0.3800 0.0054
vn -0.8331 0.5532 -0.0054
vn -0.6044 -0.7365 -0.3037
vn 0.5556 0.8315 -0.0000
vn 0.3827 0.9239 -0.0000
vn 0.1951 0.9808 -0.0000
vn -0.1951 0.9808 -0.0000
vn -0.3827 0.9239 -0.0000
vn -0.5556 0.8315 -0.0000
vn -0.8315 0.5556 -0.0000
vn -0.9239 0.3827 -0.0000
vn 0.8315 0.5556 -0.0000
vn 0.9239 0.3827 -0.0000
vn 0.9808 0.1951 -0.0000
vn -0.0409 0.0040 -0.9992
vn -0.0362 0.0194 -0.9992
vn 0.9808 -0.1951 -0.0000
vn 0.9239 -0.3827 -0.0000
vn 0.8315 -0.5556 -0.0000
vn 0.5556 -0.8315 -0.0000
vn -0.0260 0.0317 -0.9992
vn -0.1000 0.0535 -0.9936
vn -0.7357 0.6038 -0.3068
vn -0.7630 0.6262 -0.1603
vn -0.7630 0.6262 -0.1601
vn 0.5556 0.8314 0.0005
vn 0.5558 0.8313 0.0005
vn -0.7795 0.4167 -0.4676
vn -0.8552 0.4571 -0.2444
vn -0.1000 0.0535 -0.9935
vn -0.3824 -0.9240 0.0005
vn -0.7073 -0.7069 -0.0014
vn -0.7076 -0.7066 -0.0016
vn -0.7077 -0.7065 -0.0016
vn -0.7072 -0.7070 -0.0014
vn -0.7069 -0.7073 -0.0015
vn -0.5608 0.6834 -0.4674
vn -0.6152 0.7497 -0.2438
vn -0.6152 0.7496 -0.2443
vn -0.6188 0.7540 0.2204
vn -0.6187 0.7539 0.2209
vn 0.8312 0.5559 0.0024
vn -0.5668 0.6906 0.4493
vn 0.8316 0.5553 0.0023
vn 0.8317 0.5552 0.0023
vn 0.8321 0.5545 0.0025
vn 0.8322 0.5544 0.0026
vn -0.0261 0.0318 -0.9992
vn -0.0719 0.0876 -0.9936
vn -0.0719 0.0877 -0.9935
vn -0.0119 0.0393 -0.9992
vn -0.4487 0.8396 -0.3062
vn -0.4653 0.8706 -0.1598
vn -0.4654 0.8707 -0.1593
vn -0.9241 -0.3821 -0.0031
vn -0.9245 -0.3812 -0.0034
vn -0.9246 -0.3810 -0.0034
vn -0.9240 -0.3823 -0.0030
vn -0.2567 0.8463 -0.4667
vn -0.2816 0.9283 -0.2427
vn -0.2815 0.9281 -0.2436
vn -0.2831 0.9333 0.2211
vn -0.9237 -0.3832 -0.0032
vn -0.2830 0.9330 0.2221
vn 0.9806 0.1957 0.0039
vn 0.9809 0.1946 0.0037
vn -0.2592 0.8546 0.4500
vn 0.9809 0.1944 0.0037
vn 0.9812 0.1931 0.0042
vn 0.9812 0.1929 0.0042
vn -0.0329 0.1085 -0.9936
vn -0.0329 0.1084 -0.9936
vn 0.0040 0.0408 -0.9992
vn -0.0933 0.9477 -0.3052
vn -0.0968 0.9826 -0.1587
vn -0.0968 0.9827 -0.1580
vn -1.0000 0.0008 -0.0043
vn -1.0000 0.0023 -0.0048
vn -1.0000 0.0026 -0.0048
vn -1.0000 0.0006 -0.0042
vn 0.0867 0.8807 -0.4657
vn 0.0951 0.9658 -0.2412
vn 0.0951 0.9655 -0.2424
vn -1.0000 -0.0008 -0.0044
vn 0.0955 0.9700 0.2236
vn 0.0956 0.9703 0.2223
vn 0.9809 -0.1943 0.0048
vn 0.9807 -0.1957 0.0046
vn 0.0875 0.8882 0.4510
vn 0.9806 -0.1959 0.0046
vn 0.9803 -0.1975 0.0051
vn 0.9802 -0.1978 0.0052
vn 0.0111 0.1127 -0.9936
vn 0.0193 0.0361 -0.9992
vn 0.2766 0.9117 -0.3037
vn 0.2867 0.9450 -0.1573
vn 0.2867 0.9452 -0.1564
vn -0.9236 0.3833 -0.0048
vn -0.9235 0.3835 -0.0048
vn -0.9229 0.3851 -0.0054
vn -0.9228 0.3853 -0.0054
vn 0.4175 0.7810 -0.4645
vn 0.4575 0.8560 -0.2409
vn 0.0193 0.0362 -0.9992
vn 0.0533 0.0998 -0.9936
vn 0.4577 0.8563 -0.2395
vn 0.0316 0.0259 -0.9992
vn 0.6047 0.7369 -0.3022
vn 0.6267 0.7636 -0.1556
vn 0.8310 -0.5563 0.0048
vn 0.8298 -0.5580 0.0054
vn 0.8300 -0.5577 0.0054
vn 0.6267 0.7637 -0.1548
vn 0.8311 -0.5561 0.0048
vn -0.7065 0.7077 -0.0046
vn -0.7053 0.7089 -0.0051
vn -0.7051 0.7091 -0.0052
vn -0.7066 0.7076 -0.0046
vn -0.7077 0.7065 -0.0048
vn 0.7508 0.6162 -0.2380
vn 0.7529 0.6179 0.2269
vn 0.7531 0.6180 0.2256
vn 0.6851 0.5622 -0.4632
vn 0.7506 0.6160 -0.2392
vn 0.5562 -0.8310 0.0044
vn 0.6889 0.5654 0.4535
vn 0.5551 -0.8318 0.0042
vn 0.5549 -0.8319 0.0043
vn 0.5537 -0.8327 0.0047
vn 0.5535 -0.8329 0.0048
vn 0.0317 0.0260 -0.9992
vn 0.0874 0.0717 -0.9936
vn 0.8411 0.4496 -0.3008
vn 0.8714 0.4658 -0.1540
vn 0.8715 0.4658 -0.1533
vn -0.3820 0.9241 -0.0037
vn -0.3808 0.9246 -0.0042
vn -0.3806 0.9247 -0.0042
vn -0.3822 0.9241 -0.0037
vn -0.8315 -0.5556 -0.0000
vn -0.9239 -0.3827 -0.0000
vn -0.5556 -0.8315 -0.0000
vn -0.3827 -0.9239 -0.0000
vn -0.1951 -0.9808 -0.0000
vn 0.1951 -0.9808 -0.0000
vn 0.3827 -0.9239 -0.0000
vn 0.4594 0.8595 0.2239
vn 0.4593 0.8592 0.2253
vn 0.4204 0.7866 0.4523
vn -0.9242 0.3819 -0.0050
vn -0.9108 0.2763 -0.3068
vn -0.1128 0.0111 -0.9936
vn 0.1942 0.9810 -0.0016
vn 0.1943 0.9809 -0.0016
vn -0.9650 0.0950 -0.2443
vn -0.8798 0.0867 -0.4674
vn 0.0003 -1.0000 0.0023
vn 0.0004 -1.0000 0.0023
vn 0.0012 -1.0000 0.0025
vn -0.9825 -0.0968 -0.1593
vn -0.9824 -0.0968 -0.1598
vn -0.9474 -0.0933 -0.3062
vn 0.0014 -1.0000 0.0026
vn -0.1957 0.9807 -0.0031
vn -0.1955 0.9807 -0.0030
vn -0.1967 0.9805 -0.0034
vn -0.1969 0.9804 -0.0035
vn -0.9806 0.1959 -0.0048
vn -0.3833 0.9236 -0.0039
vn -0.5534 0.8329 -0.0047
vn -0.4204 -0.7866 0.4523
vt 0.228492 0.721847
vt 0.243272 0.729228
vt 0.228492 0.729228
vt 0.256616 0.587695
vt 0.249486 0.570483
vt 0.260306 0.581303
vt 0.241836 0.583735
vt 0.241836 0.599036
vt 0.256616 0.595076
vt 0.243272 0.736609
vt 0.228492 0.736609
vt 0.173858 0.918024
vt 0.170167 0.931796
vt 0.156395 0.935487
vt 0.150003 0.911632
vt 0.150003 0.931796
vt 0.146312 0.925404
vt 0.163775 0.935487
vt 0.243272 0.743989
vt 0.228492 0.788274
vt 0.243272 0.788274
vt 0.243272 0.795655
vt 0.228492 0.795655
vt 0.146312 0.918024
vt 0.243272 0.803036
vt 0.163775 0.907941
vt 0.156395 0.907941
vt 0.243272 0.780893
vt 0.228492 0.780893
vt 0.228492 0.773513
vt 0.170167 0.911632
vt 0.243272 0.773513
vt 0.284161 0.595076
vt 0.284161 0.587695
vt 0.298941 0.583735
vt 0.291290 0.612287
vt 0.280471 0.601468
vt 0.228492 0.766132
vt 0.298941 0.599036
vt 0.274079 0.605158
vt 0.278039 0.619938
vt 0.938390 0.160235
vt 0.938390 0.144934
vt 0.956618 0.144934
vt 0.956618 0.160235
vt 0.956618 0.129633
vt 0.262738 0.619938
vt 0.938390 0.129633
vt 0.956618 0.114331
vt 0.325226 0.929546
vt 0.290231 0.944544
vt 0.290231 0.913230
vt 0.915727 0.144934
vt 0.915727 0.129633
vt 0.938390 0.114331
vt 0.350932 0.888611
vt 0.350932 0.929546
vt 0.325226 0.888611
vt 0.851024 0.160235
vt 0.915727 0.160235
vt 0.385758 0.944544
vt 0.411464 0.913230
vt 0.411464 0.944544
vt 0.350764 0.929546
vt 0.385758 0.913230
vt 0.851024 0.144934
vt 0.419189 0.837161
vt 0.393483 0.891019
vt 0.393483 0.837161
vt 0.350764 0.851089
vt 0.419189 0.891019
vt 0.350764 0.888611
vt 0.325057 0.888611
vt 0.379671 0.816690
vt 0.350764 0.818978
vt 0.325057 0.818978
vt 0.325057 0.851089
vt 0.282338 0.891019
vt 0.325057 0.929546
vt 0.290063 0.913230
vt 0.282338 0.837161
vt 0.296150 0.816690
vt 0.325057 0.775777
vt 0.300003 0.798059
vt 0.296150 0.803821
vt 0.375818 0.736050
vt 0.401525 0.736050
vt 0.401525 0.798059
vt 0.375818 0.798059
vt 0.379671 0.803821
vt 0.405377 0.803821
vt 0.300002 0.736050
vt 0.405377 0.816690
vt 0.366864 0.731655
vt 0.392570 0.626370
vt 0.392570 0.731655
vt 0.308957 0.731655
vt 0.325057 0.660871
vt 0.308957 0.626370
vt 0.366864 0.588297
vt 0.392570 0.588297
vt 0.350764 0.660871
vt 0.366864 0.626370
vt 0.350764 0.775777
vt 0.948007 0.421428
vt 0.948007 0.479114
vt 0.557964 0.479113
vt 0.851024 0.175537
vt 0.557964 0.366945
vt 0.948007 0.366945
vt 0.021310 0.983311
vt 0.035762 0.968010
vt 0.035762 0.983311
vt 0.557964 0.421427
vt 0.557964 0.309259
vt 0.503482 0.366945
vt 0.948007 0.533596
vt 0.557964 0.533595
vt 0.948007 0.309259
vt 0.503482 0.309259
vt 0.051522 0.897372
vt 0.051522 0.882920
vt 0.066823 0.882920
vt 0.836572 0.190838
vt 0.759651 0.175536
vt 0.836572 0.175537
vt 0.066823 0.897372
vt 0.836572 0.160235
vt 0.759651 0.190838
vt 0.053261 0.802122
vt 0.072783 0.803502
vt 0.066512 0.809773
vt 0.074163 0.823024
vt 0.759651 0.160235
vt 0.082729 0.820729
vt 0.082729 0.840620
vt 0.759651 0.144934
vt 0.836572 0.144934
vt 0.074163 0.838325
vt 0.021310 0.968010
vt 0.035762 0.952709
vt 0.021310 0.952709
vt 0.836572 0.129633
vt 0.035762 0.937407
vt 0.021310 0.937407
vt 0.759651 0.129633
vt 0.836572 0.114331
vt 0.526915 0.276734
vt 0.526915 0.058228
vt 0.557437 0.058228
vt 0.494599 0.058228
vt 0.494599 0.276734
vt 0.557437 0.276734
vt 0.759651 0.114331
vt 0.836572 0.099030
vt 0.589753 0.276734
vt 0.620275 0.058228
vt 0.620275 0.276734
vt 0.052560 0.983337
vt 0.067012 0.968036
vt 0.067012 0.983337
vt 0.052560 0.968036
vt 0.759651 0.099030
vt 0.836572 0.083729
vt 0.052560 0.952734
vt 0.067012 0.952734
vt 0.759651 0.083729
vt 0.836572 0.068427
vt 0.759651 0.068427
vt 0.017057 0.838325
vt 0.024708 0.851577
vt 0.018438 0.857847
vt 0.037959 0.859227
vt 0.709475 0.040120
vt 0.751086 0.020228
vt 0.751085 0.040120
vt 0.008492 0.840620
vt 0.709475 0.060012
vt 0.751085 0.060012
vt 0.035664 0.867793
vt 0.709475 0.079903
vt 0.751085 0.079903
vt 0.053261 0.859227
vt 0.055556 0.867793
vt 0.709475 0.099795
vt 0.751085 0.099795
vt 0.066512 0.851576
vt 0.072783 0.857847
vt 0.709475 0.119687
vt 0.751085 0.119687
vt 0.709475 0.139578
vt 0.635238 0.239037
vt 0.635238 0.219145
vt 0.645184 0.201918
vt 0.682302 0.191973
vt 0.709475 0.219145
vt 0.662410 0.266209
vt 0.662410 0.191973
vt 0.709475 0.159470
vt 0.751085 0.139578
vt 0.751085 0.179362
vt 0.709475 0.179362
vt 0.751085 0.159470
vt 0.055556 0.793556
vt 0.035664 0.793556
vt 0.709475 0.199253
vt 0.751085 0.199254
vt 0.037959 0.802122
vt 0.751085 0.219145
vt 0.024708 0.809773
vt 0.018437 0.803502
vt 0.759651 0.206139
vt 0.836572 0.206139
vt 0.759651 0.221440
vt 0.020919 0.882920
vt 0.036221 0.882920
vt 0.036221 0.897372
vt 0.836572 0.221441
vt 0.851024 0.206139
vt 0.851024 0.190838
vt 0.915727 0.190838
vt 0.915727 0.206139
vt 0.020919 0.897372
vt 0.851024 0.221440
vt 0.915727 0.221440
vt 0.385663 0.943396
vt 0.411369 0.912082
vt 0.411369 0.943396
vt 0.350668 0.928398
vt 0.385663 0.912082
vt 0.938390 0.190838
vt 0.938390 0.206139
vt 0.419094 0.836013
vt 0.393387 0.889871
vt 0.393387 0.836013
vt 0.350668 0.849941
vt 0.419094 0.889871
vt 0.350668 0.887463
vt 0.324962 0.887463
vt 0.379575 0.815542
vt 0.350668 0.817830
vt 0.324962 0.817830
vt 0.324962 0.849941
vt 0.282243 0.889871
vt 0.324962 0.928398
vt 0.289967 0.912082
vt 0.352735 0.927365
vt 0.327029 0.886430
vt 0.352735 0.886430
vt 0.327029 0.927365
vt 0.915727 0.236742
vt 0.938390 0.221440
vt 0.938390 0.236742
vt 0.956618 0.221440
vt 0.289967 0.943396
vt 0.956618 0.206139
vt 0.280471 0.581303
vt 0.274079 0.577613
vt 0.278039 0.562833
vt 0.291290 0.570483
vt 0.956618 0.190838
vt 0.266698 0.577613
vt 0.262738 0.562833
vt 0.228492 0.803036
vt 0.243272 0.810416
vt 0.228492 0.810416
vt 0.938390 0.175537
vt 0.956618 0.175537
vt 0.350258 0.928233
vt 0.324552 0.928233
vt 0.324552 0.887298
vt 0.385253 0.911917
vt 0.385253 0.943231
vt 0.915727 0.175537
vt 0.350258 0.887298
vt 0.410959 0.911917
vt 0.392977 0.835848
vt 0.418684 0.889706
vt 0.392977 0.889706
vt 0.350258 0.849775
vt 0.418684 0.835848
vt 0.379166 0.815377
vt 0.350258 0.817665
vt 0.379166 0.802508
vt 0.404872 0.815377
vt 0.375313 0.796746
vt 0.350258 0.774464
vt 0.404872 0.802508
vt 0.375313 0.734737
vt 0.401019 0.796746
vt 0.366359 0.730342
vt 0.350258 0.659558
vt 0.401019 0.734737
vt 0.392065 0.730342
vt 0.366359 0.625057
vt 0.308451 0.730342
vt 0.308451 0.625057
vt 0.324552 0.659558
vt 0.392065 0.625057
vt 0.324552 0.774464
vt 0.299497 0.796746
vt 0.299497 0.734737
vt 0.324552 0.817665
vt 0.324552 0.849775
vt 0.295645 0.815377
vt 0.295645 0.802508
vt 0.281833 0.889706
vt 0.281833 0.835848
vt 0.392065 0.586984
vt 0.366358 0.586984
vt 0.289557 0.943231
vt 0.289557 0.911916
vt 0.410959 0.943231
vt 0.956618 0.236742
vt 0.938390 0.068427
vt 0.938390 0.053126
vt 0.956618 0.053126
vt 0.173330 0.559910
vt 0.134555 0.601420
vt 0.143669 0.554187
vt 0.099658 0.565221
vt 0.106630 0.529090
vt 0.069997 0.559498
vt 0.081512 0.599051
vt 0.050395 0.666254
vt 0.049614 0.599424
vt 0.082293 0.665881
vt 0.135099 0.647979
vt 0.100494 0.693560
vt 0.137123 0.688827
vt 0.101305 0.709930
vt 0.068604 0.711550
vt 0.067793 0.695180
vt 0.106569 0.717018
vt 0.139846 0.743783
vt 0.110477 0.795900
vt 0.077776 0.797520
vt 0.073868 0.718638
vt 0.122145 0.800926
vt 0.147088 0.889956
vt 0.089444 0.802547
vt 0.128781 0.934861
vt 0.172547 0.742163
vt 0.179790 0.888336
vt 0.098480 0.984914
vt 0.131181 0.983294
vt 0.195810 0.797276
vt 0.203015 0.712239
vt 0.206923 0.791121
vt 0.169824 0.687207
vt 0.206741 0.688296
vt 0.207553 0.704666
vt 0.167800 0.646359
vt 0.209319 0.591439
vt 0.220160 0.653917
vt 0.163364 0.604294
vt 0.096080 0.936481
vt 0.202446 0.931211
vt 0.220160 0.554180
vt 0.076970 0.523366
vt 0.915727 0.083729
vt 0.915727 0.068427
vt 0.851024 0.083729
vt 0.851024 0.068427
vt 0.915727 0.053126
vt 0.938390 0.083729
vt 0.411623 0.944176
vt 0.385917 0.944176
vt 0.385917 0.912862
vt 0.851024 0.099030
vt 0.915727 0.099030
vt 0.350922 0.929178
vt 0.419347 0.836793
vt 0.393641 0.890651
vt 0.393641 0.836793
vt 0.350922 0.850721
vt 0.419347 0.890651
vt 0.411623 0.912862
vt 0.350922 0.888243
vt 0.325216 0.888243
vt 0.379829 0.816322
vt 0.350922 0.818610
vt 0.325216 0.850721
vt 0.282497 0.890651
vt 0.325216 0.929178
vt 0.290221 0.912862
vt 0.915727 0.114331
vt 0.938390 0.099030
vt 0.956618 0.099030
vt 0.290221 0.944176
vt 0.266698 0.605158
vt 0.249486 0.612287
vt 0.260306 0.601468
vt 0.956618 0.083729
vt 0.228492 0.743989
vt 0.243272 0.751370
vt 0.228492 0.751370
vt 0.243272 0.758751
vt 0.228492 0.758751
vt 0.243272 0.766132
vt 0.173858 0.925404
vt 0.851024 0.129633
vt 0.385927 0.944544
vt 0.411633 0.913230
vt 0.411633 0.944544
vt 0.385927 0.913230
vt 0.851024 0.114331
vt 0.393651 0.837161
vt 0.419357 0.891019
vt 0.393651 0.891019
vt 0.350932 0.851088
vt 0.379839 0.816690
vt 0.350932 0.818978
vt 0.325226 0.851088
vt 0.325226 0.818978
vt 0.282507 0.891019
vt 0.282507 0.837160
vt 0.296319 0.816690
vt 0.350932 0.775777
vt 0.325226 0.775777
vt 0.300171 0.798059
vt 0.296319 0.803821
vt 0.375987 0.798059
vt 0.375987 0.736050
vt 0.367033 0.731655
vt 0.350932 0.660871
vt 0.392739 0.626370
vt 0.367033 0.626370
vt 0.367033 0.588297
vt 0.392739 0.588297
vt 0.325226 0.660871
vt 0.309125 0.731655
vt 0.309125 0.626370
vt 0.392739 0.731655
vt 0.401693 0.736050
vt 0.401693 0.798059
vt 0.300171 0.736050
vt 0.379839 0.803821
vt 0.405545 0.803821
vt 0.405545 0.816690
vt 0.419357 0.837161
vt 0.325216 0.818610
vt 0.379829 0.803453
vt 0.375977 0.797691
vt 0.350922 0.775409
vt 0.296309 0.816322
vt 0.325216 0.775409
vt 0.300161 0.797691
vt 0.296309 0.803453
vt 0.401683 0.735682
vt 0.401683 0.797691
vt 0.405536 0.816322
vt 0.405536 0.803453
vt 0.300161 0.735682
vt 0.375977 0.735682
vt 0.367023 0.731287
vt 0.392729 0.626002
vt 0.392729 0.731287
vt 0.309115 0.731287
vt 0.325216 0.660503
vt 0.309116 0.626002
vt 0.367023 0.587929
vt 0.392729 0.587929
vt 0.350922 0.660503
vt 0.367023 0.626002
vt 0.282497 0.836793
vt 0.956618 0.068427
vt 0.851024 0.053126
vt 0.851024 0.236742
vt 0.836573 0.053126
vt 0.520375 0.282086
vt 0.550897 0.063579
vt 0.550897 0.282086
vt 0.583213 0.063579
vt 0.583213 0.282086
vt 0.520375 0.063579
vt 0.488059 0.063579
vt 0.488059 0.033057
vt 0.520375 0.033058
vt 0.613735 0.063579
vt 0.488059 0.282086
vt 0.613735 0.282086
vt 0.759651 0.236742
vt 0.836572 0.236742
vt 0.759651 0.053126
vt 0.017057 0.823024
vt 0.751085 0.239037
vt 0.008492 0.820729
vt 0.709475 0.020228
vt 0.709475 0.000336
vt 0.751086 0.000337
vt 0.709475 0.239037
vt 0.699529 0.256264
vt 0.682302 0.266209
vt 0.282243 0.836013
vt 0.296055 0.815542
vt 0.350668 0.774630
vt 0.324962 0.774630
vt 0.299907 0.796911
vt 0.296055 0.802674
vt 0.375723 0.796911
vt 0.375723 0.734902
vt 0.366769 0.730507
vt 0.350668 0.659723
vt 0.392475 0.625222
vt 0.366769 0.625222
vt 0.366769 0.587149
vt 0.392475 0.587149
vt 0.324962 0.659723
vt 0.308861 0.730507
vt 0.308861 0.625222
vt 0.401429 0.734902
vt 0.392475 0.730507
vt 0.401429 0.796911
vt 0.299907 0.734902
vt 0.379575 0.802674
vt 0.405282 0.802674
vt 0.405282 0.815542
vt 0.699529 0.201918
vt 0.645184 0.256264
vt 0.589753 0.058228
vt 0.494599 0.027706
vt 0.526916 0.027706
vt 0.290063 0.944544
vt 0.243272 0.721847
vt 0.463198 0.313196
vt 0.463198 0.328834
vt 0.370971 0.313196
vt 0.370971 0.297559
vt 0.714364 0.807179
vt 0.738443 0.817153
vt 0.735675 0.826278
vt 0.370971 0.328834
vt 0.764004 0.822237
vt 0.709869 0.815589
vt 0.167011 0.396460
vt 0.158650 0.395956
vt 0.158135 0.369184
vt 0.166835 0.369685
vt 0.165183 0.423701
vt 0.763070 0.831727
vt 0.156610 0.423578
vt 0.123454 0.374054
vt 0.123234 0.390341
vt 0.151994 0.398978
vt 0.151679 0.420572
vt 0.167260 0.449749
vt 0.158775 0.450670
vt 0.121990 0.429225
vt 0.172467 0.476584
vt 0.164290 0.478478
vt 0.122046 0.446629
vt 0.154006 0.454103
vt 0.156992 0.476279
vt 0.120880 0.479912
vt 0.119490 0.457566
vt 0.085944 0.477883
vt 0.124579 0.492912
vt 0.080586 0.488869
vt 0.073669 0.514976
vt 0.127463 0.519765
vt 0.290913 0.015179
vt 0.335382 0.037141
vt 0.328964 0.039509
vt 0.172648 0.504207
vt 0.242449 0.037870
vt 0.233582 0.024876
vt 0.286007 0.032051
vt 0.332481 0.068820
vt 0.325461 0.064592
vt 0.286956 0.059755
vt 0.345704 0.039273
vt 0.342453 0.069975
vt 0.329673 0.099297
vt 0.290543 0.092519
vt 0.289969 0.072326
vt 0.324113 0.102592
vt 0.252556 0.095964
vt 0.256458 0.106076
vt 0.288101 0.104167
vt 0.331184 0.129587
vt 0.324007 0.126238
vt 0.289845 0.124798
vt 0.339303 0.099868
vt 0.340279 0.129776
vt 0.329987 0.158530
vt 0.293109 0.153048
vt 0.292641 0.135540
vt 0.258379 0.154564
vt 0.261221 0.164157
vt 0.290718 0.163688
vt 0.324675 0.161791
vt 0.331876 0.187947
vt 0.324821 0.184658
vt 0.291940 0.183036
vt 0.339275 0.158705
vt 0.340828 0.188084
vt 0.330506 0.216454
vt 0.294368 0.210380
vt 0.294372 0.193449
vt 0.260363 0.210602
vt 0.262736 0.220137
vt 0.325185 0.219577
vt 0.291744 0.220726
vt 0.231384 0.218722
vt 0.231244 0.240199
vt 0.263338 0.239578
vt 0.294468 0.250204
vt 0.260625 0.248994
vt 0.292381 0.239804
vt 0.260078 0.266126
vt 0.324868 0.242232
vt 0.331817 0.245671
vt 0.293958 0.267009
vt 0.339704 0.216743
vt 0.340723 0.245998
vt 0.329767 0.274029
vt 0.338930 0.274543
vt 0.330324 0.303213
vt 0.324378 0.277004
vt 0.323472 0.299592
vt 0.291124 0.296305
vt 0.291055 0.277240
vt 0.292899 0.306779
vt 0.262067 0.295184
vt 0.259016 0.304525
vt 0.229832 0.294663
vt 0.262125 0.275717
vt 0.224315 0.269797
vt 0.230768 0.273137
vt 0.224696 0.297386
vt 0.216582 0.269747
vt 0.216784 0.297118
vt 0.221776 0.324113
vt 0.214126 0.323709
vt 0.221057 0.351885
vt 0.257893 0.321723
vt 0.226341 0.349346
vt 0.228128 0.327705
vt 0.259650 0.331438
vt 0.291912 0.323620
vt 0.288744 0.333824
vt 0.258942 0.351124
vt 0.327577 0.331501
vt 0.322123 0.334359
vt 0.327561 0.360707
vt 0.320769 0.356954
vt 0.288321 0.353069
vt 0.336719 0.332214
vt 0.336426 0.361379
vt 0.333693 0.389740
vt 0.324539 0.389054
vt 0.289873 0.363722
vt 0.288529 0.380899
vt 0.333784 0.418815
vt 0.324877 0.418477
vt 0.319072 0.391933
vt 0.285166 0.391303
vt 0.317968 0.414800
vt 0.284511 0.411384
vt 0.253669 0.408668
vt 0.286154 0.422659
vt 0.249583 0.418440
vt 0.246670 0.437584
vt 0.284891 0.441480
vt 0.323464 0.447492
vt 0.247497 0.448884
vt 0.318195 0.450976
vt 0.281567 0.453098
vt 0.320481 0.475142
vt 0.284971 0.491514
vt 0.281768 0.477292
vt 0.328339 0.477886
vt 0.337202 0.475910
vt 0.345704 0.502226
vt 0.338011 0.505703
vt 0.171549 0.075379
vt 0.160811 0.073588
vt 0.169558 0.040345
vt 0.179868 0.044214
vt 0.287163 0.521942
vt 0.119881 0.015179
vt 0.160326 0.042484
vt 0.154813 0.069077
vt 0.169987 0.106548
vt 0.160215 0.105757
vt 0.116481 0.077424
vt 0.167973 0.137966
vt 0.158204 0.137724
vt 0.117514 0.099246
vt 0.152454 0.109459
vt 0.152470 0.134410
vt 0.169529 0.167784
vt 0.160191 0.167626
vt 0.119269 0.145264
vt 0.168727 0.198273
vt 0.159283 0.198221
vt 0.120497 0.163674
vt 0.152942 0.171416
vt 0.153709 0.195132
vt 0.170397 0.227292
vt 0.161321 0.227102
vt 0.122208 0.205692
vt 0.169276 0.256968
vt 0.160090 0.256773
vt 0.123136 0.223048
vt 0.154260 0.230697
vt 0.154724 0.253691
vt 0.170358 0.285248
vt 0.161530 0.284878
vt 0.124016 0.263348
vt 0.168619 0.314106
vt 0.159683 0.313716
vt 0.124518 0.280135
vt 0.154589 0.288215
vt 0.154532 0.310599
vt 0.169061 0.341645
vt 0.160476 0.341108
vt 0.124394 0.319278
vt 0.124473 0.335667
vt 0.153654 0.344209
vt 0.153167 0.366055
vt 0.122168 0.345666
vt 0.121138 0.364064
vt 0.094039 0.345321
vt 0.093187 0.364097
vt 0.090791 0.373249
vt 0.063041 0.365019
vt 0.063050 0.344329
vt 0.056719 0.367919
vt 0.058216 0.341468
vt 0.049014 0.367742
vt 0.049333 0.393103
vt 0.057243 0.393467
vt 0.090475 0.389861
vt 0.053886 0.419402
vt 0.061812 0.396549
vt 0.046359 0.418638
vt 0.060365 0.416966
vt 0.090939 0.418227
vt 0.092547 0.399152
vt 0.119608 0.418936
vt 0.120788 0.400249
vt 0.087978 0.427577
vt 0.086741 0.445265
vt 0.051199 0.444065
vt 0.088026 0.455485
vt 0.056788 0.448240
vt 0.051830 0.469042
vt 0.046291 0.470494
vt 0.038478 0.467473
vt 0.033685 0.493445
vt 0.026911 0.489005
vt 0.191969 0.059762
vt 0.198494 0.055508
vt 0.211380 0.080836
vt 0.206209 0.055415
vt 0.215524 0.076103
vt 0.249599 0.076052
vt 0.250092 0.064169
vt 0.216702 0.107579
vt 0.203469 0.083531
vt 0.208829 0.109207
vt 0.222050 0.134794
vt 0.223724 0.109676
vt 0.226673 0.131285
vt 0.257423 0.136875
vt 0.259234 0.126821
vt 0.222937 0.161574
vt 0.213874 0.135800
vt 0.215034 0.162241
vt 0.225652 0.188924
vt 0.229639 0.164336
vt 0.230527 0.185808
vt 0.262623 0.183804
vt 0.260283 0.193386
vt 0.224825 0.215629
vt 0.217544 0.189326
vt 0.216997 0.215890
vt 0.226228 0.243098
vt 0.218218 0.243158
vt 0.649094 0.730550
vt 0.640662 0.733468
vt 0.635238 0.706199
vt 0.644010 0.704989
vt 0.635238 0.678395
vt 0.463198 0.485208
vt 0.370971 0.500845
vt 0.370971 0.485208
vt 0.463197 0.500845
vt 0.463198 0.469570
vt 0.644010 0.678926
vt 0.909343 0.676899
vt 0.904258 0.651337
vt 0.913384 0.648569
vt 0.370971 0.469570
vt 0.894285 0.627259
vt 0.902695 0.622764
vt 0.909343 0.702961
vt 0.918833 0.675964
vt 0.463198 0.453933
vt 0.370971 0.453933
vt 0.463198 0.438295
vt 0.673547 0.776299
vt 0.651302 0.759155
vt 0.659068 0.754629
vt 0.370971 0.422658
vt 0.370971 0.438295
vt 0.463198 0.422658
vt 0.691976 0.794728
vt 0.666749 0.782273
vt 0.370971 0.407021
vt 0.463198 0.407021
vt 0.713646 0.809207
vt 0.686409 0.801933
vt 0.370971 0.391383
vt 0.463198 0.391383
vt 0.737725 0.819181
vt 0.709527 0.817380
vt 0.370971 0.375746
vt 0.463198 0.375746
vt 0.763286 0.824265
vt 0.735214 0.828020
vt 0.370971 0.360108
vt 0.789349 0.824265
vt 0.762483 0.833444
vt 0.463198 0.360108
vt 0.790066 0.822237
vt 0.815628 0.817153
vt 0.818396 0.826278
vt 0.370971 0.344471
vt 0.839707 0.807179
vt 0.844202 0.815589
vt 0.791001 0.831727
vt 0.463198 0.344471
vt 0.814910 0.819181
vt 0.790287 0.833444
vt 0.817556 0.828020
vt 0.843243 0.817380
vt 0.838989 0.809207
vt 0.044019 0.442955
vt 0.861377 0.792700
vt 0.867426 0.800071
vt 0.879805 0.774271
vt 0.887177 0.780320
vt 0.894285 0.752601
vt 0.902695 0.757096
vt 0.904258 0.728522
vt 0.913384 0.731290
vt 0.918833 0.703896
vt 0.370971 0.516482
vt 0.463197 0.516482
vt 0.640662 0.651126
vt 0.649094 0.653365
vt 0.370971 0.532120
vt 0.463197 0.532120
vt 0.651302 0.625439
vt 0.659068 0.629286
vt 0.370971 0.547757
vt 0.463197 0.047360
vt 0.370971 0.047360
vt 0.463197 0.031723
vt 0.666749 0.602321
vt 0.673547 0.607616
vt 0.213208 0.351192
vt 0.216807 0.378743
vt 0.209195 0.377809
vt 0.686409 0.582661
vt 0.214289 0.406953
vt 0.691976 0.589188
vt 0.206428 0.405494
vt 0.709527 0.567214
vt 0.207244 0.434157
vt 0.199605 0.432092
vt 0.713646 0.574708
vt 0.735214 0.556574
vt 0.370971 0.078635
vt 0.463197 0.062998
vt 0.463198 0.078635
vt 0.370971 0.094272
vt 0.463197 0.094272
vt 0.737725 0.564735
vt 0.762483 0.551150
vt 0.763286 0.559650
vt 0.463198 0.109910
vt 0.370971 0.109910
vt 0.764004 0.557622
vt 0.738442 0.562707
vt 0.735674 0.553581
vt 0.714364 0.572680
vt 0.370971 0.125547
vt 0.692694 0.587160
vt 0.709869 0.564270
vt 0.370971 0.141185
vt 0.463198 0.125547
vt 0.463198 0.141185
vt 0.789349 0.559650
vt 0.814910 0.564735
vt 0.790287 0.551150
vt 0.020130 0.091446
vt 0.009813 0.061933
vt 0.018582 0.057989
vt 0.180339 0.484432
vt 0.200389 0.463003
vt 0.186607 0.488547
vt 0.192339 0.459952
vt 0.817556 0.556574
vt 0.206531 0.461756
vt 0.228403 0.513091
vt 0.237048 0.485294
vt 0.243700 0.473532
vt 0.213167 0.439072
vt 0.056664 0.025195
vt 0.025431 0.058675
vt 0.066559 0.039417
vt 0.114624 0.033729
vt 0.072950 0.069125
vt 0.113107 0.063815
vt 0.072573 0.082226
vt 0.034882 0.082805
vt 0.028899 0.088586
vt 0.029619 0.120286
vt 0.038224 0.118329
vt 0.076492 0.104098
vt 0.044384 0.120545
vt 0.081278 0.114892
vt 0.083272 0.137458
vt 0.115812 0.133974
vt 0.115433 0.111831
vt 0.081912 0.148324
vt 0.048767 0.144216
vt 0.042244 0.148682
vt 0.034042 0.149940
vt 0.039481 0.178037
vt 0.047846 0.177070
vt 0.084004 0.167127
vt 0.053480 0.179609
vt 0.087754 0.177017
vt 0.088710 0.197639
vt 0.118734 0.174918
vt 0.119002 0.195084
vt 0.087042 0.207742
vt 0.056025 0.202191
vt 0.049528 0.206077
vt 0.041484 0.206725
vt 0.045241 0.234071
vt 0.053463 0.233539
vt 0.088395 0.225482
vt 0.091636 0.235013
vt 0.058784 0.236201
vt 0.091945 0.254751
vt 0.060377 0.258030
vt 0.053956 0.261559
vt 0.046032 0.261886
vt 0.048704 0.288517
vt 0.056812 0.288256
vt 0.090849 0.281573
vt 0.090055 0.264429
vt 0.061882 0.291009
vt 0.093689 0.290894
vt 0.122432 0.290433
vt 0.121824 0.309192
vt 0.093423 0.310040
vt 0.091310 0.319398
vt 0.062713 0.312212
vt 0.056363 0.315434
vt 0.048549 0.315527
vt 0.050214 0.341489
vt 0.091575 0.336125
vt 0.893567 0.754629
vt 0.903541 0.730551
vt 0.912108 0.733468
vt 0.917532 0.706199
vt 0.901468 0.759155
vt 0.370971 0.266284
vt 0.463198 0.281921
vt 0.370971 0.281921
vt 0.463198 0.266284
vt 0.463198 0.297559
vt 0.879087 0.776299
vt 0.860659 0.794728
vt 0.886021 0.782273
vt 0.692694 0.792700
vt 0.666894 0.780321
vt 0.674265 0.774271
vt 0.686645 0.800071
vt 0.651376 0.757096
vt 0.659786 0.752601
vt 0.370971 0.250647
vt 0.463198 0.250647
vt 0.370971 0.235009
vt 0.640687 0.731291
vt 0.649812 0.728523
vt 0.635238 0.703896
vt 0.644728 0.702961
vt 0.463198 0.235009
vt 0.370971 0.219372
vt 0.908625 0.678927
vt 0.903541 0.653365
vt 0.912108 0.651126
vt 0.463198 0.219372
vt 0.908625 0.704989
vt 0.917532 0.678395
vt 0.901468 0.625439
vt 0.893567 0.629287
vt 0.370971 0.203734
vt 0.463198 0.203734
vt 0.370971 0.188097
vt 0.463198 0.188097
vt 0.879088 0.607616
vt 0.886021 0.602321
vt 0.463198 0.172459
vt 0.860659 0.589188
vt 0.866361 0.582661
vt 0.370971 0.172460
vt 0.463198 0.156822
vt 0.838989 0.574708
vt 0.843243 0.567214
vt 0.370971 0.156822
vt 0.674265 0.605589
vt 0.686645 0.579788
vt 0.659786 0.627259
vt 0.666894 0.599539
vt 0.649812 0.651337
vt 0.651376 0.622764
vt 0.644728 0.676899
vt 0.640687 0.648569
vt 0.635238 0.675964
vt 0.121125 0.253054
vt 0.121263 0.233731
vt 0.791001 0.548132
vt 0.790067 0.557622
vt 0.763069 0.548132
vt 0.332774 0.447174
vt 0.818396 0.553581
vt 0.815628 0.562706
vt 0.370971 0.062998
vt 0.844202 0.564270
vt 0.839706 0.572680
vt 0.219866 0.404702
vt 0.223033 0.382717
vt 0.255193 0.388103
vt 0.253752 0.378056
vt 0.255515 0.360497
vt 0.867426 0.579788
vt 0.861377 0.587160
vt 0.879805 0.605589
vt 0.887177 0.599539
vt 0.339206 0.303762
vt 0.866361 0.801933
vt 0.179868 0.501131
s 1
usemtl SpacialRoverExploreralumGray
f 475/873/322 476/874/322 480/875/322
f 481/876/320 476/877/321 475/871/321
f 475/873/324 478/879/325 477/880/324
f 475/873/324 479/881/325 478/879/325
f 475/873/322 480/875/322 479/881/322
f 481/876/320 475/871/321 472/866/320
f 485/882/326 481/876/320 482/883/319
f 481/884/327 483/885/328 482/886/327
f 472/887/329 486/888/329 481/884/329
f 481/884/327 486/888/328 483/885/328
f 485/882/326 484/889/308 481/876/320
f 484/889/308 476/877/321 481/876/320
f 488/890/330 486/891/328 487/892/331
f 486/891/329 490/893/329 487/892/329
f 488/890/330 483/894/328 486/891/328
f 472/887/329 489/895/329 486/888/329
f 486/891/329 489/895/329 490/893/329
f 490/893/332 489/895/333 494/896/333
f 487/897/329 490/893/329 491/898/329
f 490/893/332 492/899/334 491/898/335
f 490/893/332 493/900/332 492/899/334
f 490/893/332 494/896/333 493/900/332
f 483/901/336 493/900/336 494/896/336
f 471/902/336 483/903/336 494/896/336
f 472/887/337 494/896/333 489/895/333
f 472/887/337 471/902/337 494/896/333
f 483/901/336 488/904/336 493/900/336
f 488/905/336 492/899/336 493/900/336
f 495/906/338 491/898/335 492/899/334
f 496/907/336 495/906/336 492/899/336
f 488/905/336 496/908/336 492/899/336
f 497/909/339 499/910/339 496/911/340
f 497/909/339 496/911/340 498/912/340
f 487/897/331 498/913/340 496/914/340
f 496/907/336 499/915/336 495/906/336
f 487/897/331 496/914/340 488/916/330
f 497/917/339 500/918/341 499/919/339
f 499/920/336 501/921/336 495/906/336
f 499/920/336 500/922/336 501/921/336
f 500/918/342 502/923/343 501/924/343
f 495/906/338 501/921/343 502/925/343
f 500/918/342 503/926/342 502/923/343
f 497/917/329 502/925/329 503/926/329
f 497/917/329 504/927/329 502/925/329
f 495/906/338 502/925/343 504/927/338
f 495/906/338 504/927/338 491/898/335
f 498/912/329 491/898/329 504/927/329
f 498/912/329 504/927/329 497/909/329
f 497/917/339 503/926/341 500/918/341
f 487/897/329 491/898/329 498/913/329
f 485/928/310 505/929/310 508/930/310
f 505/931/344 485/882/326 482/883/319
f 485/928/345 509/932/345 506/933/345
f 506/934/326 484/935/308 485/936/326
f 485/928/345 507/937/345 509/932/345
f 485/928/310 508/930/310 507/937/310
f 506/933/346 509/932/346 510/938/346
f 510/938/322 509/932/322 507/939/322
f 511/940/347 510/941/347 508/930/347
f 506/933/346 510/938/346 511/942/346
f 510/938/322 507/939/322 508/943/322
f 513/944/312 512/945/312 511/946/344
f 512/947/312 514/948/311 511/949/344
f 513/944/312 511/946/344 505/950/344
f 511/940/347 508/930/347 505/929/347
f 514/948/311 506/951/326 511/949/344
f 512/947/312 515/952/312 514/948/311
f 515/953/348 516/954/349 514/955/349
f 517/956/350 514/955/349 516/954/349
f 514/948/311 517/957/309 506/951/326
f 517/956/350 518/958/350 520/959/351
f 517/956/350 516/954/349 518/958/350
f 517/957/309 519/960/308 521/961/308
f 517/956/350 520/959/351 519/962/351
f 517/957/309 521/961/308 506/951/326
f 506/934/326 521/963/308 484/935/308
f 521/963/308 522/964/315 484/935/308
f 521/963/308 523/965/315 522/964/315
f 519/960/308 523/966/315 521/961/308
f 523/965/315 524/967/352 522/964/315
f 523/965/315 526/968/352 524/967/352
f 519/960/308 525/969/315 523/966/315
f 525/969/315 526/970/352 523/966/315
f 526/971/342 527/972/342 529/973/342
f 526/971/346 528/974/346 527/972/346
f 526/971/346 531/975/346 528/974/346
f 526/971/342 529/973/342 524/976/342
f 525/969/315 530/977/314 526/970/352
f 530/977/314 531/978/353 526/970/352
f 532/979/354 528/980/354 531/981/354
f 531/982/353 533/983/316 532/984/353
f 531/982/353 535/985/316 533/983/316
f 530/977/314 534/986/313 531/978/353
f 534/986/313 535/987/316 531/978/353
f 535/985/316 537/988/317 536/989/317
f 535/985/316 536/989/317 533/983/316
f 538/990/316 537/991/317 535/987/316
f 534/986/313 538/990/316 535/987/316
f 538/990/316 539/992/317 537/991/317
f 539/993/355 538/994/356 540/995/356
f 534/996/357 540/995/356 538/994/356
f 539/993/355 540/995/356 541/1000/355
f 534/996/357 544/1003/357 540/995/356
f 530/1006/358 546/1007/358 544/1003/357
f 530/1006/358 544/1003/357 534/996/357
f 525/1010/359 548/1011/359 546/1007/358
f 525/1010/359 546/1007/358 530/1006/358
f 519/962/351 520/959/351 548/1011/359
f 519/962/351 548/1011/359 525/1010/359
f 515/953/348 554/1027/348 516/954/349
f 515/953/348 556/1028/360 554/1027/348
f 515/953/348 559/1031/360 556/1028/360
f 557/1033/363 558/1034/363 556/1028/360
f 557/1033/363 556/1028/360 559/1031/360
f 559/1035/361 515/952/312 512/947/312
f 559/1035/361 512/947/312 560/1036/361
f 557/1037/362 559/1035/361 560/1036/361
f 561/1038/364 560/1039/361 562/1040/361
f 557/1037/362 560/1036/361 561/1041/364
f 562/1040/361 560/1039/361 512/945/312
f 562/1042/361 513/1043/312 563/1044/365
f 562/1042/361 563/1044/365 565/1045/366
f 561/1038/364 562/1040/361 564/1046/364
f 564/1047/364 562/1042/361 565/1045/366
f 562/1040/361 512/945/312 513/944/312
f 564/1047/364 565/1045/366 566/1048/367
f 565/1049/368 569/1050/369 566/1051/368
f 567/1052/322 570/1053/322 565/1049/322
f 565/1045/366 568/1054/365 567/1055/366
f 565/1045/366 563/1044/365 568/1054/365
f 565/1049/368 570/1053/369 569/1050/369
f 572/1056/370 570/1057/369 571/1058/370
f 570/1057/322 574/1059/322 571/1058/322
f 572/1056/370 569/1060/369 570/1057/369
f 567/1052/322 573/1061/322 570/1053/322
f 570/1057/322 573/1061/322 574/1059/322
f 574/1059/371 573/1061/372 578/1062/372
f 571/1063/322 574/1059/322 575/1064/322
f 574/1059/371 576/1065/373 575/1064/373
f 574/1059/371 577/1066/374 576/1065/373
f 574/1059/371 578/1062/372 577/1066/374
f 569/1067/375 577/1066/375 578/1062/375
f 579/1068/375 569/1069/375 578/1062/375
f 567/1070/376 578/1071/372 573/1072/372
f 567/1070/376 579/1073/376 578/1071/372
f 580/1074/377 566/1048/367 579/1075/367
f 580/1074/377 579/1075/367 581/1076/377
f 579/1068/375 566/1078/375 569/1069/375
f 586/1092/379 568/1093/379 589/1094/380
f 586/1092/381 590/1095/381 587/1096/381
f 587/1097/378 471/865/319 586/1090/378
f 586/1092/381 588/1098/381 590/1095/381
f 586/1092/379 589/1094/380 588/1098/380
f 587/1096/382 590/1095/383 591/1099/383
f 593/1100/384 591/1101/383 590/1102/383
f 590/1102/381 588/1098/381 592/1103/381
f 590/1102/381 592/1103/381 593/1100/381
f 593/1100/384 595/1104/384 591/1101/383
f 593/1105/381 592/1103/381 594/1106/381
f 593/1105/381 594/1106/381 596/1107/381
f 595/1108/384 593/1105/384 596/1107/385
f 596/1109/381 594/1106/381 597/1110/381
f 595/1108/384 596/1107/385 598/1111/385
f 596/1109/381 597/1110/381 599/1112/381
f 599/1112/386 598/1113/385 596/1109/385
f 599/1114/381 597/1110/381 601/1115/381
f 599/1112/386 602/1116/386 598/1113/385
f 602/1117/386 599/1114/386 600/1118/387
f 599/1114/381 601/1115/381 600/1118/381
f 602/1119/388 603/1120/388 604/1121/388
f 602/1117/386 600/1118/387 603/1122/387
f 602/1119/388 604/1121/388 605/1123/388
f 598/1124/388 602/1125/388 605/1123/388
f 605/1123/389 604/1121/390 601/1115/390
f 605/1123/389 601/1115/390 597/1110/389
f 597/1110/389 606/1126/391 605/1123/389
f 598/1124/388 605/1123/388 606/1126/388
f 607/1127/392 606/1126/391 594/1106/391
f 595/1128/388 606/1126/388 607/1127/388
f 595/1128/388 598/1129/388 606/1126/388
f 597/1110/389 594/1106/391 606/1126/391
f 592/1103/392 589/1094/380 607/1127/392
f 607/1127/392 594/1106/391 592/1103/392
f 591/1130/388 595/1131/388 607/1127/388
f 591/1130/388 607/1127/388 589/1094/388
f 604/1132/390 603/1122/393 600/1118/393
f 604/1132/390 600/1118/393 601/1133/390
f 592/1103/392 588/1098/380 589/1094/380
f 568/1093/388 563/1134/388 591/1135/388
f 587/1096/382 591/1099/383 563/1136/382
f 568/1093/388 591/1135/388 589/1094/388
f 563/1044/365 505/931/344 587/1097/378
f 587/1097/378 482/883/319 471/865/319
f 505/931/344 482/883/319 587/1097/378
f 608/1141/395 609/1142/396 581/1143/395
f 581/1143/336 610/1144/336 580/1145/336
f 581/1143/336 609/1142/336 610/1144/336
f 580/1145/397 610/1144/398 611/1146/398
f 610/1147/398 612/1148/399 611/1149/398
f 610/1147/398 614/1150/400 612/1148/399
f 610/1147/336 609/1142/336 613/1151/336
f 610/1147/336 613/1151/336 614/1150/336
f 614/1152/336 613/1151/336 615/1153/336
f 614/1152/336 615/1153/336 617/1154/336
f 616/1155/401 612/1156/399 614/1152/400
f 616/1155/401 614/1152/400 617/1154/401
f 617/1157/336 615/1153/336 618/1158/336
f 617/1157/336 618/1158/336 620/1159/336
f 619/1160/402 616/1161/401 617/1157/401
f 619/1160/402 617/1157/401 620/1159/402
f 620/1162/336 618/1158/336 622/1163/336
f 619/1164/402 620/1162/402 621/1165/403
f 620/1162/336 622/1163/336 621/1165/336
f 624/1166/404 623/1167/405 622/1163/405
f 623/1168/405 621/1165/354 622/1169/405
f 624/1166/404 622/1163/405 618/1158/404
f 619/1170/329 623/1167/329 624/1166/329
f 616/1171/329 619/1172/329 624/1166/329
f 616/1171/329 624/1166/329 625/1173/329
f 618/1158/404 625/1173/406 624/1166/404
f 612/1174/329 616/1175/329 625/1173/329
f 612/1174/329 625/1173/329 626/1176/329
f 626/1176/407 625/1173/406 615/1153/406
f 618/1158/404 615/1153/406 625/1173/406
f 611/1177/329 612/1178/329 626/1176/329
f 626/1176/407 613/1151/407 609/1142/396
f 626/1176/407 615/1153/406 613/1151/407
f 611/1177/329 626/1176/329 627/1179/329
f 626/1176/407 609/1142/396 627/1179/396
f 611/1177/329 627/1179/329 608/1141/329
f 608/1141/395 627/1179/396 609/1142/396
f 623/1168/405 628/1180/354 621/1165/354
f 619/1170/329 628/1181/329 623/1167/329
f 619/1164/402 621/1165/403 628/1180/403
f 611/1177/329 608/1141/329 629/1182/329
f 580/1145/397 611/1146/398 629/1183/397
f 630/1184/408 629/1185/394 608/1138/394
f 533/1186/316 536/1187/317 629/1185/394
f 533/1186/316 629/1185/394 630/1184/408
f 536/1187/317 580/1188/377 629/1185/394
f 630/1184/408 608/1138/394 632/1189/408
f 631/1190/409 630/1191/409 633/1192/410
f 532/1193/353 630/1184/408 631/1194/411
f 632/1195/388 633/1192/388 630/1191/388
f 532/1193/353 533/1186/316 630/1184/408
f 636/1196/412 633/1197/410 634/1198/412
f 633/1197/388 638/1199/388 634/1198/388
f 636/1196/412 635/1200/410 633/1197/410
f 631/1190/409 633/1192/410 635/1201/410
f 632/1195/388 637/1202/388 633/1192/388
f 633/1197/388 637/1202/388 638/1199/388
f 638/1199/413 637/1202/414 641/1203/414
f 634/1204/388 638/1199/388 640/1205/388
f 638/1199/413 641/1203/414 639/1206/413
f 639/1206/413 640/1205/415 638/1199/413
f 635/1207/381 639/1206/381 641/1203/381
f 642/1208/381 635/1209/381 641/1203/381
f 642/1208/416 641/1203/414 637/1202/414
f 643/1210/323 631/1194/411 642/1211/411
f 643/1210/323 642/1211/411 477/878/323
f 642/1208/381 631/1213/381 635/1209/381
f 642/1208/416 637/1202/414 632/1195/416
f 522/1225/315 643/1210/323 476/877/321
f 643/1226/417 480/1227/418 476/1228/417
f 477/880/375 648/1229/375 643/1226/375
f 643/1226/417 648/1229/418 480/1227/418
f 522/1225/315 524/1230/352 643/1210/323
f 524/1230/352 631/1194/411 643/1210/323
f 649/1231/419 480/1232/418 648/1233/418
f 648/1233/375 650/1234/375 649/1231/375
f 477/880/375 478/879/375 648/1229/375
f 648/1233/375 478/879/375 650/1234/375
f 649/1235/375 650/1234/375 651/1236/375
f 652/1237/420 651/1236/421 650/1234/420
f 650/1234/420 478/879/325 479/881/325
f 650/1234/420 479/881/325 652/1237/420
f 652/1237/420 654/1238/421 651/1236/421
f 480/1239/322 653/1240/322 652/1237/322
f 653/1241/322 654/1238/322 652/1237/322
f 480/1239/322 652/1237/322 479/881/322
f 657/1242/422 654/1238/421 655/1243/422
f 656/1244/322 655/1243/322 654/1238/322
f 653/1241/322 656/1245/322 654/1238/322
f 657/1242/422 651/1236/421 654/1238/421
f 658/1246/375 651/1236/375 657/1242/375
f 658/1246/375 657/1242/375 659/1247/375
f 659/1248/375 657/1242/375 660/1249/375
f 655/1243/422 660/1249/423 657/1242/422
f 661/1250/345 663/1251/345 660/1252/423
f 661/1250/345 660/1252/423 662/1253/423
f 655/1243/422 662/1254/423 660/1249/423
f 659/1248/375 660/1249/375 663/1251/375
f 659/1248/424 663/1251/425 661/1250/425
f 664/1255/322 661/1256/322 662/1254/322
f 664/1255/322 662/1254/322 655/1243/322
f 659/1248/424 661/1250/425 664/1257/424
f 664/1258/424 658/1246/426 659/1247/424
f 664/1258/424 656/1259/427 658/1246/426
f 656/1244/322 664/1260/322 655/1243/322
f 649/1235/419 658/1261/426 656/1262/427
f 649/1235/375 651/1236/375 658/1261/375
f 649/1235/419 656/1262/427 653/1263/428
f 649/1231/419 653/1264/428 480/1232/418
f 639/1206/413 667/1265/415 640/1205/415
f 634/1204/388 640/1205/388 665/1266/388
f 665/1267/388 640/1205/388 666/1268/388
f 666/1268/429 640/1205/415 667/1265/415
f 636/1269/381 667/1265/381 639/1206/381
f 666/1268/429 667/1265/415 668/1270/429
f 669/1271/381 668/1270/381 667/1265/381
f 636/1269/381 669/1272/381 667/1265/381
f 670/1273/430 669/1274/431 665/1267/431
f 636/1275/412 665/1266/431 669/1276/431
f 669/1271/381 670/1277/381 668/1270/381
f 670/1273/430 665/1267/431 671/1278/430
f 671/1279/430 672/1280/432 670/1281/430
f 670/1282/381 673/1283/381 668/1270/381
f 670/1282/381 672/1284/381 673/1283/381
f 672/1280/433 674/1285/434 673/1286/434
f 668/1270/429 673/1283/434 674/1287/434
f 672/1280/433 675/1288/433 674/1285/434
f 671/1279/388 674/1287/388 675/1288/388
f 668/1270/429 674/1287/434 666/1268/429
f 671/1279/388 666/1268/388 674/1287/388
f 671/1279/430 675/1288/432 672/1280/432
f 665/1267/388 666/1268/388 671/1278/388
f 636/1275/412 634/1204/412 665/1266/431
f 635/1207/381 636/1289/381 639/1206/381
f 524/1230/352 532/1193/353 631/1194/411
f 536/1187/317 676/1291/435 580/1188/377
f 676/1292/435 566/1048/367 580/1074/377
f 537/991/317 676/1291/435 536/1187/317
f 537/991/317 677/1293/435 676/1291/435
f 677/1294/433 678/1295/433 676/1296/433
f 676/1296/310 678/1295/310 679/1297/310
f 676/1292/435 564/1047/364 566/1048/367
f 676/1296/310 679/1297/310 564/1298/310
f 680/1299/388 681/1300/388 679/1301/388
f 680/1299/388 679/1301/388 678/1302/388
f 564/1298/393 679/1297/393 681/1303/393
f 561/1304/346 681/1300/346 680/1299/346
f 564/1298/393 681/1303/393 561/1305/393
f 677/1294/433 680/1299/433 678/1295/433
f 561/1304/346 680/1299/346 677/1294/346
f 539/992/317 677/1293/435 537/991/317
f 682/1306/318 561/1041/364 677/1307/435
f 539/992/317 682/1308/318 677/1293/435
f 682/1306/318 557/1037/362 561/1041/364
f 682/1309/436 539/993/355 541/1000/355
f 682/1306/436 683/1310/436 558/1032/363
f 682/1309/436 541/1000/355 683/1311/436
f 682/1306/436 558/1032/363 557/1037/363
f 569/1067/375 572/1318/375 577/1066/375
f 572/1319/375 576/1065/375 577/1066/375
f 688/1320/437 576/1065/373 686/1321/437
f 687/1322/375 686/1321/375 576/1065/375
f 572/1319/375 687/1323/375 576/1065/375
f 688/1320/437 575/1064/373 576/1065/373
f 689/1324/322 575/1064/322 688/1320/322
f 689/1324/322 688/1320/322 690/1325/322
f 690/1326/322 688/1320/322 691/1327/322
f 686/1321/437 691/1327/438 688/1320/437
f 692/1328/347 694/1329/347 691/1330/438
f 692/1328/347 691/1330/438 693/1331/438
f 686/1321/437 693/1332/438 691/1327/438
f 690/1326/322 691/1327/322 694/1329/322
f 690/1326/439 694/1329/440 692/1328/440
f 695/1333/375 692/1334/375 693/1332/375
f 695/1333/375 693/1332/375 686/1321/375
f 695/1335/439 689/1324/441 690/1325/439
f 690/1326/439 692/1328/440 695/1336/439
f 695/1335/439 687/1337/441 689/1324/441
f 687/1322/375 695/1338/375 686/1321/375
f 571/1063/370 689/1339/441 687/1340/441
f 571/1063/322 575/1064/322 689/1339/322
f 571/1063/370 687/1340/441 572/1341/370
f 563/1044/365 513/1043/312 505/931/344
f 532/979/310 524/976/310 529/973/310
f 532/979/354 696/1344/354 528/980/354
f 532/979/310 529/973/310 696/1344/310
f 527/972/329 528/974/329 696/1345/329
f 527/972/329 696/1345/329 529/1346/329
f 484/889/308 522/1225/315 476/877/321
f 471/902/336 482/1347/336 483/903/336
f 698/1349/361 700/1350/442 697/1351/361
f 698/1349/361 697/1351/361 699/1352/443
f 699/1353/310 697/1354/310 702/1355/310
f 697/1351/361 700/1350/442 701/1356/442
f 701/1357/310 702/1355/310 697/1354/310
f 699/1353/310 702/1355/310 704/1358/310
f 701/1357/310 705/1364/310 702/1355/310
f 939/1605/346 936/1606/346 938/1607/346
f 939/1605/346 938/1607/346 940/1608/346
f 940/1608/346 938/1607/346 794/1609/346
f 940/1610/809 941/1611/433 943/1612/809
f 942/1613/433 941/1611/433 940/1610/809
f 940/1610/809 943/1612/809 939/1614/810
f 940/1608/346 794/1609/346 942/1615/346
f 944/1616/310 943/1617/310 778/1618/310
f 939/1614/810 943/1612/809 944/1619/810
f 943/1617/310 941/1620/310 780/1621/310
f 943/1617/310 780/1621/310 778/1618/310
f 945/1622/310 944/1616/310 777/1623/310
f 946/1624/811 944/1619/810 945/1625/811
f 939/1614/810 944/1619/810 946/1624/811
f 944/1616/310 778/1618/310 777/1623/310
f 946/1624/811 945/1625/811 947/1626/317
f 947/1627/346 935/1628/346 946/1629/346
f 946/1629/346 936/1606/346 939/1605/346
f 946/1629/346 935/1628/346 936/1606/346
f 948/1630/812 947/1626/317 949/1631/317
f 948/1630/812 950/1632/812 947/1626/317
f 947/1626/317 945/1625/811 949/1631/317
f 950/1633/346 928/1634/346 947/1627/346
f 947/1627/346 928/1634/346 935/1628/346
f 951/1635/813 950/1632/812 948/1630/812
f 951/1635/813 952/1636/813 950/1632/812
f 952/1637/346 927/1638/346 950/1633/346
f 950/1633/346 927/1638/346 928/1634/346
f 953/1639/814 952/1636/813 951/1635/813
f 953/1639/814 954/1640/814 952/1636/813
f 954/1641/346 920/1642/346 952/1637/346
f 952/1637/346 920/1642/346 927/1638/346
f 955/1643/388 954/1640/814 953/1639/814
f 955/1643/388 956/1644/388 954/1640/814
f 956/1645/346 919/1646/346 954/1641/346
f 954/1641/346 919/1646/346 920/1642/346
f 958/1647/815 956/1644/388 955/1643/388
f 957/1648/346 912/1649/346 956/1645/346
f 958/1647/815 957/1650/815 956/1644/388
f 956/1645/346 912/1649/346 919/1646/346
f 959/1651/310 958/1652/310 715/1653/310
f 959/1654/816 957/1650/815 958/1647/815
f 958/1652/310 955/1655/310 734/1656/310
f 958/1652/310 734/1656/310 715/1653/310
f 701/1357/310 959/1651/310 712/1657/310
f 701/1356/442 960/1658/816 959/1654/816
f 959/1654/816 960/1658/816 957/1650/815
f 959/1651/310 715/1653/310 712/1657/310
f 960/1659/346 910/1660/346 957/1648/346
f 960/1659/346 961/1661/346 910/1660/346
f 960/1659/346 896/1662/346 961/1661/346
f 960/1659/346 700/1663/346 896/1662/346
f 701/1356/442 700/1350/442 960/1658/816
f 957/1648/346 910/1660/346 912/1649/346
f 955/1655/310 953/1665/310 735/1666/310
f 955/1655/310 735/1666/310 734/1656/310
f 953/1665/310 951/1667/310 746/1668/310
f 953/1665/310 746/1668/310 735/1666/310
f 951/1667/310 948/1669/310 747/1670/310
f 951/1667/310 747/1670/310 746/1668/310
f 948/1669/310 949/1671/310 760/1672/310
f 949/1671/310 945/1622/310 758/1673/310
f 949/1671/310 758/1673/310 760/1672/310
f 948/1669/310 760/1672/310 747/1670/310
f 945/1622/310 777/1623/310 758/1673/310
f 942/1613/433 962/1674/817 941/1611/433
f 963/1675/817 962/1674/817 942/1613/433
f 942/1615/346 795/1676/346 963/1677/346
f 942/1615/346 794/1609/346 795/1676/346
f 964/1678/818 962/1674/817 963/1675/817
f 964/1678/818 963/1675/817 965/1679/818
f 963/1677/346 797/1680/346 965/1681/346
f 963/1677/346 795/1676/346 797/1680/346
f 966/1682/819 964/1678/818 965/1679/818
f 967/1683/819 966/1684/819 965/1685/818
f 965/1681/346 968/1686/346 967/1687/346
f 965/1681/346 797/1680/346 968/1686/346
f 967/1687/346 968/1686/346 970/1691/346
f 967/1687/346 970/1691/346 972/1693/346
f 972/1693/346 970/1691/346 973/1695/346
f 976/1698/346 973/1695/346 974/1699/346
f 972/1693/346 973/1695/346 976/1698/346
f 977/1700/822 972/1701/314 976/1702/822
f 978/1703/823 977/1700/822 976/1702/822
f 978/1703/823 976/1702/822 979/1704/823
f 976/1698/346 974/1699/346 979/1705/346
f 979/1705/346 981/1706/346 980/1707/346
f 980/1708/824 982/1709/824 979/1704/823
f 979/1705/346 974/1699/346 981/1706/346
f 982/1709/824 978/1703/823 979/1704/823
f 978/1710/310 982/1711/310 837/1712/310
f 983/1713/310 837/1712/310 982/1711/310
f 983/1714/381 982/1709/824 980/1708/824
f 984/1715/310 836/1716/310 983/1713/310
f 984/1717/825 983/1714/381 985/1718/381
f 983/1714/381 980/1708/824 985/1718/381
f 983/1713/310 836/1716/310 837/1712/310
f 986/1719/825 984/1717/825 985/1718/381
f 985/1720/346 980/1707/346 981/1706/346
f 986/1721/346 985/1720/346 987/1722/346
f 985/1720/346 981/1706/346 987/1722/346
f 986/1721/346 987/1722/346 989/1730/346
f 1053/1793/346 1052/1794/346 1050/1795/346
f 1052/1794/346 1036/1796/346 1050/1795/346
f 1053/1793/346 1050/1795/346 1049/1797/346
f 1054/1798/945 1053/1799/946 1055/1800/946
f 1052/1801/945 1053/1799/946 1054/1798/945
f 1055/1800/946 1053/1799/946 699/1352/443
f 699/1352/443 1053/1799/946 1056/1802/443
f 1056/1803/346 1053/1793/346 1049/1797/346
f 699/1352/443 1056/1802/443 698/1349/361
f 698/1804/346 1056/1803/346 892/1805/346
f 1056/1803/346 1049/1797/346 892/1805/346
f 1055/1806/310 871/1807/310 1054/1808/310
f 1055/1806/310 699/1353/310 704/1358/310
f 1055/1806/310 876/1809/310 871/1807/310
f 1055/1806/310 704/1358/310 876/1809/310
f 1054/1808/310 868/1810/310 1057/1811/310
f 1052/1801/945 1054/1798/945 1057/1812/393
f 1054/1808/310 871/1807/310 868/1810/310
f 1058/1813/393 1052/1801/945 1057/1812/393
f 1058/1813/393 1057/1812/393 1059/1814/947
f 1057/1811/310 868/1810/310 863/1815/310
f 1057/1811/310 863/1815/310 1059/1816/310
f 1059/1816/310 860/1817/310 1060/1818/310
f 1061/1819/947 1059/1814/947 1060/1820/948
f 1061/1819/947 1058/1813/393 1059/1814/947
f 1059/1816/310 863/1815/310 860/1817/310
f 1061/1821/346 1062/1822/346 1027/1823/346
f 1062/1824/948 1061/1819/947 1060/1820/948
f 1058/1825/346 1061/1821/346 1038/1826/346
f 1061/1821/346 1027/1823/346 1038/1826/346
f 1062/1822/346 1029/1827/346 1027/1823/346
f 1062/1822/346 1064/1828/346 1029/1827/346
f 1062/1824/948 1060/1820/948 1063/1829/949
f 1064/1830/949 1062/1824/948 1063/1829/949
f 1064/1830/949 1063/1829/949 1065/1831/309
f 1065/1831/309 1066/1832/309 1064/1830/949
f 1064/1828/346 1066/1833/346 1015/1834/346
f 1064/1828/346 1015/1834/346 1029/1827/346
f 1066/1832/309 1065/1831/309 1067/1835/950
f 1066/1833/346 1067/1836/346 1017/1837/346
f 1066/1833/346 1017/1837/346 1015/1834/346
f 1068/1838/950 1069/1839/951 1067/1835/950
f 1065/1831/309 1068/1838/950 1067/1835/950
f 1067/1836/346 1069/1840/346 1004/1841/346
f 1067/1836/346 1004/1841/346 1017/1837/346
f 1070/1842/951 986/1719/825 1069/1839/951
f 1068/1838/950 1070/1842/951 1069/1839/951
f 1069/1840/346 986/1721/346 989/1730/346
f 1069/1840/346 989/1730/346 1004/1841/346
f 1070/1843/310 839/1844/310 984/1715/310
f 986/1719/825 1070/1842/951 984/1717/825
f 1068/1845/310 844/1846/310 1070/1843/310
f 1070/1843/310 844/1846/310 839/1844/310
f 1065/1847/310 847/1848/310 1068/1845/310
f 1068/1845/310 847/1848/310 844/1846/310
f 1063/1849/310 852/1850/310 1065/1847/310
f 1065/1847/310 852/1850/310 847/1848/310
f 1060/1818/310 855/1851/310 1063/1849/310
f 1063/1849/310 855/1851/310 852/1850/310
f 1060/1818/310 860/1817/310 855/1851/310
f 1052/1794/346 1058/1825/346 1036/1796/346
f 1058/1825/346 1038/1826/346 1036/1796/346
f 984/1715/310 839/1844/310 836/1716/310
f 978/1710/310 817/1854/310 977/1855/310
f 978/1710/310 1073/1856/310 817/1854/310
f 978/1710/310 837/1712/310 1073/1856/310
f 977/1855/310 812/1858/310 1074/1859/310
f 972/1701/314 977/1700/822 1074/1860/314
f 977/1855/310 817/1854/310 812/1858/310
f 1074/1859/310 813/1861/310 966/1862/310
f 967/1683/819 1074/1860/314 966/1684/819
f 972/1701/314 1074/1860/314 967/1683/819
f 1074/1859/310 812/1858/310 813/1861/310
f 966/1862/310 811/1868/310 964/1869/310
f 966/1862/310 813/1861/310 811/1868/310
f 962/1870/310 964/1869/310 811/1868/310
f 941/1620/310 962/1870/310 1080/1871/310
f 962/1870/310 811/1868/310 1080/1871/310
f 941/1620/310 1080/1871/310 780/1621/310
f 700/1663/346 891/1873/346 896/1662/346
f 698/1804/346 892/1805/346 891/1873/346
f 700/1663/346 698/1804/346 891/1873/346
f 701/1357/310 712/1657/310 705/1364/310
usemtl SpacialRoverExploreralumGrayDeep
f 446/824/308 450/825/309 445/826/309
f 445/827/310 447/828/310 446/829/310
f 445/827/310 448/830/310 447/828/310
f 445/827/310 449/831/310 448/830/310
f 445/827/310 451/832/310 449/831/310
f 445/826/309 450/825/309 452/833/311
f 445/826/309 452/833/311 451/834/311
f 453/835/310 455/836/310 452/837/310
f 457/838/310 453/835/310 452/837/310
f 452/837/310 450/839/310 454/840/310
f 452/837/310 454/840/310 457/838/310
f 455/836/310 456/841/310 452/837/310
f 451/834/311 452/833/311 456/842/312
f 458/843/313 462/844/313 457/845/314
f 458/843/313 457/845/314 460/846/314
f 454/840/310 459/847/310 457/838/310
f 460/846/314 457/845/314 459/848/315
f 457/838/310 461/849/310 453/835/310
f 457/838/310 462/850/310 461/849/310
f 458/843/313 461/851/316 462/844/313
f 458/843/313 463/852/316 461/851/316
f 465/853/317 461/851/316 463/852/316
f 461/849/310 464/854/310 453/835/310
f 465/853/317 464/855/317 461/851/316
f 465/856/310 463/857/310 468/858/310
f 465/856/310 469/859/310 466/860/310
f 466/861/318 464/855/317 465/853/317
f 465/856/310 467/862/310 469/859/310
f 465/856/310 468/858/310 467/862/310
f 470/863/310 466/860/310 469/859/310
f 470/863/310 469/859/310 473/864/310
f 471/865/319 472/866/320 469/867/308
f 471/865/319 469/867/308 467/868/309
f 472/866/320 473/869/315 469/867/308
f 470/863/310 473/864/310 474/870/310
f 475/871/321 474/872/314 473/869/315
f 472/866/320 475/871/321 473/869/315
f 475/871/321 477/878/323 474/872/314
f 543/997/316 541/998/317 540/999/316
f 542/1001/313 543/997/316 540/999/316
f 542/1001/313 540/999/316 544/1002/313
f 545/1004/314 542/1001/313 544/1002/313
f 545/1004/314 544/1002/313 546/1005/314
f 547/1008/315 545/1004/314 546/1005/314
f 547/1008/315 546/1005/314 548/1009/315
f 549/1012/308 547/1008/315 548/1009/315
f 549/1012/308 548/1009/315 520/1013/308
f 550/1014/309 549/1012/308 520/1013/308
f 547/1015/346 549/1016/346 550/1017/346
f 550/1017/346 552/1018/346 551/1019/346
f 542/1020/346 550/1017/346 551/1019/346
f 550/1017/346 553/1021/346 552/1018/346
f 553/1022/311 550/1014/309 518/1023/309
f 550/1014/309 520/1013/308 518/1023/309
f 542/1020/346 547/1015/346 550/1017/346
f 554/1024/312 552/1025/312 553/1022/311
f 554/1024/312 553/1022/311 516/1026/311
f 553/1022/311 518/1023/309 516/1026/311
f 555/1029/361 552/1025/312 554/1024/312
f 555/1029/361 554/1024/312 556/1030/361
f 551/1019/362 555/1029/361 556/1030/361
f 551/1019/362 556/1030/361 558/1032/362
f 581/1076/377 579/1075/367 582/1077/362
f 579/1075/367 567/1055/366 583/1079/361
f 579/1075/367 583/1079/361 582/1077/362
f 458/1080/310 460/1081/310 583/1082/310
f 458/1080/310 583/1082/310 584/1083/310
f 583/1079/361 567/1055/366 568/1054/365
f 583/1079/361 568/1054/365 584/1084/312
f 585/1085/310 582/1086/310 583/1082/310
f 585/1085/310 583/1082/310 460/1081/310
f 585/1087/315 454/1088/308 446/1089/308
f 446/829/310 582/1086/310 585/1085/310
f 460/846/314 459/848/315 585/1087/315
f 585/1087/315 459/848/315 454/1088/308
f 458/1080/310 584/1083/310 468/858/310
f 584/1084/312 568/1054/365 586/1090/378
f 584/1084/312 586/1090/378 468/1091/311
f 586/1090/378 471/865/319 467/868/309
f 586/1090/378 467/868/309 468/1091/311
f 446/829/310 447/828/310 582/1086/310
f 581/1076/377 582/1077/362 447/1137/318
f 608/1138/394 581/1139/377 447/1140/318
f 477/878/323 642/1211/411 644/1212/313
f 644/1212/313 642/1211/411 632/1189/408
f 645/1214/310 474/870/310 644/1215/310
f 477/878/323 644/1212/313 474/872/314
f 646/1216/310 644/1215/310 449/831/310
f 644/1212/313 632/1189/408 449/1217/316
f 645/1214/310 644/1215/310 646/1216/310
f 646/1218/312 455/1219/361 645/1220/361
f 451/834/311 456/842/312 646/1218/312
f 646/1216/310 449/831/310 451/832/310
f 646/1218/312 456/842/312 455/1219/361
f 645/1220/361 647/1221/362 470/1222/362
f 470/863/310 474/870/310 645/1214/310
f 645/1220/361 455/1219/361 647/1221/362
f 470/1222/362 647/1221/362 453/1223/318
f 453/835/310 647/1224/310 455/836/310
f 632/1189/408 608/1138/394 448/1290/317
f 632/1189/408 448/1290/317 449/1217/316
f 608/1138/394 447/1140/318 448/1290/317
f 685/1312/317 684/1313/318 683/1314/318
f 684/1315/318 558/1032/362 683/1310/318
f 685/1312/317 683/1314/318 541/998/317
f 551/1019/346 684/1315/346 685/1316/346
f 543/997/316 685/1312/317 541/998/317
f 551/1019/346 685/1316/346 542/1020/346
f 685/1316/346 543/1317/346 542/1020/346
f 684/1315/318 551/1019/362 558/1032/362
f 552/1018/346 555/1342/346 551/1019/346
f 542/1020/346 545/1343/346 547/1015/346
f 470/1222/362 453/1223/318 466/861/318
f 458/1080/310 468/858/310 463/857/310
f 466/861/318 453/1223/318 464/855/317
f 446/824/308 454/1348/308 450/825/309
usemtl SpacialRoverExplorerwheels
f 702/1359/310 706/1360/444 703/1361/445
f 702/1359/310 703/1361/445 704/1362/310
f 705/1363/310 706/1360/444 702/1359/310
f 705/1363/310 711/1365/444 706/1360/444
f 707/1366/446 703/1361/447 706/1360/447
f 707/1366/446 706/1360/447 708/1367/448
f 708/1367/449 706/1360/450 709/1368/451
f 706/1360/444 710/1369/452 709/1368/453
f 706/1360/444 711/1365/444 710/1369/452
f 712/1370/310 714/1371/454 711/1365/444
f 712/1370/310 711/1365/444 705/1363/310
f 713/1372/455 711/1365/456 714/1371/456
f 713/1372/457 710/1369/458 711/1365/459
f 715/1373/310 717/1374/454 714/1371/454
f 715/1373/310 714/1371/454 712/1370/310
f 713/1372/455 714/1371/456 716/1375/460
f 716/1375/461 714/1371/462 718/1376/462
f 717/1374/454 718/1376/463 714/1371/454
f 717/1374/454 719/1377/464 718/1376/463
f 718/1376/465 719/1377/465 721/1378/466
f 716/1375/461 718/1376/462 720/1379/461
f 718/1376/465 721/1378/466 720/1379/466
f 720/1379/466 721/1378/466 722/1380/467
f 723/1381/468 722/1380/469 721/1378/468
f 723/1381/468 721/1378/468 719/1377/470
f 723/1381/468 724/1382/469 722/1380/469
f 723/1381/471 725/1383/472 724/1382/473
f 723/1381/468 719/1377/470 717/1374/470
f 723/1381/471 726/1384/474 725/1383/472
f 717/1374/475 726/1384/474 723/1381/471
f 726/1385/476 727/1386/477 730/1387/478
f 717/1374/475 727/1388/475 726/1384/474
f 726/1385/476 728/1389/479 725/1390/480
f 726/1385/476 729/1391/476 728/1389/479
f 726/1385/476 730/1387/478 729/1391/476
f 733/1392/481 730/1387/482 727/1386/481
f 733/1392/481 731/1393/482 730/1387/482
f 730/1387/483 731/1393/483 732/1394/484
f 730/1387/483 732/1394/484 729/1391/485
f 734/1395/310 733/1392/481 727/1386/481
f 734/1395/310 735/1396/310 733/1392/481
f 735/1396/310 736/1397/486 733/1392/481
f 733/1392/487 736/1397/487 738/1398/488
f 737/1399/489 731/1393/490 733/1392/491
f 733/1392/487 738/1398/488 737/1399/492
f 738/1398/493 736/1397/494 742/1400/495
f 737/1399/492 738/1398/488 739/1401/496
f 738/1398/493 740/1402/497 739/1401/498
f 738/1398/493 741/1403/493 740/1402/497
f 738/1398/493 742/1400/495 741/1403/493
f 745/1404/499 742/1400/500 736/1397/486
f 745/1404/499 743/1405/500 742/1400/500
f 742/1400/501 743/1405/501 744/1406/502
f 742/1400/501 744/1406/502 741/1403/503
f 746/1407/310 745/1404/499 736/1397/486
f 746/1407/310 747/1408/310 745/1404/499
f 747/1408/310 748/1409/504 745/1404/499
f 745/1404/505 748/1409/505 750/1410/506
f 749/1411/507 743/1405/508 745/1404/509
f 745/1404/505 750/1410/506 749/1411/510
f 749/1411/510 750/1410/506 751/1412/511
f 750/1410/512 752/1413/513 751/1412/514
f 750/1410/512 753/1414/515 752/1413/513
f 750/1410/512 754/1415/516 753/1414/515
f 750/1410/512 748/1409/517 754/1415/516
f 757/1416/518 754/1415/519 748/1409/504
f 757/1416/518 755/1417/519 754/1415/519
f 754/1415/520 755/1417/520 756/1418/521
f 754/1415/520 756/1418/521 753/1414/522
f 760/1419/310 757/1416/518 748/1409/504
f 760/1419/310 758/1420/310 757/1416/518
f 758/1420/310 759/1421/523 757/1416/518
f 757/1416/524 759/1421/524 762/1422/525
f 761/1423/526 755/1417/527 757/1416/528
f 757/1416/524 762/1422/525 761/1423/529
f 761/1423/529 762/1422/525 763/1424/530
f 762/1422/531 766/1425/532 763/1424/533
f 762/1422/531 759/1421/534 765/1426/535
f 762/1422/531 764/1427/536 766/1425/532
f 762/1422/531 765/1426/535 764/1427/536
f 763/1424/533 766/1425/532 767/1428/537
f 766/1425/538 768/1429/539 767/1428/540
f 766/1425/538 769/1430/541 768/1429/539
f 764/1427/542 769/1430/541 766/1425/538
f 772/1431/543 770/1432/544 769/1430/545
f 770/1432/544 768/1429/546 769/1430/545
f 764/1427/542 771/1433/547 769/1430/541
f 772/1431/543 769/1430/545 771/1433/548
f 772/1431/549 774/1434/550 770/1432/551
f 772/1431/543 771/1433/548 773/1435/552
f 772/1431/543 773/1435/552 776/1436/553
f 772/1431/549 775/1437/554 774/1434/550
f 776/1436/555 775/1437/554 772/1431/549
f 776/1436/556 765/1426/557 759/1421/523
f 777/1438/310 776/1436/556 759/1421/523
f 777/1438/310 778/1439/310 776/1436/556
f 778/1439/310 779/1440/558 776/1436/556
f 776/1436/555 779/1440/555 775/1437/554
f 776/1436/556 773/1435/557 765/1426/557
f 778/1439/310 780/1441/310 779/1440/558
f 780/1441/310 781/1442/559 779/1440/558
f 781/1442/559 782/1443/560 779/1440/558
f 775/1437/561 779/1440/562 782/1443/563
f 781/1442/559 783/1444/560 782/1443/560
f 782/1443/564 783/1444/564 785/1445/565
f 775/1437/561 782/1443/563 784/1446/566
f 782/1443/564 785/1445/565 784/1446/567
f 786/1447/568 785/1445/569 783/1444/570
f 784/1446/567 785/1445/565 787/1448/571
f 786/1447/568 787/1448/572 785/1445/569
f 786/1447/568 788/1449/573 787/1448/572
f 788/1449/573 790/1450/574 787/1448/572
f 784/1446/567 787/1448/571 789/1451/575
f 789/1451/575 787/1448/571 790/1450/576
f 791/1452/577 793/1453/578 790/1450/578
f 791/1452/577 790/1450/578 792/1454/577
f 788/1449/573 792/1454/579 790/1450/574
f 789/1451/575 790/1450/576 793/1453/576
f 774/1434/580 793/1453/581 791/1452/582
f 774/1434/580 789/1451/583 793/1453/581
f 794/1455/346 791/1452/577 792/1454/577
f 794/1455/346 792/1454/577 795/1456/346
f 795/1456/346 792/1454/577 796/1457/584
f 788/1449/585 796/1457/586 792/1454/586
f 795/1456/346 796/1457/584 797/1458/346
f 797/1458/346 796/1457/584 798/1459/584
f 788/1449/585 800/1460/587 796/1457/586
f 796/1457/584 799/1461/588 798/1459/584
f 796/1457/584 801/1462/589 799/1461/588
f 800/1460/590 801/1462/591 796/1457/592
f 800/1460/590 802/1463/593 801/1462/591
f 802/1463/594 799/1461/595 801/1462/595
f 805/1464/596 803/1465/596 802/1463/593
f 803/1465/597 804/1466/598 802/1463/594
f 802/1463/594 804/1466/598 799/1461/595
f 805/1464/596 802/1463/593 800/1460/590
f 781/1442/599 806/1467/599 805/1464/600
f 781/1442/599 805/1464/600 786/1447/601
f 805/1464/596 806/1467/602 807/1468/603
f 786/1447/601 805/1464/600 800/1460/587
f 805/1464/596 807/1468/603 803/1465/596
f 810/1469/604 807/1468/605 806/1467/604
f 810/1469/604 808/1470/605 807/1468/605
f 807/1468/606 808/1470/606 809/1471/607
f 807/1468/606 809/1471/607 803/1465/597
f 811/1472/310 810/1469/604 806/1467/604
f 811/1472/310 813/1473/310 810/1469/604
f 812/1474/310 816/1475/608 810/1469/604
f 812/1474/310 810/1469/604 813/1473/310
f 814/1476/609 808/1470/610 810/1469/611
f 810/1469/612 815/1477/613 814/1476/614
f 810/1469/612 816/1475/612 815/1477/613
f 817/1478/310 818/1479/615 816/1475/608
f 817/1478/310 816/1475/608 812/1474/310
f 818/1479/615 819/1480/616 816/1475/608
f 815/1477/617 816/1475/618 819/1480/619
f 815/1477/617 819/1480/619 821/1481/617
f 819/1480/620 820/1482/620 822/1483/621
f 818/1479/615 820/1482/616 819/1480/616
f 819/1480/620 822/1483/621 821/1481/622
f 821/1481/622 822/1483/621 823/1484/623
f 824/1485/624 823/1484/625 822/1483/626
f 824/1485/624 822/1483/626 820/1482/627
f 824/1485/624 825/1486/628 823/1484/625
f 824/1485/629 826/1487/630 825/1486/631
f 824/1485/624 820/1482/627 818/1479/632
f 818/1479/633 827/1488/634 824/1485/629
f 824/1485/629 827/1488/634 826/1487/630
f 818/1479/633 828/1489/633 827/1488/634
f 827/1488/635 829/1490/636 826/1487/636
f 827/1488/635 828/1489/637 831/1491/637
f 827/1488/635 830/1492/638 829/1490/636
f 827/1488/635 831/1491/637 830/1492/638
f 828/1489/639 832/1493/640 831/1491/640
f 830/1492/641 831/1491/642 832/1493/642
f 833/1494/643 834/1495/643 832/1493/644
f 833/1494/643 832/1493/644 835/1496/645
f 828/1489/639 835/1496/639 832/1493/640
f 830/1492/641 832/1493/642 834/1495/641
f 837/1497/310 835/1496/639 828/1489/639
f 836/1498/310 838/1499/646 835/1496/639
f 836/1498/310 835/1496/639 837/1497/310
f 833/1494/647 835/1496/648 838/1499/648
f 839/1500/310 843/1501/646 838/1502/646
f 839/1500/310 838/1502/646 836/1503/310
f 833/1494/647 838/1499/648 840/1504/649
f 840/1505/650 838/1502/651 841/1506/652
f 838/1502/646 842/1507/653 841/1506/653
f 838/1502/646 843/1501/646 842/1507/653
f 844/1508/310 846/1509/654 843/1501/646
f 844/1508/310 843/1501/646 839/1500/310
f 845/1510/655 843/1501/656 846/1509/656
f 845/1510/657 842/1507/658 843/1501/659
f 847/1511/310 851/1512/654 846/1509/654
f 847/1511/310 846/1509/654 844/1508/310
f 845/1510/655 846/1509/656 848/1513/660
f 848/1513/661 846/1509/662 849/1514/663
f 846/1509/654 850/1515/664 849/1514/664
f 846/1509/654 851/1512/654 850/1515/664
f 852/1516/310 854/1517/665 851/1512/654
f 852/1516/310 851/1512/654 847/1511/310
f 853/1518/666 851/1512/667 854/1517/667
f 853/1518/668 850/1515/669 851/1512/670
f 855/1519/310 859/1520/665 854/1517/665
f 855/1519/310 854/1517/665 852/1516/310
f 853/1518/666 854/1517/667 856/1521/671
f 856/1521/672 854/1517/673 857/1522/674
f 854/1517/665 858/1523/675 857/1522/675
f 854/1517/665 859/1520/665 858/1523/675
f 860/1524/310 862/1525/676 859/1520/665
f 860/1524/310 859/1520/665 855/1519/310
f 861/1526/677 859/1520/678 862/1525/678
f 861/1526/679 858/1523/680 859/1520/681
f 863/1527/310 867/1528/682 862/1525/676
f 863/1527/310 862/1525/676 860/1524/310
f 861/1526/677 862/1525/678 864/1529/683
f 864/1529/684 862/1525/685 865/1530/686
f 862/1525/676 866/1531/687 865/1530/687
f 862/1525/676 867/1528/682 866/1531/687
f 868/1532/310 870/1533/688 867/1528/682
f 868/1532/310 867/1528/682 863/1527/310
f 869/1534/689 867/1528/690 870/1533/690
f 869/1534/691 866/1531/692 867/1528/693
f 871/1535/310 875/1536/694 870/1533/688
f 871/1535/310 870/1533/688 868/1532/310
f 869/1534/689 870/1533/690 872/1537/695
f 872/1537/696 870/1533/697 873/1538/698
f 870/1533/688 874/1539/699 873/1538/699
f 870/1533/688 875/1536/694 874/1539/699
f 876/1540/310 878/1541/700 875/1536/694
f 876/1540/310 875/1536/694 871/1535/310
f 877/1542/701 875/1536/702 878/1541/702
f 877/1542/703 874/1539/704 875/1536/705
f 704/1362/310 703/1361/445 878/1541/700
f 704/1362/310 878/1541/700 876/1540/310
f 877/1542/701 878/1541/702 879/1543/706
f 879/1543/707 878/1541/708 880/1544/709
f 878/1541/700 881/1545/710 880/1544/710
f 878/1541/700 703/1361/445 881/1545/710
f 882/1546/711 880/1544/712 881/1545/712
f 882/1546/711 881/1545/712 883/1547/713
f 707/1366/714 883/1547/714 881/1545/715
f 707/1366/714 881/1545/715 703/1361/716
f 884/1548/717 882/1546/711 883/1547/713
f 884/1548/717 883/1547/713 885/1549/718
f 707/1366/714 885/1549/719 883/1547/714
f 707/1366/714 886/1550/720 885/1549/719
f 886/1550/720 888/1551/721 885/1549/719
f 887/1552/722 884/1548/717 885/1549/718
f 887/1552/722 885/1549/718 888/1551/722
f 886/1550/720 889/1553/723 888/1551/721
f 889/1553/724 887/1552/725 888/1551/725
f 889/1553/724 890/1554/726 887/1552/725
f 892/1555/346 890/1554/726 889/1553/724
f 891/1556/346 892/1555/346 889/1553/724
f 891/1556/346 889/1553/724 894/1557/727
f 889/1553/728 886/1550/729 893/1558/730
f 889/1553/728 893/1558/730 894/1557/728
f 895/1559/727 894/1557/727 897/1560/731
f 896/1561/346 894/1557/727 895/1559/727
f 896/1561/346 891/1556/346 894/1557/727
f 893/1558/732 897/1560/733 894/1557/734
f 895/1559/727 897/1560/731 898/1562/731
f 897/1560/735 899/1563/736 898/1562/737
f 897/1560/735 900/1564/738 899/1563/736
f 893/1558/732 900/1564/739 897/1560/733
f 900/1564/738 902/1565/740 899/1563/736
f 708/1367/449 901/1566/449 900/1564/739
f 900/1564/738 901/1566/741 902/1565/740
f 708/1367/449 900/1564/739 893/1558/732
f 901/1566/741 710/1369/742 902/1565/740
f 713/1372/457 899/1563/743 902/1565/744
f 713/1372/457 902/1565/744 710/1369/458
f 901/1566/741 709/1368/742 710/1369/742
f 708/1367/449 709/1368/451 901/1566/449
f 903/1567/745 898/1562/746 899/1563/743
f 713/1372/457 903/1567/745 899/1563/743
f 903/1567/745 895/1559/747 898/1562/746
f 895/1559/748 903/1567/749 904/1568/750
f 903/1567/749 716/1375/460 904/1568/750
f 903/1567/749 713/1372/455 716/1375/460
f 895/1559/748 904/1568/750 906/1569/748
f 716/1375/461 905/1570/751 904/1568/752
f 904/1568/752 905/1570/751 907/1571/753
f 904/1568/752 907/1571/753 906/1569/753
f 905/1570/467 908/1572/754 907/1571/754
f 909/1573/755 907/1571/756 908/1572/757
f 909/1573/755 906/1569/758 907/1571/756
f 910/1574/346 906/1569/758 909/1573/755
f 910/1574/346 909/1573/755 911/1575/759
f 724/1382/469 909/1573/760 908/1572/760
f 724/1382/473 911/1575/761 909/1573/761
f 910/1574/346 911/1575/759 912/1576/346
f 912/1577/346 911/1578/759 914/1579/759
f 724/1382/473 725/1383/472 911/1575/761
f 725/1390/480 913/1580/762 911/1578/763
f 911/1578/759 913/1580/764 915/1581/764
f 911/1578/759 915/1581/764 914/1579/759
f 916/1582/765 914/1579/766 915/1581/767
f 916/1582/765 915/1581/767 917/1583/768
f 728/1389/769 915/1581/770 913/1580/770
f 728/1389/769 917/1583/771 915/1581/770
f 737/1399/489 916/1582/765 917/1583/768
f 737/1399/489 917/1583/768 732/1394/772
f 729/1391/485 732/1394/484 917/1583/771
f 729/1391/485 917/1583/771 728/1389/769
f 916/1582/773 918/1584/774 914/1579/774
f 916/1582/773 739/1401/496 918/1584/774
f 737/1399/492 739/1401/496 916/1582/773
f 919/1585/346 914/1579/759 918/1584/775
f 919/1585/346 918/1584/775 920/1586/346
f 920/1586/346 918/1584/775 922/1587/776
f 739/1401/498 921/1588/777 918/1584/778
f 918/1584/775 921/1588/779 923/1589/779
f 918/1584/775 923/1589/779 922/1587/776
f 924/1590/780 922/1587/781 923/1589/782
f 924/1590/780 923/1589/782 925/1591/783
f 740/1402/784 923/1589/785 921/1588/785
f 740/1402/784 925/1591/786 923/1589/785
f 749/1411/507 924/1590/780 925/1591/783
f 749/1411/507 925/1591/783 744/1406/507
f 741/1403/503 744/1406/502 925/1591/786
f 741/1403/503 925/1591/786 740/1402/784
f 749/1411/510 751/1412/511 924/1590/787
f 924/1590/787 751/1412/511 926/1592/788
f 924/1590/787 926/1592/788 922/1587/788
f 927/1593/346 922/1587/776 926/1592/789
f 927/1593/346 926/1592/789 928/1594/346
f 928/1594/346 926/1592/789 930/1595/790
f 751/1412/514 929/1596/791 926/1592/792
f 926/1592/789 929/1596/793 931/1597/793
f 926/1592/789 931/1597/793 930/1595/790
f 752/1413/794 931/1597/795 929/1596/795
f 752/1413/794 932/1598/796 931/1597/795
f 933/1599/797 931/1597/798 932/1598/799
f 933/1599/797 930/1595/800 931/1597/798
f 761/1423/526 933/1599/797 932/1598/799
f 761/1423/529 763/1424/530 933/1599/801
f 933/1599/801 934/1600/802 930/1595/802
f 933/1599/801 763/1424/530 934/1600/802
f 935/1601/346 930/1595/790 934/1600/803
f 935/1601/346 934/1600/803 936/1602/346
f 936/1602/346 934/1600/803 937/1603/804
f 934/1600/803 768/1429/805 937/1603/804
f 934/1600/803 767/1428/805 768/1429/805
f 763/1424/533 767/1428/537 934/1600/806
f 936/1602/346 937/1603/804 938/1604/346
f 938/1604/346 937/1603/804 791/1452/577
f 770/1432/544 937/1603/807 768/1429/546
f 770/1432/551 791/1452/808 937/1603/808
f 938/1604/346 791/1452/577 794/1455/346
f 961/1664/346 896/1561/346 895/1559/727
f 910/1574/346 961/1664/346 906/1569/758
f 961/1664/346 895/1559/727 906/1569/758
f 968/1688/346 798/1459/584 969/1689/820
f 797/1458/346 798/1459/584 968/1688/346
f 968/1688/346 969/1689/820 970/1690/346
f 970/1690/346 969/1689/820 971/1692/820
f 970/1690/346 971/1692/820 973/1694/346
f 973/1694/346 975/1696/821 974/1697/346
f 973/1694/346 971/1692/820 975/1696/821
f 989/1723/346 987/1724/346 988/1725/826
f 987/1726/346 990/1727/821 988/1728/826
f 987/1726/346 981/1729/346 990/1727/821
f 974/1697/346 975/1696/821 990/1727/821
f 975/1696/821 992/1731/827 990/1727/821
f 990/1727/828 991/1732/829 988/1728/828
f 974/1697/346 990/1727/821 981/1729/346
f 990/1727/828 993/1733/830 991/1732/829
f 993/1733/831 990/1727/832 992/1731/832
f 833/1494/643 993/1733/831 994/1734/831
f 993/1733/831 992/1731/832 994/1734/831
f 993/1733/830 833/1494/647 840/1504/649
f 993/1733/830 840/1504/649 991/1732/829
f 995/1735/833 829/1490/834 994/1734/834
f 995/1735/833 994/1734/834 992/1731/833
f 830/1492/641 834/1495/641 994/1734/834
f 833/1494/643 994/1734/831 834/1495/643
f 830/1492/641 994/1734/834 829/1490/834
f 975/1696/821 995/1735/835 992/1731/827
f 826/1487/636 829/1490/636 995/1735/836
f 826/1487/636 995/1735/836 975/1696/836
f 991/1736/837 996/1737/838 988/1725/839
f 840/1505/650 997/1738/840 991/1736/837
f 991/1736/837 997/1738/840 996/1737/838
f 840/1505/650 999/1739/841 997/1738/840
f 996/1737/842 997/1738/843 998/1740/844
f 997/1738/843 1000/1741/845 998/1740/844
f 997/1738/843 999/1739/846 1000/1741/845
f 845/1510/657 1000/1741/847 842/1507/658
f 999/1739/846 842/1507/848 1000/1741/845
f 845/1510/657 998/1740/849 1000/1741/847
f 999/1739/846 841/1506/848 842/1507/848
f 840/1505/650 841/1506/652 999/1739/841
f 845/1510/657 1001/1742/850 998/1740/849
f 1001/1742/850 1002/1743/851 998/1740/849
f 996/1737/842 998/1740/844 1002/1743/842
f 1001/1742/850 1003/1744/852 1002/1743/851
f 1003/1744/853 996/1737/854 1002/1743/855
f 1003/1744/853 988/1725/826 996/1737/854
f 989/1723/346 988/1725/826 1003/1744/853
f 1004/1745/346 989/1723/346 1003/1744/853
f 1004/1745/346 1003/1744/853 1005/1746/856
f 1003/1744/857 1006/1747/858 1005/1746/857
f 1003/1744/857 1001/1742/859 1006/1747/858
f 1006/1747/860 1007/1748/861 1005/1746/862
f 1001/1742/859 848/1513/660 1006/1747/858
f 848/1513/661 1008/1749/863 1006/1747/860
f 1006/1747/860 1008/1749/863 1007/1748/861
f 1007/1748/864 1008/1749/865 1009/1750/866
f 1008/1749/865 1011/1751/867 1009/1750/866
f 848/1513/661 1010/1752/868 1008/1749/863
f 1008/1749/865 1010/1752/869 1011/1751/867
f 853/1518/668 1011/1751/870 850/1515/669
f 853/1518/668 1009/1750/871 1011/1751/870
f 1010/1752/869 850/1515/872 1011/1751/867
f 1010/1752/869 849/1514/872 850/1515/872
f 848/1513/661 849/1514/663 1010/1752/868
f 853/1518/668 1012/1753/873 1009/1750/871
f 1012/1753/873 1013/1754/874 1009/1750/871
f 1007/1748/864 1009/1750/866 1013/1754/864
f 1012/1753/873 1014/1755/875 1013/1754/874
f 1014/1755/856 1007/1748/876 1013/1754/877
f 1014/1755/856 1005/1746/856 1007/1748/876
f 1017/1756/346 1005/1746/856 1014/1755/856
f 1015/1757/346 1017/1756/346 1014/1755/856
f 1015/1757/346 1014/1755/856 1016/1758/878
f 1014/1755/879 1018/1759/880 1016/1758/879
f 1014/1755/879 1012/1753/881 1018/1759/880
f 1018/1759/882 1019/1760/883 1016/1758/884
f 1012/1753/881 856/1521/671 1018/1759/880
f 856/1521/672 1020/1761/885 1018/1759/882
f 1018/1759/882 1020/1761/885 1019/1760/883
f 1019/1760/886 1020/1761/887 1022/1762/888
f 856/1521/672 1021/1763/889 1020/1761/885
f 1020/1761/887 1021/1763/890 1023/1764/891
f 1020/1761/887 1023/1764/891 1022/1762/888
f 861/1526/679 1023/1764/892 858/1523/680
f 861/1526/679 1022/1762/893 1023/1764/892
f 1021/1763/890 858/1523/894 1023/1764/891
f 861/1526/679 1024/1765/895 1022/1762/893
f 1024/1765/895 1025/1766/896 1022/1762/893
f 1019/1760/886 1022/1762/888 1025/1766/886
f 1024/1765/895 1026/1767/897 1025/1766/896
f 1026/1767/878 1019/1760/898 1025/1766/898
f 1026/1767/878 1016/1758/878 1019/1760/898
f 1029/1768/346 1016/1758/878 1026/1767/878
f 1027/1769/346 1029/1768/346 1026/1767/878
f 1027/1769/346 1026/1767/878 1028/1770/899
f 1026/1767/900 1030/1771/901 1028/1770/900
f 1026/1767/900 1024/1765/902 1030/1771/901
f 1024/1765/902 864/1529/683 1030/1771/901
f 864/1529/684 1031/1772/903 1030/1771/904
f 1030/1771/904 1031/1772/903 1032/1773/905
f 1030/1771/904 1032/1773/905 1028/1770/906
f 1032/1773/907 1034/1774/908 1033/1775/907
f 1035/1776/909 1032/1773/910 1033/1775/910
f 1032/1773/907 1031/1772/911 1034/1774/908
f 1035/1776/909 1028/1770/899 1032/1773/910
f 1038/1777/346 1028/1770/899 1035/1776/909
f 1036/1778/346 1038/1777/346 1035/1776/909
f 1036/1778/346 1035/1776/909 1037/1779/912
f 1035/1776/913 1039/1780/914 1037/1779/913
f 1040/1781/915 1035/1776/916 1033/1775/917
f 1035/1776/913 1040/1781/918 1039/1780/914
f 1040/1781/918 872/1537/695 1039/1780/914
f 1040/1781/918 869/1534/689 872/1537/695
f 869/1534/691 1040/1781/915 1034/1774/919
f 1040/1781/915 1033/1775/917 1034/1774/919
f 1039/1780/920 1041/1782/921 1037/1779/922
f 872/1537/696 1042/1783/923 1039/1780/920
f 1039/1780/920 1042/1783/923 1041/1782/921
f 872/1537/696 1043/1784/924 1042/1783/923
f 1042/1783/925 1043/1784/926 1045/1785/927
f 1041/1782/928 1042/1783/925 1044/1786/929
f 1042/1783/925 1045/1785/927 1044/1786/929
f 877/1542/703 1045/1785/930 874/1539/704
f 1043/1784/926 874/1539/931 1045/1785/927
f 877/1542/703 1044/1786/932 1045/1785/930
f 877/1542/703 1046/1787/933 1044/1786/932
f 1046/1787/933 1047/1788/934 1044/1786/932
f 1041/1782/928 1044/1786/929 1047/1788/928
f 1046/1787/933 1048/1789/935 1047/1788/934
f 1048/1789/936 1041/1782/937 1047/1788/937
f 1048/1789/936 1037/1779/912 1041/1782/937
f 1050/1790/346 1037/1779/912 1048/1789/936
f 1049/1791/346 1050/1790/346 1048/1789/936
f 1049/1791/346 1048/1789/936 890/1554/726
f 1048/1789/938 1051/1792/939 890/1554/938
f 1048/1789/938 1046/1787/940 1051/1792/939
f 1051/1792/941 887/1552/942 890/1554/943
f 1046/1787/940 879/1543/706 1051/1792/939
f 879/1543/707 884/1548/944 1051/1792/941
f 1051/1792/941 884/1548/944 887/1552/942
f 1050/1790/346 1036/1778/346 1037/1779/912
f 892/1555/346 1049/1791/346 890/1554/726
f 1046/1787/940 877/1542/701 879/1543/706
f 1043/1784/926 873/1538/931 874/1539/931
f 872/1537/696 873/1538/698 1043/1784/924
f 1038/1777/346 1027/1769/346 1028/1770/899
f 869/1534/691 1034/1774/919 1071/1852/691
f 1031/1772/911 1071/1852/952 1034/1774/908
f 1031/1772/911 1072/1853/953 1071/1852/952
f 869/1534/691 1071/1852/691 866/1531/692
f 1072/1853/953 866/1531/954 1071/1852/952
f 864/1529/684 1072/1853/955 1031/1772/903
f 864/1529/684 865/1530/686 1072/1853/955
f 1072/1853/953 865/1530/954 866/1531/954
f 1029/1768/346 1015/1757/346 1016/1758/878
f 1024/1765/902 861/1526/677 864/1529/683
f 1021/1763/890 857/1522/894 858/1523/894
f 856/1521/672 857/1522/674 1021/1763/889
f 1017/1756/346 1004/1745/346 1005/1746/856
f 1012/1753/881 853/1518/666 856/1521/671
f 1001/1742/859 845/1510/655 848/1513/660
f 837/1497/310 828/1489/639 1073/1857/310
f 1073/1857/310 818/1479/615 817/1478/310
f 1073/1857/310 828/1489/639 818/1479/615
f 825/1486/631 975/1696/956 971/1692/956
f 825/1486/631 826/1487/630 975/1696/956
f 969/1689/820 1075/1863/957 971/1692/820
f 825/1486/628 971/1692/958 1075/1863/959
f 969/1689/820 1076/1864/957 1075/1863/957
f 1077/1865/960 1075/1863/961 1076/1864/961
f 1077/1865/960 823/1484/623 1075/1863/961
f 825/1486/628 1075/1863/959 823/1484/625
f 815/1477/617 821/1481/617 1077/1865/962
f 821/1481/622 823/1484/623 1077/1865/960
f 1078/1866/963 1077/1865/962 1076/1864/964
f 815/1477/617 1077/1865/962 1078/1866/963
f 814/1476/614 815/1477/613 1078/1866/965
f 814/1476/614 1078/1866/965 1079/1867/966
f 1079/1867/966 1078/1866/965 969/1689/967
f 1078/1866/963 1076/1864/964 969/1689/968
f 814/1476/609 1079/1867/969 804/1466/970
f 1079/1867/969 799/1461/971 804/1466/970
f 1079/1867/969 798/1459/972 799/1461/971
f 1079/1867/966 969/1689/967 798/1459/967
f 1080/1872/310 811/1472/310 806/1467/604
f 780/1441/310 1080/1872/310 781/1442/559
f 1080/1872/310 806/1467/604 781/1442/559
f 928/1594/346 930/1595/790 935/1601/346
f 753/1414/522 756/1418/521 932/1598/796
f 753/1414/522 932/1598/796 752/1413/794
f 761/1423/526 932/1598/799 756/1418/973
f 751/1412/514 752/1413/513 929/1596/791
f 920/1586/346 922/1587/776 927/1593/346
f 739/1401/498 740/1402/497 921/1588/777
f 912/1577/346 914/1579/759 919/1585/346
f 725/1390/480 728/1389/479 913/1580/762
f 724/1382/469 908/1572/760 722/1380/469
f 905/1570/467 722/1380/467 908/1572/754
f 716/1375/461 720/1379/461 905/1570/751
f 720/1379/466 722/1380/467 905/1570/467
f 886/1550/729 708/1367/448 893/1558/730
f 886/1550/729 707/1366/446 708/1367/448
f 879/1543/707 882/1546/974 884/1548/944
f 879/1543/707 880/1544/709 882/1546/974
f 814/1476/609 809/1471/609 808/1470/610
f 814/1476/609 804/1466/970 809/1471/609
f 803/1465/597 809/1471/607 804/1466/598
f 786/1447/601 800/1460/587 788/1449/585
f 770/1432/551 774/1434/550 791/1452/808
f 775/1437/561 789/1451/583 774/1434/580
f 775/1437/561 784/1446/566 789/1451/583
f 786/1447/568 783/1444/570 781/1442/975
f 758/1420/310 777/1438/310 759/1421/523
f 765/1426/976 773/1435/976 771/1433/547
f 765/1426/976 771/1433/547 764/1427/542
f 761/1423/526 756/1418/973 755/1417/527
f 747/1408/310 760/1419/310 748/1409/504
f 749/1411/507 744/1406/507 743/1405/508
f 735/1396/310 746/1407/310 736/1397/486
f 737/1399/489 732/1394/772 731/1393/490
f 734/1874/310 727/1388/481 717/1374/454
f 734/1874/310 717/1374/454 715/1373/310
