# Blender 5.2.2 LTS
# www.blender.org
mtllib Rueda_Centro_Izq.mtl
o Pata_Centro_Izq
v -0.521664 1.482255 -3.488001
v -0.662543 1.297594 -3.488001
v -0.690352 1.245566 -3.488001
v -0.874844 1.835435 -3.488000
v -0.521664 1.482255 -2.528001
v -0.645417 1.354047 -3.488001
v -0.639635 1.412757 -3.488001
v -0.463085 1.340833 -3.488001
v -1.002497 1.888311 -3.488000
v -0.645418 1.471467 -3.488001
v -0.662543 1.527921 -3.488001
v -0.690352 1.579949 -3.488001
v -0.727778 1.625552 -3.488001
v -0.773380 1.662977 -3.488000
v -0.825409 1.690787 -3.488000
v -0.881862 1.707912 -3.488000
v -0.940572 1.713694 -3.488000
v -0.999282 1.707911 -3.488000
v -1.055736 1.690786 -3.488000
v -1.107764 1.662977 -3.488000
v -1.153367 1.625552 -3.488000
v -1.190792 1.579949 -3.488000
v -1.369819 1.595765 -3.488000
v -1.218602 1.527921 -3.488000
v -1.235726 1.471467 -3.488000
v -1.422695 1.468113 -3.488000
v -1.241509 1.412758 -3.488000
v -1.369819 1.340460 -3.488000
v -1.369819 1.340460 -2.528000
v -1.422694 1.468113 -2.528000
v -1.369819 1.595765 -2.528000
v -1.218601 1.527921 -2.528000
v -1.190791 1.579949 -2.528000
v -1.235726 1.471467 -2.528000
v -1.241509 1.412758 -2.528000
v -1.235726 1.354047 -2.528000
v -1.218601 1.297594 -2.528000
v -1.190792 1.245566 -2.528000
v -1.153366 1.199963 -2.528000
v -1.107763 1.162537 -2.528000
v -1.016638 0.987280 -2.528000
v -1.055735 1.134727 -2.528000
v -0.999282 1.117603 -2.528000
v -0.940572 1.111821 -2.528000
v -0.936708 1.112201 -2.528000
v -0.881862 1.117603 -2.528000
v -0.825408 1.134727 -2.528000
v -0.733795 0.987280 -2.528000
v -0.773380 1.162537 -2.528000
v -0.727777 1.199963 -2.528000
v -0.690352 1.245566 -2.528000
v -0.662542 1.297594 -2.528000
v -0.645417 1.354047 -2.528000
v -0.521663 1.199412 -2.528000
v -0.639635 1.412757 -2.528000
v -0.463085 1.340833 -2.528001
v -0.521664 1.199412 -3.488001
v -0.645417 1.471467 -2.528000
v -0.662542 1.527921 -2.528000
v -0.690352 1.579949 -2.528000
v -0.727777 1.625552 -2.528000
v -0.773380 1.662977 -2.528000
v -0.874844 1.835435 -2.528000
v -0.825408 1.690787 -2.528000
v -0.881862 1.707912 -2.528000
v -0.940572 1.713694 -2.528000
v -0.999282 1.707911 -2.528000
v -1.002496 1.888311 -2.528000
v -1.130149 1.835435 -2.528000
v -1.130149 1.835435 -3.488000
v -1.055735 1.690786 -2.528000
v -1.107763 1.662977 -2.528000
v -1.153366 1.625552 -2.528000
v -0.773380 1.162537 -3.488000
v -0.825408 1.134727 -3.488000
v -0.733796 0.987280 -3.488000
v -0.727778 1.199963 -3.488000
v -0.881862 1.117603 -3.488000
v -0.875217 0.928700 -3.488000
v -0.940572 1.111821 -3.488000
v -1.016639 0.987280 -3.488000
v -1.190792 1.245566 -3.488000
v -0.875217 0.928701 -2.528000
v -0.999282 1.117603 -3.488000
v -1.055736 1.134727 -3.488000
v -1.054479 1.134346 -3.488000
v -1.107763 1.162537 -3.488000
v -1.153367 1.199963 -3.488000
v -1.218602 1.297594 -3.488000
v -1.235726 1.354047 -3.488000
v -1.333530 1.617309 -3.029601
v -1.333530 1.617309 -2.986401
v -2.412746 2.718761 -3.029601
v -1.311703 1.640215 -3.105968
v -1.259007 1.695513 -3.137601
v -2.392502 2.739381 -3.105968
v -2.343631 2.789163 -3.137601
v -2.346057 2.779590 -3.193329
v -2.416002 2.708460 -3.148094
v -2.444974 2.678998 -3.038889
v -2.444974 2.678998 -2.977113
v -2.939949 3.173973 -3.038889
v -2.412746 2.718761 -2.986401
v -2.392502 2.739381 -2.910033
v -1.311703 1.640215 -2.910034
v -1.259007 1.695513 -2.878401
v -2.343631 2.789163 -2.878401
v -1.229196 1.726796 -2.878401
v -2.315984 2.817326 -2.878401
v -1.176501 1.782094 -2.910034
v -1.154674 1.804999 -2.986401
v -2.267113 2.867108 -2.910033
v -2.246870 2.887728 -2.986401
v -2.306488 2.819828 -2.822673
v -2.236543 2.890957 -2.867907
v -2.207571 2.920420 -2.977113
v -2.702546 3.415394 -2.977113
v -2.207571 2.920420 -3.038889
v -2.731518 3.385932 -2.867907
v -2.801462 3.314803 -2.822673
v -2.841032 3.274564 -2.822673
v -2.346057 2.779590 -2.822673
v -2.910976 3.203435 -2.867907
v -2.939949 3.173973 -2.977113
v -2.416001 2.708460 -2.867907
v -2.246870 2.887728 -3.029601
v -2.236543 2.890957 -3.148094
v -2.702546 3.415394 -3.038889
v -2.731518 3.385932 -3.148094
v -2.267113 2.867108 -3.105968
v -1.154674 1.804999 -3.029601
v -1.176501 1.782094 -3.105969
v -2.315984 2.817326 -3.137601
v -2.306488 2.819828 -3.193329
v -2.801463 3.314803 -3.193328
v -2.841032 3.274564 -3.193328
v -2.910976 3.203435 -3.148094
v -1.229196 1.726796 -3.137601
v -3.053542 2.991883 -3.404000
v -3.053542 2.991883 -3.212000
v -3.428100 2.991914 -3.404000
v -3.428154 3.578846 -3.404000
v -3.428127 3.285380 -3.404000
v -2.626187 2.570740 -3.212000
v -2.493405 3.563061 -3.404000
v -2.626188 2.570740 -3.404000
v -0.948145 0.854761 -3.404001
v -1.153367 1.199963 -3.404001
v -0.948145 0.854761 -3.212000
v -0.857987 0.803874 -3.212000
v -1.055736 1.134727 -3.212000
v -1.153367 1.199963 -3.212000
v -0.940572 1.111821 -3.212000
v -0.665316 0.857521 -3.212001
v -0.754464 0.804885 -3.212000
v -0.773380 1.162537 -3.212000
v -0.690352 1.245566 -3.212000
v -0.641261 1.429263 -3.212001
v -0.385247 1.143111 -3.212001
v -0.334360 1.233269 -3.212001
v -0.335371 1.336792 -3.212001
v -0.662543 1.527921 -3.212000
v -0.388007 1.425940 -3.212001
v -2.493405 3.563061 -3.212000
v -0.825409 1.690787 -3.212000
v -0.388007 1.425940 -3.404001
v -0.727778 1.625552 -3.212000
v -0.335371 1.336792 -3.404001
v -0.645418 1.471467 -3.404001
v -0.334360 1.233269 -3.404001
v -0.385247 1.143111 -3.404001
v -0.665316 0.857521 -3.404001
v -0.773380 1.162537 -3.404001
v -0.940572 1.111821 -3.404001
v -0.662543 1.297594 -3.404001
v -1.055736 1.134727 -3.404001
v -0.754464 0.804885 -3.404001
v -0.857987 0.803874 -3.404001
v -0.690352 1.579949 -3.404001
v -0.825409 1.690787 -3.404001
v -0.940572 1.713694 -3.404001
v -1.107764 1.662977 -3.404001
v -1.190792 1.579949 -3.404001
v -1.235726 1.471467 -3.404001
v -1.235726 1.354047 -3.404001
v -0.999282 1.707911 -3.212000
v -1.107764 1.662977 -3.212000
v -1.190792 1.579949 -3.212000
v -1.241509 1.412758 -3.212000
v -1.218602 1.297594 -3.212000
v -3.428154 3.578846 -3.212000
v -3.428100 2.991914 -3.212000
v -3.428127 3.285380 -3.212000
v -3.601859 3.165744 -3.212000
v -3.550966 3.042858 -3.212000
v -3.601859 3.409406 -3.212000
v -3.550982 3.531008 -3.212000
v -3.550982 3.531008 -3.404000
v -3.601859 3.409406 -3.404000
v -3.601859 3.165744 -3.404000
v -3.550966 3.042858 -3.404000
v -3.053542 2.991883 -2.804000
v -3.053542 2.991883 -2.612000
v -3.428100 2.991914 -2.804000
v -3.428154 3.578846 -2.804000
v -3.428127 3.285380 -2.804000
v -2.626187 2.570740 -2.612000
v -2.493405 3.563061 -2.804000
v -2.626187 2.570740 -2.804000
v -1.153366 1.199963 -2.804000
v -0.948145 0.854761 -2.804000
v -0.948145 0.854761 -2.612000
v -1.055735 1.134727 -2.612000
v -0.940572 1.111821 -2.612000
v -0.857986 0.803874 -2.612000
v -1.153366 1.199963 -2.612000
v -1.218601 1.297594 -2.612000
v -2.493405 3.563061 -2.612000
v -1.241509 1.412758 -2.612000
v -1.190791 1.579949 -2.612000
v -1.107763 1.662977 -2.612000
v -0.999282 1.707911 -2.612000
v -0.825409 1.690787 -2.612000
v -0.388007 1.425940 -2.612000
v -0.727777 1.625552 -2.612000
v -0.662542 1.527921 -2.612000
v -0.641261 1.429263 -2.612000
v -0.665316 0.857521 -2.612000
v -0.385247 1.143111 -2.612000
v -0.334360 1.233269 -2.612000
v -0.335371 1.336792 -2.612000
v -0.690352 1.245566 -2.612000
v -0.773380 1.162537 -2.612000
v -0.334360 1.233269 -2.804001
v -0.335371 1.336792 -2.804001
v -0.388007 1.425940 -2.804001
v -0.645417 1.471467 -2.804000
v -0.662543 1.297594 -2.804000
v -0.385247 1.143111 -2.804001
v -0.690352 1.579949 -2.804000
v -0.825409 1.690787 -2.804000
v -0.940572 1.713694 -2.804000
v -1.107763 1.662977 -2.804000
v -1.190791 1.579949 -2.804000
v -1.235726 1.471467 -2.804000
v -1.235726 1.354047 -2.804000
v -0.665316 0.857521 -2.804000
v -0.773380 1.162537 -2.804000
v -0.940572 1.111821 -2.804000
v -0.754464 0.804885 -2.804000
v -0.857986 0.803874 -2.804000
v -1.055735 1.134727 -2.804000
v -0.754464 0.804885 -2.612000
v -3.428154 3.578846 -2.612000
v -3.428100 2.991914 -2.612000
v -3.428127 3.285380 -2.612000
v -3.550982 3.531008 -2.612000
v -3.601858 3.165744 -2.612000
v -3.550966 3.042858 -2.612000
v -3.601858 3.409406 -2.612000
v -3.601858 3.409406 -2.803999
v -3.550982 3.531008 -2.804000
v -3.601858 3.165744 -2.803999
v -3.550966 3.042858 -2.804000
vn -0.0000 -0.0000 -1.0000
vn 0.5556 0.8315 -0.0000
vn 0.8315 0.5556 -0.0000
vn 0.9239 0.3827 -0.0000
vn -0.0001 -0.0001 -1.0000
vn -0.8315 -0.5556 -0.0000
vn -0.9239 -0.3827 -0.0000
vn -0.9239 0.3827 -0.0000
vn -0.8315 0.5556 -0.0000
vn -0.0000 -0.0000 1.0000
vn 0.8315 -0.5556 -0.0000
vn 0.9239 -0.3827 -0.0000
vn 0.3827 0.9239 -0.0000
vn -0.5556 0.8315 -0.0000
vn -0.3827 0.9239 -0.0000
vn -0.0014 0.0014 1.0000
vn 0.5556 -0.8315 -0.0000
vn -0.5556 -0.8315 -0.0000
vn -0.3827 -0.9239 -0.0000
vn -0.0004 -0.0000 -1.0000
vn -0.0003 -0.0000 -1.0000
vn 0.3827 -0.9239 -0.0000
vn -0.7007 -0.6865 0.1942
vn -0.7019 -0.6889 -0.1808
vn -0.7007 -0.6865 -0.1942
vn -0.6602 -0.6469 -0.3816
vn -0.1419 -0.1396 -0.9800
vn -0.2729 -0.2684 -0.9238
vn -0.2926 -0.2901 -0.9112
vn -0.6669 -0.6558 -0.3539
vn 0.7558 -0.6523 0.0573
vn 0.7230 -0.6855 0.0861
vn 0.7243 -0.6840 0.0862
vn -0.1488 -0.1476 -0.9778
vn 0.7748 -0.6319 0.0168
vn 0.7749 -0.6319 0.0169
vn 0.7538 -0.6543 0.0598
vn 0.7748 -0.6319 -0.0168
vn 0.7749 -0.6319 -0.0169
vn -0.6956 -0.6956 0.1797
vn -0.6956 -0.6956 -0.1800
vn -0.6956 -0.6956 -0.1797
vn -0.6614 -0.6614 -0.3539
vn 0.7558 -0.6523 -0.0573
vn -0.7019 -0.6889 0.1810
vn -0.6602 -0.6469 0.3816
vn -0.6669 -0.6558 0.3539
vn -0.7020 -0.6889 0.1806
vn -0.6603 -0.6470 0.3814
vn -0.2926 -0.2901 0.9112
vn -0.2729 -0.2684 0.9238
vn -0.1419 -0.1396 0.9800
vn -0.1488 -0.1476 0.9778
vn 0.1360 0.1356 0.9814
vn 0.1494 0.1502 0.9773
vn 0.2717 0.2709 0.9235
vn 0.6582 0.6639 0.3549
vn 0.6516 0.6550 0.3827
vn 0.6911 0.6960 0.1950
vn 0.1499 0.1506 0.9772
vn 0.2913 0.2928 0.9107
vn 0.6634 -0.7459 -0.0590
vn 0.6419 -0.7666 -0.0178
vn 0.6420 -0.7665 -0.0177
vn 0.6926 0.6986 0.1798
vn 0.6654 -0.7440 -0.0617
vn 0.6977 -0.7111 -0.0870
vn 0.6970 -0.7118 -0.0868
vn 0.6956 0.6955 0.1798
vn 0.6956 0.6956 0.1797
vn 0.6613 0.6614 0.3539
vn 0.6956 0.6956 -0.1800
vn 0.6420 -0.7665 0.0177
vn 0.6955 0.6955 0.1802
vn 0.6614 0.6614 0.3539
vn 0.2920 0.2920 0.9107
vn 0.1501 0.1501 0.9772
vn 0.1486 0.1486 0.9777
vn -0.1486 -0.1486 0.9777
vn -0.1500 -0.1500 0.9773
vn -0.2920 -0.2920 0.9107
vn -0.6613 -0.6614 0.3539
vn -0.6614 -0.6613 0.3539
vn -0.6956 -0.6956 0.1800
vn -0.1503 -0.1503 0.9772
vn 0.7538 -0.6543 -0.0598
vn 0.7230 -0.6855 -0.0861
vn 0.7243 -0.6840 -0.0862
vn 0.6419 -0.7666 0.0178
vn 0.6634 -0.7459 0.0590
vn 0.6654 -0.7440 0.0617
vn 0.6613 0.6614 -0.3539
vn 0.6956 0.6956 -0.1797
vn 0.6911 0.6960 -0.1950
vn 0.6516 0.6550 -0.3827
vn 0.6582 0.6639 -0.3549
vn 0.6926 0.6986 -0.1798
vn 0.2717 0.2709 -0.9235
vn 0.1496 0.1504 -0.9772
vn 0.2913 0.2928 -0.9107
vn 0.6970 -0.7118 0.0868
vn 0.6977 -0.7111 0.0870
vn 0.2920 0.2920 -0.9107
vn 0.1486 0.1486 -0.9777
vn 0.1501 0.1501 -0.9772
vn -0.1486 -0.1486 -0.9777
vn -0.1501 -0.1501 -0.9772
vn -0.2920 -0.2920 -0.9107
vn -0.6613 -0.6613 -0.3539
vn 0.1360 0.1355 -0.9814
vn -0.7019 -0.7123 -0.0000
vn -0.7085 -0.7057 -0.0000
vn -0.0001 -1.0000 -0.0000
vn -0.1953 -0.9807 -0.0000
vn -0.6093 -0.7929 -0.0000
vn -0.2494 -0.9684 -0.0000
vn 0.7927 0.6097 -0.0000
vn 0.7124 0.7018 -0.0000
vn 0.9634 0.2682 -0.0000
vn 1.0000 0.0098 -0.0000
vn 0.8709 -0.4915 -0.0000
vn 0.7993 -0.6010 -0.0000
vn 0.6165 -0.7874 -0.0000
vn 0.0098 -1.0000 -0.0000
vn 0.5084 -0.8611 -0.0000
vn 0.0001 -0.0000 -1.0000
vn 0.0169 0.9999 -0.0000
vn -0.1763 0.9843 -0.0000
vn -0.3629 0.9318 -0.0000
vn -0.9804 0.1968 -0.0000
vn -0.9225 0.3860 -0.0000
vn -0.9808 -0.1951 -0.0000
vn -0.9239 -0.3826 -0.0000
vn -0.3830 -0.9237 -0.0000
vt 0.291742 0.641452
vt 0.297106 0.638584
vt 0.315475 0.638254
vt 0.285919 0.643221
vt 0.309443 0.652836
vt 0.310013 0.573608
vt 0.315465 0.586765
vt 0.374867 0.996451
vt 0.466877 0.819605
vt 0.466877 0.996451
vt 0.495075 0.996451
vt 0.301808 0.634724
vt 0.305666 0.630021
vt 0.310891 0.612784
vt 0.308532 0.624657
vt 0.310296 0.618837
vt 0.310294 0.606732
vt 0.308528 0.600913
vt 0.305660 0.595550
vt 0.301801 0.590850
vt 0.297100 0.586992
vt 0.291737 0.584125
vt 0.285917 0.582360
vt 0.279865 0.581764
vt 0.273814 0.582357
vt 0.261929 0.568160
vt 0.267994 0.584120
vt 0.248790 0.573597
vt 0.262630 0.586983
vt 0.257926 0.590834
vt 0.243338 0.586724
vt 0.210617 0.819606
vt 0.236070 0.996451
vt 0.210617 0.996451
vt 0.236069 0.819606
vt 0.261522 0.996451
vt 0.261522 0.819606
vt 0.291735 0.584013
vt 0.297807 0.568042
vt 0.310960 0.573486
vt 0.316413 0.586632
vt 0.285913 0.582248
vt 0.297102 0.586875
vt 0.301807 0.590729
vt 0.305671 0.595429
vt 0.308545 0.600796
vt 0.310320 0.606625
vt 0.310925 0.612692
vt 0.310337 0.618753
vt 0.316598 0.638264
vt 0.308548 0.624621
vt 0.305612 0.630063
vt 0.301886 0.634594
vt 0.301533 0.634870
vt 0.297127 0.638494
vt 0.291751 0.641371
vt 0.295815 0.658845
vt 0.285921 0.643141
vt 0.279861 0.643735
vt 0.273802 0.643137
vt 0.267978 0.641369
vt 0.262611 0.638499
vt 0.264856 0.658808
vt 0.250272 0.652759
vt 0.257908 0.634638
vt 0.523274 0.996451
vt 0.495075 0.819605
vt 0.523274 0.819605
vt 0.244234 0.638171
vt 0.254048 0.629934
vt 0.251180 0.624567
vt 0.249414 0.618744
vt 0.248819 0.612689
vt 0.249416 0.606634
vt 0.244241 0.586658
vt 0.251183 0.600812
vt 0.254051 0.595447
vt 0.257911 0.590744
vt 0.249695 0.573494
vt 0.262615 0.586884
vt 0.349414 0.819605
vt 0.374867 0.819605
vt 0.349414 0.996451
vt 0.323961 0.819606
vt 0.262859 0.568042
vt 0.323961 0.996451
vt 0.296856 0.568160
vt 0.267981 0.584016
vt 0.273803 0.582250
vt 0.279858 0.581653
vt 0.062210 0.819606
vt 0.062210 0.996451
vt 0.006945 0.996451
vt 0.006945 0.819605
vt 0.273800 0.643230
vt 0.279861 0.643821
vt 0.294873 0.658884
vt 0.267968 0.641461
vt 0.262585 0.638580
vt 0.263919 0.658955
vt 0.249275 0.653010
vt 0.243029 0.638456
vt 0.257859 0.634689
vt 0.118606 0.996451
vt 0.118606 0.819606
vt 0.090408 0.819606
vt 0.249404 0.606719
vt 0.248796 0.612795
vt 0.090408 0.996451
vt 0.253970 0.629908
vt 0.251132 0.624484
vt 0.249389 0.618838
vt 0.250949 0.624158
vt 0.310444 0.652850
vt 0.251184 0.600892
vt 0.254062 0.595528
vt 0.564916 0.067024
vt 0.971543 0.080541
vt 0.564857 0.078417
vt 0.565029 0.100217
vt 0.565584 0.122015
vt 0.971579 0.102075
vt 0.227141 0.613906
vt 0.216500 0.627796
vt 0.215494 0.618578
vt 0.971813 0.122275
vt 0.232461 0.601632
vt 0.240762 0.603562
vt 0.233155 0.621113
vt 0.232807 0.594563
vt 0.241256 0.593453
vt 0.040609 0.714454
vt 0.046703 0.646475
vt 0.046609 0.714462
vt 0.057949 0.714444
vt 0.228709 0.581829
vt 0.971603 0.069150
vt 0.565316 0.045226
vt 0.971864 0.047617
vt 0.566100 0.023436
vt 0.972308 0.027420
vt 0.566533 0.012048
vt 0.972549 0.017014
vt 0.972549 0.227551
vt 0.566527 0.232001
vt 0.566808 0.210198
vt 0.972530 0.207349
vt 0.566835 0.188397
vt 0.198973 0.580562
vt 0.193817 0.592905
vt 0.185502 0.591086
vt 0.972430 0.185814
vt 0.192875 0.573434
vt 0.209438 0.566528
vt 0.210555 0.575731
vt 0.102047 0.714263
vt 0.102141 0.646276
vt 0.113481 0.646325
vt 0.096047 0.714255
vt 0.185140 0.601200
vt 0.113387 0.714312
vt 0.124119 0.646422
vt 0.124025 0.714408
vt 0.013150 0.714255
vt 0.013244 0.646268
vt 0.018725 0.646321
vt 0.018631 0.714308
vt 0.029363 0.646417
vt 0.029269 0.714404
vt 0.040703 0.646467
vt 0.235398 0.575242
vt 0.219474 0.566967
vt 0.217574 0.576043
vt 0.210243 0.566457
vt 0.193564 0.599979
vt 0.197826 0.612659
vt 0.191235 0.619333
vt 0.084706 0.714272
vt 0.084801 0.646286
vt 0.096141 0.646268
vt 0.566762 0.177004
vt 0.566458 0.155205
vt 0.972183 0.152884
vt 0.972358 0.174418
vt 0.971945 0.132683
vt 0.209034 0.618303
vt 0.207263 0.627403
vt 0.074068 0.714339
vt 0.074163 0.646352
vt 0.068682 0.646391
vt 0.068587 0.714377
vt 0.058043 0.646457
vt 0.565899 0.133407
vt 0.211118 0.575686
vt 0.353162 0.008700
vt 0.320336 0.112629
vt 0.319944 0.008825
vt 0.597839 0.740938
vt 0.554889 0.718922
vt 0.597839 0.718922
vt 0.422129 0.652351
vt 0.465073 0.651630
vt 0.465644 0.685276
vt 0.466215 0.718922
vt 0.359014 0.718922
vt 0.353554 0.112504
vt 0.489608 0.005306
vt 0.351243 0.008725
vt 0.355122 0.527739
vt 0.321904 0.527865
vt 0.371238 0.460154
vt 0.321971 0.545776
vt 0.289409 0.496661
vt 0.316852 0.545313
vt 0.301010 0.479645
vt 0.305221 0.459500
vt 0.262199 0.510897
vt 0.286090 0.562227
vt 0.303742 0.557895
vt 0.241622 0.510735
vt 0.213057 0.493957
vt 0.216178 0.560147
vt 0.199008 0.555032
vt 0.186683 0.541999
vt 0.182530 0.524541
vt 0.203707 0.479271
vt 0.204282 0.437423
vt 0.182530 0.004687
vt 0.015007 0.718923
vt 0.359014 0.740939
vt 0.015007 0.740939
vt 0.199888 0.459461
vt 0.322571 0.704539
vt 0.355721 0.686502
vt 0.355789 0.704413
vt 0.322503 0.686627
vt 0.467015 0.487651
vt 0.493487 0.524320
vt 0.489280 0.541730
vt 0.476932 0.554704
vt 0.355654 0.668590
vt 0.459751 0.559766
vt 0.322435 0.668716
vt 0.355586 0.650679
vt 0.390568 0.561476
vt 0.387036 0.496738
vt 0.322106 0.581599
vt 0.355325 0.581474
vt 0.322368 0.650804
vt 0.413904 0.510586
vt 0.443938 0.507174
vt 0.373158 0.557269
vt 0.375498 0.480017
vt 0.360184 0.544921
vt 0.355189 0.545651
vt 0.355257 0.563563
vt 0.322039 0.563688
vt 0.474507 0.468769
vt 0.471095 0.438735
vt 0.459557 0.422014
vt 0.432689 0.408165
vt 0.412377 0.408469
vt 0.393727 0.416523
vt 0.379579 0.431101
vt 0.223782 0.414267
vt 0.242722 0.406644
vt 0.263125 0.406809
vt 0.289721 0.421211
vt 0.300863 0.438172
vt 0.466215 0.740939
vt 0.465644 0.774585
vt 0.465073 0.808231
vt 0.422129 0.807510
vt 0.322372 0.007743
vt 0.485331 0.788638
vt 0.485803 0.760701
vt 0.479258 0.802628
vt 0.480205 0.746661
vt 0.481330 0.740938
vt 0.481330 0.718922
vt 0.496445 0.740938
vt 0.480205 0.713200
vt 0.496445 0.718922
vt 0.485803 0.699160
vt 0.485331 0.671223
vt 0.524386 0.718922
vt 0.524386 0.740938
vt 0.539637 0.740938
vt 0.539637 0.718922
vt 0.479258 0.657233
vt 0.554889 0.740938
vt 0.180716 0.008700
vt 0.147890 0.112629
vt 0.147498 0.008825
vt 0.597298 0.740938
vt 0.554348 0.718922
vt 0.597298 0.718922
vt 0.421588 0.652351
vt 0.464532 0.651630
vt 0.465103 0.685276
vt 0.465674 0.718922
vt 0.358473 0.718923
vt 0.181108 0.112504
vt 0.317162 0.005306
vt 0.178797 0.008725
vt 0.198792 0.460154
vt 0.182676 0.527740
vt 0.149458 0.527865
vt 0.149525 0.545776
vt 0.128564 0.479645
vt 0.132775 0.459500
vt 0.116963 0.496661
vt 0.144407 0.545313
vt 0.128417 0.438171
vt 0.010084 0.004687
vt 0.117276 0.421211
vt 0.090679 0.406809
vt 0.070276 0.406644
vt 0.051336 0.414267
vt 0.031836 0.437423
vt 0.010084 0.524541
vt 0.027442 0.459461
vt 0.031261 0.479271
vt 0.040612 0.493957
vt 0.113644 0.562227
vt 0.069176 0.510735
vt 0.043732 0.560147
vt 0.026563 0.555032
vt 0.014238 0.541999
vt 0.089753 0.510897
vt 0.150057 0.686627
vt 0.149990 0.668716
vt 0.183208 0.668590
vt 0.183276 0.686502
vt 0.150125 0.704539
vt 0.294569 0.487651
vt 0.321041 0.524320
vt 0.316834 0.541730
vt 0.183343 0.704413
vt 0.304486 0.554704
vt 0.287305 0.559766
vt 0.271492 0.507174
vt 0.302061 0.468769
vt 0.298649 0.438735
vt 0.287111 0.422014
vt 0.260243 0.408165
vt 0.239931 0.408469
vt 0.221281 0.416523
vt 0.207133 0.431101
vt 0.218122 0.561476
vt 0.214590 0.496738
vt 0.183140 0.650679
vt 0.149661 0.581599
vt 0.182879 0.581474
vt 0.149922 0.650804
vt 0.241458 0.510587
vt 0.200712 0.557269
vt 0.203053 0.480017
vt 0.187738 0.544921
vt 0.182744 0.545651
vt 0.182811 0.563562
vt 0.149593 0.563688
vt 0.131296 0.557895
vt 0.014467 0.718923
vt 0.358473 0.740939
vt 0.014467 0.740940
vt 0.465674 0.740939
vt 0.465103 0.774585
vt 0.464532 0.808231
vt 0.421588 0.807510
vt 0.149926 0.007743
vt 0.479664 0.746661
vt 0.485262 0.760701
vt 0.484790 0.788638
vt 0.478718 0.802628
vt 0.495904 0.740938
vt 0.480789 0.718922
vt 0.495904 0.718922
vt 0.523845 0.718922
vt 0.480790 0.740939
vt 0.523845 0.740938
vt 0.485262 0.699160
vt 0.484790 0.671223
vt 0.539097 0.740938
vt 0.539097 0.718922
vt 0.478717 0.657233
vt 0.554348 0.740938
vt 0.479664 0.713200
s 1
usemtl SpacialRoverExploreralumWhite
f 139/195/111 144/196/112 140/197/111
f 140/198/113 141/199/114 139/200/113
f 139/201/1 141/202/1 143/203/1
f 142/204/1 145/205/1 139/201/1
f 139/201/1 143/203/1 142/204/1
f 139/195/111 146/206/112 144/196/112
f 145/207/1 146/206/1 139/208/1
f 146/206/112 147/209/115 149/210/115
f 148/211/1 147/209/1 146/206/1
f 148/211/1 146/206/1 145/207/1
f 146/206/112 149/210/115 144/196/112
f 147/209/115 150/212/116 149/210/115
f 153/213/10 149/210/10 150/214/10
f 149/210/10 151/215/10 152/216/10
f 149/210/10 153/213/10 151/215/10
f 144/196/10 149/210/10 152/216/10
f 156/217/10 153/213/10 154/218/10
f 154/218/10 153/213/10 155/219/10
f 155/219/10 153/213/10 150/214/10
f 157/220/10 156/217/10 154/218/10
f 154/218/10 158/221/10 157/220/10
f 154/218/10 159/222/10 158/221/10
f 158/221/10 159/222/10 160/223/10
f 160/223/10 161/224/10 158/221/10
f 161/224/10 163/225/10 158/221/10
f 162/226/10 158/221/10 163/225/10
f 165/227/10 163/225/10 164/228/10
f 166/229/117 164/230/118 163/231/117
f 165/227/10 167/232/10 163/225/10
f 163/233/117 168/234/119 166/235/117
f 163/233/117 161/236/119 168/234/119
f 167/232/10 162/226/10 163/225/10
f 169/237/1 166/238/1 168/239/1
f 168/239/1 170/240/1 169/237/1
f 161/236/119 170/241/120 168/234/119
f 169/237/1 170/240/1 171/242/1
f 161/236/119 160/243/120 170/241/120
f 160/243/121 171/244/122 170/241/121
f 171/242/1 172/245/1 174/246/1
f 171/244/122 154/247/123 172/248/123
f 171/244/122 159/249/122 154/247/123
f 160/243/121 159/249/122 171/244/122
f 173/250/1 175/251/1 171/242/1
f 171/242/1 174/246/1 173/250/1
f 175/251/1 169/237/1 171/242/1
f 174/246/1 172/245/1 177/252/1
f 176/253/1 174/246/1 147/209/1
f 147/209/1 174/246/1 178/254/1
f 177/252/1 178/254/1 174/246/1
f 147/209/115 178/255/116 150/212/116
f 178/255/116 177/256/124 155/257/124
f 178/255/116 155/257/124 150/212/116
f 155/257/125 177/256/125 172/248/123
f 148/211/1 176/253/1 147/209/1
f 155/257/125 172/248/123 154/247/123
f 166/238/1 169/237/1 179/258/1
f 166/238/1 179/258/1 180/259/1
f 145/207/1 180/259/1 181/260/1
f 145/207/1 166/238/1 180/259/1
f 145/207/1 181/260/1 182/261/1
f 145/207/1 182/261/1 183/262/1
f 145/207/1 183/262/1 184/263/1
f 184/263/1 185/264/126 145/207/1
f 185/264/126 148/211/1 145/207/1
f 166/229/117 145/205/118 164/230/118
f 186/265/10 165/227/10 164/228/10
f 187/266/10 186/265/10 164/228/10
f 164/228/10 188/267/10 187/266/10
f 164/228/10 189/268/10 188/267/10
f 164/228/10 190/269/10 189/268/10
f 164/228/10 144/196/10 190/269/10
f 144/196/10 152/216/10 190/269/10
f 164/230/10 191/270/10 193/271/10
f 145/205/127 191/270/128 164/230/127
f 192/272/10 140/273/10 164/230/10
f 164/230/10 193/271/10 192/272/10
f 144/196/10 164/228/10 140/274/10
f 194/275/10 193/271/10 196/276/10
f 195/277/10 193/271/10 194/275/10
f 192/272/10 193/271/10 195/277/10
f 197/278/10 193/271/10 191/270/10
f 196/276/10 193/271/10 197/278/10
f 197/279/129 191/270/128 142/204/128
f 197/279/129 142/204/128 198/280/129
f 196/281/130 197/279/131 198/280/131
f 142/204/1 143/203/1 198/282/1
f 196/281/130 198/280/131 199/283/130
f 198/282/1 143/203/1 199/284/1
f 199/284/1 143/203/1 200/285/1
f 200/286/132 196/281/130 199/283/130
f 200/286/132 194/287/132 196/281/130
f 195/288/133 194/287/132 200/286/132
f 195/288/133 200/286/132 201/289/133
f 200/285/1 143/203/1 201/290/1
f 201/290/1 143/203/1 141/202/1
f 192/291/114 201/289/134 141/199/114
f 192/291/114 195/288/134 201/289/134
f 140/198/113 192/291/114 141/199/114
f 145/205/127 142/204/128 191/270/128
f 202/292/111 207/293/112 203/294/111
f 203/295/113 204/296/114 202/297/113
f 202/298/1 204/299/1 206/300/1
f 205/301/1 208/302/1 202/298/1
f 202/298/1 206/300/1 205/301/1
f 202/292/111 209/303/112 207/293/112
f 208/304/1 209/303/1 202/305/1
f 210/306/1 209/303/1 208/304/1
f 210/306/1 211/307/1 209/303/1
f 209/303/112 211/307/115 212/308/115
f 209/303/112 212/308/115 207/293/112
f 211/307/115 215/309/116 212/308/115
f 212/308/10 213/310/10 216/311/10
f 212/308/10 214/312/10 213/310/10
f 207/293/10 212/308/10 216/311/10
f 214/312/10 212/308/10 215/313/10
f 207/293/10 216/311/10 217/314/10
f 218/315/10 217/314/10 219/316/10
f 218/315/10 207/293/10 217/314/10
f 218/315/10 219/316/10 220/317/10
f 218/315/10 220/317/10 221/318/10
f 221/318/10 222/319/10 218/315/10
f 222/319/10 223/320/10 218/315/10
f 223/320/10 224/321/10 218/315/10
f 223/320/10 225/322/10 224/321/10
f 225/322/10 226/323/10 224/321/10
f 226/323/10 227/324/10 224/321/10
f 228/325/10 227/324/10 232/326/10
f 228/325/10 229/327/10 227/324/10
f 227/324/10 229/327/10 230/328/10
f 231/329/10 224/321/10 227/324/10
f 230/328/10 231/329/10 227/324/10
f 232/326/10 233/330/10 228/325/10
f 233/330/10 214/312/10 228/325/10
f 231/331/119 230/332/120 234/333/120
f 231/331/119 234/333/120 235/334/119
f 224/335/117 231/331/119 235/334/119
f 237/336/1 236/337/1 235/338/1
f 224/335/117 235/334/119 236/339/117
f 235/338/1 234/340/1 237/336/1
f 237/336/1 234/340/1 239/341/1
f 238/342/1 237/336/1 239/341/1
f 236/337/1 237/336/1 240/343/1
f 236/337/1 240/343/1 241/344/1
f 208/304/1 236/337/1 241/344/1
f 208/304/1 241/344/1 242/345/1
f 208/304/1 242/345/1 243/346/1
f 208/304/1 243/346/1 244/347/1
f 208/304/1 244/347/1 245/348/1
f 245/348/1 246/349/126 208/304/1
f 246/349/126 210/306/1 208/304/1
f 239/341/1 247/350/1 249/351/1
f 239/352/122 228/353/123 247/354/123
f 239/352/122 229/355/122 228/353/123
f 230/332/121 229/355/122 239/352/122
f 230/332/121 239/352/122 234/333/121
f 248/356/1 238/342/1 239/341/1
f 239/341/1 249/351/1 248/356/1
f 249/351/1 247/350/1 250/357/1
f 252/358/1 249/351/1 211/307/1
f 211/307/1 249/351/1 251/359/1
f 250/357/1 251/359/1 249/351/1
f 210/306/1 252/358/1 211/307/1
f 211/307/115 251/360/116 215/309/116
f 251/360/116 250/361/124 253/362/124
f 251/360/116 253/362/124 215/309/116
f 228/325/10 214/312/10 253/363/10
f 253/362/125 247/354/123 228/353/123
f 253/362/125 250/361/125 247/354/123
f 253/363/10 214/312/10 215/313/10
f 236/364/117 208/302/118 218/365/118
f 236/364/117 218/365/118 224/366/117
f 218/365/10 254/367/10 256/368/10
f 208/302/127 254/367/128 218/365/127
f 255/369/10 203/370/10 218/365/10
f 218/365/10 256/368/10 255/369/10
f 207/293/10 218/315/10 203/371/10
f 257/372/10 256/368/10 254/367/10
f 260/373/10 256/368/10 257/372/10
f 258/374/10 256/368/10 260/373/10
f 259/375/10 256/368/10 258/374/10
f 255/369/10 256/368/10 259/375/10
f 260/376/130 262/377/131 261/378/130
f 263/379/132 260/376/130 261/378/130
f 260/376/130 257/380/131 262/377/131
f 263/379/132 258/381/132 260/376/130
f 261/382/1 206/300/1 263/383/1
f 259/384/133 258/381/132 263/379/132
f 259/384/133 263/379/132 264/385/133
f 263/383/1 206/300/1 264/386/1
f 264/386/1 206/300/1 204/299/1
f 255/387/114 264/385/134 204/296/114
f 255/387/114 259/384/134 264/385/134
f 262/388/1 206/300/1 261/382/1
f 205/301/1 206/300/1 262/388/1
f 257/380/129 205/301/128 262/377/129
f 257/380/129 254/367/128 205/301/128
f 203/295/113 255/387/114 204/296/114
f 208/302/127 205/301/128 254/367/128
usemtl SpacialRoverExploreralumGray
f 92/117/23 93/118/24 91/119/25
f 94/120/26 91/119/25 93/118/24
f 95/121/27 94/120/28 96/122/29
f 94/120/26 93/118/24 96/122/30
f 95/121/27 96/122/29 97/126/34
f 103/137/45 105/138/46 104/139/47
f 92/117/23 103/137/48 93/118/24
f 103/137/48 92/117/23 105/138/49
f 104/139/50 105/138/51 106/140/52
f 104/139/50 106/140/52 107/141/53
f 108/142/54 107/141/53 106/140/52
f 108/142/54 109/143/55 107/141/53
f 109/144/55 108/145/54 110/146/56
f 112/147/57 110/146/58 111/148/59
f 109/144/60 110/146/56 112/147/61
f 112/147/57 111/148/59 113/152/65
f 131/181/94 132/182/95 130/183/96
f 131/181/94 130/183/96 126/184/97
f 132/182/98 133/185/99 130/183/100
f 138/193/110 97/126/34 133/185/99
f 132/182/98 138/193/110 133/185/99
f 138/193/110 95/121/27 97/126/34
f 111/148/59 131/181/94 126/184/97
f 111/148/59 126/184/97 113/152/65
usemtl SpacialRoverExploreralumBlack
f 96/123/31 98/124/32 97/125/33
f 96/123/31 93/127/35 100/128/36
f 96/123/31 99/129/37 98/124/32
f 96/123/31 100/128/36 99/129/37
f 103/130/38 100/128/36 93/127/35
f 103/130/38 101/131/39 100/128/36
f 101/132/40 102/133/41 100/134/42
f 99/135/43 100/134/42 102/133/41
f 104/136/44 101/131/39 103/130/38
f 112/149/62 113/150/63 116/151/64
f 112/149/62 115/153/66 114/154/67
f 112/149/62 114/154/67 109/155/68
f 112/149/62 116/151/64 115/153/66
f 116/156/69 117/157/70 119/158/71
f 118/159/72 117/157/70 116/156/69
f 113/150/63 118/160/73 116/151/64
f 116/156/74 119/158/75 115/161/75
f 115/161/76 119/158/76 120/162/77
f 115/161/76 120/162/77 114/163/78
f 114/164/78 120/165/77 121/166/79
f 114/164/78 121/166/79 122/167/80
f 122/167/80 121/166/79 123/168/81
f 125/169/82 123/168/83 124/170/84
f 122/167/85 123/168/81 125/169/81
f 104/136/44 125/171/86 101/131/39
f 104/136/44 122/172/87 125/171/86
f 125/169/82 124/170/84 101/132/40
f 101/132/40 124/170/84 102/133/41
f 104/136/44 107/173/88 122/172/87
f 107/173/88 114/174/67 122/172/87
f 113/150/63 126/175/89 118/160/73
f 130/176/90 118/160/73 126/175/89
f 130/176/90 127/177/91 118/160/73
f 118/159/72 127/178/92 129/179/92
f 118/159/72 128/180/93 117/157/70
f 118/159/72 129/179/92 128/180/93
f 130/176/90 133/186/101 134/187/102
f 130/176/90 134/187/102 127/177/91
f 127/178/103 134/188/104 135/189/105
f 134/188/104 136/190/106 135/189/105
f 97/125/33 98/124/32 134/187/102
f 97/125/33 134/187/102 133/186/101
f 134/188/104 98/191/107 136/190/106
f 98/191/107 137/192/108 136/190/106
f 98/191/107 99/135/108 137/192/108
f 99/135/43 102/133/41 137/192/109
f 127/178/103 135/189/105 129/179/103
f 107/173/88 109/194/68 114/174/67
usemtl SpacialRoverExploreralumGrayDeep
f 2/1/1 6/2/1 1/3/1
f 1/3/1 3/4/1 2/1/1
f 1/3/1 8/5/1 3/4/1
f 9/6/1 4/7/1 1/3/1
f 4/8/2 5/9/3 1/10/3
f 8/11/4 1/10/3 5/9/3
f 6/2/1 7/12/1 1/3/1
f 1/3/1 7/12/1 10/13/1
f 9/6/1 1/3/1 13/14/1
f 1/3/1 10/13/1 11/15/1
f 1/3/1 11/15/1 12/16/1
f 1/3/1 12/16/1 13/14/1
f 9/6/1 13/14/1 14/17/5
f 9/6/1 14/17/5 15/18/1
f 9/6/1 15/18/1 16/19/1
f 16/19/1 17/20/1 9/6/1
f 17/20/1 18/21/1 9/6/1
f 18/21/1 19/22/1 9/6/1
f 19/22/1 20/23/1 9/6/1
f 20/23/1 21/24/1 9/6/1
f 21/24/1 22/25/1 9/6/1
f 22/25/1 23/26/1 9/6/1
f 22/25/1 24/27/1 23/26/1
f 26/28/1 24/27/1 25/29/1
f 26/28/1 23/26/1 24/27/1
f 25/29/1 27/30/1 26/28/1
f 26/28/1 27/30/1 28/31/1
f 29/32/6 26/33/7 28/34/6
f 30/35/8 23/36/9 26/33/8
f 29/32/6 30/35/7 26/33/7
f 30/35/8 31/37/9 23/36/9
f 32/38/10 31/39/10 30/40/10
f 29/41/10 32/38/10 30/40/10
f 31/39/10 32/38/10 33/42/10
f 34/43/10 32/38/10 29/41/10
f 35/44/10 34/43/10 29/41/10
f 36/45/10 35/44/10 29/41/10
f 37/46/10 36/45/10 29/41/10
f 38/47/10 37/46/10 29/41/10
f 39/48/10 38/47/10 29/41/10
f 29/41/10 40/49/10 39/48/10
f 29/41/10 41/50/10 40/49/10
f 41/50/10 42/51/10 40/49/10
f 41/50/10 43/52/10 42/51/10
f 41/50/10 44/53/10 43/52/10
f 41/50/10 45/54/10 44/53/10
f 46/55/10 45/54/10 41/50/10
f 47/56/10 46/55/10 41/50/10
f 41/50/10 48/57/10 47/56/10
f 48/57/10 49/58/10 47/56/10
f 50/59/10 49/58/10 48/57/10
f 51/60/10 50/59/10 48/57/10
f 48/57/10 52/61/10 51/60/10
f 48/57/10 53/62/10 52/61/10
f 48/57/10 54/63/10 53/62/10
f 56/64/10 53/62/10 54/63/10
f 55/65/10 53/62/10 56/64/10
f 57/66/11 8/11/12 56/67/12
f 57/66/11 56/67/12 54/68/11
f 8/11/4 5/9/3 56/67/4
f 56/64/10 5/69/10 58/70/10
f 56/64/10 58/70/10 55/65/10
f 59/71/10 58/70/10 5/69/10
f 60/72/10 59/71/10 5/69/10
f 61/73/10 60/72/10 5/69/10
f 62/74/10 61/73/10 5/69/10
f 63/75/10 64/76/10 62/74/10
f 5/69/10 63/75/10 62/74/10
f 63/75/10 65/77/10 64/76/10
f 63/75/10 66/78/10 65/77/10
f 66/78/10 68/79/10 67/80/10
f 66/78/10 63/75/10 68/79/10
f 68/81/13 63/82/2 4/8/2
f 68/81/13 4/8/2 9/83/13
f 69/84/14 68/81/15 9/83/15
f 67/80/10 68/79/10 69/85/10
f 69/84/14 9/83/15 70/86/14
f 67/80/10 69/85/10 31/39/10
f 69/84/14 23/36/9 31/37/9
f 69/84/14 70/86/14 23/36/9
f 23/26/1 70/87/1 9/6/1
f 71/88/16 67/80/10 31/39/10
f 31/39/10 72/89/10 71/88/16
f 31/39/10 73/90/10 72/89/10
f 31/39/10 33/42/10 73/90/10
f 4/8/2 63/82/2 5/9/3
f 48/91/17 76/92/17 57/93/11
f 48/91/17 57/93/11 54/94/11
f 74/95/1 77/96/1 57/97/1
f 57/97/1 75/98/1 74/95/1
f 57/97/1 78/99/1 75/98/1
f 57/97/1 3/4/1 8/5/1
f 77/96/1 3/4/1 57/97/1
f 57/97/1 76/100/1 78/99/1
f 78/99/1 79/101/1 81/102/1
f 78/99/1 76/100/1 79/101/1
f 80/103/1 78/99/1 81/102/1
f 29/32/6 28/34/6 81/104/18
f 29/32/6 81/104/18 41/105/18
f 83/106/19 41/105/18 81/104/18
f 82/107/1 88/108/1 81/102/1
f 81/102/1 28/31/1 82/107/1
f 83/106/19 81/104/18 79/109/19
f 81/102/1 84/110/1 80/103/1
f 81/102/1 86/111/20 84/110/1
f 87/112/1 85/113/21 81/102/1
f 85/113/21 86/111/20 81/102/1
f 88/108/1 87/112/1 81/102/1
f 48/91/17 83/106/22 79/109/22
f 41/50/10 83/114/10 48/57/10
f 28/31/1 89/115/1 82/107/1
f 28/31/1 90/116/1 89/115/1
f 28/31/1 27/30/1 90/116/1
f 48/91/17 79/109/22 76/92/17
o Rueda_Centro_Izq
v -0.945951 1.509230 -4.618948
v -0.897714 1.496304 -4.618948
v -0.845951 1.585961 -4.618948
v -0.945951 1.612757 -4.618948
v -1.045951 1.585961 -4.618948
v -0.945951 1.509230 -4.518948
v -0.994187 1.496304 -4.618948
v -0.994187 1.496304 -4.518948
v -0.994187 1.329209 -4.518948
v -0.897714 1.496304 -4.518948
v -1.042423 1.412757 -4.518948
v -1.029498 1.460992 -4.518948
v -0.849478 1.412757 -4.518948
v -0.862403 1.460992 -4.518948
v -0.849478 1.412757 -4.618948
v -0.897714 1.329209 -4.518948
v -0.862403 1.364521 -4.518948
v -0.862403 1.364521 -4.618948
v -0.772745 1.312757 -4.618948
v -0.745951 1.412757 -4.618948
v -0.897714 1.329209 -4.618948
v -0.845951 1.239551 -4.618948
v -0.945951 1.316285 -4.618948
v -0.845951 1.239551 -4.495615
v -0.945951 1.212757 -4.618948
v -0.945951 1.212757 -4.495615
v -1.045951 1.239551 -4.618948
v -0.994187 1.329209 -4.618948
v -1.029498 1.364521 -4.618948
v -1.045951 1.239551 -4.495615
v -1.119156 1.312757 -4.618948
v -1.119156 1.312757 -4.495615
v -1.145951 1.412757 -4.618948
v -1.119156 1.512756 -4.618948
v -1.145951 1.412757 -4.495615
v -1.042423 1.412757 -4.618948
v -1.029498 1.460992 -4.618948
v -1.029498 1.364521 -4.518948
v -1.145951 1.412757 -4.342281
v -1.119156 1.512756 -4.495615
v -1.292318 1.373538 -4.560556
v -1.257917 1.382756 -4.391960
v -1.231122 1.282755 -4.391960
v -1.436603 1.334877 -4.537695
v -1.465020 1.327263 -4.359145
v -1.438225 1.227262 -4.359145
v -1.476234 1.217078 -4.325418
v -1.503029 1.317078 -4.325418
v -1.531446 1.309464 -4.453534
v -1.409809 1.234877 -4.537695
v -1.504651 1.209463 -4.453534
v -1.633070 1.282234 -4.314966
v -1.648897 1.277993 -4.126520
v -1.822099 1.231583 -3.995615
v -1.606275 1.182233 -4.314966
v -1.795304 1.131584 -3.995615
v -1.622102 1.177992 -4.126520
v -1.795304 1.131584 -3.742281
v -1.822099 1.231584 -3.742281
v -1.265523 1.273538 -4.560556
v -1.119156 1.312757 -4.342281
v -1.045951 1.239551 -4.342281
v -1.119156 1.312757 -3.904504
v -1.045951 1.239552 -3.904504
v -0.945951 1.212757 -3.806726
v -0.945951 1.212757 -3.904504
v -1.045951 1.239552 -3.806726
v -1.045951 1.239552 -3.286281
v -1.119156 1.312757 -3.806726
v -0.945951 1.212757 -3.286281
v -0.845951 1.239552 -3.286281
v -0.945951 1.152757 -3.286235
v -0.815951 1.187591 -3.286235
v -1.075951 1.187591 -3.286235
v -1.171117 1.282757 -3.286235
v -0.945951 1.152757 -3.004702
v -1.075951 1.187591 -3.004702
v -1.171117 1.282757 -3.004702
v -1.205951 1.412757 -3.286235
v -1.205951 1.412757 -3.004702
v -1.171117 1.542757 -3.004702
v -0.945951 1.672757 -3.004702
v -0.720784 1.542757 -3.004702
v -1.171117 1.542757 -3.286235
v -1.075951 1.637924 -3.286235
v -1.075951 1.637924 -3.004702
v -0.945951 1.672757 -3.286235
v -0.815951 1.637924 -3.286235
v -0.945951 1.612757 -3.286281
v -0.845951 1.585962 -3.286281
v -0.845951 1.585962 -3.806726
v -0.772745 1.512757 -3.806726
v -0.772745 1.512757 -3.286281
v -0.720784 1.542757 -3.286235
v -0.685951 1.412757 -3.286235
v -0.815951 1.637924 -3.004702
v -0.685951 1.412757 -3.004702
v -0.720784 1.282757 -3.286235
v -0.745951 1.412757 -3.286281
v -0.772745 1.312757 -3.286281
v -0.772745 1.312757 -3.806726
v -0.745951 1.412757 -3.806726
v -0.745951 1.412757 -3.904504
v -0.772745 1.312757 -3.904504
v -0.845951 1.239552 -3.806726
v -0.845951 1.239552 -3.904504
v -0.664777 0.563404 -3.904504
v -0.664777 0.563404 -3.806726
v -0.764777 0.536609 -3.904504
v -0.764777 0.536609 -3.806726
v -0.845951 1.239551 -4.342281
v -0.945951 1.212757 -4.342281
v -0.772745 1.312757 -4.342281
v -0.745951 1.412757 -4.342281
v -0.690780 1.230791 -4.391960
v -0.772745 1.312757 -4.495615
v -0.665597 1.205608 -4.560556
v -0.745951 1.412757 -4.495615
v -0.772745 1.512756 -4.495615
v -0.599583 1.451975 -4.560556
v -0.626378 1.551976 -4.560556
v -0.633984 1.442758 -4.391960
v -0.426881 1.498252 -4.359145
v -0.453676 1.598251 -4.359145
v -0.660779 1.542759 -4.391960
v -0.455298 1.490636 -4.537695
v -0.360455 1.516050 -4.453534
v -0.387250 1.616049 -4.453534
v -0.482093 1.590637 -4.537695
v -0.285627 1.643279 -4.314966
v -0.415667 1.608436 -4.325418
v -0.258832 1.543280 -4.314966
v -0.388873 1.508436 -4.325418
v -0.243004 1.547521 -4.126520
v -0.069803 1.593931 -3.995615
v -0.096598 1.693931 -3.742281
v -0.096598 1.693931 -3.995615
v -0.069803 1.593931 -3.742281
v -0.269799 1.647520 -4.126520
v -0.772745 1.512756 -4.342281
v -0.845951 1.585961 -4.342281
v -0.772745 1.512757 -3.904504
v -0.845951 1.585962 -3.904504
v -0.945951 1.612757 -3.806726
v -0.350976 2.080937 -3.904503
v -0.277771 2.007732 -3.904503
v -0.945951 1.612757 -3.904504
v -0.945951 1.612757 -4.342281
v -1.045951 1.585962 -3.806726
v -1.045951 1.585962 -3.904504
v -1.119156 1.512757 -3.806726
v -1.119156 1.512757 -3.904504
v -1.045951 1.585961 -4.342281
v -1.119156 1.512756 -4.342281
v -1.045951 1.585961 -4.495615
v -1.127916 1.667926 -4.391960
v -0.945951 1.612757 -4.495615
v -0.845951 1.585961 -4.495615
v -0.806731 1.732329 -4.560556
v -0.915949 1.724723 -4.391960
v -0.906731 1.759124 -4.560556
v -0.868070 1.903410 -4.537695
v -0.842657 1.998253 -4.453534
v -0.860456 1.931826 -4.359145
v -0.768070 1.876614 -4.537695
v -0.742658 1.971458 -4.453534
v -0.760456 1.905032 -4.359145
v -0.750272 1.943040 -4.325417
v -0.715427 2.073081 -4.314966
v -0.711187 2.088909 -4.126520
v -0.664777 2.262110 -3.995615
v -0.815427 2.099876 -4.314966
v -0.850272 1.969834 -4.325417
v -0.811186 2.115704 -4.126520
v -0.764777 2.288905 -3.995615
v -0.664777 2.262110 -3.742281
v -0.764777 2.288905 -3.742281
v -0.815949 1.697929 -4.391960
v -0.772745 1.512756 -4.618948
v -0.862403 1.460992 -4.618948
v -1.279526 1.819538 -4.359145
v -1.201121 1.594721 -4.391960
v -1.352731 1.746333 -4.359145
v -1.153099 1.693111 -4.560556
v -1.258723 1.798735 -4.537695
v -1.331928 1.725530 -4.537695
v -1.328153 1.868163 -4.453534
v -1.226304 1.619906 -4.560556
v -1.307350 1.847361 -4.325418
v -1.402547 1.942557 -4.314966
v -1.401358 1.794958 -4.453534
v -1.475752 1.869352 -4.314966
v -1.380555 1.774156 -4.325418
v -1.487338 1.880940 -4.126520
v -1.614130 2.007732 -3.742281
v -1.614130 2.007731 -3.995615
v -1.414133 1.954145 -4.126520
v -1.540925 2.080937 -3.742281
v -1.540925 2.080937 -3.995615
v -1.145951 1.412757 -3.904504
v -1.145951 1.412757 -3.806726
v -1.822099 1.593931 -3.904504
v -1.795304 1.693931 -3.904504
v -1.822099 1.593931 -3.806726
v -1.795304 1.693931 -3.806726
v -1.145951 1.412757 -3.286281
v -1.119156 1.312757 -3.286281
v -1.119156 1.512757 -3.286281
v -1.045951 1.585962 -3.286281
v -0.277771 2.007732 -3.806726
v -0.350976 2.080937 -3.806726
v -0.559973 1.099985 -4.537695
v -0.738802 1.132403 -4.560556
v -0.633178 1.026780 -4.537695
v -0.763986 1.157586 -4.391960
v -0.612375 1.005977 -4.359145
v -0.563748 0.957350 -4.453534
v -0.490543 1.030555 -4.453534
v -0.584551 0.978153 -4.325418
v -0.489355 0.882955 -4.314966
v -0.477768 0.871370 -4.126520
v -0.350976 0.744578 -3.995615
v -0.416150 0.956160 -4.314966
v -0.277771 0.817783 -3.995615
v -0.404563 0.944575 -4.126520
v -0.511346 1.051358 -4.325418
v -0.539170 1.079182 -4.359145
v -0.350976 0.744578 -3.742281
v -0.277771 0.817783 -3.742281
v -0.975952 1.100790 -4.391960
v -0.985170 1.066389 -4.560556
v -1.075952 1.127586 -4.391960
v -1.031445 0.893688 -4.359145
v -1.023831 0.922104 -4.537695
v -1.123831 0.948899 -4.537695
v -1.049244 0.827261 -4.453534
v -1.076474 0.725638 -4.314966
v -1.041630 0.855678 -4.325418
v -1.149244 0.854056 -4.453534
v -1.131445 0.920482 -4.359145
v -1.141630 0.882473 -4.325418
v -1.176474 0.752433 -4.314966
v -1.180715 0.736606 -4.126520
v -1.227124 0.563404 -3.995615
v -1.127124 0.536609 -3.742281
v -1.127124 0.536609 -3.995615
v -1.227124 0.563404 -3.742281
v -1.080715 0.709811 -4.126520
v -1.085170 1.093184 -4.560556
v -0.720784 1.282757 -3.004702
v -0.815951 1.187591 -3.004702
v -0.945951 1.316285 -4.518948
v -1.845467 1.412758 -4.678950
v -1.845467 1.412758 -3.638950
v -1.828183 1.588244 -4.678950
v -1.828183 1.237271 -3.638950
v -1.828183 1.237270 -4.678950
v -1.909985 1.412758 -4.678950
v -1.954739 1.613418 -4.678950
v -1.891461 1.600830 -4.678950
v -1.891461 1.224684 -4.678950
v -1.974502 1.412758 -4.678950
v -2.053746 1.632151 -4.349617
v -2.075423 1.412058 -4.349617
v -2.020694 1.412806 -4.673750
v -2.000041 1.203117 -4.673750
v -1.954739 1.212097 -4.678950
v -1.836602 1.043837 -4.678950
v -2.053746 1.191964 -4.349617
v -1.896209 1.019148 -4.678950
v -1.747516 0.877169 -4.678950
v -1.989547 0.980328 -4.349617
v -1.801160 0.841324 -4.678950
v -1.938877 1.001485 -4.673750
v -1.839551 0.815659 -4.673750
v -2.093700 0.937196 -4.347710
v -1.979021 0.722647 -4.347710
v -1.885293 0.785284 -4.349617
v -1.977721 0.723738 -3.970190
v -1.836185 0.818487 -3.644150
v -2.092071 0.937670 -3.970190
v -1.884112 0.786275 -3.968283
v -1.744214 0.615808 -3.968283
v -1.797939 0.844030 -3.638950
v -1.671125 0.689506 -3.638950
v -1.745905 0.878520 -3.638950
v -1.626565 0.733105 -3.638950
v -1.703664 0.657010 -3.644150
v -1.516601 0.562692 -3.638950
v -1.542187 0.524488 -3.644150
v -1.573747 0.475910 -3.968283
v -1.636319 0.382336 -3.970190
v -1.823833 0.536224 -3.970190
v -1.744992 0.614325 -4.349617
v -1.824689 0.534593 -4.347710
v -1.705882 0.652783 -4.673750
v -1.636635 0.380261 -4.347710
v -1.574034 0.474023 -4.349617
v -1.543005 0.519113 -4.673750
v -1.517384 0.557547 -4.678950
v -1.627626 0.731083 -4.678950
v -1.481539 0.611193 -4.678950
v -1.339561 0.462499 -4.678950
v -1.378989 0.369769 -4.349617
v -1.673247 0.685461 -4.678950
v -1.379262 0.371956 -3.968283
v -1.422387 0.267986 -3.970190
v -1.422086 0.265582 -4.347710
v -1.357180 0.419788 -4.673750
v -1.155548 0.358623 -4.673750
v -1.189286 0.194962 -4.347710
v -1.146611 0.403968 -4.678950
v -1.314871 0.522106 -4.678950
v -1.134025 0.467246 -4.678950
v -0.945951 0.384205 -4.678950
v -1.167353 0.305571 -4.349617
v -0.947259 0.283893 -4.349617
v -0.948773 0.286326 -3.968283
v -0.948849 0.173793 -3.970190
v -0.947183 0.171117 -4.347710
v -0.945858 0.337971 -4.673750
v -0.736168 0.358623 -4.673750
v -0.705080 0.194962 -4.347710
v -0.745291 0.403968 -4.678950
v -0.757877 0.467246 -4.678950
v -0.552341 0.462499 -4.678950
v -0.945951 0.448724 -4.678950
v -0.727165 0.305571 -4.349617
v -0.515529 0.369769 -4.349617
v -0.518284 0.371956 -3.968283
v -0.472280 0.265582 -4.347710
v -0.534536 0.419788 -4.673750
v -0.475311 0.267986 -3.970190
v -0.358160 0.524488 -3.644150
v -0.261378 0.382336 -3.970190
v -0.542388 0.426018 -3.644150
v -0.559855 0.468461 -3.638950
v -0.751145 0.410434 -3.638950
v -0.760805 0.470479 -3.638950
v -0.580788 0.525087 -3.638950
v -0.729312 0.307940 -3.968283
v -0.383561 0.562692 -3.638950
v -0.414884 0.613765 -3.638950
v -0.323800 0.475910 -3.968283
v -0.229038 0.689506 -3.638950
v -0.269467 0.733105 -3.638950
v -0.102224 0.844030 -3.638950
v -0.064163 0.818487 -3.644150
v -0.153333 0.615808 -3.968283
v -0.196684 0.657010 -3.644150
v -0.073865 0.536224 -3.970190
v -0.149526 0.614325 -4.349617
v -0.069677 0.534593 -4.347710
v 0.080024 0.723738 -3.970190
v -0.013434 0.786276 -3.968283
v -0.009224 0.785284 -4.349617
v 0.084655 0.722647 -4.347710
v -0.185834 0.652783 -4.673750
v -0.052164 0.815659 -4.673750
v -0.090742 0.841324 -4.678950
v -0.264276 0.731083 -4.678950
v -0.144386 0.877169 -4.678950
v 0.004307 1.019148 -4.678950
v 0.095029 0.980328 -4.349617
v -0.218655 0.685461 -4.678950
v -0.374518 0.557547 -4.678950
v -0.410362 0.611193 -4.678950
v -0.577031 0.522106 -4.678950
v -0.601721 0.581713 -4.678950
v -0.446207 0.664837 -4.678950
v -0.446207 0.664837 -3.638950
v -0.309897 0.776703 -4.678950
v -0.601721 0.581713 -3.638950
v -0.770464 0.530525 -3.638950
v -0.770464 0.530525 -4.678950
v -0.945951 0.513241 -3.638950
v -1.121438 0.530525 -4.678950
v -0.945951 0.513240 -4.678950
v -1.121438 0.530526 -3.638950
v -0.948016 0.452041 -3.638950
v -0.950081 0.390840 -3.638950
v -1.135227 0.470479 -3.638950
v -1.149017 0.410434 -3.638950
v -1.290181 0.581713 -3.638950
v -1.315244 0.525087 -3.638950
v -1.340307 0.468461 -3.638950
v -1.445695 0.664837 -3.638950
v -1.481148 0.613765 -3.638950
v -1.582005 0.776704 -3.638950
v -1.693871 0.913012 -3.638950
v -1.693871 0.913012 -4.678950
v -1.582005 0.776703 -4.678950
v -1.445695 0.664837 -4.678950
v -1.290181 0.581713 -4.678950
v -1.776995 1.068528 -4.678950
v -1.776995 1.068528 -3.638950
v -1.834583 1.044425 -3.638950
v -1.889190 1.224442 -3.638950
v -1.950197 1.211615 -3.638950
v -1.969791 1.410550 -3.638950
v -1.907629 1.411654 -3.638950
v -1.950197 1.609485 -3.638950
v -1.889190 1.598865 -3.638950
v -1.892170 1.800776 -3.638950
v -1.828183 1.588244 -3.638950
v -1.834583 1.778882 -3.638950
v -1.797939 1.977070 -3.638950
v -1.776995 1.756987 -3.638950
v -1.745905 1.944786 -3.638950
v -1.693871 1.912502 -3.638950
v -1.626564 2.090202 -3.638950
v -1.671124 2.131594 -3.638950
v -1.516601 2.258407 -3.638950
v -1.744213 2.206689 -3.968283
v -1.703664 2.163991 -3.644150
v -1.836185 2.002514 -3.644150
v -1.977721 2.098679 -3.970190
v -1.823833 2.286193 -3.970190
v -1.744992 2.209791 -4.349617
v -1.979021 2.101551 -4.347710
v -1.824689 2.289605 -4.347710
v -1.705882 2.172831 -4.673750
v -1.839551 2.009953 -4.673750
v -1.801160 1.984189 -4.678950
v -1.885293 2.038833 -4.349617
v -1.673247 2.140053 -4.678950
v -1.517384 2.267967 -4.678950
v -1.747516 1.948346 -4.678950
v -1.627626 2.094432 -4.678950
v -1.574033 2.350093 -4.349617
v -1.573747 2.346588 -3.968283
v -1.636635 2.443937 -4.347710
v -1.636319 2.440081 -3.970190
v -1.543005 2.306501 -4.673750
v -1.339561 2.363015 -4.678950
v -1.357180 2.405826 -4.673750
v -1.422086 2.558616 -4.347710
v -1.378989 2.454347 -4.349617
v -1.422387 2.554430 -3.970190
v -1.379263 2.450542 -3.968283
v -1.357960 2.394983 -3.644150
v -1.340307 2.352639 -3.638950
v -1.542187 2.296511 -3.644150
v -1.149017 2.410666 -3.638950
v -1.481148 2.209543 -3.638950
v -1.315244 2.298220 -3.638950
v -1.445695 2.160678 -3.638950
v -1.290181 2.243802 -3.638950
v -1.135227 2.352828 -3.638950
v -0.950081 2.430259 -3.638950
v -1.121438 2.294989 -3.638950
v -0.948016 2.371267 -3.638950
v -0.751145 2.410666 -3.638950
v -0.945951 2.312273 -3.638950
v -0.760805 2.352828 -3.638950
v -0.559855 2.352639 -3.638950
v -0.770464 2.294989 -3.638950
v -0.580788 2.298220 -3.638950
v -0.383561 2.258407 -3.638950
v -0.601721 2.243802 -3.638950
v -0.414884 2.209542 -3.638950
v -0.446206 2.160678 -3.638950
v -0.269467 2.090202 -3.638950
v -0.229037 2.131593 -3.638950
v -0.102224 1.977070 -3.638950
v -0.153333 2.206689 -3.968283
v -0.196684 2.163990 -3.644150
v -0.358160 2.296511 -3.644150
v -0.261378 2.440081 -3.970190
v -0.073864 2.286193 -3.970190
v -0.149526 2.209791 -4.349617
v -0.069677 2.289605 -4.347710
v -0.257731 2.443936 -4.347710
v -0.320484 2.350093 -4.349617
v -0.348711 2.306501 -4.673750
v -0.374518 2.267967 -4.678950
v -0.218655 2.140053 -4.678950
v -0.185834 2.172831 -4.673750
v -0.090742 1.984189 -4.678950
v -0.410362 2.214322 -4.678950
v -0.264276 2.094432 -4.678950
v -0.009224 2.038833 -4.349617
v 0.084655 2.101551 -4.347710
v 0.080024 2.098679 -3.970190
v -0.052164 2.009953 -4.673750
v -0.013434 2.036223 -3.968283
v -0.064163 2.002514 -3.644150
v -0.007992 1.800776 -3.638950
v 0.034309 1.818286 -3.644150
v 0.090520 1.841738 -3.968283
v 0.194373 1.884745 -3.970190
v 0.199334 1.887001 -4.347710
v 0.095029 1.843788 -4.349617
v 0.062837 1.613418 -4.678950
v 0.004307 1.806367 -4.678950
v 0.159228 1.632151 -4.349617
v 0.047161 1.824129 -4.673750
v 0.154534 1.630710 -3.968283
v 0.269953 1.654201 -4.347710
v 0.264789 1.652615 -3.970190
v 0.108326 1.622496 -4.673750
v 0.128978 1.412806 -4.673750
v 0.180906 1.412058 -4.349617
v 0.082601 1.412758 -4.678950
v 0.293798 1.412099 -4.347710
v 0.288566 1.411209 -3.970190
v 0.115422 1.410500 -3.644150
v 0.176149 1.411249 -3.968283
v 0.094947 1.618388 -3.644150
v 0.069628 1.410550 -3.638950
v 0.050035 1.609485 -3.638950
v 0.011597 1.411654 -3.638950
v -0.006842 1.598865 -3.638950
v -0.046435 1.412758 -3.638950
v -0.063719 1.588244 -3.638950
v -0.061449 1.778881 -3.638950
v -0.150127 1.944786 -3.638950
v -0.114906 1.756987 -3.638950
v -0.114906 1.756986 -4.678950
v -0.198031 1.912501 -4.678950
v -0.198031 1.912502 -3.638950
v -0.309897 2.048811 -3.638950
v -0.309897 2.048810 -4.678950
v -0.446206 2.160678 -4.678950
v -0.144386 1.948346 -4.678950
v -0.055300 1.781676 -4.678950
v -0.000441 1.600830 -4.678950
v 0.018083 1.412758 -4.678950
v -0.063719 1.588244 -4.678950
v -0.046435 1.412758 -4.678950
v -0.063719 1.237270 -4.678950
v -0.063719 1.237271 -3.638950
v -0.000441 1.224684 -4.678950
v -0.055300 1.043837 -4.678950
v 0.062837 1.212097 -4.678950
v 0.159228 1.191964 -4.349617
v 0.108325 1.203117 -4.673750
v 0.047161 1.001485 -4.673750
v 0.199334 0.937196 -4.347710
v 0.269953 1.169996 -4.347710
v 0.264789 1.169801 -3.970190
v 0.194373 0.937670 -3.970190
v 0.094947 1.202613 -3.644150
v 0.154534 1.191787 -3.968283
v 0.050035 1.211614 -3.638950
v -0.007992 1.020324 -3.638950
v -0.061449 1.044425 -3.638950
v -0.006842 1.224442 -3.638950
v -0.114906 1.068528 -3.638950
v -0.114906 1.068527 -4.678950
v -0.198030 0.913012 -3.638950
v -0.198031 0.913012 -4.678950
v -0.309897 0.776704 -3.638950
v -0.150127 0.878522 -3.638950
v 0.090520 0.980760 -3.968283
v 0.034309 1.002714 -3.644150
v -0.601721 2.243802 -4.678950
v -0.770464 2.294989 -4.678950
v -0.577031 2.303409 -4.678950
v -0.552341 2.363015 -4.678950
v -0.757877 2.358268 -4.678950
v -0.945951 2.376791 -4.678950
v -0.745290 2.421546 -4.678950
v -0.945951 2.312274 -4.678950
v -1.121438 2.294989 -4.678950
v -1.290181 2.243802 -4.678950
v -1.134025 2.358268 -4.678950
v -0.945951 2.441309 -4.678950
v -1.146612 2.421546 -4.678950
v -1.314871 2.303409 -4.678950
v -1.445695 2.160678 -4.678950
v -1.481539 2.214322 -4.678950
v -1.582005 2.048810 -4.678950
v -1.582005 2.048812 -3.638950
v -1.693871 1.912501 -4.678950
v -1.776995 1.756986 -4.678950
v -1.836602 1.781676 -4.678950
v -1.896209 1.806367 -4.678950
v -1.989547 1.843788 -4.349617
v -1.938877 1.824129 -4.673750
v -2.000041 1.622496 -4.673750
v -2.093700 1.887001 -4.347710
v -2.164319 1.654201 -4.347710
v -2.092071 1.884745 -3.970190
v -2.162487 1.652615 -3.970190
v -2.052081 1.630710 -3.968283
v -1.934656 1.818286 -3.644150
v -1.995295 1.618388 -3.644150
v -1.988066 1.841738 -3.968283
v -1.884112 2.036223 -3.968283
v -2.073696 1.411249 -3.968283
v -2.015770 1.410500 -3.644150
v -2.186263 1.411209 -3.970190
v -2.162487 1.169801 -3.970190
v -2.188164 1.412099 -4.347710
v -2.164319 1.169996 -4.347710
v -1.995295 1.202613 -3.644150
v -2.052081 1.191787 -3.968283
v -1.988066 0.980760 -3.968283
v -1.892170 1.020324 -3.638950
v -1.934656 1.002714 -3.644150
v -1.167353 2.518546 -4.349617
v -1.155548 2.466990 -4.673750
v -0.945858 2.487643 -4.673750
v -0.947183 2.653080 -4.347710
v -1.189286 2.629234 -4.347710
v -1.190256 2.624847 -3.970190
v -0.948849 2.648623 -3.970190
v -0.950174 2.476096 -3.644150
v -0.948773 2.536172 -3.968283
v -0.947259 2.540223 -4.349617
v -0.727165 2.518546 -4.349617
v -0.729312 2.514557 -3.968283
v -0.707441 2.624847 -3.970190
v -0.742286 2.455621 -3.644150
v -0.542388 2.394983 -3.644150
v -0.475310 2.554430 -3.970190
v -0.518284 2.450542 -3.968283
v -0.323799 2.346588 -3.968283
v -0.515529 2.454347 -4.349617
v -0.472280 2.558616 -4.347710
v -0.534536 2.405826 -4.673750
v -0.736168 2.466990 -4.673750
v -0.705079 2.629234 -4.347710
v -1.158061 2.455621 -3.644150
v -1.168235 2.514557 -3.968283
v -1.357960 0.426018 -3.644150
v -1.158061 0.365379 -3.644150
v -1.190256 0.197571 -3.970190
v -1.168235 0.307940 -3.968283
v -0.950174 0.344904 -3.644150
v -0.742286 0.365379 -3.644150
v -0.707441 0.197571 -3.970190
v -0.320484 0.474023 -4.349617
v -0.348711 0.519112 -4.673750
v -0.257731 0.380261 -4.347710
vn -0.5000 -0.8660 -0.0000
vn -0.0000 -1.0000 -0.0000
vn -0.0000 -0.0000 -1.0000
vn 0.5000 -0.8660 -0.0000
vn 0.8660 -0.5000 -0.0000
vn -1.0000 -0.0000 -0.0000
vn -0.8660 -0.5000 -0.0000
vn -0.8660 0.5000 -0.0000
vn -0.5000 0.8660 -0.0000
vn 0.4210 -0.9071 -0.0000
vn 0.0890 -0.9960 -0.0000
vn -0.5751 -0.8181 -0.0000
vn -0.8181 -0.5751 -0.0000
vn -0.9960 0.0890 -0.0000
vn 1.0000 -0.0000 -0.0000
vn 0.8660 0.5000 -0.0000
vn 0.5000 0.8660 -0.0000
vn 0.3805 0.1020 -0.9191
vn 0.1219 0.0327 -0.9920
vn -0.2588 0.9659 -0.0000
vn -0.9071 0.4210 -0.0000
vn -0.3805 -0.1020 0.9191
vn -0.1219 -0.0327 0.9920
vn 0.4029 0.1080 0.9089
vn 0.4029 0.1079 0.9089
vn 0.7029 0.1884 0.6859
vn -0.4029 -0.1080 -0.9089
vn -0.7029 -0.1884 -0.6859
vn -0.7029 -0.1883 -0.6859
vn -0.4029 -0.1079 -0.9089
vn -0.7974 -0.2137 -0.5643
vn -0.9297 -0.2491 -0.2714
vn 0.2588 -0.9659 -0.0000
vn 0.8270 0.2216 0.5167
vn 0.8753 0.2345 0.4229
vn -0.9659 -0.2588 -0.0000
vn -0.0890 -0.9960 -0.0000
vn -0.0000 -0.0008 -1.0000
vn 0.0004 -0.0007 -1.0000
vn -0.0004 -0.0007 -1.0000
vn -0.0007 -0.0004 -1.0000
vn -0.0000 -0.0000 1.0000
vn -0.0000 1.0000 -0.0000
vn 0.0004 0.0007 -1.0000
vn -0.0000 0.0008 -1.0000
vn -0.0004 0.0007 -1.0000
vn 0.4210 0.9071 -0.0000
vn 0.9071 0.4210 -0.0000
vn 0.0007 0.0004 -1.0000
vn 0.0008 -0.0000 -1.0000
vn 0.0007 -0.0004 -1.0000
vn 0.5751 -0.8181 -0.0000
vn 0.9659 0.2588 -0.0000
vn 0.9071 -0.4210 -0.0000
vn 0.9960 -0.0890 -0.0000
vn 0.2785 -0.2785 0.9191
vn 0.0892 -0.0892 0.9920
vn 0.7071 0.7071 -0.0000
vn -0.2785 0.2785 -0.9191
vn -0.0892 0.0892 -0.9920
vn 0.8181 0.5751 -0.0000
vn -0.3805 -0.1020 -0.9191
vn -0.1219 -0.0327 -0.9920
vn -0.4029 -0.1080 0.9089
vn 0.1219 0.0327 0.9920
vn -0.4029 -0.1079 0.9089
vn 0.3805 0.1020 0.9191
vn 0.4029 0.1080 -0.9089
vn 0.7029 0.1884 -0.6859
vn 0.7974 0.2137 -0.5643
vn 0.9297 0.2491 -0.2714
vn -0.8270 -0.2216 0.5167
vn -0.8753 -0.2345 0.4229
vn -0.7029 -0.1883 0.6859
vn 0.5751 0.8181 -0.0000
vn -0.7071 0.7071 -0.0000
vn -0.0890 0.9960 -0.0000
vn -0.4210 0.9071 -0.0000
vn -0.8181 0.5751 -0.0000
vn -0.2785 0.2785 0.9191
vn -0.2786 0.2785 0.9191
vn -0.0892 0.0892 0.9920
vn -0.1020 -0.3805 -0.9191
vn -0.0327 -0.1219 -0.9920
vn -0.9659 0.2588 -0.0000
vn 0.1080 0.4029 -0.9089
vn 0.1884 0.7029 -0.6859
vn 0.2137 0.7974 -0.5643
vn 0.9659 -0.2588 -0.0000
vn 0.2491 0.9297 -0.2714
vn 0.2588 0.9659 -0.0000
vn -0.2216 -0.8270 0.5167
vn -0.2345 -0.8753 0.4229
vn -0.1883 -0.7029 0.6859
vn -0.1884 -0.7029 0.6859
vn -0.1079 -0.4029 0.9089
vn -0.1080 -0.4029 0.9089
vn 0.0327 0.1219 0.9920
vn 0.1020 0.3805 0.9191
vn 0.2949 -0.2949 0.9089
vn -0.2949 0.2949 -0.9089
vn 0.0892 -0.0892 -0.9920
vn -0.5146 0.5146 -0.6859
vn -0.7071 -0.7071 -0.0000
vn 0.2785 -0.2785 -0.9191
vn -0.5838 0.5838 -0.5643
vn 0.6054 -0.6054 0.5167
vn 0.5146 -0.5146 0.6859
vn 0.6408 -0.6408 0.4229
vn -0.6806 0.6806 -0.2714
vn -0.9960 -0.0890 -0.0000
vn -0.2588 -0.9659 -0.0000
vn -0.0008 -0.0000 -1.0000
vn -0.0007 0.0004 -1.0000
vn 0.7071 -0.7071 -0.0000
vn 0.2949 -0.2949 -0.9089
vn 0.5146 -0.5146 -0.6859
vn 0.5838 -0.5838 -0.5643
vn 0.6806 -0.6806 -0.2714
vn -0.2949 0.2949 0.9089
vn -0.5146 0.5146 0.6859
vn -0.6054 0.6054 0.5167
vn -0.6408 0.6408 0.4229
vn -0.1020 -0.3805 0.9191
vn -0.0327 -0.1219 0.9920
vn 0.1079 0.4029 0.9089
vn -0.1080 -0.4029 -0.9089
vn -0.1884 -0.7029 -0.6859
vn 0.0327 0.1219 -0.9920
vn -0.2137 -0.7974 -0.5643
vn -0.2491 -0.9297 -0.2714
vn 0.2216 0.8270 0.5167
vn 0.2345 0.8753 0.4229
vn 0.1883 0.7029 0.6859
vn 0.1019 0.3805 -0.9191
vn 0.9808 0.1951 -0.0000
vn 0.9808 -0.1951 -0.0000
vn -0.0405 -0.0040 -0.9992
vn -0.0389 0.0118 -0.9992
vn -0.9848 0.0970 -0.1439
vn -0.9520 0.0938 -0.2915
vn -0.9849 0.0970 -0.1435
vn 0.0004 1.0000 0.0024
vn 0.0013 1.0000 0.0025
vn 0.0012 1.0000 0.0025
vn -0.1119 -0.0110 -0.9937
vn -0.0359 -0.0192 -0.9992
vn -0.9469 -0.2872 -0.1444
vn -0.9152 -0.2776 -0.2921
vn 0.1949 -0.9808 -0.0015
vn 0.1944 -0.9809 -0.0016
vn 0.1943 -0.9809 -0.0016
vn -0.9469 -0.2872 -0.1443
vn -0.3826 0.9239 0.0005
vn -0.3824 0.9240 0.0005
vn -0.3825 0.9240 0.0005
vn -0.0992 -0.0530 -0.9937
vn -0.0991 -0.0530 -0.9937
vn -0.7851 -0.4196 -0.4556
vn -0.8585 -0.4589 -0.2288
vn 0.5556 -0.8314 0.0005
vn 0.5558 -0.8313 0.0005
vn 0.5555 -0.8315 0.0005
vn -0.8570 -0.4581 0.2360
vn -0.7825 -0.4183 0.4612
vn 0.5554 -0.8316 0.0005
vn -0.7640 -0.6270 0.1519
vn -0.7641 -0.6270 0.1518
vn -0.7376 -0.6053 0.2992
vn -0.7649 -0.6278 -0.1443
vn 0.5553 -0.8316 0.0005
vn -0.0361 -0.0193 0.9992
vn -0.0259 -0.0316 0.9992
vn -0.7069 0.7073 -0.0014
vn -0.7066 0.7076 -0.0016
vn -0.7065 0.7077 -0.0016
vn -0.0716 -0.0873 0.9936
vn 0.8312 -0.5559 0.0023
vn 0.8307 -0.5567 0.0025
vn 0.8308 -0.5566 0.0025
vn 0.8313 -0.5558 0.0023
vn -0.6164 -0.7511 0.2366
vn -0.5628 -0.6858 0.4615
vn -0.6165 -0.7512 0.2361
vn -0.7070 0.7072 -0.0014
vn -0.7073 0.7069 -0.0014
vn -0.7073 0.7069 -0.0015
vn -0.6176 -0.7526 -0.2282
vn -0.5648 -0.6882 -0.4553
vn -0.6176 -0.7525 -0.2288
vn -0.7076 0.7066 -0.0015
vn 0.8317 -0.5553 0.0024
vn 0.8317 -0.5552 0.0024
vn 0.8321 -0.5546 0.0025
vn -0.0258 -0.0315 -0.9992
vn -0.0713 -0.0869 -0.9937
vn 0.8322 -0.5544 0.0025
vn -0.0118 -0.0389 -0.9992
vn -0.4509 -0.8436 -0.2915
vn -0.4665 -0.8727 -0.1439
vn -0.4665 -0.8728 -0.1435
vn -0.7393 -0.6067 -0.2921
vn -0.7649 -0.6277 -0.1444
vn -0.7077 0.7065 -0.0016
vn -0.9241 0.3822 -0.0032
vn -0.9246 0.3810 -0.0034
vn -0.9245 0.3812 -0.0034
vn -0.4659 -0.8716 0.1523
vn -0.9237 0.3831 -0.0030
vn -0.9237 0.3832 -0.0031
vn -0.0118 -0.0390 -0.9992
vn -0.0326 -0.1075 -0.9937
vn -0.2586 -0.8523 -0.4546
vn -0.2826 -0.9317 -0.2281
vn -0.2827 -0.9319 -0.2271
vn 0.0040 -0.0404 -0.9992
vn -0.0938 -0.9523 -0.2904
vn -0.0970 -0.9850 -0.1429
vn 0.9809 -0.1945 0.0039
vn 0.9812 -0.1931 0.0041
vn 0.9812 -0.1929 0.0042
vn -0.0970 -0.9851 -0.1422
vn -0.0969 -0.9834 0.1533
vn -1.0000 -0.0007 -0.0044
vn -1.0000 0.0006 -0.0042
vn -1.0000 0.0008 -0.0043
vn -1.0000 -0.0023 -0.0047
vn -1.0000 -0.0025 -0.0047
vn 0.0040 -0.0405 -0.9992
vn 0.0110 -0.1117 -0.9937
vn 0.0874 -0.8869 -0.4535
vn 0.0955 -0.9692 -0.2269
vn 0.0955 -0.9695 -0.2256
vn 0.0191 -0.0358 -0.9992
vn 0.2779 -0.9161 -0.2890
vn 0.2874 -0.9473 -0.1414
vn 0.9806 0.1958 0.0048
vn 0.9803 0.1975 0.0051
vn 0.9802 0.1978 0.0051
vn 0.2874 -0.9474 -0.1406
vn 0.2868 -0.9454 0.1548
vn -0.9236 -0.3834 -0.0050
vn -0.9241 -0.3821 -0.0048
vn -0.9242 -0.3818 -0.0048
vn -0.9228 -0.3853 -0.0054
vn -0.9229 -0.3851 -0.0053
vn -0.9235 -0.3835 -0.0050
vn 0.4575 -0.8560 0.2409
vn 0.4577 -0.8562 0.2395
vn 0.4175 -0.7810 0.4645
vn -0.9249 -0.3803 -0.0054
vn 0.4594 -0.8595 -0.2239
vn -0.9250 -0.3800 -0.0054
vn 0.0193 -0.0362 0.9992
vn 0.0533 -0.0998 0.9936
vn 0.0040 -0.0407 0.9992
vn 0.2868 -0.9453 0.1556
vn 0.2767 -0.9122 0.3022
vn 0.0193 -0.0361 0.9992
vn 0.0317 -0.0260 0.9992
vn 0.8320 0.5548 0.0048
vn 0.8331 0.5531 0.0054
vn 0.8329 0.5534 0.0054
vn 0.6265 -0.7634 0.1573
vn 0.6044 -0.7365 0.3037
vn 0.6266 -0.7635 0.1564
vn 0.0875 -0.0718 0.9936
vn -0.7077 -0.7065 -0.0046
vn -0.7089 -0.7053 -0.0051
vn -0.7091 -0.7051 -0.0052
vn -0.7075 -0.7067 -0.0046
vn 0.7499 -0.6155 0.2424
vn 0.6841 -0.5614 0.4657
vn -0.7066 -0.7076 -0.0048
vn -0.7065 -0.7077 -0.0048
vn 0.7537 -0.6185 -0.2223
vn 0.7502 -0.6157 0.2412
vn 0.5550 0.8318 0.0044
vn 0.5562 0.8310 0.0043
vn 0.5561 0.8311 0.0042
vn 0.5575 0.8302 0.0048
vn 0.7534 -0.6183 -0.2236
vn 0.5549 0.8319 0.0044
vn 0.6899 -0.5662 -0.4510
vn 0.5537 0.8327 0.0047
vn 0.0314 -0.0258 -0.9992
vn 0.0866 -0.0711 -0.9937
vn 0.0867 -0.0711 -0.9937
vn 0.5535 0.8329 0.0047
vn 0.0314 -0.0257 -0.9992
vn 0.0388 -0.0118 -0.9992
vn 0.8451 -0.4517 -0.2860
vn 0.8735 -0.4669 -0.1381
vn 0.8736 -0.4669 -0.1374
vn 0.6076 -0.7404 -0.2875
vn 0.6282 -0.7654 -0.1397
vn 0.0192 -0.0359 -0.9992
vn -0.7051 -0.7090 -0.0051
vn -0.7053 -0.7088 -0.0051
vn -0.3827 0.9239 -0.0000
vn -0.5556 0.8315 -0.0000
vn -0.1951 0.9808 -0.0000
vn 0.1951 0.9808 -0.0000
vn 0.0040 -0.0408 0.9992
vn -0.0119 -0.0391 0.9992
vn -0.0119 -0.0392 0.9992
vn 0.8315 0.5556 -0.0000
vn 0.5556 0.8315 -0.0000
vn 0.3827 0.9239 -0.0000
vn 0.9239 0.3827 -0.0000
vn -0.0407 -0.0040 0.9992
vn -0.0392 0.0119 0.9992
vn -0.0391 0.0119 0.9992
vn -0.0317 0.0260 0.9992
vn -0.0316 0.0259 0.9992
vn -0.6047 0.7369 0.3022
vn -0.6267 0.7636 0.1556
vn -0.0193 0.0362 0.9992
vn -0.0874 0.0717 0.9936
vn 0.7065 0.7077 0.0046
vn 0.7053 0.7089 0.0051
vn 0.7051 0.7091 0.0052
vn -0.6851 0.5622 0.4632
vn -0.7506 0.6160 0.2392
vn -0.7508 0.6162 0.2380
vn 0.7067 0.7075 0.0046
vn 0.7076 0.7066 0.0048
vn 0.7077 0.7065 0.0048
vn -0.7531 0.6180 -0.2256
vn -0.7529 0.6179 -0.2269
vn 0.7089 0.7053 0.0051
vn -0.6889 0.5654 -0.4535
vn -0.0315 0.0258 -0.9992
vn -0.0314 0.0258 -0.9992
vn -0.0868 0.0712 -0.9937
vn -0.5561 -0.8311 -0.0044
vn -0.5575 -0.8302 -0.0047
vn -0.5577 -0.8300 -0.0047
vn -0.5562 -0.8310 -0.0044
vn -0.6280 0.7652 -0.1414
vn -0.6073 0.7400 -0.2890
vn -0.0191 0.0358 -0.9992
vn -0.6281 0.7653 -0.1406
vn 0.7091 0.7051 0.0051
vn -0.6268 0.7637 0.1548
vn -0.8319 -0.5549 -0.0050
vn -0.8310 -0.5563 -0.0048
vn -0.8311 -0.5561 -0.0048
vn -0.8329 -0.5534 -0.0053
vn -0.8331 -0.5532 -0.0053
vn -0.0192 0.0359 -0.9992
vn -0.0529 0.0989 -0.9937
vn -0.4593 0.8592 -0.2253
vn -0.4204 0.7866 -0.4523
vn -0.4594 0.8595 -0.2239
vn 0.9242 0.3820 0.0050
vn 0.9242 0.3819 0.0050
vn 0.9236 0.3833 0.0048
vn 0.9249 0.3803 0.0053
vn -0.4577 0.8562 0.2395
vn -0.4575 0.8560 0.2409
vn 0.9235 0.3835 0.0048
vn 0.9229 0.3851 0.0054
vn -0.4175 0.7810 0.4644
vn 0.9228 0.3854 0.0054
vn -0.0193 0.0361 0.9992
vn -0.0533 0.0998 0.9936
vn -0.4175 0.7810 0.4645
vn -0.8300 -0.5577 -0.0053
vn -0.8298 -0.5580 -0.0054
vn -0.2766 0.9117 0.3038
vn -0.2867 0.9450 0.1573
vn -0.0040 0.0408 0.9992
vn 0.0119 0.0393 0.9992
vn 0.0261 0.0318 0.9992
vn 0.0260 0.0317 0.9992
vn 0.7357 0.6038 0.3068
vn 0.7630 0.6262 0.1603
vn 0.0362 0.0194 0.9992
vn 0.0719 0.0876 0.9936
vn 0.7073 -0.7069 0.0014
vn 0.7077 -0.7066 0.0016
vn 0.7077 -0.7065 0.0016
vn 0.7072 -0.7070 0.0014
vn 0.5608 0.6834 0.4674
vn 0.6152 0.7496 0.2443
vn 0.6152 0.7497 0.2438
vn 0.7069 -0.7073 0.0014
vn 0.7069 -0.7073 0.0015
vn 0.6188 0.7540 -0.2204
vn 0.6187 0.7539 -0.2209
vn 0.5668 0.6906 -0.4493
vn -0.8313 0.5559 -0.0024
vn -0.8312 0.5559 -0.0024
vn -0.8308 0.5566 -0.0025
vn -0.8316 0.5553 -0.0023
vn 0.0257 0.0313 -0.9992
vn 0.0710 0.0865 -0.9937
vn -0.8307 0.5567 -0.0025
vn 0.7066 -0.7076 0.0015
vn 0.7065 -0.7077 0.0016
vn 0.7658 0.6285 -0.1360
vn 0.7411 0.6082 -0.2844
vn 0.0357 0.0191 -0.9992
vn 0.7658 0.6285 -0.1359
vn -0.5555 0.8315 -0.0005
vn -0.5554 0.8316 -0.0005
vn -0.5556 0.8314 -0.0005
vn -0.5553 0.8316 -0.0005
vn 0.7630 0.6262 0.1601
vn -0.5558 0.8313 -0.0005
vn 0.7795 0.4167 0.4676
vn 0.8552 0.4571 0.2444
vn 0.1000 0.0535 0.9935
vn 0.1000 0.0535 0.9936
vn 0.3826 -0.9239 -0.0005
vn 0.3824 -0.9240 -0.0005
vn 0.3827 -0.9239 -0.0005
vn 0.3828 -0.9238 -0.0005
vn 0.8602 0.4598 -0.2204
vn 0.9174 0.2783 -0.2844
vn 0.9480 0.2876 -0.1360
vn 0.9481 0.2876 -0.1359
vn 0.9446 0.2865 0.1601
vn 0.3829 -0.9238 -0.0005
vn 0.0987 0.0528 -0.9937
vn 0.7880 0.4212 -0.4490
vn -0.1953 0.9807 0.0014
vn -0.1948 0.9808 0.0014
vn -0.1949 0.9808 0.0014
vn 0.9446 0.2865 0.1603
vn -0.1958 0.9806 0.0015
vn -0.1959 0.9806 0.0016
vn -0.1953 0.9807 0.0015
vn 0.8891 0.0876 -0.4493
vn 0.9706 0.0956 -0.2209
vn 0.0404 0.0040 -0.9992
vn 0.1114 0.0110 -0.9937
vn 0.0004 -1.0000 -0.0023
vn 0.0013 -1.0000 -0.0025
vn 0.0012 -1.0000 -0.0025
vn 0.0004 -1.0000 -0.0024
vn 0.0403 0.0040 -0.9992
vn 0.9707 0.0956 -0.2204
vn 0.9652 0.0951 0.2438
vn -0.0003 -1.0000 -0.0023
vn 0.9650 0.0950 0.2443
vn 0.8798 0.0867 0.4674
vn -0.0004 -1.0000 -0.0023
vn -0.0012 -1.0000 -0.0025
vn 0.0409 0.0040 0.9992
vn 0.1128 0.0111 0.9936
vn -0.1944 0.9809 0.0016
vn 0.0408 0.0040 0.9992
vn -0.1943 0.9809 0.0016
vn 0.9108 0.2763 0.3068
vn -0.9239 -0.3827 -0.0000
vn -0.9808 -0.1951 -0.0000
vn -0.8315 -0.5556 -0.0000
vn -0.5556 -0.8315 -0.0000
vn -0.9808 0.1951 -0.0000
vn 0.1072 -0.0325 -0.9937
vn 0.1946 0.9809 0.0032
vn 0.1935 0.9811 0.0034
vn 0.1933 0.9811 0.0034
vn 0.9539 -0.0940 -0.2849
vn 0.9858 -0.0971 -0.1368
vn 0.9859 -0.0971 -0.1364
vn -0.3821 -0.9241 -0.0039
vn -0.3806 -0.9247 -0.0041
vn -0.3808 -0.9246 -0.0041
vn 0.8546 -0.2592 -0.4500
vn 0.9330 -0.2830 -0.2221
vn 0.9333 -0.2831 -0.2211
vn 0.1955 0.9807 0.0030
vn 0.9283 -0.2816 0.2427
vn 0.1957 0.9807 0.0031
vn 0.9281 -0.2815 0.2436
vn 0.8463 -0.2567 0.4667
vn 0.1967 0.9805 0.0034
vn 0.9824 -0.0968 0.1598
vn 0.9825 -0.0968 0.1593
vn 0.9474 -0.0933 0.3062
vn 0.1969 0.9804 0.0034
vn 0.0393 -0.0119 0.9992
vn 0.0392 -0.0119 0.9992
vn 0.1084 -0.0329 0.9936
vn -0.9239 0.3827 -0.0000
vn -0.8315 0.5556 -0.0000
vn 0.8707 -0.4654 0.1587
vn 0.8399 -0.4489 0.3052
vn 0.8708 -0.4655 0.1580
vn -0.3833 -0.9236 -0.0037
vn -0.3846 -0.9231 -0.0042
vn -0.3848 -0.9230 -0.0042
vn -0.3832 -0.9237 -0.0037
vn -0.3827 -0.9239 -0.0000
vn -0.1951 -0.9808 -0.0000
vn 0.0118 0.0388 -0.9992
vn 0.1951 -0.9808 -0.0000
vn 0.3827 -0.9239 -0.0000
vn -0.0040 0.0404 -0.9992
vn 0.5556 -0.8315 -0.0000
vn 0.8315 -0.5556 -0.0000
vn 0.9239 -0.3827 -0.0000
vn -0.0390 0.0118 -0.9992
vn -0.8729 0.4666 -0.1429
vn -0.8439 0.4511 -0.2904
vn -0.8730 0.4666 -0.1422
vn 0.3832 0.9236 0.0039
vn 0.3847 0.9230 0.0042
vn 0.3845 0.9231 0.0041
vn -0.1075 0.0326 -0.9937
vn -0.9317 0.2826 -0.2281
vn -0.8523 0.2586 -0.4546
vn -0.9319 0.2827 -0.2271
vn -0.1956 -0.9807 -0.0032
vn -0.1967 -0.9805 -0.0034
vn -0.1969 -0.9804 -0.0034
vn -0.9297 0.2820 0.2367
vn -0.9295 0.2820 0.2377
vn -0.1947 -0.9809 -0.0030
vn -0.1945 -0.9809 -0.0031
vn -0.1935 -0.9811 -0.0034
vn -0.8486 0.2574 0.4622
vn -0.1933 -0.9811 -0.0034
vn -0.1081 0.0328 0.9936
vn 0.3820 0.9242 0.0037
vn 0.3808 0.9246 0.0042
vn 0.3806 0.9247 0.0042
vn 0.3822 0.9241 0.0037
vn -0.8411 0.4496 0.3008
vn -0.8715 0.4658 0.1533
vn -0.8714 0.4658 0.1540
vn -0.5549 -0.8319 -0.0043
vn -0.5534 -0.8329 -0.0048
vn -0.5537 -0.8327 -0.0047
vn -0.5551 -0.8318 -0.0042
vn -0.9494 0.0935 0.2997
vn -0.9836 0.0969 0.1523
vn -0.9835 0.0969 0.1527
vn -0.0003 1.0000 0.0023
vn -0.0004 1.0000 0.0023
vn -0.0012 1.0000 0.0025
vn -0.0014 1.0000 0.0026
vn -0.8829 -0.0870 0.4615
vn -0.9671 -0.0952 0.2361
vn -0.9669 -0.0952 0.2366
vn -0.9689 -0.0954 -0.2282
vn -0.9688 -0.0954 -0.2288
vn -0.8860 -0.0873 -0.4553
vn 0.1953 -0.9807 -0.0014
vn 0.1948 -0.9808 -0.0015
vn 0.1958 -0.9806 -0.0016
vn 0.1959 -0.9806 -0.0016
vn -0.9131 -0.2770 0.2992
vn -0.9459 -0.2869 0.1518
vn -0.9458 -0.2869 0.1519
vn -0.3827 0.9239 0.0005
vn -0.3828 0.9238 0.0005
vn -0.3829 0.9238 0.0005
vn -0.3830 0.9238 0.0005
vn -0.0360 -0.0193 0.9992
vn -0.0995 -0.0532 0.9936
vn -0.0996 -0.0532 0.9936
vn -0.1123 -0.0111 0.9936
vn -0.1124 -0.0111 0.9936
vn 0.3833 0.9236 0.0039
vn -0.0110 0.1115 -0.9937
vn -0.2874 0.9476 -0.1397
vn -0.2780 0.9165 -0.2875
vn -0.9809 -0.1943 -0.0048
vn -0.9813 -0.1926 -0.0051
vn -0.9813 -0.1924 -0.0051
vn -0.0955 0.9700 -0.2236
vn -0.0875 0.8882 -0.4510
vn -0.0956 0.9703 -0.2223
vn -0.9807 -0.1957 -0.0046
vn -0.0951 0.9658 0.2412
vn -0.0951 0.9655 0.2424
vn 1.0000 0.0008 0.0043
vn 1.0000 0.0006 0.0042
vn 1.0000 0.0023 0.0048
vn -0.0867 0.8807 0.4657
vn 1.0000 -0.0007 0.0044
vn 1.0000 -0.0025 0.0047
vn 1.0000 -0.0023 0.0047
vn 0.0971 0.9856 -0.1381
vn 0.0939 0.9536 -0.2860
vn 0.0971 0.9857 -0.1374
vn 0.0968 0.9827 0.1580
vn 0.0968 0.9826 0.1587
vn -0.9809 0.1944 -0.0037
vn -0.9812 0.1929 -0.0042
vn -0.9812 0.1931 -0.0042
vn 0.0933 0.9477 0.3052
vn -0.9807 0.1957 -0.0039
vn -0.9809 0.1946 -0.0037
vn 0.0329 0.1084 0.9936
vn 0.2567 0.8463 0.4667
vn 0.2815 0.9281 0.2436
vn 0.9241 -0.3821 0.0031
vn 0.9245 -0.3811 0.0034
vn 0.9246 -0.3810 0.0035
vn 0.2816 0.9283 0.2427
vn 0.9240 -0.3823 0.0030
vn 0.4488 0.8396 0.3062
vn 0.4654 0.8707 0.1593
vn 0.4653 0.8706 0.1598
vn 0.4670 0.8737 -0.1364
vn 0.9237 -0.3831 0.0032
vn 0.9232 -0.3844 0.0034
vn 0.9232 -0.3842 0.0034
vn 0.4670 0.8736 -0.1368
vn 0.4519 0.8454 -0.2849
vn 0.9237 -0.3832 0.0032
vn 0.0325 0.1072 -0.9937
vn 0.2830 0.9330 -0.2221
vn 0.2592 0.8546 -0.4500
vn -0.9806 0.1957 -0.0039
vn -0.9804 0.1970 -0.0041
vn -0.9803 0.1973 -0.0041
vn 0.2831 0.9333 -0.2211
vn -0.8317 0.5552 -0.0023
vn -0.8322 0.5544 -0.0026
vn -0.8322 0.5545 -0.0025
vn 1.0000 0.0026 0.0048
vn -0.0111 0.1127 0.9936
vn -0.9806 -0.1959 -0.0046
vn -0.9803 -0.1975 -0.0051
vn -0.9802 -0.1978 -0.0052
vn -0.2867 0.9452 0.1564
vn -0.2875 0.9477 -0.1389
vn -0.0014 -1.0000 -0.0026
vn 0.9250 0.3800 0.0053
vn -0.4659 -0.8716 0.1527
vn -0.4497 -0.8414 0.2997
vn -0.9232 0.3842 -0.0034
vn -0.9232 0.3844 -0.0034
vn -0.0328 -0.1081 0.9936
vn 0.9806 -0.1958 0.0037
vn 0.9803 -0.1973 0.0042
vn 0.9804 -0.1971 0.0041
vn -0.2820 -0.9295 0.2377
vn -0.2574 -0.8486 0.4622
vn -0.2820 -0.9297 0.2367
vn 0.9807 -0.1956 0.0037
vn -0.0968 -0.9833 0.1540
vn -0.0935 -0.9491 0.3008
vn 0.9809 -0.1944 0.0039
vn -1.0000 0.0023 -0.0047
vn -1.0000 0.0026 -0.0048
vn 0.0111 -0.1125 0.9936
vn 0.0952 -0.9663 0.2392
vn 0.0869 -0.8820 0.4632
vn 0.0952 -0.9666 0.2380
vn 0.9809 0.1942 0.0046
vn 0.9813 0.1926 0.0051
vn 0.9809 0.1945 0.0046
vn 0.9813 0.1924 0.0052
vn 0.9806 0.1959 0.0048
vn 0.0529 -0.0989 -0.9937
vn 0.8310 0.5562 0.0050
vn 0.8300 0.5577 0.0053
vn 0.8299 0.5579 0.0053
vn 0.6282 -0.7655 -0.1389
vn 0.8310 0.5563 0.0050
vn 0.4204 -0.7866 -0.4523
vn 0.4593 -0.8592 -0.2253
vn 0.8318 0.5550 0.0048
vn 0.5577 0.8300 0.0048
vt 0.228492 0.721847
vt 0.243272 0.729228
vt 0.228492 0.729228
vt 0.256616 0.587695
vt 0.249486 0.570483
vt 0.260306 0.581303
vt 0.241836 0.583735
vt 0.241836 0.599036
vt 0.256616 0.595076
vt 0.243272 0.736609
vt 0.228492 0.736609
vt 0.173858 0.918024
vt 0.170167 0.931796
vt 0.156395 0.935487
vt 0.150003 0.911632
vt 0.150003 0.931796
vt 0.146312 0.925404
vt 0.163775 0.935487
vt 0.243272 0.743989
vt 0.146312 0.918024
vt 0.228492 0.795655
vt 0.243272 0.795655
vt 0.243272 0.803036
vt 0.163775 0.907941
vt 0.228492 0.788274
vt 0.156395 0.907941
vt 0.243272 0.788274
vt 0.280471 0.581303
vt 0.274079 0.577613
vt 0.278039 0.562833
vt 0.291290 0.570483
vt 0.298941 0.583735
vt 0.228492 0.780893
vt 0.243272 0.780893
vt 0.284161 0.587695
vt 0.284161 0.595076
vt 0.298941 0.599036
vt 0.956618 0.190838
vt 0.938390 0.175537
vt 0.956618 0.175537
vt 0.956618 0.160235
vt 0.291290 0.612287
vt 0.938390 0.160235
vt 0.956618 0.144934
vt 0.280471 0.601468
vt 0.274079 0.605158
vt 0.278039 0.619938
vt 0.938390 0.144934
vt 0.956618 0.129633
vt 0.938390 0.129633
vt 0.956618 0.114331
vt 0.262738 0.619938
vt 0.266698 0.605158
vt 0.249486 0.612287
vt 0.938390 0.114331
vt 0.956618 0.099030
vt 0.228492 0.751370
vt 0.243272 0.758751
vt 0.228492 0.758751
vt 0.228492 0.743989
vt 0.243272 0.751370
vt 0.260306 0.601468
vt 0.243272 0.766132
vt 0.173858 0.925404
vt 0.325226 0.929546
vt 0.350932 0.888611
vt 0.350932 0.929546
vt 0.385927 0.913230
vt 0.385927 0.944544
vt 0.915727 0.114331
vt 0.938390 0.099030
vt 0.411633 0.913230
vt 0.393651 0.837161
vt 0.419357 0.891019
vt 0.393651 0.891019
vt 0.350932 0.851088
vt 0.379839 0.816690
vt 0.350932 0.818978
vt 0.419357 0.837161
vt 0.405545 0.803821
vt 0.405545 0.816690
vt 0.379839 0.803821
vt 0.325226 0.851088
vt 0.325226 0.818978
vt 0.350932 0.775777
vt 0.375987 0.798059
vt 0.375987 0.736050
vt 0.367033 0.731655
vt 0.350932 0.660871
vt 0.325226 0.775777
vt 0.325226 0.660871
vt 0.309125 0.731655
vt 0.300171 0.798059
vt 0.300171 0.736050
vt 0.309125 0.626370
vt 0.401693 0.736050
vt 0.392739 0.626370
vt 0.392739 0.731655
vt 0.401693 0.798059
vt 0.367033 0.588297
vt 0.392739 0.588297
vt 0.367033 0.626370
vt 0.296319 0.816690
vt 0.296319 0.803821
vt 0.325226 0.888611
vt 0.282507 0.891019
vt 0.282507 0.837160
vt 0.290231 0.913230
vt 0.290231 0.944544
vt 0.411633 0.944544
vt 0.915727 0.144934
vt 0.915727 0.129633
vt 0.851024 0.144934
vt 0.851024 0.129633
vt 0.021310 0.983311
vt 0.021310 0.968010
vt 0.035762 0.968010
vt 0.035762 0.983311
vt 0.851024 0.160235
vt 0.035762 0.952709
vt 0.759651 0.160235
vt 0.836572 0.144934
vt 0.836572 0.160235
vt 0.021310 0.952709
vt 0.759651 0.144934
vt 0.836572 0.129633
vt 0.759651 0.175536
vt 0.074163 0.823024
vt 0.066512 0.809773
vt 0.072783 0.803502
vt 0.082729 0.820729
vt 0.082729 0.840620
vt 0.074163 0.838325
vt 0.709475 0.139578
vt 0.751085 0.119687
vt 0.751085 0.139578
vt 0.072783 0.857847
vt 0.709475 0.119687
vt 0.751085 0.099795
vt 0.635238 0.239037
vt 0.635238 0.219145
vt 0.645184 0.201918
vt 0.709475 0.099795
vt 0.751085 0.079903
vt 0.709475 0.079903
vt 0.662410 0.266209
vt 0.645184 0.256264
vt 0.709475 0.219145
vt 0.699529 0.256264
vt 0.682302 0.266209
vt 0.709475 0.060012
vt 0.751085 0.060012
vt 0.751085 0.040120
vt 0.709475 0.040120
vt 0.709475 0.020228
vt 0.751086 0.020228
vt 0.751086 0.000337
vt 0.017057 0.823024
vt 0.008492 0.840620
vt 0.008492 0.820729
vt 0.017057 0.838325
vt 0.018438 0.857847
vt 0.759651 0.068427
vt 0.759651 0.053126
vt 0.836573 0.053126
vt 0.759651 0.236742
vt 0.836572 0.221441
vt 0.836572 0.236742
vt 0.759651 0.221440
vt 0.751085 0.239037
vt 0.751085 0.219145
vt 0.709475 0.239037
vt 0.751085 0.199254
vt 0.024708 0.809773
vt 0.018437 0.803502
vt 0.035664 0.793556
vt 0.709475 0.000336
vt 0.709475 0.199253
vt 0.751085 0.179362
vt 0.037959 0.802122
vt 0.053261 0.802122
vt 0.055556 0.793556
vt 0.759651 0.206139
vt 0.759651 0.190838
vt 0.836572 0.190838
vt 0.036221 0.897372
vt 0.036221 0.882920
vt 0.051522 0.882920
vt 0.836572 0.206139
vt 0.051522 0.897372
vt 0.066823 0.882920
vt 0.836572 0.175537
vt 0.066823 0.897372
vt 0.948007 0.533596
vt 0.557964 0.479113
vt 0.948007 0.479114
vt 0.557964 0.533595
vt 0.948007 0.366945
vt 0.557964 0.309259
vt 0.948007 0.309259
vt 0.503482 0.366945
vt 0.503482 0.309259
vt 0.557964 0.366945
vt 0.948007 0.421428
vt 0.557964 0.421427
vt 0.915727 0.190838
vt 0.851024 0.190838
vt 0.851024 0.175537
vt 0.915727 0.175537
vt 0.915727 0.160235
vt 0.915727 0.206139
vt 0.938390 0.190838
vt 0.851024 0.206139
vt 0.385253 0.943231
vt 0.410959 0.911917
vt 0.410959 0.943231
vt 0.324552 0.928233
vt 0.289557 0.943231
vt 0.289557 0.911916
vt 0.350258 0.928233
vt 0.324552 0.887298
vt 0.956618 0.206139
vt 0.938390 0.206139
vt 0.938390 0.221440
vt 0.352735 0.927365
vt 0.327029 0.927365
vt 0.327029 0.886430
vt 0.350668 0.928398
vt 0.385663 0.912082
vt 0.385663 0.943396
vt 0.350668 0.887463
vt 0.352735 0.886430
vt 0.419094 0.836013
vt 0.393387 0.889871
vt 0.393387 0.836013
vt 0.350668 0.849941
vt 0.419094 0.889871
vt 0.411369 0.912082
vt 0.324962 0.887463
vt 0.379575 0.815542
vt 0.350668 0.817830
vt 0.324962 0.817830
vt 0.324962 0.849941
vt 0.282243 0.889871
vt 0.282243 0.836013
vt 0.296055 0.815542
vt 0.350668 0.774630
vt 0.324962 0.774630
vt 0.299907 0.796911
vt 0.296055 0.802674
vt 0.375723 0.796911
vt 0.375723 0.734902
vt 0.366769 0.730507
vt 0.350668 0.659723
vt 0.392475 0.625222
vt 0.366769 0.625222
vt 0.366769 0.587149
vt 0.392475 0.587149
vt 0.324962 0.659723
vt 0.308861 0.730507
vt 0.308861 0.625222
vt 0.401429 0.734902
vt 0.401429 0.796911
vt 0.299907 0.734902
vt 0.392475 0.730507
vt 0.379575 0.802674
vt 0.405282 0.802674
vt 0.405282 0.815542
vt 0.324962 0.928398
vt 0.289967 0.912082
vt 0.289967 0.943396
vt 0.411369 0.943396
vt 0.915727 0.236742
vt 0.915727 0.221440
vt 0.851024 0.236742
vt 0.851024 0.221440
vt 0.836572 0.068427
vt 0.851024 0.053126
vt 0.851024 0.068427
vt 0.915727 0.053126
vt 0.520375 0.282086
vt 0.550897 0.063579
vt 0.550897 0.282086
vt 0.583213 0.063579
vt 0.583213 0.282086
vt 0.851024 0.083729
vt 0.915727 0.068427
vt 0.052560 0.968036
vt 0.052560 0.952734
vt 0.067012 0.952734
vt 0.067012 0.968036
vt 0.915727 0.083729
vt 0.052560 0.983337
vt 0.067012 0.983337
vt 0.851024 0.099030
vt 0.938390 0.068427
vt 0.411623 0.944176
vt 0.385917 0.944176
vt 0.385917 0.912862
vt 0.915727 0.099030
vt 0.350922 0.929178
vt 0.938390 0.083729
vt 0.956618 0.068427
vt 0.938390 0.053126
vt 0.956618 0.053126
vt 0.173330 0.559910
vt 0.134555 0.601420
vt 0.143669 0.554187
vt 0.163364 0.604294
vt 0.209319 0.591439
vt 0.220160 0.554180
vt 0.167800 0.646359
vt 0.169824 0.687207
vt 0.137123 0.688827
vt 0.206741 0.688296
vt 0.220160 0.653917
vt 0.135099 0.647979
vt 0.139846 0.743783
vt 0.100494 0.693560
vt 0.101305 0.709930
vt 0.106569 0.717018
vt 0.110477 0.795900
vt 0.122145 0.800926
vt 0.147088 0.889956
vt 0.172547 0.742163
vt 0.179790 0.888336
vt 0.203015 0.712239
vt 0.206923 0.791121
vt 0.195810 0.797276
vt 0.098480 0.984914
vt 0.128781 0.934861
vt 0.131181 0.983294
vt 0.096080 0.936481
vt 0.202446 0.931211
vt 0.089444 0.802547
vt 0.077776 0.797520
vt 0.073868 0.718638
vt 0.068604 0.711550
vt 0.067793 0.695180
vt 0.207553 0.704666
vt 0.081512 0.599051
vt 0.082293 0.665881
vt 0.050395 0.666254
vt 0.049614 0.599424
vt 0.106630 0.529090
vt 0.099658 0.565221
vt 0.069997 0.559498
vt 0.076970 0.523366
vt 0.938390 0.236742
vt 0.956618 0.221440
vt 0.956618 0.236742
vt 0.262738 0.562833
vt 0.266698 0.577613
vt 0.228492 0.803036
vt 0.243272 0.810416
vt 0.228492 0.810416
vt 0.419347 0.836793
vt 0.393641 0.890651
vt 0.393641 0.836793
vt 0.350922 0.850721
vt 0.419347 0.890651
vt 0.411623 0.912862
vt 0.350922 0.888243
vt 0.325216 0.888243
vt 0.379829 0.816322
vt 0.350922 0.818610
vt 0.325216 0.850721
vt 0.325216 0.929178
vt 0.290221 0.912862
vt 0.282497 0.890651
vt 0.325216 0.818610
vt 0.379829 0.803453
vt 0.375977 0.797691
vt 0.350922 0.775409
vt 0.325216 0.775409
vt 0.300161 0.797691
vt 0.296309 0.816322
vt 0.296309 0.803453
vt 0.401683 0.735682
vt 0.401683 0.797691
vt 0.405536 0.816322
vt 0.405536 0.803453
vt 0.300161 0.735682
vt 0.375977 0.735682
vt 0.309115 0.731287
vt 0.325216 0.660503
vt 0.309116 0.626002
vt 0.367023 0.731287
vt 0.392729 0.626002
vt 0.392729 0.731287
vt 0.367023 0.626002
vt 0.350922 0.660503
vt 0.367023 0.587929
vt 0.392729 0.587929
vt 0.282497 0.836793
vt 0.290221 0.944176
vt 0.956618 0.083729
vt 0.851024 0.114331
vt 0.035762 0.937407
vt 0.021310 0.937407
vt 0.526915 0.276734
vt 0.557437 0.058228
vt 0.557437 0.276734
vt 0.589753 0.276734
vt 0.589753 0.058228
vt 0.526915 0.058228
vt 0.494599 0.027706
vt 0.526916 0.027706
vt 0.494599 0.058228
vt 0.494599 0.276734
vt 0.620275 0.058228
vt 0.620275 0.276734
vt 0.759651 0.129633
vt 0.759651 0.114331
vt 0.836572 0.114331
vt 0.836572 0.099030
vt 0.066512 0.851576
vt 0.055556 0.867793
vt 0.053261 0.859227
vt 0.759651 0.099030
vt 0.035664 0.867793
vt 0.037959 0.859227
vt 0.836572 0.083729
vt 0.759651 0.083729
vt 0.024708 0.851577
vt 0.520375 0.063579
vt 0.488059 0.033057
vt 0.520375 0.033058
vt 0.613735 0.063579
vt 0.488059 0.063579
vt 0.488059 0.282086
vt 0.613735 0.282086
vt 0.020919 0.882920
vt 0.020919 0.897372
vt 0.350258 0.887298
vt 0.350258 0.849775
vt 0.324552 0.849775
vt 0.281833 0.889706
vt 0.392977 0.889706
vt 0.392977 0.835848
vt 0.379166 0.815377
vt 0.350258 0.817665
vt 0.324552 0.817665
vt 0.350258 0.774464
vt 0.379166 0.802508
vt 0.375313 0.796746
vt 0.375313 0.734737
vt 0.366359 0.730342
vt 0.350258 0.659558
vt 0.324552 0.774464
vt 0.324552 0.659558
vt 0.308451 0.730342
vt 0.299497 0.796746
vt 0.299497 0.734737
vt 0.295645 0.815377
vt 0.295645 0.802508
vt 0.404872 0.815377
vt 0.404872 0.802508
vt 0.401019 0.796746
vt 0.401019 0.734737
vt 0.418684 0.835848
vt 0.418684 0.889706
vt 0.281833 0.835848
vt 0.308451 0.625057
vt 0.392065 0.730342
vt 0.366359 0.625057
vt 0.392065 0.625057
vt 0.392065 0.586984
vt 0.366358 0.586984
vt 0.385253 0.911917
vt 0.385758 0.944544
vt 0.411464 0.913230
vt 0.411464 0.944544
vt 0.325057 0.929546
vt 0.290063 0.944544
vt 0.290063 0.913230
vt 0.325057 0.888611
vt 0.282338 0.891019
vt 0.325057 0.851089
vt 0.419189 0.837161
vt 0.419189 0.891019
vt 0.393483 0.891019
vt 0.385758 0.913230
vt 0.282338 0.837161
vt 0.350764 0.851089
vt 0.325057 0.818978
vt 0.296150 0.816690
vt 0.325057 0.775777
vt 0.350764 0.818978
vt 0.300003 0.798059
vt 0.296150 0.803821
vt 0.379671 0.816690
vt 0.379671 0.803821
vt 0.375818 0.798059
vt 0.350764 0.775777
vt 0.375818 0.736050
vt 0.366864 0.731655
vt 0.350764 0.660871
vt 0.392570 0.626370
vt 0.366864 0.626370
vt 0.366864 0.588297
vt 0.392570 0.588297
vt 0.325057 0.660871
vt 0.308957 0.731655
vt 0.308957 0.626370
vt 0.300002 0.736050
vt 0.392570 0.731655
vt 0.401525 0.736050
vt 0.401525 0.798059
vt 0.405377 0.803821
vt 0.393483 0.837161
vt 0.405377 0.816690
vt 0.350764 0.888611
vt 0.350764 0.929546
vt 0.709475 0.179362
vt 0.709475 0.159470
vt 0.751085 0.159470
vt 0.662410 0.191973
vt 0.682302 0.191973
vt 0.699529 0.201918
vt 0.228492 0.766132
vt 0.243272 0.773513
vt 0.228492 0.773513
vt 0.170167 0.911632
vt 0.243272 0.721847
vt 0.463198 0.313196
vt 0.463198 0.328834
vt 0.370971 0.313196
vt 0.370971 0.297559
vt 0.714364 0.807179
vt 0.738443 0.817153
vt 0.735675 0.826278
vt 0.370971 0.328834
vt 0.764004 0.822237
vt 0.709869 0.815589
vt 0.167011 0.396460
vt 0.158650 0.395956
vt 0.158135 0.369184
vt 0.166835 0.369685
vt 0.165183 0.423701
vt 0.763070 0.831727
vt 0.156610 0.423578
vt 0.123454 0.374054
vt 0.123234 0.390341
vt 0.151994 0.398978
vt 0.151679 0.420572
vt 0.167260 0.449749
vt 0.158775 0.450670
vt 0.121990 0.429225
vt 0.172467 0.476584
vt 0.164290 0.478478
vt 0.122046 0.446629
vt 0.154006 0.454103
vt 0.156992 0.476279
vt 0.120880 0.479912
vt 0.119490 0.457566
vt 0.124579 0.492912
vt 0.085944 0.477883
vt 0.080586 0.488869
vt 0.088026 0.455485
vt 0.051830 0.469042
vt 0.073669 0.514976
vt 0.033685 0.493445
vt 0.046291 0.470494
vt 0.038478 0.467473
vt 0.026911 0.489005
vt 0.191969 0.059762
vt 0.198494 0.055508
vt 0.211380 0.080836
vt 0.233582 0.024876
vt 0.206209 0.055415
vt 0.215524 0.076103
vt 0.249599 0.076052
vt 0.250092 0.064169
vt 0.242449 0.037870
vt 0.290913 0.015179
vt 0.286007 0.032051
vt 0.328964 0.039509
vt 0.286956 0.059755
vt 0.325461 0.064592
vt 0.289969 0.072326
vt 0.332481 0.068820
vt 0.345704 0.039273
vt 0.342453 0.069975
vt 0.335382 0.037141
vt 0.329673 0.099297
vt 0.290543 0.092519
vt 0.172648 0.504207
vt 0.127463 0.519765
vt 0.179868 0.501131
vt 0.324113 0.102592
vt 0.252556 0.095964
vt 0.256458 0.106076
vt 0.288101 0.104167
vt 0.331184 0.129587
vt 0.324007 0.126238
vt 0.289845 0.124798
vt 0.339303 0.099868
vt 0.340279 0.129776
vt 0.329987 0.158530
vt 0.293109 0.153048
vt 0.292641 0.135540
vt 0.258379 0.154564
vt 0.261221 0.164157
vt 0.290718 0.163688
vt 0.324675 0.161791
vt 0.331876 0.187947
vt 0.324821 0.184658
vt 0.291940 0.183036
vt 0.339275 0.158705
vt 0.340828 0.188084
vt 0.330506 0.216454
vt 0.294368 0.210380
vt 0.294372 0.193449
vt 0.260363 0.210602
vt 0.262736 0.220137
vt 0.325185 0.219577
vt 0.291744 0.220726
vt 0.263338 0.239578
vt 0.231244 0.240199
vt 0.231384 0.218722
vt 0.224825 0.215629
vt 0.217544 0.189326
vt 0.225652 0.188924
vt 0.260283 0.193386
vt 0.216997 0.215890
vt 0.226228 0.243098
vt 0.218218 0.243158
vt 0.224315 0.269797
vt 0.260625 0.248994
vt 0.216582 0.269747
vt 0.224696 0.297386
vt 0.260078 0.266126
vt 0.229832 0.294663
vt 0.230768 0.273137
vt 0.262125 0.275717
vt 0.293958 0.267009
vt 0.291055 0.277240
vt 0.262067 0.295184
vt 0.292899 0.306779
vt 0.259016 0.304525
vt 0.291124 0.296305
vt 0.324378 0.277004
vt 0.323472 0.299592
vt 0.330324 0.303213
vt 0.338930 0.274543
vt 0.339206 0.303762
vt 0.329767 0.274029
vt 0.327577 0.331501
vt 0.291912 0.323620
vt 0.331817 0.245671
vt 0.340723 0.245998
vt 0.339704 0.216743
vt 0.909343 0.676899
vt 0.913384 0.648569
vt 0.918833 0.675964
vt 0.904258 0.651337
vt 0.902695 0.622764
vt 0.463198 0.469570
vt 0.370971 0.485208
vt 0.370971 0.469570
vt 0.463198 0.485208
vt 0.370971 0.500845
vt 0.894285 0.627259
vt 0.463198 0.453933
vt 0.659068 0.754629
vt 0.640662 0.733468
vt 0.649094 0.730550
vt 0.635238 0.706199
vt 0.644010 0.704989
vt 0.370971 0.453933
vt 0.463198 0.438295
vt 0.673547 0.776299
vt 0.651302 0.759155
vt 0.370971 0.422658
vt 0.370971 0.438295
vt 0.463198 0.422658
vt 0.691976 0.794728
vt 0.666749 0.782273
vt 0.215034 0.162241
vt 0.222937 0.161574
vt 0.213874 0.135800
vt 0.686409 0.801933
vt 0.222050 0.134794
vt 0.208829 0.109207
vt 0.713646 0.809207
vt 0.709527 0.817380
vt 0.216702 0.107579
vt 0.203469 0.083531
vt 0.737725 0.819181
vt 0.735214 0.828020
vt 0.763286 0.824265
vt 0.762483 0.833444
vt 0.789349 0.824265
vt 0.370971 0.360108
vt 0.463198 0.360108
vt 0.463198 0.375746
vt 0.370971 0.375746
vt 0.463198 0.391383
vt 0.815628 0.817153
vt 0.839707 0.807179
vt 0.844202 0.815589
vt 0.370971 0.391383
vt 0.861377 0.792700
vt 0.867426 0.800071
vt 0.463198 0.407021
vt 0.370971 0.407021
vt 0.879805 0.774271
vt 0.887177 0.780320
vt 0.894285 0.752601
vt 0.902695 0.757096
vt 0.790066 0.822237
vt 0.818396 0.826278
vt 0.370971 0.344471
vt 0.791001 0.831727
vt 0.463198 0.344471
vt 0.814910 0.819181
vt 0.838989 0.809207
vt 0.843243 0.817380
vt 0.790287 0.833444
vt 0.817556 0.828020
vt 0.044019 0.442955
vt 0.046359 0.418638
vt 0.053886 0.419402
vt 0.057243 0.393467
vt 0.049333 0.393103
vt 0.866361 0.801933
vt 0.049014 0.367742
vt 0.056719 0.367919
vt 0.860659 0.794728
vt 0.886021 0.782273
vt 0.050214 0.341489
vt 0.058216 0.341468
vt 0.879087 0.776299
vt 0.901468 0.759155
vt 0.048549 0.315527
vt 0.056363 0.315434
vt 0.893567 0.754629
vt 0.912108 0.733468
vt 0.056812 0.288256
vt 0.903541 0.730551
vt 0.917532 0.706199
vt 0.048704 0.288517
vt 0.053956 0.261559
vt 0.090849 0.281573
vt 0.061882 0.291009
vt 0.062713 0.312212
vt 0.093423 0.310040
vt 0.093689 0.290894
vt 0.124518 0.280135
vt 0.122432 0.290433
vt 0.121824 0.309192
vt 0.154589 0.288215
vt 0.154532 0.310599
vt 0.161530 0.284878
vt 0.159683 0.313716
vt 0.124394 0.319278
vt 0.124016 0.263348
vt 0.160090 0.256773
vt 0.170358 0.285248
vt 0.168619 0.314106
vt 0.090055 0.264429
vt 0.091945 0.254751
vt 0.121125 0.253054
vt 0.154724 0.253691
vt 0.161321 0.227102
vt 0.154260 0.230697
vt 0.121263 0.233731
vt 0.123136 0.223048
vt 0.091636 0.235013
vt 0.088395 0.225482
vt 0.058784 0.236201
vt 0.053463 0.233539
vt 0.060377 0.258030
vt 0.049528 0.206077
vt 0.045241 0.234071
vt 0.046032 0.261886
vt 0.908625 0.678927
vt 0.903541 0.653365
vt 0.912108 0.651126
vt 0.917532 0.678395
vt 0.041484 0.206725
vt 0.901468 0.625439
vt 0.039481 0.178037
vt 0.047846 0.177070
vt 0.893567 0.629287
vt 0.886021 0.602321
vt 0.034042 0.149940
vt 0.042244 0.148682
vt 0.879088 0.607616
vt 0.866361 0.582661
vt 0.029619 0.120286
vt 0.038224 0.118329
vt 0.860659 0.589188
vt 0.843243 0.567214
vt 0.020130 0.091446
vt 0.028899 0.088586
vt 0.838989 0.574708
vt 0.817556 0.556574
vt 0.018582 0.057989
vt 0.814910 0.564735
vt 0.790287 0.551150
vt 0.009813 0.061933
vt 0.200389 0.463003
vt 0.228403 0.513091
vt 0.186607 0.488547
vt 0.180339 0.484432
vt 0.025431 0.058675
vt 0.056664 0.025195
vt 0.034882 0.082805
vt 0.066559 0.039417
vt 0.072950 0.069125
vt 0.119881 0.015179
vt 0.114624 0.033729
vt 0.113107 0.063815
vt 0.154813 0.069077
vt 0.116481 0.077424
vt 0.169558 0.040345
vt 0.160811 0.073588
vt 0.160326 0.042484
vt 0.284971 0.491514
vt 0.328339 0.477886
vt 0.338011 0.505703
vt 0.345704 0.502226
vt 0.171549 0.075379
vt 0.179868 0.044214
vt 0.287163 0.521942
vt 0.281768 0.477292
vt 0.320481 0.475142
vt 0.243700 0.473532
vt 0.237048 0.485294
vt 0.206531 0.461756
vt 0.213167 0.439072
vt 0.207244 0.434157
vt 0.246670 0.437584
vt 0.247497 0.448884
vt 0.284891 0.441480
vt 0.281567 0.453098
vt 0.324877 0.418477
vt 0.323464 0.447492
vt 0.286154 0.422659
vt 0.318195 0.450976
vt 0.249583 0.418440
vt 0.253669 0.408668
vt 0.317968 0.414800
vt 0.284511 0.411384
vt 0.319072 0.391933
vt 0.288529 0.380899
vt 0.324539 0.389054
vt 0.285166 0.391303
vt 0.255193 0.388103
vt 0.219866 0.404702
vt 0.253752 0.378056
vt 0.223033 0.382717
vt 0.216807 0.378743
vt 0.214289 0.406953
vt 0.209195 0.377809
vt 0.206428 0.405494
vt 0.691976 0.589188
vt 0.686409 0.582661
vt 0.709527 0.567214
vt 0.713646 0.574708
vt 0.199605 0.432092
vt 0.735214 0.556574
vt 0.192339 0.459952
vt 0.737725 0.564735
vt 0.762483 0.551150
vt 0.370971 0.094272
vt 0.463198 0.078635
vt 0.463197 0.094272
vt 0.370971 0.109910
vt 0.463198 0.109910
vt 0.763286 0.559650
vt 0.789349 0.559650
vt 0.370971 0.125547
vt 0.463198 0.125547
vt 0.714364 0.572680
vt 0.735674 0.553581
vt 0.738442 0.562707
vt 0.692694 0.587160
vt 0.709869 0.564270
vt 0.370971 0.141185
vt 0.337202 0.475910
vt 0.764004 0.557622
vt 0.763069 0.548132
vt 0.332774 0.447174
vt 0.333784 0.418815
vt 0.791001 0.548132
vt 0.333693 0.389740
vt 0.790067 0.557622
vt 0.818396 0.553581
vt 0.815628 0.562706
vt 0.463197 0.062998
vt 0.370971 0.078635
vt 0.370971 0.062998
vt 0.844202 0.564270
vt 0.839706 0.572680
vt 0.463197 0.047360
vt 0.370971 0.047360
vt 0.867426 0.579788
vt 0.336719 0.332214
vt 0.336426 0.361379
vt 0.327561 0.360707
vt 0.322123 0.334359
vt 0.289873 0.363722
vt 0.320769 0.356954
vt 0.288321 0.353069
vt 0.288744 0.333824
vt 0.258942 0.351124
vt 0.255515 0.360497
vt 0.259650 0.331438
vt 0.226341 0.349346
vt 0.221057 0.351885
vt 0.214126 0.323709
vt 0.221776 0.324113
vt 0.213208 0.351192
vt 0.659068 0.629286
vt 0.651302 0.625439
vt 0.666749 0.602321
vt 0.673547 0.607616
vt 0.370971 0.532120
vt 0.463197 0.516482
vt 0.463197 0.532120
vt 0.370971 0.547757
vt 0.463197 0.031723
vt 0.649094 0.653365
vt 0.370971 0.516482
vt 0.463197 0.500845
vt 0.644010 0.678926
vt 0.640662 0.651126
vt 0.216784 0.297118
vt 0.635238 0.678395
vt 0.879805 0.605589
vt 0.861377 0.587160
vt 0.887177 0.599539
vt 0.257893 0.321723
vt 0.228128 0.327705
vt 0.463198 0.141185
vt 0.370971 0.156822
vt 0.674265 0.605589
vt 0.686645 0.579788
vt 0.659786 0.627259
vt 0.666894 0.599539
vt 0.370971 0.172460
vt 0.463198 0.156822
vt 0.169987 0.106548
vt 0.160215 0.105757
vt 0.167973 0.137966
vt 0.651376 0.622764
vt 0.169529 0.167784
vt 0.158204 0.137724
vt 0.649812 0.651337
vt 0.640687 0.648569
vt 0.370971 0.188097
vt 0.463198 0.172459
vt 0.463198 0.188097
vt 0.463198 0.203734
vt 0.370971 0.203734
vt 0.644728 0.676899
vt 0.463198 0.219372
vt 0.370971 0.219372
vt 0.644728 0.702961
vt 0.635238 0.675964
vt 0.168727 0.198273
vt 0.160191 0.167626
vt 0.159283 0.198221
vt 0.170397 0.227292
vt 0.635238 0.703896
vt 0.649812 0.728523
vt 0.169276 0.256968
vt 0.640687 0.731291
vt 0.659786 0.752601
vt 0.651376 0.757096
vt 0.463198 0.250647
vt 0.370971 0.250647
vt 0.370971 0.235009
vt 0.463198 0.266284
vt 0.370971 0.266284
vt 0.674265 0.774271
vt 0.463198 0.281921
vt 0.370971 0.281921
vt 0.692694 0.792700
vt 0.666894 0.780321
vt 0.686645 0.800071
vt 0.169061 0.341645
vt 0.160476 0.341108
vt 0.124473 0.335667
vt 0.153654 0.344209
vt 0.153167 0.366055
vt 0.122168 0.345666
vt 0.121138 0.364064
vt 0.094039 0.345321
vt 0.093187 0.364097
vt 0.090791 0.373249
vt 0.063041 0.365019
vt 0.063050 0.344329
vt 0.091575 0.336125
vt 0.091310 0.319398
vt 0.090475 0.389861
vt 0.092547 0.399152
vt 0.061812 0.396549
vt 0.090939 0.418227
vt 0.119608 0.418936
vt 0.120788 0.400249
vt 0.060365 0.416966
vt 0.087978 0.427577
vt 0.086741 0.445265
vt 0.051199 0.444065
vt 0.056788 0.448240
vt 0.908625 0.704989
vt 0.463198 0.235009
vt 0.153709 0.195132
vt 0.122208 0.205692
vt 0.119002 0.195084
vt 0.152942 0.171416
vt 0.118734 0.174918
vt 0.088710 0.197639
vt 0.087754 0.177017
vt 0.084004 0.167127
vt 0.053480 0.179609
vt 0.120497 0.163674
vt 0.119269 0.145264
vt 0.081912 0.148324
vt 0.048767 0.144216
vt 0.083272 0.137458
vt 0.044384 0.120545
vt 0.076492 0.104098
vt 0.081278 0.114892
vt 0.072573 0.082226
vt 0.117514 0.099246
vt 0.152454 0.109459
vt 0.115433 0.111831
vt 0.152470 0.134410
vt 0.115812 0.133974
vt 0.056025 0.202191
vt 0.087042 0.207742
vt 0.463198 0.297559
vt 0.223724 0.109676
vt 0.226673 0.131285
vt 0.257423 0.136875
vt 0.259234 0.126821
vt 0.229639 0.164336
vt 0.230527 0.185808
vt 0.262623 0.183804
vt 0.904258 0.728522
vt 0.913384 0.731290
vt 0.909343 0.702961
vt 0.918833 0.703896
vt 0.294468 0.250204
vt 0.324868 0.242232
vt 0.292381 0.239804
s 1
usemtl SpacialRoverExploreralumGray
f 296/453/152 305/454/153 299/455/152
f 299/455/154 306/456/154 303/457/154
f 303/458/148 304/459/155 299/443/148
f 299/455/154 305/454/154 306/456/154
f 303/457/156 306/456/157 307/460/157
f 309/461/158 307/462/157 306/463/157
f 306/463/154 305/454/154 308/464/154
f 306/463/154 308/464/154 309/461/154
f 309/465/154 308/464/154 313/466/154
f 309/461/158 310/467/159 307/462/157
f 309/465/158 311/468/160 310/469/159
f 309/465/158 312/470/160 311/468/160
f 309/465/154 313/466/154 312/470/154
f 314/471/161 315/472/162 313/466/163
f 314/471/161 313/466/163 308/464/164
f 316/473/165 313/466/163 315/472/162
f 312/474/154 313/466/154 316/473/154
f 312/474/154 316/473/154 317/475/154
f 317/476/154 316/473/154 318/477/154
f 319/478/165 318/477/166 316/473/165
f 316/473/165 315/472/162 319/478/165
f 319/478/165 320/479/166 318/477/166
f 321/480/167 320/479/167 319/478/167
f 311/481/167 321/482/167 319/478/167
f 311/481/167 319/478/167 315/472/167
f 321/480/167 322/483/167 320/479/167
f 321/484/168 312/474/160 317/475/168
f 317/476/168 322/485/169 321/486/168
f 321/484/168 311/487/160 312/474/160
f 322/485/170 318/488/166 320/489/166
f 322/485/170 323/490/170 318/488/166
f 317/476/168 323/490/169 322/485/169
f 317/476/154 318/477/154 323/490/154
f 310/491/167 315/472/167 314/471/167
f 310/491/167 311/492/167 315/472/167
f 308/464/164 324/493/153 314/471/161
f 307/494/167 310/495/167 314/471/167
f 307/494/167 314/471/167 324/493/167
f 296/453/152 324/493/153 305/454/153
f 296/453/167 307/496/167 324/493/167
f 308/464/164 305/454/153 324/493/153
f 296/453/167 325/497/167 307/496/167
f 303/457/156 307/460/157 325/498/156
f 326/499/146 325/500/147 296/438/147
f 328/501/135 325/500/147 326/499/146
f 327/502/141 303/458/148 325/500/147
f 328/501/135 327/502/141 325/500/147
f 329/503/171 331/504/135 328/505/135
f 329/503/171 328/505/135 330/506/171
f 330/507/171 328/501/135 326/499/146
f 331/504/135 327/508/141 328/505/135
f 334/509/136 331/510/135 329/511/171
f 331/504/135 333/512/141 327/508/141
f 334/509/136 332/513/135 331/510/135
f 332/513/135 333/514/141 331/510/135
f 335/515/138 334/509/136 329/511/171
f 334/516/172 335/517/173 337/518/173
f 334/516/172 336/519/172 338/520/174
f 334/516/172 337/518/173 336/519/172
f 334/516/172 338/520/174 332/521/174
f 332/521/174 338/520/174 339/525/175
f 354/546/178 351/547/179 352/548/178
f 353/549/179 349/550/180 351/547/179
f 354/546/178 353/549/179 351/547/179
f 353/551/177 354/552/151 355/553/181
f 354/554/151 356/555/182 355/556/181
f 354/554/151 357/557/150 356/555/182
f 354/554/178 352/558/178 358/559/183
f 354/554/178 358/559/183 357/557/183
f 357/562/183 358/563/183 359/564/184
f 357/562/183 359/564/184 363/568/184
f 364/569/185 359/564/184 362/570/185
f 364/569/185 363/568/184 359/564/184
f 363/571/149 364/572/139 365/573/139
f 364/569/185 362/570/185 337/518/173
f 365/573/139 364/572/139 335/515/138
f 364/569/185 337/518/173 335/517/173
f 367/574/149 366/575/149 365/576/139
f 363/571/149 365/573/139 366/577/149
f 367/574/149 365/576/139 368/578/139
f 368/578/139 365/576/139 369/579/186
f 365/573/139 335/515/138 369/580/186
f 368/578/139 369/579/186 370/581/186
f 369/582/187 371/583/187 370/584/187
f 369/582/187 372/585/187 371/583/187
f 335/515/138 329/511/171 369/580/186
f 329/586/176 372/587/176 369/588/176
f 372/587/167 373/589/167 371/590/167
f 372/587/167 374/591/167 373/589/167
f 329/586/176 374/591/176 372/587/176
f 330/592/170 374/591/170 329/586/170
f 330/592/170 373/593/170 374/591/170
f 330/592/137 371/583/137 373/593/137
f 330/592/137 370/584/137 371/583/137
f 377/594/188 368/595/139 370/596/186
f 377/594/188 370/596/186 375/597/144
f 370/596/186 376/598/145 375/597/144
f 370/596/186 330/507/171 376/598/145
f 378/599/189 377/594/188 380/600/188
f 367/601/149 377/594/188 378/599/189
f 375/602/190 379/603/191 377/604/190
f 380/605/192 377/606/192 379/607/192
f 367/601/149 368/595/139 377/594/188
f 288/608/193 380/605/193 381/609/194
f 380/605/192 379/607/192 381/609/192
f 378/599/189 380/600/188 382/611/189
f 382/613/196 383/614/196 385/615/197
f 382/616/167 386/617/167 378/618/167
f 382/616/167 384/619/167 386/617/167
f 382/613/196 385/615/197 384/620/197
f 388/621/198 386/622/199 387/623/200
f 386/622/167 390/624/167 387/623/167
f 388/621/198 389/625/199 386/622/199
f 378/618/201 386/617/199 389/626/199
f 386/622/167 384/619/167 390/624/167
f 390/624/202 384/619/197 385/627/197
f 387/628/167 390/624/167 391/629/167
f 390/624/202 392/630/203 391/629/203
f 390/624/202 393/631/202 392/630/203
f 390/624/202 385/627/197 393/631/202
f 389/632/154 388/633/154 393/631/154
f 388/634/154 392/630/154 393/631/154
f 389/632/154 393/631/154 385/627/154
f 396/635/204 392/630/203 394/636/204
f 395/637/154 394/636/154 392/630/154
f 388/634/154 395/638/154 392/630/154
f 396/635/204 391/629/203 392/630/203
f 397/639/167 391/629/167 396/635/167
f 397/639/167 396/635/167 398/640/167
f 398/641/167 396/635/167 399/642/167
f 394/636/204 399/642/205 396/635/204
f 400/643/187 402/644/187 399/645/205
f 400/643/187 399/645/205 401/646/205
f 394/636/204 401/647/205 399/642/205
f 398/641/167 399/642/167 402/644/167
f 398/641/206 402/644/207 400/643/207
f 403/648/154 400/649/154 401/647/154
f 403/648/154 401/647/154 394/636/154
f 403/650/206 395/651/208 397/639/208
f 403/650/206 397/639/208 398/640/206
f 395/637/154 403/652/154 394/636/154
f 398/641/206 400/643/207 403/653/206
f 387/628/200 397/654/208 395/655/208
f 387/628/167 391/629/167 397/654/167
f 387/628/200 395/655/208 388/656/198
f 383/657/154 389/658/154 385/627/154
f 383/657/154 404/659/154 389/658/154
f 378/618/201 389/626/199 404/660/201
f 405/661/209 404/662/195 383/612/195
f 407/663/181 404/662/195 405/661/209
f 406/664/182 378/599/189 404/662/195
f 407/663/181 406/664/182 404/662/195
f 408/665/177 355/553/181 407/666/181
f 408/665/177 407/666/181 411/667/177
f 411/667/177 407/666/181 405/668/209
f 355/669/210 409/670/210 407/671/210
f 407/671/137 409/670/137 410/672/137
f 407/671/137 410/672/137 406/673/137
f 414/674/143 411/667/177 412/675/211
f 411/667/177 405/668/209 412/675/211
f 413/676/143 408/677/177 411/678/177
f 413/676/143 411/678/177 414/679/143
f 414/674/143 412/675/211 417/680/212
f 415/681/213 413/676/143 414/679/143
f 415/681/213 414/679/143 416/682/213
f 416/683/213 414/674/143 417/680/212
f 417/680/212 412/675/211 421/684/211
f 418/685/214 417/686/215 420/687/216
f 416/683/213 417/680/212 418/688/155
f 419/689/192 420/687/192 417/686/192
f 417/680/212 421/684/211 419/690/212
f 421/694/217 423/695/218 422/696/217
f 421/694/217 425/697/218 423/695/218
f 424/698/219 425/697/219 421/694/219
f 424/698/219 421/694/219 412/699/219
f 426/700/220 423/695/218 425/697/218
f 424/698/219 426/700/219 425/697/219
f 426/700/220 427/701/221 430/702/221
f 428/703/219 427/701/219 426/700/219
f 424/698/219 428/704/219 426/700/219
f 426/700/220 429/705/220 423/695/218
f 426/700/220 430/702/221 429/705/220
f 433/706/222 430/702/221 427/701/221
f 431/707/223 429/705/223 430/702/223
f 431/707/223 430/702/223 432/708/223
f 432/709/223 430/702/223 433/706/223
f 432/709/223 433/706/223 434/710/223
f 434/711/223 433/706/223 435/712/223
f 436/713/222 435/712/224 433/706/222
f 433/706/222 427/701/221 436/713/222
f 436/713/222 439/714/224 435/712/224
f 437/715/219 438/716/219 436/713/219
f 437/715/219 436/713/219 427/701/219
f 438/717/219 439/714/219 436/713/219
f 439/718/224 440/719/225 435/720/224
f 439/718/224 441/721/225 440/719/225
f 438/717/219 441/722/219 439/714/219
f 438/723/226 440/719/227 441/721/227
f 434/711/223 435/712/223 440/719/223
f 438/723/226 434/711/226 440/719/227
f 438/724/226 437/725/228 432/709/229
f 438/724/226 432/709/229 434/710/226
f 437/726/228 428/727/230 431/707/231
f 428/703/219 437/728/219 427/701/219
f 437/726/228 431/707/231 432/708/229
f 442/729/232 431/730/231 428/731/230
f 442/729/223 429/705/223 431/730/223
f 442/729/232 428/731/230 424/732/232
f 405/733/233 442/734/232 424/735/232
f 422/696/223 442/734/223 405/733/223
f 442/729/223 423/695/223 429/705/223
f 422/696/223 423/695/223 442/734/223
f 405/733/233 424/735/232 412/736/233
f 405/661/209 383/612/195 422/737/209
f 447/745/234 420/746/216 445/747/234
f 420/746/192 449/748/192 445/747/192
f 447/745/234 446/749/216 420/746/216
f 418/685/214 420/687/216 446/750/216
f 419/689/192 448/751/192 420/687/192
f 420/746/192 448/751/192 449/748/192
f 449/748/235 448/751/236 452/752/236
f 445/753/192 449/748/192 451/754/192
f 449/748/235 452/752/236 450/755/235
f 450/755/235 451/754/237 449/748/235
f 304/756/238 446/757/238 452/752/238
f 446/758/238 450/755/238 452/752/238
f 304/756/239 452/752/236 448/751/236
f 450/755/235 455/759/237 451/754/237
f 445/753/192 451/754/192 453/760/192
f 453/761/192 451/754/192 454/762/192
f 454/762/240 451/754/237 455/759/237
f 454/762/240 455/759/237 456/763/240
f 457/764/238 456/763/238 455/759/238
f 447/765/238 457/766/238 455/759/238
f 447/765/238 455/759/238 450/755/238
f 458/767/241 457/768/242 453/761/242
f 447/769/234 453/760/242 457/770/242
f 457/764/238 458/771/238 456/763/238
f 458/767/241 453/761/242 461/772/241
f 458/773/238 460/774/238 456/763/238
f 458/773/238 459/775/238 460/774/238
f 461/776/241 459/777/243 458/778/241
f 461/776/241 462/779/243 459/777/243
f 461/776/192 463/780/192 462/779/192
f 461/776/192 454/762/192 463/780/192
f 453/761/192 454/762/192 461/772/192
f 459/777/210 462/779/210 463/781/244
f 459/777/210 463/781/244 460/782/244
f 456/763/240 460/774/244 463/780/244
f 456/763/240 463/780/244 454/762/240
f 447/769/234 445/753/234 453/760/242
f 446/758/238 447/783/238 450/755/238
f 304/756/239 448/751/236 419/689/239
f 304/756/238 418/784/238 446/757/238
f 303/458/148 418/688/155 304/459/155
f 464/786/245 418/688/155 303/458/148
f 464/786/245 416/683/213 418/688/155
f 327/502/141 464/786/245 303/458/148
f 333/512/141 464/787/245 327/508/141
f 333/512/141 465/788/245 464/787/245
f 465/789/246 466/790/246 464/791/246
f 416/792/137 464/791/137 466/790/137
f 416/792/137 466/790/137 467/793/137
f 468/794/219 467/795/219 466/796/219
f 465/789/246 468/794/246 466/790/246
f 465/789/176 469/797/176 468/794/176
f 468/794/219 469/797/219 467/795/219
f 465/789/176 415/798/176 469/797/176
f 416/792/225 467/793/225 469/799/225
f 416/792/225 469/799/225 415/800/225
f 471/801/141 470/802/140 465/803/245
f 470/802/140 415/804/213 465/803/245
f 471/801/141 465/803/245 333/514/141
f 332/513/135 471/801/141 333/514/141
f 332/521/174 339/525/175 471/805/175
f 471/805/175 339/525/175 343/806/247
f 471/805/175 343/806/247 470/807/247
f 470/802/140 472/808/142 415/804/213
f 470/807/247 343/806/247 348/809/248
f 470/807/247 348/809/248 472/810/248
f 472/808/142 413/811/143 415/804/213
f 472/808/142 473/812/143 413/811/143
f 472/810/248 349/550/180 473/813/180
f 472/810/248 348/809/248 349/550/180
f 473/812/143 353/551/177 408/665/177
f 473/812/143 408/665/177 413/811/143
f 353/549/179 473/813/180 349/550/180
f 475/814/192 410/815/192 409/816/192
f 406/673/249 410/672/249 474/817/249
f 475/814/192 474/818/192 410/815/192
f 355/669/210 475/814/210 409/670/210
f 356/819/176 475/814/176 355/669/176
f 356/819/176 474/818/176 475/814/176
f 406/673/249 474/817/249 356/820/249
f 353/551/177 355/553/181 408/665/177
f 356/821/182 367/574/149 406/822/182
f 406/664/182 367/601/149 378/599/189
f 288/608/193 381/609/194 477/823/194
f 478/824/250 381/609/194 476/825/250
f 379/826/192 476/825/192 381/609/192
f 478/824/250 477/823/194 381/609/194
f 479/827/238 477/823/238 478/824/238
f 479/827/238 478/824/238 480/828/238
f 480/829/238 478/824/238 481/830/238
f 476/825/250 481/830/251 478/824/250
f 476/825/250 482/831/251 481/830/251
f 484/832/252 481/830/251 482/831/251
f 480/829/238 481/830/238 483/833/238
f 483/834/238 481/830/238 484/832/238
f 483/834/238 484/832/238 485/835/238
f 485/836/238 484/832/238 486/837/238
f 487/838/252 486/837/253 484/832/252
f 484/832/252 482/831/251 487/838/252
f 487/838/252 488/839/253 486/837/253
f 489/840/192 488/839/192 487/838/192
f 490/841/192 489/842/192 487/838/192
f 490/841/192 487/838/192 482/831/192
f 491/843/192 490/844/192 482/831/192
f 491/845/254 483/833/255 490/846/255
f 485/835/256 490/847/255 483/834/255
f 485/835/256 489/848/256 490/847/255
f 491/845/254 480/829/254 483/833/255
f 480/828/254 491/849/254 379/850/191
f 379/826/192 491/851/192 476/825/192
f 491/843/192 482/831/192 476/825/192
f 489/840/192 493/852/192 488/839/192
f 489/853/256 485/836/256 492/854/257
f 489/853/256 492/854/257 493/855/257
f 488/856/253 493/855/249 492/854/249
f 488/856/253 492/854/249 486/857/253
f 485/836/238 486/837/238 492/854/238
f 480/828/254 379/850/191 479/827/191
f 375/602/190 479/858/191 379/603/191
f 288/608/238 479/858/238 375/602/238
f 288/608/238 477/823/238 479/858/238
f 375/597/144 376/598/145 290/431/145
f 330/507/171 326/499/146 376/598/145
f 326/859/258 494/860/259 376/861/258
f 290/862/223 376/863/223 494/864/223
f 290/862/223 494/864/223 495/865/223
f 494/866/223 498/867/223 495/865/223
f 497/868/260 494/869/259 496/870/259
f 326/859/258 496/871/259 494/860/259
f 494/866/223 497/872/223 498/867/223
f 499/873/261 498/867/261 500/874/262
f 499/873/261 495/865/263 498/867/261
f 497/875/223 500/874/223 498/867/223
f 501/876/264 503/877/262 500/874/262
f 502/878/223 501/876/223 500/874/223
f 497/875/223 502/879/223 500/874/223
f 499/873/261 500/874/262 503/877/262
f 504/880/219 499/873/219 503/877/219
f 504/880/219 503/877/219 505/881/219
f 505/882/219 503/877/219 506/883/219
f 501/876/264 506/883/264 503/877/262
f 505/882/219 506/883/219 507/884/219
f 507/885/219 506/883/219 508/886/219
f 501/876/264 508/886/265 506/883/264
f 509/887/246 511/888/246 508/889/265
f 509/887/246 508/889/265 510/890/265
f 501/876/264 510/891/265 508/886/265
f 507/885/219 508/886/219 511/888/219
f 507/885/266 511/888/267 509/887/267
f 512/892/223 509/893/223 510/891/223
f 512/892/223 510/891/223 501/876/223
f 502/878/223 512/894/223 501/876/223
f 507/885/266 509/887/267 512/895/266
f 507/884/266 512/896/266 502/897/268
f 507/884/266 502/897/268 505/882/268
f 504/880/260 505/881/268 502/898/268
f 497/868/260 496/870/259 504/899/260
f 504/880/260 502/898/268 497/900/260
f 496/870/219 499/873/219 504/899/219
f 499/873/261 513/901/263 495/865/263
f 496/870/219 513/901/219 499/873/219
f 294/902/269 495/865/263 513/901/263
f 294/902/219 513/901/219 496/871/219
f 294/902/219 496/871/219 326/859/219
f 294/902/269 290/862/269 495/865/263
f 375/597/144 290/431/145 288/427/144
f 356/821/182 366/575/149 367/574/149
f 357/557/150 366/577/149 356/555/182
f 357/557/150 363/571/149 366/577/149
f 326/499/146 296/438/147 294/436/146
f 518/914/149 520/915/270 517/916/149
f 518/914/149 517/916/149 519/917/271
f 519/918/137 517/919/137 522/920/137
f 517/916/149 520/915/270 521/921/270
f 521/922/137 522/920/137 517/919/137
f 519/918/137 522/920/137 524/923/137
f 521/922/137 525/929/137 522/920/137
f 633/1042/137 631/1043/137 632/1044/137
f 634/1045/137 625/1046/137 631/1043/137
f 633/1042/137 634/1045/137 631/1043/137
f 637/1047/434 634/1048/435 633/1049/434
f 635/1050/435 634/1048/435 637/1047/434
f 635/1050/435 636/1051/210 634/1048/435
f 634/1045/137 636/1052/137 625/1046/137
f 637/1047/434 633/1049/434 638/1053/436
f 638/1054/176 604/1055/176 637/1056/176
f 637/1056/176 607/1057/176 635/1058/176
f 637/1056/176 604/1055/176 607/1057/176
f 638/1053/436 639/1059/436 640/1060/177
f 638/1053/436 633/1049/434 639/1059/436
f 640/1061/176 603/1062/176 638/1054/176
f 638/1054/176 603/1062/176 604/1055/176
f 641/1063/437 640/1060/177 642/1064/177
f 641/1063/437 643/1065/437 640/1060/177
f 640/1060/177 639/1059/436 642/1064/177
f 643/1066/176 644/1067/176 640/1061/176
f 640/1061/176 644/1067/176 603/1062/176
f 643/1066/176 646/1071/176 644/1067/176
f 648/1074/176 649/1075/176 646/1071/176
f 648/1074/176 646/1071/176 643/1066/176
f 651/1078/176 652/1079/176 649/1075/176
f 651/1078/176 649/1075/176 648/1074/176
f 653/1080/176 551/1081/176 652/1079/176
f 653/1080/176 652/1079/176 651/1078/176
f 654/1082/176 551/1081/176 653/1080/176
f 655/1083/441 654/1084/441 653/1085/192
f 656/1086/192 653/1085/192 651/1087/442
f 655/1083/441 653/1085/192 656/1086/192
f 655/1088/137 656/1089/137 565/1090/137
f 656/1086/192 651/1087/442 657/1091/442
f 656/1089/137 657/1092/137 566/1093/137
f 656/1089/137 566/1093/137 565/1090/137
f 657/1091/442 651/1087/442 648/1094/443
f 657/1091/442 648/1094/443 658/1095/443
f 657/1092/137 658/1096/137 577/1097/137
f 657/1092/137 577/1097/137 566/1093/137
f 658/1095/443 648/1094/443 643/1065/437
f 658/1095/443 643/1065/437 641/1063/437
f 658/1096/137 641/1098/137 578/1099/137
f 658/1096/137 578/1099/137 577/1097/137
f 659/1100/137 655/1088/137 535/1101/137
f 659/1102/444 654/1084/441 655/1083/441
f 655/1088/137 565/1090/137 535/1101/137
f 521/922/137 659/1100/137 532/1103/137
f 521/921/270 660/1104/444 659/1102/444
f 659/1102/444 660/1104/444 654/1084/441
f 659/1100/137 535/1101/137 532/1103/137
f 521/921/270 520/915/270 660/1104/444
f 660/1105/176 520/1106/176 662/1107/176
f 660/1105/176 550/1108/176 654/1082/176
f 660/1105/176 661/1109/176 550/1108/176
f 660/1105/176 662/1107/176 661/1109/176
f 520/1106/176 665/1115/176 662/1107/176
f 520/1106/176 518/1118/176 665/1115/176
f 518/1118/176 667/1119/176 665/1115/176
f 518/1118/176 669/1122/176 667/1119/176
f 669/1122/176 670/1123/176 667/1119/176
f 669/1122/176 672/1126/176 670/1123/176
f 672/1126/176 673/1127/176 670/1123/176
f 672/1126/176 674/1129/176 673/1127/176
f 674/1129/176 675/1130/176 673/1127/176
f 711/1166/176 712/1167/176 710/1168/176
f 711/1166/176 710/1168/176 709/1169/176
f 712/1167/176 713/1171/176 710/1168/176
f 712/1167/176 715/1174/176 713/1171/176
f 715/1174/176 716/1175/176 713/1171/176
f 715/1174/176 718/1178/176 716/1175/176
f 718/1178/176 719/1179/176 716/1175/176
f 718/1178/176 721/1182/176 719/1179/176
f 721/1182/176 722/1183/176 719/1179/176
f 721/1182/176 724/1186/176 722/1183/176
f 724/1186/176 725/1187/176 722/1183/176
f 724/1186/176 726/1189/176 725/1187/176
f 726/1189/176 727/1190/176 725/1187/176
f 778/1247/176 776/1248/176 777/1249/176
f 778/1247/176 777/1249/176 779/1250/176
f 779/1250/176 777/1249/176 780/1252/176
f 782/1254/176 780/1252/176 781/1255/176
f 779/1250/176 780/1252/176 782/1254/176
f 783/1256/591 779/1257/592 782/1258/591
f 784/1259/593 783/1256/591 782/1258/591
f 785/1260/593 784/1259/593 782/1258/591
f 782/1254/176 781/1255/176 785/1261/176
f 786/1262/176 785/1261/176 781/1255/176
f 787/1263/238 785/1260/593 786/1264/238
f 787/1263/238 784/1259/593 785/1260/593
f 787/1265/137 789/1266/137 784/1267/137
f 788/1268/137 745/1269/137 787/1265/137
f 788/1270/594 787/1263/238 786/1264/238
f 787/1265/137 745/1269/137 789/1266/137
f 783/1272/137 784/1267/137 789/1266/137
f 783/1272/137 789/1266/137 790/1273/137
f 783/1272/137 790/1273/137 791/1276/137
f 793/1278/137 791/1276/137 792/1279/137
f 783/1272/137 791/1276/137 793/1278/137
f 793/1278/137 792/1279/137 794/1280/137
f 778/1281/140 793/1282/592 794/1283/140
f 783/1256/591 793/1282/592 779/1257/592
f 793/1282/592 778/1281/140 779/1257/592
f 794/1280/137 797/1284/137 795/1285/137
f 796/1286/595 794/1283/140 795/1287/595
f 778/1281/140 794/1283/140 796/1286/595
f 794/1280/137 792/1279/137 797/1284/137
f 795/1285/137 797/1284/137 798/1288/137
f 813/1305/176 811/1306/176 812/1307/176
f 813/1305/176 812/1307/176 796/1308/176
f 796/1308/176 812/1307/176 776/1248/176
f 814/1309/622 815/1310/623 813/1311/622
f 795/1312/595 814/1309/622 813/1311/622
f 796/1286/595 795/1287/595 813/1313/622
f 815/1314/176 811/1306/176 813/1305/176
f 815/1310/623 816/1315/623 817/1316/210
f 814/1309/622 816/1315/623 815/1310/623
f 817/1317/176 818/1318/176 815/1314/176
f 815/1314/176 818/1318/176 811/1306/176
f 817/1317/176 610/1320/176 818/1318/176
f 817/1316/210 816/1315/623 636/1051/210
f 635/1058/176 610/1320/176 817/1317/176
f 817/1316/210 636/1051/210 635/1050/435
f 816/1321/137 814/1322/137 798/1288/137
f 636/1052/137 816/1321/137 626/1323/137
f 816/1321/137 798/1288/137 626/1323/137
f 795/1285/137 798/1288/137 814/1322/137
f 796/1308/176 776/1248/176 778/1247/176
f 726/1326/594 788/1270/594 786/1264/238
f 726/1326/594 821/1327/631 788/1270/594
f 821/1328/137 744/1329/137 788/1268/137
f 788/1268/137 744/1329/137 745/1269/137
f 822/1330/137 823/1331/137 821/1328/137
f 822/1332/632 821/1327/631 724/1333/631
f 821/1327/631 726/1326/594 724/1333/631
f 821/1328/137 823/1331/137 744/1329/137
f 822/1330/137 825/1337/137 823/1331/137
f 828/1340/137 826/1341/137 825/1337/137
f 828/1340/137 825/1337/137 822/1330/137
f 828/1342/136 822/1332/632 721/1343/632
f 828/1342/136 718/1344/136 715/1345/634
f 718/1344/136 828/1342/136 721/1343/632
f 715/1345/634 829/1346/634 828/1342/136
f 829/1347/137 826/1341/137 828/1340/137
f 715/1345/634 712/1348/635 829/1346/634
f 712/1348/635 830/1349/635 829/1346/634
f 830/1350/137 831/1351/137 829/1347/137
f 829/1347/137 831/1351/137 826/1341/137
f 830/1350/137 834/1356/137 831/1351/137
f 835/1357/137 834/1356/137 830/1350/137
f 835/1357/137 836/1359/137 834/1356/137
f 837/1360/137 693/1361/137 836/1359/137
f 837/1360/137 836/1359/137 835/1357/137
f 838/1362/249 837/1363/249 835/1364/637
f 838/1362/249 674/1365/638 837/1363/249
f 674/1365/638 839/1366/638 837/1363/249
f 839/1367/137 693/1361/137 837/1360/137
f 674/1365/638 672/1368/639 839/1366/638
f 839/1366/638 672/1368/639 840/1369/639
f 840/1370/137 692/1371/137 839/1367/137
f 839/1367/137 692/1371/137 693/1361/137
f 840/1369/639 672/1368/639 519/917/271
f 840/1370/137 519/918/137 524/923/137
f 840/1370/137 841/1372/137 692/1371/137
f 840/1370/137 524/923/137 841/1372/137
f 838/1398/176 711/1166/176 709/1169/176
f 711/1399/637 838/1362/249 835/1364/637
f 674/1129/176 838/1398/176 675/1130/176
f 838/1398/176 709/1169/176 675/1130/176
f 711/1399/637 835/1364/637 830/1349/635
f 712/1348/635 711/1399/637 830/1349/635
f 822/1332/632 724/1333/631 721/1343/632
f 726/1189/176 786/1262/176 727/1190/176
f 786/1262/176 781/1255/176 727/1190/176
f 519/917/271 672/1368/639 669/1425/271
f 519/917/271 669/1425/271 518/914/149
f 654/1082/176 550/1108/176 551/1081/176
f 641/1098/137 642/1433/137 591/1434/137
f 642/1433/137 639/1435/137 589/1436/137
f 642/1433/137 589/1436/137 591/1434/137
f 641/1098/137 591/1434/137 578/1099/137
f 639/1435/137 633/1042/137 632/1044/137
f 639/1435/137 632/1044/137 589/1436/137
f 636/1052/137 626/1323/137 625/1046/137
f 635/1058/176 607/1057/176 610/1320/176
f 521/922/137 532/1103/137 525/929/137
usemtl SpacialRoverExploreralumGrayDeep
f 266/389/135 270/390/136 265/391/136
f 265/392/137 267/393/137 266/394/137
f 265/392/137 268/395/137 267/393/137
f 265/392/137 269/396/137 268/395/137
f 265/392/137 271/397/137 269/396/137
f 265/391/136 270/390/136 272/398/138
f 265/391/136 272/398/138 271/399/138
f 273/400/137 275/401/137 272/402/137
f 277/403/137 273/400/137 272/402/137
f 272/402/137 270/404/137 274/405/137
f 272/402/137 274/405/137 277/403/137
f 275/401/137 276/406/137 272/402/137
f 271/399/138 272/398/138 276/407/139
f 274/405/137 278/408/137 277/403/137
f 279/409/140 277/410/140 278/411/141
f 277/403/137 280/412/137 273/400/137
f 282/413/142 277/410/140 279/409/140
f 277/403/137 281/414/137 280/412/137
f 282/413/142 281/415/142 277/410/140
f 282/416/137 279/417/137 284/418/137
f 282/416/137 283/419/137 286/420/137
f 282/416/137 284/418/137 283/419/137
f 282/413/142 285/421/143 280/422/143
f 282/416/137 286/420/137 285/423/137
f 282/413/142 280/422/143 281/415/142
f 287/424/137 285/423/137 286/420/137
f 287/424/137 286/420/137 289/425/137
f 283/426/139 288/427/144 286/428/138
f 288/427/144 289/429/136 286/428/138
f 287/424/137 289/425/137 291/430/137
f 288/427/144 290/431/145 289/429/136
f 290/431/145 291/432/135 289/429/136
f 287/424/137 291/430/137 292/433/137
f 293/434/137 292/433/137 291/430/137
f 293/434/137 291/430/137 295/435/137
f 290/431/145 294/436/146 291/432/135
f 294/436/146 295/437/141 291/432/135
f 294/436/146 296/438/147 295/437/141
f 296/438/147 297/439/140 295/437/141
f 293/434/137 295/435/137 297/440/137
f 300/441/137 297/440/137 298/442/137
f 299/443/148 298/444/142 297/439/140
f 296/438/147 299/443/148 297/439/140
f 293/434/137 297/440/137 300/441/137
f 300/445/149 302/446/150 293/447/150
f 301/448/139 275/449/149 300/445/149
f 300/441/137 298/442/137 301/450/137
f 300/445/149 275/449/149 302/446/150
f 293/447/150 302/446/150 273/451/151
f 273/400/137 302/452/137 275/401/137
f 301/450/137 298/442/137 269/396/137
f 271/399/138 276/407/139 301/448/139
f 301/450/137 269/396/137 271/397/137
f 301/448/139 276/407/139 275/449/149
f 299/443/148 304/459/155 298/444/142
f 340/522/136 338/523/135 336/524/136
f 341/526/135 339/527/141 338/523/135
f 340/522/136 341/526/135 338/523/135
f 342/528/176 341/529/176 340/530/176
f 341/526/135 342/531/141 339/527/141
f 342/531/141 343/532/140 339/527/141
f 342/531/141 344/533/140 343/532/140
f 345/534/176 344/535/176 342/528/176
f 345/534/176 342/528/176 340/530/176
f 347/536/176 346/537/176 345/534/176
f 346/537/176 350/538/176 345/534/176
f 344/533/140 345/539/142 348/540/142
f 345/534/176 340/530/176 347/536/176
f 345/539/142 349/541/143 348/540/142
f 345/539/142 350/542/143 349/541/143
f 350/542/143 346/543/177 351/544/177
f 350/542/143 351/544/177 349/541/143
f 346/543/177 352/545/151 351/544/177
f 360/560/151 347/536/150 358/559/150
f 347/536/150 359/561/149 358/559/150
f 360/560/151 358/559/150 352/558/151
f 346/543/177 360/565/151 352/545/151
f 347/536/176 360/560/176 346/537/176
f 347/536/150 361/566/149 359/561/149
f 361/566/149 362/567/139 359/561/149
f 283/426/139 380/600/188 288/427/144
f 284/610/149 382/611/189 380/600/188
f 284/610/149 380/600/188 283/426/139
f 383/612/195 382/611/189 284/610/149
f 419/690/212 421/684/211 268/691/177
f 421/684/211 422/692/209 267/693/151
f 421/684/211 267/693/151 268/691/177
f 422/737/209 383/612/195 443/738/150
f 422/737/209 443/738/150 267/739/151
f 266/394/137 267/393/137 443/740/137
f 444/741/137 443/740/137 284/418/137
f 383/612/195 284/610/149 443/738/150
f 266/394/137 443/740/137 444/741/137
f 444/742/141 274/743/135 266/744/135
f 279/409/140 278/411/141 444/742/141
f 444/741/137 284/418/137 279/417/137
f 444/742/141 278/411/141 274/743/135
f 298/444/142 304/459/155 419/690/212
f 298/444/142 419/690/212 269/785/143
f 419/690/212 268/691/177 269/785/143
f 361/566/149 514/903/139 362/567/139
f 362/567/139 514/903/139 515/904/138
f 362/567/139 515/904/138 337/905/138
f 340/530/176 515/906/176 514/907/176
f 515/904/138 336/524/136 337/905/138
f 515/904/138 340/522/136 336/524/136
f 340/530/176 514/907/176 347/536/176
f 514/907/176 361/908/176 347/536/176
f 344/533/140 348/540/142 343/532/140
f 293/447/150 273/451/151 292/909/151
f 292/909/151 516/910/177 287/911/177
f 292/909/151 273/451/151 516/910/177
f 287/911/177 516/910/177 280/422/143
f 280/412/137 516/912/137 273/400/137
f 287/911/177 280/422/143 285/421/143
f 266/389/135 274/913/135 270/390/136
usemtl SpacialRoverExplorerwheels
f 522/924/137 526/925/272 523/926/273
f 522/924/137 523/926/273 524/927/137
f 525/928/137 526/925/272 522/924/137
f 525/928/137 531/930/272 526/925/272
f 527/931/274 523/926/275 526/925/275
f 527/931/274 526/925/275 528/932/276
f 528/932/277 526/925/278 529/933/279
f 526/925/272 530/934/280 529/933/280
f 526/925/272 531/930/272 530/934/280
f 532/935/137 534/936/281 531/930/272
f 532/935/137 531/930/272 525/928/137
f 533/937/282 531/930/283 534/936/283
f 533/937/284 530/934/285 531/930/286
f 535/938/137 537/939/281 534/936/281
f 535/938/137 534/936/281 532/935/137
f 533/937/282 534/936/283 536/940/287
f 536/940/288 534/936/289 538/941/290
f 537/939/281 538/941/291 534/936/281
f 537/939/281 539/942/292 538/941/291
f 538/941/293 539/942/293 541/943/294
f 536/940/288 538/941/290 540/944/288
f 538/941/293 541/943/294 540/944/294
f 542/945/295 541/943/295 539/942/296
f 542/945/295 543/946/297 541/943/295
f 540/944/294 541/943/294 543/946/298
f 542/945/295 546/947/297 543/946/297
f 545/948/298 543/946/298 544/949/299
f 546/947/297 544/949/300 543/946/297
f 540/944/294 543/946/298 545/948/298
f 546/947/301 547/950/302 549/951/303
f 542/945/304 547/950/302 546/947/301
f 546/947/297 548/952/305 544/949/300
f 546/947/301 549/951/303 548/952/303
f 550/953/176 548/952/306 549/951/307
f 550/953/176 549/951/307 551/954/176
f 551/955/176 549/956/307 553/957/307
f 547/958/308 552/959/309 549/956/310
f 549/956/307 552/959/311 554/960/311
f 549/956/307 554/960/311 553/957/307
f 555/961/312 553/957/313 554/960/314
f 555/961/312 554/960/314 556/962/315
f 557/963/316 554/960/317 552/959/317
f 557/963/316 556/962/318 554/960/317
f 547/958/308 557/963/319 552/959/309
f 558/964/320 557/963/319 547/958/308
f 558/964/320 559/965/321 557/963/319
f 559/965/322 556/962/318 557/963/316
f 560/966/323 561/967/324 559/965/322
f 558/964/320 560/966/325 559/965/321
f 559/965/322 561/967/324 556/962/318
f 560/966/323 563/968/323 561/967/324
f 562/969/326 561/967/327 563/968/328
f 562/969/326 556/962/315 561/967/327
f 564/970/329 563/968/330 560/966/330
f 562/969/326 563/968/328 564/970/331
f 565/971/137 566/972/137 564/970/329
f 565/971/137 564/970/329 569/973/329
f 566/972/137 567/974/332 564/970/329
f 564/970/333 567/974/333 568/975/334
f 564/970/333 568/975/334 562/969/335
f 564/970/329 560/966/330 569/973/329
f 537/939/336 569/976/336 558/977/337
f 565/978/137 569/976/329 537/939/281
f 558/964/320 569/973/338 560/966/325
f 568/975/339 567/974/340 573/979/341
f 562/969/335 568/975/334 570/980/342
f 568/975/339 571/981/343 570/980/344
f 568/975/339 572/982/339 571/981/343
f 568/975/339 573/979/341 572/982/339
f 576/983/345 573/979/346 567/974/332
f 576/983/345 574/984/346 573/979/346
f 573/979/347 574/984/347 575/985/348
f 573/979/347 575/985/348 572/982/349
f 577/986/137 576/983/345 567/974/332
f 577/986/137 578/987/137 576/983/345
f 578/987/137 579/988/350 576/983/345
f 576/983/351 579/988/351 581/989/352
f 580/990/353 574/984/354 576/983/355
f 576/983/351 581/989/352 580/990/356
f 580/990/356 581/989/352 582/991/357
f 581/989/358 583/992/359 582/991/360
f 581/989/358 584/993/358 583/992/359
f 581/989/358 585/994/361 584/993/358
f 581/989/358 579/988/362 585/994/361
f 588/995/363 585/994/364 579/988/350
f 588/995/363 586/996/364 585/994/364
f 585/994/365 586/996/365 587/997/366
f 585/994/365 587/997/366 584/993/367
f 591/998/137 588/995/363 579/988/350
f 591/998/137 589/999/137 588/995/363
f 589/999/137 590/1000/368 588/995/363
f 588/995/369 590/1000/369 593/1001/370
f 592/1002/371 586/996/372 588/995/373
f 588/995/369 593/1001/370 592/1002/374
f 592/1002/374 593/1001/370 594/1003/375
f 593/1001/376 597/1004/377 594/1003/378
f 593/1001/376 590/1000/379 596/1005/380
f 593/1001/376 595/1006/381 597/1004/377
f 593/1001/376 596/1005/380 595/1006/381
f 597/1004/382 599/1007/383 598/1008/384
f 597/1004/382 598/1008/384 600/1009/384
f 594/1003/378 597/1004/377 600/1009/385
f 595/1006/386 599/1007/383 597/1004/382
f 594/1003/378 600/1009/385 601/1010/387
f 601/1010/388 600/1009/389 598/1008/389
f 603/1011/176 602/1012/390 601/1010/388
f 605/1013/391 601/1010/392 602/1012/392
f 603/1011/176 601/1010/388 604/1014/176
f 604/1014/176 601/1010/388 606/1015/393
f 605/1013/391 594/1003/375 601/1010/392
f 601/1010/388 598/1008/389 606/1015/393
f 604/1014/176 606/1015/393 607/1016/176
f 607/1016/176 606/1015/393 609/1017/394
f 608/1018/395 606/1015/396 598/1008/397
f 608/1018/398 609/1017/399 606/1015/399
f 607/1016/176 609/1017/394 610/1019/176
f 610/1019/176 609/1017/394 611/1020/394
f 608/1018/398 613/1021/400 609/1017/399
f 609/1017/394 612/1022/401 611/1020/394
f 609/1017/394 614/1023/401 612/1022/401
f 613/1021/402 614/1023/403 609/1017/404
f 613/1021/402 615/1024/405 614/1023/403
f 615/1024/406 612/1022/407 614/1023/407
f 616/1025/408 615/1024/405 613/1021/402
f 616/1025/408 617/1026/409 615/1024/405
f 617/1026/410 618/1027/411 615/1024/406
f 615/1024/406 618/1027/411 612/1022/407
f 620/1028/412 619/1029/413 618/1027/414
f 619/1029/413 612/1022/415 618/1027/414
f 617/1026/410 621/1030/416 618/1027/411
f 620/1028/412 618/1027/414 621/1030/417
f 622/1031/418 623/1032/418 621/1030/416
f 622/1031/418 621/1030/416 617/1026/410
f 620/1028/412 621/1030/417 623/1032/419
f 624/1033/420 623/1032/421 622/1031/422
f 620/1028/412 623/1032/419 624/1033/423
f 625/1034/137 626/1035/137 624/1033/420
f 625/1034/137 624/1033/420 629/1036/424
f 626/1035/137 627/1037/425 624/1033/420
f 624/1033/426 627/1037/426 628/1038/427
f 624/1033/426 628/1038/427 620/1028/428
f 624/1033/420 622/1031/422 629/1036/424
f 630/1039/429 629/1036/429 616/1025/430
f 631/1040/137 629/1036/424 630/1039/431
f 631/1040/137 625/1034/137 629/1036/424
f 616/1025/408 629/1036/432 622/1031/433
f 632/1041/137 631/1040/137 630/1039/431
f 644/1068/176 645/1069/438 602/1012/390
f 646/1070/176 645/1069/438 644/1068/176
f 644/1068/176 602/1012/390 603/1011/176
f 646/1070/176 647/1072/439 645/1069/438
f 649/1073/176 647/1072/439 646/1070/176
f 649/1073/176 650/1076/440 647/1072/439
f 652/1077/176 650/1076/440 649/1073/176
f 652/1077/176 553/957/307 650/1076/440
f 551/955/176 553/957/307 652/1077/176
f 661/1110/176 662/1111/176 663/1112/445
f 662/1111/176 664/1113/445 663/1112/445
f 662/1111/176 665/1114/176 664/1113/445
f 665/1114/176 667/1116/176 666/1117/446
f 665/1114/176 666/1117/446 664/1113/445
f 667/1116/176 670/1120/176 668/1121/447
f 667/1116/176 668/1121/447 666/1117/446
f 670/1120/176 673/1124/176 671/1125/448
f 670/1120/176 671/1125/448 668/1121/447
f 673/1124/176 676/1128/449 671/1125/448
f 673/1124/176 675/1131/176 676/1128/449
f 677/1132/450 678/1133/451 676/1128/450
f 675/1131/176 677/1132/452 676/1128/449
f 671/1125/448 676/1128/449 679/1134/453
f 678/1133/454 679/1134/455 676/1128/456
f 671/1125/448 679/1134/453 680/1135/453
f 679/1134/457 681/1136/458 680/1135/457
f 679/1134/457 682/1137/459 681/1136/458
f 678/1133/454 682/1137/460 679/1134/455
f 683/1138/461 685/1139/462 682/1137/460
f 683/1138/461 682/1137/460 678/1133/454
f 682/1137/459 684/1140/463 681/1136/458
f 682/1137/459 685/1139/464 684/1140/463
f 683/1138/461 686/1141/465 685/1139/462
f 685/1139/464 686/1141/466 687/1142/466
f 685/1139/464 687/1142/466 684/1140/463
f 690/1143/467 688/1144/468 687/1142/469
f 689/1145/470 687/1142/471 688/1144/472
f 689/1145/470 684/1140/473 687/1142/471
f 690/1143/467 687/1142/469 686/1141/469
f 694/1146/474 691/1147/475 690/1143/475
f 693/1148/137 690/1143/467 691/1147/476
f 692/1149/137 688/1144/468 690/1143/467
f 692/1149/137 690/1143/467 693/1148/137
f 694/1146/474 690/1143/475 683/1138/477
f 683/1138/461 690/1143/478 686/1141/465
f 695/1150/479 694/1146/474 683/1138/477
f 694/1146/480 695/1150/481 697/1151/482
f 694/1146/480 696/1152/480 698/1153/483
f 694/1146/480 697/1151/482 696/1152/480
f 694/1146/480 698/1153/483 691/1147/484
f 699/1154/485 691/1147/476 698/1153/486
f 699/1154/485 698/1153/486 700/1155/486
f 701/1156/487 700/1155/488 698/1153/488
f 701/1156/487 698/1153/488 696/1152/489
f 702/1157/490 701/1156/491 703/1158/492
f 702/1157/490 700/1155/493 701/1156/491
f 703/1158/494 701/1156/487 696/1152/489
f 703/1158/494 696/1152/489 697/1151/495
f 704/1159/496 703/1158/492 705/1160/497
f 702/1157/490 703/1158/492 704/1159/496
f 705/1160/498 703/1158/494 697/1151/495
f 704/1159/496 705/1160/497 706/1161/499
f 677/1132/452 706/1161/500 705/1160/501
f 677/1132/452 705/1160/501 707/1162/501
f 705/1160/498 697/1151/495 707/1162/502
f 695/1150/481 707/1162/503 697/1151/482
f 695/1150/481 677/1132/504 707/1162/503
f 708/1163/505 704/1159/506 706/1161/505
f 710/1164/176 708/1163/507 706/1161/500
f 709/1165/176 710/1164/176 706/1161/500
f 709/1165/176 706/1161/500 677/1132/452
f 710/1164/176 713/1170/176 708/1163/507
f 713/1170/176 716/1172/176 714/1173/507
f 713/1170/176 714/1173/507 708/1163/507
f 716/1172/176 719/1176/176 717/1177/508
f 716/1172/176 717/1177/508 714/1173/507
f 719/1176/176 722/1180/176 720/1181/508
f 719/1176/176 720/1181/508 717/1177/508
f 722/1180/176 725/1184/176 723/1185/509
f 722/1180/176 723/1185/509 720/1181/508
f 725/1184/176 728/1188/510 723/1185/509
f 725/1184/176 727/1191/176 728/1188/510
f 729/1192/511 730/1193/512 728/1194/511
f 727/1195/176 729/1192/513 728/1194/510
f 723/1185/509 728/1188/510 731/1196/514
f 730/1197/515 731/1196/516 728/1188/517
f 723/1185/509 731/1196/514 732/1198/514
f 730/1197/515 734/1199/518 731/1196/516
f 731/1196/519 733/1200/520 732/1198/519
f 731/1196/519 734/1199/521 733/1200/520
f 735/1201/522 734/1199/518 730/1197/515
f 735/1201/522 736/1202/523 734/1199/518
f 734/1199/521 737/1203/524 733/1200/520
f 734/1199/521 736/1202/525 737/1203/524
f 736/1202/525 739/1204/526 737/1203/524
f 738/1205/527 737/1203/528 739/1204/529
f 738/1205/527 733/1200/530 737/1203/528
f 741/1206/531 740/1207/531 739/1204/532
f 738/1205/527 739/1204/529 740/1207/533
f 741/1206/531 739/1204/532 742/1208/532
f 736/1202/525 742/1208/526 739/1204/526
f 735/1201/522 742/1208/534 736/1202/523
f 735/1201/522 741/1206/535 742/1208/534
f 746/1209/536 743/1210/537 741/1211/537
f 745/1212/137 741/1211/531 743/1210/538
f 744/1213/137 740/1207/531 741/1206/531
f 744/1213/137 741/1206/531 745/1214/137
f 746/1209/536 741/1211/537 735/1215/539
f 746/1209/540 747/1216/540 749/1217/541
f 746/1209/540 748/1218/542 747/1216/540
f 746/1209/540 750/1219/542 748/1218/542
f 746/1209/540 749/1217/541 743/1210/543
f 750/1219/544 746/1209/536 735/1215/539
f 729/1192/511 750/1219/544 730/1193/512
f 750/1219/544 735/1215/539 730/1193/512
f 750/1219/542 729/1192/545 751/1220/545
f 750/1219/542 751/1220/545 748/1218/542
f 753/1221/546 748/1218/547 751/1220/546
f 752/1222/513 753/1221/548 751/1220/549
f 752/1222/513 751/1220/549 729/1192/513
f 754/1223/550 755/1224/550 753/1221/551
f 754/1223/550 753/1221/551 752/1222/551
f 753/1221/546 755/1224/547 748/1218/547
f 757/1225/552 755/1224/550 754/1223/550
f 757/1225/552 756/1226/553 755/1224/550
f 756/1226/554 748/1218/547 755/1224/547
f 758/1227/555 759/1228/555 757/1225/556
f 758/1227/555 757/1225/556 760/1229/557
f 760/1229/557 757/1225/556 754/1223/558
f 757/1225/552 759/1228/559 761/1230/559
f 757/1225/552 761/1230/559 756/1226/553
f 759/1228/538 749/1217/560 761/1230/560
f 756/1226/554 761/1230/561 749/1217/561
f 760/1229/562 762/1231/563 764/1232/564
f 760/1229/557 754/1223/558 762/1231/565
f 760/1229/562 765/1233/566 758/1227/567
f 760/1229/562 763/1234/568 765/1233/566
f 760/1229/562 764/1232/564 763/1234/568
f 766/1235/569 765/1233/569 763/1234/570
f 758/1227/571 765/1233/572 766/1235/572
f 767/1236/573 768/1237/574 766/1235/575
f 767/1236/573 766/1235/575 769/1238/576
f 758/1227/571 766/1235/572 768/1237/577
f 766/1235/569 763/1234/570 769/1238/578
f 769/1238/578 763/1234/570 764/1232/579
f 767/1236/573 769/1238/576 770/1239/580
f 769/1238/578 764/1232/579 770/1239/581
f 770/1239/581 764/1232/579 773/1240/582
f 772/1241/583 770/1239/580 771/1242/584
f 770/1239/581 773/1240/582 771/1242/582
f 767/1236/573 770/1239/580 772/1241/583
f 774/1243/585 771/1242/586 773/1240/586
f 762/1231/563 773/1240/587 764/1232/564
f 774/1243/585 773/1240/586 775/1244/588
f 762/1231/563 775/1244/589 773/1240/587
f 776/1245/176 774/1243/585 775/1244/588
f 776/1245/176 775/1244/588 777/1246/176
f 777/1246/176 775/1244/588 752/1222/513
f 762/1231/565 752/1222/590 775/1244/590
f 777/1246/176 752/1222/513 780/1251/176
f 780/1251/176 729/1192/513 781/1253/176
f 780/1251/176 752/1222/513 729/1192/513
f 745/1212/137 743/1210/538 789/1271/137
f 789/1271/137 743/1210/538 759/1228/538
f 789/1271/137 759/1228/538 790/1274/137
f 790/1274/137 758/1227/571 791/1275/137
f 790/1274/137 759/1228/538 758/1227/571
f 791/1275/137 768/1237/577 792/1277/137
f 791/1275/137 758/1227/571 768/1237/577
f 798/1289/137 797/1290/137 799/1291/425
f 792/1277/137 799/1291/425 797/1290/137
f 799/1291/425 802/1292/596 627/1037/425
f 798/1289/137 799/1291/425 627/1037/425
f 792/1277/137 768/1237/577 799/1291/425
f 800/1293/597 801/1294/598 799/1291/599
f 799/1291/600 767/1236/601 800/1293/602
f 799/1291/600 768/1237/600 767/1236/601
f 799/1291/425 801/1294/596 802/1292/596
f 628/1038/603 627/1037/604 802/1292/605
f 802/1292/606 801/1294/606 804/1295/607
f 628/1038/603 802/1292/605 803/1296/603
f 802/1292/606 804/1295/607 803/1296/608
f 800/1293/597 804/1295/597 801/1294/598
f 800/1293/597 805/1297/609 804/1295/597
f 803/1296/608 804/1295/607 805/1297/610
f 800/1293/597 808/1298/611 805/1297/609
f 803/1296/608 805/1297/610 806/1299/612
f 806/1299/612 805/1297/610 807/1300/613
f 808/1298/611 807/1300/614 805/1297/609
f 808/1298/615 772/1241/616 774/1243/617
f 800/1293/602 772/1241/616 808/1298/615
f 808/1298/611 809/1301/618 807/1300/614
f 808/1298/615 774/1243/617 809/1301/617
f 811/1302/176 810/1303/619 809/1301/620
f 810/1303/619 807/1300/621 809/1301/620
f 811/1302/176 809/1301/620 812/1304/176
f 812/1304/176 809/1301/620 774/1243/585
f 812/1304/176 774/1243/585 776/1245/176
f 818/1319/176 611/1020/394 810/1303/619
f 610/1019/176 611/1020/394 818/1319/176
f 818/1319/176 810/1303/619 811/1302/176
f 619/1029/624 810/1303/625 611/1020/625
f 619/1029/624 819/1324/626 810/1303/625
f 810/1303/619 820/1325/621 807/1300/621
f 819/1324/627 820/1325/628 810/1303/629
f 819/1324/627 806/1299/630 820/1325/628
f 806/1299/612 807/1300/613 820/1325/613
f 620/1028/428 628/1038/427 819/1324/626
f 620/1028/428 819/1324/626 619/1029/624
f 628/1038/603 806/1299/630 819/1324/627
f 628/1038/603 803/1296/603 806/1299/630
f 800/1293/602 767/1236/601 772/1241/616
f 626/1035/137 798/1289/137 627/1037/425
f 823/1334/137 824/1335/633 740/1207/531
f 823/1334/137 740/1207/531 744/1213/137
f 825/1336/137 824/1335/633 823/1334/137
f 826/1338/137 827/1339/633 825/1336/137
f 825/1336/137 827/1339/633 824/1335/633
f 831/1352/137 832/1353/636 826/1338/137
f 831/1352/137 833/1354/636 832/1353/636
f 834/1355/137 833/1354/636 831/1352/137
f 834/1355/137 699/1154/485 833/1354/636
f 836/1358/137 699/1154/485 834/1355/137
f 693/1148/137 691/1147/476 836/1358/137
f 836/1358/137 691/1147/476 699/1154/485
f 841/1373/137 688/1144/468 692/1149/137
f 841/1373/137 842/1374/640 688/1144/468
f 524/927/137 842/1374/640 841/1373/137
f 689/1145/641 688/1144/642 842/1374/642
f 524/927/137 523/926/273 842/1374/640
f 689/1145/641 842/1374/642 843/1375/643
f 843/1375/644 842/1374/645 844/1376/646
f 842/1374/640 845/1377/647 844/1376/647
f 842/1374/640 523/926/273 845/1377/647
f 846/1378/648 844/1376/649 845/1377/649
f 846/1378/648 845/1377/649 847/1379/650
f 527/931/651 847/1379/651 845/1377/652
f 527/931/651 845/1377/652 523/926/653
f 848/1380/654 846/1378/648 847/1379/650
f 848/1380/654 847/1379/650 849/1381/655
f 527/931/651 849/1381/656 847/1379/651
f 527/931/651 850/1382/657 849/1381/656
f 850/1382/657 852/1383/658 849/1381/656
f 851/1384/659 848/1380/654 849/1381/655
f 851/1384/659 849/1381/655 852/1383/659
f 850/1382/657 666/1117/660 852/1383/658
f 666/1117/446 851/1384/661 852/1383/661
f 666/1117/446 668/1121/447 851/1384/661
f 853/1385/662 851/1384/663 668/1121/664
f 853/1385/662 848/1380/665 851/1384/663
f 671/1125/666 854/1386/667 853/1385/668
f 671/1125/666 853/1385/668 668/1121/666
f 854/1386/667 843/1375/643 853/1385/668
f 843/1375/644 848/1380/665 853/1385/662
f 854/1386/669 671/1125/670 680/1135/671
f 689/1145/470 854/1386/669 681/1136/672
f 854/1386/669 680/1135/671 681/1136/672
f 854/1386/667 689/1145/641 843/1375/643
f 666/1117/673 850/1382/674 855/1387/675
f 850/1382/674 528/932/276 855/1387/675
f 850/1382/674 527/931/274 528/932/276
f 666/1117/673 855/1387/675 664/1113/673
f 528/932/277 857/1388/676 855/1387/677
f 855/1387/677 857/1388/676 856/1389/678
f 855/1387/677 856/1389/678 664/1113/679
f 856/1389/680 857/1388/681 858/1390/682
f 857/1388/681 860/1391/683 858/1390/682
f 528/932/277 859/1392/277 857/1388/676
f 857/1388/681 859/1392/684 860/1391/683
f 859/1392/684 530/934/685 860/1391/683
f 533/937/284 858/1390/686 860/1391/687
f 533/937/284 860/1391/687 530/934/285
f 859/1392/684 529/933/685 530/934/685
f 528/932/277 529/933/279 859/1392/277
f 856/1389/680 858/1390/682 861/1393/680
f 862/1394/686 861/1393/688 858/1390/686
f 533/937/284 862/1394/686 858/1390/686
f 862/1394/686 663/1112/689 861/1393/688
f 663/1112/690 862/1394/691 863/1395/692
f 862/1394/691 536/940/287 863/1395/692
f 862/1394/691 533/937/282 536/940/287
f 663/1112/690 863/1395/692 864/1396/690
f 536/940/288 545/948/693 863/1395/694
f 863/1395/694 545/948/693 865/1397/695
f 863/1395/694 865/1397/695 864/1396/696
f 548/952/306 864/1396/697 865/1397/698
f 548/952/306 865/1397/698 544/949/699
f 545/948/298 544/949/299 865/1397/299
f 661/1110/176 663/1112/445 864/1396/697
f 550/953/176 661/1110/176 864/1396/697
f 550/953/176 864/1396/697 548/952/306
f 663/1112/445 856/1389/700 861/1393/701
f 663/1112/445 664/1113/445 856/1389/700
f 843/1375/644 846/1378/702 848/1380/665
f 843/1375/644 844/1376/646 846/1378/702
f 832/1353/636 833/1354/636 867/1400/703
f 866/1401/704 833/1354/705 699/1154/705
f 866/1401/706 867/1400/707 833/1354/708
f 866/1401/706 870/1402/706 867/1400/707
f 832/1353/636 867/1400/703 868/1403/703
f 869/1404/709 868/1403/710 867/1400/710
f 869/1404/709 867/1400/710 870/1402/711
f 866/1401/706 871/1405/712 870/1402/706
f 872/1406/713 870/1402/711 871/1405/714
f 872/1406/713 869/1404/709 870/1402/711
f 874/1407/715 872/1406/716 873/1408/717
f 873/1408/718 872/1406/713 871/1405/714
f 875/1409/719 869/1404/719 872/1406/716
f 875/1409/719 872/1406/716 874/1407/715
f 875/1409/719 832/1353/720 868/1403/721
f 876/1410/722 832/1353/723 875/1409/724
f 877/1411/725 875/1409/724 874/1407/726
f 877/1411/725 876/1410/722 875/1409/724
f 875/1409/719 868/1403/721 869/1404/719
f 877/1411/727 717/1177/728 879/1412/729
f 717/1177/730 877/1411/725 874/1407/726
f 876/1410/731 877/1411/727 878/1413/732
f 877/1411/727 879/1412/729 878/1413/732
f 717/1177/508 880/1414/733 879/1412/733
f 880/1414/734 878/1413/735 879/1412/734
f 717/1177/508 720/1181/508 880/1414/733
f 882/1415/736 880/1414/737 720/1181/738
f 880/1414/734 881/1416/739 878/1413/735
f 882/1415/736 881/1416/740 880/1414/737
f 723/1185/741 883/1417/742 882/1415/743
f 723/1185/741 882/1415/743 720/1181/741
f 883/1417/742 884/1418/744 882/1415/743
f 884/1418/745 881/1416/740 882/1415/736
f 884/1418/745 824/1335/746 886/1419/747
f 738/1205/748 824/1335/749 884/1418/744
f 883/1417/742 738/1205/748 884/1418/744
f 884/1418/745 885/1420/750 881/1416/740
f 884/1418/745 886/1419/747 885/1420/750
f 824/1335/633 887/1421/751 886/1419/751
f 885/1420/752 886/1419/753 887/1421/753
f 876/1410/731 888/1422/754 887/1421/755
f 876/1410/731 887/1421/755 827/1339/756
f 824/1335/633 827/1339/633 887/1421/751
f 885/1420/752 887/1421/753 888/1422/757
f 876/1410/731 878/1413/732 888/1422/754
f 881/1416/739 885/1420/752 888/1422/757
f 881/1416/739 888/1422/757 878/1413/735
f 883/1417/758 723/1185/759 732/1198/760
f 738/1205/527 883/1417/758 733/1200/530
f 883/1417/758 732/1198/760 733/1200/530
f 876/1410/722 827/1339/723 832/1353/723
f 717/1177/730 874/1407/726 714/1173/730
f 874/1407/715 873/1408/717 714/1173/761
f 873/1408/718 871/1405/714 889/1423/718
f 708/1163/507 873/1408/762 889/1423/762
f 708/1163/507 714/1173/507 873/1408/762
f 890/1424/763 889/1423/764 871/1405/712
f 890/1424/763 708/1163/765 889/1423/764
f 708/1163/505 890/1424/766 704/1159/506
f 866/1401/706 890/1424/763 871/1405/712
f 890/1424/766 702/1157/767 704/1159/506
f 890/1424/766 866/1401/704 702/1157/767
f 866/1401/704 699/1154/705 702/1157/767
f 826/1338/137 832/1353/636 827/1339/633
f 738/1205/748 740/1207/749 824/1335/749
f 727/1195/176 781/1253/176 729/1192/513
f 772/1241/583 771/1242/584 774/1243/768
f 762/1231/565 754/1223/558 752/1222/590
f 759/1228/538 743/1210/538 749/1217/560
f 756/1226/554 749/1217/561 747/1216/554
f 756/1226/554 747/1216/554 748/1218/547
f 675/1131/176 709/1165/176 677/1132/452
f 702/1157/490 699/1154/769 700/1155/493
f 695/1150/479 683/1138/477 678/1133/451
f 677/1132/450 695/1150/479 678/1133/451
f 689/1145/470 681/1136/672 684/1140/473
f 555/961/770 650/1076/771 553/957/771
f 555/961/770 570/980/342 650/1076/771
f 570/980/344 891/1426/772 650/1076/773
f 650/1076/440 891/1426/774 892/1427/774
f 650/1076/440 892/1427/774 647/1072/439
f 894/1428/775 647/1072/776 892/1427/777
f 571/981/778 892/1427/779 891/1426/779
f 571/981/778 893/1429/780 892/1427/779
f 894/1428/775 892/1427/777 893/1429/781
f 894/1428/782 582/991/357 645/1069/783
f 580/990/356 582/991/357 894/1428/782
f 894/1428/782 645/1069/783 647/1072/783
f 580/990/353 894/1428/775 893/1429/781
f 580/990/353 893/1429/781 575/985/784
f 572/982/349 575/985/348 893/1429/780
f 572/982/349 893/1429/780 571/981/778
f 570/980/344 571/981/343 891/1426/772
f 582/991/360 895/1430/785 645/1069/786
f 645/1069/438 895/1430/787 896/1431/787
f 645/1069/438 896/1431/787 602/1012/390
f 583/992/788 896/1431/789 895/1430/789
f 583/992/788 897/1432/790 896/1431/789
f 605/1013/791 896/1431/792 897/1432/793
f 605/1013/791 602/1012/794 896/1431/792
f 584/993/367 587/997/366 897/1432/790
f 584/993/367 897/1432/790 583/992/788
f 592/1002/371 897/1432/793 587/997/795
f 592/1002/371 605/1013/791 897/1432/793
f 582/991/360 583/992/359 895/1430/785
f 589/999/137 632/1041/137 590/1000/368
f 632/1041/137 630/1039/431 590/1000/368
f 630/1039/431 596/1005/796 590/1000/368
f 898/1437/797 899/1438/798 630/1039/799
f 630/1039/429 616/1025/430 898/1437/800
f 630/1039/431 899/1438/796 596/1005/796
f 898/1437/797 900/1439/801 899/1438/798
f 596/1005/802 899/1438/802 900/1439/803
f 898/1437/797 599/1007/804 900/1439/801
f 596/1005/802 900/1439/803 595/1006/386
f 595/1006/386 900/1439/803 599/1007/383
f 898/1437/797 608/1018/395 599/1007/804
f 898/1437/800 616/1025/430 613/1021/400
f 898/1437/800 613/1021/400 608/1018/398
f 616/1025/408 622/1031/433 617/1026/409
f 619/1029/413 611/1020/805 612/1022/415
f 608/1018/395 598/1008/397 599/1007/804
f 592/1002/374 594/1003/375 605/1013/391
f 592/1002/371 587/997/795 586/996/372
f 578/987/137 591/998/137 579/988/350
f 580/990/353 575/985/784 574/984/354
f 566/972/137 577/986/137 567/974/332
f 562/969/335 570/980/342 555/961/770
f 565/978/137 537/939/281 535/938/137
f 562/969/326 555/961/312 556/962/315
f 542/945/304 558/977/337 547/950/302
f 537/939/336 558/977/337 542/945/304
f 536/940/288 540/944/288 545/948/693
f 542/945/295 539/942/296 537/939/296
